dataset,mw_band,control_type,repetition,first_ligands,second_ligands,first_chemical_groups,second_chemical_groups,chemical_group_overlap,first_median_molecular_weight,second_median_molecular_weight,absolute_median_mw_difference,mw_ks_statistic,transformation,geometry_spearman,geometry_dissimilarity,sign_flip_fraction,top_positive_10pct_pair_jaccard,first_pr,second_pr,first_mean_absolute_correlation,second_mean_absolute_correlation
Docking-44,full_support,mw_matched_chemical_group_disjoint,0,6326,6325,4108,4042,0,281.43200000000002,282.81499999999994,1.3829999999999245,0.0099629485691150599,raw,0.99560208624819024,0.0043979137518097566,0.0021141649048625794,0.79245283018867929,1.84640052278301,1.8202053268700433,0.69079401616949299,0.69848222508692726
Docking-44,full_support,mw_matched_chemical_group_disjoint,0,6326,6325,4108,4042,0,281.43200000000002,282.81499999999994,1.3829999999999245,0.0099629485691150599,row_centered_residual,0.99071340813439479,0.0092865918656052093,0.03699788583509514,0.86274509803921573,8.8155832871493516,9.7682593525351287,0.25555830593833129,0.23668415383158464
Docking-44,full_support,mw_matched_chemical_group_disjoint,1,6332,6319,4064,4086,0,282.70349999999996,282.29900000000004,0.4044999999999277,0.009538485392898477,raw,0.99493171655937795,0.0050682834406220456,0.0031712473572938688,0.71171171171171166,1.8393503423328506,1.8282127550041247,0.69278002820837958,0.69620739934638498
Docking-44,full_support,mw_matched_chemical_group_disjoint,1,6332,6319,4064,4086,0,282.70349999999996,282.29900000000004,0.4044999999999277,0.009538485392898477,row_centered_residual,0.99156623222829821,0.0084337677717017945,0.039112050739957716,0.88118811881188119,9.4296590097050892,9.1108813087953084,0.24387802672186332,0.2486397375990918
Docking-44,full_support,mw_matched_chemical_group_disjoint,2,6332,6319,4128,4022,0,282.77099999999996,282.33600000000001,0.43499999999994543,0.010606867335594239,raw,0.99472513712340815,0.0052748628765918459,0.0021141649048625794,0.7592592592592593,1.8247755821444893,1.8423844789884785,0.69528631489810822,0.69382543882439518
Docking-44,full_support,mw_matched_chemical_group_disjoint,2,6332,6319,4128,4022,0,282.77099999999996,282.33600000000001,0.43499999999994543,0.010606867335594239,row_centered_residual,0.99213950646381066,0.0078604935361893391,0.03382663847780127,0.84466019417475724,8.9293483616062073,9.6298878801554952,0.25228495290107789,0.24013575403666182
Docking-44,full_support,mw_matched_chemical_group_disjoint,3,6320,6331,4024,4126,0,282.77100000000007,282.29899999999998,0.47200000000009368,0.015730137419049162,raw,0.99230757373239131,0.0076924262676086874,0.0021141649048625794,0.68141592920353977,1.8195897882846384,1.8468127935780412,0.69556022959563057,0.69364354148568796
Docking-44,full_support,mw_matched_chemical_group_disjoint,3,6320,6331,4024,4126,0,282.77100000000007,282.29899999999998,0.47200000000009368,0.015730137419049162,row_centered_residual,0.98759355403838578,0.012406445961614221,0.042283298097251586,0.7592592592592593,8.8567520919288718,9.6421710035997066,0.25290845125744549,0.24075616058990684
Docking-44,full_support,mw_matched_chemical_group_disjoint,4,6317,6334,4162,3988,0,282.43200000000002,282.42999999999995,0.0020000000000663931,0.011601404962796269,raw,0.99465853105989632,0.0053414689401036775,0.0021141649048625794,0.74311926605504586,1.8367369178148594,1.8290930471140177,0.69221373020618826,0.69709886724221859
Docking-44,full_support,mw_matched_chemical_group_disjoint,4,6317,6334,4162,3988,0,282.43200000000002,282.42999999999995,0.0020000000000663931,0.011601404962796269,row_centered_residual,0.98916400566654727,0.010835994333452725,0.043340380549682873,0.88118811881188119,9.3446405207355561,9.1975138617788215,0.24303790342718057,0.24919103510554033
Docking-44,full_support,mw_matched_chemical_group_disjoint,5,6318,6333,4032,4118,0,282.77100000000007,281.827,0.94400000000007367,0.014687682617573583,raw,0.99543957539095185,0.0045604246090481526,0.0021141649048625794,0.74311926605504586,1.8314124078929654,1.8357418427489987,0.69381935016779928,0.69521564510837364
Docking-44,full_support,mw_matched_chemical_group_disjoint,5,6318,6333,4032,4118,0,282.77100000000007,281.827,0.94400000000007367,0.014687682617573583,row_centered_residual,0.98912584786212632,0.010874152137873683,0.035940803382663845,0.80952380952380953,9.4705176466150434,9.0731257184386394,0.23986466608668186,0.25235248134228749
Docking-44,full_support,mw_matched_chemical_group_disjoint,6,6325,6326,4060,4090,0,282.774,281.87900000000002,0.89499999999998181,0.011865880068329671,raw,0.99369958234426192,0.0063004176557380775,0.0010570824524312897,0.82692307692307687,1.84114667760208,1.825657496010852,0.69427297477887417,0.69483332373319295
Docking-44,full_support,mw_matched_chemical_group_disjoint,6,6325,6326,4060,4090,0,282.774,281.87900000000002,0.89499999999998181,0.011865880068329671,row_centered_residual,0.98922064704339197,0.010779352956608035,0.046511627906976744,0.84466019417475724,9.2012692045575761,9.3374769735455754,0.24887433934766923,0.24394484049862897
Docking-44,full_support,mw_matched_chemical_group_disjoint,7,6324,6327,3966,4184,0,282.47199999999998,282.38700000000006,0.084999999999922693,0.01117593674769346,raw,0.99658161636502041,0.0034183836349795937,0.0021141649048625794,0.79245283018867929,1.8282287813810314,1.839097397348292,0.69597111677546886,0.69317178712997007
Docking-44,full_support,mw_matched_chemical_group_disjoint,7,6324,6327,3966,4184,0,282.47199999999998,282.38700000000006,0.084999999999922693,0.01117593674769346,row_centered_residual,0.99233138692385758,0.0076686130761424165,0.038054968287526428,0.88118811881188119,9.2116470454234438,9.3356806500443863,0.24785251083732404,0.24439829406816135
Docking-44,full_support,mw_matched_chemical_group_disjoint,8,6331,6320,4103,4047,0,281.76300000000003,283.37099999999998,1.6079999999999472,0.012010295931812298,raw,0.99557424749340473,0.0044257525065952708,0.0010570824524312897,0.7592592592592593,1.8451436398555139,1.8222271637147176,0.69329758474927738,0.69575133095967823
Docking-44,full_support,mw_matched_chemical_group_disjoint,8,6331,6320,4103,4047,0,281.76300000000003,283.37099999999998,1.6079999999999472,0.012010295931812298,row_centered_residual,0.99129242304999265,0.0087075769500073452,0.040169133192389003,0.80952380952380953,9.4690162726568676,9.0574306403587013,0.24275187985792054,0.24980705991634583
Docking-44,full_support,mw_matched_chemical_group_disjoint,9,6328,6323,4185,3965,0,283.40049999999997,281.39600000000002,2.0044999999999504,0.012402646569734332,raw,0.9953339610518952,0.0046660389481048004,0.0021141649048625794,0.79245283018867929,1.813618427221418,1.8541291620827243,0.69769700354563657,0.691364289444244
Docking-44,full_support,mw_matched_chemical_group_disjoint,9,6328,6323,4185,3965,0,283.40049999999997,281.39600000000002,2.0044999999999504,0.012402646569734332,row_centered_residual,0.99167313644855926,0.0083268635514407441,0.039112050739957716,0.84466019417475724,9.3189186533527408,9.2294037131686064,0.24526777928933657,0.24682317185391769
Docking-44,full_support,mw_matched_chemical_group_disjoint,10,6322,6329,4056,4094,0,281.42250000000001,283.37099999999998,1.9484999999999673,0.015751523957674762,raw,0.99649145225137947,0.0035085477486205274,0.0031712473572938688,0.82692307692307687,1.8323141615679222,1.8349110793073222,0.6942155823646855,0.69494154321436641
Docking-44,full_support,mw_matched_chemical_group_disjoint,10,6322,6329,4056,4094,0,281.42250000000001,283.37099999999998,1.9484999999999673,0.015751523957674762,row_centered_residual,0.99379414055870907,0.0062058594412909285,0.03699788583509514,0.86274509803921573,9.3353098486162551,9.2201330430984854,0.24445091598147783,0.24808195122648877
Docking-44,full_support,mw_matched_chemical_group_disjoint,11,6326,6325,4062,4088,0,281.46349999999995,282.83499999999998,1.3715000000000259,0.011915965105424808,raw,0.99553349575205619,0.0044665042479438144,0.0021141649048625794,0.77570093457943923,1.7936180407839342,1.8754986578805533,0.70411276224069919,0.68481376619024004
Docking-44,full_support,mw_matched_chemical_group_disjoint,11,6326,6325,4062,4088,0,281.46349999999995,282.83499999999998,1.3715000000000259,0.011915965105424808,row_centered_residual,0.99142175135888433,0.0085782486411156711,0.038054968287526428,0.79245283018867929,9.528876471348898,9.0339193742107486,0.2401972819489738,0.25191205624907081
Docking-44,full_support,mw_matched_chemical_group_disjoint,12,6306,6345,4047,4103,0,282.37800000000004,282.75700000000001,0.37899999999996226,0.011261217692782349,raw,0.99389041388992261,0.0061095861100773918,0.0010570824524312897,0.7592592592592593,1.8303499179827663,1.8360237360161034,0.69401716329657348,0.69521980382868354
Docking-44,full_support,mw_matched_chemical_group_disjoint,12,6306,6345,4047,4103,0,282.37800000000004,282.75700000000001,0.37899999999996226,0.011261217692782349,row_centered_residual,0.98980545933715047,0.010194540662849527,0.040169133192389003,0.84466019417475724,8.9752841021628083,9.5612215618822489,0.25108337776189171,0.24124354388350336
Docking-44,full_support,mw_matched_chemical_group_disjoint,13,6328,6323,4075,4075,0,281.76350000000002,282.774,1.0104999999999791,0.010636873829474536,raw,0.99547477072095791,0.0045252292790420867,0.0021141649048625794,0.79245283018867929,1.8356519880176354,1.8313468133515272,0.69442760290087069,0.69468497493505887
Docking-44,full_support,mw_matched_chemical_group_disjoint,13,6328,6323,4075,4075,0,281.76350000000002,282.774,1.0104999999999791,0.010636873829474536,row_centered_residual,0.99103719666574197,0.0089628033342580293,0.046511627906976744,0.91919191919191923,9.3065710538968887,9.2330081396566239,0.24476634608938269,0.24785011464278345
Docking-44,full_support,mw_matched_chemical_group_disjoint,14,6330,6321,4101,4049,0,282.44200000000001,282.43200000000002,0.0099999999999909051,0.0082275211418194605,raw,0.99703375516346715,0.0029662448365328498,0.0021141649048625794,0.79245283018867929,1.8288772903562165,1.8383072852721483,0.69607361714758964,0.69308588483693445
Docking-44,full_support,mw_matched_chemical_group_disjoint,14,6330,6321,4101,4049,0,282.44200000000001,282.43200000000002,0.0099999999999909051,0.0082275211418194605,row_centered_residual,0.99323033490170831,0.0067696650982916884,0.035940803382663845,0.90000000000000002,9.354065946058201,9.2071735399952832,0.24400257230678887,0.2482044070193288
Docking-44,full_support,mw_matched_chemical_group_disjoint,15,6325,6326,4081,4069,0,282.4679999999999,282.38700000000006,0.08099999999984675,0.009166711444955844,raw,0.99746002546523138,0.0025399745347686187,0.0031712473572938688,0.79245283018867929,1.8242686039467486,1.8429992475036474,0.69675709432806154,0.69235846518831157
Docking-44,full_support,mw_matched_chemical_group_disjoint,15,6325,6326,4081,4069,0,282.4679999999999,282.38700000000006,0.08099999999984675,0.009166711444955844,row_centered_residual,0.99371779660082971,0.0062822033991702941,0.032769556025369982,0.84466019417475724,9.0200714097002272,9.537932527134247,0.25100893850973183,0.24134242885055401
Docking-44,full_support,mw_matched_chemical_group_disjoint,16,6322,6329,4106,4044,0,282.46999999999991,282.38700000000006,0.0829999999998563,0.0093242171873804125,raw,0.99479362839791097,0.0052063716020890327,0.0010570824524312897,0.80952380952380953,1.8184120575004312,1.8491800179934723,0.69778094993443884,0.69126586833597947
Docking-44,full_support,mw_matched_chemical_group_disjoint,16,6322,6329,4106,4044,0,282.46999999999991,282.38700000000006,0.0829999999998563,0.0093242171873804125,row_centered_residual,0.99068425114936742,0.009315748850632577,0.044397463002114168,0.86274509803921573,9.4578132930337429,9.0842000254472524,0.24255860885229794,0.24994912876831388
Docking-44,full_support,mw_matched_chemical_group_disjoint,17,6329,6322,3962,4188,0,282.411,282.46999999999991,0.058999999999912234,0.0085822886159625522,raw,0.99641281202146581,0.0035871879785341898,0.0010570824524312897,0.72727272727272729,1.8302970419742401,1.8366537173940596,0.69607057738026823,0.69313117403859703
Docking-44,full_support,mw_matched_chemical_group_disjoint,17,6329,6322,3962,4188,0,282.411,282.46999999999991,0.058999999999912234,0.0085822886159625522,row_centered_residual,0.99434204240569513,0.0056579575943048743,0.034883720930232558,0.86274509803921573,9.3897632046124926,9.1768030447861815,0.24440630160415253,0.24775855741025818
Docking-44,full_support,mw_matched_chemical_group_disjoint,18,6326,6325,4087,4063,0,282.38850000000002,282.47199999999998,0.083499999999958163,0.019134233647697729,raw,0.99694034508503704,0.0030596549149629615,0.0021141649048625794,0.80952380952380953,1.8164908983475079,1.8502994540459214,0.69696758664117209,0.69231569302311968
Docking-44,full_support,mw_matched_chemical_group_disjoint,18,6326,6325,4087,4063,0,282.38850000000002,282.47199999999998,0.083499999999958163,0.019134233647697729,row_centered_residual,0.99276592097004168,0.007234079029958318,0.025369978858350951,0.82692307692307687,8.862634608825477,9.6937605607550754,0.25331632797107267,0.23920939376353795
Docking-44,full_support,mw_matched_chemical_group_disjoint,19,6320,6331,4006,4144,0,281.40099999999995,283.37099999999998,1.9700000000000273,0.013900732581690556,raw,0.98972693250338672,0.010273067496613275,0.0010570824524312897,0.71171171171171166,1.8041709742819119,1.8599058892821396,0.70028904859373087,0.68946778461815839
Docking-44,full_support,mw_matched_chemical_group_disjoint,19,6320,6331,4006,4144,0,281.40099999999995,283.37099999999998,1.9700000000000273,0.013900732581690556,row_centered_residual,0.98045627279683401,0.019543727203165995,0.058139534883720929,0.79245283018867929,9.5983983314546961,8.9388346382684887,0.23880999538491618,0.25369269443093229
Docking-44,full_support,mw_matched_chemical_group_disjoint,20,6323,6328,4081,4069,0,282.77100000000007,281.94900000000001,0.82200000000005957,0.0097735316234572878,raw,0.99451105936703021,0.0054889406329697854,0.0021141649048625794,0.74311926605504586,1.7958048553251809,1.8729135548675027,0.70379802583780504,0.68513302999615644
Docking-44,full_support,mw_matched_chemical_group_disjoint,20,6323,6328,4081,4069,0,282.77100000000007,281.94900000000001,0.82200000000005957,0.0097735316234572878,row_centered_residual,0.98986330554808721,0.010136694451912787,0.046511627906976744,0.79245283018867929,9.2737862718654558,9.252531117122178,0.24488565762112449,0.24769925493661543
Docking-44,full_support,mw_matched_chemical_group_disjoint,21,6317,6334,4044,4106,0,282.77100000000007,281.61700000000008,1.1539999999999964,0.0085594082837101571,raw,0.99584889296831525,0.0041511070316847531,0.0031712473572938688,0.7592592592592593,1.854799928037665,1.8140654896418227,0.69046083599600749,0.69840508623341147
Docking-44,full_support,mw_matched_chemical_group_disjoint,21,6317,6334,4044,4106,0,282.77100000000007,281.61700000000008,1.1539999999999964,0.0085594082837101571,row_centered_residual,0.9917525988005591,0.0082474011994408958,0.02748414376321353,0.86274509803921573,9.8189027592915181,8.7735019568769133,0.23635282028719043,0.25590745378731977
Docking-44,full_support,mw_matched_chemical_group_disjoint,22,6325,6326,4125,4025,0,281.74600000000004,283.13999999999999,1.3939999999999486,0.010713049476468894,raw,0.9956573952202743,0.0043426047797257006,0,0.80952380952380953,1.823564034204838,1.8439809253308814,0.69653373797007523,0.69254091253842587
Docking-44,full_support,mw_matched_chemical_group_disjoint,22,6325,6326,4125,4025,0,281.74600000000004,283.13999999999999,1.3939999999999486,0.010713049476468894,row_centered_residual,0.99189133898988768,0.0081086610101123169,0.035940803382663845,0.86274509803921573,9.3281719507390903,9.2219202748785793,0.24508150465900502,0.247239175421202
Docking-44,full_support,mw_matched_chemical_group_disjoint,23,6331,6320,3976,4174,0,281.42099999999994,282.80500000000001,1.3840000000000714,0.010576723136505317,raw,0.99673063308042797,0.0032693669195720254,0.0021141649048625794,0.82692307692307687,1.8035911335840331,1.8653759770602343,0.70122520728003146,0.68767066126962129
Docking-44,full_support,mw_matched_chemical_group_disjoint,23,6331,6320,3976,4174,0,281.42099999999994,282.80500000000001,1.3840000000000714,0.010576723136505317,row_centered_residual,0.99288742494459425,0.0071125750554057454,0.038054968287526428,0.91919191919191923,9.314624082045901,9.2411892345861304,0.24543484439622296,0.24681392955851825
Docking-44,full_support,mw_matched_chemical_group_disjoint,24,6326,6325,4040,4110,0,281.3535,283.24399999999997,1.8904999999999745,0.01146502482383388,raw,0.99522026723716261,0.0047797327628373854,0.0010570824524312897,0.77570093457943923,1.8165978780837904,1.8501924242945205,0.69754750891926931,0.69169132599663175
Docking-44,full_support,mw_matched_chemical_group_disjoint,24,6326,6325,4040,4110,0,281.3535,283.24399999999997,1.8904999999999745,0.01146502482383388,row_centered_residual,0.99151389990514738,0.0084861000948526222,0.041226215644820298,0.86274509803921573,9.2480270399419933,9.2906414570098512,0.24560583398497218,0.24701333971821018
Docking-44,full_support,mw_matched_chemical_group_disjoint,25,6323,6328,4090,4060,0,282.77100000000002,282.30100000000004,0.46999999999997044,0.010526831688057958,raw,0.99651590329618855,0.0034840967038114456,0.0021141649048625794,0.86274509803921573,1.8269051925131745,1.8405667910180292,0.69684157590174134,0.69215881126508827
Docking-44,full_support,mw_matched_chemical_group_disjoint,25,6323,6328,4090,4060,0,282.77100000000002,282.30100000000004,0.46999999999997044,0.010526831688057958,row_centered_residual,0.99268009425913206,0.007319905740867938,0.035940803382663845,0.88118811881188119,9.392463320109707,9.1613240439967072,0.24379163436133805,0.24857478425228371
Docking-44,full_support,mw_matched_chemical_group_disjoint,26,6312,6339,4089,4061,0,282.03250000000003,283.24300000000005,1.2105000000000246,0.010652940904785801,raw,0.99617425487124134,0.0038257451287586619,0.0021141649048625794,0.7592592592592593,1.8536827177726207,1.8137804511671707,0.68910497421404371,0.70002069284735091
Docking-44,full_support,mw_matched_chemical_group_disjoint,26,6312,6339,4089,4061,0,282.03250000000003,283.24300000000005,1.2105000000000246,0.010652940904785801,row_centered_residual,0.99271784100250959,0.0072821589974904066,0.032769556025369982,0.82692307692307687,9.0747790082438158,9.485557910539443,0.2496586955790604,0.24239914647034763
Docking-44,full_support,mw_matched_chemical_group_disjoint,27,6324,6327,4110,4040,0,282.30099999999999,282.63599999999997,0.33499999999997954,0.01060445744856009,raw,0.99492628771870417,0.005073712281295828,0.0021141649048625794,0.7592592592592593,1.8420104018589032,1.8242698259978627,0.69206898217454682,0.69722879685956074
Docking-44,full_support,mw_matched_chemical_group_disjoint,27,6324,6327,4110,4040,0,282.30099999999999,282.63599999999997,0.33499999999997954,0.01060445744856009,row_centered_residual,0.9895495809250382,0.010450419074961803,0.042283298097251586,0.82692307692307687,8.7394239918469783,9.853969202184059,0.25657512439230723,0.23554332267942638
Docking-44,full_support,mw_matched_chemical_group_disjoint,28,6326,6325,4098,4052,0,282.31350000000003,282.77100000000002,0.45749999999998181,0.0068740963637112795,raw,0.99590760382489441,0.0040923961751055948,0,0.7592592592592593,1.8485452813786065,1.8188709620254271,0.69101728831546205,0.69802296819310328
Docking-44,full_support,mw_matched_chemical_group_disjoint,28,6326,6325,4098,4052,0,282.31350000000003,282.77100000000002,0.45749999999998181,0.0068740963637112795,row_centered_residual,0.99236150777615861,0.0076384922238413866,0.035940803382663845,0.90000000000000002,9.0130491654491429,9.5454927799852722,0.25126052543966976,0.24109633285339804
Docking-44,full_support,mw_matched_chemical_group_disjoint,29,6323,6328,4030,4120,0,282.51599999999996,282.37800000000004,0.13799999999991996,0.010608907180315957,raw,0.99651675376731241,0.0034832462326875868,0.0021141649048625794,0.79245283018867929,1.8124416883137076,1.8552533520408583,0.6994403486897709,0.68963727425438615
Docking-44,full_support,mw_matched_chemical_group_disjoint,29,6323,6328,4030,4120,0,282.51599999999996,282.37800000000004,0.13799999999991996,0.010608907180315957,row_centered_residual,0.99397567362008288,0.0060243263799171221,0.02748414376321353,0.86274509803921573,9.2125434741561918,9.3455251516561137,0.24738854747924044,0.24479297925330326
Docking-44,full_support,mw_matched_chemical_group_disjoint,30,6325,6326,4074,4076,0,282.536,282.23599999999999,0.30000000000001137,0.0084854149822740643,raw,0.99552497686629937,0.0044750231337006285,0.0010570824524312897,0.82692307692307687,1.8144485493717424,1.8534801722042207,0.69842332651835692,0.69060663780046894
Docking-44,full_support,mw_matched_chemical_group_disjoint,30,6325,6326,4074,4076,0,282.536,282.23599999999999,0.30000000000001137,0.0084854149822740643,row_centered_residual,0.99133447884706427,0.008665521152935729,0.039112050739957716,0.90000000000000002,8.9492276121329226,9.5934105652610207,0.25297108573957955,0.2395455450545923
Docking-44,full_support,mw_matched_chemical_group_disjoint,31,6326,6325,4079,4071,0,283.45749999999998,281.39600000000002,2.0614999999999668,0.013994519137407679,raw,0.99672353164654404,0.0032764683534559635,0.0021141649048625794,0.80952380952380953,1.8300467597627745,1.8370902470857975,0.69565598337881862,0.69346248504194097
Docking-44,full_support,mw_matched_chemical_group_disjoint,31,6326,6325,4079,4071,0,283.45749999999998,281.39600000000002,2.0614999999999668,0.013994519137407679,row_centered_residual,0.9938011711199991,0.006198828880000895,0.026427061310782242,0.88118811881188119,9.3011968674013001,9.2596555665619018,0.24586070263639431,0.24609475410702747
Docking-44,full_support,mw_matched_chemical_group_disjoint,32,6325,6326,3992,4158,0,282.51600000000002,282.3775,0.13850000000002183,0.0099647480315255832,raw,0.99604947658286225,0.0039505234171377523,0,0.82692307692307687,1.8210567388610575,1.8468069995159171,0.69816290302826844,0.69080415435913589
Docking-44,full_support,mw_matched_chemical_group_disjoint,32,6325,6326,3992,4158,0,282.51600000000002,282.3775,0.13850000000002183,0.0099647480315255832,row_centered_residual,0.99282779274429767,0.0071722072557023342,0.03699788583509514,0.84466019417475724,9.5495714339083264,9.0145328635472115,0.24148348600285727,0.25084127212819524
Docking-44,full_support,mw_matched_chemical_group_disjoint,33,6329,6322,4026,4124,0,282.77099999999996,282.315,0.45599999999996044,0.014492199802968786,raw,0.99597297670527685,0.0040270232947231532,0,0.77570093457943923,1.8320183741293485,1.8350715890903195,0.69449859217883192,0.69458881458385513
Docking-44,full_support,mw_matched_chemical_group_disjoint,33,6329,6322,4026,4124,0,282.77099999999996,282.315,0.45599999999996044,0.014492199802968786,row_centered_residual,0.99225875668988539,0.0077412433101146094,0.03382663847780127,0.82692307692307687,9.232110013969228,9.3118969919459254,0.24702542597800514,0.24533198454676278
Docking-44,full_support,mw_matched_chemical_group_disjoint,34,6330,6321,4041,4109,0,282.49399999999997,282.39000000000004,0.10399999999992815,0.011501119791022307,raw,0.99438231221340656,0.0056176877865934394,0.0021141649048625794,0.86274509803921573,1.8215653191392562,1.8456618671365566,0.69748004628648752,0.69158491950205492
Docking-44,full_support,mw_matched_chemical_group_disjoint,34,6330,6321,4041,4109,0,282.49399999999997,282.39000000000004,0.10399999999992815,0.011501119791022307,row_centered_residual,0.98894196183064309,0.01105803816935691,0.044397463002114168,0.88118811881188119,9.5608452373680866,8.978528724759455,0.23958419435373288,0.25336832594752884
Docking-44,full_support,mw_matched_chemical_group_disjoint,35,6331,6320,4097,4053,0,283.24399999999997,281.41199999999992,1.8320000000000505,0.011122235573798989,raw,0.99617785519899904,0.0038221448010009595,0.0010570824524312897,0.74311926605504586,1.8538155289602287,1.8135035396238051,0.69025735223209528,0.69890832303096107
Docking-44,full_support,mw_matched_chemical_group_disjoint,35,6331,6320,4097,4053,0,283.24399999999997,281.41199999999992,1.8320000000000505,0.011122235573798989,row_centered_residual,0.99357575374863738,0.0064242462513626197,0.035940803382663845,0.86274509803921573,9.4034824019645384,9.1356393597797396,0.24386517677738828,0.24889712280857118
Docking-44,full_support,mw_matched_chemical_group_disjoint,36,6322,6329,4102,4048,0,282.31950000000001,282.77100000000007,0.45150000000006685,0.0098435621888648406,raw,0.99361595268375535,0.0063840473162446454,0.0010570824524312897,0.71171171171171166,1.8635707987952137,1.803890864483213,0.68867543452439783,0.70049327135264283
Docking-44,full_support,mw_matched_chemical_group_disjoint,36,6322,6329,4102,4048,0,282.31950000000001,282.77100000000007,0.45150000000006685,0.0098435621888648406,row_centered_residual,0.98707079778762674,0.012929202212373259,0.046511627906976744,0.79245283018867929,9.2750845598660625,9.2319740550924081,0.24827732011085743,0.24438994085027477
Docking-44,full_support,mw_matched_chemical_group_disjoint,37,6322,6329,4162,3988,0,283.41399999999999,281.39600000000002,2.0179999999999723,0.0098764023877074281,raw,0.99220677872970275,0.0077932212702972459,0.0010570824524312897,0.80952380952380953,1.8390629192949675,1.8265413927532976,0.69435129942862195,0.69502549844354489
Docking-44,full_support,mw_matched_chemical_group_disjoint,37,6322,6329,4162,3988,0,283.41399999999999,281.39600000000002,2.0179999999999723,0.0098764023877074281,row_centered_residual,0.99022501091703685,0.0097749890829631481,0.041226215644820298,0.84466019417475724,9.3477066239127797,9.1860485474645586,0.2462970137629687,0.24615266834370875
Docking-44,full_support,mw_matched_chemical_group_disjoint,38,6335,6316,4037,4113,0,283.3429999999999,281.7955,1.5474999999999,0.011216399337596328,raw,0.99378199299615766,0.0062180070038423407,0.0010570824524312897,0.7592592592592593,1.8016834610562595,1.8666141948073784,0.70110379718248983,0.68792443516905244
Docking-44,full_support,mw_matched_chemical_group_disjoint,38,6335,6316,4037,4113,0,283.3429999999999,281.7955,1.5474999999999,0.011216399337596328,row_centered_residual,0.99144732219067322,0.0085526778093267808,0.039112050739957716,0.82692307692307687,9.4579484368774267,9.0925982915851993,0.24181805546872684,0.25056476388990251
Docking-44,full_support,mw_matched_chemical_group_disjoint,39,6316,6335,4003,4147,0,282.42999999999995,282.43200000000002,0.0020000000000663931,0.012696535477231041,raw,0.99632956507296522,0.0036704349270347825,0.0010570824524312897,0.79245283018867929,1.8400476352503181,1.8269986865568582,0.69188949696884483,0.69726979562972002
Docking-44,full_support,mw_matched_chemical_group_disjoint,39,6316,6335,4003,4147,0,282.42999999999995,282.43200000000002,0.0020000000000663931,0.012696535477231041,row_centered_residual,0.99274732400146803,0.0072526759985319655,0.039112050739957716,0.86274509803921573,9.0034395832703389,9.5635654108765635,0.25061191216030826,0.24191403687685586
Docking-44,full_support,mw_matched_chemical_group_disjoint,40,6321,6330,4045,4105,0,283.36000000000007,281.42250000000001,1.9375000000000568,0.012173069382056756,raw,0.99638298883405807,0.0036170111659419302,0.0010570824524312897,0.80952380952380953,1.8283175550677713,1.8387440999782736,0.69445283461677754,0.69465276069040716
Docking-44,full_support,mw_matched_chemical_group_disjoint,40,6321,6330,4045,4105,0,283.36000000000007,281.42250000000001,1.9375000000000568,0.012173069382056756,row_centered_residual,0.99152686958978531,0.0084731304102146909,0.038054968287526428,0.84466019417475724,9.3341999232345358,9.2186337649058476,0.24435410628782187,0.24786210621635757
Docking-44,full_support,mw_matched_chemical_group_disjoint,41,6322,6329,4169,3981,0,281.42099999999999,282.774,1.3530000000000086,0.0076600638539428001,raw,0.99469014023666402,0.0053098597633359779,0.0010570824524312897,0.68141592920353977,1.8382937008558284,1.8283053026387677,0.69327675156450475,0.69596693733593074
Docking-44,full_support,mw_matched_chemical_group_disjoint,41,6322,6329,4169,3981,0,281.42099999999999,282.774,1.3530000000000086,0.0076600638539428001,row_centered_residual,0.98809628169417929,0.01190371830582071,0.043340380549682873,0.7592592592592593,9.0150874739567168,9.502684060863956,0.25033035359718614,0.24255709842851073
Docking-44,full_support,mw_matched_chemical_group_disjoint,42,6318,6333,4085,4065,0,282.37800000000004,282.536,0.15799999999995862,0.014484268102879616,raw,0.99732506987240399,0.0026749301275960091,0,0.82692307692307687,1.8514268978824249,1.8159448088799,0.69075225975445131,0.69842068710509875
Docking-44,full_support,mw_matched_chemical_group_disjoint,42,6318,6333,4085,4065,0,282.37800000000004,282.536,0.15799999999995862,0.014484268102879616,row_centered_residual,0.99473063683667551,0.0052693631633244919,0.034883720930232558,0.88118811881188119,9.2511039186721646,9.3258751178836761,0.24711025493837063,0.24479294604685886
Docking-44,full_support,mw_matched_chemical_group_disjoint,43,6325,6326,4137,4013,0,282.38700000000006,282.49399999999997,0.10699999999991405,0.010900068604504431,raw,0.99431289959518621,0.0056871004048137941,0.0010570824524312897,0.79245283018867929,1.8247532378183677,1.8408253246684994,0.69546051148268584,0.6939209306230294
Docking-44,full_support,mw_matched_chemical_group_disjoint,43,6325,6326,4137,4013,0,282.38700000000006,282.49399999999997,0.10699999999991405,0.010900068604504431,row_centered_residual,0.99154271670172545,0.0084572832982745538,0.039112050739957716,0.79245283018867929,9.6037161377182567,8.9664395082300814,0.23967104649687759,0.25263461463513076
Docking-44,full_support,mw_matched_chemical_group_disjoint,44,6332,6319,4072,4078,0,282.49399999999997,282.387,0.1069999999999709,0.010979231482787566,raw,0.99144278634467964,0.0085572136553203615,0.0021141649048625794,0.79245283018867929,1.8084759497026039,1.8579700575404505,0.69958302979748688,0.68965813770821272
Docking-44,full_support,mw_matched_chemical_group_disjoint,44,6332,6319,4072,4078,0,282.49399999999997,282.387,0.1069999999999709,0.010979231482787566,row_centered_residual,0.98852014232775998,0.011479857672240024,0.042283298097251586,0.82692307692307687,9.6420564151010471,8.9209025298760523,0.23839631639200587,0.25366020843929155
Docking-44,full_support,mw_matched_chemical_group_disjoint,45,6325,6326,4073,4077,0,282.4679999999999,282.41149999999999,0.056499999999914507,0.0098889206849454014,raw,0.99460488050650364,0.0053951194934963587,0.0010570824524312897,0.72727272727272729,1.8083626981435736,1.8598279719806945,0.69995886692002507,0.68902764472855282
Docking-44,full_support,mw_matched_chemical_group_disjoint,45,6325,6326,4073,4077,0,282.4679999999999,282.41149999999999,0.056499999999914507,0.0098889206849454014,row_centered_residual,0.99104964189318689,0.0089503581068131055,0.047568710359408031,0.79245283018867929,9.1370413585422643,9.384335789345716,0.24813371996062722,0.24471724281549212
Docking-44,full_support,mw_matched_chemical_group_disjoint,46,6320,6331,4127,4023,0,282.42949999999996,282.43200000000002,0.0025000000000545697,0.012684769938558271,raw,0.99627574442534772,0.0037242555746522799,0.0021141649048625794,0.79245283018867929,1.7976199311104912,1.8708183319151719,0.70284321071479416,0.68622433423473006
Docking-44,full_support,mw_matched_chemical_group_disjoint,46,6320,6331,4127,4023,0,282.42949999999996,282.43200000000002,0.0025000000000545697,0.012684769938558271,row_centered_residual,0.99470398874146304,0.005296011258536959,0.031712473572938688,0.86274509803921573,9.244432708470077,9.3135846467703658,0.24754492041142617,0.24471328168574824
Docking-44,full_support,mw_matched_chemical_group_disjoint,47,6322,6329,4047,4103,0,282.47199999999998,282.38700000000006,0.084999999999922693,0.0074329316415516766,raw,0.994874394805634,0.0051256051943660008,0.0010570824524312897,0.71171171171171166,1.8255867616620918,1.8418274431425079,0.69481891360904591,0.69422324451117634
Docking-44,full_support,mw_matched_chemical_group_disjoint,47,6322,6329,4047,4103,0,282.47199999999998,282.38700000000006,0.084999999999922693,0.0074329316415516766,row_centered_residual,0.99137792374697142,0.0086220762530285766,0.040169133192389003,0.90000000000000002,9.1547477754105095,9.390988103184025,0.24747386394365684,0.24505609353521782
Docking-44,full_support,mw_matched_chemical_group_disjoint,48,6328,6323,4006,4144,0,283.35549999999995,281.399,1.9564999999999486,0.018211562027578565,raw,0.99245661879683622,0.0075433812031637792,0.0021141649048625794,0.6964285714285714,1.8369044493941535,1.8290057576885463,0.69181982155482402,0.6973849368239543
Docking-44,full_support,mw_matched_chemical_group_disjoint,48,6328,6323,4006,4144,0,283.35549999999995,281.399,1.9564999999999486,0.018211562027578565,row_centered_residual,0.98534821104993731,0.014651788950062694,0.043340380549682873,0.7592592592592593,9.1736380777749797,9.323430752443933,0.24565453971767956,0.24723186628408014
Docking-44,full_support,mw_matched_chemical_group_disjoint,49,6329,6322,4063,4087,0,282.63599999999997,282.36650000000003,0.26949999999993679,0.0083229410182531494,raw,0.99643018998142874,0.0035698100185712622,0.0021141649048625794,0.82692307692307687,1.8293286871194014,1.8371844009918454,0.69573932796261762,0.69351856052026506
Docking-44,full_support,mw_matched_chemical_group_disjoint,49,6329,6322,4063,4087,0,282.63599999999997,282.36650000000003,0.26949999999993679,0.0083229410182531494,row_centered_residual,0.99371808009120433,0.0062819199087956745,0.0306553911205074,0.86274509803921573,9.4660920877117078,9.109908063521587,0.24340031912046117,0.24844641220475222
Docking-44,full_support,mw_matched_chemical_group_disjoint,50,6325,6326,4103,4047,0,281.44300000000004,283.33300000000003,1.8899999999999864,0.0098721257024463882,raw,0.99598674016296362,0.0040132598370363759,0.0021141649048625794,0.80952380952380953,1.8367181291310333,1.8302042790925075,0.69470390212045074,0.69446438495037766
Docking-44,full_support,mw_matched_chemical_group_disjoint,50,6325,6326,4103,4047,0,281.44300000000004,283.33300000000003,1.8899999999999864,0.0098721257024463882,row_centered_residual,0.99194174357849096,0.0080582564215090358,0.042283298097251586,0.86274509803921573,9.1658379882120791,9.381596573444428,0.24983915036105853,0.24261589301320319
Docking-44,full_support,mw_matched_chemical_group_disjoint,51,6312,6339,4147,4003,0,281.34199999999998,283.41500000000002,2.0730000000000359,0.013012121833756551,raw,0.99617931517442815,0.0038206848255718517,0.0042283298097251587,0.82692307692307687,1.8481135270234237,1.8198222389532079,0.69005429779773209,0.69890020046426948
Docking-44,full_support,mw_matched_chemical_group_disjoint,51,6312,6339,4147,4003,0,281.34199999999998,283.41500000000002,2.0730000000000359,0.013012121833756551,row_centered_residual,0.99297353514587838,0.0070264648541216168,0.03699788583509514,0.88118811881188119,9.4200236663857311,9.1442175865945856,0.24318165827216062,0.2489632047927928
Docking-44,full_support,mw_matched_chemical_group_disjoint,52,6346,6305,4055,4095,0,282.33150000000001,282.77099999999996,0.43949999999995271,0.011017449220262265,raw,0.99723151804878662,0.0027684819512133751,0.0021141649048625794,0.80952380952380953,1.8286912024557822,1.8386115213543486,0.6961113961198665,0.69297669666846096
Docking-44,full_support,mw_matched_chemical_group_disjoint,52,6346,6305,4055,4095,0,282.33150000000001,282.77099999999996,0.43949999999995271,0.011017449220262265,row_centered_residual,0.99458544724132492,0.0054145527586750841,0.02748414376321353,0.90000000000000002,9.6075472446529364,8.9584622545966415,0.24039763653909407,0.25194248188296858
Docking-44,full_support,mw_matched_chemical_group_disjoint,53,6327,6324,4076,4074,0,282.536,282.36149999999998,0.17450000000002319,0.012735995758067165,raw,0.99528074990858317,0.0047192500914168267,0.0031712473572938688,0.79245283018867929,1.8582370032017332,1.8083644062513737,0.68850752585681163,0.70079791942380976
Docking-44,full_support,mw_matched_chemical_group_disjoint,53,6327,6324,4076,4074,0,282.536,282.36149999999998,0.17450000000002319,0.012735995758067165,row_centered_residual,0.99235290384328945,0.0076470961567105533,0.034883720930232558,0.82692307692307687,8.9224608501018157,9.6789403671125775,0.25305536441899101,0.23877431116701561
Docking-44,full_support,mw_matched_chemical_group_disjoint,54,6326,6325,4047,4103,0,282.30150000000003,282.63599999999997,0.33449999999993452,0.0075440462161929234,raw,0.9948633528555435,0.0051366471444564965,0.0010570824524312897,0.7592592592592593,1.8606681731280426,1.8092830032139797,0.68901259122086844,0.69965519580815971
Docking-44,full_support,mw_matched_chemical_group_disjoint,54,6326,6325,4047,4103,0,282.30150000000003,282.63599999999997,0.33449999999993452,0.0075440462161929234,row_centered_residual,0.99204487737676994,0.0079551226232300598,0.03699788583509514,0.82692307692307687,9.4067943957617484,9.1394768671346203,0.24318000985335689,0.24907738645243796
Docking-44,full_support,mw_matched_chemical_group_disjoint,55,6330,6321,4115,4035,0,282.51599999999996,282.40899999999999,0.1069999999999709,0.0096740647102002697,raw,0.99344203133893938,0.0065579686610606203,0.0010570824524312897,0.6964285714285714,1.8396870890399803,1.8266968568837425,0.6939046561377411,0.69532333800184232
Docking-44,full_support,mw_matched_chemical_group_disjoint,55,6330,6321,4115,4035,0,282.51599999999996,282.40899999999999,0.1069999999999709,0.0096740647102002697,row_centered_residual,0.98945057191170971,0.010549428088290291,0.044397463002114168,0.7592592592592593,9.5703891939484258,8.9373768723557347,0.24134454440489056,0.25197820504589258
Docking-44,full_support,mw_matched_chemical_group_disjoint,56,6321,6330,4063,4087,0,282.77100000000002,282.27499999999998,0.49600000000003774,0.012586945943372285,raw,0.99542693172024466,0.0045730682797553435,0.0021141649048625794,0.71171171171171166,1.8344720183549923,1.8328141488086831,0.69501570887643027,0.69405896109977039
Docking-44,full_support,mw_matched_chemical_group_disjoint,56,6321,6330,4063,4087,0,282.77100000000002,282.27499999999998,0.49600000000003774,0.012586945943372285,row_centered_residual,0.99382626001815089,0.0061737399818491134,0.025369978858350951,0.82692307692307687,9.3009347410874632,9.2474633087818923,0.24570658711093729,0.24639015538088915
Docking-44,full_support,mw_matched_chemical_group_disjoint,57,6326,6325,4105,4045,0,281.6155,282.77100000000002,1.1555000000000177,0.0096641128462871817,raw,0.99627779973056341,0.003722200269436593,0.0010570824524312897,0.7592592592592593,1.8382691169325167,1.8286967382199046,0.69387542212121844,0.69525263808455529
Docking-44,full_support,mw_matched_chemical_group_disjoint,57,6326,6325,4105,4045,0,281.6155,282.77100000000002,1.1555000000000177,0.0096641128462871817,row_centered_residual,0.993293850920137,0.0067061490798629997,0.031712473572938688,0.88118811881188119,9.2268727368480175,9.3293250879219638,0.24767849180869145,0.24451341013815525
Docking-44,full_support,mw_matched_chemical_group_disjoint,58,6328,6323,4059,4091,0,281.46550000000002,283.34299999999996,1.8774999999999409,0.009655042004457548,raw,0.99541648509994063,0.0045835149000593711,0.0021141649048625794,0.72727272727272729,1.8666989198528985,1.8004991010163571,0.68713312860021403,0.70204829192246176
Docking-44,full_support,mw_matched_chemical_group_disjoint,58,6328,6323,4059,4091,0,281.46550000000002,283.34299999999996,1.8774999999999409,0.009655042004457548,row_centered_residual,0.99129759674932905,0.0087024032506709537,0.039112050739957716,0.80952380952380953,9.1668306686976582,9.3725544704995212,0.2493860207819622,0.2430682538056983
Docking-44,full_support,mw_matched_chemical_group_disjoint,59,6317,6334,4081,4069,0,282.36500000000007,282.77099999999996,0.40599999999989222,0.011431555399624038,raw,0.99492200701404776,0.0050779929859522399,0.0010570824524312897,0.77570093457943923,1.8556768427357526,1.8109131908202121,0.68999304276405227,0.69930265514103174
Docking-44,full_support,mw_matched_chemical_group_disjoint,59,6317,6334,4081,4069,0,282.36500000000007,282.77099999999996,0.40599999999989222,0.011431555399624038,row_centered_residual,0.98919343196743048,0.010806568032569519,0.053911205073995772,0.86274509803921573,9.1373183059595622,9.4102633349239024,0.24948505443373334,0.24319192075004115
Docking-44,full_support,mw_matched_chemical_group_disjoint,60,6325,6326,4068,4082,0,281.39899999999994,283.33499999999992,1.9359999999999786,0.011388847581784933,raw,0.99585933958861927,0.0041406604113807255,0.0010570824524312897,0.77570093457943923,1.8449978032668388,1.8213643612427992,0.69388332162371114,0.69537012739028337
Docking-44,full_support,mw_matched_chemical_group_disjoint,60,6325,6326,4068,4082,0,281.39899999999994,283.33499999999992,1.9359999999999786,0.011388847581784933,row_centered_residual,0.990555532344781,0.0094444676552190021,0.043340380549682873,0.82692307692307687,9.4893284177542991,9.0489504038587985,0.24338920262861574,0.24913551826664082
Docking-44,full_support,mw_matched_chemical_group_disjoint,61,6314,6337,4076,4074,0,282.31299999999999,282.77100000000007,0.45800000000008367,0.012427678242463269,raw,0.99635798498301853,0.0036420150169814702,0.0031712473572938688,0.80952380952380953,1.8547611718922534,1.8137949111992198,0.68905813777169667,0.69980125326725684
Docking-44,full_support,mw_matched_chemical_group_disjoint,61,6314,6337,4076,4074,0,282.31299999999999,282.77100000000007,0.45800000000008367,0.012427678242463269,row_centered_residual,0.99345138652130127,0.0065486134786987282,0.040169133192389003,0.86274509803921573,9.2678228549159272,9.2856021726122933,0.24625862407902099,0.24628403600268567
Docking-44,full_support,mw_matched_chemical_group_disjoint,62,6328,6323,4123,4027,0,282.024,282.774,0.75,0.0089509522456594492,raw,0.99563003839912556,0.0043699616008744391,0.0031712473572938688,0.79245283018867929,1.8542820657146848,1.8128209579873773,0.6884815993873491,0.70062621551173054
Docking-44,full_support,mw_matched_chemical_group_disjoint,62,6328,6323,4123,4027,0,282.024,282.774,0.75,0.0089509522456594492,row_centered_residual,0.99172993374511009,0.0082700662548899073,0.041226215644820298,0.86274509803921573,9.0540339455742558,9.5166454496734278,0.2488528689517234,0.24327939358319847
Docking-44,full_support,mw_matched_chemical_group_disjoint,63,6328,6323,4065,4085,0,282.37800000000004,282.63599999999997,0.25799999999992451,0.011040328357952323,raw,0.99422188501042152,0.0057781149895784756,0.0010570824524312897,0.6964285714285714,1.8445388249201795,1.821975374319277,0.6923177742229345,0.69691099773300635
Docking-44,full_support,mw_matched_chemical_group_disjoint,63,6328,6323,4065,4085,0,282.37800000000004,282.63599999999997,0.25799999999992451,0.011040328357952323,row_centered_residual,0.99082971006057363,0.0091702899394263682,0.03699788583509514,0.82692307692307687,9.4597023044935291,9.0523915961382002,0.24261388271285805,0.25036039495270768
Docking-44,full_support,mw_matched_chemical_group_disjoint,64,6326,6325,4126,4024,0,282.77099999999996,282.29900000000004,0.47199999999992315,0.0093347112550126177,raw,0.9960042031700389,0.0039957968299610958,0,0.80952380952380953,1.8338506020590954,1.833502424183602,0.69330081921979803,0.69576159682076666
Docking-44,full_support,mw_matched_chemical_group_disjoint,64,6326,6325,4126,4024,0,282.77099999999996,282.29900000000004,0.47199999999992315,0.0093347112550126177,row_centered_residual,0.99314725804743231,0.0068527419525676869,0.032769556025369982,0.90000000000000002,9.1052537497550947,9.4587621369011252,0.25038551669790376,0.24165247703069181
Docking-44,full_support,mw_matched_chemical_group_disjoint,65,6322,6329,4102,4048,0,282.51599999999996,282.38700000000006,0.12899999999990541,0.0092472901462559154,raw,0.99447063363961252,0.0055293663603874776,0.0021141649048625794,0.71171171171171166,1.7915581352197241,1.8764712916359509,0.70357017330540361,0.68558164556573364
Docking-44,full_support,mw_matched_chemical_group_disjoint,65,6322,6329,4102,4048,0,282.51599999999996,282.38700000000006,0.12899999999990541,0.0092472901462559154,row_centered_residual,0.98851502532649838,0.011484974673501624,0.047568710359408031,0.77570093457943923,9.2888071888193959,9.2358037969293036,0.24404817666888864,0.24824952942386372
Docking-44,full_support,mw_matched_chemical_group_disjoint,66,6329,6322,4081,4069,0,283.47500000000002,281.29349999999999,2.1815000000000282,0.012856063107965443,raw,0.99195614488952044,0.0080438551104795586,0.0021141649048625794,0.63793103448275867,1.8450055735429667,1.8211080924366416,0.69328835336275607,0.69595705574244227
Docking-44,full_support,mw_matched_chemical_group_disjoint,66,6329,6322,4081,4069,0,283.47500000000002,281.29349999999999,2.1815000000000282,0.012856063107965443,row_centered_residual,0.98696910979025831,0.013030890209741686,0.044397463002114168,0.79245283018867929,9.5908092733633197,8.9010213146546171,0.24061893678593196,0.25266646496463252
Docking-44,full_support,mw_matched_chemical_group_disjoint,67,6325,6326,4097,4053,0,282.44799999999998,282.41049999999996,0.037500000000022737,0.0075805103225411452,raw,0.99481751246197092,0.0051824875380290791,0.0010570824524312897,0.77570093457943923,1.8168737563955668,1.8500312687955833,0.69856856709119952,0.69059575591393885
Docking-44,full_support,mw_matched_chemical_group_disjoint,67,6325,6326,4097,4053,0,282.44799999999998,282.41049999999996,0.037500000000022737,0.0075805103225411452,row_centered_residual,0.98868130660571896,0.011318693394281043,0.044397463002114168,0.82692307692307687,9.1987800626225713,9.325603012952703,0.24629850710178869,0.24644159237974717
Docking-44,full_support,mw_matched_chemical_group_disjoint,68,6324,6327,4036,4114,0,282.76400000000001,282.29899999999998,0.46500000000003183,0.012378352586082553,raw,0.99664079498071767,0.0033592050192823297,0,0.80952380952380953,1.8160814640481036,1.8509496749810643,0.69776143958542591,0.69143418249646571
Docking-44,full_support,mw_matched_chemical_group_disjoint,68,6324,6327,4036,4114,0,282.76400000000001,282.29899999999998,0.46500000000003183,0.012378352586082553,row_centered_residual,0.99315433113227858,0.0068456688677214217,0.031712473572938688,0.90000000000000002,9.1145337286727131,9.4265314436320278,0.2485684961336023,0.24403263414230048
Docking-44,full_support,mw_matched_chemical_group_disjoint,69,6327,6324,4122,4028,0,282.411,282.46999999999991,0.058999999999912234,0.011981571104710986,raw,0.99450306493846663,0.0054969350615333701,0.0021141649048625794,0.7592592592592593,1.8173270206071983,1.8493499422777553,0.69974446013953517,0.68938593575414864
Docking-44,full_support,mw_matched_chemical_group_disjoint,69,6327,6324,4122,4028,0,282.411,282.46999999999991,0.058999999999912234,0.011981571104710986,row_centered_residual,0.99203930679090901,0.0079606932090909854,0.041226215644820298,0.88118811881188119,9.3350536338307517,9.2109249310947874,0.24694701781973219,0.24537529299448077
Docking-44,full_support,mw_matched_chemical_group_disjoint,70,6327,6324,4048,4102,0,282.36799999999999,282.63350000000003,0.26550000000003138,0.0096949791097399179,raw,0.99464893491071626,0.0053510650892837353,0,0.77570093457943923,1.8386624071226569,1.8283790563972278,0.69303295211012128,0.69606907438751875
Docking-44,full_support,mw_matched_chemical_group_disjoint,70,6327,6324,4048,4102,0,282.36799999999999,282.63350000000003,0.26550000000003138,0.0096949791097399179,row_centered_residual,0.99207807409963533,0.007921925900364668,0.034883720930232558,0.88118811881188119,9.0106227306762552,9.5423733092959733,0.25200754100984074,0.24026395551612856
Docking-44,full_support,mw_matched_chemical_group_disjoint,71,6324,6327,4050,4100,0,282.41149999999999,282.51599999999996,0.10449999999997317,0.0085405489380321331,raw,0.99467107550897216,0.0053289244910278422,0.0021141649048625794,0.72727272727272729,1.8366846616290835,1.8303990636491949,0.69330056068782964,0.69580660443923115
Docking-44,full_support,mw_matched_chemical_group_disjoint,71,6324,6327,4050,4100,0,282.41149999999999,282.51599999999996,0.10449999999997317,0.0085405489380321331,row_centered_residual,0.99004924688478602,0.0099507531152139839,0.046511627906976744,0.91919191919191923,9.5473698809187351,8.9959872258716089,0.24029476600616412,0.25263994324747219
Docking-44,full_support,mw_matched_chemical_group_disjoint,72,6330,6321,4077,4073,0,282.35400000000004,282.77099999999996,0.41699999999991633,0.011426891929481986,raw,0.99219005279760153,0.0078099472023984706,0.0010570824524312897,0.80952380952380953,1.8074722209474674,1.859887271424709,0.69965168155140178,0.68941373005969353
Docking-44,full_support,mw_matched_chemical_group_disjoint,72,6330,6321,4077,4073,0,282.35400000000004,282.77099999999996,0.41699999999991633,0.011426891929481986,row_centered_residual,0.9875395491220248,0.012460450877975204,0.046511627906976744,0.86274509803921573,9.5372349021899367,9.0031765362159,0.23952962079279438,0.25287124931383909
Docking-44,full_support,mw_matched_chemical_group_disjoint,73,6321,6330,4080,4070,0,282.75700000000001,282.29950000000008,0.45749999999992497,0.01212823275458097,raw,0.99553226256892646,0.0044677374310735374,0.0021141649048625794,0.77570093457943923,1.8378032799215369,1.8295105436211103,0.69254821008809964,0.6964736786151583
Docking-44,full_support,mw_matched_chemical_group_disjoint,73,6321,6330,4080,4070,0,282.75700000000001,282.29950000000008,0.45749999999992497,0.01212823275458097,row_centered_residual,0.99226968524382608,0.0077303147561739172,0.044397463002114168,0.80952380952380953,9.1145967814760063,9.4296121696117829,0.24848766122600693,0.24411707316826753
Docking-44,full_support,mw_matched_chemical_group_disjoint,74,6319,6332,3980,4170,0,282.77099999999996,282.1925,0.57849999999996271,0.010629835497972251,raw,0.99684079743999676,0.0031592025600032381,0.0010570824524312897,0.77570093457943923,1.8002824179541639,1.8682521794004918,0.70249935956433585,0.68647590503287159
Docking-44,full_support,mw_matched_chemical_group_disjoint,74,6319,6332,3980,4170,0,282.77099999999996,282.1925,0.57849999999996271,0.010629835497972251,row_centered_residual,0.99337189582026375,0.0066281041797362494,0.034883720930232558,0.88118811881188119,9.2657576816665355,9.2878149109164525,0.24617304350541769,0.24620449504673489
Docking-44,full_support,mw_matched_chemical_group_disjoint,75,6327,6324,4081,4069,0,282.33600000000001,282.77100000000002,0.43500000000000227,0.010657016749097026,raw,0.9970233227176819,0.0029766772823180965,0.0021141649048625794,0.74311926605504586,1.8525315048585749,1.8157101912228444,0.69044388832282932,0.69850330109937309
Docking-44,full_support,mw_matched_chemical_group_disjoint,75,6327,6324,4081,4069,0,282.33600000000001,282.77100000000002,0.43500000000000227,0.010657016749097026,row_centered_residual,0.99283930245350627,0.0071606975464937328,0.03699788583509514,0.84466019417475724,9.2544551203466465,9.292838530422582,0.24648519155174903,0.2460456613928606
Docking-44,full_support,mw_matched_chemical_group_disjoint,76,6322,6329,4070,4080,0,281.48599999999999,283.34299999999996,1.8569999999999709,0.012059300901645975,raw,0.99600019178123811,0.0039998082187618911,0.0010570824524312897,0.80952380952380953,1.820589312011947,1.8453969135513846,0.69904340151043831,0.69029423561269843
Docking-44,full_support,mw_matched_chemical_group_disjoint,76,6322,6329,4070,4080,0,281.48599999999999,283.34299999999996,1.8569999999999709,0.012059300901645975,row_centered_residual,0.9906480636030498,0.0093519363969502001,0.040169133192389003,0.88118811881188119,9.7590288261059612,8.8401444190406586,0.23782946522941248,0.2543308659746335
Docking-44,full_support,mw_matched_chemical_group_disjoint,77,6325,6326,4128,4022,0,282.36900000000003,282.51599999999996,0.14699999999993452,0.014856036759018254,raw,0.9927329935630318,0.0072670064369682041,0.0021141649048625794,0.74311926605504586,1.805430067084518,1.8610776982453452,0.69942554653151723,0.68990191774780707
Docking-44,full_support,mw_matched_chemical_group_disjoint,77,6325,6326,4128,4022,0,282.36900000000003,282.51599999999996,0.14699999999993452,0.014856036759018254,row_centered_residual,0.98536680801851095,0.014633191981489047,0.064482029598308663,0.80952380952380953,8.8054305481589452,9.699169012347916,0.25399428753263198,0.23998456342889607
Docking-44,full_support,mw_matched_chemical_group_disjoint,78,6330,6321,3987,4163,0,282.49199999999996,282.38700000000006,0.1049999999999045,0.012211457932671643,raw,0.99613085249489042,0.0038691475051095825,0.0010570824524312897,0.80952380952380953,1.8169672405632928,1.8501056926643107,0.69745521317145942,0.69170467958145243
Docking-44,full_support,mw_matched_chemical_group_disjoint,78,6330,6321,3987,4163,0,282.49199999999996,282.38700000000006,0.1049999999999045,0.012211457932671643,row_centered_residual,0.9929614301068832,0.0070385698931167973,0.038054968287526428,0.86274509803921573,9.1939731042432538,9.3532531513760748,0.24746692014849414,0.24496420890680978
Docking-44,full_support,mw_matched_chemical_group_disjoint,79,6323,6328,4072,4078,0,282.77100000000002,281.98050000000001,0.79050000000000864,0.0085497470455322411,raw,0.99259232563915645,0.0074076743608435525,0.0021141649048625794,0.79245283018867929,1.8571261520767868,1.8089714426433627,0.69097513890926443,0.69836376873085937
Docking-44,full_support,mw_matched_chemical_group_disjoint,79,6323,6328,4072,4078,0,282.77100000000002,281.98050000000001,0.79050000000000864,0.0085497470455322411,row_centered_residual,0.98603113936234421,0.013968860637655789,0.048625792811839326,0.86274509803921573,9.0972580972957271,9.435235177648277,0.2514655613306494,0.24107642526525111
Docking-44,full_support,mw_matched_chemical_group_disjoint,80,6318,6333,4061,4089,0,282.45999999999998,282.38700000000006,0.072999999999922238,0.010200416906033016,raw,0.99215996029433806,0.0078400397056619386,0.0021141649048625794,0.72727272727272729,1.801067594005386,1.8665527867755538,0.69932518496148699,0.68983955557460652
Docking-44,full_support,mw_matched_chemical_group_disjoint,80,6318,6333,4061,4089,0,282.45999999999998,282.38700000000006,0.072999999999922238,0.010200416906033016,row_centered_residual,0.98414642447942202,0.015853575520577978,0.056025369978858354,0.77570093457943923,9.2234107303329296,9.2850468319127941,0.24531088300510359,0.24767952208061531
Docking-44,full_support,mw_matched_chemical_group_disjoint,81,6322,6329,4057,4093,0,282.51599999999996,282.411,0.10499999999996135,0.013462557099833572,raw,0.99561446060304137,0.0043855393969586265,0,0.74311926605504586,1.8247225292365519,1.8425798285856561,0.69610778322127453,0.69297484456235336
Docking-44,full_support,mw_matched_chemical_group_disjoint,81,6322,6329,4057,4093,0,282.51599999999996,282.411,0.10499999999996135,0.013462557099833572,row_centered_residual,0.99389533244792172,0.00610466755207828,0.032769556025369982,0.84466019417475724,9.259479480066247,9.2900972652576286,0.24631625654902806,0.24578197101329594
Docking-44,full_support,mw_matched_chemical_group_disjoint,82,6330,6321,4019,4131,0,281.44300000000004,283.3429999999999,1.8999999999998636,0.014690368597565784,raw,0.99524134474651393,0.004758655253486066,0.0021141649048625794,0.7592592592592593,1.8117779288931681,1.8556341811557859,0.69980847760021825,0.68931006592814914
Docking-44,full_support,mw_matched_chemical_group_disjoint,82,6330,6321,4019,4131,0,281.44300000000004,283.3429999999999,1.8999999999998636,0.014690368597565784,row_centered_residual,0.99117691489686277,0.0088230851031372293,0.03699788583509514,0.84466019417475724,9.7267296347226111,8.8566378774291383,0.23753076398623682,0.25486235720390193
Docking-44,full_support,mw_matched_chemical_group_disjoint,83,6328,6323,4050,4100,0,283.39800000000002,281.39900000000006,1.9989999999999668,0.011982522018925135,raw,0.99608087314184879,0.0039191268581512118,0.0021141649048625794,0.82692307692307687,1.8254485433279435,1.8418974421075915,0.69684741916359361,0.69223104959711235
Docking-44,full_support,mw_matched_chemical_group_disjoint,83,6328,6323,4050,4100,0,283.39800000000002,281.39900000000006,1.9989999999999668,0.011982522018925135,row_centered_residual,0.99191294095643179,0.0080870590435682121,0.035940803382663845,0.88118811881188119,9.5409422664602754,9.0177644320851407,0.2405882966780741,0.25175307430714766
Docking-44,full_support,mw_matched_chemical_group_disjoint,84,6325,6326,4124,4026,0,282.30000000000007,282.77099999999996,0.47099999999988995,0.0086647114174640549,raw,0.99645336531955198,0.0035466346804480242,0,0.80952380952380953,1.8344266332116637,1.8323311817826249,0.69332487743105864,0.69584145072278758
Docking-44,full_support,mw_matched_chemical_group_disjoint,84,6325,6326,4124,4026,0,282.30000000000007,282.77099999999996,0.47099999999988995,0.0086647114174640549,row_centered_residual,0.99370186444177733,0.0062981355582226728,0.0306553911205074,0.86274509803921573,9.1265482798942177,9.4339025942571961,0.24821786682096694,0.2437703030341527
Docking-44,full_support,mw_matched_chemical_group_disjoint,85,6321,6330,4057,4093,0,282.44799999999998,282.42200000000003,0.025999999999953616,0.010012438790130807,raw,0.99645054459032478,0.0035494554096752173,0.0031712473572938688,0.82692307692307687,1.8280548569335879,1.8380481445587313,0.69808355973567804,0.6913977218225773
Docking-44,full_support,mw_matched_chemical_group_disjoint,85,6321,6330,4057,4093,0,282.44799999999998,282.42200000000003,0.025999999999953616,0.010012438790130807,row_centered_residual,0.99140159519325044,0.00859840480674956,0.032769556025369982,0.88118811881188119,9.8696004464970279,8.7683519237835856,0.23644291890457819,0.25522423963279978
Docking-44,full_support,mw_matched_chemical_group_disjoint,86,6300,6351,4031,4119,0,282.29349999999999,282.73099999999999,0.4375,0.011283187499531389,raw,0.99728324086763198,0.0027167591323680185,0.0010570824524312897,0.74311926605504586,1.8483908679175185,1.8187532181836885,0.6911325963974847,0.69802369150160815
Docking-44,full_support,mw_matched_chemical_group_disjoint,86,6300,6351,4031,4119,0,282.29349999999999,282.73099999999999,0.4375,0.011283187499531389,row_centered_residual,0.99480034711978915,0.0051996528802108477,0.03699788583509514,0.86274509803921573,9.1814467714173063,9.3886255830423693,0.24793110692112741,0.24421759890534284
Docking-44,full_support,mw_matched_chemical_group_disjoint,87,6326,6325,4007,4143,0,283.15449999999998,282.13400000000001,1.02049999999997,0.011881050536152293,raw,0.99373396972670069,0.0062660302732993056,0.0021141649048625794,0.7592592592592593,1.8500602412508791,1.8163885814559408,0.69118749749894859,0.69806506419370973
Docking-44,full_support,mw_matched_chemical_group_disjoint,87,6326,6325,4007,4143,0,283.15449999999998,282.13400000000001,1.02049999999997,0.011881050536152293,row_centered_residual,0.99122679502827316,0.0087732049717268445,0.041226215644820298,0.88118811881188119,9.1205691444951444,9.4250255525967539,0.25002184692924206,0.2424744695678363
Docking-44,full_support,mw_matched_chemical_group_disjoint,88,6320,6331,4107,4043,0,282.42999999999995,282.43200000000002,0.0020000000000663931,0.019995816246758391,raw,0.99429383486749456,0.0057061651325054363,0.0031712473572938688,0.6964285714285714,1.854176484686465,1.8122748736021035,0.69185536817081494,0.69740621631235833
Docking-44,full_support,mw_matched_chemical_group_disjoint,88,6320,6331,4107,4043,0,282.42999999999995,282.43200000000002,0.0020000000000663931,0.019995816246758391,row_centered_residual,0.99031122033995245,0.0096887796600475529,0.046511627906976744,0.7592592592592593,9.676575045911699,8.8392171029494619,0.23980913040164459,0.25361772027697704
Docking-44,full_support,mw_matched_chemical_group_disjoint,89,6322,6329,3994,4156,0,282.315,282.79500000000007,0.48000000000007503,0.01008656466477581,raw,0.99628013852615382,0.0037198614738461755,0.0021141649048625794,0.82692307692307687,1.8377329712633856,1.8293686605091408,0.6930556588214184,0.69606477648699205
Docking-44,full_support,mw_matched_chemical_group_disjoint,89,6322,6329,3994,4156,0,282.315,282.79500000000007,0.48000000000007503,0.01008656466477581,row_centered_residual,0.99325176677402793,0.0067482332259720668,0.035940803382663845,0.84466019417475724,9.2686235051066372,9.2867731881677358,0.24571341619088344,0.24655661478354604
Docking-44,full_support,mw_matched_chemical_group_disjoint,90,6327,6324,4052,4098,0,282.77100000000007,282.29950000000008,0.47149999999999181,0.013778259433907092,raw,0.99182321625287173,0.0081767837471282689,0.0042283298097251587,0.72727272727272729,1.8035565992186813,1.8615014151640275,0.69859767288801289,0.69103953291127529
Docking-44,full_support,mw_matched_chemical_group_disjoint,90,6327,6324,4052,4098,0,282.77100000000007,282.29950000000008,0.47149999999999181,0.013778259433907092,row_centered_residual,0.9852173093694665,0.014782690630533502,0.053911205073995772,0.80952380952380953,8.9604724147267802,9.5303886443957957,0.24976405604634924,0.24343122582679322
Docking-44,full_support,mw_matched_chemical_group_disjoint,91,6320,6331,4117,4033,0,282.4205,282.4679999999999,0.047499999999899956,0.013620815996832958,raw,0.99508478718714222,0.0049152128128577832,0.0010570824524312897,0.74311926605504586,1.8337064773037646,1.834132372313978,0.69418399565803768,0.69480960985656992
Docking-44,full_support,mw_matched_chemical_group_disjoint,91,6320,6331,4117,4033,0,282.4205,282.4679999999999,0.047499999999899956,0.013620815996832958,row_centered_residual,0.99262438840052336,0.0073756115994766391,0.02748414376321353,0.82692307692307687,9.3399491975940965,9.1986684428145189,0.24521538397001649,0.2473152570189682
Docking-44,full_support,mw_matched_chemical_group_disjoint,92,6332,6319,4080,4070,0,282.40999999999997,282.4679999999999,0.057999999999935881,0.0094301926316535667,raw,0.99480315367449756,0.0051968463255024355,0.0021141649048625794,0.72727272727272729,1.8510011630421757,1.8159714960526681,0.69174048976002622,0.69744058275943044
Docking-44,full_support,mw_matched_chemical_group_disjoint,92,6332,6319,4080,4070,0,282.40999999999997,282.4679999999999,0.057999999999935881,0.0094301926316535667,row_centered_residual,0.98889794994998681,0.01110205005001319,0.041226215644820298,0.79245283018867929,9.5017773255475362,9.0159782189686801,0.2427706750219667,0.25016116025743806
Docking-44,full_support,mw_matched_chemical_group_disjoint,93,6318,6333,4034,4116,0,281.399,283.36000000000007,1.9610000000000696,0.01168572524959699,raw,0.99508903954276096,0.0049109604572390442,0.0021141649048625794,0.74311926605504586,1.8615855469367948,1.8050839979256326,0.6861415036926255,0.70304706863513711
Docking-44,full_support,mw_matched_chemical_group_disjoint,93,6318,6333,4034,4116,0,281.399,283.36000000000007,1.9610000000000696,0.01168572524959699,row_centered_residual,0.99072384058017982,0.0092761594198201847,0.03699788583509514,0.82692307692307687,8.8057626544982703,9.7831202567722038,0.25419032257262558,0.23803216844132924
Docking-44,full_support,mw_matched_chemical_group_disjoint,94,6322,6329,4083,4067,0,282.33950000000004,282.81499999999994,0.47549999999989723,0.009400519414980546,raw,0.99349711351872383,0.0065028864812761711,0.0010570824524312897,0.63793103448275867,1.8342634850324491,1.8326647823906754,0.69407114153975569,0.69500826979903585
Docking-44,full_support,mw_matched_chemical_group_disjoint,94,6322,6329,4083,4067,0,282.33950000000004,282.81499999999994,0.47549999999989723,0.009400519414980546,row_centered_residual,0.98691998090834077,0.013080019091659234,0.046511627906976744,0.74311926605504586,8.9709932595451249,9.5403153684967883,0.25011827006505066,0.24275922235438527
Docking-44,full_support,mw_matched_chemical_group_disjoint,95,6324,6327,4088,4062,0,281.36750000000001,283.38100000000003,2.0135000000000218,0.012476648225175135,raw,0.99621699104521222,0.003783008954787781,0.0021141649048625794,0.82692307692307687,1.8283082011267213,1.8389144466548282,0.69614478027713522,0.69296270018263617
Docking-44,full_support,mw_matched_chemical_group_disjoint,95,6324,6327,4088,4062,0,281.36750000000001,283.38100000000003,2.0135000000000218,0.012476648225175135,row_centered_residual,0.99313545067333042,0.0068645493266695778,0.032769556025369982,0.90000000000000002,9.1955723493195958,9.363004908206829,0.24816390758269213,0.24382419387506221
Docking-44,full_support,mw_matched_chemical_group_disjoint,96,6309,6342,4112,4038,0,282.774,281.60350000000005,1.1704999999999472,0.0091493538461446811,raw,0.99410208197811634,0.0058979180218836635,0.0031712473572938688,0.77570093457943923,1.8543284714759962,1.8124720114034401,0.69042666789984997,0.6988835563411907
Docking-44,full_support,mw_matched_chemical_group_disjoint,96,6309,6342,4112,4038,0,282.774,281.60350000000005,1.1704999999999472,0.0091493538461446811,row_centered_residual,0.98875640320595004,0.011243596794049959,0.046511627906976744,0.84466019417475724,9.0356704395360108,9.5138705971326001,0.2514737486618685,0.2408745892265404
Docking-44,full_support,mw_matched_chemical_group_disjoint,97,6326,6325,4068,4082,0,282.46999999999991,282.411,0.058999999999912234,0.013429862828480021,raw,0.99194793784317603,0.0080520621568239692,0,0.65217391304347827,1.8457958129330321,1.8201490046405238,0.69320835640154244,0.69605763650709596
Docking-44,full_support,mw_matched_chemical_group_disjoint,97,6326,6325,4068,4082,0,282.46999999999991,282.411,0.058999999999912234,0.013429862828480021,row_centered_residual,0.98872958501651309,0.011270414983486909,0.034883720930232558,0.74311926605504586,9.5668863405989271,8.9302065524300271,0.24055833913439029,0.25256791702056863
Docking-44,full_support,mw_matched_chemical_group_disjoint,98,6321,6330,4148,4002,0,282.79500000000007,282.38700000000006,0.40800000000001546,0.011060401235331585,raw,0.99519084093627919,0.0048091590637208137,0.0010570824524312897,0.7592592592592593,1.8417776181788379,1.8257300562054812,0.69383278568799989,0.69520891560194409
Docking-44,full_support,mw_matched_chemical_group_disjoint,98,6321,6330,4148,4002,0,282.79500000000007,282.38700000000006,0.40800000000001546,0.011060401235331585,row_centered_residual,0.99134248745014686,0.0086575125498531413,0.042283298097251586,0.82692307692307687,9.4662437322615069,9.0779848247468422,0.24177876124783104,0.25069356020355965
Docking-44,full_support,mw_matched_chemical_group_disjoint,99,6325,6326,4179,3971,0,282.77100000000007,281.40099999999995,1.3700000000001182,0.011532379701564177,raw,0.99606451574723454,0.0039354842527654643,0.0021141649048625794,0.7592592592592593,1.8347045876748864,1.8327843492741356,0.69344199543465113,0.6956390249186285
Docking-44,full_support,mw_matched_chemical_group_disjoint,99,6325,6326,4179,3971,0,282.77100000000007,281.40099999999995,1.3700000000001182,0.011532379701564177,row_centered_residual,0.99124971522505956,0.0087502847749404422,0.03699788583509514,0.80952380952380953,9.0239881301617366,9.5277898014407434,0.25063841973333201,0.24196161214438627
Docking-44,full_support,mw_matched_chemical_group_disjoint,100,6322,6329,4023,4127,0,284.26200000000006,281.27099999999996,2.9910000000000991,0.013338943992165619,raw,0.99632500087793407,0.0036749991220659251,0.0010570824524312897,0.79245283018867929,1.8232839406743158,1.8439307345952205,0.6977789428819976,0.69130699874729862
Docking-44,full_support,mw_matched_chemical_group_disjoint,100,6322,6329,4023,4127,0,284.26200000000006,281.27099999999996,2.9910000000000991,0.013338943992165619,row_centered_residual,0.98988775659289618,0.010112243407103816,0.051797040169133189,0.90000000000000002,9.3612141425787989,9.1862343590259066,0.24549402067333337,0.24738485093778154
Docking-44,full_support,mw_matched_chemical_group_disjoint,101,6322,6329,4076,4074,0,282.77099999999996,282.36799999999999,0.40299999999996317,0.0093954709217034527,raw,0.99429284265118356,0.0057071573488164384,0.0010570824524312897,0.77570093457943923,1.8462492428707828,1.8204984888676348,0.69366346281792102,0.69552191765675686
Docking-44,full_support,mw_matched_chemical_group_disjoint,101,6322,6329,4076,4074,0,282.77099999999996,282.36799999999999,0.40299999999996317,0.0093954709217034527,row_centered_residual,0.99120412997282403,0.0087958700271759671,0.035940803382663845,0.90000000000000002,9.4908176988177804,9.0581304149118704,0.24170915449581309,0.25060255676051785
Docking-44,full_support,mw_matched_chemical_group_disjoint,102,6320,6331,4039,4111,0,282.51599999999996,282.40899999999999,0.1069999999999709,0.0087759097788858709,raw,0.99609581308459028,0.0039041869154097242,0.0021141649048625794,0.82692307692307687,1.8357367760840353,1.8313586673689017,0.69323216691025591,0.6958844702638427
Docking-44,full_support,mw_matched_chemical_group_disjoint,102,6320,6331,4039,4111,0,282.51599999999996,282.40899999999999,0.1069999999999709,0.0087759097788858709,row_centered_residual,0.99187389015733096,0.0081261098426690381,0.043340380549682873,0.86274509803921573,9.381290251415793,9.171815475889316,0.2418365175236577,0.25035309060523075
Docking-44,full_support,mw_matched_chemical_group_disjoint,103,6322,6329,4103,4047,0,281.84699999999998,283.11000000000001,1.2630000000000337,0.01401436741204598,raw,0.99313970302894927,0.0068602969710507278,0,0.84466019417475724,1.8450839344869014,1.8206580913560684,0.69248213896795252,0.69686191527407282
Docking-44,full_support,mw_matched_chemical_group_disjoint,103,6322,6329,4103,4047,0,281.84699999999998,283.11000000000001,1.2630000000000337,0.01401436741204598,row_centered_residual,0.98844571192990904,0.011554288070090957,0.039112050739957716,0.86274509803921573,9.1154772225647331,9.4326159752491296,0.2508051707268964,0.24123160788445169
Docking-44,full_support,mw_matched_chemical_group_disjoint,104,6329,6322,4153,3997,0,283.34299999999996,281.62600000000003,1.7169999999999277,0.011245018924102124,raw,0.9965098224276534,0.0034901775723465978,0.0031712473572938688,0.80952380952380953,1.8106996033098062,1.8571861155394118,0.70024255042921779,0.6888042104171318
Docking-44,full_support,mw_matched_chemical_group_disjoint,104,6329,6322,4153,3997,0,283.34299999999996,281.62600000000003,1.7169999999999277,0.011245018924102124,row_centered_residual,0.99230042977495136,0.0076995702250486353,0.039112050739957716,0.86274509803921573,9.3355537645214604,9.2146897961422773,0.2453349711915396,0.24722759165026623
Docking-44,full_support,mw_matched_chemical_group_disjoint,105,6331,6320,4084,4066,0,283.36000000000007,281.39900000000011,1.9609999999999559,0.0084301128263777336,raw,0.99585742602859062,0.0041425739714093801,0.0031712473572938688,0.79245283018867929,1.8618004727633026,1.8054309456891071,0.68708040512792079,0.70212506550141984
Docking-44,full_support,mw_matched_chemical_group_disjoint,105,6331,6320,4084,4066,0,283.36000000000007,281.39900000000011,1.9609999999999559,0.0084301128263777336,row_centered_residual,0.99132326680274896,0.0086767331972510409,0.045454545454545456,0.86274509803921573,9.2407691719201797,9.3023583117494404,0.24633580881183098,0.2460436105955823
Docking-44,full_support,mw_matched_chemical_group_disjoint,106,6325,6326,4063,4087,0,282.221,282.77100000000007,0.55000000000006821,0.009930308320389325,raw,0.99740538269552759,0.002594617304472413,0.0031712473572938688,0.82692307692307687,1.8073983510056291,1.8608625456419072,0.70164687138948756,0.68727049176658705
Docking-44,full_support,mw_matched_chemical_group_disjoint,106,6325,6326,4063,4087,0,282.221,282.77100000000007,0.55000000000006821,0.009930308320389325,row_centered_residual,0.99386964821998314,0.0061303517800168628,0.0306553911205074,0.91919191919191923,9.1173214971778549,9.439795277650747,0.24974997876642657,0.24260636107162201
Docking-44,full_support,mw_matched_chemical_group_disjoint,107,6326,6325,4086,4064,0,282.38700000000006,282.51599999999996,0.12899999999990541,0.010440230980994447,raw,0.99400578029786546,0.00599421970213454,0.0010570824524312897,0.74311926605504586,1.8139634412966656,1.8524442030523567,0.69785963219948444,0.6913988728580468
Docking-44,full_support,mw_matched_chemical_group_disjoint,107,6326,6325,4086,4064,0,282.38700000000006,282.51599999999996,0.12899999999990541,0.010440230980994447,row_centered_residual,0.98653439147533106,0.013465608524668937,0.056025369978858354,0.86274509803921573,9.0553910655620697,9.4562202942706879,0.24913310294420593,0.24387643306997017
Docking-44,full_support,mw_matched_chemical_group_disjoint,108,6326,6325,4098,4052,0,282.51599999999996,282.387,0.12899999999996226,0.012029956050629953,raw,0.99508412098476184,0.004915879015238156,0.0031712473572938688,0.74311926605504586,1.786660350889381,1.882476788903878,0.70475283641501796,0.6842277188469148
Docking-44,full_support,mw_matched_chemical_group_disjoint,108,6326,6325,4098,4052,0,282.51599999999996,282.387,0.12899999999996226,0.012029956050629953,row_centered_residual,0.99044460256120093,0.0095553974387990737,0.034883720930232558,0.79245283018867929,9.4402855397663412,9.1105411227944106,0.24183139111785554,0.25011556039386545
Docking-44,full_support,mw_matched_chemical_group_disjoint,109,6339,6312,4035,4115,0,282.4679999999999,282.38850000000002,0.07949999999988222,0.0086476558596461084,raw,0.99364451433899637,0.0063554856610036348,0.0010570824524312897,0.65217391304347827,1.8292306784702088,1.8376444734315491,0.69478779757965115,0.69436524761508656
Docking-44,full_support,mw_matched_chemical_group_disjoint,109,6339,6312,4035,4115,0,282.4679999999999,282.38850000000002,0.07949999999988222,0.0086476558596461084,row_centered_residual,0.9924097436633964,0.0075902563366035958,0.038054968287526428,0.79245283018867929,9.1185654937383056,9.4047008328009998,0.24865466909377457,0.243988556496402
Docking-44,full_support,mw_matched_chemical_group_disjoint,110,6331,6320,4082,4068,0,282.387,282.75099999999998,0.3639999999999759,0.010670595162641572,raw,0.99402334252657176,0.0059766574734282374,0.0021141649048625794,0.68141592920353977,1.8532343452346889,1.8138337670315028,0.69084260419507237,0.69831619277392565
Docking-44,full_support,mw_matched_chemical_group_disjoint,110,6331,6320,4082,4068,0,282.387,282.75099999999998,0.3639999999999759,0.010670595162641572,row_centered_residual,0.98778305317928583,0.01221694682071417,0.044397463002114168,0.77570093457943923,9.5484479102183926,8.9675938804820419,0.24240884860539619,0.25063892859324644
Docking-44,full_support,mw_matched_chemical_group_disjoint,111,6320,6331,4067,4083,0,282.77100000000002,281.74600000000004,1.0249999999999773,0.012478231487016878,raw,0.99509632524538827,0.004903674754611731,0,0.80952380952380953,1.8387410787521066,1.8278725015441786,0.69337056995195601,0.69580989229250934
Docking-44,full_support,mw_matched_chemical_group_disjoint,111,6320,6331,4067,4083,0,282.77100000000002,281.74600000000004,1.0249999999999773,0.012478231487016878,row_centered_residual,0.98947035953985674,0.010529640460143264,0.047568710359408031,0.88118811881188119,9.2385912609420107,9.2875035113379685,0.24667547712912957,0.24613836053222068
Docking-44,full_support,mw_matched_chemical_group_disjoint,112,6326,6325,4056,4094,0,282.36700000000008,282.77099999999996,0.40399999999988268,0.013945033921116123,raw,0.99238408778449527,0.0076159122155047276,0.0021141649048625794,0.6964285714285714,1.8271945953815587,1.8409029755968476,0.69617232997878264,0.69265266803411907
Docking-44,full_support,mw_matched_chemical_group_disjoint,112,6326,6325,4056,4094,0,282.36700000000008,282.77099999999996,0.40399999999988268,0.013945033921116123,row_centered_residual,0.98702013805768607,0.012979861942313931,0.053911205073995772,0.79245283018867929,9.6336699098769198,8.8661679722535141,0.23909294657138516,0.25475212417006654
Docking-44,full_support,mw_matched_chemical_group_disjoint,113,6325,6326,4052,4098,0,282.36500000000007,282.76400000000001,0.39899999999994407,0.0097128232940409398,raw,0.99574323610570259,0.0042567638942974106,0,0.77570093457943923,1.8457123787131064,1.821249864495128,0.69334894056542873,0.69578270401896336
Docking-44,full_support,mw_matched_chemical_group_disjoint,113,6325,6326,4052,4098,0,282.36500000000007,282.76400000000001,0.39899999999994407,0.0097128232940409398,row_centered_residual,0.99023640723009576,0.0097635927699042391,0.042283298097251586,0.80952380952380953,9.5928878537285041,8.9485895164034694,0.24112447757673594,0.25158183633920017
Docking-44,full_support,mw_matched_chemical_group_disjoint,114,6326,6325,4041,4109,0,282.32300000000004,282.47199999999998,0.14899999999994407,0.0085121569930983743,raw,0.99779097212853729,0.0022090278714627098,0.0031712473572938688,0.77570093457943923,1.846217615667594,1.8217801053433318,0.69133722773062345,0.69767884455577656
Docking-44,full_support,mw_matched_chemical_group_disjoint,114,6326,6325,4041,4109,0,282.32300000000004,282.47199999999998,0.14899999999994407,0.0085121569930983743,row_centered_residual,0.99486964634185948,0.0051303536581405185,0.032769556025369982,0.86274509803921573,9.319050523119321,9.2419871198737589,0.24526322683734306,0.24724266454279942
Docking-44,full_support,mw_matched_chemical_group_disjoint,115,6328,6323,4061,4089,0,282.36700000000008,282.77099999999996,0.40399999999988268,0.0095852878330530134,raw,0.99505520496655275,0.0049447950334472468,0.0010570824524312897,0.7592592592592593,1.8521269532116651,1.8138709479694304,0.68974867968744813,0.69960357159157671
Docking-44,full_support,mw_matched_chemical_group_disjoint,115,6328,6323,4061,4089,0,282.36700000000008,282.77099999999996,0.40399999999988268,0.0095852878330530134,row_centered_residual,0.99214334775838642,0.007856652241613582,0.034883720930232558,0.86274509803921573,8.9485511968414304,9.6509353782276719,0.25367358031842568,0.2378338675239404
Docking-44,full_support,mw_matched_chemical_group_disjoint,116,6329,6322,4081,4069,0,282.33600000000001,282.77100000000002,0.43500000000000227,0.013830572265707275,raw,0.99590000628285524,0.0040999937171447565,0.0021141649048625794,0.84466019417475724,1.8221372403492346,1.8445367532289905,0.69677562657226677,0.69244449879755954
Docking-44,full_support,mw_matched_chemical_group_disjoint,116,6329,6322,4081,4069,0,282.33600000000001,282.77100000000002,0.43500000000000227,0.013830572265707275,row_centered_residual,0.99217583575531554,0.0078241642446844617,0.032769556025369982,0.86274509803921573,9.579840181402572,8.9985500525290174,0.2396814682974196,0.25209948683093741
Docking-44,full_support,mw_matched_chemical_group_disjoint,117,6339,6312,4008,4142,0,282.774,281.74450000000002,1.0294999999999845,0.0089181012945991345,raw,0.99440942806773702,0.0055905719322629777,0.0010570824524312897,0.80952380952380953,1.7938434848142903,1.875534452550659,0.70343003563696338,0.68541293218709254
Docking-44,full_support,mw_matched_chemical_group_disjoint,117,6339,6312,4008,4142,0,282.774,281.74450000000002,1.0294999999999845,0.0089181012945991345,row_centered_residual,0.98794618771534848,0.012053812284651522,0.047568710359408031,0.86274509803921573,9.7156490157375579,8.8502702825749555,0.23663255671495961,0.25584486338673529
Docking-44,full_support,mw_matched_chemical_group_disjoint,118,6325,6326,3999,4151,0,282.38700000000006,282.46999999999991,0.0829999999998563,0.011685433976599491,raw,0.99710793041998058,0.0028920695800194185,0,0.82692307692307687,1.8348173934103362,1.8325472500796265,0.69471491535840135,0.6943717626195125
Docking-44,full_support,mw_matched_chemical_group_disjoint,118,6325,6326,3999,4151,0,282.38700000000006,282.46999999999991,0.0829999999998563,0.011685433976599491,row_centered_residual,0.99297924747692679,0.0070207525230732148,0.03382663847780127,0.84466019417475724,9.2861334245366542,9.267058257687582,0.24698483408876293,0.24515645856127635
Docking-44,full_support,mw_matched_chemical_group_disjoint,119,6329,6322,4118,4032,0,282.536,282.37800000000004,0.15799999999995862,0.013659223404774878,raw,0.99620647355231462,0.0037935264476853803,0.0010570824524312897,0.79245283018867929,1.8399310748113085,1.8274660562420011,0.69375325160343027,0.69531572137706577
Docking-44,full_support,mw_matched_chemical_group_disjoint,119,6329,6322,4118,4032,0,282.536,282.37800000000004,0.15799999999995862,0.013659223404774878,row_centered_residual,0.99132790187037378,0.0086720981296262156,0.046511627906976744,0.84466019417475724,9.1741225907983956,9.3732965370014174,0.2483302966778046,0.2441634469697482
Docking-44,full_support,mw_matched_chemical_group_disjoint,120,6325,6326,4128,4022,0,282.221,282.77100000000007,0.55000000000006821,0.0085531197554730154,raw,0.99712675418085395,0.002873245819146053,0.0042283298097251587,0.80952380952380953,1.8242358203807705,1.8443248787121531,0.69689307655920296,0.69189228250537338
Docking-44,full_support,mw_matched_chemical_group_disjoint,120,6325,6326,4128,4022,0,282.221,282.77100000000007,0.55000000000006821,0.0085531197554730154,row_centered_residual,0.99454673663067361,0.0054532633693263888,0.028541226215644821,0.90000000000000002,9.2825916391135195,9.2828992971509621,0.24710768261088192,0.2449651298605415
Docking-44,full_support,mw_matched_chemical_group_disjoint,121,6323,6328,4061,4089,0,282.75700000000001,282.38700000000006,0.3699999999999477,0.012547353360286673,raw,0.99394487239088281,0.0060551276091171946,0.0010570824524312897,0.72727272727272729,1.8461349969701148,1.8197323578805913,0.69213654935191338,0.6972313398302139
Docking-44,full_support,mw_matched_chemical_group_disjoint,121,6323,6328,4061,4089,0,282.75700000000001,282.38700000000006,0.3699999999999477,0.012547353360286673,row_centered_residual,0.9905548236188445,0.0094451763811554956,0.043340380549682873,0.84466019417475724,9.0127946236425434,9.5461788447713101,0.25211441193327438,0.2401838923089088
Docking-44,full_support,mw_matched_chemical_group_disjoint,122,6328,6323,3982,4168,0,283.09550000000002,281.44300000000004,1.652499999999975,0.014350190033256105,raw,0.99521442733544585,0.0047855726645541496,0.0010570824524312897,0.74311926605504586,1.8675422732878533,1.8003260801965526,0.68859749331893527,0.70045750478998059
Docking-44,full_support,mw_matched_chemical_group_disjoint,122,6328,6323,3982,4168,0,283.09550000000002,281.44300000000004,1.652499999999975,0.014350190033256105,row_centered_residual,0.98964815052828592,0.010351849471714081,0.051797040169133189,0.79245283018867929,9.5600934739162291,8.9506372983090436,0.24219801245540987,0.25103433216549237
Docking-44,full_support,mw_matched_chemical_group_disjoint,123,6326,6325,3989,4161,0,282.38850000000002,282.51599999999996,0.12749999999994088,0.01233728923484112,raw,0.99553909468695434,0.00446090531304566,0.0021141649048625794,0.7592592592592593,1.8234988498770972,1.8444564650061321,0.6958484319163204,0.69316714715584249
Docking-44,full_support,mw_matched_chemical_group_disjoint,123,6326,6325,3989,4161,0,282.38850000000002,282.51599999999996,0.12749999999994088,0.01233728923484112,row_centered_residual,0.99298837586698885,0.0070116241330111517,0.039112050739957716,0.88118811881188119,8.9891884123603791,9.5779341233342432,0.25177533783813028,0.2406835792680147
Docking-44,full_support,mw_matched_chemical_group_disjoint,124,6331,6320,4116,4034,0,283.36799999999994,281.399,1.9689999999999372,0.010228851802163041,raw,0.99572261218095059,0.0042773878190494052,0.0031712473572938688,0.79245283018867929,1.833822171402897,1.83390631736456,0.6951419496044694,0.69381508786832757
Docking-44,full_support,mw_matched_chemical_group_disjoint,124,6331,6320,4116,4034,0,283.36799999999994,281.399,1.9689999999999372,0.010228851802163041,row_centered_residual,0.99459023822865555,0.0054097617713444457,0.038054968287526428,0.88118811881188119,9.5341121704020626,9.0221044103552277,0.24067768811630272,0.25187055486808235
Docking-44,full_support,mw_matched_chemical_group_disjoint,125,6336,6315,4113,4037,0,282.51599999999996,282.38700000000006,0.12899999999990541,0.013881616041651723,raw,0.99501387206993652,0.0049861279300634775,0.0010570824524312897,0.68141592920353977,1.7937251928455902,1.8756044657133255,0.70192346515394111,0.68696966453223751
Docking-44,full_support,mw_matched_chemical_group_disjoint,125,6336,6315,4113,4037,0,282.51599999999996,282.38700000000006,0.12899999999990541,0.013881616041651723,row_centered_residual,0.99109551063579682,0.008904489364203183,0.039112050739957716,0.80952380952380953,9.3947087025974128,9.1483281941595518,0.24255515645543652,0.24953657840491583
Docking-44,full_support,mw_matched_chemical_group_disjoint,126,6329,6322,4069,4081,0,283.11000000000001,281.41000000000003,1.6999999999999886,0.013764192076874682,raw,0.99450445404130228,0.0054955459586977229,0.0031712473572938688,0.7592592592592593,1.8134640917148506,1.8532454249145489,0.70056135047677837,0.68868986289615486
Docking-44,full_support,mw_matched_chemical_group_disjoint,126,6329,6322,4069,4081,0,283.11000000000001,281.41000000000003,1.6999999999999886,0.013764192076874682,row_centered_residual,0.99000057158746768,0.0099994284125323185,0.047568710359408031,0.88118811881188119,9.7694794043154189,8.8391826233129311,0.2373096975335125,0.25473701996928172
Docking-44,full_support,mw_matched_chemical_group_disjoint,127,6319,6332,4011,4139,0,281.42400000000004,283.37099999999998,1.9469999999999459,0.012153456915876215,raw,0.99638653246374065,0.0036134675362593516,0.0021141649048625794,0.84466019417475724,1.856235643680892,1.8116099120925391,0.68841040640418538,0.70051252156568777
Docking-44,full_support,mw_matched_chemical_group_disjoint,127,6319,6332,4011,4139,0,281.42400000000004,283.37099999999998,1.9469999999999459,0.012153456915876215,row_centered_residual,0.99203060363640894,0.0079693963635910636,0.03699788583509514,0.90000000000000002,9.5091374826737916,9.0388106085941402,0.24130910514893669,0.25118113747915088
Docking-44,full_support,mw_matched_chemical_group_disjoint,128,6329,6322,4137,4013,0,281.827,282.96249999999998,1.1354999999999791,0.0083973937978210345,raw,0.99576381750689835,0.0042361824931016479,0.0021141649048625794,0.77570093457943923,1.8180478946118199,1.8486735214561556,0.69794711902377915,0.6912763944961352
Docking-44,full_support,mw_matched_chemical_group_disjoint,128,6329,6322,4137,4013,0,281.827,282.96249999999998,1.1354999999999791,0.0083973937978210345,row_centered_residual,0.99093849949182577,0.009061500508174225,0.029598308668076109,0.80952380952380953,9.5840524600470118,8.9811959883160739,0.24027482553216142,0.25184852704545174
Docking-44,full_support,mw_matched_chemical_group_disjoint,129,6326,6325,4142,4008,0,281.42099999999999,282.77100000000007,1.3500000000000796,0.0090530204101524903,raw,0.99656059555374388,0.0034394044462561224,0.0031712473572938688,0.80952380952380953,1.8392000003702789,1.8280765077742833,0.69312514737062314,0.69602609778041125
Docking-44,full_support,mw_matched_chemical_group_disjoint,129,6326,6325,4142,4008,0,281.42099999999999,282.77100000000007,1.3500000000000796,0.0090530204101524903,row_centered_residual,0.99269178823708404,0.0073082117629159615,0.034883720930232558,0.86274509803921573,9.2414152716943647,9.3098401400842619,0.24736131033000944,0.24484870042079873
Docking-44,full_support,mw_matched_chemical_group_disjoint,130,6330,6321,4073,4077,0,281.39900000000011,283.33100000000002,1.9319999999999027,0.0095153370507246038,raw,0.99273949966712893,0.0072605003328710671,0.0010570824524312897,0.74311926605504586,1.883451306473678,1.7841768903555604,0.68383661485405456,0.70550566240297219
Docking-44,full_support,mw_matched_chemical_group_disjoint,130,6330,6321,4073,4077,0,281.39900000000011,283.33100000000002,1.9319999999999027,0.0095153370507246038,row_centered_residual,0.98776305293335787,0.012236947066642134,0.043340380549682873,0.7592592592592593,9.1243449471382512,9.4163679041966422,0.25099065176203494,0.24061812864360352
Docking-44,full_support,mw_matched_chemical_group_disjoint,131,6323,6328,4117,4033,0,282.36900000000003,282.52600000000001,0.15699999999998226,0.01399994461653753,raw,0.99593184225192266,0.004068157748077339,0.0021141649048625794,0.82692307692307687,1.8082066634382861,1.860022647347922,0.69991946451733134,0.68906554067888992
Docking-44,full_support,mw_matched_chemical_group_disjoint,131,6323,6328,4117,4033,0,282.36900000000003,282.52600000000001,0.15699999999998226,0.01399994461653753,row_centered_residual,0.99108245590404653,0.0089175440959534669,0.046511627906976744,0.86274509803921573,9.5437390486059037,9.0267683604403679,0.241077092454799,0.25111168441292625
Docking-44,full_support,mw_matched_chemical_group_disjoint,132,6325,6326,4028,4122,0,281.44300000000004,283.34299999999996,1.8999999999999204,0.015234648648716209,raw,0.99692108191408291,0.0030789180859170928,0.0031712473572938688,0.80952380952380953,1.8212637666121336,1.8464410141477616,0.69773289347417899,0.69134947863356733
Docking-44,full_support,mw_matched_chemical_group_disjoint,132,6325,6326,4028,4122,0,281.44300000000004,283.34299999999996,1.8999999999999204,0.015234648648716209,row_centered_residual,0.99332187394366578,0.0066781260563342215,0.035940803382663845,0.84466019417475724,9.2317776760371597,9.3254348242793448,0.24723067066914356,0.24491010250056522
Docking-44,full_support,mw_matched_chemical_group_disjoint,133,6328,6323,4065,4085,0,282.37800000000004,282.63599999999997,0.25799999999992451,0.013933039594377084,raw,0.99481117645209871,0.005188823547901289,0.0010570824524312897,0.72727272727272729,1.8230790901052796,1.8440139553793411,0.69632342488035093,0.69280918969495553
Docking-44,full_support,mw_matched_chemical_group_disjoint,133,6328,6323,4065,4085,0,282.37800000000004,282.63599999999997,0.25799999999992451,0.013933039594377084,row_centered_residual,0.99240947434754057,0.0075905256524594344,0.034883720930232558,0.82692307692307687,8.9324859388803652,9.5953401509265301,0.25230618249996883,0.2405485486205641
Docking-44,full_support,mw_matched_chemical_group_disjoint,134,6323,6328,4181,3969,0,282.536,282.33500000000004,0.20099999999996498,0.0098389370933839038,raw,0.99594665462399545,0.0040533453760045468,0.0010570824524312897,0.77570093457943923,1.8443602628590785,1.8225257487384465,0.69174632998429908,0.69747792221362126
Docking-44,full_support,mw_matched_chemical_group_disjoint,134,6323,6328,4181,3969,0,282.536,282.33500000000004,0.20099999999996498,0.0098389370933839038,row_centered_residual,0.99393794105122391,0.0060620589487760945,0.029598308668076109,0.84466019417475724,9.0342537352239631,9.5465084098505777,0.2511824578115846,0.240740516966613
Docking-44,full_support,mw_matched_chemical_group_disjoint,135,6327,6324,4207,3943,0,282.303,282.77099999999996,0.46799999999996089,0.0095838623003309253,raw,0.9936934164286142,0.0063065835713858043,0.0010570824524312897,0.77570093457943923,1.8366856772349007,1.8309217662986823,0.69318528686214398,0.69576929639471008
Docking-44,full_support,mw_matched_chemical_group_disjoint,135,6327,6324,4207,3943,0,282.303,282.77099999999996,0.46799999999996089,0.0095838623003309253,row_centered_residual,0.99251880241050439,0.007481197589495614,0.031712473572938688,0.88118811881188119,9.3713134215548042,9.1723829180649581,0.24350462159452202,0.24903705859924968
Docking-44,full_support,mw_matched_chemical_group_disjoint,136,6328,6323,3939,4211,0,282.76400000000001,282.221,0.54300000000000637,0.0093136939309922395,raw,0.99459777907262004,0.0054022209273799637,0.0031712473572938688,0.77570093457943923,1.8403006068746599,1.8254863899587725,0.69507436196703398,0.69418738570584038
Docking-44,full_support,mw_matched_chemical_group_disjoint,136,6328,6323,3939,4211,0,282.76400000000001,282.221,0.54300000000000637,0.0093136939309922395,row_centered_residual,0.98690946341544294,0.013090536584557055,0.047568710359408031,0.86274509803921573,9.416168949001781,9.1149710029859747,0.24461105167854558,0.24789983381397374
Docking-44,full_support,mw_matched_chemical_group_disjoint,137,6323,6328,4042,4108,0,282.47199999999998,282.37800000000004,0.093999999999937245,0.0076820811305744474,raw,0.99543133999556954,0.0045686600044304582,0.0031712473572938688,0.80952380952380953,1.8537318076282052,1.8139454103210115,0.68982612405553734,0.6992363093703472
Docking-44,full_support,mw_matched_chemical_group_disjoint,137,6323,6328,4042,4108,0,282.47199999999998,282.37800000000004,0.093999999999937245,0.0076820811305744474,row_centered_residual,0.99252003559363389,0.007479964406366113,0.039112050739957716,0.88118811881188119,9.2557195999421396,9.2902697103472605,0.24612610310079541,0.24606099834579698
Docking-44,full_support,mw_matched_chemical_group_disjoint,138,6325,6326,4069,4081,0,281.40299999999991,283.34099999999995,1.938000000000045,0.017712058522516338,raw,0.99626743815737195,0.003732561842628046,0.0021141649048625794,0.79245283018867929,1.8384729271041949,1.828660387284728,0.69411787757716892,0.69512723853741132
Docking-44,full_support,mw_matched_chemical_group_disjoint,138,6325,6326,4069,4081,0,281.40299999999991,283.34099999999995,1.938000000000045,0.017712058522516338,row_centered_residual,0.99049441182001763,0.0095055881799823716,0.043340380549682873,0.86274509803921573,9.5550242786424828,9.0024920226552805,0.24226266327395571,0.2501188182135512
Docking-44,full_support,mw_matched_chemical_group_disjoint,139,6313,6338,4249,3901,0,282.22399999999993,282.77100000000002,0.54700000000008231,0.010875268427104234,raw,0.99243613661727148,0.0075638633827285195,0.0021141649048625794,0.66666666666666663,1.8001608343493374,1.8722671366223236,0.70151494070270848,0.68675354907133779
Docking-44,full_support,mw_matched_chemical_group_disjoint,139,6313,6338,4249,3901,0,282.22399999999993,282.77100000000002,0.54700000000008231,0.010875268427104234,row_centered_residual,0.9926470392814537,0.0073529607185462975,0.03382663847780127,0.77570093457943923,9.0050597606883329,9.5419678250575082,0.2506849961042853,0.24159594359022368
Docking-44,full_support,mw_matched_chemical_group_disjoint,140,6321,6330,4146,4004,0,281.42099999999999,282.77100000000007,1.3500000000000796,0.010774136613754981,raw,0.99704577515534987,0.0029542248446501329,0.0010570824524312897,0.74311926605504586,1.8400821375772773,1.8269408911089304,0.69178384404621152,0.6973522886732485
Docking-44,full_support,mw_matched_chemical_group_disjoint,140,6321,6330,4146,4004,0,281.42099999999999,282.77100000000007,1.3500000000000796,0.010774136613754981,row_centered_residual,0.99458911844167597,0.0054108815583240322,0.0306553911205074,0.86274509803921573,9.1539182863272863,9.4129674368404164,0.24864476946450376,0.24333917455762308
Docking-44,full_support,mw_matched_chemical_group_disjoint,141,6324,6327,4060,4090,0,281.42099999999994,283.375,1.9540000000000646,0.010359880503693519,raw,0.9973378127647422,0.0026621872352577958,0.0021141649048625794,0.74311926605504586,1.8529747113611812,1.8144179160487051,0.69022228648548056,0.6989436335344742
Docking-44,full_support,mw_matched_chemical_group_disjoint,141,6324,6327,4060,4090,0,281.42099999999994,283.375,1.9540000000000646,0.010359880503693519,row_centered_residual,0.9941300199545331,0.0058699800454669049,0.032769556025369982,0.84466019417475724,9.4048024469284783,9.1527220951551023,0.24407171918918832,0.24827876193088375
Docking-44,full_support,mw_matched_chemical_group_disjoint,142,6328,6323,4073,4077,0,283.39649999999995,281.37599999999998,2.02049999999997,0.010938883649342257,raw,0.99608766273632054,0.0039123372636794551,0.0010570824524312897,0.7592592592592593,1.8278913688237868,1.8394158237191132,0.6958576469824771,0.69321821671252304
Docking-44,full_support,mw_matched_chemical_group_disjoint,142,6328,6323,4073,4077,0,283.39649999999995,281.37599999999998,2.02049999999997,0.010938883649342257,row_centered_residual,0.99388664346794053,0.0061133565320594663,0.03699788583509514,0.84466019417475724,9.2462286273107637,9.3055018893700137,0.2465128629959896,0.24564765439955255
Docking-44,full_support,mw_matched_chemical_group_disjoint,143,6322,6329,4088,4062,0,282.49399999999997,282.38700000000006,0.10699999999991405,0.010186484843598409,raw,0.99619404249938848,0.0038059575006115232,0.0031712473572938688,0.82692307692307687,1.8522614309719718,1.8149837574169789,0.69120178574749547,0.69795543519955627
Docking-44,full_support,mw_matched_chemical_group_disjoint,143,6322,6329,4088,4062,0,282.49399999999997,282.38700000000006,0.10699999999991405,0.010186484843598409,row_centered_residual,0.99207016471818399,0.0079298352818160112,0.035940803382663845,0.88118811881188119,9.1518869827856211,9.4110134417174311,0.24856974166447474,0.24362813126404945
Docking-44,full_support,mw_matched_chemical_group_disjoint,144,6321,6330,4105,4045,0,282.79500000000007,281.76350000000002,1.0315000000000509,0.015086400481056472,raw,0.99698876524101809,0.0030112347589819066,0.0021141649048625794,0.82692307692307687,1.8370528381561719,1.8302961283656554,0.69525688029305233,0.69382536612744394
Docking-44,full_support,mw_matched_chemical_group_disjoint,144,6321,6330,4105,4045,0,282.79500000000007,281.76350000000002,1.0315000000000509,0.015086400481056472,row_centered_residual,0.993806585786154,0.0061934142138460047,0.039112050739957716,0.90000000000000002,9.4925078544291992,9.0717450991957929,0.24245189047412444,0.24998588803391728
Docking-44,full_support,mw_matched_chemical_group_disjoint,145,6326,6325,4122,4028,0,282.77100000000007,281.74299999999994,1.0280000000001337,0.013396347841082568,raw,0.99661074500101021,0.003389254998989788,0.0010570824524312897,0.79245283018867929,1.8425966172312747,1.8242962947206967,0.69138570541172029,0.69780390781439505
Docking-44,full_support,mw_matched_chemical_group_disjoint,145,6326,6325,4122,4028,0,282.77100000000007,281.74299999999994,1.0280000000001337,0.013396347841082568,row_centered_residual,0.99371467820670922,0.0062853217932907768,0.0306553911205074,0.84466019417475724,9.0717037485420686,9.5126066334521102,0.24923601453620314,0.24272088291216457
Docking-44,full_support,mw_matched_chemical_group_disjoint,146,6331,6320,4131,4019,0,282.83499999999998,281.98050000000001,0.85449999999997317,0.012460686715358715,raw,0.99547026322400189,0.0045297367759981055,0.0021141649048625794,0.84466019417475724,1.8549267877865518,1.8114881465797896,0.69030829396474314,0.69903319641339223
Docking-44,full_support,mw_matched_chemical_group_disjoint,146,6331,6320,4131,4019,0,282.83499999999998,281.98050000000001,0.85449999999997317,0.012460686715358715,row_centered_residual,0.99229215185601327,0.0077078481439867286,0.03699788583509514,0.88118811881188119,9.1350571343214781,9.4311744163176865,0.25058739444633799,0.24129011883154308
Docking-44,full_support,mw_matched_chemical_group_disjoint,147,6323,6328,4068,4082,0,282.77100000000002,282.30150000000003,0.46949999999998226,0.0086190013661919807,raw,0.99625163356898805,0.0037483664310119513,0.0021141649048625794,0.77570093457943923,1.8114697144820398,1.8559083970714092,0.69938494279626773,0.68976420996895926
Docking-44,full_support,mw_matched_chemical_group_disjoint,147,6323,6328,4068,4082,0,282.77100000000002,282.30150000000003,0.46949999999998226,0.0086190013661919807,row_centered_residual,0.99239012612947419,0.0076098738705258073,0.026427061310782242,0.86274509803921573,9.2798129789564232,9.276348710070879,0.24523211211481707,0.24678498240227628
Docking-44,full_support,mw_matched_chemical_group_disjoint,148,6324,6327,4083,4067,0,281.39900000000011,283.24300000000005,1.8439999999999372,0.012231546437079244,raw,0.99625490788281468,0.0037450921171853224,0.0010570824524312897,0.74311926605504586,1.8034513141279549,1.8646751513226605,0.70130253476633431,0.68777028461223633
Docking-44,full_support,mw_matched_chemical_group_disjoint,148,6324,6327,4083,4067,0,281.39900000000011,283.24300000000005,1.8439999999999372,0.012231546437079244,row_centered_residual,0.99348519274847202,0.0065148072515279765,0.031712473572938688,0.84466019417475724,9.2241329784442794,9.3246364677590474,0.24752844602219046,0.244812053503315
Docking-44,full_support,mw_matched_chemical_group_disjoint,149,6324,6327,4052,4098,0,282.51599999999996,282.38700000000006,0.12899999999990541,0.010620652611065151,raw,0.99643434311541657,0.0035656568845834347,0.0010570824524312897,0.79245283018867929,1.8602854545007526,1.8075148567021355,0.68936392313371453,0.69973875980236921
Docking-44,full_support,mw_matched_chemical_group_disjoint,149,6324,6327,4052,4098,0,282.51599999999996,282.38700000000006,0.12899999999990541,0.010620652611065151,row_centered_residual,0.99419098455959032,0.0058090154404096817,0.035940803382663845,0.91919191919191923,9.4421953814361892,9.1084308702766545,0.2431247200792187,0.24902867177869062
Docking-44,full_support,mw_matched_chemical_group_disjoint,150,6327,6324,4009,4141,0,281.42099999999999,282.95799999999997,1.5369999999999777,0.011591087742091388,raw,0.99688353361396742,0.0031164663860325792,0.0021141649048625794,0.82692307692307687,1.8254020470307939,1.8412389234969972,0.69713070644954833,0.69215840720070509
Docking-44,full_support,mw_matched_chemical_group_disjoint,150,6327,6324,4009,4141,0,281.42099999999999,282.95799999999997,1.5369999999999777,0.011591087742091388,row_centered_residual,0.99161074021711038,0.0083892597828896243,0.042283298097251586,0.88118811881188119,9.6489287710517875,8.9349057256016753,0.23902402920579219,0.25328248556220528
Docking-44,full_support,mw_matched_chemical_group_disjoint,151,6332,6319,4107,4043,0,282.42200000000003,282.4679999999999,0.045999999999878582,0.0078715816301486718,raw,0.99706218924803924,0.0029378107519607566,0.0021141649048625794,0.82692307692307687,1.8377375062098649,1.8294281381343025,0.69386284323860059,0.69524671215607237
Docking-44,full_support,mw_matched_chemical_group_disjoint,151,6332,6319,4107,4043,0,282.42200000000003,282.4679999999999,0.045999999999878582,0.0078715816301486718,row_centered_residual,0.99443173876021773,0.0055682612397822684,0.0306553911205074,0.86274509803921573,9.6007930735516123,8.9702666833935147,0.2400283850445496,0.25232073125851673
Docking-44,full_support,mw_matched_chemical_group_disjoint,152,6324,6327,4036,4114,0,282.79449999999997,281.76300000000003,1.0314999999999372,0.01235555939440891,raw,0.99453606321806987,0.0054639367819301343,0.0010570824524312897,0.7592592592592593,1.8457836822198721,1.8233221989114625,0.69300466373658431,0.69569368505570117
Docking-44,full_support,mw_matched_chemical_group_disjoint,152,6324,6327,4036,4114,0,282.79449999999997,281.76300000000003,1.0314999999999372,0.01235555939440891,row_centered_residual,0.9901561936286033,0.0098438063713967017,0.031712473572938688,0.80952380952380953,9.5695027868192515,8.9774730116031876,0.24069961055449612,0.25181455782920242
Docking-44,full_support,mw_matched_chemical_group_disjoint,153,6319,6332,4074,4076,0,282.29899999999998,282.76400000000001,0.46500000000003183,0.016272130786664785,raw,0.99407377546421272,0.0059262245357872834,0.0010570824524312897,0.79245283018867929,1.796164742604146,1.8733993694385072,0.70183362024265605,0.68702433436101096
Docking-44,full_support,mw_matched_chemical_group_disjoint,153,6319,6332,4074,4076,0,282.29899999999998,282.76400000000001,0.46500000000003183,0.016272130786664785,row_centered_residual,0.98932091758888729,0.010679082411112706,0.046511627906976744,0.88118811881188119,9.2437413476781636,9.2919230879297832,0.24544198054377525,0.24725134765587289
Docking-44,full_support,mw_matched_chemical_group_disjoint,154,6325,6326,4059,4091,0,282.77100000000007,281.94850000000002,0.82250000000004775,0.0098366862899709195,raw,0.99694825446648816,0.0030517455335118404,0.0010570824524312897,0.84466019417475724,1.8231159581954579,1.844336171184672,0.69663534873492261,0.69247055262044643
Docking-44,full_support,mw_matched_chemical_group_disjoint,154,6325,6326,4059,4091,0,282.77100000000007,281.94850000000002,0.82250000000004775,0.0098366862899709195,row_centered_residual,0.99441743667081917,0.0055825633291808341,0.0306553911205074,0.90000000000000002,9.1304901213839287,9.4339113415250377,0.24889527252047944,0.24325095087254697
Docking-44,full_support,mw_matched_chemical_group_disjoint,155,6323,6328,4054,4096,0,282.411,282.49199999999996,0.080999999999960437,0.014364085883955102,raw,0.99314293481921967,0.0068570651807803307,0.0010570824524312897,0.82692307692307687,1.8766306437559293,1.7920766317171699,0.68585838547702338,0.70310659376090145
Docking-44,full_support,mw_matched_chemical_group_disjoint,155,6323,6328,4054,4096,0,282.411,282.49199999999996,0.080999999999960437,0.014364085883955102,row_centered_residual,0.98691869102713614,0.013081308972863859,0.046511627906976744,0.84466019417475724,8.8303726463902041,9.7535243470891153,0.25586055950774528,0.23645140732186831
Docking-44,full_support,mw_matched_chemical_group_disjoint,156,6321,6330,4085,4065,0,281.42400000000004,282.77100000000007,1.3470000000000368,0.0077856029439219432,raw,0.99453568050606422,0.0054643194939357764,0.0010570824524312897,0.77570093457943923,1.8506390647009676,1.8156722435698207,0.69007518770854215,0.69915995907493256
Docking-44,full_support,mw_matched_chemical_group_disjoint,156,6321,6330,4085,4065,0,281.42400000000004,282.77100000000007,1.3470000000000368,0.0077856029439219432,row_centered_residual,0.98884894863873773,0.011151051361262265,0.041226215644820298,0.88118811881188119,8.7975269135671077,9.7768513113090894,0.25626302229217718,0.23596029860358
Docking-44,full_support,mw_matched_chemical_group_disjoint,157,6320,6331,4099,4051,0,282.39800000000002,282.51599999999996,0.11799999999993815,0.013647982901095479,raw,0.99517211639703707,0.0048278836029629346,0.0021141649048625794,0.74311926605504586,1.8091431664180968,1.8575746342739952,0.69930893028411045,0.68995481478804466
Docking-44,full_support,mw_matched_chemical_group_disjoint,157,6320,6331,4099,4051,0,282.39800000000002,282.51599999999996,0.11799999999993815,0.013647982901095479,row_centered_residual,0.99056678691265265,0.0094332130873473474,0.040169133192389003,0.86274509803921573,9.3933227000149113,9.1486375109497136,0.24294891755354267,0.24922303415032235
Docking-44,full_support,mw_matched_chemical_group_disjoint,158,6327,6324,4203,3947,0,282.63599999999997,282.31800000000004,0.31799999999992679,0.012043502605771583,raw,0.99699749674455596,0.0030025032554440445,0.0021141649048625794,0.77570093457943923,1.8110175545537239,1.8576279849329973,0.69995264867266238,0.68894999164285209
Docking-44,full_support,mw_matched_chemical_group_disjoint,158,6327,6324,4203,3947,0,282.63599999999997,282.31800000000004,0.31799999999992679,0.012043502605771583,row_centered_residual,0.99412218144567532,0.0058778185543246764,0.0306553911205074,0.88118811881188119,9.304320399204105,9.2559838478630709,0.24647120881784984,0.24561778499622056
Docking-44,full_support,mw_matched_chemical_group_disjoint,159,6330,6321,4048,4102,0,282.23749999999995,282.774,0.53650000000004638,0.010391825638003449,raw,0.99646729887146357,0.0035327011285364307,0.0021141649048625794,0.7592592592592593,1.844421734252387,1.8222514570517807,0.691823281503117,0.69741436236380439
Docking-44,full_support,mw_matched_chemical_group_disjoint,159,6330,6321,4048,4102,0,282.23749999999995,282.774,0.53650000000004638,0.010391825638003449,row_centered_residual,0.9943642538765447,0.0056357461234552986,0.025369978858350951,0.80952380952380953,9.2202971624165713,9.3475266457775792,0.24694630416944363,0.24488366311592522
Docking-44,full_support,mw_matched_chemical_group_disjoint,160,6315,6336,4096,4054,0,283.37099999999992,281.40999999999997,1.9609999999999559,0.010152894743155949,raw,0.99612556539940422,0.0038744346005957775,0,0.80952380952380953,1.8331280793341636,1.8345917782159695,0.69436164457445493,0.69461884226150727
Docking-44,full_support,mw_matched_chemical_group_disjoint,160,6315,6336,4096,4054,0,283.37099999999992,281.40999999999997,1.9609999999999559,0.010152894743155949,row_centered_residual,0.99142805901971909,0.0085719409802809121,0.045454545454545456,0.82692307692307687,9.2553590444083333,9.2815545613472761,0.2458933714464264,0.24671326119149586
Docking-44,full_support,mw_matched_chemical_group_disjoint,161,6323,6328,4112,4038,0,282.47199999999998,282.41149999999999,0.06049999999999045,0.0088219407684865248,raw,0.99604420366189483,0.0039557963381051664,0.0021141649048625794,0.7592592592592593,1.8435549510152633,1.8224098024148747,0.68991511572942033,0.69937175947002794
Docking-44,full_support,mw_matched_chemical_group_disjoint,161,6323,6328,4112,4038,0,282.47199999999998,282.41149999999999,0.06049999999999045,0.0088219407684865248,row_centered_residual,0.99143438085507274,0.0085656191449272612,0.035940803382663845,0.88118811881188119,8.9756791045875826,9.6066940234364697,0.2510401706974868,0.24099873553670914
Docking-44,full_support,mw_matched_chemical_group_disjoint,162,6330,6321,4138,4012,0,282.51599999999996,282.38700000000006,0.12899999999990541,0.007732068910447476,raw,0.99598657006873881,0.0040134299312611921,0.0021141649048625794,0.77570093457943923,1.8428593758839551,1.8247973774462458,0.6923674554224053,0.69665638677074648
Docking-44,full_support,mw_matched_chemical_group_disjoint,162,6330,6321,4138,4012,0,282.51599999999996,282.38700000000006,0.12899999999990541,0.007732068910447476,row_centered_residual,0.99059123795746162,0.0094087620425383767,0.042283298097251586,0.88118811881188119,8.9993815868698235,9.5472326707651654,0.2526487146937525,0.24013965000927831
Docking-44,full_support,mw_matched_chemical_group_disjoint,163,6320,6331,4014,4136,0,281.35699999999997,283.49999999999994,2.1429999999999723,0.011781239190721216,raw,0.9967061678611,0.0032938321388999992,0.0021141649048625794,0.80952380952380953,1.8624782980188721,1.8071030783395883,0.68854188509756553,0.70023475632687893
Docking-44,full_support,mw_matched_chemical_group_disjoint,163,6320,6331,4014,4136,0,281.35699999999997,283.49999999999994,2.1429999999999723,0.011781239190721216,row_centered_residual,0.9938387761181896,0.0061612238818103959,0.039112050739957716,0.88118811881188119,9.2759051284456806,9.2838877523331025,0.24661545523402797,0.24553128093210852
Docking-44,full_support,mw_matched_chemical_group_disjoint,164,6324,6327,4057,4093,0,282.44,282.411,0.028999999999996362,0.009862778987916293,raw,0.99637404471273949,0.0036259552872605072,0.0010570824524312897,0.77570093457943923,1.849172418256162,1.8190011766226695,0.69120666273560483,0.69771937153696684
Docking-44,full_support,mw_matched_chemical_group_disjoint,164,6324,6327,4057,4093,0,282.44,282.411,0.028999999999996362,0.009862778987916293,row_centered_residual,0.9935065820972353,0.0064934179027646977,0.0306553911205074,0.84466019417475724,9.2054142812247903,9.3500850344481581,0.24803421776449991,0.24417419468001425
Docking-44,full_support,mw_matched_chemical_group_disjoint,165,6328,6323,4026,4124,0,282.37800000000004,282.75700000000001,0.37899999999996226,0.0096749860491657236,raw,0.99548966814014306,0.004510331859856942,0.0010570824524312897,0.74311926605504586,1.8211576372172658,1.8457409099447024,0.69850008112305573,0.69066980763510266
Docking-44,full_support,mw_matched_chemical_group_disjoint,165,6328,6323,4026,4124,0,282.37800000000004,282.75700000000001,0.37899999999996226,0.0096749860491657236,row_centered_residual,0.9934424282254638,0.0065575717745361972,0.03699788583509514,0.91919191919191923,9.3138724363447363,9.2347991784672416,0.24612332293114186,0.24618531646559516
Docking-44,full_support,mw_matched_chemical_group_disjoint,166,6327,6324,4062,4088,0,282.36500000000007,282.77099999999996,0.40599999999989222,0.013261213875415456,raw,0.99657265806918294,0.0034273419308170627,0,0.77570093457943923,1.8227671242745151,1.8447991526004168,0.6969557351415876,0.69207985152709928
Docking-44,full_support,mw_matched_chemical_group_disjoint,166,6327,6324,4062,4088,0,282.36500000000007,282.77099999999996,0.40599999999989222,0.013261213875415456,row_centered_residual,0.9934533000813297,0.0065466999186702957,0.02748414376321353,0.88118811881188119,9.2029356825670678,9.3520550588828453,0.24731488684247338,0.24479963509627437
Docking-44,full_support,mw_matched_chemical_group_disjoint,167,6326,6325,4079,4071,0,281.41199999999992,282.81499999999994,1.40300000000002,0.011610131473222429,raw,0.99639346380339955,0.0036065361966004517,0.0010570824524312897,0.71171171171171166,1.8535014367903342,1.8145139205068772,0.68974515784208623,0.69923647712700743
Docking-44,full_support,mw_matched_chemical_group_disjoint,167,6326,6325,4079,4071,0,281.41199999999992,282.81499999999994,1.40300000000002,0.011610131473222429,row_centered_residual,0.99361535735396878,0.0063846426460312244,0.0306553911205074,0.82692307692307687,9.2637761388345439,9.2855743766277943,0.24661481780175065,0.24563478644839909
Docking-44,full_support,mw_matched_chemical_group_disjoint,168,6318,6333,4101,4049,0,283.01699999999994,282.221,0.79599999999993543,0.010622766320434629,raw,0.99686775737462108,0.0031322426253789226,0.0021141649048625794,0.80952380952380953,1.835448940107042,1.8314596499756899,0.69358260526480009,0.69559605119859613
Docking-44,full_support,mw_matched_chemical_group_disjoint,168,6318,6333,4101,4049,0,283.01699999999994,282.221,0.79599999999993543,0.010622766320434629,row_centered_residual,0.99310585427822229,0.0068941457217777113,0.03382663847780127,0.88118811881188119,9.3363693526682372,9.2202057051893362,0.24513777376990084,0.24727799924562263
Docking-44,full_support,mw_matched_chemical_group_disjoint,169,6325,6326,4107,4043,0,281.44300000000004,282.77100000000002,1.3279999999999745,0.0097174219202013079,raw,0.99590007715544904,0.0040999228445509628,0.0021141649048625794,0.72727272727272729,1.8168288900083156,1.8506414692336639,0.69739257101174501,0.69171588278983043
Docking-44,full_support,mw_matched_chemical_group_disjoint,169,6325,6326,4107,4043,0,281.44300000000004,282.77100000000002,1.3279999999999745,0.0097174219202013079,row_centered_residual,0.99201355169037686,0.0079864483096231398,0.039112050739957716,0.84466019417475724,8.9687854392723008,9.563533064673452,0.25221828547944147,0.24067342112636222
Docking-44,full_support,mw_matched_chemical_group_disjoint,170,6333,6318,4141,4009,0,282.4679999999999,282.41149999999999,0.056499999999914507,0.010475660062480463,raw,0.99426051057396059,0.0057394894260394125,0.0010570824524312897,0.71171171171171166,1.85270995684038,1.8147858012132889,0.69164357870337578,0.69734736849508294
Docking-44,full_support,mw_matched_chemical_group_disjoint,170,6333,6318,4141,4009,0,282.4679999999999,282.41149999999999,0.056499999999914507,0.010475660062480463,row_centered_residual,0.98868228464751129,0.011317715352488711,0.049682875264270614,0.7592592592592593,9.402041301322047,9.1053705481300025,0.24435407420433342,0.24846083171825015
Docking-44,full_support,mw_matched_chemical_group_disjoint,171,6328,6323,4019,4131,0,281.44300000000004,283.11000000000001,1.6669999999999732,0.01454603155497769,raw,0.99651625765915686,0.0034837423408431434,0.0010570824524312897,0.77570093457943923,1.8447515538975798,1.8223525739334896,0.69236123661611815,0.69678088026313556
Docking-44,full_support,mw_matched_chemical_group_disjoint,171,6328,6323,4019,4131,0,281.44300000000004,283.11000000000001,1.6669999999999732,0.01454603155497769,row_centered_residual,0.99133432292735824,0.0086656770726417642,0.043340380549682873,0.86274509803921573,9.0631929878011306,9.4963140624534965,0.25101413285042484,0.24134098688225988
Docking-44,full_support,mw_matched_chemical_group_disjoint,172,6325,6326,4060,4090,0,283.19899999999996,281.61700000000008,1.5819999999998799,0.0095510716173542454,raw,0.99484573392876219,0.0051542660712378119,0.0021141649048625794,0.79245283018867929,1.8827086082758817,1.7849631381463473,0.68346500271331834,0.70584370908527339
Docking-44,full_support,mw_matched_chemical_group_disjoint,172,6325,6326,4060,4090,0,283.19899999999996,281.61700000000008,1.5819999999998799,0.0095510716173542454,row_centered_residual,0.98927602688806948,0.010723973111930518,0.041226215644820298,0.79245283018867929,8.9707192075534472,9.6106307636114838,0.25374419489761135,0.23803375339535074
Docking-44,full_support,mw_matched_chemical_group_disjoint,173,6327,6324,4109,4041,0,281.399,283.33500000000004,1.9360000000000355,0.0095972083138766706,raw,0.9970132162858274,0.0029867837141726028,0.0031712473572938688,0.82692307692307687,1.8318626366292587,1.8351068619523807,0.69501717587082534,0.69413115536040615
Docking-44,full_support,mw_matched_chemical_group_disjoint,173,6327,6324,4109,4041,0,281.399,283.33500000000004,1.9360000000000355,0.0095972083138766706,row_centered_residual,0.99326419782695408,0.0067358021730459239,0.035940803382663845,0.86274509803921573,8.9020636682790162,9.6725822105294519,0.25353511187532141,0.23872011637487442
Docking-44,full_support,mw_matched_chemical_group_disjoint,174,6328,6323,4077,4073,0,281.38799999999998,283.37099999999998,1.9830000000000041,0.013095439701705125,raw,0.99656450772091332,0.0034354922790866826,0.0010570824524312897,0.82692307692307687,1.8366882110944764,1.830957432088292,0.69363757134198656,0.69534472896246147
Docking-44,full_support,mw_matched_chemical_group_disjoint,174,6328,6323,4077,4073,0,281.38799999999998,283.37099999999998,1.9830000000000041,0.013095439701705125,row_centered_residual,0.99508195228339624,0.0049180477166037573,0.031712473572938688,0.84466019417475724,9.2925137612104383,9.2688277003194095,0.24467934887771359,0.24748449195394423
Docking-44,full_support,mw_matched_chemical_group_disjoint,175,6320,6331,4054,4096,0,282.315,282.77100000000002,0.45600000000001728,0.016081282777732242,raw,0.99360914891476504,0.0063908510852349609,0.0010570824524312897,0.79245283018867929,1.8631434291270008,1.8037484511726807,0.68815993169979495,0.70107931316315242
Docking-44,full_support,mw_matched_chemical_group_disjoint,175,6320,6331,4054,4096,0,282.315,282.77100000000002,0.45600000000001728,0.016081282777732242,row_centered_residual,0.98924268842001706,0.010757311579982942,0.044397463002114168,0.82692307692307687,9.2956899520846878,9.236681396710761,0.24702552726348972,0.24533233420293493
Docking-44,full_support,mw_matched_chemical_group_disjoint,176,6328,6323,4026,4124,0,282.35400000000004,282.536,0.18199999999995953,0.010650019904056673,raw,0.99699810624886132,0.0030018937511386845,0,0.80952380952380953,1.8458718150647333,1.8215070584764932,0.69294108802434895,0.69615343446580114
Docking-44,full_support,mw_matched_chemical_group_disjoint,176,6328,6323,4026,4124,0,282.35400000000004,282.536,0.18199999999995953,0.010650019904056673,row_centered_residual,0.99422123298256004,0.0057787670174399564,0.028541226215644821,0.88118811881188119,9.6397383670140062,8.9182533211027373,0.23962900760920244,0.25284792970897563
Docking-44,full_support,mw_matched_chemical_group_disjoint,177,6327,6324,4104,4046,0,282.34300000000007,282.74400000000003,0.40099999999995362,0.016270290064357762,raw,0.99310758356950712,0.0068924164304928759,0.0031712473572938688,0.66666666666666663,1.8476401377034308,1.8182235043971038,0.69271762370069523,0.69666036761278094
Docking-44,full_support,mw_matched_chemical_group_disjoint,177,6327,6324,4104,4046,0,282.34300000000007,282.74400000000003,0.40099999999995362,0.016270290064357762,row_centered_residual,0.99042867040214833,0.0095713295978516744,0.03382663847780127,0.79245283018867929,9.3176101030639611,9.2089801859524627,0.24581621027125949,0.2462816344843187
Docking-44,full_support,mw_matched_chemical_group_disjoint,178,6326,6325,4113,4037,0,282.45999999999998,282.411,0.048999999999978172,0.012168364701045542,raw,0.99486618775928948,0.0051338122407105224,0.0010570824524312897,0.80952380952380953,1.8565938430710571,1.8100987363987178,0.68862113578964057,0.70063161032929744
Docking-44,full_support,mw_matched_chemical_group_disjoint,178,6326,6325,4113,4037,0,282.45999999999998,282.411,0.048999999999978172,0.012168364701045542,row_centered_residual,0.99131386909683117,0.0086861309031688316,0.044397463002114168,0.88118811881188119,8.9591827060812346,9.6186679110861633,0.25333967320614054,0.23874584138340454
Docking-44,full_support,mw_matched_chemical_group_disjoint,179,6323,6328,4151,3999,0,282.29899999999998,282.6465,0.34750000000002501,0.011037204290798797,raw,0.99622427674783931,0.0037757232521606898,0.0010570824524312897,0.82692307692307687,1.8168026286458261,1.8506255593702519,0.6982110993964451,0.69088419869380568
Docking-44,full_support,mw_matched_chemical_group_disjoint,179,6323,6328,4151,3999,0,282.29899999999998,282.6465,0.34750000000002501,0.011037204290798797,row_centered_residual,0.99278733866784241,0.0072126613321575883,0.034883720930232558,0.86274509803921573,9.2345898115612961,9.3146331553083836,0.24627048033811225,0.24617420601501913
Docking-44,full_support,mw_matched_chemical_group_disjoint,180,6315,6336,4068,4082,0,282.73099999999999,282.38850000000002,0.34249999999997272,0.0088691997168838244,raw,0.99573643233671227,0.0042635676632877262,0.0010570824524312897,0.77570093457943923,1.8295816835557586,1.8375574493380045,0.69588575534020269,0.69321118107290958
Docking-44,full_support,mw_matched_chemical_group_disjoint,180,6315,6336,4068,4082,0,282.73099999999999,282.38850000000002,0.34249999999997272,0.0088691997168838244,row_centered_residual,0.9929567808647396,0.0070432191352604034,0.034883720930232558,0.86274509803921573,9.2341355309432576,9.3104285128454691,0.24694744093156304,0.24557615821577247
Docking-44,full_support,mw_matched_chemical_group_disjoint,181,6328,6323,4109,4041,0,281.399,283.37100000000004,1.9720000000000368,0.011409468132815515,raw,0.99485228255641545,0.0051477174435845541,0.0010570824524312897,0.7592592592592593,1.8455255976406939,1.8206548396796571,0.68987456740579034,0.69932249415823466
Docking-44,full_support,mw_matched_chemical_group_disjoint,181,6328,6323,4109,4041,0,281.399,283.37100000000004,1.9720000000000368,0.011409468132815515,row_centered_residual,0.99010879403797059,0.0098912059620294146,0.044397463002114168,0.86274509803921573,9.115132632736433,9.4355611918018685,0.24788631542215328,0.24479884172929228
Docking-44,full_support,mw_matched_chemical_group_disjoint,182,6328,6323,4133,4017,0,281.39900000000006,283.34299999999996,1.9439999999999031,0.010090936846257725,raw,0.99356852474408508,0.0064314752559149202,0,0.79245283018867929,1.7958112395704802,1.8722917625481048,0.70315138976056579,0.6858751636708349
Docking-44,full_support,mw_matched_chemical_group_disjoint,182,6328,6323,4133,4017,0,281.39900000000006,283.34299999999996,1.9439999999999031,0.010090936846257725,row_centered_residual,0.98895059411254971,0.011049405887450292,0.042283298097251586,0.82692307692307687,9.6494545422665183,8.9192402254912349,0.23987649246046183,0.25237156380473358
Docking-44,full_support,mw_matched_chemical_group_disjoint,183,6329,6322,4036,4114,0,282.77099999999996,282.29950000000008,0.47149999999987813,0.010353485002401075,raw,0.99494362315511109,0.0050563768448889101,0.0010570824524312897,0.77570093457943923,1.8420356069343113,1.8245924742016053,0.69307009847609302,0.69611335463716051
Docking-44,full_support,mw_matched_chemical_group_disjoint,183,6329,6322,4036,4114,0,282.77099999999996,282.29950000000008,0.47149999999987813,0.010353485002401075,row_centered_residual,0.99114016036979602,0.0088598396302039806,0.053911205073995772,0.86274509803921573,9.1520553287250213,9.4012200477351033,0.2497415234110216,0.24272352004178285
Docking-44,full_support,mw_matched_chemical_group_disjoint,184,6327,6324,4110,4040,0,282.51599999999996,282.39949999999999,0.11649999999997362,0.010550923439168747,raw,0.99087117052785845,0.009128829472141553,0.0021141649048625794,0.6964285714285714,1.8575034284475076,1.8087735087601249,0.69059189380042518,0.69865100849570316
Docking-44,full_support,mw_matched_chemical_group_disjoint,184,6327,6324,4110,4040,0,282.51599999999996,282.39949999999999,0.11649999999997362,0.010550923439168747,row_centered_residual,0.98296526183365884,0.017034738166341157,0.053911205073995772,0.77570093457943923,8.9964690723059419,9.5283872429035306,0.25341648598746291,0.23908942460512325
Docking-44,full_support,mw_matched_chemical_group_disjoint,185,6328,6323,4011,4139,0,281.43350000000004,282.77100000000007,1.3375000000000341,0.015128682575383023,raw,0.99671443160551954,0.0032855683944804648,0,0.74311926605504586,1.8569633254835773,1.8128397405585643,0.69001500787261594,0.69868290678695077
Docking-44,full_support,mw_matched_chemical_group_disjoint,185,6328,6323,4011,4139,0,281.43350000000004,282.77100000000007,1.3375000000000341,0.015128682575383023,row_centered_residual,0.99472150844661333,0.0052784915533866661,0.031712473572938688,0.90000000000000002,9.3993019771484985,9.1665921189148083,0.24468161069726585,0.24747890335485664
Docking-44,full_support,mw_matched_chemical_group_disjoint,186,6329,6322,4020,4130,0,283.33500000000004,281.61700000000008,1.7179999999999609,0.0099048938844201739,raw,0.99674078203583849,0.0032592179641615093,0.0010570824524312897,0.79245283018867929,1.8073311815971043,1.8607907499374983,0.7008656594260787,0.68814571554649795
Docking-44,full_support,mw_matched_chemical_group_disjoint,186,6329,6322,4020,4130,0,283.33500000000004,281.61700000000008,1.7179999999999609,0.0099048938844201739,row_centered_residual,0.99253574096038655,0.0074642590396134523,0.032769556025369982,0.84466019417475724,9.3855375786622091,9.1710559111751451,0.24352094837320579,0.24878048798451013
Docking-44,full_support,mw_matched_chemical_group_disjoint,187,6323,6328,4064,4086,0,282.387,282.62350000000004,0.23650000000003502,0.01159531263964575,raw,0.99587839014179225,0.0041216098582077532,0.0021141649048625794,0.79245283018867929,1.8503919514776053,1.817486234268102,0.69020126334094389,0.69876667802506709
Docking-44,full_support,mw_matched_chemical_group_disjoint,187,6323,6328,4064,4086,0,282.387,282.62350000000004,0.23650000000003502,0.01159531263964575,row_centered_residual,0.99121137315189523,0.0087886268481047747,0.035940803382663845,0.86274509803921573,9.3143420057925539,9.2293976919825784,0.24511000546174869,0.24749507983305899
Docking-44,full_support,mw_matched_chemical_group_disjoint,188,6335,6316,4101,4049,0,282.38700000000006,282.51599999999996,0.12899999999990541,0.0098479550813183048,raw,0.99092935692724482,0.0090706430727551801,0.0021141649048625794,0.6964285714285714,1.8013083249936002,1.8645854704456741,0.70191514403384592,0.68748382762704829
Docking-44,full_support,mw_matched_chemical_group_disjoint,188,6335,6316,4101,4049,0,282.38700000000006,282.51599999999996,0.12899999999990541,0.0098479550813183048,row_centered_residual,0.98346329772375285,0.016536702276247151,0.054968287526427059,0.79245283018867929,9.7916837559142245,8.76963479399436,0.23667904983564361,0.25614489280649733
Docking-44,full_support,mw_matched_chemical_group_disjoint,189,6323,6328,4149,4001,0,282.221,282.77100000000002,0.55000000000001137,0.010577341605796542,raw,0.9959661304127303,0.0040338695872697006,0.0010570824524312897,0.84466019417475724,1.8230903375697969,1.8441718978208337,0.69722758857848754,0.69185096446146721
Docking-44,full_support,mw_matched_chemical_group_disjoint,189,6323,6328,4149,4001,0,282.221,282.77100000000002,0.55000000000001137,0.010577341605796542,row_centered_residual,0.99119792153362052,0.0088020784663794815,0.03699788583509514,0.88118811881188119,9.5875875473853718,8.9674328827380538,0.23947756815680274,0.25289608387469692
Docking-44,full_support,mw_matched_chemical_group_disjoint,190,6324,6327,4123,4027,0,281.99250000000001,282.77100000000007,0.77850000000006503,0.014824047057144019,raw,0.99524348509884231,0.0047565149011576935,0.0010570824524312897,0.6964285714285714,1.8042557671678092,1.8637646555298855,0.70052016688884333,0.6885350276577461
Docking-44,full_support,mw_matched_chemical_group_disjoint,190,6324,6327,4123,4027,0,281.99250000000001,282.77100000000007,0.77850000000006503,0.014824047057144019,row_centered_residual,0.99166614841082545,0.0083338515891745457,0.03699788583509514,0.86274509803921573,9.3132392222283737,9.2243327959705379,0.24501757435044388,0.24770421316020058
Docking-44,full_support,mw_matched_chemical_group_disjoint,191,6328,6323,4021,4129,0,282.33150000000001,282.63599999999997,0.3044999999999618,0.0067928466559884493,raw,0.9963348521684513,0.0036651478315486985,0.0010570824524312897,0.80952380952380953,1.8301086970632661,1.8370944763207311,0.69602644207418296,0.69308430876526372
Docking-44,full_support,mw_matched_chemical_group_disjoint,191,6328,6323,4021,4129,0,282.33150000000001,282.63599999999997,0.3044999999999618,0.0067928466559884493,row_centered_residual,0.99221762223653132,0.0077823777634686842,0.038054968287526428,0.88118811881188119,9.4526789653108594,9.0904394779842743,0.24313349361059805,0.24941349183232503
Docking-44,full_support,mw_matched_chemical_group_disjoint,192,6324,6327,4067,4083,0,281.43200000000002,283.3429999999999,1.9109999999998877,0.008474943534366286,raw,0.99668772681223261,0.0033122731877673894,0.0021141649048625794,0.7592592592592593,1.8112772596349418,1.85655464658414,0.69886719550335119,0.69016593163527418
Docking-44,full_support,mw_matched_chemical_group_disjoint,192,6324,6327,4067,4083,0,281.43200000000002,283.3429999999999,1.9109999999998877,0.008474943534366286,row_centered_residual,0.99202292104725709,0.0079770789527429109,0.045454545454545456,0.88118811881188119,9.4049271955967519,9.1538470483730947,0.24345645860686776,0.24892057886437097
Docking-44,full_support,mw_matched_chemical_group_disjoint,193,6324,6327,4141,4009,0,282.36650000000003,282.75700000000001,0.39049999999997453,0.013404721009834364,raw,0.99672690518200202,0.0032730948179979791,0.0010570824524312897,0.80952380952380953,1.8235552700244484,1.8439377436958564,0.69764023491107152,0.69139963598052046
Docking-44,full_support,mw_matched_chemical_group_disjoint,193,6324,6327,4141,4009,0,282.36650000000003,282.75700000000001,0.39049999999997453,0.013404721009834364,row_centered_residual,0.99251436578614183,0.0074856342138581722,0.035940803382663845,0.86274509803921573,9.1894493354839248,9.3641779278204211,0.24882069077639557,0.24346368915219152
Docking-44,full_support,mw_matched_chemical_group_disjoint,194,6323,6328,4084,4066,0,282.77099999999996,282.29899999999998,0.47199999999997999,0.015208408769141535,raw,0.99650408174756766,0.0034959182524323396,0.0010570824524312897,0.77570093457943923,1.8515553925875425,1.8150668616870151,0.68974194742747408,0.69951040229224493
Docking-44,full_support,mw_matched_chemical_group_disjoint,194,6323,6328,4084,4066,0,282.77099999999996,282.29899999999998,0.47199999999997999,0.015208408769141535,row_centered_residual,0.99272417701238203,0.0072758229876179747,0.038054968287526428,0.86274509803921573,9.0453312539747692,9.5301209040257859,0.25034408623608279,0.24186146321615834
Docking-44,full_support,mw_matched_chemical_group_disjoint,195,6327,6324,4026,4124,0,282.774,281.46550000000002,1.3084999999999809,0.0099979636082702106,raw,0.99554594097950089,0.0044540590204991126,0.0021141649048625794,0.7592592592592593,1.8012593645378907,1.8682453602144948,0.70160152380129226,0.68714264207392983
Docking-44,full_support,mw_matched_chemical_group_disjoint,195,6327,6324,4026,4124,0,282.774,281.46550000000002,1.3084999999999809,0.0099979636082702106,row_centered_residual,0.99287048639471209,0.0071295136052879071,0.03382663847780127,0.88118811881188119,9.1977379679404994,9.3448480794683473,0.2474502894631615,0.24489697557490656
Docking-44,full_support,mw_matched_chemical_group_disjoint,196,6328,6323,4082,4068,0,283.17650000000003,281.42400000000004,1.7524999999999977,0.011305099297349797,raw,0.9950585218039355,0.0049414781960644971,0.0010570824524312897,0.77570093457943923,1.8196544244598194,1.8472776895789234,0.69708495987076857,0.69202555039834168
Docking-44,full_support,mw_matched_chemical_group_disjoint,196,6328,6323,4082,4068,0,283.17650000000003,281.42400000000004,1.7524999999999977,0.011305099297349797,row_centered_residual,0.99046032210247237,0.009539677897527632,0.044397463002114168,0.84466019417475724,9.5890122562898377,8.9712840759896455,0.23932032886767077,0.25297215246653421
Docking-44,full_support,mw_matched_chemical_group_disjoint,197,6336,6315,4165,3985,0,282.07600000000002,282.77100000000007,0.69500000000005002,0.0096811343842222453,raw,0.99635923234066681,0.0036407676593331884,0.0021141649048625794,0.77570093457943923,1.8489710738642202,1.8193166737025976,0.69258485785677548,0.69637477872094078
Docking-44,full_support,mw_matched_chemical_group_disjoint,197,6336,6315,4165,3985,0,282.07600000000002,282.77100000000007,0.69500000000005002,0.0096811343842222453,row_centered_residual,0.99257360109991433,0.0074263989000856734,0.040169133192389003,0.88118811881188119,9.3386360357994533,9.2103195995948646,0.24442108714771377,0.24783629070335364
Docking-44,full_support,mw_matched_chemical_group_disjoint,198,6327,6324,4123,4027,0,282.38700000000006,282.77099999999996,0.38399999999990087,0.009503636263847981,raw,0.99623183176632257,0.0037681682336774269,0.0031712473572938688,0.7592592592592593,1.8366609406105932,1.8303257294373998,0.69509064110714824,0.69411374355592115
Docking-44,full_support,mw_matched_chemical_group_disjoint,198,6327,6324,4123,4027,0,282.38700000000006,282.77099999999996,0.38399999999990087,0.009503636263847981,row_centered_residual,0.99425547861981134,0.0057445213801886608,0.028541226215644821,0.90000000000000002,9.3976365164189826,9.16127260552115,0.24377289850517481,0.24847450029324442
Docking-44,full_support,mw_matched_chemical_group_disjoint,199,6326,6325,3985,4165,0,283.37299999999999,281.35500000000008,2.0179999999999154,0.010669637445813063,raw,0.99367710155755629,0.006322898442443714,0.0021141649048625794,0.6964285714285714,1.8665814684762716,1.800894704211625,0.68830762487933606,0.70091386876789619
Docking-44,full_support,mw_matched_chemical_group_disjoint,199,6326,6325,3985,4165,0,283.37299999999999,281.35500000000008,2.0179999999999154,0.010669637445813063,row_centered_residual,0.98835805670608334,0.011641943293916657,0.049682875264270614,0.7592592592592593,9.3425111102213183,9.1608700190941477,0.24629029107461195,0.24652659063422877
DOCKSTRING-58,full_support,mw_matched_chemical_group_disjoint,0,7503,7497,6025,5880,0,384.47600000000011,385.51200000000017,1.0360000000000582,0.021699203471872569,raw,0.99801788681493575,0.0019821131850642493,0.0060496067755595887,0.8651685393258427,2.306871815332991,2.1935679636481207,0.61474958734445939,0.63370658395404211
DOCKSTRING-58,full_support,mw_matched_chemical_group_disjoint,0,7503,7497,6025,5880,0,384.47600000000011,385.51200000000017,1.0360000000000582,0.021699203471872569,row_centered_residual,0.99487188529919623,0.0051281147008037653,0.026618269812462191,0.90804597701149425,17.79186679396522,18.010437069992978,0.15726503784123422,0.15613885556644702
DOCKSTRING-58,full_support,mw_matched_chemical_group_disjoint,1,7502,7498,6084,5821,0,384.45700000000011,386.31850000000014,1.861500000000035,0.014728783269602364,raw,0.99755318698010886,0.0024468130198911364,0.0030248033877797943,0.8651685393258427,2.2568976773475886,2.2393943338465956,0.62335705270783104,0.62531977690876162
DOCKSTRING-58,full_support,mw_matched_chemical_group_disjoint,1,7502,7498,6084,5821,0,384.45700000000011,386.31850000000014,1.861500000000035,0.014728783269602364,row_centered_residual,0.9946836785184926,0.0053163214815074022,0.023593466424682397,0.89714285714285713,18.073723042693619,17.733833446483448,0.15559312998664038,0.15774832851864468
DOCKSTRING-58,full_support,mw_matched_chemical_group_disjoint,2,7501,7499,5835,6070,0,385.42300000000012,384.77300000000002,0.65000000000009095,0.01497532471067245,raw,0.99763117274549229,0.0023688272545077105,0.0048396854204476713,0.85474860335195535,2.1922645910970329,2.3091080363760663,0.63360441586969263,0.61468197670889946
DOCKSTRING-58,full_support,mw_matched_chemical_group_disjoint,2,7501,7499,5835,6070,0,385.42300000000012,384.77300000000002,0.65000000000009095,0.01497532471067245,row_centered_residual,0.99404476274003206,0.0059552372599679382,0.026618269812462191,0.87570621468926557,17.844719268422473,17.944775080024019,0.15701046853631814,0.15646840554132718
DOCKSTRING-58,full_support,mw_matched_chemical_group_disjoint,3,7494,7506,6073,5832,0,384.43200000000013,386.30800000000011,1.8759999999999764,0.015190516388597169,raw,0.99807262005353692,0.0019273799464630814,0.003629764065335753,0.89714285714285713,2.2541024378051171,2.2419728306987436,0.62371196270155893,0.62500257323205599
DOCKSTRING-58,full_support,mw_matched_chemical_group_disjoint,3,7494,7506,6073,5832,0,384.43200000000013,386.30800000000011,1.8759999999999764,0.015190516388597169,row_centered_residual,0.99523836233750396,0.0047616376624960433,0.024803387779794312,0.90804597701149425,18.122406384260977,17.688688464280617,0.1553857413895218,0.15800385567565095
DOCKSTRING-58,full_support,mw_matched_chemical_group_disjoint,4,7436,7564,6010,5895,0,384.66999999999996,385.42350000000022,0.7535000000002583,0.011050049084463109,raw,0.99774516910822542,0.0022548308917745841,0.0042347247428917122,0.85474860335195535,2.2780683425780333,2.2193424006435021,0.61943158316733327,0.6291968802312109
DOCKSTRING-58,full_support,mw_matched_chemical_group_disjoint,4,7436,7564,6010,5895,0,384.66999999999996,385.42350000000022,0.7535000000002583,0.011050049084463109,row_centered_residual,0.99434630167737914,0.0056536983226208593,0.028433151845130067,0.87570621468926557,17.804824434742756,17.985157763165237,0.15715482981125109,0.15629382352068449
DOCKSTRING-58,full_support,mw_matched_chemical_group_disjoint,5,7501,7499,6058,5847,0,384.47600000000011,385.54800000000017,1.0720000000000596,0.011962702434892503,raw,0.99753351319573713,0.0024664868042628685,0.0078644888082274652,0.88636363636363635,2.2984030155727653,2.2014565654784186,0.61624671495798078,0.63225202928625468
DOCKSTRING-58,full_support,mw_matched_chemical_group_disjoint,5,7501,7499,6058,5847,0,384.47600000000011,385.54800000000017,1.0720000000000596,0.011962702434892503,row_centered_residual,0.99300300331144997,0.0069969966885500279,0.028433151845130067,0.88636363636363635,17.855141147709226,17.932454555786972,0.15705065603380639,0.15650048106317802
DOCKSTRING-58,full_support,mw_matched_chemical_group_disjoint,6,7502,7498,5853,6052,0,385.54800000000017,384.45900000000017,1.0889999999999986,0.018826596894335745,raw,0.99820346068270038,0.0017965393172996169,0.0048396854204476713,0.90804597701149425,2.215620032575742,2.2811085029034288,0.63013106315623035,0.61863753440506375
DOCKSTRING-58,full_support,mw_matched_chemical_group_disjoint,6,7502,7498,5853,6052,0,385.54800000000017,384.45900000000017,1.0889999999999986,0.018826596894335745,row_centered_residual,0.99516443619973982,0.0048355638002601786,0.025408348457350273,0.90804597701149425,18.165947663938056,17.649950276499801,0.15519665157088947,0.1581791607308497
DOCKSTRING-58,full_support,mw_matched_chemical_group_disjoint,7,7500,7500,5861,6044,0,385.83850000000007,384.45700000000011,1.38149999999996,0.017066666666666674,raw,0.9977124476594309,0.002287552340569099,0.0030248033877797943,0.8651685393258427,2.2595118810028882,2.2371088280991072,0.62284114730749363,0.62579861463166631
DOCKSTRING-58,full_support,mw_matched_chemical_group_disjoint,7,7500,7500,5861,6044,0,385.83850000000007,384.45700000000011,1.38149999999996,0.017066666666666674,row_centered_residual,0.99505451009192336,0.004945489908076639,0.022988505747126436,0.90804597701149425,17.883936637541524,17.915879701810624,0.15692072057034218,0.15651993197713943
DOCKSTRING-58,full_support,mw_matched_chemical_group_disjoint,8,7504,7496,5919,5986,0,385.42150000000015,384.88150000000007,0.54000000000007731,0.017740093934960066,raw,0.99813004996886168,0.0018699500311383233,0.003629764065335753,0.87570621468926557,2.238051492156238,2.2589432430716903,0.62582241678756922,0.62275823697116872
DOCKSTRING-58,full_support,mw_matched_chemical_group_disjoint,8,7504,7496,5919,5986,0,385.42150000000015,384.88150000000007,0.54000000000007731,0.017740093934960066,row_centered_residual,0.99561692792664125,0.0043830720733587514,0.022988505747126436,0.91907514450867056,18.005940250741585,17.799343262652744,0.15596111375338034,0.15743355980064522
DOCKSTRING-58,full_support,mw_matched_chemical_group_disjoint,9,7498,7502,5899,6006,0,385.4190000000001,385.36150000000009,0.057500000000004547,0.011026098561855907,raw,0.99750473447429011,0.0024952655257098888,0.0042347247428917122,0.88636363636363635,2.2287268291923454,2.2679119531324292,0.62739906471647366,0.62129804148200729
DOCKSTRING-58,full_support,mw_matched_chemical_group_disjoint,9,7498,7502,5899,6006,0,385.4190000000001,385.36150000000009,0.057500000000004547,0.011026098561855907,row_centered_residual,0.99359847204118257,0.0064015279588174323,0.029038112522686024,0.88636363636363635,17.916724106892506,17.872456822669751,0.15680159645278313,0.15669634119455317
DOCKSTRING-58,full_support,mw_matched_chemical_group_disjoint,10,7501,7499,5839,6066,0,385.46400000000017,384.48300000000012,0.98100000000005139,0.014832622485913285,raw,0.99769469475907013,0.0023053052409298669,0.0066545674531155478,0.85474860335195535,2.22147763460119,2.2767162307892059,0.62887563718989248,0.61959719001918456
DOCKSTRING-58,full_support,mw_matched_chemical_group_disjoint,10,7501,7499,5839,6066,0,385.46400000000017,384.48300000000012,0.98100000000005139,0.014832622485913285,row_centered_residual,0.99467368620208185,0.0053263137979181474,0.026618269812462191,0.89714285714285713,18.079449445501176,17.718916599775834,0.15525712205275244,0.15810072090129618
DOCKSTRING-58,full_support,mw_matched_chemical_group_disjoint,11,7490,7510,5848,6057,0,386.38950000000011,383.49500000000012,2.8944999999999936,0.020800748090218812,raw,0.99811329603445953,0.0018867039655404705,0.003629764065335753,0.84444444444444444,2.214905421757448,2.2820900680215361,0.62986033204707237,0.61886937392323371
DOCKSTRING-58,full_support,mw_matched_chemical_group_disjoint,11,7490,7510,5848,6057,0,386.38950000000011,383.49500000000012,2.8944999999999936,0.020800748090218812,row_centered_residual,0.99455413441961604,0.0054458655803839573,0.030248033877797943,0.89714285714285713,17.924089318698542,17.870895569047434,0.15648952874532107,0.15691875272739497
DOCKSTRING-58,full_support,mw_matched_chemical_group_disjoint,12,7461,7539,6088,5817,0,384.48000000000019,385.50800000000015,1.0279999999999632,0.0096254336050580203,raw,0.99782715073744321,0.0021728492625567863,0.0030248033877797943,0.85474860335195535,2.2432365570243689,2.2525440104312526,0.62504999412578433,0.62371462724758442
DOCKSTRING-58,full_support,mw_matched_chemical_group_disjoint,12,7461,7539,6088,5817,0,384.48000000000019,385.50800000000015,1.0279999999999632,0.0096254336050580203,row_centered_residual,0.99498888387345397,0.0050111161265460336,0.02601330913490623,0.91907514450867056,17.679415483273321,18.119315362207114,0.15788465700576465,0.1555831036884549
DOCKSTRING-58,full_support,mw_matched_chemical_group_disjoint,13,7500,7500,6096,5809,0,384.45700000000011,386.26950000000011,1.8125,0.015600000000000003,raw,0.99751561417003665,0.0024843858299633537,0.0030248033877797943,0.89714285714285713,2.2541863219312148,2.2422222351265271,0.62301017466894459,0.6256463983113133
DOCKSTRING-58,full_support,mw_matched_chemical_group_disjoint,13,7500,7500,6096,5809,0,384.45700000000011,386.26950000000011,1.8125,0.015600000000000003,row_centered_residual,0.99406664434544534,0.0059333556545546617,0.026618269812462191,0.91907514450867056,17.946596765486944,17.841305956435178,0.15620193704855256,0.15728353243498663
DOCKSTRING-58,full_support,mw_matched_chemical_group_disjoint,14,7499,7501,6081,5824,0,384.50100000000015,385.48900000000032,0.98800000000017008,0.019498702568865822,raw,0.99811018223631187,0.0018898177636881286,0.0066545674531155478,0.88636363636363635,2.2650473490383569,2.2314951475975171,0.62146251282693021,0.62724326963988197
DOCKSTRING-58,full_support,mw_matched_chemical_group_disjoint,14,7499,7501,6081,5824,0,384.50100000000015,385.48900000000032,0.98800000000017008,0.019498702568865822,row_centered_residual,0.99502025034182562,0.0049797496581743816,0.030248033877797943,0.89714285714285713,18.125262144622642,17.677396905657933,0.1553027500435476,0.15811220455920666
DOCKSTRING-58,full_support,mw_matched_chemical_group_disjoint,15,7499,7501,5914,5991,0,385.44500000000016,384.48000000000019,0.96499999999997499,0.013297955791963662,raw,0.99705748997549615,0.0029425100245038527,0.0048396854204476713,0.8651685393258427,2.1983320198610992,2.3028477637656302,0.6322010222356641,0.61604202656797502
DOCKSTRING-58,full_support,mw_matched_chemical_group_disjoint,15,7499,7501,5914,5991,0,385.44500000000016,384.48000000000019,0.96499999999997499,0.013297955791963662,row_centered_residual,0.99370754265155559,0.0062924573484444135,0.028433151845130067,0.89714285714285713,17.977741105097831,17.808749706784845,0.1558894718772024,0.15757922950651029
DOCKSTRING-58,full_support,mw_matched_chemical_group_disjoint,16,7504,7496,5825,6080,0,385.45400000000012,384.50100000000009,0.95300000000003138,0.0182839518674352,raw,0.99762041526366629,0.0023795847363337064,0.0078644888082274652,0.90804597701149425,2.2046009348768529,2.2953622141047583,0.63149259573670291,0.61693157924240216
DOCKSTRING-58,full_support,mw_matched_chemical_group_disjoint,16,7504,7496,5825,6080,0,385.45400000000012,384.50100000000009,0.95300000000003138,0.0182839518674352,row_centered_residual,0.99428952799767079,0.0057104720023292144,0.023593466424682397,0.90804597701149425,17.963108318296698,17.830823080967587,0.1564681590048918,0.15691939166427318
DOCKSTRING-58,full_support,mw_matched_chemical_group_disjoint,17,7616,7384,5945,5960,0,383.47300000000007,386.64700000000011,3.174000000000035,0.017346158398353961,raw,0.99811864156506791,0.00188135843493209,0.003629764065335753,0.85474860335195535,2.186611985411147,2.3204849684031505,0.6341251225418939,0.613400518453591
DOCKSTRING-58,full_support,mw_matched_chemical_group_disjoint,17,7616,7384,5945,5960,0,383.47300000000007,386.64700000000011,3.174000000000035,0.017346158398353961,row_centered_residual,0.99473517043137694,0.0052648295686230639,0.024803387779794312,0.89714285714285713,17.798431135031073,18.009422089235898,0.15700533899736976,0.1563057843023386
DOCKSTRING-58,full_support,mw_matched_chemical_group_disjoint,18,7384,7616,6001,5904,0,386.45550000000014,383.4935000000001,2.9620000000000459,0.019555255742600391,raw,0.99721575965933262,0.0027842403406673766,0.0048396854204476713,0.8651685393258427,2.2901406502420278,2.2099045931574608,0.61757966081817472,0.63069480821857016
DOCKSTRING-58,full_support,mw_matched_chemical_group_disjoint,18,7384,7616,6001,5904,0,386.45550000000014,383.4935000000001,2.9620000000000459,0.019555255742600391,row_centered_residual,0.99337597628531327,0.0066240237146867331,0.036297640653357534,0.8651685393258427,17.880787885887404,17.919626881266531,0.15673002467233041,0.15676814845959974
DOCKSTRING-58,full_support,mw_matched_chemical_group_disjoint,19,7505,7495,6016,5889,0,384.43200000000007,386.36300000000006,1.9309999999999832,0.018211296982798664,raw,0.99752008560543137,0.0024799143945686275,0.0054446460980036296,0.85474860335195535,2.2529096424378752,2.242368175505383,0.62266358349659323,0.62620914972031516
DOCKSTRING-58,full_support,mw_matched_chemical_group_disjoint,19,7505,7495,6016,5889,0,384.43200000000007,386.36300000000006,1.9309999999999832,0.018211296982798664,row_centered_residual,0.99309293150232292,0.0069070684976770824,0.033877797943133697,0.89714285714285713,17.655153967833204,18.130509818977863,0.15866843588170715,0.15491734509119767
DOCKSTRING-58,full_support,mw_matched_chemical_group_disjoint,20,7502,7498,6051,5854,0,384.45900000000017,386.31850000000014,1.8594999999999686,0.01867267688339036,raw,0.99758598813363408,0.0024140118663659171,0.0054446460980036296,0.89714285714285713,2.2630320142833815,2.2329291970898639,0.62151309018068113,0.62725891524786104
DOCKSTRING-58,full_support,mw_matched_chemical_group_disjoint,20,7502,7498,6051,5854,0,384.45900000000017,386.31850000000014,1.8594999999999686,0.01867267688339036,row_centered_residual,0.99247915990958735,0.0075208400904126504,0.03327283726557774,0.89714285714285713,17.623205121701297,18.155430636631859,0.15887528329384318,0.15467297772313962
DOCKSTRING-58,full_support,mw_matched_chemical_group_disjoint,21,7506,7494,5872,6033,0,385.46350000000012,384.49050000000011,0.97300000000001319,0.015593716646645328,raw,0.99807162640122704,0.0019283735987729589,0.003629764065335753,0.8651685393258427,2.2040892254688913,2.2950035500860979,0.63156034234010661,0.61691894905925448
DOCKSTRING-58,full_support,mw_matched_chemical_group_disjoint,21,7506,7494,5872,6033,0,385.46350000000012,384.49050000000011,0.97300000000001319,0.015593716646645328,row_centered_residual,0.99502687380495036,0.0049731261950496375,0.029038112522686024,0.89714285714285713,17.791836064878591,18.007242928322604,0.1572729377695482,0.15615226430198054
DOCKSTRING-58,full_support,mw_matched_chemical_group_disjoint,22,7509,7491,5816,6089,0,385.54800000000017,384.47700000000003,1.0710000000001401,0.017056131227495608,raw,0.99771132913637617,0.0022886708636238318,0.0048396854204476713,0.8651685393258427,2.2213383700926674,2.2769640212778115,0.62847200955088334,0.61997895469033937
DOCKSTRING-58,full_support,mw_matched_chemical_group_disjoint,22,7509,7491,5816,6089,0,385.54800000000017,384.47700000000003,1.0710000000001401,0.017056131227495608,row_centered_residual,0.99456707049741555,0.0054329295025844493,0.02601330913490623,0.88636363636363635,17.708044754364714,18.094352762802338,0.15812410059685866,0.15521778159407357
DOCKSTRING-58,full_support,mw_matched_chemical_group_disjoint,23,7501,7499,5853,6052,0,385.48900000000032,384.45700000000016,1.0320000000001528,0.017765920315838568,raw,0.99779714721996715,0.002202852780032849,0.0024198427102238356,0.87570621468926557,2.2344688383263498,2.2617775448536781,0.62642728811121862,0.62227739792088377
DOCKSTRING-58,full_support,mw_matched_chemical_group_disjoint,23,7501,7499,5853,6052,0,385.48900000000032,384.45700000000016,1.0320000000001528,0.017765920315838568,row_centered_residual,0.99457233632329334,0.0054276636767066622,0.027828191167574106,0.93023255813953487,17.857184849856015,17.939959030710042,0.15674352782942816,0.15667362133831977
DOCKSTRING-58,full_support,mw_matched_chemical_group_disjoint,24,7500,7500,5930,5975,0,385.87450000000013,384.48200000000031,1.3924999999998136,0.014533333333333343,raw,0.99779708611300699,0.0022029138869930076,0.0030248033877797943,0.85474860335195535,2.2086703707024897,2.289533498179587,0.63046744153961187,0.61809754866707489
DOCKSTRING-58,full_support,mw_matched_chemical_group_disjoint,24,7500,7500,5930,5975,0,385.87450000000013,384.48200000000031,1.3924999999998136,0.014533333333333343,row_centered_residual,0.99437887965765814,0.0056211203423418565,0.030852994555353903,0.90804597701149425,18.019919838031129,17.773834549443546,0.15603270243146042,0.15756584542949126
DOCKSTRING-58,full_support,mw_matched_chemical_group_disjoint,25,7501,7499,6004,5901,0,384.35800000000035,386.35100000000017,1.9929999999998245,0.015292889160762491,raw,0.99798277156739479,0.0020172284326052115,0.0030248033877797943,0.88636363636363635,2.282759452795887,2.2145915406976435,0.6192561658014718,0.62939409765704102
DOCKSTRING-58,full_support,mw_matched_chemical_group_disjoint,25,7501,7499,6004,5901,0,384.35800000000035,386.35100000000017,1.9929999999998245,0.015292889160762491,row_centered_residual,0.99426611606142723,0.0057338839385727702,0.030248033877797943,0.89714285714285713,17.782605136874736,18.017601679990289,0.15749599144448578,0.15588926700013259
DOCKSTRING-58,full_support,mw_matched_chemical_group_disjoint,26,7415,7585,5946,5959,0,386.38600000000008,384.43900000000008,1.9470000000000027,0.014696732158041681,raw,0.99705594636054395,0.0029440536394560457,0.0024198427102238356,0.87570621468926557,2.3330043794121211,2.1757145612486193,0.61163793961482404,0.63574722650865267
DOCKSTRING-58,full_support,mw_matched_chemical_group_disjoint,26,7415,7585,5946,5959,0,386.38600000000008,384.43900000000008,1.9470000000000027,0.014696732158041681,row_centered_residual,0.99359983499207816,0.0064001650079218431,0.027223230490018149,0.88636363636363635,18.086681416103605,17.700085591622113,0.15578681130813291,0.15760573212813569
DOCKSTRING-58,full_support,mw_matched_chemical_group_disjoint,27,7501,7499,5855,6050,0,385.85100000000006,384.50100000000015,1.3499999999999091,0.010208977959270671,raw,0.99797188921482383,0.0020281107851761737,0.0042347247428917122,0.87570621468926557,2.2047784463308533,2.2947636820959643,0.6314959634996693,0.61691308877502005
DOCKSTRING-58,full_support,mw_matched_chemical_group_disjoint,27,7501,7499,5855,6050,0,385.85100000000006,384.50100000000015,1.3499999999999091,0.010208977959270671,row_centered_residual,0.99446535132004121,0.0055346486799587868,0.026618269812462191,0.87570621468926557,17.837424513197387,17.955581996905519,0.15675083894853334,0.15671271802369963
DOCKSTRING-58,full_support,mw_matched_chemical_group_disjoint,28,7501,7499,5866,6039,0,385.50800000000004,384.47600000000011,1.0319999999999254,0.016162044731769687,raw,0.99810773530107799,0.0018922646989220082,0.0072595281306715061,0.8651685393258427,2.1915011634133306,2.3103912244005107,0.63406718155025799,0.61426853635336098
DOCKSTRING-58,full_support,mw_matched_chemical_group_disjoint,28,7501,7499,5866,6039,0,385.50800000000004,384.47600000000011,1.0319999999999254,0.016162044731769687,row_centered_residual,0.99523501739563713,0.0047649826043628662,0.027828191167574106,0.91907514450867056,17.827553797736982,17.975636436662672,0.15679229600996425,0.15659113435027761
DOCKSTRING-58,full_support,mw_matched_chemical_group_disjoint,29,7498,7502,6011,5894,0,385.3950000000001,385.39100000000008,0.0040000000000190994,0.017800072376894044,raw,0.99796352287492018,0.0020364771250798164,0.0042347247428917122,0.87570621468926557,2.2802525090858454,2.2172568252357299,0.61902406044878144,0.62959663564336077
DOCKSTRING-58,full_support,mw_matched_chemical_group_disjoint,29,7498,7502,6011,5894,0,385.3950000000001,385.39100000000008,0.0040000000000190994,0.017800072376894044,row_centered_residual,0.99486444353416914,0.0051355564658308595,0.027828191167574106,0.89714285714285713,18.022024689057364,17.778105551766206,0.15576626799168758,0.15770639686252982
DOCKSTRING-58,full_support,mw_matched_chemical_group_disjoint,30,7501,7499,5853,6052,0,385.50800000000015,384.47600000000011,1.0320000000000391,0.019109280339720536,raw,0.99777727948741735,0.0022227205125826544,0.0066545674531155478,0.87570621468926557,2.2107262834082122,2.2873813425138572,0.63089583825435613,0.61779337512153965
DOCKSTRING-58,full_support,mw_matched_chemical_group_disjoint,30,7501,7499,5853,6052,0,385.50800000000015,384.47600000000011,1.0320000000000391,0.019109280339720536,row_centered_residual,0.99439793174513003,0.0056020682548699741,0.030248033877797943,0.89714285714285713,18.13818873798748,17.659950093523541,0.15517236055664616,0.15834433520618593
DOCKSTRING-58,full_support,mw_matched_chemical_group_disjoint,31,7501,7499,5899,6006,0,386.2600000000001,384.45699999999999,1.803000000000111,0.013565138018935774,raw,0.99779529541338963,0.0022047045866103732,0.0060496067755595887,0.87570621468926557,2.1958112523399906,2.3050039857131859,0.63352741129044532,0.6147442407421696
DOCKSTRING-58,full_support,mw_matched_chemical_group_disjoint,31,7501,7499,5899,6006,0,386.2600000000001,384.45699999999999,1.803000000000111,0.013565138018935774,row_centered_residual,0.9939183908894389,0.0060816091105611036,0.025408348457350273,0.89714285714285713,18.066668541760418,17.724699805233126,0.15542896007765578,0.15801556570830266
DOCKSTRING-58,full_support,mw_matched_chemical_group_disjoint,32,7503,7497,6103,5802,0,384.48400000000026,385.48299999999995,0.99899999999968259,0.017183362749338016,raw,0.99711024919359925,0.0028897508064007482,0.0048396854204476713,0.8651685393258427,2.2695835249906371,2.2269437683858322,0.62085842056665086,0.62785841695771383
DOCKSTRING-58,full_support,mw_matched_chemical_group_disjoint,32,7503,7497,6103,5802,0,384.48400000000026,385.48299999999995,0.99899999999968259,0.017183362749338016,row_centered_residual,0.99363079496632323,0.0063692050336767725,0.027828191167574106,0.87570621468926557,18.178989048166038,17.612239866466396,0.15527441114644283,0.15820659239181212
DOCKSTRING-58,full_support,mw_matched_chemical_group_disjoint,33,7501,7499,6057,5848,0,384.9000000000002,385.41600000000017,0.51599999999996271,0.017300444752007926,raw,0.99792529914288031,0.0020747008571196934,0.0030248033877797943,0.87570621468926557,2.2840478467478804,2.2130983898202379,0.61858315589897417,0.63011140042845626
DOCKSTRING-58,full_support,mw_matched_chemical_group_disjoint,33,7501,7499,6057,5848,0,384.9000000000002,385.41600000000017,0.51599999999996271,0.017300444752007926,row_centered_residual,0.99454805560548454,0.0054519443945154622,0.027828191167574106,0.89714285714285713,17.719224789427795,18.092896323685633,0.15810834148796538,0.15532725371467621
DOCKSTRING-58,full_support,mw_matched_chemical_group_disjoint,34,7497,7503,5844,6061,0,385.48900000000032,384.45800000000008,1.0310000000002333,0.015500429146735328,raw,0.99787301815316154,0.0021269818468384605,0.0018148820326678765,0.87570621468926557,2.2478156724374632,2.2482291834158135,0.62416569758747387,0.62451526282263792
DOCKSTRING-58,full_support,mw_matched_chemical_group_disjoint,34,7497,7503,5844,6061,0,385.48900000000032,384.45800000000008,1.0310000000002333,0.015500429146735328,row_centered_residual,0.99358026482385642,0.0064197351761435817,0.030852994555353903,0.91907514450867056,17.656623093392664,18.146165245395064,0.15800807272126444,0.15546449554102015
DOCKSTRING-58,full_support,mw_matched_chemical_group_disjoint,35,7509,7491,6121,5784,0,384.43500000000006,385.89900000000006,1.4639999999999986,0.016913464355388652,raw,0.99753292072390531,0.0024670792760946858,0.0042347247428917122,0.87570621468926557,2.2794649675964505,2.2177468066172934,0.61951051589771977,0.62913378803456288
DOCKSTRING-58,full_support,mw_matched_chemical_group_disjoint,35,7509,7491,6121,5784,0,384.43500000000006,385.89900000000006,1.4639999999999986,0.016913464355388652,row_centered_residual,0.99454305014839395,0.0054569498516060522,0.029643073200241985,0.91907514450867056,17.917854723607764,17.876828754580757,0.15661251492595862,0.15688234096611822
DOCKSTRING-58,full_support,mw_matched_chemical_group_disjoint,36,7501,7499,6077,5828,0,383.49200000000019,386.40100000000007,2.9089999999998781,0.01623505806640102,raw,0.99772384012227844,0.0022761598777215619,0.0048396854204476713,0.83425414364640882,2.254089284930437,2.2414749863519003,0.62290618512630314,0.62591365160688672
DOCKSTRING-58,full_support,mw_matched_chemical_group_disjoint,36,7501,7499,6077,5828,0,383.49200000000019,386.40100000000007,2.9089999999998781,0.01623505806640102,row_centered_residual,0.9938878719480374,0.0061121280519625953,0.028433151845130067,0.87570621468926557,17.994239336441368,17.791422445595103,0.15604201855095742,0.15744852536510812
DOCKSTRING-58,full_support,mw_matched_chemical_group_disjoint,37,7501,7499,6004,5901,0,384.41700000000014,386.23500000000001,1.8179999999998699,0.014089635806037948,raw,0.99753482832379448,0.0024651716762055242,0.0048396854204476713,0.85474860335195535,2.2819440596248404,2.2157912746902175,0.61856546047938876,0.63000705785355127
DOCKSTRING-58,full_support,mw_matched_chemical_group_disjoint,37,7501,7499,6004,5901,0,384.41700000000014,386.23500000000001,1.8179999999998699,0.014089635806037948,row_centered_residual,0.99460090515561583,0.0053990948443841669,0.02601330913490623,0.89714285714285713,17.807219728734765,17.988884986627493,0.15775073423466526,0.15569950682083941
DOCKSTRING-58,full_support,mw_matched_chemical_group_disjoint,38,7500,7500,6050,5855,0,384.83100000000013,385.42300000000006,0.5919999999999277,0.012800000000000006,raw,0.99727525658400795,0.0027247434159920481,0.003629764065335753,0.8651685393258427,2.2579076348290639,2.2384041838347817,0.62239866780269859,0.62628330103147967
DOCKSTRING-58,full_support,mw_matched_chemical_group_disjoint,38,7500,7500,6050,5855,0,384.83100000000013,385.42300000000006,0.5919999999999277,0.012800000000000006,row_centered_residual,0.99355732314552414,0.0064426768544758595,0.031457955232909861,0.8651685393258427,18.026144365006395,17.758807681025747,0.15590357101186786,0.1576916337105442
DOCKSTRING-58,full_support,mw_matched_chemical_group_disjoint,39,7503,7497,6021,5884,0,384.39200000000017,386.28600000000012,1.8939999999999486,0.014444002311040371,raw,0.99797006397648991,0.0020299360235100927,0.003629764065335753,0.8651685393258427,2.2837578264347824,2.2141031153964637,0.61881635266825141,0.62976769262451893
DOCKSTRING-58,full_support,mw_matched_chemical_group_disjoint,39,7503,7497,6021,5884,0,384.39200000000017,386.28600000000012,1.8939999999999486,0.014444002311040371,row_centered_residual,0.99478388330598277,0.0052161166940172254,0.029643073200241985,0.91907514450867056,17.687401156932172,18.112207321837705,0.15850007034321525,0.15500898397370116
DOCKSTRING-58,full_support,mw_matched_chemical_group_disjoint,40,7496,7504,5862,6043,0,385.49300000000017,384.51250000000016,0.98050000000000637,0.013940910632081249,raw,0.9972757746647577,0.0027242253352423029,0.0072595281306715061,0.8651685393258427,2.1978681218914233,2.3016657816699548,0.63351178184640511,0.61499281203511169
DOCKSTRING-58,full_support,mw_matched_chemical_group_disjoint,40,7496,7504,5862,6043,0,385.49300000000017,384.51250000000016,0.98050000000000637,0.013940910632081249,row_centered_residual,0.99420016305356174,0.0057998369464382638,0.027223230490018149,0.90804597701149425,18.05053271647385,17.739481345155891,0.15550103343399871,0.15801640523952598
DOCKSTRING-58,full_support,mw_matched_chemical_group_disjoint,41,7501,7499,6050,5855,0,384.45700000000022,385.85400000000004,1.3969999999998208,0.021165351487384021,raw,0.99772670417893661,0.0022732958210633925,0.0054446460980036296,0.8651685393258427,2.2641217502075488,2.2331576487063898,0.62151896688415731,0.62699238844440575
DOCKSTRING-58,full_support,mw_matched_chemical_group_disjoint,41,7501,7499,6050,5855,0,384.45700000000022,385.85400000000004,1.3969999999998208,0.021165351487384021,row_centered_residual,0.99447856105074972,0.0055214389492502791,0.024803387779794312,0.89714285714285713,17.986760974350148,17.804499732279098,0.15639240601155185,0.15698624451923968
DOCKSTRING-58,full_support,mw_matched_chemical_group_disjoint,42,7502,7498,5834,6071,0,386.35700000000008,384.31650000000013,2.0404999999999518,0.016464178948563848,raw,0.99776090016524954,0.0022390998347504576,0.0030248033877797943,0.8651685393258427,2.2705886687189167,2.2261144245876747,0.62108413818274466,0.62757682782736113
DOCKSTRING-58,full_support,mw_matched_chemical_group_disjoint,42,7502,7498,5834,6071,0,386.35700000000008,384.31650000000013,2.0404999999999518,0.016464178948563848,row_centered_residual,0.99460239032043218,0.0053976096795678163,0.024803387779794312,0.91907514450867056,18.172410007898755,17.625003800350257,0.15483826261525499,0.15856514542268951
DOCKSTRING-58,full_support,mw_matched_chemical_group_disjoint,43,7489,7511,5891,6014,0,385.50800000000004,384.46500000000009,1.0429999999999495,0.014420617687017606,raw,0.99769497106880323,0.0023050289311967731,0.0042347247428917122,0.85474860335195535,2.2225023690543075,2.273939840319946,0.62820463714200803,0.62052893471947224
DOCKSTRING-58,full_support,mw_matched_chemical_group_disjoint,43,7489,7511,5891,6014,0,385.50800000000004,384.46500000000009,1.0429999999999495,0.014420617687017606,row_centered_residual,0.994197198037578,0.0058028019624219995,0.029643073200241985,0.89714285714285713,17.853016200652192,17.934908872011047,0.15698549279236415,0.15642970299861697
DOCKSTRING-58,full_support,mw_matched_chemical_group_disjoint,44,7504,7496,6108,5797,0,384.46650000000011,385.50950000000012,1.0430000000000064,0.019337107722555091,raw,0.99774848482502421,0.0022515151749757933,0.0060496067755595887,0.88636363636363635,2.2541505985071031,2.2416115359979236,0.62282389367958912,0.62599200502024621
DOCKSTRING-58,full_support,mw_matched_chemical_group_disjoint,44,7504,7496,6108,5797,0,384.46650000000011,385.50950000000012,1.0430000000000064,0.019337107722555091,row_centered_residual,0.9948617388869726,0.0051382611130273981,0.032062915910465818,0.90804597701149425,18.06655791786574,17.735016469889185,0.15574044226475162,0.15771123904064499
DOCKSTRING-58,full_support,mw_matched_chemical_group_disjoint,45,7498,7502,5859,6046,0,385.87450000000013,384.37500000000023,1.4994999999998981,0.015142223299002555,raw,0.99750918465508998,0.0024908153449100245,0.003629764065335753,0.8651685393258427,2.2013520323715507,2.2975667053286393,0.63204092107225496,0.61648408248853337
DOCKSTRING-58,full_support,mw_matched_chemical_group_disjoint,45,7498,7502,5859,6046,0,385.87450000000013,384.37500000000023,1.4994999999998981,0.015142223299002555,row_centered_residual,0.99383945398093532,0.0061605460190646832,0.031457955232909861,0.90804597701149425,17.910084031687614,17.880823391650267,0.1566623692140485,0.15688501543652222
DOCKSTRING-58,full_support,mw_matched_chemical_group_disjoint,46,7535,7465,5832,6073,0,385.40200000000004,385.3950000000001,0.0069999999999481588,0.0077667469202662431,raw,0.99780577924230673,0.002194220757693266,0.0030248033877797943,0.8651685393258427,2.2237024072499589,2.2749215241885525,0.62843399086345364,0.61994156476592011
DOCKSTRING-58,full_support,mw_matched_chemical_group_disjoint,46,7535,7465,5832,6073,0,385.40200000000004,385.3950000000001,0.0069999999999481588,0.0077667469202662431,row_centered_residual,0.99399306359484763,0.0060069364051523744,0.027223230490018149,0.89714285714285713,17.870939327382757,17.912490556492756,0.15701082558061924,0.15652635322924308
DOCKSTRING-58,full_support,mw_matched_chemical_group_disjoint,47,7523,7477,5968,5937,0,385.41600000000011,384.77300000000002,0.64300000000008595,0.016241183850422364,raw,0.99787246553369502,0.0021275344663049811,0.0048396854204476713,0.89714285714285713,2.2381677341232389,2.2573434198703346,0.62654445331870634,0.62231410581029589
DOCKSTRING-58,full_support,mw_matched_chemical_group_disjoint,47,7523,7477,5968,5937,0,385.41600000000011,384.77300000000002,0.64300000000008595,0.016241183850422364,row_centered_residual,0.99507456114535386,0.0049254388546461358,0.024803387779794312,0.90804597701149425,17.987729074001162,17.815561118010898,0.15614673292258191,0.15724836066946071
DOCKSTRING-58,full_support,mw_matched_chemical_group_disjoint,48,7498,7502,6001,5904,0,384.48000000000019,385.48300000000006,1.0029999999998722,0.015643130001289252,raw,0.99734835910622099,0.0026516408937790059,0.0024198427102238356,0.8651685393258427,2.2647615196371826,2.2314012688559171,0.62211953521105512,0.62661479022158306
DOCKSTRING-58,full_support,mw_matched_chemical_group_disjoint,48,7498,7502,6001,5904,0,384.48000000000019,385.48300000000006,1.0029999999998722,0.015643130001289252,row_centered_residual,0.99398728234504452,0.0060127176549554795,0.029038112522686024,0.91907514450867056,17.868708149386887,17.922143271971521,0.15692472912429925,0.15656849308996015
DOCKSTRING-58,full_support,mw_matched_chemical_group_disjoint,49,7547,7453,5893,6012,0,384.56700000000006,385.44100000000003,0.8739999999999668,0.007177846326445067,raw,0.99724504583423201,0.0027549541657679866,0.0048396854204476713,0.87570621468926557,2.1972007681869563,2.3044731754909078,0.63251360454806493,0.61566824263005737
DOCKSTRING-58,full_support,mw_matched_chemical_group_disjoint,49,7547,7453,5893,6012,0,384.56700000000006,385.44100000000003,0.8739999999999668,0.007177846326445067,row_centered_residual,0.99500676961503276,0.0049932303849672399,0.031457955232909861,0.89714285714285713,17.991332260964363,17.807291706781314,0.1560139935609294,0.15750212330323027
DOCKSTRING-58,full_support,mw_matched_chemical_group_disjoint,50,7498,7502,5843,6062,0,385.46150000000011,384.48000000000025,0.98149999999986903,0.012854187580742193,raw,0.99758155920742908,0.0024184407925709195,0.0060496067755595887,0.87570621468926557,2.2034695510244382,2.2970760349125587,0.63229014078992163,0.61602209095591198
DOCKSTRING-58,full_support,mw_matched_chemical_group_disjoint,50,7498,7502,5843,6062,0,385.46150000000011,384.48000000000025,0.98149999999986903,0.012854187580742193,row_centered_residual,0.99493413469390646,0.0050658653060935421,0.024803387779794312,0.90804597701149425,18.133619502706651,17.672655585985673,0.15523215525114262,0.15809805554947814
DOCKSTRING-58,full_support,mw_matched_chemical_group_disjoint,51,7500,7500,6104,5801,0,384.44600000000003,386.40000000000003,1.9540000000000077,0.016666666666666663,raw,0.99711956933344748,0.0028804306665525248,0.0054446460980036296,0.88636363636363635,2.2883988592583107,2.2099764185360073,0.61792065428930898,0.63063538996964941
DOCKSTRING-58,full_support,mw_matched_chemical_group_disjoint,51,7500,7500,6104,5801,0,384.44600000000003,386.40000000000003,1.9540000000000077,0.016666666666666663,row_centered_residual,0.99419959714997352,0.0058004028500264759,0.028433151845130067,0.89714285714285713,17.895589636766502,17.891251425540126,0.15639157252532665,0.15708214137075929
DOCKSTRING-58,full_support,mw_matched_chemical_group_disjoint,52,7501,7499,5914,5991,0,385.44900000000007,384.52400000000011,0.92499999999995453,0.017500320311116799,raw,0.99750646938059595,0.0024935306194040496,0.003629764065335753,0.88636363636363635,2.2292901211961302,2.2663076266737243,0.62796496303394267,0.62088430456814347
DOCKSTRING-58,full_support,mw_matched_chemical_group_disjoint,52,7501,7499,5914,5991,0,385.44900000000007,384.52400000000011,0.92499999999995453,0.017500320311116799,row_centered_residual,0.99463806350108841,0.0053619364989115903,0.029038112522686024,0.88636363636363635,18.085296208938257,17.719473602517233,0.15572167276140661,0.15773640799920605
DOCKSTRING-58,full_support,mw_matched_chemical_group_disjoint,53,7504,7496,6056,5849,0,384.3660000000001,386.28250000000014,1.9165000000000418,0.021713357287354962,raw,0.99813661763867501,0.0018633823613249945,0.0018148820326678765,0.87570621468926557,2.2478986066166979,2.2479504669442156,0.6242373561170359,0.62450007782853312
DOCKSTRING-58,full_support,mw_matched_chemical_group_disjoint,53,7504,7496,6056,5849,0,384.3660000000001,386.28250000000014,1.9165000000000418,0.021713357287354962,row_centered_residual,0.99512545792958207,0.004874542070417931,0.022988505747126436,0.88636363636363635,17.85270365457195,17.950404880766445,0.15684187585151327,0.15652686106499789
DOCKSTRING-58,full_support,mw_matched_chemical_group_disjoint,54,7502,7498,5873,6032,0,386.42500000000018,384.42450000000014,2.000500000000045,0.018092267953227936,raw,0.99733243941466732,0.0026675605853326845,0.0054446460980036296,0.84444444444444444,2.1985396413923515,2.3013682307530923,0.6328709169126242,0.61556077692863398
DOCKSTRING-58,full_support,mw_matched_chemical_group_disjoint,54,7502,7498,5873,6032,0,386.42500000000018,384.42450000000014,2.000500000000045,0.018092267953227936,row_centered_residual,0.99383139848948165,0.0061686015105183456,0.029643073200241985,0.87570621468926557,18.155646272091737,17.630502862359805,0.15467727782358659,0.15884046109230074
DOCKSTRING-58,full_support,mw_matched_chemical_group_disjoint,55,7498,7502,6022,5883,0,384.45700000000011,386.02750000000009,1.5704999999999814,0.022862970514700126,raw,0.99736664868510216,0.002633351314897836,0.0060496067755595887,0.84444444444444444,2.3087297112459253,2.1923111318239199,0.61510158536176729,0.63326925021813085
DOCKSTRING-58,full_support,mw_matched_chemical_group_disjoint,55,7498,7502,6022,5883,0,384.45700000000011,386.02750000000009,1.5704999999999814,0.022862970514700126,row_centered_residual,0.99391077377400416,0.0060892262259958363,0.027828191167574106,0.90804597701149425,17.775207897624572,18.017528763397269,0.15770103411180805,0.15575453805191969
DOCKSTRING-58,full_support,mw_matched_chemical_group_disjoint,56,7498,7502,5827,6078,0,386.35700000000008,383.90100000000007,2.4560000000000173,0.017288890118321076,raw,0.99632568630382756,0.0036743136961724376,0.0018148820326678765,0.88636363636363635,2.2482160170243586,2.2474196670914024,0.62407802342267238,0.62465900306266409
DOCKSTRING-58,full_support,mw_matched_chemical_group_disjoint,56,7498,7502,5827,6078,0,386.35700000000008,383.90100000000007,2.4560000000000173,0.017288890118321076,row_centered_residual,0.99342961756910331,0.0065703824308966929,0.032062915910465818,0.87570621468926557,18.211220153544673,17.587485098354758,0.15468610346640699,0.15874358561040861
DOCKSTRING-58,full_support,mw_matched_chemical_group_disjoint,57,7500,7500,6094,5811,0,384.4140000000001,386.36850000000015,1.9545000000000528,0.014933333333333326,raw,0.99791394653239807,0.0020860534676019338,0.0024198427102238356,0.85474860335195535,2.2729505400264269,2.224474325240303,0.62037719369168753,0.62819844716716444
DOCKSTRING-58,full_support,mw_matched_chemical_group_disjoint,57,7500,7500,6094,5811,0,384.4140000000001,386.36850000000015,1.9545000000000528,0.014933333333333326,row_centered_residual,0.99500634717995973,0.004993652820040273,0.028433151845130067,0.89714285714285713,18.01348758063261,17.787672680794042,0.15564338900808034,0.15767816501848828
DOCKSTRING-58,full_support,mw_matched_chemical_group_disjoint,58,7482,7518,6018,5887,0,384.87750000000017,385.42100000000011,0.5434999999999377,0.012524978810544624,raw,0.9975738703577367,0.0024261296422632972,0.0048396854204476713,0.88636363636363635,2.2928092871717745,2.2065645776839022,0.61724601017557412,0.63119429260325011
DOCKSTRING-58,full_support,mw_matched_chemical_group_disjoint,58,7482,7518,6018,5887,0,384.87750000000017,385.42100000000011,0.5434999999999377,0.012524978810544624,row_centered_residual,0.99445205125730451,0.0055479487426954854,0.029038112522686024,0.90804597701149425,17.94363066318525,17.849200085906599,0.15659919394547323,0.15686183183740596
DOCKSTRING-58,full_support,mw_matched_chemical_group_disjoint,59,7499,7501,6069,5836,0,384.45699999999999,386.15999999999997,1.7029999999999745,0.012723146892855947,raw,0.99813498634851905,0.0018650136514809512,0.003629764065335753,0.8651685393258427,2.2901105358309053,2.2083370333987302,0.61789707820595818,0.6306426208801118
DOCKSTRING-58,full_support,mw_matched_chemical_group_disjoint,59,7499,7501,6069,5836,0,384.45699999999999,386.15999999999997,1.7029999999999745,0.012723146892855947,row_centered_residual,0.99439272968303682,0.0056072703169631755,0.029643073200241985,0.87570621468926557,18.033916004925256,17.762395012474933,0.15599777108527757,0.15741094207543802
DOCKSTRING-58,full_support,mw_matched_chemical_group_disjoint,60,7506,7494,5829,6076,0,385.69950000000011,384.45950000000005,1.2400000000000659,0.01380608883589686,raw,0.99771274522375897,0.0022872547762410322,0.0042347247428917122,0.87570621468926557,2.1883267664161918,2.3149008943927827,0.63465517654766035,0.61331189818044818
DOCKSTRING-58,full_support,mw_matched_chemical_group_disjoint,60,7506,7494,5829,6076,0,385.69950000000011,384.45950000000005,1.2400000000000659,0.01380608883589686,row_centered_residual,0.99429330865873233,0.0057066913412676668,0.027828191167574106,0.88636363636363635,17.805317719280069,17.989980074762698,0.15698854014359254,0.15637227543243462
DOCKSTRING-58,full_support,mw_matched_chemical_group_disjoint,61,7560,7440,5895,6010,0,384.67700000000002,385.42100000000011,0.74400000000008504,0.0081050520566650075,raw,0.99773356941307789,0.002266430586922108,0.0042347247428917122,0.8651685393258427,2.2202671501945979,2.2776550318343793,0.62928534928672475,0.61921073921103831
DOCKSTRING-58,full_support,mw_matched_chemical_group_disjoint,61,7560,7440,5895,6010,0,384.67700000000002,385.42100000000011,0.74400000000008504,0.0081050520566650075,row_centered_residual,0.99417945576451472,0.005820544235485281,0.029643073200241985,0.88636363636363635,17.829895462946837,17.959259303872006,0.1571368546813246,0.1563826742762553
DOCKSTRING-58,full_support,mw_matched_chemical_group_disjoint,62,7499,7501,5871,6034,0,385.48900000000032,384.47600000000023,1.0130000000000905,0.021835484832630842,raw,0.99801061774349198,0.001989382256508021,0.0054446460980036296,0.87570621468926557,2.2492280576877257,2.2463218684486708,0.62446112872470649,0.62436568658683445
DOCKSTRING-58,full_support,mw_matched_chemical_group_disjoint,62,7499,7501,5871,6034,0,385.48900000000032,384.47600000000023,1.0130000000000905,0.021835484832630842,row_centered_residual,0.99424293792572715,0.0057570620742728451,0.034482758620689655,0.89714285714285713,17.833944005777767,17.964353782929152,0.15716044655003111,0.15634994534114394
DOCKSTRING-58,full_support,mw_matched_chemical_group_disjoint,63,7500,7500,6029,5876,0,384.80050000000006,385.42750000000007,0.62700000000000955,0.017733333333333337,raw,0.99787729564037797,0.0021227043596220296,0.0042347247428917122,0.87570621468926557,2.2804939998540013,2.2167224859861809,0.61942245967352028,0.62928681469777958
DOCKSTRING-58,full_support,mw_matched_chemical_group_disjoint,63,7500,7500,6029,5876,0,384.80050000000006,385.42750000000007,0.62700000000000955,0.017733333333333337,row_centered_residual,0.99502052930838325,0.0049794706916167497,0.026618269812462191,0.90804597701149425,17.857010858005079,17.943026449691192,0.15714381339065983,0.15630491478604722
DOCKSTRING-58,full_support,mw_matched_chemical_group_disjoint,64,7503,7497,6124,5781,0,385.31700000000018,385.41600000000005,0.098999999999875854,0.015483575810705474,raw,0.99773320011449207,0.0022667998855079308,0.0030248033877797943,0.87570621468926557,2.2673645238252522,2.2289473857722037,0.62127860331538776,0.62743303181782895
DOCKSTRING-58,full_support,mw_matched_chemical_group_disjoint,64,7503,7497,6124,5781,0,385.31700000000018,385.41600000000005,0.098999999999875854,0.015483575810705474,row_centered_residual,0.99448515528880654,0.0055148447111934562,0.030248033877797943,0.91907514450867056,17.918371202013724,17.874637063504991,0.15651358783363614,0.15694363419336962
DOCKSTRING-58,full_support,mw_matched_chemical_group_disjoint,65,7500,7500,5820,6085,0,385.42750000000012,384.55250000000024,0.87499999999988631,0.015199999999999991,raw,0.99804630686509443,0.0019536931349055653,0.0072595281306715061,0.87570621468926557,2.2082039423173132,2.2910189277556841,0.63100549168783948,0.61740423414892431
DOCKSTRING-58,full_support,mw_matched_chemical_group_disjoint,65,7500,7500,5820,6085,0,385.42750000000012,384.55250000000024,0.87499999999988631,0.015199999999999991,row_centered_residual,0.99458676819320646,0.0054132318067935392,0.026618269812462191,0.91907514450867056,18.060933382217417,17.738168466130599,0.15579931337466463,0.15766642400797529
DOCKSTRING-58,full_support,mw_matched_chemical_group_disjoint,66,7504,7496,5765,6140,0,385.89850000000001,384.10500000000002,1.7934999999999945,0.018015578457764553,raw,0.99753955747115186,0.0024604425288481391,0.0048396854204476713,0.87570621468926557,2.2313372792880362,2.2654493454582605,0.62737635484769205,0.62130528006232433
DOCKSTRING-58,full_support,mw_matched_chemical_group_disjoint,66,7504,7496,5765,6140,0,385.89850000000001,384.10500000000002,1.7934999999999945,0.018015578457764553,row_centered_residual,0.99398076515489397,0.0060192348451060251,0.029038112522686024,0.88636363636363635,17.996388285665454,17.796144728520588,0.15618517481827793,0.15742034074921415
DOCKSTRING-58,full_support,mw_matched_chemical_group_disjoint,67,7495,7505,5837,6068,0,385.44100000000003,384.81400000000008,0.62699999999995271,0.01617547385576612,raw,0.99774382741192458,0.0022561725880754224,0.0066545674531155478,0.87570621468926557,2.1902839512880532,2.3115807487095696,0.63388315434643361,0.61435922035334256
DOCKSTRING-58,full_support,mw_matched_chemical_group_disjoint,67,7495,7505,5837,6068,0,385.44100000000003,384.81400000000008,0.62699999999995271,0.01617547385576612,row_centered_residual,0.99428794984400204,0.0057120501559979608,0.029038112522686024,0.90804597701149425,17.880029830212301,17.911951952100939,0.15681036400371101,0.15663013999221664
DOCKSTRING-58,full_support,mw_matched_chemical_group_disjoint,68,7501,7499,6081,5824,0,383.56100000000015,386.40200000000004,2.8409999999998945,0.018498613662197586,raw,0.99824013282931523,0.0017598671706847702,0.0042347247428917122,0.88636363636363635,2.2586718065871429,2.2370281370444678,0.6220864647494162,0.62672177201548496
DOCKSTRING-58,full_support,mw_matched_chemical_group_disjoint,68,7501,7499,6081,5824,0,383.56100000000015,386.40200000000004,2.8409999999998945,0.018498613662197586,row_centered_residual,0.99505267688311638,0.0049473231168836174,0.025408348457350273,0.91907514450867056,17.833756989369473,17.967417312495481,0.15745239121682308,0.15597128745411457
DOCKSTRING-58,full_support,mw_matched_chemical_group_disjoint,69,7496,7504,6095,5810,0,384.5655000000001,385.44700000000012,0.88150000000001683,0.017486369418345082,raw,0.99799902601881763,0.0020009739811823746,0.0024198427102238356,0.82417582417582413,2.2556748961882187,2.2406809431056085,0.62297694430492434,0.6256863319377427
DOCKSTRING-58,full_support,mw_matched_chemical_group_disjoint,69,7496,7504,6095,5810,0,384.5655000000001,385.44700000000012,0.88150000000001683,0.017486369418345082,row_centered_residual,0.99489778402303897,0.0051022159769610331,0.024198427102238355,0.91907514450867056,17.981782203412312,17.816012782951574,0.15598961207051029,0.15746386035130791
DOCKSTRING-58,full_support,mw_matched_chemical_group_disjoint,70,7499,7501,5825,6080,0,385.46300000000008,384.54500000000013,0.91799999999994952,0.014070329139028059,raw,0.99833871164029819,0.0016612883597018069,0.0030248033877797943,0.88636363636363635,2.2230765234339054,2.273864307664871,0.62836158864779568,0.62028480644879003
DOCKSTRING-58,full_support,mw_matched_chemical_group_disjoint,70,7499,7501,5825,6080,0,385.46300000000008,384.54500000000013,0.91799999999994952,0.014070329139028059,row_centered_residual,0.99453556853100145,0.005464431468998554,0.02601330913490623,0.90804597701149425,17.854422070977861,17.943358194274186,0.15713505234338132,0.15628252328094561
DOCKSTRING-58,full_support,mw_matched_chemical_group_disjoint,71,7501,7499,5892,6013,0,385.51100000000008,384.50100000000026,1.0099999999998204,0.018432498105466627,raw,0.99828105855172744,0.0017189414482725596,0.0048396854204476713,0.87570621468926557,2.2258157835985277,2.2706748212730012,0.62855165489062814,0.62020211389836533
DOCKSTRING-58,full_support,mw_matched_chemical_group_disjoint,71,7501,7499,5892,6013,0,385.51100000000008,384.50100000000026,1.0099999999998204,0.018432498105466627,row_centered_residual,0.99502798435753215,0.004972015642467853,0.026618269812462191,0.88636363636363635,18.095883593034937,17.709237769257406,0.15564304059285899,0.15771884638768527
DOCKSTRING-58,full_support,mw_matched_chemical_group_disjoint,72,7498,7502,5816,6089,0,386.40300000000013,383.85700000000014,2.5459999999999923,0.017622152364241944,raw,0.99777058429003496,0.0022294157099650436,0.0048396854204476713,0.87570621468926557,2.2216344358608122,2.2756609897111737,0.62896902230440033,0.6196748403093586
DOCKSTRING-58,full_support,mw_matched_chemical_group_disjoint,72,7498,7502,5816,6089,0,386.40300000000013,383.85700000000014,2.5459999999999923,0.017622152364241944,row_centered_residual,0.99484043381244502,0.0051595661875549759,0.028433151845130067,0.90804597701149425,17.795570297381136,18.006943213532406,0.15725428476205133,0.15618234566528671
DOCKSTRING-58,full_support,mw_matched_chemical_group_disjoint,73,7501,7499,5845,6060,0,386.35100000000017,383.90100000000012,2.4500000000000455,0.016091413619402861,raw,0.99766311043110101,0.0023368895688989921,0.0030248033877797943,0.8651685393258427,2.2297436014518874,2.2678560632872746,0.6275108580998684,0.62097983868120976
DOCKSTRING-58,full_support,mw_matched_chemical_group_disjoint,73,7501,7499,5845,6060,0,386.35100000000017,383.90100000000012,2.4500000000000455,0.016091413619402861,row_centered_residual,0.99394741403872677,0.0060525859612732269,0.032062915910465818,0.89714285714285713,17.821616046931108,17.970324737314478,0.15727097139012319,0.15618935679503979
DOCKSTRING-58,full_support,mw_matched_chemical_group_disjoint,74,7490,7510,5938,5967,0,384.48000000000019,385.46600000000018,0.98599999999999,0.017388830913477177,raw,0.99781216359123914,0.0021878364087608571,0.003629764065335753,0.84444444444444444,2.2728252194638343,2.2236602869972493,0.62005490985729916,0.62868750052824707
DOCKSTRING-58,full_support,mw_matched_chemical_group_disjoint,74,7490,7510,5938,5967,0,384.48000000000019,385.46600000000018,0.98599999999999,0.017388830913477177,row_centered_residual,0.99484483882723074,0.0051551611727692626,0.032062915910465818,0.89714285714285713,17.934774030997776,17.866654375244529,0.15649663206913247,0.15693672328925745
DOCKSTRING-58,full_support,mw_matched_chemical_group_disjoint,75,7508,7492,5913,5992,0,386.39700000000005,384.24200000000008,2.1549999999999727,0.014523963191709247,raw,0.99704104688954387,0.0029589531104561306,0.0012099213551119178,0.85474860335195535,2.2197331339780351,2.2782501150888672,0.6285082039129255,0.61996989682786385
DOCKSTRING-58,full_support,mw_matched_chemical_group_disjoint,75,7508,7492,5913,5992,0,386.39700000000005,384.24200000000008,2.1549999999999727,0.014523963191709247,row_centered_residual,0.9945338043996278,0.0054661956003722034,0.022988505747126436,0.89714285714285713,17.835810721370365,17.955850159385065,0.15729575437762172,0.15615095957343861
DOCKSTRING-58,full_support,mw_matched_chemical_group_disjoint,76,7498,7502,6024,5881,0,384.4140000000001,385.87500000000006,1.4609999999999559,0.018731450220903126,raw,0.9971539300428709,0.0028460699571291048,0.0018148820326678765,0.82417582417582413,2.2621610633546987,2.2352742013835476,0.62215027781473398,0.62630417553405826
DOCKSTRING-58,full_support,mw_matched_chemical_group_disjoint,76,7498,7502,6024,5881,0,384.4140000000001,385.87500000000006,1.4609999999999559,0.018731450220903126,row_centered_residual,0.99421655034620238,0.0057834496537976232,0.024803387779794312,0.91907514450867056,17.800505290472934,17.993882005095774,0.15755804751561217,0.15591608148928404
DOCKSTRING-58,full_support,mw_matched_chemical_group_disjoint,77,7498,7502,6105,5800,0,384.47600000000011,385.90600000000006,1.42999999999995,0.019398152490535281,raw,0.99757095582141586,0.0024290441785841388,0.0048396854204476713,0.83425414364640882,2.304153202717663,2.1957163828398811,0.61547343714220926,0.63297696859081498
DOCKSTRING-58,full_support,mw_matched_chemical_group_disjoint,77,7498,7502,6105,5800,0,384.47600000000011,385.90600000000006,1.42999999999995,0.019398152490535281,row_centered_residual,0.99453296484313058,0.0054670351568694153,0.026618269812462191,0.90804597701149425,17.62408416859321,18.181601395042087,0.15847721574865806,0.15498181582843679
DOCKSTRING-58,full_support,mw_matched_chemical_group_disjoint,78,7503,7497,5857,6048,0,385.89500000000021,384.47600000000006,1.4190000000001532,0.016681602669056411,raw,0.99781342292598485,0.0021865770740151502,0.0054446460980036296,0.90804597701149425,2.2333516859838709,2.2628605847350456,0.62676534800296646,0.6219965912380413
DOCKSTRING-58,full_support,mw_matched_chemical_group_disjoint,78,7503,7497,5857,6048,0,385.89500000000021,384.47600000000006,1.4190000000001532,0.016681602669056411,row_centered_residual,0.99461348521895154,0.005386514781048457,0.028433151845130067,0.88636363636363635,17.945859298866733,17.855788667019695,0.15615930115144655,0.15727234117735975
DOCKSTRING-58,full_support,mw_matched_chemical_group_disjoint,79,7499,7501,5903,6002,0,385.42400000000009,384.56700000000001,0.85700000000008458,0.018352746992937735,raw,0.9976525362701556,0.0023474637298444012,0.0042347247428917122,0.87570621468926557,2.2219698980881555,2.2744244359949954,0.62931435156566173,0.61945136692402691
DOCKSTRING-58,full_support,mw_matched_chemical_group_disjoint,79,7499,7501,5903,6002,0,385.42400000000009,384.56700000000001,0.85700000000008458,0.018352746992937735,row_centered_residual,0.99330799080681376,0.0066920091931862435,0.029643073200241985,0.84444444444444444,17.956642803134422,17.831777079148694,0.15643064901423839,0.15708482159242723
DOCKSTRING-58,full_support,mw_matched_chemical_group_disjoint,80,7502,7498,6032,5873,0,384.51450000000011,385.45650000000012,0.94200000000000728,0.019401885824134102,raw,0.99819183707613379,0.0018081629238662078,0.003629764065335753,0.87570621468926557,2.2669249881465401,2.2297483279802344,0.62134187986274902,0.6273486061012109
DOCKSTRING-58,full_support,mw_matched_chemical_group_disjoint,80,7502,7498,6032,5873,0,384.51450000000011,385.45650000000012,0.94200000000000728,0.019401885824134102,row_centered_residual,0.99481694482829497,0.0051830551717050311,0.025408348457350273,0.91907514450867056,17.893696120179857,17.90612244426773,0.15701740782510873,0.15637395261411546
DOCKSTRING-58,full_support,mw_matched_chemical_group_disjoint,81,7496,7504,5818,6087,0,385.46600000000018,384.53800000000024,0.92799999999994043,0.019287329930618297,raw,0.99764456579708138,0.0023554342029186159,0.0060496067755595887,0.85474860335195535,2.1727538507703739,2.332040884849973,0.6373225824524249,0.61071472781055525
DOCKSTRING-58,full_support,mw_matched_chemical_group_disjoint,81,7496,7504,5818,6087,0,385.46600000000018,384.53800000000024,0.92799999999994043,0.019287329930618297,row_centered_residual,0.99520345166543844,0.0047965483345615567,0.024803387779794312,0.91907514450867056,18.009421929494906,17.794107294579522,0.15599250809251816,0.15741288440410423
DOCKSTRING-58,full_support,mw_matched_chemical_group_disjoint,82,7502,7498,6081,5824,0,384.45900000000017,385.54800000000017,1.0889999999999986,0.017667805700821756,raw,0.99792047169302156,0.0020795283069784398,0.0072595281306715061,0.87570621468926557,2.2934330834049819,2.2058016006666841,0.61620374859535643,0.63231402795043412
DOCKSTRING-58,full_support,mw_matched_chemical_group_disjoint,82,7502,7498,6081,5824,0,384.45900000000017,385.54800000000017,1.0889999999999986,0.017667805700821756,row_centered_residual,0.99443338440936468,0.0055666155906353154,0.028433151845130067,0.91907514450867056,17.704731821290157,18.097254268017437,0.15805402276596495,0.15535134517250199
DOCKSTRING-58,full_support,mw_matched_chemical_group_disjoint,83,7501,7499,5859,6046,0,385.48900000000032,384.48300000000012,1.0060000000001992,0.020358684806376648,raw,0.99816655207871763,0.0018334479212823718,0.0024198427102238356,0.87570621468926557,2.2195647088447403,2.2785435469746722,0.62897927512697294,0.61949677775713174
DOCKSTRING-58,full_support,mw_matched_chemical_group_disjoint,83,7501,7499,5859,6046,0,385.48900000000032,384.48300000000012,1.0060000000001992,0.020358684806376648,row_centered_residual,0.99487177105574875,0.0051282289442512452,0.029643073200241985,0.88636363636363635,17.871492371308541,17.926539018863529,0.15656033757403245,0.15693140131331079
DOCKSTRING-58,full_support,mw_matched_chemical_group_disjoint,84,7499,7501,5890,6015,0,386.39800000000008,384.33800000000008,2.0600000000000023,0.022897280407062764,raw,0.99767572503315316,0.0023242749668468399,0.0024198427102238356,0.84444444444444444,2.2153556352947503,2.2822972008076046,0.629592895960284,0.6189967733166224
DOCKSTRING-58,full_support,mw_matched_chemical_group_disjoint,84,7499,7501,5890,6015,0,386.39800000000008,384.33800000000008,2.0600000000000023,0.022897280407062764,row_centered_residual,0.99515121849855825,0.0048487815014417457,0.022988505747126436,0.90804597701149425,17.819024012394134,17.979821757748841,0.15682264051648462,0.15656007104502284
DOCKSTRING-58,full_support,mw_matched_chemical_group_disjoint,85,7572,7428,5905,6000,0,384.46100000000001,385.90650000000005,1.4455000000000382,0.011726947422141087,raw,0.99776321957291425,0.0022367804270857494,0.0042347247428917122,0.87570621468926557,2.2006955193361253,2.3009982131437567,0.63240716399553032,0.61574017007111659
DOCKSTRING-58,full_support,mw_matched_chemical_group_disjoint,85,7572,7428,5905,6000,0,384.46100000000001,385.90650000000005,1.4455000000000382,0.011726947422141087,row_centered_residual,0.9937327691988358,0.0062672308011642031,0.024803387779794312,0.90804597701149425,17.867290914845679,17.934905042920118,0.15679794771139224,0.15652134985452301
DOCKSTRING-58,full_support,mw_matched_chemical_group_disjoint,86,7554,7446,5890,6015,0,384.95900000000006,385.4235000000001,0.46450000000004366,0.014161907486617414,raw,0.9978738125436446,0.0021261874563553995,0.0060496067755595887,0.87570621468926557,2.1997029203946918,2.3013142045532282,0.63238163472758313,0.6159211297291638
DOCKSTRING-58,full_support,mw_matched_chemical_group_disjoint,86,7554,7446,5890,6015,0,384.95900000000006,385.4235000000001,0.46450000000004366,0.014161907486617414,row_centered_residual,0.99476868892747883,0.005231311072521172,0.029038112522686024,0.87570621468926557,17.889440033508915,17.907389610045168,0.15702742041113946,0.1564539537026815
DOCKSTRING-58,full_support,mw_matched_chemical_group_disjoint,87,7503,7497,5862,6043,0,386.38600000000008,383.90100000000001,2.4850000000000705,0.01585002920267134,raw,0.9972485422150873,0.0027514577849127031,0.0048396854204476713,0.8651685393258427,2.2012042282285793,2.2984114647889329,0.63217250549739745,0.61625122409350774
DOCKSTRING-58,full_support,mw_matched_chemical_group_disjoint,87,7503,7497,5862,6043,0,386.38600000000008,383.90100000000001,2.4850000000000705,0.01585002920267134,row_centered_residual,0.99344142981019956,0.0065585701898004389,0.027223230490018149,0.88636363636363635,17.901188355661535,17.884095666860215,0.15662302346780285,0.15685290207067104
DOCKSTRING-58,full_support,mw_matched_chemical_group_disjoint,88,7502,7498,6040,5865,0,384.06500000000005,386.45150000000001,2.3864999999999554,0.013600143189343494,raw,0.99786070111543734,0.002139298884562657,0.003629764065335753,0.89714285714285713,2.279564150000696,2.217777475038349,0.61907551857277299,0.62953020832315199
DOCKSTRING-58,full_support,mw_matched_chemical_group_disjoint,88,7502,7498,6040,5865,0,384.06500000000005,386.45150000000001,2.3864999999999554,0.013600143189343494,row_centered_residual,0.99400745561239545,0.0059925443876045481,0.027828191167574106,0.90804597701149425,17.84779401193083,17.944475928627892,0.15708123288926978,0.15642024879344338
DOCKSTRING-58,full_support,mw_matched_chemical_group_disjoint,89,7581,7419,5959,5946,0,384.45700000000016,385.83600000000007,1.3789999999999054,0.013467437508577651,raw,0.99757164925257336,0.0024283507474266441,0.0054446460980036296,0.8651685393258427,2.1844832432601997,2.3192120310678042,0.63510903447909017,0.61285746156711096
DOCKSTRING-58,full_support,mw_matched_chemical_group_disjoint,89,7581,7419,5959,5946,0,384.45700000000016,385.83600000000007,1.3789999999999054,0.013467437508577651,row_centered_residual,0.9947844518663953,0.0052155481336046972,0.026618269812462191,0.88636363636363635,17.889879728532829,17.91365810740955,0.15642706205942822,0.15701762334365343
DOCKSTRING-58,full_support,mw_matched_chemical_group_disjoint,90,7497,7503,6030,5875,0,384.47600000000006,385.82600000000002,1.3499999999999659,0.0161011225761796,raw,0.99778705128740652,0.0022129487125934766,0.003629764065335753,0.88636363636363635,2.2799260314754628,2.2176228622567158,0.61935903179185159,0.62923521421393225
DOCKSTRING-58,full_support,mw_matched_chemical_group_disjoint,90,7497,7503,6030,5875,0,384.47600000000006,385.82600000000002,1.3499999999999659,0.0161011225761796,row_centered_residual,0.99421334355920232,0.0057866564407976773,0.02601330913490623,0.87570621468926557,17.747561824020131,18.045039310687809,0.15784890514942854,0.15552982210205299
DOCKSTRING-58,full_support,mw_matched_chemical_group_disjoint,91,7499,7501,6027,5878,0,384.56699999999995,385.44500000000011,0.87800000000015643,0.019640338126939327,raw,0.99758329145691049,0.0024167085430895074,0.0072595281306715061,0.84444444444444444,2.2834810609985801,2.2145653213360834,0.61852954906961366,0.63011645354392076
DOCKSTRING-58,full_support,mw_matched_chemical_group_disjoint,91,7499,7501,6027,5878,0,384.56699999999995,385.44500000000011,0.87800000000015643,0.019640338126939327,row_centered_residual,0.99315020466501047,0.006849795334989528,0.036902601330913491,0.88636363636363635,17.729677646434261,18.057570293228117,0.15750811096322187,0.15600466022209247
DOCKSTRING-58,full_support,mw_matched_chemical_group_disjoint,92,7502,7498,5898,6007,0,385.42550000000017,384.95350000000008,0.47200000000009368,0.015183325524147584,raw,0.99782527236262208,0.0021747276373779156,0.0060496067755595887,0.8651685393258427,2.1999866518577451,2.3005219838281805,0.63285442599587305,0.61545600633729369
DOCKSTRING-58,full_support,mw_matched_chemical_group_disjoint,92,7502,7498,5898,6007,0,385.42550000000017,384.95350000000008,0.47200000000009368,0.015183325524147584,row_centered_residual,0.99440963505642754,0.0055903649435724567,0.027828191167574106,0.88636363636363635,18.014265214180178,17.773979802276351,0.15631125948972971,0.15718014304789224
DOCKSTRING-58,full_support,mw_matched_chemical_group_disjoint,93,7506,7494,5895,6010,0,385.41350000000011,385.34050000000008,0.073000000000035925,0.012998728319186137,raw,0.99785244370533233,0.0021475562946676741,0.0030248033877797943,0.85474860335195535,2.2297546770173065,2.2668745325544903,0.62770519918094125,0.62093921180182077
DOCKSTRING-58,full_support,mw_matched_chemical_group_disjoint,93,7506,7494,5895,6010,0,385.41350000000011,385.34050000000008,0.073000000000035925,0.012998728319186137,row_centered_residual,0.99372104994659216,0.0062789500534078391,0.024803387779794312,0.89714285714285713,17.889799103906412,17.893340407635815,0.15694612110021852,0.15668297309031423
DOCKSTRING-58,full_support,mw_matched_chemical_group_disjoint,94,7501,7499,6108,5797,0,384.39200000000017,386.15999999999997,1.7679999999998017,0.016617155850971649,raw,0.99794352495797689,0.0020564750420231093,0.0048396854204476713,0.87570621468926557,2.2825349031653004,2.2148452521818207,0.61888587241267479,0.62979704906357248
DOCKSTRING-58,full_support,mw_matched_chemical_group_disjoint,94,7501,7499,6108,5797,0,384.39200000000017,386.15999999999997,1.7679999999998017,0.016617155850971649,row_centered_residual,0.99462139989871445,0.0053786001012855467,0.02601330913490623,0.91907514450867056,18.000154894740486,17.794203457035636,0.15577119034905945,0.15765908958627983
DOCKSTRING-58,full_support,mw_matched_chemical_group_disjoint,95,7527,7473,5882,6023,0,385.42300000000012,384.9000000000002,0.52299999999991087,0.011286066267418821,raw,0.99723610296344245,0.0027638970365575499,0.0042347247428917122,0.83425414364640882,2.2453532138364158,2.2502829124324371,0.62514350073703806,0.62365568516558179
DOCKSTRING-58,full_support,mw_matched_chemical_group_disjoint,95,7527,7473,5882,6023,0,385.42300000000012,384.9000000000002,0.52299999999991087,0.011286066267418821,row_centered_residual,0.99408593289028513,0.0059140671097148712,0.024803387779794312,0.91907514450867056,17.902651182317879,17.880576579768242,0.15629124366248817,0.15717324651278453
DOCKSTRING-58,full_support,mw_matched_chemical_group_disjoint,96,7561,7439,5900,6005,0,384.86700000000025,385.42300000000006,0.55599999999981264,0.007954819553485485,raw,0.99781805111401678,0.0021819488859832203,0.0042347247428917122,0.87570621468926557,2.2066721095333257,2.294217472947695,0.6314551261257495,0.61668516606805102
DOCKSTRING-58,full_support,mw_matched_chemical_group_disjoint,96,7561,7439,5900,6005,0,384.86700000000025,385.42300000000006,0.55599999999981264,0.007954819553485485,row_centered_residual,0.99387086827214555,0.0061291317278544533,0.032062915910465818,0.88636363636363635,17.622437474801742,18.180700208084136,0.15830942447541291,0.15517058035693132
DOCKSTRING-58,full_support,mw_matched_chemical_group_disjoint,97,7501,7499,5988,5917,0,384.505,385.44500000000016,0.94000000000016826,0.012872373562175521,raw,0.99749949521665604,0.0025005047833439598,0.0060496067755595887,0.87570621468926557,2.276389082957341,2.2204806895457385,0.6197293215124825,0.62900131961501482
DOCKSTRING-58,full_support,mw_matched_chemical_group_disjoint,97,7501,7499,5988,5917,0,384.505,385.44500000000016,0.94000000000016826,0.012872373562175521,row_centered_residual,0.99365022963650262,0.0063497703634973757,0.030248033877797943,0.88636363636363635,17.657874296367684,18.129084823184616,0.15836046324644121,0.15518090782188906
DOCKSTRING-58,full_support,mw_matched_chemical_group_disjoint,98,7495,7505,6040,5865,0,384.56700000000001,385.42300000000017,0.85600000000016507,0.015467384652170957,raw,0.99831108066697416,0.0016889193330258401,0.0012099213551119178,0.87570621468926557,2.2439230717318241,2.2519642968359341,0.62496972661077788,0.62376160116704749
DOCKSTRING-58,full_support,mw_matched_chemical_group_disjoint,98,7495,7505,6040,5865,0,384.56700000000001,385.42300000000017,0.85600000000016507,0.015467384652170957,row_centered_residual,0.99505556485119362,0.0049444351488063809,0.026618269812462191,0.90804597701149425,17.729338220163783,18.072028541955572,0.15813311349948245,0.15529719128620123
DOCKSTRING-58,full_support,mw_matched_chemical_group_disjoint,99,7503,7497,5937,5968,0,384.56400000000025,385.42400000000009,0.85999999999984311,0.020776269990869844,raw,0.99820005994752203,0.0017999400524779663,0.0018148820326678765,0.8651685393258427,2.2639370814250102,2.232366034018467,0.6221109966785765,0.62658783569785637
DOCKSTRING-58,full_support,mw_matched_chemical_group_disjoint,99,7503,7497,5937,5968,0,384.56400000000025,385.42400000000009,0.85999999999984311,0.020776269990869844,row_centered_residual,0.99444477952903643,0.0055552204709635733,0.031457955232909861,0.90804597701149425,18.142985329584711,17.661124877952609,0.15519198102324333,0.15829317315270783
DOCKSTRING-58,full_support,mw_matched_chemical_group_disjoint,100,7500,7500,5928,5977,0,385.54800000000017,384.46300000000008,1.0850000000000932,0.020400000000000029,raw,0.99757222046981031,0.0024277795301896887,0.0048396854204476713,0.88636363636363635,2.1993407069678383,2.3006782357363007,0.63250516787450439,0.6158969259401853
DOCKSTRING-58,full_support,mw_matched_chemical_group_disjoint,100,7500,7500,5928,5977,0,385.54800000000017,384.46300000000008,1.0850000000000932,0.020400000000000029,row_centered_residual,0.99465861138067402,0.0053413886193259819,0.024198427102238355,0.88636363636363635,18.012681296015497,17.788225835215151,0.15581296779355364,0.15761571871512975
DOCKSTRING-58,full_support,mw_matched_chemical_group_disjoint,101,7498,7502,5873,6032,0,385.42150000000015,384.49250000000018,0.92899999999997362,0.02072057036235167,raw,0.99773881398436082,0.0022611860156391828,0.0018148820326678765,0.84444444444444444,2.2500750357982175,2.2456773181914009,0.62432114348429857,0.62444224974894469
DOCKSTRING-58,full_support,mw_matched_chemical_group_disjoint,101,7498,7502,5873,6032,0,385.42150000000015,384.49250000000018,0.92899999999997362,0.02072057036235167,row_centered_residual,0.99422339963939776,0.0057766003606022354,0.029643073200241985,0.89714285714285713,18.026662143407993,17.762045091235528,0.15565271868959071,0.15778137680482499
DOCKSTRING-58,full_support,mw_matched_chemical_group_disjoint,102,7501,7499,5875,6030,0,385.82600000000014,384.47700000000003,1.3490000000001032,0.021245493711031016,raw,0.99730317980801164,0.0026968201919883583,0.0048396854204476713,0.83425414364640882,2.220043122761258,2.2770924432409401,0.62884874899519383,0.61976492938702987
DOCKSTRING-58,full_support,mw_matched_chemical_group_disjoint,102,7501,7499,5875,6030,0,385.82600000000014,384.47700000000003,1.3490000000001032,0.021245493711031016,row_centered_residual,0.99372521850401008,0.0062747814959899229,0.027828191167574106,0.89714285714285713,17.587648072931962,18.209847260626081,0.15851333376944318,0.15485082747746237
DOCKSTRING-58,full_support,mw_matched_chemical_group_disjoint,103,7501,7499,6052,5853,0,385.31700000000018,385.41600000000017,0.098999999999989541,0.017826382539135682,raw,0.99807996085923834,0.0019200391407616646,0.0024198427102238356,0.88636363636363635,2.2860547811440095,2.2125522322844504,0.61862371936331229,0.62981363907228161
DOCKSTRING-58,full_support,mw_matched_chemical_group_disjoint,103,7501,7499,6052,5853,0,385.31700000000018,385.41600000000017,0.098999999999989541,0.017826382539135682,row_centered_residual,0.9947393443024436,0.0052606556975564045,0.026618269812462191,0.88636363636363635,18.074748337736008,17.730481901162314,0.15589262713900004,0.15742039122341059
DOCKSTRING-58,full_support,mw_matched_chemical_group_disjoint,104,7502,7498,5987,5918,0,385.41950000000014,385.32350000000014,0.096000000000003638,0.017126294551203181,raw,0.99839953432032824,0.0016004656796717587,0.0054446460980036296,0.85474860335195535,2.2705438273710037,2.2260814891310874,0.62032521721285194,0.62840395836951357
DOCKSTRING-58,full_support,mw_matched_chemical_group_disjoint,104,7502,7498,5987,5918,0,385.41950000000014,385.32350000000014,0.096000000000003638,0.017126294551203181,row_centered_residual,0.99508222342680264,0.0049177765731973633,0.029038112522686024,0.90804597701149425,17.961379500133447,17.841352701618028,0.15607110757713102,0.15736672949445241
DOCKSTRING-58,full_support,mw_matched_chemical_group_disjoint,105,7500,7500,5909,5996,0,385.40200000000004,385.34850000000017,0.053499999999871761,0.018666666666666665,raw,0.99748209301711044,0.0025179069828895617,0.0072595281306715061,0.85474860335195535,2.2365788268627411,2.2592192237551565,0.6272536241354596,0.62162003530663767
DOCKSTRING-58,full_support,mw_matched_chemical_group_disjoint,105,7500,7500,5909,5996,0,385.40200000000004,385.34850000000017,0.053499999999871761,0.018666666666666665,row_centered_residual,0.99463154631093798,0.0053684536890620249,0.027828191167574106,0.88636363636363635,18.083116132418759,17.71456026202798,0.15571271557767558,0.15768471528717259
DOCKSTRING-58,full_support,mw_matched_chemical_group_disjoint,106,7516,7484,5915,5990,0,385.52250000000015,384.48000000000019,1.0424999999999613,0.01783496116888994,raw,0.99718862551216325,0.0028113744878367486,0.0060496067755595887,0.85474860335195535,2.2061139948777702,2.2928755612957108,0.63112326981870603,0.61736834381023364
DOCKSTRING-58,full_support,mw_matched_chemical_group_disjoint,106,7516,7484,5915,5990,0,385.52250000000015,384.48000000000019,1.0424999999999613,0.01783496116888994,row_centered_residual,0.99378171587398512,0.0062182841260148836,0.028433151845130067,0.90804597701149425,18.153615528670461,17.634664076418527,0.15473177064011362,0.15867840106545505
DOCKSTRING-58,full_support,mw_matched_chemical_group_disjoint,107,7500,7500,5939,5966,0,386.51350000000014,383.42900000000009,3.0845000000000482,0.017733333333333351,raw,0.99786164694490886,0.0021383530550911356,0.0030248033877797943,0.8651685393258427,2.2082800291542717,2.2909038771303374,0.63089055160503293,0.61752080821407407
DOCKSTRING-58,full_support,mw_matched_chemical_group_disjoint,107,7500,7500,5939,5966,0,386.51350000000014,383.42900000000009,3.0845000000000482,0.017733333333333351,row_centered_residual,0.99489872188203732,0.005101278117962682,0.023593466424682397,0.87570621468926557,17.853224988721024,17.945889782836709,0.15703446546500546,0.15636315809307719
DOCKSTRING-58,full_support,mw_matched_chemical_group_disjoint,108,7499,7501,6044,5861,0,384.39200000000017,386.38600000000008,1.9939999999999145,0.015790186947381102,raw,0.99791777235947376,0.0020822276405262352,0.0054446460980036296,0.87570621468926557,2.2954354396491166,2.2041902231551238,0.61684870755563537,0.63153724760359053
DOCKSTRING-58,full_support,mw_matched_chemical_group_disjoint,108,7499,7501,6044,5861,0,384.39200000000017,386.38600000000008,1.9939999999999145,0.015790186947381102,row_centered_residual,0.99418425133248112,0.005815748667518883,0.028433151845130067,0.87570621468926557,17.907600714152711,17.886518514545582,0.15650959119453384,0.15694251693025751
DOCKSTRING-58,full_support,mw_matched_chemical_group_disjoint,109,7501,7499,6031,5874,0,384.43900000000008,386.25500000000005,1.8159999999999741,0.016195058065689938,raw,0.99812004702515345,0.0018799529748465549,0.0048396854204476713,0.85474860335195535,2.2832343583869745,2.2147356164552328,0.61889291437467253,0.62969544049151582
DOCKSTRING-58,full_support,mw_matched_chemical_group_disjoint,109,7501,7499,6031,5874,0,384.43900000000008,386.25500000000005,1.8159999999999741,0.016195058065689938,row_centered_residual,0.99515549067212605,0.0048445093278739471,0.027828191167574106,0.89714285714285713,17.745893714156214,18.051993194434335,0.15783926954256253,0.1555827961209538
DOCKSTRING-58,full_support,mw_matched_chemical_group_disjoint,110,7500,7500,6067,5838,0,384.43550000000005,386.245,1.8094999999999573,0.016266666666666679,raw,0.99740518326559213,0.0025948167344078676,0.0054446460980036296,0.8651685393258427,2.3191895994535616,2.1833990842436308,0.61302348696931441,0.63521103784874644
DOCKSTRING-58,full_support,mw_matched_chemical_group_disjoint,110,7500,7500,6067,5838,0,384.43550000000005,386.245,1.8094999999999573,0.016266666666666679,row_centered_residual,0.99413080399686904,0.0058691960031309609,0.030852994555353903,0.88636363636363635,17.816829042610756,17.977231133094413,0.15707023500670195,0.15631854060760728
DOCKSTRING-58,full_support,mw_matched_chemical_group_disjoint,111,7498,7502,5860,6045,0,386.34050000000013,384.44600000000003,1.8945000000001073,0.015500907768953437,raw,0.99790047111925384,0.0020995288807461598,0.0024198427102238356,0.85474860335195535,2.2079403626350094,2.2905162943854762,0.63083670014233051,0.61769117102984517
DOCKSTRING-58,full_support,mw_matched_chemical_group_disjoint,111,7498,7502,5860,6045,0,386.34050000000013,384.44600000000003,1.8945000000001073,0.015500907768953437,row_centered_residual,0.99513983400618378,0.0048601659938162234,0.02601330913490623,0.90804597701149425,18.055249401667236,17.74383473646143,0.15549519719191771,0.15794430775010251
DOCKSTRING-58,full_support,mw_matched_chemical_group_disjoint,112,7423,7577,5981,5924,0,385.41100000000017,385.37900000000013,0.032000000000039108,0.011335505923815492,raw,0.99763638012123401,0.0023636198787659879,0.0048396854204476713,0.85474860335195535,2.3062103858459841,2.1962673678015658,0.61533898619027394,0.6327665327147719
DOCKSTRING-58,full_support,mw_matched_chemical_group_disjoint,112,7423,7577,5981,5924,0,385.41100000000017,385.37900000000013,0.032000000000039108,0.011335505923815492,row_centered_residual,0.99493507786655366,0.0050649221334463368,0.023593466424682397,0.91907514450867056,17.853313970977197,17.945766345870162,0.15707916429235949,0.1563035289911332
DOCKSTRING-58,full_support,mw_matched_chemical_group_disjoint,113,7501,7499,6026,5879,0,384.4800000000003,385.51200000000017,1.0319999999998686,0.017546738089719793,raw,0.99817722188533975,0.0018227781146602506,0.0054446460980036296,0.88636363636363635,2.2931911212559335,2.2056703784809515,0.61693712540793932,0.6315680263333906
DOCKSTRING-58,full_support,mw_matched_chemical_group_disjoint,113,7501,7499,6026,5879,0,384.4800000000003,385.51200000000017,1.0319999999998686,0.017546738089719793,row_centered_residual,0.99507614461267135,0.0049238553873286461,0.0205686630369026,0.91907514450867056,17.91431506739152,17.888101026544042,0.15669478439079007,0.15664395611393869
DOCKSTRING-58,full_support,mw_matched_chemical_group_disjoint,114,7507,7493,5902,6003,0,385.46000000000009,384.4800000000003,0.97999999999979082,0.019829617273799935,raw,0.99838303544106444,0.001616964558935563,0.0030248033877797943,0.90804597701149425,2.2267943011354316,2.2696787144922084,0.62809615311323486,0.62062156921141987
DOCKSTRING-58,full_support,mw_matched_chemical_group_disjoint,114,7507,7493,5902,6003,0,385.46000000000009,384.4800000000003,0.97999999999979082,0.019829617273799935,row_centered_residual,0.9946600008998131,0.0053399991001868985,0.028433151845130067,0.91907514450867056,18.02129084284741,17.779197188753784,0.15604793542993373,0.15736790148567023
DOCKSTRING-58,full_support,mw_matched_chemical_group_disjoint,115,7500,7500,5977,5928,0,384.37650000000019,386.35100000000017,1.9744999999999777,0.012533333333333285,raw,0.99773856955651974,0.0022614304434802612,0.0048396854204476713,0.87570621468926557,2.2559090977369225,2.2398560210943774,0.62302637945419725,0.62581155358022533
DOCKSTRING-58,full_support,mw_matched_chemical_group_disjoint,115,7500,7500,5977,5928,0,384.37650000000019,386.35100000000017,1.9744999999999777,0.012533333333333285,row_centered_residual,0.99509328378660555,0.0049067162133944464,0.018753781004234724,0.93023255813953487,17.737641966755834,18.061908163761593,0.15756771115055171,0.15580808605780944
DOCKSTRING-58,full_support,mw_matched_chemical_group_disjoint,116,7500,7500,5810,6095,0,386.48750000000013,383.47100000000012,3.0165000000000077,0.021466666666666676,raw,0.99743881600514128,0.0025611839948587178,0.0024198427102238356,0.8651685393258427,2.2333994910009558,2.2628746319188626,0.62704831426822938,0.62163947309182432
DOCKSTRING-58,full_support,mw_matched_chemical_group_disjoint,116,7500,7500,5810,6095,0,386.48750000000013,383.47100000000012,3.0165000000000077,0.021466666666666676,row_centered_residual,0.99453696867743824,0.0054630313225617622,0.026618269812462191,0.88636363636363635,17.922959917815053,17.867838359118903,0.15624851333908207,0.15716024077654653
DOCKSTRING-58,full_support,mw_matched_chemical_group_disjoint,117,7502,7498,6014,5891,0,384.48000000000019,385.5080000000001,1.0279999999999063,0.019393139156845429,raw,0.99760259328587209,0.0023974067141279143,0.003629764065335753,0.84444444444444444,2.2993072201673974,2.2005321636699322,0.61647023971085402,0.63195447513787895
DOCKSTRING-58,full_support,mw_matched_chemical_group_disjoint,117,7502,7498,6014,5891,0,384.48000000000019,385.5080000000001,1.0279999999999063,0.019393139156845429,row_centered_residual,0.99349027021237446,0.00650972978762554,0.024803387779794312,0.87570621468926557,17.757294333957773,18.029593665393769,0.15780721317741991,0.15562556099642669
DOCKSTRING-58,full_support,mw_matched_chemical_group_disjoint,118,7496,7504,5871,6034,0,385.46400000000017,384.52200000000016,0.94200000000000728,0.014944999806577722,raw,0.99828025087712258,0.0017197491228774231,0.003629764065335753,0.90804597701149425,2.231830827912054,2.2645887446799806,0.62758769986064045,0.62112900119840164
DOCKSTRING-58,full_support,mw_matched_chemical_group_disjoint,118,7496,7504,5871,6034,0,385.46400000000017,384.52200000000016,0.94200000000000728,0.014944999806577722,row_centered_residual,0.99506190137728756,0.004938098622712439,0.024803387779794312,0.94152046783625731,17.974995963959554,17.823297354229073,0.15609077551680756,0.15726120867824853
DOCKSTRING-58,full_support,mw_matched_chemical_group_disjoint,119,7622,7378,5934,5971,0,383.50600000000009,386.49550000000011,2.9895000000000209,0.014762875211282611,raw,0.99768164709464746,0.0023183529053525387,0.0054446460980036296,0.85474860335195535,2.1718153890271852,2.337518265591715,0.63728349642550142,0.61010134717380671
DOCKSTRING-58,full_support,mw_matched_chemical_group_disjoint,119,7622,7378,5934,5971,0,383.50600000000009,386.49550000000011,2.9895000000000209,0.014762875211282611,row_centered_residual,0.9946616640718613,0.0053383359281387044,0.027828191167574106,0.90804597701149425,17.98736089128094,17.813515446188429,0.15604416552798425,0.15737654139590515
DOCKSTRING-58,full_support,mw_matched_chemical_group_disjoint,120,7609,7391,5989,5916,0,385.05500000000006,385.42300000000012,0.36800000000005184,0.022618555218747671,raw,0.99859037401397077,0.0014096259860292282,0.0012099213551119178,0.91907514450867056,2.233057467709556,2.264010341184564,0.62654696453743575,0.62203482251085762
DOCKSTRING-58,full_support,mw_matched_chemical_group_disjoint,120,7609,7391,5989,5916,0,385.05500000000006,385.42300000000012,0.36800000000005184,0.022618555218747671,row_centered_residual,0.99512313055144441,0.0048768694485555875,0.027223230490018149,0.90804597701149425,17.952597714404977,17.849663458522024,0.1559490516085115,0.15747087297713139
DOCKSTRING-58,full_support,mw_matched_chemical_group_disjoint,121,7506,7494,5805,6100,0,385.69200000000012,384.44450000000006,1.2475000000000591,0.01444406257753339,raw,0.99756140985149722,0.0024385901485027839,0.0048396854204476713,0.84444444444444444,2.2181610683014492,2.279445844325259,0.62938422420760476,0.61922220630295099
DOCKSTRING-58,full_support,mw_matched_chemical_group_disjoint,121,7506,7494,5805,6100,0,385.69200000000012,384.44450000000006,1.2475000000000591,0.01444406257753339,row_centered_residual,0.99441792966207354,0.0055820703379264591,0.030852994555353903,0.87570621468926557,18.007252593822113,17.784863851955752,0.15564052773351225,0.15780525170713602
DOCKSTRING-58,full_support,mw_matched_chemical_group_disjoint,122,7498,7502,5892,6013,0,385.42700000000002,384.78000000000009,0.64699999999993452,0.014004694329222689,raw,0.99777234045093555,0.0022276595490644535,0.0042347247428917122,0.85474860335195535,2.2037226325345931,2.2959588847489036,0.63172361588079806,0.61668096345346701
DOCKSTRING-58,full_support,mw_matched_chemical_group_disjoint,122,7498,7502,5892,6013,0,385.42700000000002,384.78000000000009,0.64699999999993452,0.014004694329222689,row_centered_residual,0.99439476215367084,0.0056052378463291586,0.027223230490018149,0.90804597701149425,17.978763772298095,17.816508924372325,0.15620721522735112,0.15726973130692928
DOCKSTRING-58,full_support,mw_matched_chemical_group_disjoint,123,7560,7440,5970,5935,0,384.37500000000023,386.45200000000011,2.0769999999998845,0.012399726915855891,raw,0.9978376850460231,0.002162314953976896,0.0030248033877797943,0.8651685393258427,2.2304333891462305,2.266073747745228,0.62740994169702613,0.62128301324562607
DOCKSTRING-58,full_support,mw_matched_chemical_group_disjoint,123,7560,7440,5970,5935,0,384.37500000000023,386.45200000000011,2.0769999999998845,0.012399726915855891,row_centered_residual,0.99466518170731155,0.005334818292688448,0.026618269812462191,0.91907514450867056,17.974080819616479,17.827246441076994,0.15626939211988589,0.15709568758657044
DOCKSTRING-58,full_support,mw_matched_chemical_group_disjoint,124,7497,7503,5885,6020,0,385.37200000000013,385.41600000000005,0.043999999999925876,0.022967737008171257,raw,0.997781556974634,0.0022184430253660015,0.0078644888082274652,0.87570621468926557,2.2031072380153183,2.2955537249883444,0.63282649883561204,0.61574689850738162
DOCKSTRING-58,full_support,mw_matched_chemical_group_disjoint,124,7497,7503,5885,6020,0,385.37200000000013,385.41600000000005,0.043999999999925876,0.022967737008171257,row_centered_residual,0.99346813886547136,0.0065318611345286381,0.025408348457350273,0.87570621468926557,18.006088932731501,17.780138681115798,0.15597437712000659,0.15749490743439337
DOCKSTRING-58,full_support,mw_matched_chemical_group_disjoint,125,7502,7498,5857,6048,0,385.43600000000009,384.53050000000019,0.90549999999990405,0.015936890022178851,raw,0.99783144150878156,0.0021685584912184419,0.0054446460980036296,0.85474860335195535,2.2305782832854577,2.2660980837234441,0.62759271024814778,0.62103455543620401
DOCKSTRING-58,full_support,mw_matched_chemical_group_disjoint,125,7502,7498,5857,6048,0,385.43600000000009,384.53050000000019,0.90549999999990405,0.015936890022178851,row_centered_residual,0.99464879441467069,0.0053512055853293106,0.026618269812462191,0.87570621468926557,17.971507624344362,17.823412654081338,0.15599379749969211,0.1574261818040871
DOCKSTRING-58,full_support,mw_matched_chemical_group_disjoint,126,7502,7498,5784,6121,0,386.32250000000022,384.40600000000012,1.9165000000000987,0.02061774368837288,raw,0.99757688319655891,0.0024231168034410944,0.0054446460980036296,0.8651685393258427,2.2388630498436797,2.2574235662207847,0.62615776575482684,0.62254269361502945
DOCKSTRING-58,full_support,mw_matched_chemical_group_disjoint,126,7502,7498,5784,6121,0,386.32250000000022,384.40600000000012,1.9165000000000987,0.02061774368837288,row_centered_residual,0.99431164074680334,0.005688359253196662,0.035692679975801569,0.91907514450867056,18.172395348969612,17.629539180327928,0.15493807593673778,0.158588824888789
DOCKSTRING-58,full_support,mw_matched_chemical_group_disjoint,127,7493,7507,5877,6028,0,385.82600000000014,384.38800000000009,1.438000000000045,0.019824461713753294,raw,0.9966156361733246,0.0033843638266753961,0.0054446460980036296,0.84444444444444444,2.225802191590649,2.2707649829748218,0.6284320144272505,0.62031396952246498
DOCKSTRING-58,full_support,mw_matched_chemical_group_disjoint,127,7493,7507,5877,6028,0,385.82600000000014,384.38800000000009,1.438000000000045,0.019824461713753294,row_centered_residual,0.99178920387838321,0.0082107961216167924,0.032667876588021776,0.89714285714285713,18.062137671186346,17.70755482019289,0.15579125734179813,0.15776998230806621
DOCKSTRING-58,full_support,mw_matched_chemical_group_disjoint,128,7507,7493,6068,5837,0,384.28800000000001,386.47700000000015,2.1890000000001351,0.017170379401752728,raw,0.99753967437142366,0.0024603256285763431,0.0048396854204476713,0.8651685393258427,2.2728982138737761,2.2230602689364183,0.61990860005343917,0.6289425250414642
DOCKSTRING-58,full_support,mw_matched_chemical_group_disjoint,128,7507,7493,6068,5837,0,384.28800000000001,386.47700000000015,2.1890000000001351,0.017170379401752728,row_centered_residual,0.9945080172624079,0.0054919827375921049,0.027223230490018149,0.91907514450867056,17.852721196748323,17.939033146439076,0.15685571913166207,0.15656356018832843
DOCKSTRING-58,full_support,mw_matched_chemical_group_disjoint,129,7498,7502,5825,6080,0,385.83850000000007,384.45700000000011,1.38149999999996,0.02110133483387272,raw,0.99787427483108282,0.0021257251689171808,0.0042347247428917122,0.85474860335195535,2.2396144045033837,2.2560166494038567,0.62557782457024302,0.62321353160093584
DOCKSTRING-58,full_support,mw_matched_chemical_group_disjoint,129,7498,7502,5825,6080,0,385.83850000000007,384.45700000000011,1.38149999999996,0.02110133483387272,row_centered_residual,0.99490879656000319,0.0050912034399968054,0.030248033877797943,0.89714285714285713,17.830541937285069,17.96985479324718,0.15732667138862508,0.15612344407205167
DOCKSTRING-58,full_support,mw_matched_chemical_group_disjoint,130,7509,7491,5855,6050,0,385.42300000000012,384.85200000000003,0.57100000000008322,0.015781249391665808,raw,0.99741801572724176,0.002581984272758242,0.0060496067755595887,0.85474860335195535,2.1911225203720948,2.3109844148606382,0.63366673004911223,0.61450047906680361
DOCKSTRING-58,full_support,mw_matched_chemical_group_disjoint,130,7509,7491,5855,6050,0,385.42300000000012,384.85200000000003,0.57100000000008322,0.015781249391665808,row_centered_residual,0.99429281714622608,0.0057071828537739178,0.027828191167574106,0.87570621468926557,17.79156875236157,17.994411984795789,0.15740404158913987,0.15610629066962739
DOCKSTRING-58,full_support,mw_matched_chemical_group_disjoint,131,7500,7500,5994,5911,0,384.47600000000011,385.47850000000028,1.0025000000001683,0.013466666666666682,raw,0.9975531258731487,0.002446874126851295,0.0030248033877797943,0.83425414364640882,2.2730614729693368,2.2239523690881926,0.62036700106597276,0.62826756534897832
DOCKSTRING-58,full_support,mw_matched_chemical_group_disjoint,131,7500,7500,5994,5911,0,384.47600000000011,385.47850000000028,1.0025000000001683,0.013466666666666682,row_centered_residual,0.99373932889817596,0.0062606711018240446,0.030852994555353903,0.90804597701149425,17.710254405161045,18.080142206778259,0.15822420674708268,0.15525771052014881
DOCKSTRING-58,full_support,mw_matched_chemical_group_disjoint,132,7501,7499,6056,5849,0,384.48400000000026,385.42800000000011,0.9439999999998463,0.017529600311637361,raw,0.99567981230237312,0.004320187697626876,0.0030248033877797943,0.82417582417582413,2.2784151127250141,2.2180034340067443,0.62037660346224599,0.62833480257889907
DOCKSTRING-58,full_support,mw_matched_chemical_group_disjoint,132,7501,7499,6056,5849,0,384.48400000000026,385.42800000000011,0.9439999999998463,0.017529600311637361,row_centered_residual,0.99114669341656614,0.008853306583433862,0.032062915910465818,0.87570621468926557,18.016961764874775,17.731696244692522,0.15585852560396143,0.15786973743743402
DOCKSTRING-58,full_support,mw_matched_chemical_group_disjoint,133,7491,7509,6048,5857,0,384.45700000000016,386.27900000000011,1.8219999999999459,0.0136296729600624,raw,0.9978782680380931,0.0021217319619069031,0.0030248033877797943,0.88636363636363635,2.2823585227152079,2.2158538186102437,0.61947397040742036,0.62904275288958256
DOCKSTRING-58,full_support,mw_matched_chemical_group_disjoint,133,7491,7509,6048,5857,0,384.45700000000016,386.27900000000011,1.8219999999999459,0.0136296729600624,row_centered_residual,0.99509667655131084,0.0049033234486891564,0.022383545069570479,0.90804597701149425,17.980982331868386,17.820824322589221,0.15601055316285714,0.15727858047283888
DOCKSTRING-58,full_support,mw_matched_chemical_group_disjoint,134,7502,7498,6041,5864,0,384.67700000000008,385.44700000000023,0.77000000000015234,0.013122952044298808,raw,0.99767365536697827,0.0023263446330217263,0.0048396854204476713,0.8651685393258427,2.3071648930924642,2.1934433899139667,0.61519757781506379,0.63314702720308036
DOCKSTRING-58,full_support,mw_matched_chemical_group_disjoint,134,7502,7498,6041,5864,0,384.67700000000008,385.44700000000023,0.77000000000015234,0.013122952044298808,row_centered_residual,0.99446648578404218,0.0055335142159578243,0.030248033877797943,0.88636363636363635,18.046107711515901,17.744488485675777,0.15569470372668082,0.1577323572968384
DOCKSTRING-58,full_support,mw_matched_chemical_group_disjoint,135,7503,7497,6019,5886,0,384.43900000000008,385.51100000000008,1.0720000000000027,0.017772162843546047,raw,0.9977362049828411,0.0022637950171588983,0.0072595281306715061,0.8651685393258427,2.2789526300659948,2.2180284125525671,0.6188993771678577,0.62988075932636522
DOCKSTRING-58,full_support,mw_matched_chemical_group_disjoint,135,7503,7497,6019,5886,0,384.43900000000008,385.51100000000008,1.0720000000000027,0.017772162843546047,row_centered_residual,0.9944912952098981,0.0055087047901019037,0.027223230490018149,0.88636363636363635,17.643695828243111,18.15739362526249,0.15805137350944537,0.15536714257352513
DOCKSTRING-58,full_support,mw_matched_chemical_group_disjoint,136,7495,7505,5836,6069,0,386.3300000000001,384.32099999999991,2.0090000000001851,0.017414941073307127,raw,0.99798280876293566,0.0020171912370643419,0.0042347247428917122,0.89714285714285713,2.218935216022313,2.2793184609233719,0.62958716826838734,0.61886296048139244
DOCKSTRING-58,full_support,mw_matched_chemical_group_disjoint,136,7495,7505,5836,6069,0,386.3300000000001,384.32099999999991,2.0090000000001851,0.017414941073307127,row_centered_residual,0.99414297490925352,0.0058570250907464816,0.030248033877797943,0.90804597701149425,17.991365406381227,17.798445657838432,0.15602270955723938,0.15753697987955848
DOCKSTRING-58,full_support,mw_matched_chemical_group_disjoint,137,7502,7498,6043,5862,0,384.47800000000018,385.50950000000012,1.0314999999999372,0.014329814352342346,raw,0.9976334283893723,0.0023665716106276991,0.0060496067755595887,0.87570621468926557,2.2843686687519797,2.2126321474026316,0.61822488518607488,0.63047722311394527
DOCKSTRING-58,full_support,mw_matched_chemical_group_disjoint,137,7502,7498,6043,5862,0,384.47800000000018,385.50950000000012,1.0314999999999372,0.014329814352342346,row_centered_residual,0.99501005610676352,0.0049899438932364815,0.024198427102238355,0.91907514450867056,17.800450801040814,17.998043655311537,0.15738759769990615,0.15599566940762516
DOCKSTRING-58,full_support,mw_matched_chemical_group_disjoint,138,7491,7509,6041,5864,0,384.4800000000003,385.50800000000015,1.0279999999998495,0.015111861761080939,raw,0.99782118616675941,0.0021788138332405893,0.0072595281306715061,0.85474860335195535,2.3038171381044283,2.1980729293603862,0.61523894310684013,0.63293341770460154
DOCKSTRING-58,full_support,mw_matched_chemical_group_disjoint,138,7491,7509,6041,5864,0,384.4800000000003,385.50800000000015,1.0279999999998495,0.015111861761080939,row_centered_residual,0.99459892582146925,0.0054010741785307514,0.024198427102238355,0.91907514450867056,17.833129040360365,17.962757863554398,0.15716962976541649,0.1561737058898883
DOCKSTRING-58,full_support,mw_matched_chemical_group_disjoint,139,7500,7500,5884,6021,0,385.37950000000012,385.40650000000016,0.027000000000043656,0.011466666666666667,raw,0.99751879704561763,0.0024812029543823666,0.0042347247428917122,0.84444444444444444,2.209719558076352,2.2892780133533495,0.63057024610925605,0.61785265905448938
DOCKSTRING-58,full_support,mw_matched_chemical_group_disjoint,139,7500,7500,5884,6021,0,385.37950000000012,385.40650000000016,0.027000000000043656,0.011466666666666667,row_centered_residual,0.99448757034214796,0.005512429657852036,0.029038112522686024,0.91907514450867056,18.010648327469106,17.782769527140992,0.1556878684117434,0.15771226756498052
DOCKSTRING-58,full_support,mw_matched_chemical_group_disjoint,140,7502,7498,6076,5829,0,384.4355000000001,385.51150000000013,1.0760000000000218,0.01623029448748764,raw,0.99772334329612355,0.0022766567038764451,0.0048396854204476713,0.88636363636363635,2.295208378897327,2.204281439179923,0.61673204531797932,0.63172392209226014
DOCKSTRING-58,full_support,mw_matched_chemical_group_disjoint,140,7502,7498,6076,5829,0,384.4355000000001,385.51150000000013,1.0760000000000218,0.01623029448748764,row_centered_residual,0.99516516948326261,0.0048348305167373873,0.026618269812462191,0.94152046783625731,17.913203872502677,17.890292177655208,0.15688271026787995,0.15653338140858247
DOCKSTRING-58,full_support,mw_matched_chemical_group_disjoint,141,7501,7499,5834,6071,0,385.42800000000011,384.46500000000009,0.96300000000002228,0.016965884746060159,raw,0.99769956471811838,0.0023004352818816187,0.0024198427102238356,0.8651685393258427,2.2245384396315604,2.2719371987957628,0.62815657563809391,0.62056439281347375
DOCKSTRING-58,full_support,mw_matched_chemical_group_disjoint,141,7501,7499,5834,6071,0,385.42800000000011,384.46500000000009,0.96300000000002228,0.016965884746060159,row_centered_residual,0.99486625017473262,0.0051337498252673752,0.024803387779794312,0.90804597701149425,18.08022816941482,17.720286398830019,0.1555424044999362,0.1579432421080165
DOCKSTRING-58,full_support,mw_matched_chemical_group_disjoint,142,7544,7456,5877,6028,0,384.47200000000009,385.49300000000017,1.0210000000000719,0.009411737264415021,raw,0.99646982168207887,0.0035301783179211288,0.0054446460980036296,0.85474860335195535,2.1918368992094925,2.3115177537909064,0.63407665521956824,0.61389276601299025
DOCKSTRING-58,full_support,mw_matched_chemical_group_disjoint,142,7544,7456,5877,6028,0,384.47200000000009,385.49300000000017,1.0210000000000719,0.009411737264415021,row_centered_residual,0.99311600336504868,0.0068839966349513171,0.034482758620689655,0.89714285714285713,17.961718240828198,17.818050990636038,0.15625993176720102,0.15732416752090517
DOCKSTRING-58,full_support,mw_matched_chemical_group_disjoint,143,7494,7506,5914,5991,0,386.35700000000008,384.31650000000013,2.0404999999999518,0.021768867265408387,raw,0.99737435347574066,0.0026256465242593396,0.0042347247428917122,0.8651685393258427,2.2064428984718925,2.2921272889939015,0.63115075345291594,0.6174159151740044
DOCKSTRING-58,full_support,mw_matched_chemical_group_disjoint,143,7494,7506,5914,5991,0,386.35700000000008,384.31650000000013,2.0404999999999518,0.021768867265408387,row_centered_residual,0.99426374086045122,0.0057362591395487827,0.027828191167574106,0.89714285714285713,18.159987449415034,17.638430625523835,0.15466533111753664,0.15878990176231109
DOCKSTRING-58,full_support,mw_matched_chemical_group_disjoint,144,7506,7494,6067,5838,0,384.50300000000016,385.50950000000012,1.00649999999996,0.016199583701066889,raw,0.99751624118058513,0.0024837588194148719,0.0054446460980036296,0.87570621468926557,2.2736625802362829,2.2232443525164332,0.62024797800476894,0.62844434106280556
DOCKSTRING-58,full_support,mw_matched_chemical_group_disjoint,144,7506,7494,6067,5838,0,384.50300000000016,385.50950000000012,1.00649999999996,0.016199583701066889,row_centered_residual,0.99403157692074273,0.0059684230792572679,0.028433151845130067,0.91907514450867056,17.900840462301002,17.888241401700956,0.15736414814907643,0.15612802158147437
DOCKSTRING-58,full_support,mw_matched_chemical_group_disjoint,145,7508,7492,6016,5889,0,383.42600000000004,386.90300000000013,3.4770000000000891,0.018794474717269027,raw,0.99778343800627933,0.0022165619937206671,0.0030248033877797943,0.85474860335195535,2.2368234876600455,2.2588833224500129,0.62662131990895831,0.62214627781044907
DOCKSTRING-58,full_support,mw_matched_chemical_group_disjoint,145,7508,7492,6016,5889,0,383.42600000000004,386.90300000000013,3.4770000000000891,0.018794474717269027,row_centered_residual,0.99461149260068304,0.0053885073993169552,0.027828191167574106,0.90804597701149425,17.789001378843572,18.01407371042113,0.1577428075960102,0.15567085506480144
DOCKSTRING-58,full_support,mw_matched_chemical_group_disjoint,146,7500,7500,5885,6020,0,385.54050000000012,384.48000000000019,1.0604999999999336,0.018933333333333344,raw,0.99761031401745681,0.0023896859825431882,0.0066545674531155478,0.87570621468926557,2.2105491902273142,2.2879889695184752,0.63054627442700484,0.61799054540124021
DOCKSTRING-58,full_support,mw_matched_chemical_group_disjoint,146,7500,7500,5885,6020,0,385.54050000000012,384.48000000000019,1.0604999999999336,0.018933333333333344,row_centered_residual,0.99462790380474286,0.0053720961952571367,0.027223230490018149,0.89714285714285713,17.844636866522372,17.955174470819134,0.1570325600590107,0.15639319770309371
DOCKSTRING-58,full_support,mw_matched_chemical_group_disjoint,147,7499,7501,6084,5821,0,384.47600000000023,385.53300000000007,1.0569999999998458,0.017899058095983258,raw,0.99733808250960398,0.0026619174903960152,0.003629764065335753,0.85474860335195535,2.2732681235096868,2.2233906897473288,0.62032599013774237,0.62835492052459607
DOCKSTRING-58,full_support,mw_matched_chemical_group_disjoint,147,7499,7501,6084,5821,0,384.47600000000023,385.53300000000007,1.0569999999998458,0.017899058095983258,row_centered_residual,0.99430320798629068,0.0056967920137093175,0.030248033877797943,0.89714285714285713,17.660612591964707,18.144384083114478,0.15835665824477294,0.15505217105573169
DOCKSTRING-58,full_support,mw_matched_chemical_group_disjoint,148,7501,7499,5876,6029,0,385.89800000000002,384.43500000000006,1.4629999999999654,0.017770258093693481,raw,0.99803817963938291,0.0019618203606170947,0.0030248033877797943,0.88636363636363635,2.2473457787766251,2.2483690136828565,0.62468863186284496,0.62411289966417505
DOCKSTRING-58,full_support,mw_matched_chemical_group_disjoint,148,7501,7499,5876,6029,0,385.89800000000002,384.43500000000006,1.4629999999999654,0.017770258093693481,row_centered_residual,0.99459321099227493,0.0054067890077250658,0.027223230490018149,0.90804597701149425,17.91594716927063,17.880710092500813,0.15700861187043944,0.15642710570870208
DOCKSTRING-58,full_support,mw_matched_chemical_group_disjoint,149,7497,7503,5818,6087,0,385.44900000000007,384.54500000000013,0.90399999999993952,0.018887576355345548,raw,0.99748317168779976,0.0025168283122002366,0.0072595281306715061,0.85474860335195535,2.1844905607312284,2.3188718736218723,0.63509222651104313,0.61300304032795505
DOCKSTRING-58,full_support,mw_matched_chemical_group_disjoint,149,7497,7503,5818,6087,0,385.44900000000007,384.54500000000013,0.90399999999993952,0.018887576355345548,row_centered_residual,0.99288283514573283,0.0071171648542671662,0.036902601330913491,0.93023255813953487,18.121328935509322,17.663567071084248,0.15546672502746289,0.15802974764251107
DOCKSTRING-58,full_support,mw_matched_chemical_group_disjoint,150,7474,7526,5982,5923,0,385.42150000000015,384.79350000000005,0.62800000000009959,0.013304622114214237,raw,0.99794046960996496,0.0020595303900350359,0.003629764065335753,0.87570621468926557,2.2611280768491491,2.2351261257017794,0.62198262298460616,0.62675550520491741
DOCKSTRING-58,full_support,mw_matched_chemical_group_disjoint,150,7474,7526,5982,5923,0,385.42150000000015,384.79350000000005,0.62800000000009959,0.013304622114214237,row_centered_residual,0.9947971355458809,0.0052028644541191049,0.031457955232909861,0.88636363636363635,17.727251603122788,18.068380858249125,0.15777909257706799,0.15573043511446677
DOCKSTRING-58,full_support,mw_matched_chemical_group_disjoint,151,7394,7606,5979,5926,0,385.39850000000007,385.38700000000017,0.011499999999898591,0.01566072824786835,raw,0.99769320162378083,0.0023067983762191657,0.0042347247428917122,0.89714285714285713,2.3096048281466874,2.1942950731769395,0.61479927543178103,0.6330639388752014
DOCKSTRING-58,full_support,mw_matched_chemical_group_disjoint,151,7394,7606,5979,5926,0,385.39850000000007,385.38700000000017,0.011499999999898591,0.01566072824786835,row_centered_residual,0.99459948109776009,0.0054005189022399147,0.02601330913490623,0.88636363636363635,17.937805447266516,17.862997099406101,0.15680926025114592,0.15670785113790386
DOCKSTRING-58,full_support,mw_matched_chemical_group_disjoint,152,7496,7504,5868,6037,0,386.45550000000014,383.51700000000017,2.9384999999999764,0.017913320650900066,raw,0.99752603157834474,0.0024739684216552593,0.0030248033877797943,0.87570621468926557,2.221371114719711,2.2748084927098589,0.62851244192079325,0.62026685178091079
DOCKSTRING-58,full_support,mw_matched_chemical_group_disjoint,152,7496,7504,5868,6037,0,386.45550000000014,383.51700000000017,2.9384999999999764,0.017913320650900066,row_centered_residual,0.99387635727126944,0.0061236427287305606,0.030852994555353903,0.89714285714285713,18.046104584830953,17.749606531030064,0.15607932339914973,0.15736545137520985
DOCKSTRING-58,full_support,mw_matched_chemical_group_disjoint,153,7499,7501,6081,5824,0,384.22900000000004,386.39300000000009,2.1640000000000441,0.016435964736639386,raw,0.99758974222645203,0.0024102577735479747,0.0072595281306715061,0.84444444444444444,2.2870496157202593,2.211381302557863,0.61781066073611501,0.63074002290172404
DOCKSTRING-58,full_support,mw_matched_chemical_group_disjoint,153,7499,7501,6081,5824,0,384.22900000000004,386.39300000000009,2.1640000000000441,0.016435964736639386,row_centered_residual,0.99456803492465751,0.0054319650753424931,0.032062915910465818,0.90804597701149425,18.067668440659155,17.735927029377731,0.15559914441105333,0.1579063120736735
DOCKSTRING-58,full_support,mw_matched_chemical_group_disjoint,154,7501,7499,6015,5890,0,384.50200000000018,385.46300000000008,0.96099999999989905,0.017956106985886344,raw,0.99730798334645099,0.002692016653549012,0.0042347247428917122,0.85474860335195535,2.2629623013328519,2.2333046084600179,0.62269694595306124,0.62603923248337234
DOCKSTRING-58,full_support,mw_matched_chemical_group_disjoint,154,7501,7499,6015,5890,0,384.50200000000018,385.46300000000008,0.96099999999989905,0.017956106985886344,row_centered_residual,0.99410728844447549,0.0058927115555245102,0.026618269812462191,0.87570621468926557,18.004249173269603,17.792648480156657,0.15599069386884173,0.15746572884272608
DOCKSTRING-58,full_support,mw_matched_chemical_group_disjoint,155,7381,7619,5947,5958,0,386.44100000000014,383.51700000000005,2.9240000000000919,0.015808157498992753,raw,0.99752539394049888,0.0024746060595011166,0.0072595281306715061,0.84444444444444444,2.3278366957075667,2.1812939243620169,0.61168579755462738,0.63559082471469575
DOCKSTRING-58,full_support,mw_matched_chemical_group_disjoint,155,7381,7619,5947,5958,0,386.44100000000014,383.51700000000005,2.9240000000000919,0.015808157498992753,row_centered_residual,0.99349277028409544,0.0065072297159045611,0.033877797943133697,0.90804597701149425,18.188083765787393,17.620778606444908,0.15493464596813661,0.15856615098163993
DOCKSTRING-58,full_support,mw_matched_chemical_group_disjoint,156,7628,7372,5984,5921,0,383.90100000000007,386.40500000000009,2.5040000000000191,0.020229678987742805,raw,0.99700299053743846,0.0029970094625615396,0.003629764065335753,0.88636363636363635,2.2279880431675085,2.2698357794791404,0.62745171819211254,0.62102578277393472
DOCKSTRING-58,full_support,mw_matched_chemical_group_disjoint,156,7628,7372,5984,5921,0,383.90100000000007,386.40500000000009,2.5040000000000191,0.020229678987742805,row_centered_residual,0.99375746438124424,0.0062425356187557623,0.031457955232909861,0.89714285714285713,17.795467486145359,18.00366877735129,0.15713934265806792,0.15638257844018091
DOCKSTRING-58,full_support,mw_matched_chemical_group_disjoint,157,7501,7499,5810,6095,0,385.85400000000004,384.45700000000016,1.3969999999998777,0.014708338039259333,raw,0.99780951473735413,0.0021904852626458693,0.0048396854204476713,0.89714285714285713,2.2384569751655907,2.2577411445592692,0.62635314942419162,0.62236934326701243
DOCKSTRING-58,full_support,mw_matched_chemical_group_disjoint,157,7501,7499,5810,6095,0,385.85400000000004,384.45700000000016,1.3969999999998777,0.014708338039259333,row_centered_residual,0.99399689207874764,0.0060031079212523597,0.029643073200241985,0.88636363636363635,17.898242092627573,17.89311727882761,0.15655768103234544,0.15695838076609983
DOCKSTRING-58,full_support,mw_matched_chemical_group_disjoint,158,7496,7504,5998,5907,0,384.48000000000025,385.46150000000011,0.98149999999986903,0.01217749679715463,raw,0.9973937270389599,0.0026062729610401014,0.0060496067755595887,0.87570621468926557,2.2666978390743284,2.229246708477655,0.62103026396444871,0.62778221021496361
DOCKSTRING-58,full_support,mw_matched_chemical_group_disjoint,158,7496,7504,5998,5907,0,384.48000000000025,385.46150000000011,0.98149999999986903,0.01217749679715463,row_centered_residual,0.99317647800108777,0.0068235219989122298,0.035692679975801569,0.90804597701149425,17.640418591998714,18.142776367500517,0.15838758331095823,0.15515339186222485
DOCKSTRING-58,full_support,mw_matched_chemical_group_disjoint,159,7499,7501,5896,6009,0,386.44400000000013,383.51700000000011,2.9270000000000209,0.013600658019567224,raw,0.99776490931320605,0.0022350906867939502,0.0030248033877797943,0.87570621468926557,2.207354155921097,2.2920982909539402,0.63076121468006374,0.61762578268845136
DOCKSTRING-58,full_support,mw_matched_chemical_group_disjoint,159,7499,7501,5896,6009,0,386.44400000000013,383.51700000000011,2.9270000000000209,0.013600658019567224,row_centered_residual,0.99516007635096815,0.004839923649031852,0.030248033877797943,0.93023255813953487,17.856416985429465,17.945113660894645,0.1572110194219048,0.15628902733928532
DOCKSTRING-58,full_support,mw_matched_chemical_group_disjoint,160,7496,7504,6062,5843,0,383.50650000000007,386.43000000000006,2.92349999999999,0.018824965354656803,raw,0.99772809369807569,0.0022719063019243091,0.0054446460980036296,0.85474860335195535,2.284682688704009,2.2138913872169268,0.61838108235054168,0.63005073973355319
DOCKSTRING-58,full_support,mw_matched_chemical_group_disjoint,160,7496,7504,6062,5843,0,383.50650000000007,386.43000000000006,2.92349999999999,0.018824965354656803,row_centered_residual,0.99493213144834058,0.0050678685516594157,0.030248033877797943,0.89714285714285713,17.83521274911952,17.962412278028271,0.15732941013974122,0.15618815709185738
DOCKSTRING-58,full_support,mw_matched_chemical_group_disjoint,161,7501,7499,6050,5855,0,383.51700000000022,386.39300000000009,2.8759999999998627,0.017567893645651436,raw,0.99734919069224515,0.0026508093077548534,0.0048396854204476713,0.84444444444444444,2.3027303742106464,2.1968968410741918,0.61566447027537174,0.63283024192823578
DOCKSTRING-58,full_support,mw_matched_chemical_group_disjoint,161,7501,7499,6050,5855,0,383.51700000000022,386.39300000000009,2.8759999999998627,0.017567893645651436,row_centered_residual,0.99426907842058654,0.0057309215794134616,0.02601330913490623,0.88636363636363635,17.691803030703102,18.10328870680544,0.1580625899231487,0.15541360953328789
DOCKSTRING-58,full_support,mw_matched_chemical_group_disjoint,162,7499,7501,6033,5872,0,384.47600000000023,385.51100000000008,1.0349999999998545,0.020046933689723268,raw,0.99740303389468643,0.0025969661053135695,0.0042347247428917122,0.85474860335195535,2.2786362795009918,2.218607141250613,0.61942857194943346,0.62918200926823087
DOCKSTRING-58,full_support,mw_matched_chemical_group_disjoint,162,7499,7501,6033,5872,0,384.47600000000023,385.51100000000008,1.0349999999998545,0.020046933689723268,row_centered_residual,0.9946053287681722,0.0053946712318277967,0.028433151845130067,0.89714285714285713,17.692465797654499,18.107452641682038,0.15813305087301374,0.15535193969008382
DOCKSTRING-58,full_support,mw_matched_chemical_group_disjoint,163,7544,7456,5894,6011,0,384.45750000000015,385.86050000000012,1.4029999999999632,0.011364942267168499,raw,0.99719779686984744,0.0028022031301525585,0.0042347247428917122,0.87570621468926557,2.1906807738178302,2.312268544803461,0.6335986840302823,0.61444355904256787
DOCKSTRING-58,full_support,mw_matched_chemical_group_disjoint,163,7544,7456,5894,6011,0,384.45750000000015,385.86050000000012,1.4029999999999632,0.011364942267168499,row_centered_residual,0.99442785290105096,0.0055721470989490429,0.028433151845130067,0.93023255813953487,17.811580265835708,17.978869471425412,0.15746868663235961,0.15594116985446918
DOCKSTRING-58,full_support,mw_matched_chemical_group_disjoint,164,7503,7497,5936,5969,0,386.36000000000024,384.46100000000007,1.8990000000001714,0.013992215572087824,raw,0.99753895437202245,0.0024610456279775539,0.0060496067755595887,0.8651685393258427,2.2315001007684661,2.266527007178234,0.62726243800386083,0.62116693594107908
DOCKSTRING-58,full_support,mw_matched_chemical_group_disjoint,164,7503,7497,5936,5969,0,386.36000000000024,384.46100000000007,1.8990000000001714,0.013992215572087824,row_centered_residual,0.99402486843923865,0.0059751315607613487,0.025408348457350273,0.8651685393258427,17.953320489536225,17.84740789483515,0.15622800177608703,0.15713466334819878
DOCKSTRING-58,full_support,mw_matched_chemical_group_disjoint,165,7500,7500,6012,5893,0,384.78000000000009,385.4380000000001,0.65800000000001546,0.013333333333333308,raw,0.99761756980477878,0.002382430195221219,0.0060496067755595887,0.84444444444444444,2.2978966050359033,2.2010311230652482,0.61606706910414,0.6325056598127865
DOCKSTRING-58,full_support,mw_matched_chemical_group_disjoint,165,7500,7500,6012,5893,0,384.78000000000009,385.4380000000001,0.65800000000001546,0.013333333333333308,row_centered_residual,0.99391230676165876,0.0060876932383412408,0.029643073200241985,0.91907514450867056,17.811279677766819,17.981422558388889,0.15740967688363108,0.15601716963323706
DOCKSTRING-58,full_support,mw_matched_chemical_group_disjoint,166,7500,7500,5915,5990,0,386.31850000000014,384.43350000000009,1.8850000000000477,0.021866666666666673,raw,0.99711429819392106,0.0028857018060789441,0.0060496067755595887,0.82417582417582413,2.2165239187268448,2.2803138134115759,0.62959477141720932,0.61919692446266805
DOCKSTRING-58,full_support,mw_matched_chemical_group_disjoint,166,7500,7500,5915,5990,0,386.31850000000014,384.43350000000009,1.8850000000000477,0.021866666666666673,row_centered_residual,0.99258453222045395,0.0074154677795460477,0.028433151845130067,0.8651685393258427,18.08882803802307,17.689567653774972,0.15555133106528565,0.1579998804121687
DOCKSTRING-58,full_support,mw_matched_chemical_group_disjoint,167,7593,7407,5922,5983,0,384.50100000000026,385.42700000000008,0.92599999999981719,0.010792859510078273,raw,0.99801595796045173,0.0019840420395482727,0.0048396854204476713,0.85474860335195535,2.1906756132360017,2.3145655039547615,0.63393749015960754,0.61374212707818432
DOCKSTRING-58,full_support,mw_matched_chemical_group_disjoint,167,7593,7407,5922,5983,0,384.50100000000026,385.42700000000008,0.92599999999981719,0.010792859510078273,row_centered_residual,0.99434867687835515,0.0056513231216448467,0.02601330913490623,0.87570621468926557,18.012773007272216,17.780941778455865,0.15596045200134181,0.15752678645395377
DOCKSTRING-58,full_support,mw_matched_chemical_group_disjoint,168,7550,7450,5881,6024,0,384.50500000000005,385.4620000000001,0.95700000000005048,0.0085559358193697532,raw,0.99752202243038834,0.0024779775696116557,0.0042347247428917122,0.8651685393258427,2.2065278969982951,2.2948727455861726,0.63093267076126125,0.61716288512448891
DOCKSTRING-58,full_support,mw_matched_chemical_group_disjoint,168,7550,7450,5881,6024,0,384.50500000000005,385.4620000000001,0.95700000000005048,0.0085559358193697532,row_centered_residual,0.99405187505883874,0.0059481249411612591,0.025408348457350273,0.90804597701149425,17.992789576361591,17.799508854112933,0.15578543310136264,0.15770663622626058
DOCKSTRING-58,full_support,mw_matched_chemical_group_disjoint,169,7504,7496,6108,5797,0,384.27500000000009,386.35550000000023,2.0805000000001428,0.018847863138947735,raw,0.99765112018277291,0.0023488798172270897,0.003629764065335753,0.84444444444444444,2.262477874549274,2.2335748786510212,0.62208956618092071,0.62665656746504217
DOCKSTRING-58,full_support,mw_matched_chemical_group_disjoint,169,7504,7496,6108,5797,0,384.27500000000009,386.35550000000023,2.0805000000001428,0.018847863138947735,row_centered_residual,0.9941765970215054,0.0058234029784945962,0.032062915910465818,0.89714285714285713,17.928746568451984,17.862289901398405,0.15644021961581694,0.15711333909528544
DOCKSTRING-58,full_support,mw_matched_chemical_group_disjoint,170,7499,7501,5994,5911,0,384.56400000000025,385.42700000000002,0.86299999999977217,0.016832498077022182,raw,0.99755236070773357,0.0024476392922664347,0.003629764065335753,0.87570621468926557,2.2846647988462156,2.212795514799204,0.61879851036392042,0.62987642570215741
DOCKSTRING-58,full_support,mw_matched_chemical_group_disjoint,170,7499,7501,5994,5911,0,384.56400000000025,385.42700000000002,0.86299999999977217,0.016832498077022182,row_centered_residual,0.99294554948470592,0.0070544505152940751,0.028433151845130067,0.89714285714285713,17.771838810636005,18.01163023700321,0.15761085499230376,0.1557495623559785
DOCKSTRING-58,full_support,mw_matched_chemical_group_disjoint,171,7489,7511,6075,5830,0,384.56699999999995,385.42800000000011,0.86100000000016053,0.01952896645342117,raw,0.99761586412354086,0.0023841358764591369,0.003629764065335753,0.8651685393258427,2.2604969093325424,2.2357003802445461,0.62258915176142815,0.62614662392431208
DOCKSTRING-58,full_support,mw_matched_chemical_group_disjoint,171,7489,7511,6075,5830,0,384.56699999999995,385.42800000000011,0.86100000000016053,0.01952896645342117,row_centered_residual,0.99477036007000008,0.0052296399299999186,0.024803387779794312,0.88636363636363635,17.736759067190579,18.065180823137698,0.15796617624454412,0.15542596187751243
DOCKSTRING-58,full_support,mw_matched_chemical_group_disjoint,172,7508,7492,6053,5852,0,384.5655000000001,385.49300000000017,0.92750000000006594,0.014682541149913492,raw,0.99733229063250328,0.0026677093674967178,0.0066545674531155478,0.8651685393258427,2.2786183545446441,2.2179466401035328,0.61921668750453052,0.62961470346016568
DOCKSTRING-58,full_support,mw_matched_chemical_group_disjoint,172,7508,7492,6053,5852,0,384.5655000000001,385.49300000000017,0.92750000000006594,0.014682541149913492,row_centered_residual,0.99416414979938772,0.0058358502006122803,0.02601330913490623,0.8651685393258427,17.833981618712883,17.952590820768428,0.15682896699296334,0.15659495274240626
DOCKSTRING-58,full_support,mw_matched_chemical_group_disjoint,173,7499,7501,5862,6043,0,386.38600000000008,383.56100000000015,2.8249999999999318,0.016628746962288832,raw,0.99815223710907619,0.0018477628909238097,0.003629764065335753,0.89714285714285713,2.2388977551841496,2.2567953479767073,0.62573840687313209,0.62307957895394595
DOCKSTRING-58,full_support,mw_matched_chemical_group_disjoint,173,7499,7501,5862,6043,0,386.38600000000008,383.56100000000015,2.8249999999999318,0.016628746962288832,row_centered_residual,0.99491327596587098,0.0050867240341290199,0.027828191167574106,0.88636363636363635,18.06200084331126,17.741996675069348,0.15588430144744961,0.15751873302589309
DOCKSTRING-58,full_support,mw_matched_chemical_group_disjoint,174,7498,7502,6026,5879,0,384.4140000000001,385.85250000000008,1.4384999999999764,0.013017885370160742,raw,0.99786974494555225,0.0021302550544477494,0.0060496067755595887,0.8651685393258427,2.3065457144967247,2.194563707034404,0.61498837361938619,0.63332090762611548
DOCKSTRING-58,full_support,mw_matched_chemical_group_disjoint,174,7498,7502,6026,5879,0,384.4140000000001,385.85250000000008,1.4384999999999764,0.013017885370160742,row_centered_residual,0.99492451167608142,0.0050754883239185755,0.025408348457350273,0.93023255813953487,17.756974343002742,18.043249288814408,0.15767082258515294,0.15576170605917511
DOCKSTRING-58,full_support,mw_matched_chemical_group_disjoint,175,7500,7500,5993,5912,0,384.48000000000019,385.84350000000006,1.363499999999874,0.017733333333333323,raw,0.99780808802267384,0.0021919119773261553,0.0042347247428917122,0.87570621468926557,2.2688668298374601,2.2277999756608566,0.62088284513966174,0.62778183892174988
DOCKSTRING-58,full_support,mw_matched_chemical_group_disjoint,175,7500,7500,5993,5912,0,384.48000000000019,385.84350000000006,1.363499999999874,0.017733333333333323,row_centered_residual,0.99511457557701122,0.0048854244229887822,0.024198427102238355,0.94152046783625731,17.995100141650177,17.810345035659353,0.15554543856438083,0.15783954328161615
DOCKSTRING-58,full_support,mw_matched_chemical_group_disjoint,176,7502,7498,5929,5976,0,385.40600000000006,385.3610000000001,0.044999999999959073,0.018865601341553892,raw,0.99783413287185641,0.0021658671281435948,0.003629764065335753,0.87570621468926557,2.2151998106909687,2.2824346804341635,0.63015435297675759,0.61841673005503572
DOCKSTRING-58,full_support,mw_matched_chemical_group_disjoint,176,7502,7498,5929,5976,0,385.40600000000006,385.3610000000001,0.044999999999959073,0.018865601341553892,row_centered_residual,0.99535400327451462,0.0046459967254853796,0.023593466424682397,0.89714285714285713,18.041414504820061,17.766321264164286,0.15558300612269499,0.1577749483257358
DOCKSTRING-58,full_support,mw_matched_chemical_group_disjoint,177,7503,7497,5844,6061,0,385.83600000000007,384.43200000000007,1.4039999999999964,0.02239760358361656,raw,0.99756496468248834,0.0024350353175116579,0.003629764065335753,0.85474860335195535,2.2528693032817526,2.2429802539928594,0.62371147568572627,0.62503563241917526
DOCKSTRING-58,full_support,mw_matched_chemical_group_disjoint,177,7503,7497,5844,6061,0,385.83600000000007,384.43200000000007,1.4039999999999964,0.02239760358361656,row_centered_residual,0.99431142554403029,0.0056885744559697082,0.024803387779794312,0.89714285714285713,17.708736533206967,18.092055797487525,0.15813622174691264,0.1552895416452304
DOCKSTRING-58,full_support,mw_matched_chemical_group_disjoint,178,7506,7494,5836,6069,0,385.41350000000011,384.97750000000013,0.43599999999997863,0.015907210180614528,raw,0.99786561092685111,0.0021343890731488901,0.0048396854204476713,0.85474860335195535,2.2069240255595206,2.2918070601577778,0.63139316780749055,0.61710004552026876
DOCKSTRING-58,full_support,mw_matched_chemical_group_disjoint,178,7506,7494,5836,6069,0,385.41350000000011,384.97750000000013,0.43599999999997863,0.015907210180614528,row_centered_residual,0.99442639430447843,0.0055736056955215663,0.028433151845130067,0.88636363636363635,17.952697115933262,17.840970371917663,0.15639317771212824,0.15704913645177013
DOCKSTRING-58,full_support,mw_matched_chemical_group_disjoint,179,7496,7504,5870,6035,0,385.68700000000013,384.46300000000008,1.2240000000000464,0.01534165769718264,raw,0.99856974377283003,0.0014302562271699681,0.0018148820326678765,0.88636363636363635,2.2365017432692427,2.2595173129751305,0.62625784451187061,0.62248126028456041
DOCKSTRING-58,full_support,mw_matched_chemical_group_disjoint,179,7496,7504,5870,6035,0,385.68700000000013,384.46300000000008,1.2240000000000464,0.01534165769718264,row_centered_residual,0.99574061372780831,0.0042593862721916897,0.024803387779794312,0.89714285714285713,17.891151877466029,17.913888396921021,0.1563328605061389,0.15704291010324065
DOCKSTRING-58,full_support,mw_matched_chemical_group_disjoint,180,7500,7500,5922,5983,0,385.10450000000014,385.41750000000013,0.31299999999998818,0.015733333333333321,raw,0.99837078216712483,0.0016292178328751739,0.0066545674531155478,0.8651685393258427,2.2113057488211068,2.2855995432437139,0.63102326233336914,0.61778215101502787
DOCKSTRING-58,full_support,mw_matched_chemical_group_disjoint,180,7500,7500,5922,5983,0,385.10450000000014,385.41750000000013,0.31299999999998818,0.015733333333333321,row_centered_residual,0.99492156260104381,0.0050784373989561926,0.029038112522686024,0.91907514450867056,17.758754212185092,18.047742151082847,0.15745813201927775,0.15590257503122623
DOCKSTRING-58,full_support,mw_matched_chemical_group_disjoint,181,7503,7497,5880,6025,0,385.89500000000021,384.46500000000015,1.4300000000000637,0.011859095230788569,raw,0.99805119807873754,0.0019488019212624552,0.0054446460980036296,0.85474860335195535,2.2199767855423449,2.2772616450104426,0.6294063837992705,0.61925374561586111
DOCKSTRING-58,full_support,mw_matched_chemical_group_disjoint,181,7503,7497,5880,6025,0,385.89500000000021,384.46500000000015,1.4300000000000637,0.011859095230788569,row_centered_residual,0.99445038011478337,0.0055496198852166279,0.025408348457350273,0.88636363636363635,17.998946206915612,17.798109979313327,0.15620285138402884,0.1572315241889955
DOCKSTRING-58,full_support,mw_matched_chemical_group_disjoint,182,7503,7497,6080,5825,0,384.81400000000008,385.42300000000006,0.60899999999998045,0.016330242612838802,raw,0.99784813433622355,0.0021518656637764533,0.0054446460980036296,0.87570621468926557,2.2636704048673222,2.2325005538055245,0.62159603056015877,0.62717621101878884
DOCKSTRING-58,full_support,mw_matched_chemical_group_disjoint,182,7503,7497,6080,5825,0,384.81400000000008,385.42300000000006,0.60899999999998045,0.016330242612838802,row_centered_residual,0.99507312380337631,0.0049268761966236863,0.025408348457350273,0.90804597701149425,17.970577408018542,17.825689780896806,0.15562068248480704,0.15783027317020701
DOCKSTRING-58,full_support,mw_matched_chemical_group_disjoint,183,7496,7504,5986,5919,0,384.48000000000019,385.48300000000006,1.0029999999998722,0.014664395282316875,raw,0.99800400225084029,0.0019959977491597058,0.0048396854204476713,0.8651685393258427,2.3203322293883129,2.1834824059583466,0.61320080041972957,0.63484172376371095
DOCKSTRING-58,full_support,mw_matched_chemical_group_disjoint,183,7496,7504,5986,5919,0,384.48000000000019,385.48300000000006,1.0029999999998722,0.014664395282316875,row_centered_residual,0.99495417246321516,0.0050458275367848415,0.029038112522686024,0.89714285714285713,17.965083329512492,17.830523594915078,0.15586591854831425,0.15754889893789334
DOCKSTRING-58,full_support,mw_matched_chemical_group_disjoint,184,7397,7603,5961,5944,0,385.85400000000004,384.35800000000035,1.4959999999996967,0.019513031355549271,raw,0.99808482284781375,0.0019151771521862537,0.0030248033877797943,0.8651685393258427,2.2821195435780908,2.2176291171248557,0.61900825388532754,0.62925513687336754
DOCKSTRING-58,full_support,mw_matched_chemical_group_disjoint,184,7397,7603,5961,5944,0,385.85400000000004,384.35800000000035,1.4959999999996967,0.019513031355549271,row_centered_residual,0.99491042253651041,0.0050895774634895918,0.029643073200241985,0.89714285714285713,17.891325984774308,17.90708555229229,0.15703060352307682,0.15641817578941902
DOCKSTRING-58,full_support,mw_matched_chemical_group_disjoint,185,7501,7499,6068,5837,0,383.88200000000012,386.38600000000008,2.5039999999999623,0.016156266953889165,raw,0.99667000011334017,0.003329999886659829,0.0030248033877797943,0.84444444444444444,2.2671057114554918,2.2290773865681115,0.62118348978848681,0.62754491677115698
DOCKSTRING-58,full_support,mw_matched_chemical_group_disjoint,185,7501,7499,6068,5837,0,383.88200000000012,386.38600000000008,2.5039999999999623,0.016156266953889165,row_centered_residual,0.99169531436239244,0.0083046856376075562,0.030248033877797943,0.88636363636363635,17.880920505958464,17.884809766324182,0.15714260024164328,0.1564451607328653
DOCKSTRING-58,full_support,mw_matched_chemical_group_disjoint,186,7478,7522,6068,5837,0,384.44450000000006,385.46600000000018,1.0215000000001169,0.012280923448301229,raw,0.99749993359267508,0.002500066407324919,0.0060496067755595887,0.85474860335195535,2.3113390690591351,2.1909391794002397,0.61408923415181582,0.63410063213710155
DOCKSTRING-58,full_support,mw_matched_chemical_group_disjoint,186,7478,7522,6068,5837,0,384.44450000000006,385.46600000000018,1.0215000000001169,0.012280923448301229,row_centered_residual,0.99323006083474186,0.0067699391652581431,0.034482758620689655,0.93023255813953487,17.743589587363896,18.043843976154538,0.15792567918321243,0.15563029309810539
DOCKSTRING-58,full_support,mw_matched_chemical_group_disjoint,187,7499,7501,6030,5875,0,385.42400000000032,384.56000000000029,0.86400000000003274,0.013381795793454165,raw,0.99805434375877766,0.0019456562412223377,0.0030248033877797943,0.85474860335195535,2.2782884184970591,2.2193675920763654,0.61935822482149139,0.6291776003419729
DOCKSTRING-58,full_support,mw_matched_chemical_group_disjoint,187,7499,7501,6030,5875,0,385.42400000000032,384.56000000000029,0.86400000000003274,0.013381795793454165,row_centered_residual,0.99497362307434101,0.005026376925658993,0.024803387779794312,0.93023255813953487,17.820177803973365,17.980544816671095,0.15709531027486578,0.15635717258035212
DOCKSTRING-58,full_support,mw_matched_chemical_group_disjoint,188,7502,7498,6079,5826,0,384.44450000000006,385.89650000000012,1.452000000000055,0.019425885825840761,raw,0.99759794384324552,0.002402056156754484,0.0048396854204476713,0.89714285714285713,2.287034506725576,2.2115050754909857,0.61841828731054937,0.63011158257998368
DOCKSTRING-58,full_support,mw_matched_chemical_group_disjoint,188,7502,7498,6079,5826,0,384.44450000000006,385.89650000000012,1.452000000000055,0.019425885825840761,row_centered_residual,0.99432810508735048,0.0056718949126495222,0.028433151845130067,0.89714285714285713,17.808647250299096,17.988213919416101,0.15734902039512341,0.1561010405364959
DOCKSTRING-58,full_support,mw_matched_chemical_group_disjoint,189,7497,7503,5967,5938,0,385.37200000000013,385.41600000000017,0.044000000000039563,0.019548429794415456,raw,0.99773724911481387,0.0022627508851861267,0.0042347247428917122,0.87570621468926557,2.2865130004932497,2.2113595709957443,0.61817906260398625,0.63041355549720945
DOCKSTRING-58,full_support,mw_matched_chemical_group_disjoint,189,7497,7503,5967,5938,0,385.37200000000013,385.41600000000017,0.044000000000039563,0.019548429794415456,row_centered_residual,0.99494156317481175,0.0050584368251882506,0.025408348457350273,0.90804597701149425,17.879471268151907,17.921847635736146,0.15684444028702896,0.15653450041840755
DOCKSTRING-58,full_support,mw_matched_chemical_group_disjoint,190,7495,7505,5851,6054,0,386.15999999999997,384.45700000000016,1.702999999999804,0.01569094030708458,raw,0.99816213377981011,0.0018378662201898877,0.0030248033877797943,0.87570621468926557,2.2363084409492635,2.2596265620202001,0.62624107124901918,0.62252694553400023
DOCKSTRING-58,full_support,mw_matched_chemical_group_disjoint,190,7495,7505,5851,6054,0,386.15999999999997,384.45700000000016,1.702999999999804,0.01569094030708458,row_centered_residual,0.99473306091283653,0.0052669390871634691,0.02601330913490623,0.87570621468926557,17.973843567366863,17.822831882390062,0.1564201691163625,0.15696609618921112
DOCKSTRING-58,full_support,mw_matched_chemical_group_disjoint,191,7500,7500,5861,6044,0,386.4770000000002,383.51700000000022,2.9599999999999795,0.014800000000000008,raw,0.9980630501721991,0.0019369498278009045,0.003629764065335753,0.87570621468926557,2.217283145763965,2.2810065682200089,0.62968338713531724,0.61879504957047904
DOCKSTRING-58,full_support,mw_matched_chemical_group_disjoint,191,7500,7500,5861,6044,0,386.4770000000002,383.51700000000022,2.9599999999999795,0.014800000000000008,row_centered_residual,0.99531832212338545,0.0046816778766145539,0.029643073200241985,0.93023255813953487,17.769432233970573,18.037684696715189,0.15779746637839656,0.15559368344056115
DOCKSTRING-58,full_support,mw_matched_chemical_group_disjoint,192,7498,7502,6033,5872,0,384.51800000000014,385.54050000000012,1.0224999999999795,0.012344605322283042,raw,0.99750565107869371,0.0024943489213062886,0.0042347247428917122,0.8651685393258427,2.290387567012325,2.2090760855111484,0.61794498461680603,0.63043913736879287
DOCKSTRING-58,full_support,mw_matched_chemical_group_disjoint,192,7498,7502,6033,5872,0,384.51800000000014,385.54050000000012,1.0224999999999795,0.012344605322283042,row_centered_residual,0.99453367687205863,0.0054663231279413749,0.027223230490018149,0.89714285714285713,17.938390531701639,17.856275821985371,0.15653694226244477,0.15684375268919376
DOCKSTRING-58,full_support,mw_matched_chemical_group_disjoint,193,7505,7495,5875,6030,0,385.89900000000006,384.47600000000023,1.4229999999998313,0.016018762675005627,raw,0.99783368121171545,0.0021663187882845492,0.0030248033877797943,0.87570621468926557,2.2411641256853554,2.2547023643045807,0.62556980219813318,0.6231830423435859
DOCKSTRING-58,full_support,mw_matched_chemical_group_disjoint,193,7505,7495,5875,6030,0,385.89900000000006,384.47600000000023,1.4229999999998313,0.016018762675005627,row_centered_residual,0.99355002219218813,0.0064499778078118686,0.028433151845130067,0.93023255813953487,18.123713420194459,17.668134659251681,0.15517609614817657,0.15836963759764047
DOCKSTRING-58,full_support,mw_matched_chemical_group_disjoint,194,7500,7500,5902,6003,0,385.45400000000012,384.50300000000004,0.95100000000007867,0.012133333333333329,raw,0.99774851936374087,0.0022514806362591289,0.0048396854204476713,0.88636363636363635,2.2191991543402221,2.2783299331207707,0.62930835938098795,0.61927559798713694
DOCKSTRING-58,full_support,mw_matched_chemical_group_disjoint,194,7500,7500,5902,6003,0,385.45400000000012,384.50300000000004,0.95100000000007867,0.012133333333333329,row_centered_residual,0.99466869137228853,0.005331308627711473,0.022383545069570479,0.90804597701149425,18.046635049275164,17.749833140390294,0.15582208048444784,0.157565651323748
DOCKSTRING-58,full_support,mw_matched_chemical_group_disjoint,195,7501,7499,6065,5840,0,383.85700000000014,386.35100000000017,2.4940000000000282,0.018592569219423427,raw,0.99745400772682091,0.0025459922731790874,0.0048396854204476713,0.89714285714285713,2.2530779750018066,2.242660241045507,0.6232875767822702,0.62550619896745507
DOCKSTRING-58,full_support,mw_matched_chemical_group_disjoint,195,7501,7499,6065,5840,0,383.85700000000014,386.35100000000017,2.4940000000000282,0.018592569219423427,row_centered_residual,0.99428226158305133,0.00571773841694867,0.02601330913490623,0.93023255813953487,17.841048685687355,17.955365168412868,0.15710813250399672,0.15637130011688205
DOCKSTRING-58,full_support,mw_matched_chemical_group_disjoint,196,7500,7500,5851,6054,0,385.46600000000018,384.56350000000009,0.90250000000008868,0.01786666666666667,raw,0.99812939904689402,0.0018706009531059831,0.0054446460980036296,0.87570621468926557,2.2060679470001712,2.2930326082839656,0.63153118035638656,0.61692666913113936
DOCKSTRING-58,full_support,mw_matched_chemical_group_disjoint,196,7500,7500,5851,6054,0,385.46600000000018,384.56350000000009,0.90250000000008868,0.01786666666666667,row_centered_residual,0.99424599061691465,0.0057540093830853456,0.02601330913490623,0.90804597701149425,17.872215905703204,17.921929566374477,0.15683985875501041,0.15664074735750977
DOCKSTRING-58,full_support,mw_matched_chemical_group_disjoint,197,7499,7501,6014,5891,0,384.48000000000019,385.48900000000032,1.0090000000001282,0.018038738098466456,raw,0.99784380636934411,0.0021561936306558893,0.0042347247428917122,0.84444444444444444,2.2743146209790974,2.2232299865966079,0.62030065712811611,0.62828659025547551
DOCKSTRING-58,full_support,mw_matched_chemical_group_disjoint,197,7499,7501,6014,5891,0,384.48000000000019,385.48900000000032,1.0090000000001282,0.018038738098466456,row_centered_residual,0.99460146574555541,0.0053985342544445869,0.032062915910465818,0.88636363636363635,17.722408052393423,18.080713750024007,0.15740411668566348,0.15602378648675655
DOCKSTRING-58,full_support,mw_matched_chemical_group_disjoint,198,7500,7500,5773,6132,0,385.42750000000007,384.50300000000016,0.92449999999990951,0.015866666666666668,raw,0.99679782524685712,0.0032021747531428835,0.0060496067755595887,0.85474860335195535,2.1978678537290017,2.3025670917608916,0.6329466587489625,0.61534746223100789
DOCKSTRING-58,full_support,mw_matched_chemical_group_disjoint,198,7500,7500,5773,6132,0,385.42750000000007,384.50300000000016,0.92449999999990951,0.015866666666666668,row_centered_residual,0.99334289085158178,0.0066571091484182165,0.026618269812462191,0.87570621468926557,17.837710893751531,17.930361901686311,0.15699556434053005,0.15645905138143709
DOCKSTRING-58,full_support,mw_matched_chemical_group_disjoint,199,7497,7503,5911,5994,0,385.42300000000017,384.9000000000002,0.52299999999996771,0.014487308984636071,raw,0.99778688656429615,0.0022131134357038507,0.0042347247428917122,0.85474860335195535,2.2134644768488823,2.2839536202945956,0.62989737749175334,0.61878727099027919
DOCKSTRING-58,full_support,mw_matched_chemical_group_disjoint,199,7497,7503,5911,5994,0,385.42300000000017,384.9000000000002,0.52299999999996771,0.014487308984636071,row_centered_residual,0.99445331324887476,0.0055466867511252405,0.026618269812462191,0.89714285714285713,17.932922773123185,17.861172618350242,0.15623304348315079,0.15717469204222481
