panel,support,transform,bootstrap_unit,target_a,target_b,full_map_correlation,full_map_sign,full_map_top_decile,bootstrap_sign_matches_full_fraction,bootstrap_top_decile_inclusion_fraction,repeats,valid_repeats,seed
DAVIS,released_full_panel,two_way_centered,ligand,ABL1,AKT1,-0.4253822428889693,-1,False,1.0,0.0,2000,2000,20360850
DAVIS,released_full_panel,two_way_centered,ligand,ABL1,AKT2,-0.4537628879637819,-1,False,1.0,0.0,2000,2000,20360850
DAVIS,released_full_panel,two_way_centered,ligand,ABL1,CDK2,-0.36403113464238557,-1,False,1.0,0.0,2000,2000,20360850
DAVIS,released_full_panel,two_way_centered,ligand,ABL1,CSF1R,0.3367959910380168,1,False,0.9975,0.217,2000,2000,20360850
DAVIS,released_full_panel,two_way_centered,ligand,ABL1,EGFR,-0.017533249278167604,-1,False,0.588,0.0,2000,2000,20360850
DAVIS,released_full_panel,two_way_centered,ligand,ABL1,FGFR1,-0.12017089562751931,-1,False,0.7745,0.001,2000,2000,20360850
DAVIS,released_full_panel,two_way_centered,ligand,ABL1,IGF1R,-0.38029857574553194,-1,False,0.9995,0.0,2000,2000,20360850
DAVIS,released_full_panel,two_way_centered,ligand,ABL1,JAK2,-0.17910367352054835,-1,False,0.9805,0.0,2000,2000,20360850
DAVIS,released_full_panel,two_way_centered,ligand,ABL1,KDR,-0.09380405065881313,-1,False,0.7755,0.0,2000,2000,20360850
DAVIS,released_full_panel,two_way_centered,ligand,ABL1,KIT,0.35232857237968385,1,False,0.999,0.256,2000,2000,20360850
DAVIS,released_full_panel,two_way_centered,ligand,ABL1,LCK,0.7860131576947633,1,True,1.0,1.0,2000,2000,20360850
DAVIS,released_full_panel,two_way_centered,ligand,ABL1,MAP2K1,-0.13760056764805936,-1,False,0.8225,0.0005,2000,2000,20360850
DAVIS,released_full_panel,two_way_centered,ligand,ABL1,MAPK1,-0.4572830390704225,-1,False,1.0,0.0,2000,2000,20360850
DAVIS,released_full_panel,two_way_centered,ligand,ABL1,MAPK14,0.052393771876750886,1,False,0.6585,0.0025,2000,2000,20360850
DAVIS,released_full_panel,two_way_centered,ligand,ABL1,MAPKAPK2,-0.5084018265912329,-1,False,1.0,0.0,2000,2000,20360850
DAVIS,released_full_panel,two_way_centered,ligand,ABL1,MET,-0.17390775771678552,-1,False,0.945,0.0,2000,2000,20360850
DAVIS,released_full_panel,two_way_centered,ligand,ABL1,PLK1,-0.38450359647433097,-1,False,1.0,0.0,2000,2000,20360850
DAVIS,released_full_panel,two_way_centered,ligand,ABL1,PTK2,-0.394382847468958,-1,False,0.9995,0.0,2000,2000,20360850
DAVIS,released_full_panel,two_way_centered,ligand,ABL1,ROCK1,-0.40254765799614467,-1,False,1.0,0.0,2000,2000,20360850
DAVIS,released_full_panel,two_way_centered,ligand,ABL1,SRC,0.598464528886245,1,True,0.999,0.8655,2000,2000,20360850
DAVIS,released_full_panel,two_way_centered,ligand,AKT1,AKT2,0.9559404563798161,1,True,1.0,1.0,2000,2000,20360850
DAVIS,released_full_panel,two_way_centered,ligand,AKT1,CDK2,0.35275177094130067,1,False,1.0,0.3455,2000,2000,20360850
DAVIS,released_full_panel,two_way_centered,ligand,AKT1,CSF1R,-0.40482556844666784,-1,False,1.0,0.0,2000,2000,20360850
DAVIS,released_full_panel,two_way_centered,ligand,AKT1,EGFR,0.038351255336751086,1,False,0.746,0.0,2000,2000,20360850
DAVIS,released_full_panel,two_way_centered,ligand,AKT1,FGFR1,-0.17969864786693274,-1,False,0.9445,0.0,2000,2000,20360850
DAVIS,released_full_panel,two_way_centered,ligand,AKT1,IGF1R,0.10122020287450126,1,False,0.7995,0.0245,2000,2000,20360850
DAVIS,released_full_panel,two_way_centered,ligand,AKT1,JAK2,-0.16041223435183566,-1,False,0.973,0.0,2000,2000,20360850
DAVIS,released_full_panel,two_way_centered,ligand,AKT1,KDR,-0.2623600739176211,-1,False,0.998,0.0,2000,2000,20360850
DAVIS,released_full_panel,two_way_centered,ligand,AKT1,KIT,-0.4400116705396238,-1,False,1.0,0.0,2000,2000,20360850
DAVIS,released_full_panel,two_way_centered,ligand,AKT1,LCK,-0.503063786184922,-1,False,1.0,0.0,2000,2000,20360850
DAVIS,released_full_panel,two_way_centered,ligand,AKT1,MAP2K1,-0.13792656312571705,-1,False,0.9125,0.0,2000,2000,20360850
DAVIS,released_full_panel,two_way_centered,ligand,AKT1,MAPK1,0.4928164910148033,1,True,1.0,0.7595,2000,2000,20360850
DAVIS,released_full_panel,two_way_centered,ligand,AKT1,MAPK14,0.12333737437576342,1,False,0.9245,0.0135,2000,2000,20360850
DAVIS,released_full_panel,two_way_centered,ligand,AKT1,MAPKAPK2,0.5846192765835271,1,True,1.0,0.966,2000,2000,20360850
DAVIS,released_full_panel,two_way_centered,ligand,AKT1,MET,-0.029669777083176994,-1,False,0.6305,0.0,2000,2000,20360850
DAVIS,released_full_panel,two_way_centered,ligand,AKT1,PLK1,0.18322064458279047,1,False,0.991,0.0105,2000,2000,20360850
DAVIS,released_full_panel,two_way_centered,ligand,AKT1,PTK2,-0.008116825384039251,-1,False,0.5015,0.0005,2000,2000,20360850
DAVIS,released_full_panel,two_way_centered,ligand,AKT1,ROCK1,0.5452966702238011,1,True,0.999,0.829,2000,2000,20360850
DAVIS,released_full_panel,two_way_centered,ligand,AKT1,SRC,-0.3672821420567694,-1,False,0.9995,0.0,2000,2000,20360850
DAVIS,released_full_panel,two_way_centered,ligand,AKT2,CDK2,0.3727496870018992,1,False,1.0,0.453,2000,2000,20360850
DAVIS,released_full_panel,two_way_centered,ligand,AKT2,CSF1R,-0.39824917719961317,-1,False,1.0,0.0,2000,2000,20360850
DAVIS,released_full_panel,two_way_centered,ligand,AKT2,EGFR,0.04110810417582697,1,False,0.75,0.0,2000,2000,20360850
DAVIS,released_full_panel,two_way_centered,ligand,AKT2,FGFR1,-0.17722230953300072,-1,False,0.923,0.0,2000,2000,20360850
DAVIS,released_full_panel,two_way_centered,ligand,AKT2,IGF1R,0.09387628906547674,1,False,0.767,0.034,2000,2000,20360850
DAVIS,released_full_panel,two_way_centered,ligand,AKT2,JAK2,-0.1527114324397031,-1,False,0.965,0.0,2000,2000,20360850
DAVIS,released_full_panel,two_way_centered,ligand,AKT2,KDR,-0.2369988701436927,-1,False,0.9965,0.0,2000,2000,20360850
DAVIS,released_full_panel,two_way_centered,ligand,AKT2,KIT,-0.43052268370761043,-1,False,1.0,0.0,2000,2000,20360850
DAVIS,released_full_panel,two_way_centered,ligand,AKT2,LCK,-0.5240115352986761,-1,False,1.0,0.0,2000,2000,20360850
DAVIS,released_full_panel,two_way_centered,ligand,AKT2,MAP2K1,-0.1149096316137745,-1,False,0.861,0.0,2000,2000,20360850
DAVIS,released_full_panel,two_way_centered,ligand,AKT2,MAPK1,0.511443956605085,1,True,1.0,0.827,2000,2000,20360850
DAVIS,released_full_panel,two_way_centered,ligand,AKT2,MAPK14,0.12839161906485808,1,False,0.94,0.014,2000,2000,20360850
DAVIS,released_full_panel,two_way_centered,ligand,AKT2,MAPKAPK2,0.6228260728480528,1,True,1.0,0.988,2000,2000,20360850
DAVIS,released_full_panel,two_way_centered,ligand,AKT2,MET,-0.032367729790714464,-1,False,0.628,0.0,2000,2000,20360850
DAVIS,released_full_panel,two_way_centered,ligand,AKT2,PLK1,0.1933362154343816,1,False,0.992,0.025,2000,2000,20360850
DAVIS,released_full_panel,two_way_centered,ligand,AKT2,PTK2,-0.006479629703037509,-1,False,0.4935,0.004,2000,2000,20360850
DAVIS,released_full_panel,two_way_centered,ligand,AKT2,ROCK1,0.4701578557243552,1,True,1.0,0.7275,2000,2000,20360850
DAVIS,released_full_panel,two_way_centered,ligand,AKT2,SRC,-0.3977700979017783,-1,False,0.9995,0.0,2000,2000,20360850
DAVIS,released_full_panel,two_way_centered,ligand,CDK2,CSF1R,-0.35259402088663466,-1,False,1.0,0.0,2000,2000,20360850
DAVIS,released_full_panel,two_way_centered,ligand,CDK2,EGFR,-0.01091397006635226,-1,False,0.5525,0.0,2000,2000,20360850
DAVIS,released_full_panel,two_way_centered,ligand,CDK2,FGFR1,-0.08604072066415672,-1,False,0.815,0.0,2000,2000,20360850
DAVIS,released_full_panel,two_way_centered,ligand,CDK2,IGF1R,0.10299840010097996,1,False,0.8525,0.004,2000,2000,20360850
DAVIS,released_full_panel,two_way_centered,ligand,CDK2,JAK2,-0.07193046769923454,-1,False,0.805,0.0,2000,2000,20360850
DAVIS,released_full_panel,two_way_centered,ligand,CDK2,KDR,-0.20783290505263063,-1,False,0.9955,0.0,2000,2000,20360850
DAVIS,released_full_panel,two_way_centered,ligand,CDK2,KIT,-0.4020312779408852,-1,False,1.0,0.0,2000,2000,20360850
DAVIS,released_full_panel,two_way_centered,ligand,CDK2,LCK,-0.4420081356782803,-1,False,1.0,0.0,2000,2000,20360850
DAVIS,released_full_panel,two_way_centered,ligand,CDK2,MAP2K1,0.0026796614422620654,1,False,0.49,0.0005,2000,2000,20360850
DAVIS,released_full_panel,two_way_centered,ligand,CDK2,MAPK1,0.3584309842235328,1,False,0.9905,0.3665,2000,2000,20360850
DAVIS,released_full_panel,two_way_centered,ligand,CDK2,MAPK14,0.07701132613461695,1,False,0.831,0.003,2000,2000,20360850
DAVIS,released_full_panel,two_way_centered,ligand,CDK2,MAPKAPK2,0.5674365278257625,1,True,1.0,0.9725,2000,2000,20360850
DAVIS,released_full_panel,two_way_centered,ligand,CDK2,MET,-0.0378759095515895,-1,False,0.691,0.0005,2000,2000,20360850
DAVIS,released_full_panel,two_way_centered,ligand,CDK2,PLK1,0.16601468364791494,1,False,0.998,0.0115,2000,2000,20360850
DAVIS,released_full_panel,two_way_centered,ligand,CDK2,PTK2,0.024831208102341632,1,False,0.5955,0.0,2000,2000,20360850
DAVIS,released_full_panel,two_way_centered,ligand,CDK2,ROCK1,0.38052629881323435,1,True,1.0,0.351,2000,2000,20360850
DAVIS,released_full_panel,two_way_centered,ligand,CDK2,SRC,-0.3313770682724391,-1,False,0.9995,0.0,2000,2000,20360850
DAVIS,released_full_panel,two_way_centered,ligand,CSF1R,EGFR,-0.33940844644542023,-1,False,1.0,0.0,2000,2000,20360850
DAVIS,released_full_panel,two_way_centered,ligand,CSF1R,FGFR1,-0.08119355876562274,-1,False,0.771,0.0,2000,2000,20360850
DAVIS,released_full_panel,two_way_centered,ligand,CSF1R,IGF1R,-0.34341136367610464,-1,False,1.0,0.0,2000,2000,20360850
DAVIS,released_full_panel,two_way_centered,ligand,CSF1R,JAK2,-0.18973274264587803,-1,False,0.967,0.0,2000,2000,20360850
DAVIS,released_full_panel,two_way_centered,ligand,CSF1R,KDR,0.49314504279830484,1,True,1.0,0.7,2000,2000,20360850
DAVIS,released_full_panel,two_way_centered,ligand,CSF1R,KIT,0.82290902735129,1,True,1.0,1.0,2000,2000,20360850
DAVIS,released_full_panel,two_way_centered,ligand,CSF1R,LCK,0.2373102225292909,1,False,0.97,0.046,2000,2000,20360850
DAVIS,released_full_panel,two_way_centered,ligand,CSF1R,MAP2K1,-0.13746259903017766,-1,False,0.913,0.0,2000,2000,20360850
DAVIS,released_full_panel,two_way_centered,ligand,CSF1R,MAPK1,-0.4501526114104677,-1,False,1.0,0.0,2000,2000,20360850
DAVIS,released_full_panel,two_way_centered,ligand,CSF1R,MAPK14,-0.13417722255538822,-1,False,0.9145,0.0,2000,2000,20360850
DAVIS,released_full_panel,two_way_centered,ligand,CSF1R,MAPKAPK2,-0.4804591513216083,-1,False,1.0,0.0,2000,2000,20360850
DAVIS,released_full_panel,two_way_centered,ligand,CSF1R,MET,-0.10261521915922905,-1,False,0.8575,0.0,2000,2000,20360850
DAVIS,released_full_panel,two_way_centered,ligand,CSF1R,PLK1,-0.4199013709905167,-1,False,1.0,0.0,2000,2000,20360850
DAVIS,released_full_panel,two_way_centered,ligand,CSF1R,PTK2,-0.33562206755408563,-1,False,1.0,0.0,2000,2000,20360850
DAVIS,released_full_panel,two_way_centered,ligand,CSF1R,ROCK1,-0.3894864600751679,-1,False,1.0,0.0,2000,2000,20360850
DAVIS,released_full_panel,two_way_centered,ligand,CSF1R,SRC,0.03945943833373564,1,False,0.5715,0.0,2000,2000,20360850
DAVIS,released_full_panel,two_way_centered,ligand,EGFR,FGFR1,-0.22139740840075817,-1,False,0.9925,0.0,2000,2000,20360850
DAVIS,released_full_panel,two_way_centered,ligand,EGFR,IGF1R,-0.07637231495418016,-1,False,0.914,0.0,2000,2000,20360850
DAVIS,released_full_panel,two_way_centered,ligand,EGFR,JAK2,-0.2517946180785292,-1,False,1.0,0.0,2000,2000,20360850
DAVIS,released_full_panel,two_way_centered,ligand,EGFR,KDR,-0.3091647791644575,-1,False,1.0,0.0,2000,2000,20360850
DAVIS,released_full_panel,two_way_centered,ligand,EGFR,KIT,-0.3382174840054717,-1,False,0.9995,0.0,2000,2000,20360850
DAVIS,released_full_panel,two_way_centered,ligand,EGFR,LCK,0.15404861375190873,1,False,0.9435,0.004,2000,2000,20360850
DAVIS,released_full_panel,two_way_centered,ligand,EGFR,MAP2K1,0.006808009854005162,1,False,0.4745,0.0045,2000,2000,20360850
DAVIS,released_full_panel,two_way_centered,ligand,EGFR,MAPK1,0.1840085567228727,1,False,0.9955,0.001,2000,2000,20360850
DAVIS,released_full_panel,two_way_centered,ligand,EGFR,MAPK14,0.07322541601285504,1,False,0.856,0.0,2000,2000,20360850
DAVIS,released_full_panel,two_way_centered,ligand,EGFR,MAPKAPK2,0.13711426028098292,1,False,0.9755,0.0,2000,2000,20360850
DAVIS,released_full_panel,two_way_centered,ligand,EGFR,MET,-0.0856942486592864,-1,False,0.918,0.0,2000,2000,20360850
DAVIS,released_full_panel,two_way_centered,ligand,EGFR,PLK1,0.02152438949000859,1,False,0.673,0.0,2000,2000,20360850
DAVIS,released_full_panel,two_way_centered,ligand,EGFR,PTK2,-0.039709309743617346,-1,False,0.7345,0.0,2000,2000,20360850
DAVIS,released_full_panel,two_way_centered,ligand,EGFR,ROCK1,-0.11284778188466285,-1,False,0.9395,0.0,2000,2000,20360850
DAVIS,released_full_panel,two_way_centered,ligand,EGFR,SRC,0.17997904412093702,1,False,0.989,0.0135,2000,2000,20360850
DAVIS,released_full_panel,two_way_centered,ligand,FGFR1,IGF1R,0.05359369016852976,1,False,0.621,0.0175,2000,2000,20360850
DAVIS,released_full_panel,two_way_centered,ligand,FGFR1,JAK2,0.19583104725078443,1,False,0.9305,0.089,2000,2000,20360850
DAVIS,released_full_panel,two_way_centered,ligand,FGFR1,KDR,0.4066497809853305,1,True,0.9935,0.444,2000,2000,20360850
DAVIS,released_full_panel,two_way_centered,ligand,FGFR1,KIT,0.14858623371167018,1,False,0.886,0.0125,2000,2000,20360850
DAVIS,released_full_panel,two_way_centered,ligand,FGFR1,LCK,-0.07946211535912134,-1,False,0.686,0.001,2000,2000,20360850
DAVIS,released_full_panel,two_way_centered,ligand,FGFR1,MAP2K1,-0.04684697189983139,-1,False,0.6405,0.0,2000,2000,20360850
DAVIS,released_full_panel,two_way_centered,ligand,FGFR1,MAPK1,-0.12439424403249069,-1,False,0.8185,0.0,2000,2000,20360850
DAVIS,released_full_panel,two_way_centered,ligand,FGFR1,MAPK14,-0.1772766168864286,-1,False,0.9665,0.0,2000,2000,20360850
DAVIS,released_full_panel,two_way_centered,ligand,FGFR1,MAPKAPK2,-0.168776887729315,-1,False,0.8785,0.0,2000,2000,20360850
DAVIS,released_full_panel,two_way_centered,ligand,FGFR1,MET,-0.08027650378422002,-1,False,0.754,0.0015,2000,2000,20360850
DAVIS,released_full_panel,two_way_centered,ligand,FGFR1,PLK1,-0.09895330904975383,-1,False,0.8425,0.0,2000,2000,20360850
DAVIS,released_full_panel,two_way_centered,ligand,FGFR1,PTK2,-0.011657560181509154,-1,False,0.542,0.0045,2000,2000,20360850
DAVIS,released_full_panel,two_way_centered,ligand,FGFR1,ROCK1,-0.0414815451991394,-1,False,0.6325,0.0,2000,2000,20360850
DAVIS,released_full_panel,two_way_centered,ligand,FGFR1,SRC,0.08458335254018258,1,False,0.687,0.0855,2000,2000,20360850
DAVIS,released_full_panel,two_way_centered,ligand,IGF1R,JAK2,0.09273424812991755,1,False,0.854,0.0015,2000,2000,20360850
DAVIS,released_full_panel,two_way_centered,ligand,IGF1R,KDR,-0.1842049213489882,-1,False,0.948,0.0,2000,2000,20360850
DAVIS,released_full_panel,two_way_centered,ligand,IGF1R,KIT,-0.3913119758673522,-1,False,1.0,0.0,2000,2000,20360850
DAVIS,released_full_panel,two_way_centered,ligand,IGF1R,LCK,-0.3295731657268154,-1,False,0.9925,0.0,2000,2000,20360850
DAVIS,released_full_panel,two_way_centered,ligand,IGF1R,MAP2K1,-0.011168252204101989,-1,False,0.538,0.0015,2000,2000,20360850
DAVIS,released_full_panel,two_way_centered,ligand,IGF1R,MAPK1,0.3862922099865375,1,True,0.9995,0.4195,2000,2000,20360850
DAVIS,released_full_panel,two_way_centered,ligand,IGF1R,MAPK14,-0.08915867760639762,-1,False,0.7805,0.0,2000,2000,20360850
DAVIS,released_full_panel,two_way_centered,ligand,IGF1R,MAPKAPK2,0.1644692959953185,1,False,0.8235,0.0995,2000,2000,20360850
DAVIS,released_full_panel,two_way_centered,ligand,IGF1R,MET,0.17620107542966196,1,False,0.9865,0.0345,2000,2000,20360850
DAVIS,released_full_panel,two_way_centered,ligand,IGF1R,PLK1,0.3453700175475831,1,False,0.9955,0.289,2000,2000,20360850
DAVIS,released_full_panel,two_way_centered,ligand,IGF1R,PTK2,0.7001836557924938,1,True,1.0,0.9685,2000,2000,20360850
DAVIS,released_full_panel,two_way_centered,ligand,IGF1R,ROCK1,0.1520884857152863,1,False,0.9195,0.0185,2000,2000,20360850
DAVIS,released_full_panel,two_way_centered,ligand,IGF1R,SRC,-0.33114159447455727,-1,False,0.9915,0.0,2000,2000,20360850
DAVIS,released_full_panel,two_way_centered,ligand,JAK2,KDR,-0.1662067290978771,-1,False,0.954,0.0,2000,2000,20360850
DAVIS,released_full_panel,two_way_centered,ligand,JAK2,KIT,-0.17573372671693321,-1,False,0.9555,0.0,2000,2000,20360850
DAVIS,released_full_panel,two_way_centered,ligand,JAK2,LCK,0.0011008075420459538,1,False,0.5375,0.0005,2000,2000,20360850
DAVIS,released_full_panel,two_way_centered,ligand,JAK2,MAP2K1,0.18595757271806815,1,False,0.9495,0.04,2000,2000,20360850
DAVIS,released_full_panel,two_way_centered,ligand,JAK2,MAPK1,-0.21959437432410062,-1,False,0.9855,0.0,2000,2000,20360850
DAVIS,released_full_panel,two_way_centered,ligand,JAK2,MAPK14,-0.2805494510881833,-1,False,1.0,0.0,2000,2000,20360850
DAVIS,released_full_panel,two_way_centered,ligand,JAK2,MAPKAPK2,-0.15233766993834322,-1,False,0.9145,0.0,2000,2000,20360850
DAVIS,released_full_panel,two_way_centered,ligand,JAK2,MET,0.015571843634763324,1,False,0.556,0.0,2000,2000,20360850
DAVIS,released_full_panel,two_way_centered,ligand,JAK2,PLK1,0.08926733160581471,1,False,0.745,0.0185,2000,2000,20360850
DAVIS,released_full_panel,two_way_centered,ligand,JAK2,PTK2,0.16499674474094728,1,False,0.9025,0.0315,2000,2000,20360850
DAVIS,released_full_panel,two_way_centered,ligand,JAK2,ROCK1,0.35198721524971144,1,False,0.9855,0.3105,2000,2000,20360850
DAVIS,released_full_panel,two_way_centered,ligand,JAK2,SRC,0.00822538742741036,1,False,0.531,0.002,2000,2000,20360850
DAVIS,released_full_panel,two_way_centered,ligand,KDR,KIT,0.7120648989132331,1,True,1.0,0.9925,2000,2000,20360850
DAVIS,released_full_panel,two_way_centered,ligand,KDR,LCK,-0.17981035434573364,-1,False,0.926,0.0,2000,2000,20360850
DAVIS,released_full_panel,two_way_centered,ligand,KDR,MAP2K1,0.007477805074909961,1,False,0.5255,0.002,2000,2000,20360850
DAVIS,released_full_panel,two_way_centered,ligand,KDR,MAPK1,-0.2571195099763754,-1,False,0.9905,0.0,2000,2000,20360850
DAVIS,released_full_panel,two_way_centered,ligand,KDR,MAPK14,-0.20784066530706483,-1,False,0.9945,0.0,2000,2000,20360850
DAVIS,released_full_panel,two_way_centered,ligand,KDR,MAPKAPK2,-0.25194771915274744,-1,False,0.9835,0.0,2000,2000,20360850
DAVIS,released_full_panel,two_way_centered,ligand,KDR,MET,-0.06560633819209198,-1,False,0.7215,0.001,2000,2000,20360850
DAVIS,released_full_panel,two_way_centered,ligand,KDR,PLK1,-0.30496346024392806,-1,False,1.0,0.0,2000,2000,20360850
DAVIS,released_full_panel,two_way_centered,ligand,KDR,PTK2,-0.24151284948214097,-1,False,0.981,0.0,2000,2000,20360850
DAVIS,released_full_panel,two_way_centered,ligand,KDR,ROCK1,-0.2610180568064855,-1,False,0.994,0.0,2000,2000,20360850
DAVIS,released_full_panel,two_way_centered,ligand,KDR,SRC,-0.2516601431608241,-1,False,0.9765,0.0,2000,2000,20360850
DAVIS,released_full_panel,two_way_centered,ligand,KIT,LCK,0.232619510220891,1,False,0.9785,0.0395,2000,2000,20360850
DAVIS,released_full_panel,two_way_centered,ligand,KIT,MAP2K1,-0.13217201562646466,-1,False,0.872,0.0,2000,2000,20360850
DAVIS,released_full_panel,two_way_centered,ligand,KIT,MAPK1,-0.49730764675028816,-1,False,1.0,0.0,2000,2000,20360850
DAVIS,released_full_panel,two_way_centered,ligand,KIT,MAPK14,-0.14686496015731576,-1,False,0.9515,0.0,2000,2000,20360850
DAVIS,released_full_panel,two_way_centered,ligand,KIT,MAPKAPK2,-0.5201297571293644,-1,False,1.0,0.0,2000,2000,20360850
DAVIS,released_full_panel,two_way_centered,ligand,KIT,MET,-0.22937983849805027,-1,False,0.9865,0.0,2000,2000,20360850
DAVIS,released_full_panel,two_way_centered,ligand,KIT,PLK1,-0.44580978685340444,-1,False,1.0,0.0,2000,2000,20360850
DAVIS,released_full_panel,two_way_centered,ligand,KIT,PTK2,-0.4185621947054406,-1,False,1.0,0.0,2000,2000,20360850
DAVIS,released_full_panel,two_way_centered,ligand,KIT,ROCK1,-0.4386217454975575,-1,False,1.0,0.0,2000,2000,20360850
DAVIS,released_full_panel,two_way_centered,ligand,KIT,SRC,0.039553777338284676,1,False,0.605,0.0005,2000,2000,20360850
DAVIS,released_full_panel,two_way_centered,ligand,LCK,MAP2K1,0.01593950984449226,1,False,0.546,0.002,2000,2000,20360850
DAVIS,released_full_panel,two_way_centered,ligand,LCK,MAPK1,-0.5613138592532888,-1,False,1.0,0.0,2000,2000,20360850
DAVIS,released_full_panel,two_way_centered,ligand,LCK,MAPK14,-0.037731215861111195,-1,False,0.674,0.0,2000,2000,20360850
DAVIS,released_full_panel,two_way_centered,ligand,LCK,MAPKAPK2,-0.6153979302549533,-1,False,1.0,0.0,2000,2000,20360850
DAVIS,released_full_panel,two_way_centered,ligand,LCK,MET,-0.06312622464222514,-1,False,0.6835,0.0,2000,2000,20360850
DAVIS,released_full_panel,two_way_centered,ligand,LCK,PLK1,-0.4383594324118155,-1,False,1.0,0.0,2000,2000,20360850
DAVIS,released_full_panel,two_way_centered,ligand,LCK,PTK2,-0.2540760175526399,-1,False,0.97,0.0,2000,2000,20360850
DAVIS,released_full_panel,two_way_centered,ligand,LCK,ROCK1,-0.48880546301588157,-1,False,1.0,0.0,2000,2000,20360850
DAVIS,released_full_panel,two_way_centered,ligand,LCK,SRC,0.7397599946379545,1,True,1.0,0.995,2000,2000,20360850
DAVIS,released_full_panel,two_way_centered,ligand,MAP2K1,MAPK1,-0.20359662603869044,-1,False,0.931,0.0,2000,2000,20360850
DAVIS,released_full_panel,two_way_centered,ligand,MAP2K1,MAPK14,-0.2577053318500674,-1,False,0.9995,0.0,2000,2000,20360850
DAVIS,released_full_panel,two_way_centered,ligand,MAP2K1,MAPKAPK2,-0.020904330923990237,-1,False,0.559,0.001,2000,2000,20360850
DAVIS,released_full_panel,two_way_centered,ligand,MAP2K1,MET,0.037585831298668874,1,False,0.6415,0.0005,2000,2000,20360850
DAVIS,released_full_panel,two_way_centered,ligand,MAP2K1,PLK1,-0.10032485553730791,-1,False,0.8915,0.0,2000,2000,20360850
DAVIS,released_full_panel,two_way_centered,ligand,MAP2K1,PTK2,0.11730879301640368,1,False,0.8765,0.006,2000,2000,20360850
DAVIS,released_full_panel,two_way_centered,ligand,MAP2K1,ROCK1,0.0563912785504206,1,False,0.682,0.002,2000,2000,20360850
DAVIS,released_full_panel,two_way_centered,ligand,MAP2K1,SRC,0.0009371089398189529,1,False,0.485,0.0015,2000,2000,20360850
DAVIS,released_full_panel,two_way_centered,ligand,MAPK1,MAPK14,0.3193061551206494,1,False,0.994,0.2535,2000,2000,20360850
DAVIS,released_full_panel,two_way_centered,ligand,MAPK1,MAPKAPK2,0.7875093737555557,1,True,1.0,0.9975,2000,2000,20360850
DAVIS,released_full_panel,two_way_centered,ligand,MAPK1,MET,0.038471290674599874,1,False,0.6305,0.0005,2000,2000,20360850
DAVIS,released_full_panel,two_way_centered,ligand,MAPK1,PLK1,0.37954042403035604,1,True,1.0,0.315,2000,2000,20360850
DAVIS,released_full_panel,two_way_centered,ligand,MAPK1,PTK2,0.21388072268246183,1,False,0.963,0.0165,2000,2000,20360850
DAVIS,released_full_panel,two_way_centered,ligand,MAPK1,ROCK1,0.17546794822429404,1,False,0.801,0.158,2000,2000,20360850
DAVIS,released_full_panel,two_way_centered,ligand,MAPK1,SRC,-0.4502255005850474,-1,False,0.9985,0.0,2000,2000,20360850
DAVIS,released_full_panel,two_way_centered,ligand,MAPK14,MAPKAPK2,0.27262853082069316,1,False,0.9885,0.1525,2000,2000,20360850
DAVIS,released_full_panel,two_way_centered,ligand,MAPK14,MET,-0.10018919819049195,-1,False,0.942,0.0,2000,2000,20360850
DAVIS,released_full_panel,two_way_centered,ligand,MAPK14,PLK1,-0.01596903660525527,-1,False,0.5815,0.0,2000,2000,20360850
DAVIS,released_full_panel,two_way_centered,ligand,MAPK14,PTK2,-0.21328179092118368,-1,False,0.988,0.0,2000,2000,20360850
DAVIS,released_full_panel,two_way_centered,ligand,MAPK14,ROCK1,-0.18278966235001476,-1,False,0.94,0.0,2000,2000,20360850
DAVIS,released_full_panel,two_way_centered,ligand,MAPK14,SRC,0.011859529062031178,1,False,0.509,0.001,2000,2000,20360850
DAVIS,released_full_panel,two_way_centered,ligand,MAPKAPK2,MET,0.03446820421926736,1,False,0.6125,0.001,2000,2000,20360850
DAVIS,released_full_panel,two_way_centered,ligand,MAPKAPK2,PLK1,0.3432641628995896,1,False,0.9995,0.21,2000,2000,20360850
DAVIS,released_full_panel,two_way_centered,ligand,MAPKAPK2,PTK2,-0.005105437791074403,-1,False,0.4935,0.004,2000,2000,20360850
DAVIS,released_full_panel,two_way_centered,ligand,MAPKAPK2,ROCK1,0.28890665805716326,1,False,0.973,0.176,2000,2000,20360850
DAVIS,released_full_panel,two_way_centered,ligand,MAPKAPK2,SRC,-0.46588673827717497,-1,False,0.9985,0.0,2000,2000,20360850
DAVIS,released_full_panel,two_way_centered,ligand,MET,PLK1,-0.038752493527131435,-1,False,0.7005,0.0,2000,2000,20360850
DAVIS,released_full_panel,two_way_centered,ligand,MET,PTK2,0.200073256817585,1,False,0.9755,0.019,2000,2000,20360850
DAVIS,released_full_panel,two_way_centered,ligand,MET,ROCK1,-0.11531588294212901,-1,False,0.9035,0.0,2000,2000,20360850
DAVIS,released_full_panel,two_way_centered,ligand,MET,SRC,-0.11764426432397118,-1,False,0.8055,0.0,2000,2000,20360850
DAVIS,released_full_panel,two_way_centered,ligand,PLK1,PTK2,0.49971829514898924,1,True,1.0,0.7185,2000,2000,20360850
DAVIS,released_full_panel,two_way_centered,ligand,PLK1,ROCK1,0.28635651655298533,1,False,0.9995,0.1565,2000,2000,20360850
DAVIS,released_full_panel,two_way_centered,ligand,PLK1,SRC,-0.25356086667602895,-1,False,0.999,0.0,2000,2000,20360850
DAVIS,released_full_panel,two_way_centered,ligand,PTK2,ROCK1,0.2488097214024771,1,False,0.991,0.043,2000,2000,20360850
DAVIS,released_full_panel,two_way_centered,ligand,PTK2,SRC,-0.22103237189491795,-1,False,0.896,0.0005,2000,2000,20360850
DAVIS,released_full_panel,two_way_centered,ligand,ROCK1,SRC,-0.36780625393808053,-1,False,1.0,0.0,2000,2000,20360850
DAVIS,released_full_panel,two_way_centered,butina_cluster,ABL1,AKT1,-0.4253822428889693,-1,False,1.0,0.0,2000,2000,20360851
DAVIS,released_full_panel,two_way_centered,butina_cluster,ABL1,AKT2,-0.4537628879637819,-1,False,1.0,0.0,2000,2000,20360851
DAVIS,released_full_panel,two_way_centered,butina_cluster,ABL1,CDK2,-0.36403113464238557,-1,False,1.0,0.0,2000,2000,20360851
DAVIS,released_full_panel,two_way_centered,butina_cluster,ABL1,CSF1R,0.3367959910380168,1,False,0.993,0.232,2000,2000,20360851
DAVIS,released_full_panel,two_way_centered,butina_cluster,ABL1,EGFR,-0.017533249278167604,-1,False,0.5855,0.0,2000,2000,20360851
DAVIS,released_full_panel,two_way_centered,butina_cluster,ABL1,FGFR1,-0.12017089562751931,-1,False,0.765,0.0025,2000,2000,20360851
DAVIS,released_full_panel,two_way_centered,butina_cluster,ABL1,IGF1R,-0.38029857574553194,-1,False,0.9985,0.0,2000,2000,20360851
DAVIS,released_full_panel,two_way_centered,butina_cluster,ABL1,JAK2,-0.17910367352054835,-1,False,0.973,0.0,2000,2000,20360851
DAVIS,released_full_panel,two_way_centered,butina_cluster,ABL1,KDR,-0.09380405065881313,-1,False,0.772,0.0005,2000,2000,20360851
DAVIS,released_full_panel,two_way_centered,butina_cluster,ABL1,KIT,0.35232857237968385,1,False,0.9985,0.2635,2000,2000,20360851
DAVIS,released_full_panel,two_way_centered,butina_cluster,ABL1,LCK,0.7860131576947633,1,True,1.0,0.999,2000,2000,20360851
DAVIS,released_full_panel,two_way_centered,butina_cluster,ABL1,MAP2K1,-0.13760056764805936,-1,False,0.8265,0.001,2000,2000,20360851
DAVIS,released_full_panel,two_way_centered,butina_cluster,ABL1,MAPK1,-0.4572830390704225,-1,False,1.0,0.0,2000,2000,20360851
DAVIS,released_full_panel,two_way_centered,butina_cluster,ABL1,MAPK14,0.052393771876750886,1,False,0.6695,0.004,2000,2000,20360851
DAVIS,released_full_panel,two_way_centered,butina_cluster,ABL1,MAPKAPK2,-0.5084018265912329,-1,False,1.0,0.0,2000,2000,20360851
DAVIS,released_full_panel,two_way_centered,butina_cluster,ABL1,MET,-0.17390775771678552,-1,False,0.9335,0.0,2000,2000,20360851
DAVIS,released_full_panel,two_way_centered,butina_cluster,ABL1,PLK1,-0.38450359647433097,-1,False,1.0,0.0,2000,2000,20360851
DAVIS,released_full_panel,two_way_centered,butina_cluster,ABL1,PTK2,-0.394382847468958,-1,False,0.9995,0.0,2000,2000,20360851
DAVIS,released_full_panel,two_way_centered,butina_cluster,ABL1,ROCK1,-0.40254765799614467,-1,False,1.0,0.0,2000,2000,20360851
DAVIS,released_full_panel,two_way_centered,butina_cluster,ABL1,SRC,0.598464528886245,1,True,1.0,0.865,2000,2000,20360851
DAVIS,released_full_panel,two_way_centered,butina_cluster,AKT1,AKT2,0.9559404563798161,1,True,1.0,1.0,2000,2000,20360851
DAVIS,released_full_panel,two_way_centered,butina_cluster,AKT1,CDK2,0.35275177094130067,1,False,1.0,0.3575,2000,2000,20360851
DAVIS,released_full_panel,two_way_centered,butina_cluster,AKT1,CSF1R,-0.40482556844666784,-1,False,1.0,0.0,2000,2000,20360851
DAVIS,released_full_panel,two_way_centered,butina_cluster,AKT1,EGFR,0.038351255336751086,1,False,0.7445,0.0,2000,2000,20360851
DAVIS,released_full_panel,two_way_centered,butina_cluster,AKT1,FGFR1,-0.17969864786693274,-1,False,0.945,0.0,2000,2000,20360851
DAVIS,released_full_panel,two_way_centered,butina_cluster,AKT1,IGF1R,0.10122020287450126,1,False,0.79,0.017,2000,2000,20360851
DAVIS,released_full_panel,two_way_centered,butina_cluster,AKT1,JAK2,-0.16041223435183566,-1,False,0.962,0.0,2000,2000,20360851
DAVIS,released_full_panel,two_way_centered,butina_cluster,AKT1,KDR,-0.2623600739176211,-1,False,0.998,0.0,2000,2000,20360851
DAVIS,released_full_panel,two_way_centered,butina_cluster,AKT1,KIT,-0.4400116705396238,-1,False,1.0,0.0,2000,2000,20360851
DAVIS,released_full_panel,two_way_centered,butina_cluster,AKT1,LCK,-0.503063786184922,-1,False,1.0,0.0,2000,2000,20360851
DAVIS,released_full_panel,two_way_centered,butina_cluster,AKT1,MAP2K1,-0.13792656312571705,-1,False,0.9105,0.0,2000,2000,20360851
DAVIS,released_full_panel,two_way_centered,butina_cluster,AKT1,MAPK1,0.4928164910148033,1,True,1.0,0.765,2000,2000,20360851
DAVIS,released_full_panel,two_way_centered,butina_cluster,AKT1,MAPK14,0.12333737437576342,1,False,0.8995,0.0135,2000,2000,20360851
DAVIS,released_full_panel,two_way_centered,butina_cluster,AKT1,MAPKAPK2,0.5846192765835271,1,True,1.0,0.9685,2000,2000,20360851
DAVIS,released_full_panel,two_way_centered,butina_cluster,AKT1,MET,-0.029669777083176994,-1,False,0.604,0.0,2000,2000,20360851
DAVIS,released_full_panel,two_way_centered,butina_cluster,AKT1,PLK1,0.18322064458279047,1,False,0.9935,0.0115,2000,2000,20360851
DAVIS,released_full_panel,two_way_centered,butina_cluster,AKT1,PTK2,-0.008116825384039251,-1,False,0.501,0.001,2000,2000,20360851
DAVIS,released_full_panel,two_way_centered,butina_cluster,AKT1,ROCK1,0.5452966702238011,1,True,0.9995,0.8205,2000,2000,20360851
DAVIS,released_full_panel,two_way_centered,butina_cluster,AKT1,SRC,-0.3672821420567694,-1,False,0.9995,0.0,2000,2000,20360851
DAVIS,released_full_panel,two_way_centered,butina_cluster,AKT2,CDK2,0.3727496870018992,1,False,1.0,0.461,2000,2000,20360851
DAVIS,released_full_panel,two_way_centered,butina_cluster,AKT2,CSF1R,-0.39824917719961317,-1,False,1.0,0.0,2000,2000,20360851
DAVIS,released_full_panel,two_way_centered,butina_cluster,AKT2,EGFR,0.04110810417582697,1,False,0.7535,0.0,2000,2000,20360851
DAVIS,released_full_panel,two_way_centered,butina_cluster,AKT2,FGFR1,-0.17722230953300072,-1,False,0.927,0.0,2000,2000,20360851
DAVIS,released_full_panel,two_way_centered,butina_cluster,AKT2,IGF1R,0.09387628906547674,1,False,0.7615,0.029,2000,2000,20360851
DAVIS,released_full_panel,two_way_centered,butina_cluster,AKT2,JAK2,-0.1527114324397031,-1,False,0.9475,0.0,2000,2000,20360851
DAVIS,released_full_panel,two_way_centered,butina_cluster,AKT2,KDR,-0.2369988701436927,-1,False,0.996,0.0,2000,2000,20360851
DAVIS,released_full_panel,two_way_centered,butina_cluster,AKT2,KIT,-0.43052268370761043,-1,False,1.0,0.0,2000,2000,20360851
DAVIS,released_full_panel,two_way_centered,butina_cluster,AKT2,LCK,-0.5240115352986761,-1,False,1.0,0.0,2000,2000,20360851
DAVIS,released_full_panel,two_way_centered,butina_cluster,AKT2,MAP2K1,-0.1149096316137745,-1,False,0.853,0.0,2000,2000,20360851
DAVIS,released_full_panel,two_way_centered,butina_cluster,AKT2,MAPK1,0.511443956605085,1,True,1.0,0.813,2000,2000,20360851
DAVIS,released_full_panel,two_way_centered,butina_cluster,AKT2,MAPK14,0.12839161906485808,1,False,0.91,0.0185,2000,2000,20360851
DAVIS,released_full_panel,two_way_centered,butina_cluster,AKT2,MAPKAPK2,0.6228260728480528,1,True,1.0,0.983,2000,2000,20360851
DAVIS,released_full_panel,two_way_centered,butina_cluster,AKT2,MET,-0.032367729790714464,-1,False,0.6045,0.0,2000,2000,20360851
DAVIS,released_full_panel,two_way_centered,butina_cluster,AKT2,PLK1,0.1933362154343816,1,False,0.9925,0.02,2000,2000,20360851
DAVIS,released_full_panel,two_way_centered,butina_cluster,AKT2,PTK2,-0.006479629703037509,-1,False,0.494,0.003,2000,2000,20360851
DAVIS,released_full_panel,two_way_centered,butina_cluster,AKT2,ROCK1,0.4701578557243552,1,True,0.9995,0.7225,2000,2000,20360851
DAVIS,released_full_panel,two_way_centered,butina_cluster,AKT2,SRC,-0.3977700979017783,-1,False,0.9995,0.0,2000,2000,20360851
DAVIS,released_full_panel,two_way_centered,butina_cluster,CDK2,CSF1R,-0.35259402088663466,-1,False,1.0,0.0,2000,2000,20360851
DAVIS,released_full_panel,two_way_centered,butina_cluster,CDK2,EGFR,-0.01091397006635226,-1,False,0.5625,0.0,2000,2000,20360851
DAVIS,released_full_panel,two_way_centered,butina_cluster,CDK2,FGFR1,-0.08604072066415672,-1,False,0.8215,0.0,2000,2000,20360851
DAVIS,released_full_panel,two_way_centered,butina_cluster,CDK2,IGF1R,0.10299840010097996,1,False,0.846,0.0015,2000,2000,20360851
DAVIS,released_full_panel,two_way_centered,butina_cluster,CDK2,JAK2,-0.07193046769923454,-1,False,0.803,0.0,2000,2000,20360851
DAVIS,released_full_panel,two_way_centered,butina_cluster,CDK2,KDR,-0.20783290505263063,-1,False,0.995,0.0,2000,2000,20360851
DAVIS,released_full_panel,two_way_centered,butina_cluster,CDK2,KIT,-0.4020312779408852,-1,False,1.0,0.0,2000,2000,20360851
DAVIS,released_full_panel,two_way_centered,butina_cluster,CDK2,LCK,-0.4420081356782803,-1,False,1.0,0.0,2000,2000,20360851
DAVIS,released_full_panel,two_way_centered,butina_cluster,CDK2,MAP2K1,0.0026796614422620654,1,False,0.4935,0.002,2000,2000,20360851
DAVIS,released_full_panel,two_way_centered,butina_cluster,CDK2,MAPK1,0.3584309842235328,1,False,0.994,0.346,2000,2000,20360851
DAVIS,released_full_panel,two_way_centered,butina_cluster,CDK2,MAPK14,0.07701132613461695,1,False,0.826,0.0015,2000,2000,20360851
DAVIS,released_full_panel,two_way_centered,butina_cluster,CDK2,MAPKAPK2,0.5674365278257625,1,True,1.0,0.9795,2000,2000,20360851
DAVIS,released_full_panel,two_way_centered,butina_cluster,CDK2,MET,-0.0378759095515895,-1,False,0.6735,0.0,2000,2000,20360851
DAVIS,released_full_panel,two_way_centered,butina_cluster,CDK2,PLK1,0.16601468364791494,1,False,0.998,0.0095,2000,2000,20360851
DAVIS,released_full_panel,two_way_centered,butina_cluster,CDK2,PTK2,0.024831208102341632,1,False,0.598,0.0005,2000,2000,20360851
DAVIS,released_full_panel,two_way_centered,butina_cluster,CDK2,ROCK1,0.38052629881323435,1,True,1.0,0.3595,2000,2000,20360851
DAVIS,released_full_panel,two_way_centered,butina_cluster,CDK2,SRC,-0.3313770682724391,-1,False,0.9995,0.0,2000,2000,20360851
DAVIS,released_full_panel,two_way_centered,butina_cluster,CSF1R,EGFR,-0.33940844644542023,-1,False,1.0,0.0,2000,2000,20360851
DAVIS,released_full_panel,two_way_centered,butina_cluster,CSF1R,FGFR1,-0.08119355876562274,-1,False,0.75,0.0,2000,2000,20360851
DAVIS,released_full_panel,two_way_centered,butina_cluster,CSF1R,IGF1R,-0.34341136367610464,-1,False,1.0,0.0,2000,2000,20360851
DAVIS,released_full_panel,two_way_centered,butina_cluster,CSF1R,JAK2,-0.18973274264587803,-1,False,0.9515,0.0,2000,2000,20360851
DAVIS,released_full_panel,two_way_centered,butina_cluster,CSF1R,KDR,0.49314504279830484,1,True,0.9995,0.683,2000,2000,20360851
DAVIS,released_full_panel,two_way_centered,butina_cluster,CSF1R,KIT,0.82290902735129,1,True,1.0,1.0,2000,2000,20360851
DAVIS,released_full_panel,two_way_centered,butina_cluster,CSF1R,LCK,0.2373102225292909,1,False,0.958,0.058,2000,2000,20360851
DAVIS,released_full_panel,two_way_centered,butina_cluster,CSF1R,MAP2K1,-0.13746259903017766,-1,False,0.9205,0.0,2000,2000,20360851
DAVIS,released_full_panel,two_way_centered,butina_cluster,CSF1R,MAPK1,-0.4501526114104677,-1,False,1.0,0.0,2000,2000,20360851
DAVIS,released_full_panel,two_way_centered,butina_cluster,CSF1R,MAPK14,-0.13417722255538822,-1,False,0.9015,0.0,2000,2000,20360851
DAVIS,released_full_panel,two_way_centered,butina_cluster,CSF1R,MAPKAPK2,-0.4804591513216083,-1,False,1.0,0.0,2000,2000,20360851
DAVIS,released_full_panel,two_way_centered,butina_cluster,CSF1R,MET,-0.10261521915922905,-1,False,0.8625,0.0,2000,2000,20360851
DAVIS,released_full_panel,two_way_centered,butina_cluster,CSF1R,PLK1,-0.4199013709905167,-1,False,1.0,0.0,2000,2000,20360851
DAVIS,released_full_panel,two_way_centered,butina_cluster,CSF1R,PTK2,-0.33562206755408563,-1,False,0.9995,0.0,2000,2000,20360851
DAVIS,released_full_panel,two_way_centered,butina_cluster,CSF1R,ROCK1,-0.3894864600751679,-1,False,1.0,0.0,2000,2000,20360851
DAVIS,released_full_panel,two_way_centered,butina_cluster,CSF1R,SRC,0.03945943833373564,1,False,0.5875,0.001,2000,2000,20360851
DAVIS,released_full_panel,two_way_centered,butina_cluster,EGFR,FGFR1,-0.22139740840075817,-1,False,0.9855,0.0,2000,2000,20360851
DAVIS,released_full_panel,two_way_centered,butina_cluster,EGFR,IGF1R,-0.07637231495418016,-1,False,0.9015,0.0,2000,2000,20360851
DAVIS,released_full_panel,two_way_centered,butina_cluster,EGFR,JAK2,-0.2517946180785292,-1,False,1.0,0.0,2000,2000,20360851
DAVIS,released_full_panel,two_way_centered,butina_cluster,EGFR,KDR,-0.3091647791644575,-1,False,1.0,0.0,2000,2000,20360851
DAVIS,released_full_panel,two_way_centered,butina_cluster,EGFR,KIT,-0.3382174840054717,-1,False,1.0,0.0,2000,2000,20360851
DAVIS,released_full_panel,two_way_centered,butina_cluster,EGFR,LCK,0.15404861375190873,1,False,0.935,0.006,2000,2000,20360851
DAVIS,released_full_panel,two_way_centered,butina_cluster,EGFR,MAP2K1,0.006808009854005162,1,False,0.476,0.003,2000,2000,20360851
DAVIS,released_full_panel,two_way_centered,butina_cluster,EGFR,MAPK1,0.1840085567228727,1,False,0.996,0.001,2000,2000,20360851
DAVIS,released_full_panel,two_way_centered,butina_cluster,EGFR,MAPK14,0.07322541601285504,1,False,0.8635,0.001,2000,2000,20360851
DAVIS,released_full_panel,two_way_centered,butina_cluster,EGFR,MAPKAPK2,0.13711426028098292,1,False,0.969,0.0,2000,2000,20360851
DAVIS,released_full_panel,two_way_centered,butina_cluster,EGFR,MET,-0.0856942486592864,-1,False,0.9175,0.0,2000,2000,20360851
DAVIS,released_full_panel,two_way_centered,butina_cluster,EGFR,PLK1,0.02152438949000859,1,False,0.704,0.0,2000,2000,20360851
DAVIS,released_full_panel,two_way_centered,butina_cluster,EGFR,PTK2,-0.039709309743617346,-1,False,0.7205,0.0,2000,2000,20360851
DAVIS,released_full_panel,two_way_centered,butina_cluster,EGFR,ROCK1,-0.11284778188466285,-1,False,0.94,0.0,2000,2000,20360851
DAVIS,released_full_panel,two_way_centered,butina_cluster,EGFR,SRC,0.17997904412093702,1,False,0.9905,0.015,2000,2000,20360851
DAVIS,released_full_panel,two_way_centered,butina_cluster,FGFR1,IGF1R,0.05359369016852976,1,False,0.6545,0.014,2000,2000,20360851
DAVIS,released_full_panel,two_way_centered,butina_cluster,FGFR1,JAK2,0.19583104725078443,1,False,0.938,0.0835,2000,2000,20360851
DAVIS,released_full_panel,two_way_centered,butina_cluster,FGFR1,KDR,0.4066497809853305,1,True,0.9975,0.473,2000,2000,20360851
DAVIS,released_full_panel,two_way_centered,butina_cluster,FGFR1,KIT,0.14858623371167018,1,False,0.8815,0.0175,2000,2000,20360851
DAVIS,released_full_panel,two_way_centered,butina_cluster,FGFR1,LCK,-0.07946211535912134,-1,False,0.686,0.0025,2000,2000,20360851
DAVIS,released_full_panel,two_way_centered,butina_cluster,FGFR1,MAP2K1,-0.04684697189983139,-1,False,0.6415,0.0005,2000,2000,20360851
DAVIS,released_full_panel,two_way_centered,butina_cluster,FGFR1,MAPK1,-0.12439424403249069,-1,False,0.8265,0.0,2000,2000,20360851
DAVIS,released_full_panel,two_way_centered,butina_cluster,FGFR1,MAPK14,-0.1772766168864286,-1,False,0.9705,0.0,2000,2000,20360851
DAVIS,released_full_panel,two_way_centered,butina_cluster,FGFR1,MAPKAPK2,-0.168776887729315,-1,False,0.8755,0.0,2000,2000,20360851
DAVIS,released_full_panel,two_way_centered,butina_cluster,FGFR1,MET,-0.08027650378422002,-1,False,0.746,0.001,2000,2000,20360851
DAVIS,released_full_panel,two_way_centered,butina_cluster,FGFR1,PLK1,-0.09895330904975383,-1,False,0.8565,0.0005,2000,2000,20360851
DAVIS,released_full_panel,two_way_centered,butina_cluster,FGFR1,PTK2,-0.011657560181509154,-1,False,0.5325,0.004,2000,2000,20360851
DAVIS,released_full_panel,two_way_centered,butina_cluster,FGFR1,ROCK1,-0.0414815451991394,-1,False,0.64,0.0,2000,2000,20360851
DAVIS,released_full_panel,two_way_centered,butina_cluster,FGFR1,SRC,0.08458335254018258,1,False,0.653,0.082,2000,2000,20360851
DAVIS,released_full_panel,two_way_centered,butina_cluster,IGF1R,JAK2,0.09273424812991755,1,False,0.878,0.0015,2000,2000,20360851
DAVIS,released_full_panel,two_way_centered,butina_cluster,IGF1R,KDR,-0.1842049213489882,-1,False,0.94,0.0,2000,2000,20360851
DAVIS,released_full_panel,two_way_centered,butina_cluster,IGF1R,KIT,-0.3913119758673522,-1,False,1.0,0.0,2000,2000,20360851
DAVIS,released_full_panel,two_way_centered,butina_cluster,IGF1R,LCK,-0.3295731657268154,-1,False,0.9855,0.0,2000,2000,20360851
DAVIS,released_full_panel,two_way_centered,butina_cluster,IGF1R,MAP2K1,-0.011168252204101989,-1,False,0.5255,0.0025,2000,2000,20360851
DAVIS,released_full_panel,two_way_centered,butina_cluster,IGF1R,MAPK1,0.3862922099865375,1,True,0.9995,0.416,2000,2000,20360851
DAVIS,released_full_panel,two_way_centered,butina_cluster,IGF1R,MAPK14,-0.08915867760639762,-1,False,0.7905,0.0,2000,2000,20360851
DAVIS,released_full_panel,two_way_centered,butina_cluster,IGF1R,MAPKAPK2,0.1644692959953185,1,False,0.8145,0.1055,2000,2000,20360851
DAVIS,released_full_panel,two_way_centered,butina_cluster,IGF1R,MET,0.17620107542966196,1,False,0.9895,0.0335,2000,2000,20360851
DAVIS,released_full_panel,two_way_centered,butina_cluster,IGF1R,PLK1,0.3453700175475831,1,False,0.995,0.308,2000,2000,20360851
DAVIS,released_full_panel,two_way_centered,butina_cluster,IGF1R,PTK2,0.7001836557924938,1,True,1.0,0.9745,2000,2000,20360851
DAVIS,released_full_panel,two_way_centered,butina_cluster,IGF1R,ROCK1,0.1520884857152863,1,False,0.906,0.0125,2000,2000,20360851
DAVIS,released_full_panel,two_way_centered,butina_cluster,IGF1R,SRC,-0.33114159447455727,-1,False,0.9925,0.0,2000,2000,20360851
DAVIS,released_full_panel,two_way_centered,butina_cluster,JAK2,KDR,-0.1662067290978771,-1,False,0.957,0.0,2000,2000,20360851
DAVIS,released_full_panel,two_way_centered,butina_cluster,JAK2,KIT,-0.17573372671693321,-1,False,0.9435,0.0,2000,2000,20360851
DAVIS,released_full_panel,two_way_centered,butina_cluster,JAK2,LCK,0.0011008075420459538,1,False,0.538,0.001,2000,2000,20360851
DAVIS,released_full_panel,two_way_centered,butina_cluster,JAK2,MAP2K1,0.18595757271806815,1,False,0.947,0.039,2000,2000,20360851
DAVIS,released_full_panel,two_way_centered,butina_cluster,JAK2,MAPK1,-0.21959437432410062,-1,False,0.981,0.0,2000,2000,20360851
DAVIS,released_full_panel,two_way_centered,butina_cluster,JAK2,MAPK14,-0.2805494510881833,-1,False,0.9995,0.0,2000,2000,20360851
DAVIS,released_full_panel,two_way_centered,butina_cluster,JAK2,MAPKAPK2,-0.15233766993834322,-1,False,0.9205,0.0,2000,2000,20360851
DAVIS,released_full_panel,two_way_centered,butina_cluster,JAK2,MET,0.015571843634763324,1,False,0.56,0.0,2000,2000,20360851
DAVIS,released_full_panel,two_way_centered,butina_cluster,JAK2,PLK1,0.08926733160581471,1,False,0.7535,0.019,2000,2000,20360851
DAVIS,released_full_panel,two_way_centered,butina_cluster,JAK2,PTK2,0.16499674474094728,1,False,0.9205,0.034,2000,2000,20360851
DAVIS,released_full_panel,two_way_centered,butina_cluster,JAK2,ROCK1,0.35198721524971144,1,False,0.9795,0.3055,2000,2000,20360851
DAVIS,released_full_panel,two_way_centered,butina_cluster,JAK2,SRC,0.00822538742741036,1,False,0.525,0.0025,2000,2000,20360851
DAVIS,released_full_panel,two_way_centered,butina_cluster,KDR,KIT,0.7120648989132331,1,True,1.0,0.9905,2000,2000,20360851
DAVIS,released_full_panel,two_way_centered,butina_cluster,KDR,LCK,-0.17981035434573364,-1,False,0.93,0.0,2000,2000,20360851
DAVIS,released_full_panel,two_way_centered,butina_cluster,KDR,MAP2K1,0.007477805074909961,1,False,0.511,0.0015,2000,2000,20360851
DAVIS,released_full_panel,two_way_centered,butina_cluster,KDR,MAPK1,-0.2571195099763754,-1,False,0.9915,0.0,2000,2000,20360851
DAVIS,released_full_panel,two_way_centered,butina_cluster,KDR,MAPK14,-0.20784066530706483,-1,False,0.9935,0.0,2000,2000,20360851
DAVIS,released_full_panel,two_way_centered,butina_cluster,KDR,MAPKAPK2,-0.25194771915274744,-1,False,0.985,0.0,2000,2000,20360851
DAVIS,released_full_panel,two_way_centered,butina_cluster,KDR,MET,-0.06560633819209198,-1,False,0.7075,0.0,2000,2000,20360851
DAVIS,released_full_panel,two_way_centered,butina_cluster,KDR,PLK1,-0.30496346024392806,-1,False,1.0,0.0,2000,2000,20360851
DAVIS,released_full_panel,two_way_centered,butina_cluster,KDR,PTK2,-0.24151284948214097,-1,False,0.98,0.0,2000,2000,20360851
DAVIS,released_full_panel,two_way_centered,butina_cluster,KDR,ROCK1,-0.2610180568064855,-1,False,0.9925,0.0,2000,2000,20360851
DAVIS,released_full_panel,two_way_centered,butina_cluster,KDR,SRC,-0.2516601431608241,-1,False,0.9745,0.0,2000,2000,20360851
DAVIS,released_full_panel,two_way_centered,butina_cluster,KIT,LCK,0.232619510220891,1,False,0.964,0.0465,2000,2000,20360851
DAVIS,released_full_panel,two_way_centered,butina_cluster,KIT,MAP2K1,-0.13217201562646466,-1,False,0.8765,0.0,2000,2000,20360851
DAVIS,released_full_panel,two_way_centered,butina_cluster,KIT,MAPK1,-0.49730764675028816,-1,False,1.0,0.0,2000,2000,20360851
DAVIS,released_full_panel,two_way_centered,butina_cluster,KIT,MAPK14,-0.14686496015731576,-1,False,0.938,0.0,2000,2000,20360851
DAVIS,released_full_panel,two_way_centered,butina_cluster,KIT,MAPKAPK2,-0.5201297571293644,-1,False,1.0,0.0,2000,2000,20360851
DAVIS,released_full_panel,two_way_centered,butina_cluster,KIT,MET,-0.22937983849805027,-1,False,0.987,0.0,2000,2000,20360851
DAVIS,released_full_panel,two_way_centered,butina_cluster,KIT,PLK1,-0.44580978685340444,-1,False,1.0,0.0,2000,2000,20360851
DAVIS,released_full_panel,two_way_centered,butina_cluster,KIT,PTK2,-0.4185621947054406,-1,False,1.0,0.0,2000,2000,20360851
DAVIS,released_full_panel,two_way_centered,butina_cluster,KIT,ROCK1,-0.4386217454975575,-1,False,1.0,0.0,2000,2000,20360851
DAVIS,released_full_panel,two_way_centered,butina_cluster,KIT,SRC,0.039553777338284676,1,False,0.626,0.0005,2000,2000,20360851
DAVIS,released_full_panel,two_way_centered,butina_cluster,LCK,MAP2K1,0.01593950984449226,1,False,0.5175,0.002,2000,2000,20360851
DAVIS,released_full_panel,two_way_centered,butina_cluster,LCK,MAPK1,-0.5613138592532888,-1,False,1.0,0.0,2000,2000,20360851
DAVIS,released_full_panel,two_way_centered,butina_cluster,LCK,MAPK14,-0.037731215861111195,-1,False,0.645,0.0,2000,2000,20360851
DAVIS,released_full_panel,two_way_centered,butina_cluster,LCK,MAPKAPK2,-0.6153979302549533,-1,False,1.0,0.0,2000,2000,20360851
DAVIS,released_full_panel,two_way_centered,butina_cluster,LCK,MET,-0.06312622464222514,-1,False,0.689,0.002,2000,2000,20360851
DAVIS,released_full_panel,two_way_centered,butina_cluster,LCK,PLK1,-0.4383594324118155,-1,False,1.0,0.0,2000,2000,20360851
DAVIS,released_full_panel,two_way_centered,butina_cluster,LCK,PTK2,-0.2540760175526399,-1,False,0.956,0.0,2000,2000,20360851
DAVIS,released_full_panel,two_way_centered,butina_cluster,LCK,ROCK1,-0.48880546301588157,-1,False,1.0,0.0,2000,2000,20360851
DAVIS,released_full_panel,two_way_centered,butina_cluster,LCK,SRC,0.7397599946379545,1,True,1.0,0.9965,2000,2000,20360851
DAVIS,released_full_panel,two_way_centered,butina_cluster,MAP2K1,MAPK1,-0.20359662603869044,-1,False,0.9255,0.0,2000,2000,20360851
DAVIS,released_full_panel,two_way_centered,butina_cluster,MAP2K1,MAPK14,-0.2577053318500674,-1,False,0.9995,0.0,2000,2000,20360851
DAVIS,released_full_panel,two_way_centered,butina_cluster,MAP2K1,MAPKAPK2,-0.020904330923990237,-1,False,0.5495,0.001,2000,2000,20360851
DAVIS,released_full_panel,two_way_centered,butina_cluster,MAP2K1,MET,0.037585831298668874,1,False,0.642,0.002,2000,2000,20360851
DAVIS,released_full_panel,two_way_centered,butina_cluster,MAP2K1,PLK1,-0.10032485553730791,-1,False,0.8865,0.0,2000,2000,20360851
DAVIS,released_full_panel,two_way_centered,butina_cluster,MAP2K1,PTK2,0.11730879301640368,1,False,0.869,0.0085,2000,2000,20360851
DAVIS,released_full_panel,two_way_centered,butina_cluster,MAP2K1,ROCK1,0.0563912785504206,1,False,0.6955,0.0035,2000,2000,20360851
DAVIS,released_full_panel,two_way_centered,butina_cluster,MAP2K1,SRC,0.0009371089398189529,1,False,0.4765,0.0015,2000,2000,20360851
DAVIS,released_full_panel,two_way_centered,butina_cluster,MAPK1,MAPK14,0.3193061551206494,1,False,0.994,0.2375,2000,2000,20360851
DAVIS,released_full_panel,two_way_centered,butina_cluster,MAPK1,MAPKAPK2,0.7875093737555557,1,True,1.0,0.997,2000,2000,20360851
DAVIS,released_full_panel,two_way_centered,butina_cluster,MAPK1,MET,0.038471290674599874,1,False,0.6525,0.001,2000,2000,20360851
DAVIS,released_full_panel,two_way_centered,butina_cluster,MAPK1,PLK1,0.37954042403035604,1,True,1.0,0.318,2000,2000,20360851
DAVIS,released_full_panel,two_way_centered,butina_cluster,MAPK1,PTK2,0.21388072268246183,1,False,0.965,0.024,2000,2000,20360851
DAVIS,released_full_panel,two_way_centered,butina_cluster,MAPK1,ROCK1,0.17546794822429404,1,False,0.8115,0.128,2000,2000,20360851
DAVIS,released_full_panel,two_way_centered,butina_cluster,MAPK1,SRC,-0.4502255005850474,-1,False,0.999,0.0,2000,2000,20360851
DAVIS,released_full_panel,two_way_centered,butina_cluster,MAPK14,MAPKAPK2,0.27262853082069316,1,False,0.99,0.15,2000,2000,20360851
DAVIS,released_full_panel,two_way_centered,butina_cluster,MAPK14,MET,-0.10018919819049195,-1,False,0.9525,0.0,2000,2000,20360851
DAVIS,released_full_panel,two_way_centered,butina_cluster,MAPK14,PLK1,-0.01596903660525527,-1,False,0.594,0.0,2000,2000,20360851
DAVIS,released_full_panel,two_way_centered,butina_cluster,MAPK14,PTK2,-0.21328179092118368,-1,False,0.9825,0.0,2000,2000,20360851
DAVIS,released_full_panel,two_way_centered,butina_cluster,MAPK14,ROCK1,-0.18278966235001476,-1,False,0.945,0.0,2000,2000,20360851
DAVIS,released_full_panel,two_way_centered,butina_cluster,MAPK14,SRC,0.011859529062031178,1,False,0.5125,0.0005,2000,2000,20360851
DAVIS,released_full_panel,two_way_centered,butina_cluster,MAPKAPK2,MET,0.03446820421926736,1,False,0.6305,0.0025,2000,2000,20360851
DAVIS,released_full_panel,two_way_centered,butina_cluster,MAPKAPK2,PLK1,0.3432641628995896,1,False,0.9995,0.223,2000,2000,20360851
DAVIS,released_full_panel,two_way_centered,butina_cluster,MAPKAPK2,PTK2,-0.005105437791074403,-1,False,0.4845,0.008,2000,2000,20360851
DAVIS,released_full_panel,two_way_centered,butina_cluster,MAPKAPK2,ROCK1,0.28890665805716326,1,False,0.9775,0.147,2000,2000,20360851
DAVIS,released_full_panel,two_way_centered,butina_cluster,MAPKAPK2,SRC,-0.46588673827717497,-1,False,0.9985,0.0,2000,2000,20360851
DAVIS,released_full_panel,two_way_centered,butina_cluster,MET,PLK1,-0.038752493527131435,-1,False,0.6935,0.0,2000,2000,20360851
DAVIS,released_full_panel,two_way_centered,butina_cluster,MET,PTK2,0.200073256817585,1,False,0.973,0.023,2000,2000,20360851
DAVIS,released_full_panel,two_way_centered,butina_cluster,MET,ROCK1,-0.11531588294212901,-1,False,0.896,0.0,2000,2000,20360851
DAVIS,released_full_panel,two_way_centered,butina_cluster,MET,SRC,-0.11764426432397118,-1,False,0.824,0.001,2000,2000,20360851
DAVIS,released_full_panel,two_way_centered,butina_cluster,PLK1,PTK2,0.49971829514898924,1,True,0.9995,0.716,2000,2000,20360851
DAVIS,released_full_panel,two_way_centered,butina_cluster,PLK1,ROCK1,0.28635651655298533,1,False,1.0,0.1455,2000,2000,20360851
DAVIS,released_full_panel,two_way_centered,butina_cluster,PLK1,SRC,-0.25356086667602895,-1,False,0.997,0.0,2000,2000,20360851
DAVIS,released_full_panel,two_way_centered,butina_cluster,PTK2,ROCK1,0.2488097214024771,1,False,0.988,0.0485,2000,2000,20360851
DAVIS,released_full_panel,two_way_centered,butina_cluster,PTK2,SRC,-0.22103237189491795,-1,False,0.906,0.0,2000,2000,20360851
DAVIS,released_full_panel,two_way_centered,butina_cluster,ROCK1,SRC,-0.36780625393808053,-1,False,1.0,0.0,2000,2000,20360851
DAVIS,informative_profiles,two_way_centered,ligand,ABL1,AKT1,-0.41084998480006474,-1,False,1.0,0.0,2000,2000,20360890
DAVIS,informative_profiles,two_way_centered,ligand,ABL1,AKT2,-0.43861716456699457,-1,False,1.0,0.0,2000,2000,20360890
DAVIS,informative_profiles,two_way_centered,ligand,ABL1,CDK2,-0.35488755238487035,-1,False,1.0,0.0,2000,2000,20360890
DAVIS,informative_profiles,two_way_centered,ligand,ABL1,CSF1R,0.31885878143309826,1,False,0.994,0.1985,2000,2000,20360890
DAVIS,informative_profiles,two_way_centered,ligand,ABL1,EGFR,-0.022051196791967265,-1,False,0.6065,0.0,2000,2000,20360890
DAVIS,informative_profiles,two_way_centered,ligand,ABL1,FGFR1,-0.11543512802606508,-1,False,0.77,0.001,2000,2000,20360890
DAVIS,informative_profiles,two_way_centered,ligand,ABL1,IGF1R,-0.36699780601270393,-1,False,0.9995,0.0,2000,2000,20360890
DAVIS,informative_profiles,two_way_centered,ligand,ABL1,JAK2,-0.18826801073628152,-1,False,0.982,0.0,2000,2000,20360890
DAVIS,informative_profiles,two_way_centered,ligand,ABL1,KDR,-0.10711121343183269,-1,False,0.82,0.0,2000,2000,20360890
DAVIS,informative_profiles,two_way_centered,ligand,ABL1,KIT,0.3339030497383326,1,False,0.9995,0.225,2000,2000,20360890
DAVIS,informative_profiles,two_way_centered,ligand,ABL1,LCK,0.7810020821554902,1,True,1.0,0.999,2000,2000,20360890
DAVIS,informative_profiles,two_way_centered,ligand,ABL1,MAP2K1,-0.14078252874279715,-1,False,0.843,0.0005,2000,2000,20360890
DAVIS,informative_profiles,two_way_centered,ligand,ABL1,MAPK1,-0.4393390554578939,-1,False,1.0,0.0,2000,2000,20360890
DAVIS,informative_profiles,two_way_centered,ligand,ABL1,MAPK14,0.06425087655591669,1,False,0.711,0.007,2000,2000,20360890
DAVIS,informative_profiles,two_way_centered,ligand,ABL1,MAPKAPK2,-0.494223603378104,-1,False,1.0,0.0,2000,2000,20360890
DAVIS,informative_profiles,two_way_centered,ligand,ABL1,MET,-0.17519159201039758,-1,False,0.934,0.0,2000,2000,20360890
DAVIS,informative_profiles,two_way_centered,ligand,ABL1,PLK1,-0.37914751979160877,-1,False,1.0,0.0,2000,2000,20360890
DAVIS,informative_profiles,two_way_centered,ligand,ABL1,PTK2,-0.38551772718407534,-1,False,1.0,0.0,2000,2000,20360890
DAVIS,informative_profiles,two_way_centered,ligand,ABL1,ROCK1,-0.39690279099512826,-1,False,1.0,0.0,2000,2000,20360890
DAVIS,informative_profiles,two_way_centered,ligand,ABL1,SRC,0.5987182536629243,1,True,1.0,0.8785,2000,2000,20360890
DAVIS,informative_profiles,two_way_centered,ligand,AKT1,AKT2,0.954595323515823,1,True,1.0,1.0,2000,2000,20360890
DAVIS,informative_profiles,two_way_centered,ligand,AKT1,CDK2,0.34176280981847923,1,False,1.0,0.356,2000,2000,20360890
DAVIS,informative_profiles,two_way_centered,ligand,AKT1,CSF1R,-0.3843264484494472,-1,False,1.0,0.0,2000,2000,20360890
DAVIS,informative_profiles,two_way_centered,ligand,AKT1,EGFR,0.04438608338401031,1,False,0.779,0.0,2000,2000,20360890
DAVIS,informative_profiles,two_way_centered,ligand,AKT1,FGFR1,-0.19031450655344984,-1,False,0.9695,0.0,2000,2000,20360890
DAVIS,informative_profiles,two_way_centered,ligand,AKT1,IGF1R,0.07716959854748578,1,False,0.7545,0.015,2000,2000,20360890
DAVIS,informative_profiles,two_way_centered,ligand,AKT1,JAK2,-0.15429908883302854,-1,False,0.97,0.0,2000,2000,20360890
DAVIS,informative_profiles,two_way_centered,ligand,AKT1,KDR,-0.25247657027785675,-1,False,0.998,0.0,2000,2000,20360890
DAVIS,informative_profiles,two_way_centered,ligand,AKT1,KIT,-0.41956798705087717,-1,False,1.0,0.0,2000,2000,20360890
DAVIS,informative_profiles,two_way_centered,ligand,AKT1,LCK,-0.48607292981243266,-1,False,1.0,0.0,2000,2000,20360890
DAVIS,informative_profiles,two_way_centered,ligand,AKT1,MAP2K1,-0.13793959875924044,-1,False,0.91,0.0,2000,2000,20360890
DAVIS,informative_profiles,two_way_centered,ligand,AKT1,MAPK1,0.4675569407110697,1,True,1.0,0.721,2000,2000,20360890
DAVIS,informative_profiles,two_way_centered,ligand,AKT1,MAPK14,0.11174968837616775,1,False,0.8955,0.0135,2000,2000,20360890
DAVIS,informative_profiles,two_way_centered,ligand,AKT1,MAPKAPK2,0.5667396360708212,1,True,1.0,0.9625,2000,2000,20360890
DAVIS,informative_profiles,two_way_centered,ligand,AKT1,MET,-0.03076924572524842,-1,False,0.638,0.0,2000,2000,20360890
DAVIS,informative_profiles,two_way_centered,ligand,AKT1,PLK1,0.17376332308881248,1,False,0.9915,0.0095,2000,2000,20360890
DAVIS,informative_profiles,two_way_centered,ligand,AKT1,PTK2,-0.027156348926423213,-1,False,0.5405,0.001,2000,2000,20360890
DAVIS,informative_profiles,two_way_centered,ligand,AKT1,ROCK1,0.5419230368841489,1,True,0.999,0.8245,2000,2000,20360890
DAVIS,informative_profiles,two_way_centered,ligand,AKT1,SRC,-0.3653982066022865,-1,False,1.0,0.0,2000,2000,20360890
DAVIS,informative_profiles,two_way_centered,ligand,AKT2,CDK2,0.36140802607729045,1,True,1.0,0.4635,2000,2000,20360890
DAVIS,informative_profiles,two_way_centered,ligand,AKT2,CSF1R,-0.374771587819416,-1,False,1.0,0.0,2000,2000,20360890
DAVIS,informative_profiles,two_way_centered,ligand,AKT2,EGFR,0.048084034418839745,1,False,0.78,0.0,2000,2000,20360890
DAVIS,informative_profiles,two_way_centered,ligand,AKT2,FGFR1,-0.18958518606898142,-1,False,0.9495,0.0,2000,2000,20360890
DAVIS,informative_profiles,two_way_centered,ligand,AKT2,IGF1R,0.06650998670169786,1,False,0.7175,0.0205,2000,2000,20360890
DAVIS,informative_profiles,two_way_centered,ligand,AKT2,JAK2,-0.14597448398428392,-1,False,0.958,0.0,2000,2000,20360890
DAVIS,informative_profiles,two_way_centered,ligand,AKT2,KDR,-0.22569816235220538,-1,False,0.9955,0.0,2000,2000,20360890
DAVIS,informative_profiles,two_way_centered,ligand,AKT2,KIT,-0.4068286707418003,-1,False,1.0,0.0,2000,2000,20360890
DAVIS,informative_profiles,two_way_centered,ligand,AKT2,LCK,-0.5055884317189817,-1,False,1.0,0.0,2000,2000,20360890
DAVIS,informative_profiles,two_way_centered,ligand,AKT2,MAP2K1,-0.11477433961555428,-1,False,0.859,0.0,2000,2000,20360890
DAVIS,informative_profiles,two_way_centered,ligand,AKT2,MAPK1,0.48151633791488524,1,True,1.0,0.7815,2000,2000,20360890
DAVIS,informative_profiles,two_way_centered,ligand,AKT2,MAPK14,0.11563358499592666,1,False,0.8995,0.0135,2000,2000,20360890
DAVIS,informative_profiles,two_way_centered,ligand,AKT2,MAPKAPK2,0.6024053052947506,1,True,1.0,0.984,2000,2000,20360890
DAVIS,informative_profiles,two_way_centered,ligand,AKT2,MET,-0.03373659087447817,-1,False,0.64,0.0,2000,2000,20360890
DAVIS,informative_profiles,two_way_centered,ligand,AKT2,PLK1,0.1832309155718858,1,False,0.991,0.02,2000,2000,20360890
DAVIS,informative_profiles,two_way_centered,ligand,AKT2,PTK2,-0.028001888713524593,-1,False,0.536,0.0055,2000,2000,20360890
DAVIS,informative_profiles,two_way_centered,ligand,AKT2,ROCK1,0.4656532585920026,1,True,0.9995,0.7195,2000,2000,20360890
DAVIS,informative_profiles,two_way_centered,ligand,AKT2,SRC,-0.3971004162267823,-1,False,1.0,0.0,2000,2000,20360890
DAVIS,informative_profiles,two_way_centered,ligand,CDK2,CSF1R,-0.3410959836319144,-1,False,1.0,0.0,2000,2000,20360890
DAVIS,informative_profiles,two_way_centered,ligand,CDK2,EGFR,-0.007862580099367895,-1,False,0.514,0.0,2000,2000,20360890
DAVIS,informative_profiles,two_way_centered,ligand,CDK2,FGFR1,-0.09094729291993704,-1,False,0.838,0.0,2000,2000,20360890
DAVIS,informative_profiles,two_way_centered,ligand,CDK2,IGF1R,0.08925212837228717,1,False,0.808,0.002,2000,2000,20360890
DAVIS,informative_profiles,two_way_centered,ligand,CDK2,JAK2,-0.06729098059370084,-1,False,0.7815,0.0,2000,2000,20360890
DAVIS,informative_profiles,two_way_centered,ligand,CDK2,KDR,-0.2010274521112394,-1,False,0.9955,0.0,2000,2000,20360890
DAVIS,informative_profiles,two_way_centered,ligand,CDK2,KIT,-0.3913989564253897,-1,False,1.0,0.0,2000,2000,20360890
DAVIS,informative_profiles,two_way_centered,ligand,CDK2,LCK,-0.4326610450113241,-1,False,1.0,0.0,2000,2000,20360890
DAVIS,informative_profiles,two_way_centered,ligand,CDK2,MAP2K1,0.003959828352505936,1,False,0.505,0.0025,2000,2000,20360890
DAVIS,informative_profiles,two_way_centered,ligand,CDK2,MAPK1,0.34584921036277283,1,False,0.986,0.3535,2000,2000,20360890
DAVIS,informative_profiles,two_way_centered,ligand,CDK2,MAPK14,0.06962746305218227,1,False,0.8015,0.0025,2000,2000,20360890
DAVIS,informative_profiles,two_way_centered,ligand,CDK2,MAPKAPK2,0.5692220909290645,1,True,1.0,0.98,2000,2000,20360890
DAVIS,informative_profiles,two_way_centered,ligand,CDK2,MET,-0.038438466128627745,-1,False,0.6965,0.0,2000,2000,20360890
DAVIS,informative_profiles,two_way_centered,ligand,CDK2,PLK1,0.15991910943595908,1,False,0.9985,0.008,2000,2000,20360890
DAVIS,informative_profiles,two_way_centered,ligand,CDK2,PTK2,0.014232234772517116,1,False,0.5645,0.0,2000,2000,20360890
DAVIS,informative_profiles,two_way_centered,ligand,CDK2,ROCK1,0.3757818611064159,1,True,1.0,0.393,2000,2000,20360890
DAVIS,informative_profiles,two_way_centered,ligand,CDK2,SRC,-0.32880190394161357,-1,False,1.0,0.0,2000,2000,20360890
DAVIS,informative_profiles,two_way_centered,ligand,CSF1R,EGFR,-0.35159287021266483,-1,False,1.0,0.0,2000,2000,20360890
DAVIS,informative_profiles,two_way_centered,ligand,CSF1R,FGFR1,-0.07461450630065392,-1,False,0.7535,0.0,2000,2000,20360890
DAVIS,informative_profiles,two_way_centered,ligand,CSF1R,IGF1R,-0.3248281663677408,-1,False,1.0,0.0,2000,2000,20360890
DAVIS,informative_profiles,two_way_centered,ligand,CSF1R,JAK2,-0.20296920502005789,-1,False,0.9695,0.0,2000,2000,20360890
DAVIS,informative_profiles,two_way_centered,ligand,CSF1R,KDR,0.48784935040303473,1,True,1.0,0.718,2000,2000,20360890
DAVIS,informative_profiles,two_way_centered,ligand,CSF1R,KIT,0.8159858287460615,1,True,1.0,1.0,2000,2000,20360890
DAVIS,informative_profiles,two_way_centered,ligand,CSF1R,LCK,0.20926850394784452,1,False,0.945,0.0365,2000,2000,20360890
DAVIS,informative_profiles,two_way_centered,ligand,CSF1R,MAP2K1,-0.14235233814322662,-1,False,0.922,0.0,2000,2000,20360890
DAVIS,informative_profiles,two_way_centered,ligand,CSF1R,MAPK1,-0.4178260315692061,-1,False,1.0,0.0,2000,2000,20360890
DAVIS,informative_profiles,two_way_centered,ligand,CSF1R,MAPK14,-0.12209845189737187,-1,False,0.8825,0.0,2000,2000,20360890
DAVIS,informative_profiles,two_way_centered,ligand,CSF1R,MAPKAPK2,-0.45070829279764524,-1,False,1.0,0.0,2000,2000,20360890
DAVIS,informative_profiles,two_way_centered,ligand,CSF1R,MET,-0.10382620054028117,-1,False,0.8575,0.0,2000,2000,20360890
DAVIS,informative_profiles,two_way_centered,ligand,CSF1R,PLK1,-0.4149039477470404,-1,False,1.0,0.0,2000,2000,20360890
DAVIS,informative_profiles,two_way_centered,ligand,CSF1R,PTK2,-0.32341979002763543,-1,False,0.9995,0.0,2000,2000,20360890
DAVIS,informative_profiles,two_way_centered,ligand,CSF1R,ROCK1,-0.38310375476343034,-1,False,1.0,0.0,2000,2000,20360890
DAVIS,informative_profiles,two_way_centered,ligand,CSF1R,SRC,0.03150655166065958,1,False,0.5635,0.001,2000,2000,20360890
DAVIS,informative_profiles,two_way_centered,ligand,EGFR,FGFR1,-0.22042040782471595,-1,False,0.99,0.0,2000,2000,20360890
DAVIS,informative_profiles,two_way_centered,ligand,EGFR,IGF1R,-0.07274841166924696,-1,False,0.8795,0.0,2000,2000,20360890
DAVIS,informative_profiles,two_way_centered,ligand,EGFR,JAK2,-0.2537087771118033,-1,False,1.0,0.0,2000,2000,20360890
DAVIS,informative_profiles,two_way_centered,ligand,EGFR,KDR,-0.31290760045305827,-1,False,1.0,0.0,2000,2000,20360890
DAVIS,informative_profiles,two_way_centered,ligand,EGFR,KIT,-0.3515904554124953,-1,False,0.999,0.0,2000,2000,20360890
DAVIS,informative_profiles,two_way_centered,ligand,EGFR,LCK,0.15114595696500654,1,False,0.928,0.005,2000,2000,20360890
DAVIS,informative_profiles,two_way_centered,ligand,EGFR,MAP2K1,0.00644219968475254,1,False,0.478,0.005,2000,2000,20360890
DAVIS,informative_profiles,two_way_centered,ligand,EGFR,MAPK1,0.20680192289641788,1,False,0.9985,0.001,2000,2000,20360890
DAVIS,informative_profiles,two_way_centered,ligand,EGFR,MAPK14,0.07582234966901097,1,False,0.873,0.001,2000,2000,20360890
DAVIS,informative_profiles,two_way_centered,ligand,EGFR,MAPKAPK2,0.15674591180735764,1,False,0.9815,0.0,2000,2000,20360890
DAVIS,informative_profiles,two_way_centered,ligand,EGFR,MET,-0.08562841279566231,-1,False,0.914,0.0,2000,2000,20360890
DAVIS,informative_profiles,two_way_centered,ligand,EGFR,PLK1,0.02375146789502906,1,False,0.705,0.0,2000,2000,20360890
DAVIS,informative_profiles,two_way_centered,ligand,EGFR,PTK2,-0.036774399498826014,-1,False,0.717,0.0,2000,2000,20360890
DAVIS,informative_profiles,two_way_centered,ligand,EGFR,ROCK1,-0.11092695225132164,-1,False,0.9425,0.0,2000,2000,20360890
DAVIS,informative_profiles,two_way_centered,ligand,EGFR,SRC,0.17887953732704726,1,False,0.9875,0.0125,2000,2000,20360890
DAVIS,informative_profiles,two_way_centered,ligand,FGFR1,IGF1R,0.04791075120345008,1,False,0.6125,0.0165,2000,2000,20360890
DAVIS,informative_profiles,two_way_centered,ligand,FGFR1,JAK2,0.19833963628206,1,False,0.9335,0.0995,2000,2000,20360890
DAVIS,informative_profiles,two_way_centered,ligand,FGFR1,KDR,0.4119751031046238,1,True,0.9985,0.473,2000,2000,20360890
DAVIS,informative_profiles,two_way_centered,ligand,FGFR1,KIT,0.16048823995231523,1,False,0.9055,0.019,2000,2000,20360890
DAVIS,informative_profiles,two_way_centered,ligand,FGFR1,LCK,-0.07288625918662167,-1,False,0.6715,0.0015,2000,2000,20360890
DAVIS,informative_profiles,two_way_centered,ligand,FGFR1,MAP2K1,-0.04637392196872414,-1,False,0.6335,0.0015,2000,2000,20360890
DAVIS,informative_profiles,two_way_centered,ligand,FGFR1,MAPK1,-0.1478265620929119,-1,False,0.871,0.0,2000,2000,20360890
DAVIS,informative_profiles,two_way_centered,ligand,FGFR1,MAPK14,-0.18125844287464454,-1,False,0.9675,0.0,2000,2000,20360890
DAVIS,informative_profiles,two_way_centered,ligand,FGFR1,MAPKAPK2,-0.1949013359556524,-1,False,0.912,0.0,2000,2000,20360890
DAVIS,informative_profiles,two_way_centered,ligand,FGFR1,MET,-0.08049662912784109,-1,False,0.766,0.0,2000,2000,20360890
DAVIS,informative_profiles,two_way_centered,ligand,FGFR1,PLK1,-0.10233068301192771,-1,False,0.864,0.0,2000,2000,20360890
DAVIS,informative_profiles,two_way_centered,ligand,FGFR1,PTK2,-0.016184840732773702,-1,False,0.5635,0.0045,2000,2000,20360890
DAVIS,informative_profiles,two_way_centered,ligand,FGFR1,ROCK1,-0.04486779102397258,-1,False,0.654,0.0,2000,2000,20360890
DAVIS,informative_profiles,two_way_centered,ligand,FGFR1,SRC,0.08666316816288672,1,False,0.6885,0.1,2000,2000,20360890
DAVIS,informative_profiles,two_way_centered,ligand,IGF1R,JAK2,0.1012772102575702,1,False,0.882,0.0025,2000,2000,20360890
DAVIS,informative_profiles,two_way_centered,ligand,IGF1R,KDR,-0.17439561611955684,-1,False,0.946,0.0,2000,2000,20360890
DAVIS,informative_profiles,two_way_centered,ligand,IGF1R,KIT,-0.3732373404336015,-1,False,1.0,0.0,2000,2000,20360890
DAVIS,informative_profiles,two_way_centered,ligand,IGF1R,LCK,-0.3106954222630497,-1,False,0.984,0.0,2000,2000,20360890
DAVIS,informative_profiles,two_way_centered,ligand,IGF1R,MAP2K1,-0.009461220820641514,-1,False,0.5305,0.0,2000,2000,20360890
DAVIS,informative_profiles,two_way_centered,ligand,IGF1R,MAPK1,0.36124600336683665,1,False,1.0,0.366,2000,2000,20360890
DAVIS,informative_profiles,two_way_centered,ligand,IGF1R,MAPK14,-0.10204021867320628,-1,False,0.8135,0.0005,2000,2000,20360890
DAVIS,informative_profiles,two_way_centered,ligand,IGF1R,MAPKAPK2,0.12280025518659662,1,False,0.76,0.09,2000,2000,20360890
DAVIS,informative_profiles,two_way_centered,ligand,IGF1R,MET,0.1776386733173252,1,False,0.987,0.0405,2000,2000,20360890
DAVIS,informative_profiles,two_way_centered,ligand,IGF1R,PLK1,0.339384013697379,1,False,0.9935,0.2905,2000,2000,20360890
DAVIS,informative_profiles,two_way_centered,ligand,IGF1R,PTK2,0.6961431111113454,1,True,1.0,0.9645,2000,2000,20360890
DAVIS,informative_profiles,two_way_centered,ligand,IGF1R,ROCK1,0.1428187270172458,1,False,0.898,0.0165,2000,2000,20360890
DAVIS,informative_profiles,two_way_centered,ligand,IGF1R,SRC,-0.328391764698553,-1,False,0.9905,0.0,2000,2000,20360890
DAVIS,informative_profiles,two_way_centered,ligand,JAK2,KDR,-0.17112980732595873,-1,False,0.9645,0.0,2000,2000,20360890
DAVIS,informative_profiles,two_way_centered,ligand,JAK2,KIT,-0.1897515079562586,-1,False,0.9665,0.0,2000,2000,20360890
DAVIS,informative_profiles,two_way_centered,ligand,JAK2,LCK,-0.008331493491797787,-1,False,0.5035,0.0005,2000,2000,20360890
DAVIS,informative_profiles,two_way_centered,ligand,JAK2,MAP2K1,0.18559279852409408,1,False,0.9435,0.0515,2000,2000,20360890
DAVIS,informative_profiles,two_way_centered,ligand,JAK2,MAPK1,-0.21594446669573533,-1,False,0.9855,0.0,2000,2000,20360890
DAVIS,informative_profiles,two_way_centered,ligand,JAK2,MAPK14,-0.27789490003661643,-1,False,1.0,0.0,2000,2000,20360890
DAVIS,informative_profiles,two_way_centered,ligand,JAK2,MAPKAPK2,-0.1442986395336986,-1,False,0.902,0.0,2000,2000,20360890
DAVIS,informative_profiles,two_way_centered,ligand,JAK2,MET,0.01576377454649429,1,False,0.5615,0.0,2000,2000,20360890
DAVIS,informative_profiles,two_way_centered,ligand,JAK2,PLK1,0.09315377917245579,1,False,0.7725,0.032,2000,2000,20360890
DAVIS,informative_profiles,two_way_centered,ligand,JAK2,PTK2,0.17131600535361297,1,False,0.9265,0.0405,2000,2000,20360890
DAVIS,informative_profiles,two_way_centered,ligand,JAK2,ROCK1,0.357216428939612,1,False,0.987,0.332,2000,2000,20360890
DAVIS,informative_profiles,two_way_centered,ligand,JAK2,SRC,0.006002332530700729,1,False,0.521,0.003,2000,2000,20360890
DAVIS,informative_profiles,two_way_centered,ligand,KDR,KIT,0.7122645169307547,1,True,1.0,0.9945,2000,2000,20360890
DAVIS,informative_profiles,two_way_centered,ligand,KDR,LCK,-0.19968697782791128,-1,False,0.9435,0.0,2000,2000,20360890
DAVIS,informative_profiles,two_way_centered,ligand,KDR,MAP2K1,0.006479532973329357,1,False,0.4985,0.0025,2000,2000,20360890
DAVIS,informative_profiles,two_way_centered,ligand,KDR,MAPK1,-0.2441262611176297,-1,False,0.9865,0.0,2000,2000,20360890
DAVIS,informative_profiles,two_way_centered,ligand,KDR,MAPK14,-0.2026951120911391,-1,False,0.9925,0.0,2000,2000,20360890
DAVIS,informative_profiles,two_way_centered,ligand,KDR,MAPKAPK2,-0.23860027325351113,-1,False,0.9805,0.0,2000,2000,20360890
DAVIS,informative_profiles,two_way_centered,ligand,KDR,MET,-0.06554372723936444,-1,False,0.7165,0.0015,2000,2000,20360890
DAVIS,informative_profiles,two_way_centered,ligand,KDR,PLK1,-0.30081587112270214,-1,False,1.0,0.0,2000,2000,20360890
DAVIS,informative_profiles,two_way_centered,ligand,KDR,PTK2,-0.23489268665374458,-1,False,0.976,0.0,2000,2000,20360890
DAVIS,informative_profiles,two_way_centered,ligand,KDR,ROCK1,-0.2563089134922635,-1,False,0.997,0.0,2000,2000,20360890
DAVIS,informative_profiles,two_way_centered,ligand,KDR,SRC,-0.2565881976768673,-1,False,0.9805,0.0,2000,2000,20360890
DAVIS,informative_profiles,two_way_centered,ligand,KIT,LCK,0.2025791591474424,1,False,0.9485,0.032,2000,2000,20360890
DAVIS,informative_profiles,two_way_centered,ligand,KIT,MAP2K1,-0.13744333228717415,-1,False,0.8855,0.0,2000,2000,20360890
DAVIS,informative_profiles,two_way_centered,ligand,KIT,MAPK1,-0.4656377004846095,-1,False,1.0,0.0,2000,2000,20360890
DAVIS,informative_profiles,two_way_centered,ligand,KIT,MAPK14,-0.13444048773495035,-1,False,0.92,0.0,2000,2000,20360890
DAVIS,informative_profiles,two_way_centered,ligand,KIT,MAPKAPK2,-0.490467959465076,-1,False,1.0,0.0,2000,2000,20360890
DAVIS,informative_profiles,two_way_centered,ligand,KIT,MET,-0.23343630855709052,-1,False,0.984,0.0,2000,2000,20360890
DAVIS,informative_profiles,two_way_centered,ligand,KIT,PLK1,-0.44154947356992713,-1,False,1.0,0.0,2000,2000,20360890
DAVIS,informative_profiles,two_way_centered,ligand,KIT,PTK2,-0.4080554074403288,-1,False,1.0,0.0,2000,2000,20360890
DAVIS,informative_profiles,two_way_centered,ligand,KIT,ROCK1,-0.4334047891270117,-1,False,1.0,0.0,2000,2000,20360890
DAVIS,informative_profiles,two_way_centered,ligand,KIT,SRC,0.03112904110488959,1,False,0.6015,0.0005,2000,2000,20360890
DAVIS,informative_profiles,two_way_centered,ligand,LCK,MAP2K1,0.013887851131005133,1,False,0.5245,0.0025,2000,2000,20360890
DAVIS,informative_profiles,two_way_centered,ligand,LCK,MAPK1,-0.5385937448766893,-1,False,1.0,0.0,2000,2000,20360890
DAVIS,informative_profiles,two_way_centered,ligand,LCK,MAPK14,-0.023681492516926902,-1,False,0.5975,0.0,2000,2000,20360890
DAVIS,informative_profiles,two_way_centered,ligand,LCK,MAPKAPK2,-0.5971328021854643,-1,False,1.0,0.0,2000,2000,20360890
DAVIS,informative_profiles,two_way_centered,ligand,LCK,MET,-0.0636013594352665,-1,False,0.675,0.0005,2000,2000,20360890
DAVIS,informative_profiles,two_way_centered,ligand,LCK,PLK1,-0.4337340958256044,-1,False,1.0,0.0,2000,2000,20360890
DAVIS,informative_profiles,two_way_centered,ligand,LCK,PTK2,-0.23999578581597233,-1,False,0.957,0.0,2000,2000,20360890
DAVIS,informative_profiles,two_way_centered,ligand,LCK,ROCK1,-0.4845171621860033,-1,False,1.0,0.0,2000,2000,20360890
DAVIS,informative_profiles,two_way_centered,ligand,LCK,SRC,0.7452591227120602,1,True,1.0,0.999,2000,2000,20360890
DAVIS,informative_profiles,two_way_centered,ligand,MAP2K1,MAPK1,-0.21217132641252712,-1,False,0.942,0.0,2000,2000,20360890
DAVIS,informative_profiles,two_way_centered,ligand,MAP2K1,MAPK14,-0.2575494961333139,-1,False,0.9985,0.0,2000,2000,20360890
DAVIS,informative_profiles,two_way_centered,ligand,MAP2K1,MAPKAPK2,-0.017801822018355045,-1,False,0.5495,0.001,2000,2000,20360890
DAVIS,informative_profiles,two_way_centered,ligand,MAP2K1,MET,0.03763167460318989,1,False,0.6545,0.0,2000,2000,20360890
DAVIS,informative_profiles,two_way_centered,ligand,MAP2K1,PLK1,-0.09971138752139941,-1,False,0.882,0.0,2000,2000,20360890
DAVIS,informative_profiles,two_way_centered,ligand,MAP2K1,PTK2,0.11925439551335715,1,False,0.865,0.008,2000,2000,20360890
DAVIS,informative_profiles,two_way_centered,ligand,MAP2K1,ROCK1,0.057494197147388515,1,False,0.6975,0.001,2000,2000,20360890
DAVIS,informative_profiles,two_way_centered,ligand,MAP2K1,SRC,0.00038299914337923277,1,False,0.48,0.0015,2000,2000,20360890
DAVIS,informative_profiles,two_way_centered,ligand,MAPK1,MAPK14,0.3125133429323822,1,False,0.9915,0.243,2000,2000,20360890
DAVIS,informative_profiles,two_way_centered,ligand,MAPK1,MAPKAPK2,0.7596347883665611,1,True,1.0,0.996,2000,2000,20360890
DAVIS,informative_profiles,two_way_centered,ligand,MAPK1,MET,0.03966123565609813,1,False,0.628,0.0005,2000,2000,20360890
DAVIS,informative_profiles,two_way_centered,ligand,MAPK1,PLK1,0.3787864829974182,1,True,1.0,0.368,2000,2000,20360890
DAVIS,informative_profiles,two_way_centered,ligand,MAPK1,PTK2,0.19059441179377307,1,False,0.932,0.0125,2000,2000,20360890
DAVIS,informative_profiles,two_way_centered,ligand,MAPK1,ROCK1,0.1595170270610782,1,False,0.7835,0.1285,2000,2000,20360890
DAVIS,informative_profiles,two_way_centered,ligand,MAPK1,SRC,-0.46302925821620555,-1,False,1.0,0.0,2000,2000,20360890
DAVIS,informative_profiles,two_way_centered,ligand,MAPK14,MAPKAPK2,0.2626751149415431,1,False,0.9845,0.15,2000,2000,20360890
DAVIS,informative_profiles,two_way_centered,ligand,MAPK14,MET,-0.10076323086167713,-1,False,0.9495,0.0,2000,2000,20360890
DAVIS,informative_profiles,two_way_centered,ligand,MAPK14,PLK1,-0.02163055773605758,-1,False,0.6335,0.0,2000,2000,20360890
DAVIS,informative_profiles,two_way_centered,ligand,MAPK14,PTK2,-0.22328165502799754,-1,False,0.988,0.0,2000,2000,20360890
DAVIS,informative_profiles,two_way_centered,ligand,MAPK14,ROCK1,-0.18980194047641552,-1,False,0.9575,0.0,2000,2000,20360890
DAVIS,informative_profiles,two_way_centered,ligand,MAPK14,SRC,0.015428169705432584,1,False,0.528,0.0015,2000,2000,20360890
DAVIS,informative_profiles,two_way_centered,ligand,MAPKAPK2,MET,0.035387028979337876,1,False,0.6085,0.0015,2000,2000,20360890
DAVIS,informative_profiles,two_way_centered,ligand,MAPKAPK2,PLK1,0.34000882290294143,1,False,0.999,0.251,2000,2000,20360890
DAVIS,informative_profiles,two_way_centered,ligand,MAPKAPK2,PTK2,-0.04346980496155346,-1,False,0.5525,0.004,2000,2000,20360890
DAVIS,informative_profiles,two_way_centered,ligand,MAPKAPK2,ROCK1,0.28051240489223556,1,False,0.9685,0.1685,2000,2000,20360890
DAVIS,informative_profiles,two_way_centered,ligand,MAPKAPK2,SRC,-0.47949703420272893,-1,False,0.9995,0.0,2000,2000,20360890
DAVIS,informative_profiles,two_way_centered,ligand,MET,PLK1,-0.03910268422272968,-1,False,0.713,0.0005,2000,2000,20360890
DAVIS,informative_profiles,two_way_centered,ligand,MET,PTK2,0.20081143123627418,1,False,0.9775,0.0225,2000,2000,20360890
DAVIS,informative_profiles,two_way_centered,ligand,MET,ROCK1,-0.11591815924809276,-1,False,0.9045,0.0,2000,2000,20360890
DAVIS,informative_profiles,two_way_centered,ligand,MET,SRC,-0.11760743210471479,-1,False,0.8225,0.0,2000,2000,20360890
DAVIS,informative_profiles,two_way_centered,ligand,PLK1,PTK2,0.4962220184414946,1,True,0.999,0.707,2000,2000,20360890
DAVIS,informative_profiles,two_way_centered,ligand,PLK1,ROCK1,0.28245523898099945,1,False,1.0,0.166,2000,2000,20360890
DAVIS,informative_profiles,two_way_centered,ligand,PLK1,SRC,-0.25122377966175874,-1,False,0.998,0.0,2000,2000,20360890
DAVIS,informative_profiles,two_way_centered,ligand,PTK2,ROCK1,0.24288291229687822,1,False,0.992,0.046,2000,2000,20360890
DAVIS,informative_profiles,two_way_centered,ligand,PTK2,SRC,-0.2177133581516378,-1,False,0.9085,0.0005,2000,2000,20360890
DAVIS,informative_profiles,two_way_centered,ligand,ROCK1,SRC,-0.3657968964578061,-1,False,1.0,0.0,2000,2000,20360890
DAVIS,informative_profiles,two_way_centered,butina_cluster,ABL1,AKT1,-0.41084998480006474,-1,False,1.0,0.0,2000,2000,20360891
DAVIS,informative_profiles,two_way_centered,butina_cluster,ABL1,AKT2,-0.43861716456699457,-1,False,1.0,0.0,2000,2000,20360891
DAVIS,informative_profiles,two_way_centered,butina_cluster,ABL1,CDK2,-0.35488755238487035,-1,False,1.0,0.0,2000,2000,20360891
DAVIS,informative_profiles,two_way_centered,butina_cluster,ABL1,CSF1R,0.31885878143309826,1,False,0.9935,0.2195,2000,2000,20360891
DAVIS,informative_profiles,two_way_centered,butina_cluster,ABL1,EGFR,-0.022051196791967265,-1,False,0.608,0.0,2000,2000,20360891
DAVIS,informative_profiles,two_way_centered,butina_cluster,ABL1,FGFR1,-0.11543512802606508,-1,False,0.725,0.0025,2000,2000,20360891
DAVIS,informative_profiles,two_way_centered,butina_cluster,ABL1,IGF1R,-0.36699780601270393,-1,False,0.999,0.0,2000,2000,20360891
DAVIS,informative_profiles,two_way_centered,butina_cluster,ABL1,JAK2,-0.18826801073628152,-1,False,0.975,0.0,2000,2000,20360891
DAVIS,informative_profiles,two_way_centered,butina_cluster,ABL1,KDR,-0.10711121343183269,-1,False,0.7985,0.0005,2000,2000,20360891
DAVIS,informative_profiles,two_way_centered,butina_cluster,ABL1,KIT,0.3339030497383326,1,False,0.9985,0.2385,2000,2000,20360891
DAVIS,informative_profiles,two_way_centered,butina_cluster,ABL1,LCK,0.7810020821554902,1,True,1.0,0.999,2000,2000,20360891
DAVIS,informative_profiles,two_way_centered,butina_cluster,ABL1,MAP2K1,-0.14078252874279715,-1,False,0.8365,0.0,2000,2000,20360891
DAVIS,informative_profiles,two_way_centered,butina_cluster,ABL1,MAPK1,-0.4393390554578939,-1,False,1.0,0.0,2000,2000,20360891
DAVIS,informative_profiles,two_way_centered,butina_cluster,ABL1,MAPK14,0.06425087655591669,1,False,0.7,0.0035,2000,2000,20360891
DAVIS,informative_profiles,two_way_centered,butina_cluster,ABL1,MAPKAPK2,-0.494223603378104,-1,False,1.0,0.0,2000,2000,20360891
DAVIS,informative_profiles,two_way_centered,butina_cluster,ABL1,MET,-0.17519159201039758,-1,False,0.9455,0.0,2000,2000,20360891
DAVIS,informative_profiles,two_way_centered,butina_cluster,ABL1,PLK1,-0.37914751979160877,-1,False,1.0,0.0,2000,2000,20360891
DAVIS,informative_profiles,two_way_centered,butina_cluster,ABL1,PTK2,-0.38551772718407534,-1,False,1.0,0.0,2000,2000,20360891
DAVIS,informative_profiles,two_way_centered,butina_cluster,ABL1,ROCK1,-0.39690279099512826,-1,False,1.0,0.0,2000,2000,20360891
DAVIS,informative_profiles,two_way_centered,butina_cluster,ABL1,SRC,0.5987182536629243,1,True,1.0,0.8745,2000,2000,20360891
DAVIS,informative_profiles,two_way_centered,butina_cluster,AKT1,AKT2,0.954595323515823,1,True,1.0,1.0,2000,2000,20360891
DAVIS,informative_profiles,two_way_centered,butina_cluster,AKT1,CDK2,0.34176280981847923,1,False,1.0,0.341,2000,2000,20360891
DAVIS,informative_profiles,two_way_centered,butina_cluster,AKT1,CSF1R,-0.3843264484494472,-1,False,1.0,0.0,2000,2000,20360891
DAVIS,informative_profiles,two_way_centered,butina_cluster,AKT1,EGFR,0.04438608338401031,1,False,0.7725,0.0,2000,2000,20360891
DAVIS,informative_profiles,two_way_centered,butina_cluster,AKT1,FGFR1,-0.19031450655344984,-1,False,0.9655,0.0,2000,2000,20360891
DAVIS,informative_profiles,two_way_centered,butina_cluster,AKT1,IGF1R,0.07716959854748578,1,False,0.746,0.0125,2000,2000,20360891
DAVIS,informative_profiles,two_way_centered,butina_cluster,AKT1,JAK2,-0.15429908883302854,-1,False,0.956,0.0,2000,2000,20360891
DAVIS,informative_profiles,two_way_centered,butina_cluster,AKT1,KDR,-0.25247657027785675,-1,False,0.999,0.0,2000,2000,20360891
DAVIS,informative_profiles,two_way_centered,butina_cluster,AKT1,KIT,-0.41956798705087717,-1,False,1.0,0.0,2000,2000,20360891
DAVIS,informative_profiles,two_way_centered,butina_cluster,AKT1,LCK,-0.48607292981243266,-1,False,1.0,0.0,2000,2000,20360891
DAVIS,informative_profiles,two_way_centered,butina_cluster,AKT1,MAP2K1,-0.13793959875924044,-1,False,0.9175,0.0,2000,2000,20360891
DAVIS,informative_profiles,two_way_centered,butina_cluster,AKT1,MAPK1,0.4675569407110697,1,True,0.9995,0.7085,2000,2000,20360891
DAVIS,informative_profiles,two_way_centered,butina_cluster,AKT1,MAPK14,0.11174968837616775,1,False,0.8875,0.0095,2000,2000,20360891
DAVIS,informative_profiles,two_way_centered,butina_cluster,AKT1,MAPKAPK2,0.5667396360708212,1,True,1.0,0.964,2000,2000,20360891
DAVIS,informative_profiles,two_way_centered,butina_cluster,AKT1,MET,-0.03076924572524842,-1,False,0.646,0.0,2000,2000,20360891
DAVIS,informative_profiles,two_way_centered,butina_cluster,AKT1,PLK1,0.17376332308881248,1,False,0.986,0.0095,2000,2000,20360891
DAVIS,informative_profiles,two_way_centered,butina_cluster,AKT1,PTK2,-0.027156348926423213,-1,False,0.555,0.001,2000,2000,20360891
DAVIS,informative_profiles,two_way_centered,butina_cluster,AKT1,ROCK1,0.5419230368841489,1,True,0.999,0.843,2000,2000,20360891
DAVIS,informative_profiles,two_way_centered,butina_cluster,AKT1,SRC,-0.3653982066022865,-1,False,0.9995,0.0,2000,2000,20360891
DAVIS,informative_profiles,two_way_centered,butina_cluster,AKT2,CDK2,0.36140802607729045,1,True,1.0,0.452,2000,2000,20360891
DAVIS,informative_profiles,two_way_centered,butina_cluster,AKT2,CSF1R,-0.374771587819416,-1,False,1.0,0.0,2000,2000,20360891
DAVIS,informative_profiles,two_way_centered,butina_cluster,AKT2,EGFR,0.048084034418839745,1,False,0.793,0.0,2000,2000,20360891
DAVIS,informative_profiles,two_way_centered,butina_cluster,AKT2,FGFR1,-0.18958518606898142,-1,False,0.954,0.0,2000,2000,20360891
DAVIS,informative_profiles,two_way_centered,butina_cluster,AKT2,IGF1R,0.06650998670169786,1,False,0.705,0.021,2000,2000,20360891
DAVIS,informative_profiles,two_way_centered,butina_cluster,AKT2,JAK2,-0.14597448398428392,-1,False,0.941,0.0,2000,2000,20360891
DAVIS,informative_profiles,two_way_centered,butina_cluster,AKT2,KDR,-0.22569816235220538,-1,False,0.995,0.0,2000,2000,20360891
DAVIS,informative_profiles,two_way_centered,butina_cluster,AKT2,KIT,-0.4068286707418003,-1,False,1.0,0.0,2000,2000,20360891
DAVIS,informative_profiles,two_way_centered,butina_cluster,AKT2,LCK,-0.5055884317189817,-1,False,1.0,0.0,2000,2000,20360891
DAVIS,informative_profiles,two_way_centered,butina_cluster,AKT2,MAP2K1,-0.11477433961555428,-1,False,0.858,0.0,2000,2000,20360891
DAVIS,informative_profiles,two_way_centered,butina_cluster,AKT2,MAPK1,0.48151633791488524,1,True,1.0,0.763,2000,2000,20360891
DAVIS,informative_profiles,two_way_centered,butina_cluster,AKT2,MAPK14,0.11563358499592666,1,False,0.9045,0.0165,2000,2000,20360891
DAVIS,informative_profiles,two_way_centered,butina_cluster,AKT2,MAPKAPK2,0.6024053052947506,1,True,1.0,0.987,2000,2000,20360891
DAVIS,informative_profiles,two_way_centered,butina_cluster,AKT2,MET,-0.03373659087447817,-1,False,0.657,0.0,2000,2000,20360891
DAVIS,informative_profiles,two_way_centered,butina_cluster,AKT2,PLK1,0.1832309155718858,1,False,0.988,0.016,2000,2000,20360891
DAVIS,informative_profiles,two_way_centered,butina_cluster,AKT2,PTK2,-0.028001888713524593,-1,False,0.5485,0.0025,2000,2000,20360891
DAVIS,informative_profiles,two_way_centered,butina_cluster,AKT2,ROCK1,0.4656532585920026,1,True,0.9995,0.751,2000,2000,20360891
DAVIS,informative_profiles,two_way_centered,butina_cluster,AKT2,SRC,-0.3971004162267823,-1,False,0.9995,0.0,2000,2000,20360891
DAVIS,informative_profiles,two_way_centered,butina_cluster,CDK2,CSF1R,-0.3410959836319144,-1,False,1.0,0.0,2000,2000,20360891
DAVIS,informative_profiles,two_way_centered,butina_cluster,CDK2,EGFR,-0.007862580099367895,-1,False,0.5195,0.0,2000,2000,20360891
DAVIS,informative_profiles,two_way_centered,butina_cluster,CDK2,FGFR1,-0.09094729291993704,-1,False,0.8455,0.0,2000,2000,20360891
DAVIS,informative_profiles,two_way_centered,butina_cluster,CDK2,IGF1R,0.08925212837228717,1,False,0.8325,0.0025,2000,2000,20360891
DAVIS,informative_profiles,two_way_centered,butina_cluster,CDK2,JAK2,-0.06729098059370084,-1,False,0.8125,0.0,2000,2000,20360891
DAVIS,informative_profiles,two_way_centered,butina_cluster,CDK2,KDR,-0.2010274521112394,-1,False,0.9955,0.0,2000,2000,20360891
DAVIS,informative_profiles,two_way_centered,butina_cluster,CDK2,KIT,-0.3913989564253897,-1,False,1.0,0.0,2000,2000,20360891
DAVIS,informative_profiles,two_way_centered,butina_cluster,CDK2,LCK,-0.4326610450113241,-1,False,1.0,0.0,2000,2000,20360891
DAVIS,informative_profiles,two_way_centered,butina_cluster,CDK2,MAP2K1,0.003959828352505936,1,False,0.489,0.001,2000,2000,20360891
DAVIS,informative_profiles,two_way_centered,butina_cluster,CDK2,MAPK1,0.34584921036277283,1,False,0.9835,0.3485,2000,2000,20360891
DAVIS,informative_profiles,two_way_centered,butina_cluster,CDK2,MAPK14,0.06962746305218227,1,False,0.8085,0.002,2000,2000,20360891
DAVIS,informative_profiles,two_way_centered,butina_cluster,CDK2,MAPKAPK2,0.5692220909290645,1,True,1.0,0.9815,2000,2000,20360891
DAVIS,informative_profiles,two_way_centered,butina_cluster,CDK2,MET,-0.038438466128627745,-1,False,0.7085,0.0,2000,2000,20360891
DAVIS,informative_profiles,two_way_centered,butina_cluster,CDK2,PLK1,0.15991910943595908,1,False,0.997,0.008,2000,2000,20360891
DAVIS,informative_profiles,two_way_centered,butina_cluster,CDK2,PTK2,0.014232234772517116,1,False,0.572,0.001,2000,2000,20360891
DAVIS,informative_profiles,two_way_centered,butina_cluster,CDK2,ROCK1,0.3757818611064159,1,True,1.0,0.371,2000,2000,20360891
DAVIS,informative_profiles,two_way_centered,butina_cluster,CDK2,SRC,-0.32880190394161357,-1,False,0.999,0.0,2000,2000,20360891
DAVIS,informative_profiles,two_way_centered,butina_cluster,CSF1R,EGFR,-0.35159287021266483,-1,False,1.0,0.0,2000,2000,20360891
DAVIS,informative_profiles,two_way_centered,butina_cluster,CSF1R,FGFR1,-0.07461450630065392,-1,False,0.73,0.0,2000,2000,20360891
DAVIS,informative_profiles,two_way_centered,butina_cluster,CSF1R,IGF1R,-0.3248281663677408,-1,False,1.0,0.0,2000,2000,20360891
DAVIS,informative_profiles,two_way_centered,butina_cluster,CSF1R,JAK2,-0.20296920502005789,-1,False,0.972,0.0,2000,2000,20360891
DAVIS,informative_profiles,two_way_centered,butina_cluster,CSF1R,KDR,0.48784935040303473,1,True,1.0,0.7155,2000,2000,20360891
DAVIS,informative_profiles,two_way_centered,butina_cluster,CSF1R,KIT,0.8159858287460615,1,True,1.0,0.9995,2000,2000,20360891
DAVIS,informative_profiles,two_way_centered,butina_cluster,CSF1R,LCK,0.20926850394784452,1,False,0.9405,0.045,2000,2000,20360891
DAVIS,informative_profiles,two_way_centered,butina_cluster,CSF1R,MAP2K1,-0.14235233814322662,-1,False,0.916,0.0,2000,2000,20360891
DAVIS,informative_profiles,two_way_centered,butina_cluster,CSF1R,MAPK1,-0.4178260315692061,-1,False,1.0,0.0,2000,2000,20360891
DAVIS,informative_profiles,two_way_centered,butina_cluster,CSF1R,MAPK14,-0.12209845189737187,-1,False,0.887,0.0,2000,2000,20360891
DAVIS,informative_profiles,two_way_centered,butina_cluster,CSF1R,MAPKAPK2,-0.45070829279764524,-1,False,1.0,0.0,2000,2000,20360891
DAVIS,informative_profiles,two_way_centered,butina_cluster,CSF1R,MET,-0.10382620054028117,-1,False,0.859,0.0,2000,2000,20360891
DAVIS,informative_profiles,two_way_centered,butina_cluster,CSF1R,PLK1,-0.4149039477470404,-1,False,1.0,0.0,2000,2000,20360891
DAVIS,informative_profiles,two_way_centered,butina_cluster,CSF1R,PTK2,-0.32341979002763543,-1,False,1.0,0.0,2000,2000,20360891
DAVIS,informative_profiles,two_way_centered,butina_cluster,CSF1R,ROCK1,-0.38310375476343034,-1,False,1.0,0.0,2000,2000,20360891
DAVIS,informative_profiles,two_way_centered,butina_cluster,CSF1R,SRC,0.03150655166065958,1,False,0.5745,0.0005,2000,2000,20360891
DAVIS,informative_profiles,two_way_centered,butina_cluster,EGFR,FGFR1,-0.22042040782471595,-1,False,0.9855,0.0,2000,2000,20360891
DAVIS,informative_profiles,two_way_centered,butina_cluster,EGFR,IGF1R,-0.07274841166924696,-1,False,0.8905,0.0,2000,2000,20360891
DAVIS,informative_profiles,two_way_centered,butina_cluster,EGFR,JAK2,-0.2537087771118033,-1,False,1.0,0.0,2000,2000,20360891
DAVIS,informative_profiles,two_way_centered,butina_cluster,EGFR,KDR,-0.31290760045305827,-1,False,1.0,0.0,2000,2000,20360891
DAVIS,informative_profiles,two_way_centered,butina_cluster,EGFR,KIT,-0.3515904554124953,-1,False,0.9995,0.0,2000,2000,20360891
DAVIS,informative_profiles,two_way_centered,butina_cluster,EGFR,LCK,0.15114595696500654,1,False,0.9325,0.0055,2000,2000,20360891
DAVIS,informative_profiles,two_way_centered,butina_cluster,EGFR,MAP2K1,0.00644219968475254,1,False,0.488,0.0015,2000,2000,20360891
DAVIS,informative_profiles,two_way_centered,butina_cluster,EGFR,MAPK1,0.20680192289641788,1,False,0.9985,0.0025,2000,2000,20360891
DAVIS,informative_profiles,two_way_centered,butina_cluster,EGFR,MAPK14,0.07582234966901097,1,False,0.8695,0.0,2000,2000,20360891
DAVIS,informative_profiles,two_way_centered,butina_cluster,EGFR,MAPKAPK2,0.15674591180735764,1,False,0.985,0.0005,2000,2000,20360891
DAVIS,informative_profiles,two_way_centered,butina_cluster,EGFR,MET,-0.08562841279566231,-1,False,0.9135,0.0,2000,2000,20360891
DAVIS,informative_profiles,two_way_centered,butina_cluster,EGFR,PLK1,0.02375146789502906,1,False,0.7045,0.0005,2000,2000,20360891
DAVIS,informative_profiles,two_way_centered,butina_cluster,EGFR,PTK2,-0.036774399498826014,-1,False,0.7065,0.0005,2000,2000,20360891
DAVIS,informative_profiles,two_way_centered,butina_cluster,EGFR,ROCK1,-0.11092695225132164,-1,False,0.935,0.0,2000,2000,20360891
DAVIS,informative_profiles,two_way_centered,butina_cluster,EGFR,SRC,0.17887953732704726,1,False,0.983,0.016,2000,2000,20360891
DAVIS,informative_profiles,two_way_centered,butina_cluster,FGFR1,IGF1R,0.04791075120345008,1,False,0.628,0.0155,2000,2000,20360891
DAVIS,informative_profiles,two_way_centered,butina_cluster,FGFR1,JAK2,0.19833963628206,1,False,0.931,0.1075,2000,2000,20360891
DAVIS,informative_profiles,two_way_centered,butina_cluster,FGFR1,KDR,0.4119751031046238,1,True,0.9975,0.4775,2000,2000,20360891
DAVIS,informative_profiles,two_way_centered,butina_cluster,FGFR1,KIT,0.16048823995231523,1,False,0.897,0.018,2000,2000,20360891
DAVIS,informative_profiles,two_way_centered,butina_cluster,FGFR1,LCK,-0.07288625918662167,-1,False,0.656,0.0005,2000,2000,20360891
DAVIS,informative_profiles,two_way_centered,butina_cluster,FGFR1,MAP2K1,-0.04637392196872414,-1,False,0.6185,0.0005,2000,2000,20360891
DAVIS,informative_profiles,two_way_centered,butina_cluster,FGFR1,MAPK1,-0.1478265620929119,-1,False,0.869,0.0,2000,2000,20360891
DAVIS,informative_profiles,two_way_centered,butina_cluster,FGFR1,MAPK14,-0.18125844287464454,-1,False,0.9705,0.0,2000,2000,20360891
DAVIS,informative_profiles,two_way_centered,butina_cluster,FGFR1,MAPKAPK2,-0.1949013359556524,-1,False,0.913,0.0,2000,2000,20360891
DAVIS,informative_profiles,two_way_centered,butina_cluster,FGFR1,MET,-0.08049662912784109,-1,False,0.7435,0.0015,2000,2000,20360891
DAVIS,informative_profiles,two_way_centered,butina_cluster,FGFR1,PLK1,-0.10233068301192771,-1,False,0.8625,0.0,2000,2000,20360891
DAVIS,informative_profiles,two_way_centered,butina_cluster,FGFR1,PTK2,-0.016184840732773702,-1,False,0.5545,0.007,2000,2000,20360891
DAVIS,informative_profiles,two_way_centered,butina_cluster,FGFR1,ROCK1,-0.04486779102397258,-1,False,0.642,0.0005,2000,2000,20360891
DAVIS,informative_profiles,two_way_centered,butina_cluster,FGFR1,SRC,0.08666316816288672,1,False,0.682,0.1,2000,2000,20360891
DAVIS,informative_profiles,two_way_centered,butina_cluster,IGF1R,JAK2,0.1012772102575702,1,False,0.883,0.003,2000,2000,20360891
DAVIS,informative_profiles,two_way_centered,butina_cluster,IGF1R,KDR,-0.17439561611955684,-1,False,0.9455,0.0,2000,2000,20360891
DAVIS,informative_profiles,two_way_centered,butina_cluster,IGF1R,KIT,-0.3732373404336015,-1,False,1.0,0.0,2000,2000,20360891
DAVIS,informative_profiles,two_way_centered,butina_cluster,IGF1R,LCK,-0.3106954222630497,-1,False,0.9855,0.0,2000,2000,20360891
DAVIS,informative_profiles,two_way_centered,butina_cluster,IGF1R,MAP2K1,-0.009461220820641514,-1,False,0.517,0.002,2000,2000,20360891
DAVIS,informative_profiles,two_way_centered,butina_cluster,IGF1R,MAPK1,0.36124600336683665,1,False,0.999,0.3605,2000,2000,20360891
DAVIS,informative_profiles,two_way_centered,butina_cluster,IGF1R,MAPK14,-0.10204021867320628,-1,False,0.83,0.0,2000,2000,20360891
DAVIS,informative_profiles,two_way_centered,butina_cluster,IGF1R,MAPKAPK2,0.12280025518659662,1,False,0.7605,0.068,2000,2000,20360891
DAVIS,informative_profiles,two_way_centered,butina_cluster,IGF1R,MET,0.1776386733173252,1,False,0.9865,0.046,2000,2000,20360891
DAVIS,informative_profiles,two_way_centered,butina_cluster,IGF1R,PLK1,0.339384013697379,1,False,0.9905,0.3125,2000,2000,20360891
DAVIS,informative_profiles,two_way_centered,butina_cluster,IGF1R,PTK2,0.6961431111113454,1,True,1.0,0.9745,2000,2000,20360891
DAVIS,informative_profiles,two_way_centered,butina_cluster,IGF1R,ROCK1,0.1428187270172458,1,False,0.8925,0.0175,2000,2000,20360891
DAVIS,informative_profiles,two_way_centered,butina_cluster,IGF1R,SRC,-0.328391764698553,-1,False,0.9905,0.0,2000,2000,20360891
DAVIS,informative_profiles,two_way_centered,butina_cluster,JAK2,KDR,-0.17112980732595873,-1,False,0.9465,0.0,2000,2000,20360891
DAVIS,informative_profiles,two_way_centered,butina_cluster,JAK2,KIT,-0.1897515079562586,-1,False,0.9575,0.0,2000,2000,20360891
DAVIS,informative_profiles,two_way_centered,butina_cluster,JAK2,LCK,-0.008331493491797787,-1,False,0.5025,0.001,2000,2000,20360891
DAVIS,informative_profiles,two_way_centered,butina_cluster,JAK2,MAP2K1,0.18559279852409408,1,False,0.9495,0.043,2000,2000,20360891
DAVIS,informative_profiles,two_way_centered,butina_cluster,JAK2,MAPK1,-0.21594446669573533,-1,False,0.9775,0.0,2000,2000,20360891
DAVIS,informative_profiles,two_way_centered,butina_cluster,JAK2,MAPK14,-0.27789490003661643,-1,False,1.0,0.0,2000,2000,20360891
DAVIS,informative_profiles,two_way_centered,butina_cluster,JAK2,MAPKAPK2,-0.1442986395336986,-1,False,0.9075,0.0,2000,2000,20360891
DAVIS,informative_profiles,two_way_centered,butina_cluster,JAK2,MET,0.01576377454649429,1,False,0.562,0.001,2000,2000,20360891
DAVIS,informative_profiles,two_way_centered,butina_cluster,JAK2,PLK1,0.09315377917245579,1,False,0.7455,0.029,2000,2000,20360891
DAVIS,informative_profiles,two_way_centered,butina_cluster,JAK2,PTK2,0.17131600535361297,1,False,0.9205,0.032,2000,2000,20360891
DAVIS,informative_profiles,two_way_centered,butina_cluster,JAK2,ROCK1,0.357216428939612,1,False,0.9865,0.3335,2000,2000,20360891
DAVIS,informative_profiles,two_way_centered,butina_cluster,JAK2,SRC,0.006002332530700729,1,False,0.542,0.0025,2000,2000,20360891
DAVIS,informative_profiles,two_way_centered,butina_cluster,KDR,KIT,0.7122645169307547,1,True,1.0,0.9925,2000,2000,20360891
DAVIS,informative_profiles,two_way_centered,butina_cluster,KDR,LCK,-0.19968697782791128,-1,False,0.9395,0.0,2000,2000,20360891
DAVIS,informative_profiles,two_way_centered,butina_cluster,KDR,MAP2K1,0.006479532973329357,1,False,0.527,0.0015,2000,2000,20360891
DAVIS,informative_profiles,two_way_centered,butina_cluster,KDR,MAPK1,-0.2441262611176297,-1,False,0.9875,0.0,2000,2000,20360891
DAVIS,informative_profiles,two_way_centered,butina_cluster,KDR,MAPK14,-0.2026951120911391,-1,False,0.9905,0.0,2000,2000,20360891
DAVIS,informative_profiles,two_way_centered,butina_cluster,KDR,MAPKAPK2,-0.23860027325351113,-1,False,0.9815,0.0,2000,2000,20360891
DAVIS,informative_profiles,two_way_centered,butina_cluster,KDR,MET,-0.06554372723936444,-1,False,0.7085,0.0005,2000,2000,20360891
DAVIS,informative_profiles,two_way_centered,butina_cluster,KDR,PLK1,-0.30081587112270214,-1,False,1.0,0.0,2000,2000,20360891
DAVIS,informative_profiles,two_way_centered,butina_cluster,KDR,PTK2,-0.23489268665374458,-1,False,0.9785,0.0,2000,2000,20360891
DAVIS,informative_profiles,two_way_centered,butina_cluster,KDR,ROCK1,-0.2563089134922635,-1,False,0.9905,0.0,2000,2000,20360891
DAVIS,informative_profiles,two_way_centered,butina_cluster,KDR,SRC,-0.2565881976768673,-1,False,0.979,0.0,2000,2000,20360891
DAVIS,informative_profiles,two_way_centered,butina_cluster,KIT,LCK,0.2025791591474424,1,False,0.944,0.0325,2000,2000,20360891
DAVIS,informative_profiles,two_way_centered,butina_cluster,KIT,MAP2K1,-0.13744333228717415,-1,False,0.878,0.0,2000,2000,20360891
DAVIS,informative_profiles,two_way_centered,butina_cluster,KIT,MAPK1,-0.4656377004846095,-1,False,1.0,0.0,2000,2000,20360891
DAVIS,informative_profiles,two_way_centered,butina_cluster,KIT,MAPK14,-0.13444048773495035,-1,False,0.9285,0.0,2000,2000,20360891
DAVIS,informative_profiles,two_way_centered,butina_cluster,KIT,MAPKAPK2,-0.490467959465076,-1,False,1.0,0.0,2000,2000,20360891
DAVIS,informative_profiles,two_way_centered,butina_cluster,KIT,MET,-0.23343630855709052,-1,False,0.9835,0.0,2000,2000,20360891
DAVIS,informative_profiles,two_way_centered,butina_cluster,KIT,PLK1,-0.44154947356992713,-1,False,1.0,0.0,2000,2000,20360891
DAVIS,informative_profiles,two_way_centered,butina_cluster,KIT,PTK2,-0.4080554074403288,-1,False,1.0,0.0,2000,2000,20360891
DAVIS,informative_profiles,two_way_centered,butina_cluster,KIT,ROCK1,-0.4334047891270117,-1,False,1.0,0.0,2000,2000,20360891
DAVIS,informative_profiles,two_way_centered,butina_cluster,KIT,SRC,0.03112904110488959,1,False,0.5935,0.0,2000,2000,20360891
DAVIS,informative_profiles,two_way_centered,butina_cluster,LCK,MAP2K1,0.013887851131005133,1,False,0.516,0.003,2000,2000,20360891
DAVIS,informative_profiles,two_way_centered,butina_cluster,LCK,MAPK1,-0.5385937448766893,-1,False,1.0,0.0,2000,2000,20360891
DAVIS,informative_profiles,two_way_centered,butina_cluster,LCK,MAPK14,-0.023681492516926902,-1,False,0.582,0.0,2000,2000,20360891
DAVIS,informative_profiles,two_way_centered,butina_cluster,LCK,MAPKAPK2,-0.5971328021854643,-1,False,1.0,0.0,2000,2000,20360891
DAVIS,informative_profiles,two_way_centered,butina_cluster,LCK,MET,-0.0636013594352665,-1,False,0.687,0.0,2000,2000,20360891
DAVIS,informative_profiles,two_way_centered,butina_cluster,LCK,PLK1,-0.4337340958256044,-1,False,1.0,0.0,2000,2000,20360891
DAVIS,informative_profiles,two_way_centered,butina_cluster,LCK,PTK2,-0.23999578581597233,-1,False,0.9645,0.0,2000,2000,20360891
DAVIS,informative_profiles,two_way_centered,butina_cluster,LCK,ROCK1,-0.4845171621860033,-1,False,1.0,0.0,2000,2000,20360891
DAVIS,informative_profiles,two_way_centered,butina_cluster,LCK,SRC,0.7452591227120602,1,True,1.0,0.9985,2000,2000,20360891
DAVIS,informative_profiles,two_way_centered,butina_cluster,MAP2K1,MAPK1,-0.21217132641252712,-1,False,0.9305,0.0,2000,2000,20360891
DAVIS,informative_profiles,two_way_centered,butina_cluster,MAP2K1,MAPK14,-0.2575494961333139,-1,False,0.9995,0.0,2000,2000,20360891
DAVIS,informative_profiles,two_way_centered,butina_cluster,MAP2K1,MAPKAPK2,-0.017801822018355045,-1,False,0.559,0.0025,2000,2000,20360891
DAVIS,informative_profiles,two_way_centered,butina_cluster,MAP2K1,MET,0.03763167460318989,1,False,0.646,0.0,2000,2000,20360891
DAVIS,informative_profiles,two_way_centered,butina_cluster,MAP2K1,PLK1,-0.09971138752139941,-1,False,0.8795,0.0,2000,2000,20360891
DAVIS,informative_profiles,two_way_centered,butina_cluster,MAP2K1,PTK2,0.11925439551335715,1,False,0.8795,0.0105,2000,2000,20360891
DAVIS,informative_profiles,two_way_centered,butina_cluster,MAP2K1,ROCK1,0.057494197147388515,1,False,0.6875,0.0025,2000,2000,20360891
DAVIS,informative_profiles,two_way_centered,butina_cluster,MAP2K1,SRC,0.00038299914337923277,1,False,0.461,0.0015,2000,2000,20360891
DAVIS,informative_profiles,two_way_centered,butina_cluster,MAPK1,MAPK14,0.3125133429323822,1,False,0.9915,0.2515,2000,2000,20360891
DAVIS,informative_profiles,two_way_centered,butina_cluster,MAPK1,MAPKAPK2,0.7596347883665611,1,True,1.0,0.9955,2000,2000,20360891
DAVIS,informative_profiles,two_way_centered,butina_cluster,MAPK1,MET,0.03966123565609813,1,False,0.6425,0.0,2000,2000,20360891
DAVIS,informative_profiles,two_way_centered,butina_cluster,MAPK1,PLK1,0.3787864829974182,1,True,1.0,0.3545,2000,2000,20360891
DAVIS,informative_profiles,two_way_centered,butina_cluster,MAPK1,PTK2,0.19059441179377307,1,False,0.9375,0.015,2000,2000,20360891
DAVIS,informative_profiles,two_way_centered,butina_cluster,MAPK1,ROCK1,0.1595170270610782,1,False,0.779,0.154,2000,2000,20360891
DAVIS,informative_profiles,two_way_centered,butina_cluster,MAPK1,SRC,-0.46302925821620555,-1,False,0.9985,0.0,2000,2000,20360891
DAVIS,informative_profiles,two_way_centered,butina_cluster,MAPK14,MAPKAPK2,0.2626751149415431,1,False,0.9855,0.1485,2000,2000,20360891
DAVIS,informative_profiles,two_way_centered,butina_cluster,MAPK14,MET,-0.10076323086167713,-1,False,0.9515,0.0,2000,2000,20360891
DAVIS,informative_profiles,two_way_centered,butina_cluster,MAPK14,PLK1,-0.02163055773605758,-1,False,0.644,0.0,2000,2000,20360891
DAVIS,informative_profiles,two_way_centered,butina_cluster,MAPK14,PTK2,-0.22328165502799754,-1,False,0.991,0.0,2000,2000,20360891
DAVIS,informative_profiles,two_way_centered,butina_cluster,MAPK14,ROCK1,-0.18980194047641552,-1,False,0.955,0.0,2000,2000,20360891
DAVIS,informative_profiles,two_way_centered,butina_cluster,MAPK14,SRC,0.015428169705432584,1,False,0.5455,0.001,2000,2000,20360891
DAVIS,informative_profiles,two_way_centered,butina_cluster,MAPKAPK2,MET,0.035387028979337876,1,False,0.621,0.0005,2000,2000,20360891
DAVIS,informative_profiles,two_way_centered,butina_cluster,MAPKAPK2,PLK1,0.34000882290294143,1,False,0.999,0.233,2000,2000,20360891
DAVIS,informative_profiles,two_way_centered,butina_cluster,MAPKAPK2,PTK2,-0.04346980496155346,-1,False,0.5565,0.002,2000,2000,20360891
DAVIS,informative_profiles,two_way_centered,butina_cluster,MAPKAPK2,ROCK1,0.28051240489223556,1,False,0.959,0.153,2000,2000,20360891
DAVIS,informative_profiles,two_way_centered,butina_cluster,MAPKAPK2,SRC,-0.47949703420272893,-1,False,0.9985,0.0,2000,2000,20360891
DAVIS,informative_profiles,two_way_centered,butina_cluster,MET,PLK1,-0.03910268422272968,-1,False,0.704,0.0,2000,2000,20360891
DAVIS,informative_profiles,two_way_centered,butina_cluster,MET,PTK2,0.20081143123627418,1,False,0.9735,0.0255,2000,2000,20360891
DAVIS,informative_profiles,two_way_centered,butina_cluster,MET,ROCK1,-0.11591815924809276,-1,False,0.896,0.0,2000,2000,20360891
DAVIS,informative_profiles,two_way_centered,butina_cluster,MET,SRC,-0.11760743210471479,-1,False,0.82,0.0,2000,2000,20360891
DAVIS,informative_profiles,two_way_centered,butina_cluster,PLK1,PTK2,0.4962220184414946,1,True,0.998,0.722,2000,2000,20360891
DAVIS,informative_profiles,two_way_centered,butina_cluster,PLK1,ROCK1,0.28245523898099945,1,False,0.999,0.1525,2000,2000,20360891
DAVIS,informative_profiles,two_way_centered,butina_cluster,PLK1,SRC,-0.25122377966175874,-1,False,0.997,0.0,2000,2000,20360891
DAVIS,informative_profiles,two_way_centered,butina_cluster,PTK2,ROCK1,0.24288291229687822,1,False,0.989,0.0515,2000,2000,20360891
DAVIS,informative_profiles,two_way_centered,butina_cluster,PTK2,SRC,-0.2177133581516378,-1,False,0.9085,0.001,2000,2000,20360891
DAVIS,informative_profiles,two_way_centered,butina_cluster,ROCK1,SRC,-0.3657968964578061,-1,False,1.0,0.0,2000,2000,20360891
PKIS2,released_full_panel,two_way_centered,ligand,ABL1,AKT1,-0.35911802843811436,-1,False,1.0,0.0,2000,2000,21360850
PKIS2,released_full_panel,two_way_centered,ligand,ABL1,AKT2,-0.4341820664192947,-1,False,1.0,0.0,2000,2000,21360850
PKIS2,released_full_panel,two_way_centered,ligand,ABL1,CDK2,-0.12260046655579304,-1,False,0.9945,0.0,2000,2000,21360850
PKIS2,released_full_panel,two_way_centered,ligand,ABL1,CSF1R,0.2790498194218853,1,True,1.0,0.7125,2000,2000,21360850
PKIS2,released_full_panel,two_way_centered,ligand,ABL1,EGFR,-0.18849120029872696,-1,False,1.0,0.0,2000,2000,21360850
PKIS2,released_full_panel,two_way_centered,ligand,ABL1,FGFR1,0.013228507762951165,1,False,0.6075,0.0,2000,2000,21360850
PKIS2,released_full_panel,two_way_centered,ligand,ABL1,IGF1R,-0.3335770843459269,-1,False,1.0,0.0,2000,2000,21360850
PKIS2,released_full_panel,two_way_centered,ligand,ABL1,JAK2,-0.286514967216287,-1,False,1.0,0.0,2000,2000,21360850
PKIS2,released_full_panel,two_way_centered,ligand,ABL1,KDR,0.36477985096016574,1,True,1.0,0.9925,2000,2000,21360850
PKIS2,released_full_panel,two_way_centered,ligand,ABL1,KIT,0.25148274691131767,1,True,1.0,0.416,2000,2000,21360850
PKIS2,released_full_panel,two_way_centered,ligand,ABL1,LCK,0.32295620116461277,1,True,1.0,0.94,2000,2000,21360850
PKIS2,released_full_panel,two_way_centered,ligand,ABL1,MAP2K1,-0.052010610373363866,-1,False,0.8515,0.0,2000,2000,21360850
PKIS2,released_full_panel,two_way_centered,ligand,ABL1,MAPK1,-0.27119891854942946,-1,False,1.0,0.0,2000,2000,21360850
PKIS2,released_full_panel,two_way_centered,ligand,ABL1,MAPK14,-0.07110813322450694,-1,False,0.9605,0.0,2000,2000,21360850
PKIS2,released_full_panel,two_way_centered,ligand,ABL1,MAPKAPK2,-0.3376004946287141,-1,False,1.0,0.0,2000,2000,21360850
PKIS2,released_full_panel,two_way_centered,ligand,ABL1,MET,0.05680350637868503,1,False,0.896,0.0,2000,2000,21360850
PKIS2,released_full_panel,two_way_centered,ligand,ABL1,PLK1,-0.2406248800556572,-1,False,1.0,0.0,2000,2000,21360850
PKIS2,released_full_panel,two_way_centered,ligand,ABL1,PTK2,-0.1321710092353035,-1,False,1.0,0.0,2000,2000,21360850
PKIS2,released_full_panel,two_way_centered,ligand,ABL1,ROCK1,-0.29539018567915276,-1,False,1.0,0.0,2000,2000,21360850
PKIS2,released_full_panel,two_way_centered,ligand,ABL1,SRC,0.2487075180068402,1,False,1.0,0.402,2000,2000,21360850
PKIS2,released_full_panel,two_way_centered,ligand,AKT1,AKT2,0.6867562642567007,1,True,1.0,1.0,2000,2000,21360850
PKIS2,released_full_panel,two_way_centered,ligand,AKT1,CDK2,0.0313107674761335,1,False,0.731,0.0,2000,2000,21360850
PKIS2,released_full_panel,two_way_centered,ligand,AKT1,CSF1R,-0.348147008440178,-1,False,1.0,0.0,2000,2000,21360850
PKIS2,released_full_panel,two_way_centered,ligand,AKT1,EGFR,-0.036605846152930215,-1,False,0.8275,0.0,2000,2000,21360850
PKIS2,released_full_panel,two_way_centered,ligand,AKT1,FGFR1,0.06600108230039935,1,False,0.8655,0.001,2000,2000,21360850
PKIS2,released_full_panel,two_way_centered,ligand,AKT1,IGF1R,0.060523364675005104,1,False,0.887,0.001,2000,2000,21360850
PKIS2,released_full_panel,two_way_centered,ligand,AKT1,JAK2,0.05498729563921605,1,False,0.8615,0.0,2000,2000,21360850
PKIS2,released_full_panel,two_way_centered,ligand,AKT1,KDR,-0.34199922306798114,-1,False,1.0,0.0,2000,2000,21360850
PKIS2,released_full_panel,two_way_centered,ligand,AKT1,KIT,-0.3707979856951754,-1,False,1.0,0.0,2000,2000,21360850
PKIS2,released_full_panel,two_way_centered,ligand,AKT1,LCK,-0.38702617127629524,-1,False,1.0,0.0,2000,2000,21360850
PKIS2,released_full_panel,two_way_centered,ligand,AKT1,MAP2K1,-0.043912762267244804,-1,False,0.8155,0.0,2000,2000,21360850
PKIS2,released_full_panel,two_way_centered,ligand,AKT1,MAPK1,0.3385330317981536,1,True,1.0,0.901,2000,2000,21360850
PKIS2,released_full_panel,two_way_centered,ligand,AKT1,MAPK14,-0.039301225766438116,-1,False,0.821,0.0,2000,2000,21360850
PKIS2,released_full_panel,two_way_centered,ligand,AKT1,MAPKAPK2,0.20486785071344168,1,False,1.0,0.1815,2000,2000,21360850
PKIS2,released_full_panel,two_way_centered,ligand,AKT1,MET,-0.1854717022021484,-1,False,1.0,0.0,2000,2000,21360850
PKIS2,released_full_panel,two_way_centered,ligand,AKT1,PLK1,0.12990543299440419,1,False,0.9985,0.0045,2000,2000,21360850
PKIS2,released_full_panel,two_way_centered,ligand,AKT1,PTK2,0.14348070849574351,1,False,0.996,0.02,2000,2000,21360850
PKIS2,released_full_panel,two_way_centered,ligand,AKT1,ROCK1,0.3577738844769519,1,True,1.0,0.967,2000,2000,21360850
PKIS2,released_full_panel,two_way_centered,ligand,AKT1,SRC,-0.29735361630869994,-1,False,1.0,0.0,2000,2000,21360850
PKIS2,released_full_panel,two_way_centered,ligand,AKT2,CDK2,0.11077708466862912,1,False,0.984,0.0025,2000,2000,21360850
PKIS2,released_full_panel,two_way_centered,ligand,AKT2,CSF1R,-0.32628575994253706,-1,False,1.0,0.0,2000,2000,21360850
PKIS2,released_full_panel,two_way_centered,ligand,AKT2,EGFR,0.0034602231186817013,1,False,0.5615,0.0,2000,2000,21360850
PKIS2,released_full_panel,two_way_centered,ligand,AKT2,FGFR1,-0.021243124774368592,-1,False,0.662,0.0,2000,2000,21360850
PKIS2,released_full_panel,two_way_centered,ligand,AKT2,IGF1R,0.15523619223806234,1,False,0.9995,0.0315,2000,2000,21360850
PKIS2,released_full_panel,two_way_centered,ligand,AKT2,JAK2,-0.0028126376883290585,-1,False,0.54,0.0,2000,2000,21360850
PKIS2,released_full_panel,two_way_centered,ligand,AKT2,KDR,-0.3711634982358319,-1,False,1.0,0.0,2000,2000,21360850
PKIS2,released_full_panel,two_way_centered,ligand,AKT2,KIT,-0.3349718270157931,-1,False,1.0,0.0,2000,2000,21360850
PKIS2,released_full_panel,two_way_centered,ligand,AKT2,LCK,-0.3525056412826121,-1,False,1.0,0.0,2000,2000,21360850
PKIS2,released_full_panel,two_way_centered,ligand,AKT2,MAP2K1,-0.04789321094018523,-1,False,0.848,0.0,2000,2000,21360850
PKIS2,released_full_panel,two_way_centered,ligand,AKT2,MAPK1,0.33923124107326375,1,True,1.0,0.9335,2000,2000,21360850
PKIS2,released_full_panel,two_way_centered,ligand,AKT2,MAPK14,-0.005397371785919288,-1,False,0.552,0.0,2000,2000,21360850
PKIS2,released_full_panel,two_way_centered,ligand,AKT2,MAPKAPK2,0.3659442771042407,1,True,1.0,0.983,2000,2000,21360850
PKIS2,released_full_panel,two_way_centered,ligand,AKT2,MET,-0.15720294772598922,-1,False,0.9985,0.0,2000,2000,21360850
PKIS2,released_full_panel,two_way_centered,ligand,AKT2,PLK1,0.08759298144794275,1,False,0.9795,0.0,2000,2000,21360850
PKIS2,released_full_panel,two_way_centered,ligand,AKT2,PTK2,0.06513560939930167,1,False,0.9005,0.0,2000,2000,21360850
PKIS2,released_full_panel,two_way_centered,ligand,AKT2,ROCK1,0.2531048964567386,1,True,1.0,0.454,2000,2000,21360850
PKIS2,released_full_panel,two_way_centered,ligand,AKT2,SRC,-0.2821866697367646,-1,False,1.0,0.0,2000,2000,21360850
PKIS2,released_full_panel,two_way_centered,ligand,CDK2,CSF1R,-0.35574609870760804,-1,False,1.0,0.0,2000,2000,21360850
PKIS2,released_full_panel,two_way_centered,ligand,CDK2,EGFR,-0.10392293653723188,-1,False,0.9965,0.0,2000,2000,21360850
PKIS2,released_full_panel,two_way_centered,ligand,CDK2,FGFR1,-0.03822434609094873,-1,False,0.7945,0.0,2000,2000,21360850
PKIS2,released_full_panel,two_way_centered,ligand,CDK2,IGF1R,0.18725915561767673,1,False,0.9995,0.1285,2000,2000,21360850
PKIS2,released_full_panel,two_way_centered,ligand,CDK2,JAK2,0.012571242548489153,1,False,0.637,0.0,2000,2000,21360850
PKIS2,released_full_panel,two_way_centered,ligand,CDK2,KDR,-0.1785918220764829,-1,False,1.0,0.0,2000,2000,21360850
PKIS2,released_full_panel,two_way_centered,ligand,CDK2,KIT,-0.2226845766743193,-1,False,1.0,0.0,2000,2000,21360850
PKIS2,released_full_panel,two_way_centered,ligand,CDK2,LCK,-0.27943901250644515,-1,False,1.0,0.0,2000,2000,21360850
PKIS2,released_full_panel,two_way_centered,ligand,CDK2,MAP2K1,0.015899996933798906,1,False,0.6415,0.0,2000,2000,21360850
PKIS2,released_full_panel,two_way_centered,ligand,CDK2,MAPK1,0.24476628961847718,1,False,1.0,0.402,2000,2000,21360850
PKIS2,released_full_panel,two_way_centered,ligand,CDK2,MAPK14,-0.01933407642763803,-1,False,0.696,0.0,2000,2000,21360850
PKIS2,released_full_panel,two_way_centered,ligand,CDK2,MAPKAPK2,0.1998147867389387,1,False,1.0,0.132,2000,2000,21360850
PKIS2,released_full_panel,two_way_centered,ligand,CDK2,MET,0.0007823868860750275,1,False,0.5135,0.0,2000,2000,21360850
PKIS2,released_full_panel,two_way_centered,ligand,CDK2,PLK1,0.15829284054860213,1,False,1.0,0.019,2000,2000,21360850
PKIS2,released_full_panel,two_way_centered,ligand,CDK2,PTK2,0.23475840324296657,1,False,1.0,0.3435,2000,2000,21360850
PKIS2,released_full_panel,two_way_centered,ligand,CDK2,ROCK1,-0.0737512151859733,-1,False,0.958,0.0,2000,2000,21360850
PKIS2,released_full_panel,two_way_centered,ligand,CDK2,SRC,-0.1651985830754145,-1,False,0.997,0.0,2000,2000,21360850
PKIS2,released_full_panel,two_way_centered,ligand,CSF1R,EGFR,-0.1584650289612293,-1,False,1.0,0.0,2000,2000,21360850
PKIS2,released_full_panel,two_way_centered,ligand,CSF1R,FGFR1,-0.06716874679698082,-1,False,0.8815,0.0,2000,2000,21360850
PKIS2,released_full_panel,two_way_centered,ligand,CSF1R,IGF1R,-0.3100306070535155,-1,False,1.0,0.0,2000,2000,21360850
PKIS2,released_full_panel,two_way_centered,ligand,CSF1R,JAK2,-0.1795061218814871,-1,False,1.0,0.0,2000,2000,21360850
PKIS2,released_full_panel,two_way_centered,ligand,CSF1R,KDR,0.49490513519933693,1,True,1.0,1.0,2000,2000,21360850
PKIS2,released_full_panel,two_way_centered,ligand,CSF1R,KIT,0.6821694791205932,1,True,1.0,1.0,2000,2000,21360850
PKIS2,released_full_panel,two_way_centered,ligand,CSF1R,LCK,0.31230055084703856,1,True,1.0,0.899,2000,2000,21360850
PKIS2,released_full_panel,two_way_centered,ligand,CSF1R,MAP2K1,-0.21623573261954432,-1,False,1.0,0.0,2000,2000,21360850
PKIS2,released_full_panel,two_way_centered,ligand,CSF1R,MAPK1,-0.42772024941791775,-1,False,1.0,0.0,2000,2000,21360850
PKIS2,released_full_panel,two_way_centered,ligand,CSF1R,MAPK14,-0.13660349046846895,-1,False,0.999,0.0,2000,2000,21360850
PKIS2,released_full_panel,two_way_centered,ligand,CSF1R,MAPKAPK2,-0.3326860344483352,-1,False,1.0,0.0,2000,2000,21360850
PKIS2,released_full_panel,two_way_centered,ligand,CSF1R,MET,-0.012867531738545617,-1,False,0.6035,0.0,2000,2000,21360850
PKIS2,released_full_panel,two_way_centered,ligand,CSF1R,PLK1,-0.3611257026384038,-1,False,1.0,0.0,2000,2000,21360850
PKIS2,released_full_panel,two_way_centered,ligand,CSF1R,PTK2,-0.34663078072637943,-1,False,1.0,0.0,2000,2000,21360850
PKIS2,released_full_panel,two_way_centered,ligand,CSF1R,ROCK1,-0.2266995286942176,-1,False,1.0,0.0,2000,2000,21360850
PKIS2,released_full_panel,two_way_centered,ligand,CSF1R,SRC,0.13346098480678414,1,False,0.998,0.0035,2000,2000,21360850
PKIS2,released_full_panel,two_way_centered,ligand,EGFR,FGFR1,-0.18872622921009843,-1,False,1.0,0.0,2000,2000,21360850
PKIS2,released_full_panel,two_way_centered,ligand,EGFR,IGF1R,0.031037912607048204,1,False,0.7695,0.0,2000,2000,21360850
PKIS2,released_full_panel,two_way_centered,ligand,EGFR,JAK2,-0.13161120612623634,-1,False,1.0,0.0,2000,2000,21360850
PKIS2,released_full_panel,two_way_centered,ligand,EGFR,KDR,-0.22702161360989384,-1,False,1.0,0.0,2000,2000,21360850
PKIS2,released_full_panel,two_way_centered,ligand,EGFR,KIT,-0.14023320459201558,-1,False,1.0,0.0,2000,2000,21360850
PKIS2,released_full_panel,two_way_centered,ligand,EGFR,LCK,0.21371249800158212,1,False,1.0,0.1895,2000,2000,21360850
PKIS2,released_full_panel,two_way_centered,ligand,EGFR,MAP2K1,0.10596600947670198,1,False,0.9935,0.0,2000,2000,21360850
PKIS2,released_full_panel,two_way_centered,ligand,EGFR,MAPK1,-0.03318898057162448,-1,False,0.7875,0.0,2000,2000,21360850
PKIS2,released_full_panel,two_way_centered,ligand,EGFR,MAPK14,0.08932765430218698,1,False,0.9885,0.0,2000,2000,21360850
PKIS2,released_full_panel,two_way_centered,ligand,EGFR,MAPKAPK2,0.08157770144541782,1,False,0.9865,0.0,2000,2000,21360850
PKIS2,released_full_panel,two_way_centered,ligand,EGFR,MET,-0.1702253397830667,-1,False,1.0,0.0,2000,2000,21360850
PKIS2,released_full_panel,two_way_centered,ligand,EGFR,PLK1,-0.04998547021933361,-1,False,0.911,0.0,2000,2000,21360850
PKIS2,released_full_panel,two_way_centered,ligand,EGFR,PTK2,-0.24975125157165246,-1,False,1.0,0.0,2000,2000,21360850
PKIS2,released_full_panel,two_way_centered,ligand,EGFR,ROCK1,-0.08818492169831665,-1,False,0.982,0.0,2000,2000,21360850
PKIS2,released_full_panel,two_way_centered,ligand,EGFR,SRC,0.10865324343605086,1,False,0.9955,0.0015,2000,2000,21360850
PKIS2,released_full_panel,two_way_centered,ligand,FGFR1,IGF1R,0.004503839846151842,1,False,0.528,0.0,2000,2000,21360850
PKIS2,released_full_panel,two_way_centered,ligand,FGFR1,JAK2,0.058646347064824425,1,False,0.9025,0.0,2000,2000,21360850
PKIS2,released_full_panel,two_way_centered,ligand,FGFR1,KDR,0.1380046786953403,1,False,0.9905,0.0275,2000,2000,21360850
PKIS2,released_full_panel,two_way_centered,ligand,FGFR1,KIT,-0.12271854908373694,-1,False,0.9965,0.0,2000,2000,21360850
PKIS2,released_full_panel,two_way_centered,ligand,FGFR1,LCK,-0.09821104825856528,-1,False,0.9705,0.0,2000,2000,21360850
PKIS2,released_full_panel,two_way_centered,ligand,FGFR1,MAP2K1,-0.13464734833736972,-1,False,0.996,0.0,2000,2000,21360850
PKIS2,released_full_panel,two_way_centered,ligand,FGFR1,MAPK1,-0.06812552388893585,-1,False,0.895,0.0,2000,2000,21360850
PKIS2,released_full_panel,two_way_centered,ligand,FGFR1,MAPK14,-0.09390897446200977,-1,False,0.9865,0.0,2000,2000,21360850
PKIS2,released_full_panel,two_way_centered,ligand,FGFR1,MAPKAPK2,-0.19141475765077176,-1,False,1.0,0.0,2000,2000,21360850
PKIS2,released_full_panel,two_way_centered,ligand,FGFR1,MET,0.021865210180858113,1,False,0.6565,0.0,2000,2000,21360850
PKIS2,released_full_panel,two_way_centered,ligand,FGFR1,PLK1,0.02967276295466521,1,False,0.718,0.0,2000,2000,21360850
PKIS2,released_full_panel,two_way_centered,ligand,FGFR1,PTK2,0.1083699400444236,1,False,0.9755,0.0095,2000,2000,21360850
PKIS2,released_full_panel,two_way_centered,ligand,FGFR1,ROCK1,-0.07998664204628939,-1,False,0.944,0.0,2000,2000,21360850
PKIS2,released_full_panel,two_way_centered,ligand,FGFR1,SRC,0.01892489280567683,1,False,0.636,0.0,2000,2000,21360850
PKIS2,released_full_panel,two_way_centered,ligand,IGF1R,JAK2,-0.05997858425331155,-1,False,0.8795,0.0,2000,2000,21360850
PKIS2,released_full_panel,two_way_centered,ligand,IGF1R,KDR,-0.24136167992683058,-1,False,1.0,0.0,2000,2000,21360850
PKIS2,released_full_panel,two_way_centered,ligand,IGF1R,KIT,-0.3226660019151264,-1,False,1.0,0.0,2000,2000,21360850
PKIS2,released_full_panel,two_way_centered,ligand,IGF1R,LCK,-0.3225551651417461,-1,False,1.0,0.0,2000,2000,21360850
PKIS2,released_full_panel,two_way_centered,ligand,IGF1R,MAP2K1,0.13784544302173862,1,False,0.999,0.005,2000,2000,21360850
PKIS2,released_full_panel,two_way_centered,ligand,IGF1R,MAPK1,0.289187658348516,1,True,1.0,0.7345,2000,2000,21360850
PKIS2,released_full_panel,two_way_centered,ligand,IGF1R,MAPK14,0.037592483838463545,1,False,0.7975,0.0,2000,2000,21360850
PKIS2,released_full_panel,two_way_centered,ligand,IGF1R,MAPKAPK2,0.29388746130043575,1,True,1.0,0.75,2000,2000,21360850
PKIS2,released_full_panel,two_way_centered,ligand,IGF1R,MET,0.14456740609052388,1,False,0.9975,0.0165,2000,2000,21360850
PKIS2,released_full_panel,two_way_centered,ligand,IGF1R,PLK1,0.14845324383277442,1,False,1.0,0.0075,2000,2000,21360850
PKIS2,released_full_panel,two_way_centered,ligand,IGF1R,PTK2,0.23581572417496688,1,False,1.0,0.3525,2000,2000,21360850
PKIS2,released_full_panel,two_way_centered,ligand,IGF1R,ROCK1,-0.04347419509001506,-1,False,0.8195,0.0,2000,2000,21360850
PKIS2,released_full_panel,two_way_centered,ligand,IGF1R,SRC,-0.19579589270191838,-1,False,0.9995,0.0,2000,2000,21360850
PKIS2,released_full_panel,two_way_centered,ligand,JAK2,KDR,-0.1233187133720227,-1,False,0.998,0.0,2000,2000,21360850
PKIS2,released_full_panel,two_way_centered,ligand,JAK2,KIT,-0.15906571725664478,-1,False,1.0,0.0,2000,2000,21360850
PKIS2,released_full_panel,two_way_centered,ligand,JAK2,LCK,-0.1948352332043961,-1,False,1.0,0.0,2000,2000,21360850
PKIS2,released_full_panel,two_way_centered,ligand,JAK2,MAP2K1,-0.05957598315660428,-1,False,0.914,0.0,2000,2000,21360850
PKIS2,released_full_panel,two_way_centered,ligand,JAK2,MAPK1,-0.03630456756352643,-1,False,0.8005,0.0,2000,2000,21360850
PKIS2,released_full_panel,two_way_centered,ligand,JAK2,MAPK14,-0.25215126172123314,-1,False,1.0,0.0,2000,2000,21360850
PKIS2,released_full_panel,two_way_centered,ligand,JAK2,MAPKAPK2,-0.09785811936364511,-1,False,0.9925,0.0,2000,2000,21360850
PKIS2,released_full_panel,two_way_centered,ligand,JAK2,MET,0.0035631757111615663,1,False,0.5395,0.0,2000,2000,21360850
PKIS2,released_full_panel,two_way_centered,ligand,JAK2,PLK1,0.04218204947632858,1,False,0.876,0.0,2000,2000,21360850
PKIS2,released_full_panel,two_way_centered,ligand,JAK2,PTK2,0.18365902736190456,1,False,1.0,0.054,2000,2000,21360850
PKIS2,released_full_panel,two_way_centered,ligand,JAK2,ROCK1,0.2669448680847265,1,True,1.0,0.5525,2000,2000,21360850
PKIS2,released_full_panel,two_way_centered,ligand,JAK2,SRC,-0.11600021352687584,-1,False,0.995,0.0,2000,2000,21360850
PKIS2,released_full_panel,two_way_centered,ligand,KDR,KIT,0.3879401379127727,1,True,1.0,0.9995,2000,2000,21360850
PKIS2,released_full_panel,two_way_centered,ligand,KDR,LCK,0.11956371417589925,1,False,0.986,0.001,2000,2000,21360850
PKIS2,released_full_panel,two_way_centered,ligand,KDR,MAP2K1,-0.15798410156202328,-1,False,0.9995,0.0,2000,2000,21360850
PKIS2,released_full_panel,two_way_centered,ligand,KDR,MAPK1,-0.3934749009598739,-1,False,1.0,0.0,2000,2000,21360850
PKIS2,released_full_panel,two_way_centered,ligand,KDR,MAPK14,-0.16151666435244544,-1,False,1.0,0.0,2000,2000,21360850
PKIS2,released_full_panel,two_way_centered,ligand,KDR,MAPKAPK2,-0.3535877575857984,-1,False,1.0,0.0,2000,2000,21360850
PKIS2,released_full_panel,two_way_centered,ligand,KDR,MET,0.07619930730544808,1,False,0.932,0.001,2000,2000,21360850
PKIS2,released_full_panel,two_way_centered,ligand,KDR,PLK1,-0.23265718175688574,-1,False,1.0,0.0,2000,2000,21360850
PKIS2,released_full_panel,two_way_centered,ligand,KDR,PTK2,-0.15331581872923616,-1,False,0.995,0.0,2000,2000,21360850
PKIS2,released_full_panel,two_way_centered,ligand,KDR,ROCK1,-0.22965745936870585,-1,False,1.0,0.0,2000,2000,21360850
PKIS2,released_full_panel,two_way_centered,ligand,KDR,SRC,0.05687128928679773,1,False,0.831,0.0005,2000,2000,21360850
PKIS2,released_full_panel,two_way_centered,ligand,KIT,LCK,0.2991040317253998,1,True,1.0,0.862,2000,2000,21360850
PKIS2,released_full_panel,two_way_centered,ligand,KIT,MAP2K1,-0.18022065101176,-1,False,1.0,0.0,2000,2000,21360850
PKIS2,released_full_panel,two_way_centered,ligand,KIT,MAPK1,-0.3842961301716822,-1,False,1.0,0.0,2000,2000,21360850
PKIS2,released_full_panel,two_way_centered,ligand,KIT,MAPK14,-0.13344968871944174,-1,False,1.0,0.0,2000,2000,21360850
PKIS2,released_full_panel,two_way_centered,ligand,KIT,MAPKAPK2,-0.28382620339419135,-1,False,1.0,0.0,2000,2000,21360850
PKIS2,released_full_panel,two_way_centered,ligand,KIT,MET,-0.06025118055543615,-1,False,0.9185,0.0,2000,2000,21360850
PKIS2,released_full_panel,two_way_centered,ligand,KIT,PLK1,-0.34572617199065236,-1,False,1.0,0.0,2000,2000,21360850
PKIS2,released_full_panel,two_way_centered,ligand,KIT,PTK2,-0.35490626864696306,-1,False,1.0,0.0,2000,2000,21360850
PKIS2,released_full_panel,two_way_centered,ligand,KIT,ROCK1,-0.2745438819152518,-1,False,1.0,0.0,2000,2000,21360850
PKIS2,released_full_panel,two_way_centered,ligand,KIT,SRC,0.1286360609772265,1,False,0.9985,0.0,2000,2000,21360850
PKIS2,released_full_panel,two_way_centered,ligand,LCK,MAP2K1,-0.102446648740903,-1,False,0.967,0.0,2000,2000,21360850
PKIS2,released_full_panel,two_way_centered,ligand,LCK,MAPK1,-0.411773561909195,-1,False,1.0,0.0,2000,2000,21360850
PKIS2,released_full_panel,two_way_centered,ligand,LCK,MAPK14,-0.03783074193021969,-1,False,0.8185,0.0,2000,2000,21360850
PKIS2,released_full_panel,two_way_centered,ligand,LCK,MAPKAPK2,-0.3147142643977291,-1,False,1.0,0.0,2000,2000,21360850
PKIS2,released_full_panel,two_way_centered,ligand,LCK,MET,-0.06276997320179889,-1,False,0.898,0.0,2000,2000,21360850
PKIS2,released_full_panel,two_way_centered,ligand,LCK,PLK1,-0.3102205633281062,-1,False,1.0,0.0,2000,2000,21360850
PKIS2,released_full_panel,two_way_centered,ligand,LCK,PTK2,-0.3714442716824115,-1,False,1.0,0.0,2000,2000,21360850
PKIS2,released_full_panel,two_way_centered,ligand,LCK,ROCK1,-0.28902749725179483,-1,False,1.0,0.0,2000,2000,21360850
PKIS2,released_full_panel,two_way_centered,ligand,LCK,SRC,0.5372497814399412,1,True,1.0,1.0,2000,2000,21360850
PKIS2,released_full_panel,two_way_centered,ligand,MAP2K1,MAPK1,0.14602695893928774,1,False,0.9965,0.028,2000,2000,21360850
PKIS2,released_full_panel,two_way_centered,ligand,MAP2K1,MAPK14,-0.08689676165649117,-1,False,0.991,0.0,2000,2000,21360850
PKIS2,released_full_panel,two_way_centered,ligand,MAP2K1,MAPKAPK2,0.05104135838251275,1,False,0.8865,0.0,2000,2000,21360850
PKIS2,released_full_panel,two_way_centered,ligand,MAP2K1,MET,-0.10422644693352566,-1,False,0.988,0.0,2000,2000,21360850
PKIS2,released_full_panel,two_way_centered,ligand,MAP2K1,PLK1,0.11218580116296595,1,False,0.9955,0.0005,2000,2000,21360850
PKIS2,released_full_panel,two_way_centered,ligand,MAP2K1,PTK2,0.037630265146205634,1,False,0.7805,0.0,2000,2000,21360850
PKIS2,released_full_panel,two_way_centered,ligand,MAP2K1,ROCK1,-0.018881385761302397,-1,False,0.6665,0.0,2000,2000,21360850
PKIS2,released_full_panel,two_way_centered,ligand,MAP2K1,SRC,-0.0677825306076365,-1,False,0.926,0.0,2000,2000,21360850
PKIS2,released_full_panel,two_way_centered,ligand,MAPK1,MAPK14,0.0007573327215437133,1,False,0.507,0.0,2000,2000,21360850
PKIS2,released_full_panel,two_way_centered,ligand,MAPK1,MAPKAPK2,0.4166074649004368,1,True,1.0,0.9995,2000,2000,21360850
PKIS2,released_full_panel,two_way_centered,ligand,MAPK1,MET,-0.03057227536176341,-1,False,0.7315,0.0,2000,2000,21360850
PKIS2,released_full_panel,two_way_centered,ligand,MAPK1,PLK1,0.2052052194903229,1,False,1.0,0.125,2000,2000,21360850
PKIS2,released_full_panel,two_way_centered,ligand,MAPK1,PTK2,0.31643339966405937,1,True,1.0,0.8805,2000,2000,21360850
PKIS2,released_full_panel,two_way_centered,ligand,MAPK1,ROCK1,0.052777166317047944,1,False,0.8855,0.0,2000,2000,21360850
PKIS2,released_full_panel,two_way_centered,ligand,MAPK1,SRC,-0.303973909732245,-1,False,1.0,0.0,2000,2000,21360850
PKIS2,released_full_panel,two_way_centered,ligand,MAPK14,MAPKAPK2,0.07792462016363273,1,False,0.972,0.0,2000,2000,21360850
PKIS2,released_full_panel,two_way_centered,ligand,MAPK14,MET,-0.08806152602381656,-1,False,0.979,0.0,2000,2000,21360850
PKIS2,released_full_panel,two_way_centered,ligand,MAPK14,PLK1,-0.08987274410478202,-1,False,0.994,0.0,2000,2000,21360850
PKIS2,released_full_panel,two_way_centered,ligand,MAPK14,PTK2,-0.1333233815604306,-1,False,0.9985,0.0,2000,2000,21360850
PKIS2,released_full_panel,two_way_centered,ligand,MAPK14,ROCK1,-0.1057152579723171,-1,False,0.9985,0.0,2000,2000,21360850
PKIS2,released_full_panel,two_way_centered,ligand,MAPK14,SRC,-0.062023017080506566,-1,False,0.9325,0.0,2000,2000,21360850
PKIS2,released_full_panel,two_way_centered,ligand,MAPKAPK2,MET,-0.006640432411681628,-1,False,0.5615,0.0,2000,2000,21360850
PKIS2,released_full_panel,two_way_centered,ligand,MAPKAPK2,PLK1,0.12473162600370538,1,False,0.997,0.0005,2000,2000,21360850
PKIS2,released_full_panel,two_way_centered,ligand,MAPKAPK2,PTK2,0.0219514452985268,1,False,0.6745,0.0,2000,2000,21360850
PKIS2,released_full_panel,two_way_centered,ligand,MAPKAPK2,ROCK1,0.1099543476544105,1,False,0.993,0.0005,2000,2000,21360850
PKIS2,released_full_panel,two_way_centered,ligand,MAPKAPK2,SRC,-0.3361860429282233,-1,False,1.0,0.0,2000,2000,21360850
PKIS2,released_full_panel,two_way_centered,ligand,MET,PLK1,-0.013501242605408654,-1,False,0.6235,0.0,2000,2000,21360850
PKIS2,released_full_panel,two_way_centered,ligand,MET,PTK2,0.20266807261041003,1,False,0.9995,0.1935,2000,2000,21360850
PKIS2,released_full_panel,two_way_centered,ligand,MET,ROCK1,-0.20059019765558314,-1,False,0.9995,0.0,2000,2000,21360850
PKIS2,released_full_panel,two_way_centered,ligand,MET,SRC,-0.1139968553648939,-1,False,0.9855,0.0,2000,2000,21360850
PKIS2,released_full_panel,two_way_centered,ligand,PLK1,PTK2,0.23489555388675198,1,False,1.0,0.3365,2000,2000,21360850
PKIS2,released_full_panel,two_way_centered,ligand,PLK1,ROCK1,0.08148712486975776,1,False,0.973,0.0,2000,2000,21360850
PKIS2,released_full_panel,two_way_centered,ligand,PLK1,SRC,-0.2366374791715887,-1,False,1.0,0.0,2000,2000,21360850
PKIS2,released_full_panel,two_way_centered,ligand,PTK2,ROCK1,0.01651843135831134,1,False,0.655,0.0,2000,2000,21360850
PKIS2,released_full_panel,two_way_centered,ligand,PTK2,SRC,-0.27056019887301547,-1,False,1.0,0.0,2000,2000,21360850
PKIS2,released_full_panel,two_way_centered,ligand,ROCK1,SRC,-0.19439942682725475,-1,False,1.0,0.0,2000,2000,21360850
PKIS2,released_full_panel,two_way_centered,butina_cluster,ABL1,AKT1,-0.35911802843811436,-1,False,1.0,0.0,2000,2000,21360851
PKIS2,released_full_panel,two_way_centered,butina_cluster,ABL1,AKT2,-0.4341820664192947,-1,False,1.0,0.0,2000,2000,21360851
PKIS2,released_full_panel,two_way_centered,butina_cluster,ABL1,CDK2,-0.12260046655579304,-1,False,0.9545,0.0,2000,2000,21360851
PKIS2,released_full_panel,two_way_centered,butina_cluster,ABL1,CSF1R,0.2790498194218853,1,True,1.0,0.602,2000,2000,21360851
PKIS2,released_full_panel,two_way_centered,butina_cluster,ABL1,EGFR,-0.18849120029872696,-1,False,1.0,0.0,2000,2000,21360851
PKIS2,released_full_panel,two_way_centered,butina_cluster,ABL1,FGFR1,0.013228507762951165,1,False,0.5675,0.0005,2000,2000,21360851
PKIS2,released_full_panel,two_way_centered,butina_cluster,ABL1,IGF1R,-0.3335770843459269,-1,False,1.0,0.0,2000,2000,21360851
PKIS2,released_full_panel,two_way_centered,butina_cluster,ABL1,JAK2,-0.286514967216287,-1,False,1.0,0.0,2000,2000,21360851
PKIS2,released_full_panel,two_way_centered,butina_cluster,ABL1,KDR,0.36477985096016574,1,True,1.0,0.9725,2000,2000,21360851
PKIS2,released_full_panel,two_way_centered,butina_cluster,ABL1,KIT,0.25148274691131767,1,True,1.0,0.416,2000,2000,21360851
PKIS2,released_full_panel,two_way_centered,butina_cluster,ABL1,LCK,0.32295620116461277,1,True,1.0,0.865,2000,2000,21360851
PKIS2,released_full_panel,two_way_centered,butina_cluster,ABL1,MAP2K1,-0.052010610373363866,-1,False,0.7945,0.0,2000,2000,21360851
PKIS2,released_full_panel,two_way_centered,butina_cluster,ABL1,MAPK1,-0.27119891854942946,-1,False,1.0,0.0,2000,2000,21360851
PKIS2,released_full_panel,two_way_centered,butina_cluster,ABL1,MAPK14,-0.07110813322450694,-1,False,0.934,0.0,2000,2000,21360851
PKIS2,released_full_panel,two_way_centered,butina_cluster,ABL1,MAPKAPK2,-0.3376004946287141,-1,False,1.0,0.0,2000,2000,21360851
PKIS2,released_full_panel,two_way_centered,butina_cluster,ABL1,MET,0.05680350637868503,1,False,0.817,0.0005,2000,2000,21360851
PKIS2,released_full_panel,two_way_centered,butina_cluster,ABL1,PLK1,-0.2406248800556572,-1,False,1.0,0.0,2000,2000,21360851
PKIS2,released_full_panel,two_way_centered,butina_cluster,ABL1,PTK2,-0.1321710092353035,-1,False,0.9925,0.0,2000,2000,21360851
PKIS2,released_full_panel,two_way_centered,butina_cluster,ABL1,ROCK1,-0.29539018567915276,-1,False,1.0,0.0,2000,2000,21360851
PKIS2,released_full_panel,two_way_centered,butina_cluster,ABL1,SRC,0.2487075180068402,1,False,1.0,0.4045,2000,2000,21360851
PKIS2,released_full_panel,two_way_centered,butina_cluster,AKT1,AKT2,0.6867562642567007,1,True,1.0,1.0,2000,2000,21360851
PKIS2,released_full_panel,two_way_centered,butina_cluster,AKT1,CDK2,0.0313107674761335,1,False,0.6895,0.001,2000,2000,21360851
PKIS2,released_full_panel,two_way_centered,butina_cluster,AKT1,CSF1R,-0.348147008440178,-1,False,1.0,0.0,2000,2000,21360851
PKIS2,released_full_panel,two_way_centered,butina_cluster,AKT1,EGFR,-0.036605846152930215,-1,False,0.762,0.0,2000,2000,21360851
PKIS2,released_full_panel,two_way_centered,butina_cluster,AKT1,FGFR1,0.06600108230039935,1,False,0.7815,0.0095,2000,2000,21360851
PKIS2,released_full_panel,two_way_centered,butina_cluster,AKT1,IGF1R,0.060523364675005104,1,False,0.8265,0.0025,2000,2000,21360851
PKIS2,released_full_panel,two_way_centered,butina_cluster,AKT1,JAK2,0.05498729563921605,1,False,0.7805,0.0,2000,2000,21360851
PKIS2,released_full_panel,two_way_centered,butina_cluster,AKT1,KDR,-0.34199922306798114,-1,False,1.0,0.0,2000,2000,21360851
PKIS2,released_full_panel,two_way_centered,butina_cluster,AKT1,KIT,-0.3707979856951754,-1,False,1.0,0.0,2000,2000,21360851
PKIS2,released_full_panel,two_way_centered,butina_cluster,AKT1,LCK,-0.38702617127629524,-1,False,1.0,0.0,2000,2000,21360851
PKIS2,released_full_panel,two_way_centered,butina_cluster,AKT1,MAP2K1,-0.043912762267244804,-1,False,0.731,0.0,2000,2000,21360851
PKIS2,released_full_panel,two_way_centered,butina_cluster,AKT1,MAPK1,0.3385330317981536,1,True,1.0,0.86,2000,2000,21360851
PKIS2,released_full_panel,two_way_centered,butina_cluster,AKT1,MAPK14,-0.039301225766438116,-1,False,0.776,0.0,2000,2000,21360851
PKIS2,released_full_panel,two_way_centered,butina_cluster,AKT1,MAPKAPK2,0.20486785071344168,1,False,0.999,0.25,2000,2000,21360851
PKIS2,released_full_panel,two_way_centered,butina_cluster,AKT1,MET,-0.1854717022021484,-1,False,0.9995,0.0,2000,2000,21360851
PKIS2,released_full_panel,two_way_centered,butina_cluster,AKT1,PLK1,0.12990543299440419,1,False,0.9885,0.024,2000,2000,21360851
PKIS2,released_full_panel,two_way_centered,butina_cluster,AKT1,PTK2,0.14348070849574351,1,False,0.985,0.0495,2000,2000,21360851
PKIS2,released_full_panel,two_way_centered,butina_cluster,AKT1,ROCK1,0.3577738844769519,1,True,1.0,0.9035,2000,2000,21360851
PKIS2,released_full_panel,two_way_centered,butina_cluster,AKT1,SRC,-0.29735361630869994,-1,False,1.0,0.0,2000,2000,21360851
PKIS2,released_full_panel,two_way_centered,butina_cluster,AKT2,CDK2,0.11077708466862912,1,False,0.956,0.0085,2000,2000,21360851
PKIS2,released_full_panel,two_way_centered,butina_cluster,AKT2,CSF1R,-0.32628575994253706,-1,False,1.0,0.0,2000,2000,21360851
PKIS2,released_full_panel,two_way_centered,butina_cluster,AKT2,EGFR,0.0034602231186817013,1,False,0.5185,0.0,2000,2000,21360851
PKIS2,released_full_panel,two_way_centered,butina_cluster,AKT2,FGFR1,-0.021243124774368592,-1,False,0.627,0.0,2000,2000,21360851
PKIS2,released_full_panel,two_way_centered,butina_cluster,AKT2,IGF1R,0.15523619223806234,1,False,0.9925,0.056,2000,2000,21360851
PKIS2,released_full_panel,two_way_centered,butina_cluster,AKT2,JAK2,-0.0028126376883290585,-1,False,0.5425,0.0,2000,2000,21360851
PKIS2,released_full_panel,two_way_centered,butina_cluster,AKT2,KDR,-0.3711634982358319,-1,False,1.0,0.0,2000,2000,21360851
PKIS2,released_full_panel,two_way_centered,butina_cluster,AKT2,KIT,-0.3349718270157931,-1,False,1.0,0.0,2000,2000,21360851
PKIS2,released_full_panel,two_way_centered,butina_cluster,AKT2,LCK,-0.3525056412826121,-1,False,1.0,0.0,2000,2000,21360851
PKIS2,released_full_panel,two_way_centered,butina_cluster,AKT2,MAP2K1,-0.04789321094018523,-1,False,0.798,0.0,2000,2000,21360851
PKIS2,released_full_panel,two_way_centered,butina_cluster,AKT2,MAPK1,0.33923124107326375,1,True,1.0,0.9,2000,2000,21360851
PKIS2,released_full_panel,two_way_centered,butina_cluster,AKT2,MAPK14,-0.005397371785919288,-1,False,0.5435,0.0,2000,2000,21360851
PKIS2,released_full_panel,two_way_centered,butina_cluster,AKT2,MAPKAPK2,0.3659442771042407,1,True,1.0,0.949,2000,2000,21360851
PKIS2,released_full_panel,two_way_centered,butina_cluster,AKT2,MET,-0.15720294772598922,-1,False,0.9975,0.0,2000,2000,21360851
PKIS2,released_full_panel,two_way_centered,butina_cluster,AKT2,PLK1,0.08759298144794275,1,False,0.9355,0.004,2000,2000,21360851
PKIS2,released_full_panel,two_way_centered,butina_cluster,AKT2,PTK2,0.06513560939930167,1,False,0.844,0.0005,2000,2000,21360851
PKIS2,released_full_panel,two_way_centered,butina_cluster,AKT2,ROCK1,0.2531048964567386,1,True,1.0,0.4385,2000,2000,21360851
PKIS2,released_full_panel,two_way_centered,butina_cluster,AKT2,SRC,-0.2821866697367646,-1,False,1.0,0.0,2000,2000,21360851
PKIS2,released_full_panel,two_way_centered,butina_cluster,CDK2,CSF1R,-0.35574609870760804,-1,False,1.0,0.0,2000,2000,21360851
PKIS2,released_full_panel,two_way_centered,butina_cluster,CDK2,EGFR,-0.10392293653723188,-1,False,0.967,0.0,2000,2000,21360851
PKIS2,released_full_panel,two_way_centered,butina_cluster,CDK2,FGFR1,-0.03822434609094873,-1,False,0.7485,0.0,2000,2000,21360851
PKIS2,released_full_panel,two_way_centered,butina_cluster,CDK2,IGF1R,0.18725915561767673,1,False,0.9965,0.163,2000,2000,21360851
PKIS2,released_full_panel,two_way_centered,butina_cluster,CDK2,JAK2,0.012571242548489153,1,False,0.616,0.0,2000,2000,21360851
PKIS2,released_full_panel,two_way_centered,butina_cluster,CDK2,KDR,-0.1785918220764829,-1,False,0.9975,0.0,2000,2000,21360851
PKIS2,released_full_panel,two_way_centered,butina_cluster,CDK2,KIT,-0.2226845766743193,-1,False,1.0,0.0,2000,2000,21360851
PKIS2,released_full_panel,two_way_centered,butina_cluster,CDK2,LCK,-0.27943901250644515,-1,False,1.0,0.0,2000,2000,21360851
PKIS2,released_full_panel,two_way_centered,butina_cluster,CDK2,MAP2K1,0.015899996933798906,1,False,0.6335,0.0,2000,2000,21360851
PKIS2,released_full_panel,two_way_centered,butina_cluster,CDK2,MAPK1,0.24476628961847718,1,False,1.0,0.437,2000,2000,21360851
PKIS2,released_full_panel,two_way_centered,butina_cluster,CDK2,MAPK14,-0.01933407642763803,-1,False,0.691,0.0,2000,2000,21360851
PKIS2,released_full_panel,two_way_centered,butina_cluster,CDK2,MAPKAPK2,0.1998147867389387,1,False,0.9985,0.146,2000,2000,21360851
PKIS2,released_full_panel,two_way_centered,butina_cluster,CDK2,MET,0.0007823868860750275,1,False,0.5015,0.0,2000,2000,21360851
PKIS2,released_full_panel,two_way_centered,butina_cluster,CDK2,PLK1,0.15829284054860213,1,False,0.9975,0.0505,2000,2000,21360851
PKIS2,released_full_panel,two_way_centered,butina_cluster,CDK2,PTK2,0.23475840324296657,1,False,1.0,0.3475,2000,2000,21360851
PKIS2,released_full_panel,two_way_centered,butina_cluster,CDK2,ROCK1,-0.0737512151859733,-1,False,0.9095,0.0,2000,2000,21360851
PKIS2,released_full_panel,two_way_centered,butina_cluster,CDK2,SRC,-0.1651985830754145,-1,False,0.982,0.0,2000,2000,21360851
PKIS2,released_full_panel,two_way_centered,butina_cluster,CSF1R,EGFR,-0.1584650289612293,-1,False,0.988,0.0,2000,2000,21360851
PKIS2,released_full_panel,two_way_centered,butina_cluster,CSF1R,FGFR1,-0.06716874679698082,-1,False,0.818,0.0,2000,2000,21360851
PKIS2,released_full_panel,two_way_centered,butina_cluster,CSF1R,IGF1R,-0.3100306070535155,-1,False,1.0,0.0,2000,2000,21360851
PKIS2,released_full_panel,two_way_centered,butina_cluster,CSF1R,JAK2,-0.1795061218814871,-1,False,0.997,0.0,2000,2000,21360851
PKIS2,released_full_panel,two_way_centered,butina_cluster,CSF1R,KDR,0.49490513519933693,1,True,1.0,0.9985,2000,2000,21360851
PKIS2,released_full_panel,two_way_centered,butina_cluster,CSF1R,KIT,0.6821694791205932,1,True,1.0,1.0,2000,2000,21360851
PKIS2,released_full_panel,two_way_centered,butina_cluster,CSF1R,LCK,0.31230055084703856,1,True,1.0,0.834,2000,2000,21360851
PKIS2,released_full_panel,two_way_centered,butina_cluster,CSF1R,MAP2K1,-0.21623573261954432,-1,False,1.0,0.0,2000,2000,21360851
PKIS2,released_full_panel,two_way_centered,butina_cluster,CSF1R,MAPK1,-0.42772024941791775,-1,False,1.0,0.0,2000,2000,21360851
PKIS2,released_full_panel,two_way_centered,butina_cluster,CSF1R,MAPK14,-0.13660349046846895,-1,False,0.998,0.0,2000,2000,21360851
PKIS2,released_full_panel,two_way_centered,butina_cluster,CSF1R,MAPKAPK2,-0.3326860344483352,-1,False,1.0,0.0,2000,2000,21360851
PKIS2,released_full_panel,two_way_centered,butina_cluster,CSF1R,MET,-0.012867531738545617,-1,False,0.5805,0.0,2000,2000,21360851
PKIS2,released_full_panel,two_way_centered,butina_cluster,CSF1R,PLK1,-0.3611257026384038,-1,False,1.0,0.0,2000,2000,21360851
PKIS2,released_full_panel,two_way_centered,butina_cluster,CSF1R,PTK2,-0.34663078072637943,-1,False,1.0,0.0,2000,2000,21360851
PKIS2,released_full_panel,two_way_centered,butina_cluster,CSF1R,ROCK1,-0.2266995286942176,-1,False,1.0,0.0,2000,2000,21360851
PKIS2,released_full_panel,two_way_centered,butina_cluster,CSF1R,SRC,0.13346098480678414,1,False,0.993,0.0135,2000,2000,21360851
PKIS2,released_full_panel,two_way_centered,butina_cluster,EGFR,FGFR1,-0.18872622921009843,-1,False,1.0,0.0,2000,2000,21360851
PKIS2,released_full_panel,two_way_centered,butina_cluster,EGFR,IGF1R,0.031037912607048204,1,False,0.716,0.0,2000,2000,21360851
PKIS2,released_full_panel,two_way_centered,butina_cluster,EGFR,JAK2,-0.13161120612623634,-1,False,0.9965,0.0,2000,2000,21360851
PKIS2,released_full_panel,two_way_centered,butina_cluster,EGFR,KDR,-0.22702161360989384,-1,False,1.0,0.0,2000,2000,21360851
PKIS2,released_full_panel,two_way_centered,butina_cluster,EGFR,KIT,-0.14023320459201558,-1,False,0.988,0.0,2000,2000,21360851
PKIS2,released_full_panel,two_way_centered,butina_cluster,EGFR,LCK,0.21371249800158212,1,False,1.0,0.2185,2000,2000,21360851
PKIS2,released_full_panel,two_way_centered,butina_cluster,EGFR,MAP2K1,0.10596600947670198,1,False,0.9855,0.0,2000,2000,21360851
PKIS2,released_full_panel,two_way_centered,butina_cluster,EGFR,MAPK1,-0.03318898057162448,-1,False,0.7285,0.0,2000,2000,21360851
PKIS2,released_full_panel,two_way_centered,butina_cluster,EGFR,MAPK14,0.08932765430218698,1,False,0.98,0.0,2000,2000,21360851
PKIS2,released_full_panel,two_way_centered,butina_cluster,EGFR,MAPKAPK2,0.08157770144541782,1,False,0.9615,0.0,2000,2000,21360851
PKIS2,released_full_panel,two_way_centered,butina_cluster,EGFR,MET,-0.1702253397830667,-1,False,1.0,0.0,2000,2000,21360851
PKIS2,released_full_panel,two_way_centered,butina_cluster,EGFR,PLK1,-0.04998547021933361,-1,False,0.872,0.0,2000,2000,21360851
PKIS2,released_full_panel,two_way_centered,butina_cluster,EGFR,PTK2,-0.24975125157165246,-1,False,1.0,0.0,2000,2000,21360851
PKIS2,released_full_panel,two_way_centered,butina_cluster,EGFR,ROCK1,-0.08818492169831665,-1,False,0.9545,0.0,2000,2000,21360851
PKIS2,released_full_panel,two_way_centered,butina_cluster,EGFR,SRC,0.10865324343605086,1,False,0.984,0.0005,2000,2000,21360851
PKIS2,released_full_panel,two_way_centered,butina_cluster,FGFR1,IGF1R,0.004503839846151842,1,False,0.5525,0.0,2000,2000,21360851
PKIS2,released_full_panel,two_way_centered,butina_cluster,FGFR1,JAK2,0.058646347064824425,1,False,0.846,0.0,2000,2000,21360851
PKIS2,released_full_panel,two_way_centered,butina_cluster,FGFR1,KDR,0.1380046786953403,1,False,0.9445,0.0875,2000,2000,21360851
PKIS2,released_full_panel,two_way_centered,butina_cluster,FGFR1,KIT,-0.12271854908373694,-1,False,0.9735,0.0,2000,2000,21360851
PKIS2,released_full_panel,two_way_centered,butina_cluster,FGFR1,LCK,-0.09821104825856528,-1,False,0.946,0.0,2000,2000,21360851
PKIS2,released_full_panel,two_way_centered,butina_cluster,FGFR1,MAP2K1,-0.13464734833736972,-1,False,0.9795,0.0,2000,2000,21360851
PKIS2,released_full_panel,two_way_centered,butina_cluster,FGFR1,MAPK1,-0.06812552388893585,-1,False,0.843,0.0,2000,2000,21360851
PKIS2,released_full_panel,two_way_centered,butina_cluster,FGFR1,MAPK14,-0.09390897446200977,-1,False,0.958,0.0,2000,2000,21360851
PKIS2,released_full_panel,two_way_centered,butina_cluster,FGFR1,MAPKAPK2,-0.19141475765077176,-1,False,0.9995,0.0,2000,2000,21360851
PKIS2,released_full_panel,two_way_centered,butina_cluster,FGFR1,MET,0.021865210180858113,1,False,0.632,0.0,2000,2000,21360851
PKIS2,released_full_panel,two_way_centered,butina_cluster,FGFR1,PLK1,0.02967276295466521,1,False,0.666,0.001,2000,2000,21360851
PKIS2,released_full_panel,two_way_centered,butina_cluster,FGFR1,PTK2,0.1083699400444236,1,False,0.966,0.016,2000,2000,21360851
PKIS2,released_full_panel,two_way_centered,butina_cluster,FGFR1,ROCK1,-0.07998664204628939,-1,False,0.893,0.0,2000,2000,21360851
PKIS2,released_full_panel,two_way_centered,butina_cluster,FGFR1,SRC,0.01892489280567683,1,False,0.604,0.0,2000,2000,21360851
PKIS2,released_full_panel,two_way_centered,butina_cluster,IGF1R,JAK2,-0.05997858425331155,-1,False,0.886,0.0,2000,2000,21360851
PKIS2,released_full_panel,two_way_centered,butina_cluster,IGF1R,KDR,-0.24136167992683058,-1,False,1.0,0.0,2000,2000,21360851
PKIS2,released_full_panel,two_way_centered,butina_cluster,IGF1R,KIT,-0.3226660019151264,-1,False,1.0,0.0,2000,2000,21360851
PKIS2,released_full_panel,two_way_centered,butina_cluster,IGF1R,LCK,-0.3225551651417461,-1,False,1.0,0.0,2000,2000,21360851
PKIS2,released_full_panel,two_way_centered,butina_cluster,IGF1R,MAP2K1,0.13784544302173862,1,False,0.994,0.019,2000,2000,21360851
PKIS2,released_full_panel,two_way_centered,butina_cluster,IGF1R,MAPK1,0.289187658348516,1,True,1.0,0.6895,2000,2000,21360851
PKIS2,released_full_panel,two_way_centered,butina_cluster,IGF1R,MAPK14,0.037592483838463545,1,False,0.7765,0.0,2000,2000,21360851
PKIS2,released_full_panel,two_way_centered,butina_cluster,IGF1R,MAPKAPK2,0.29388746130043575,1,True,1.0,0.686,2000,2000,21360851
PKIS2,released_full_panel,two_way_centered,butina_cluster,IGF1R,MET,0.14456740609052388,1,False,0.9925,0.0325,2000,2000,21360851
PKIS2,released_full_panel,two_way_centered,butina_cluster,IGF1R,PLK1,0.14845324383277442,1,False,0.999,0.0185,2000,2000,21360851
PKIS2,released_full_panel,two_way_centered,butina_cluster,IGF1R,PTK2,0.23581572417496688,1,False,1.0,0.3325,2000,2000,21360851
PKIS2,released_full_panel,two_way_centered,butina_cluster,IGF1R,ROCK1,-0.04347419509001506,-1,False,0.7795,0.0,2000,2000,21360851
PKIS2,released_full_panel,two_way_centered,butina_cluster,IGF1R,SRC,-0.19579589270191838,-1,False,0.9975,0.0,2000,2000,21360851
PKIS2,released_full_panel,two_way_centered,butina_cluster,JAK2,KDR,-0.1233187133720227,-1,False,0.987,0.0,2000,2000,21360851
PKIS2,released_full_panel,two_way_centered,butina_cluster,JAK2,KIT,-0.15906571725664478,-1,False,0.9975,0.0,2000,2000,21360851
PKIS2,released_full_panel,two_way_centered,butina_cluster,JAK2,LCK,-0.1948352332043961,-1,False,1.0,0.0,2000,2000,21360851
PKIS2,released_full_panel,two_way_centered,butina_cluster,JAK2,MAP2K1,-0.05957598315660428,-1,False,0.9185,0.0,2000,2000,21360851
PKIS2,released_full_panel,two_way_centered,butina_cluster,JAK2,MAPK1,-0.03630456756352643,-1,False,0.748,0.0,2000,2000,21360851
PKIS2,released_full_panel,two_way_centered,butina_cluster,JAK2,MAPK14,-0.25215126172123314,-1,False,1.0,0.0,2000,2000,21360851
PKIS2,released_full_panel,two_way_centered,butina_cluster,JAK2,MAPKAPK2,-0.09785811936364511,-1,False,0.9835,0.0,2000,2000,21360851
PKIS2,released_full_panel,two_way_centered,butina_cluster,JAK2,MET,0.0035631757111615663,1,False,0.523,0.0,2000,2000,21360851
PKIS2,released_full_panel,two_way_centered,butina_cluster,JAK2,PLK1,0.04218204947632858,1,False,0.8305,0.0,2000,2000,21360851
PKIS2,released_full_panel,two_way_centered,butina_cluster,JAK2,PTK2,0.18365902736190456,1,False,0.9995,0.0955,2000,2000,21360851
PKIS2,released_full_panel,two_way_centered,butina_cluster,JAK2,ROCK1,0.2669448680847265,1,True,1.0,0.523,2000,2000,21360851
PKIS2,released_full_panel,two_way_centered,butina_cluster,JAK2,SRC,-0.11600021352687584,-1,False,0.997,0.0,2000,2000,21360851
PKIS2,released_full_panel,two_way_centered,butina_cluster,KDR,KIT,0.3879401379127727,1,True,1.0,0.9785,2000,2000,21360851
PKIS2,released_full_panel,two_way_centered,butina_cluster,KDR,LCK,0.11956371417589925,1,False,0.9765,0.006,2000,2000,21360851
PKIS2,released_full_panel,two_way_centered,butina_cluster,KDR,MAP2K1,-0.15798410156202328,-1,False,0.9965,0.0,2000,2000,21360851
PKIS2,released_full_panel,two_way_centered,butina_cluster,KDR,MAPK1,-0.3934749009598739,-1,False,1.0,0.0,2000,2000,21360851
PKIS2,released_full_panel,two_way_centered,butina_cluster,KDR,MAPK14,-0.16151666435244544,-1,False,1.0,0.0,2000,2000,21360851
PKIS2,released_full_panel,two_way_centered,butina_cluster,KDR,MAPKAPK2,-0.3535877575857984,-1,False,1.0,0.0,2000,2000,21360851
PKIS2,released_full_panel,two_way_centered,butina_cluster,KDR,MET,0.07619930730544808,1,False,0.8795,0.0035,2000,2000,21360851
PKIS2,released_full_panel,two_way_centered,butina_cluster,KDR,PLK1,-0.23265718175688574,-1,False,1.0,0.0,2000,2000,21360851
PKIS2,released_full_panel,two_way_centered,butina_cluster,KDR,PTK2,-0.15331581872923616,-1,False,0.9805,0.0,2000,2000,21360851
PKIS2,released_full_panel,two_way_centered,butina_cluster,KDR,ROCK1,-0.22965745936870585,-1,False,1.0,0.0,2000,2000,21360851
PKIS2,released_full_panel,two_way_centered,butina_cluster,KDR,SRC,0.05687128928679773,1,False,0.8015,0.0025,2000,2000,21360851
PKIS2,released_full_panel,two_way_centered,butina_cluster,KIT,LCK,0.2991040317253998,1,True,1.0,0.7705,2000,2000,21360851
PKIS2,released_full_panel,two_way_centered,butina_cluster,KIT,MAP2K1,-0.18022065101176,-1,False,0.9995,0.0,2000,2000,21360851
PKIS2,released_full_panel,two_way_centered,butina_cluster,KIT,MAPK1,-0.3842961301716822,-1,False,1.0,0.0,2000,2000,21360851
PKIS2,released_full_panel,two_way_centered,butina_cluster,KIT,MAPK14,-0.13344968871944174,-1,False,0.9915,0.0,2000,2000,21360851
PKIS2,released_full_panel,two_way_centered,butina_cluster,KIT,MAPKAPK2,-0.28382620339419135,-1,False,1.0,0.0,2000,2000,21360851
PKIS2,released_full_panel,two_way_centered,butina_cluster,KIT,MET,-0.06025118055543615,-1,False,0.8105,0.0,2000,2000,21360851
PKIS2,released_full_panel,two_way_centered,butina_cluster,KIT,PLK1,-0.34572617199065236,-1,False,1.0,0.0,2000,2000,21360851
PKIS2,released_full_panel,two_way_centered,butina_cluster,KIT,PTK2,-0.35490626864696306,-1,False,1.0,0.0,2000,2000,21360851
PKIS2,released_full_panel,two_way_centered,butina_cluster,KIT,ROCK1,-0.2745438819152518,-1,False,1.0,0.0,2000,2000,21360851
PKIS2,released_full_panel,two_way_centered,butina_cluster,KIT,SRC,0.1286360609772265,1,False,0.9935,0.005,2000,2000,21360851
PKIS2,released_full_panel,two_way_centered,butina_cluster,LCK,MAP2K1,-0.102446648740903,-1,False,0.9125,0.0,2000,2000,21360851
PKIS2,released_full_panel,two_way_centered,butina_cluster,LCK,MAPK1,-0.411773561909195,-1,False,1.0,0.0,2000,2000,21360851
PKIS2,released_full_panel,two_way_centered,butina_cluster,LCK,MAPK14,-0.03783074193021969,-1,False,0.7835,0.0,2000,2000,21360851
PKIS2,released_full_panel,two_way_centered,butina_cluster,LCK,MAPKAPK2,-0.3147142643977291,-1,False,1.0,0.0,2000,2000,21360851
PKIS2,released_full_panel,two_way_centered,butina_cluster,LCK,MET,-0.06276997320179889,-1,False,0.843,0.0,2000,2000,21360851
PKIS2,released_full_panel,two_way_centered,butina_cluster,LCK,PLK1,-0.3102205633281062,-1,False,1.0,0.0,2000,2000,21360851
PKIS2,released_full_panel,two_way_centered,butina_cluster,LCK,PTK2,-0.3714442716824115,-1,False,1.0,0.0,2000,2000,21360851
PKIS2,released_full_panel,two_way_centered,butina_cluster,LCK,ROCK1,-0.28902749725179483,-1,False,1.0,0.0,2000,2000,21360851
PKIS2,released_full_panel,two_way_centered,butina_cluster,LCK,SRC,0.5372497814399412,1,True,1.0,1.0,2000,2000,21360851
PKIS2,released_full_panel,two_way_centered,butina_cluster,MAP2K1,MAPK1,0.14602695893928774,1,False,0.989,0.053,2000,2000,21360851
PKIS2,released_full_panel,two_way_centered,butina_cluster,MAP2K1,MAPK14,-0.08689676165649117,-1,False,0.969,0.0,2000,2000,21360851
PKIS2,released_full_panel,two_way_centered,butina_cluster,MAP2K1,MAPKAPK2,0.05104135838251275,1,False,0.8395,0.0,2000,2000,21360851
PKIS2,released_full_panel,two_way_centered,butina_cluster,MAP2K1,MET,-0.10422644693352566,-1,False,0.975,0.0,2000,2000,21360851
PKIS2,released_full_panel,two_way_centered,butina_cluster,MAP2K1,PLK1,0.11218580116296595,1,False,0.9855,0.0095,2000,2000,21360851
PKIS2,released_full_panel,two_way_centered,butina_cluster,MAP2K1,PTK2,0.037630265146205634,1,False,0.752,0.0,2000,2000,21360851
PKIS2,released_full_panel,two_way_centered,butina_cluster,MAP2K1,ROCK1,-0.018881385761302397,-1,False,0.6325,0.0,2000,2000,21360851
PKIS2,released_full_panel,two_way_centered,butina_cluster,MAP2K1,SRC,-0.0677825306076365,-1,False,0.887,0.0,2000,2000,21360851
PKIS2,released_full_panel,two_way_centered,butina_cluster,MAPK1,MAPK14,0.0007573327215437133,1,False,0.48,0.0,2000,2000,21360851
PKIS2,released_full_panel,two_way_centered,butina_cluster,MAPK1,MAPKAPK2,0.4166074649004368,1,True,1.0,0.999,2000,2000,21360851
PKIS2,released_full_panel,two_way_centered,butina_cluster,MAPK1,MET,-0.03057227536176341,-1,False,0.6745,0.0,2000,2000,21360851
PKIS2,released_full_panel,two_way_centered,butina_cluster,MAPK1,PLK1,0.2052052194903229,1,False,0.999,0.206,2000,2000,21360851
PKIS2,released_full_panel,two_way_centered,butina_cluster,MAPK1,PTK2,0.31643339966405937,1,True,1.0,0.8495,2000,2000,21360851
PKIS2,released_full_panel,two_way_centered,butina_cluster,MAPK1,ROCK1,0.052777166317047944,1,False,0.853,0.0,2000,2000,21360851
PKIS2,released_full_panel,two_way_centered,butina_cluster,MAPK1,SRC,-0.303973909732245,-1,False,1.0,0.0,2000,2000,21360851
PKIS2,released_full_panel,two_way_centered,butina_cluster,MAPK14,MAPKAPK2,0.07792462016363273,1,False,0.9485,0.0,2000,2000,21360851
PKIS2,released_full_panel,two_way_centered,butina_cluster,MAPK14,MET,-0.08806152602381656,-1,False,0.965,0.0,2000,2000,21360851
PKIS2,released_full_panel,two_way_centered,butina_cluster,MAPK14,PLK1,-0.08987274410478202,-1,False,0.9755,0.0,2000,2000,21360851
PKIS2,released_full_panel,two_way_centered,butina_cluster,MAPK14,PTK2,-0.1333233815604306,-1,False,0.999,0.0,2000,2000,21360851
PKIS2,released_full_panel,two_way_centered,butina_cluster,MAPK14,ROCK1,-0.1057152579723171,-1,False,0.9925,0.0,2000,2000,21360851
PKIS2,released_full_panel,two_way_centered,butina_cluster,MAPK14,SRC,-0.062023017080506566,-1,False,0.8955,0.0,2000,2000,21360851
PKIS2,released_full_panel,two_way_centered,butina_cluster,MAPKAPK2,MET,-0.006640432411681628,-1,False,0.554,0.001,2000,2000,21360851
PKIS2,released_full_panel,two_way_centered,butina_cluster,MAPKAPK2,PLK1,0.12473162600370538,1,False,0.9835,0.0205,2000,2000,21360851
PKIS2,released_full_panel,two_way_centered,butina_cluster,MAPKAPK2,PTK2,0.0219514452985268,1,False,0.6315,0.0005,2000,2000,21360851
PKIS2,released_full_panel,two_way_centered,butina_cluster,MAPKAPK2,ROCK1,0.1099543476544105,1,False,0.9815,0.002,2000,2000,21360851
PKIS2,released_full_panel,two_way_centered,butina_cluster,MAPKAPK2,SRC,-0.3361860429282233,-1,False,1.0,0.0,2000,2000,21360851
PKIS2,released_full_panel,two_way_centered,butina_cluster,MET,PLK1,-0.013501242605408654,-1,False,0.6015,0.0,2000,2000,21360851
PKIS2,released_full_panel,two_way_centered,butina_cluster,MET,PTK2,0.20266807261041003,1,False,0.984,0.289,2000,2000,21360851
PKIS2,released_full_panel,two_way_centered,butina_cluster,MET,ROCK1,-0.20059019765558314,-1,False,1.0,0.0,2000,2000,21360851
PKIS2,released_full_panel,two_way_centered,butina_cluster,MET,SRC,-0.1139968553648939,-1,False,0.962,0.0,2000,2000,21360851
PKIS2,released_full_panel,two_way_centered,butina_cluster,PLK1,PTK2,0.23489555388675198,1,False,0.995,0.375,2000,2000,21360851
PKIS2,released_full_panel,two_way_centered,butina_cluster,PLK1,ROCK1,0.08148712486975776,1,False,0.928,0.0015,2000,2000,21360851
PKIS2,released_full_panel,two_way_centered,butina_cluster,PLK1,SRC,-0.2366374791715887,-1,False,1.0,0.0,2000,2000,21360851
PKIS2,released_full_panel,two_way_centered,butina_cluster,PTK2,ROCK1,0.01651843135831134,1,False,0.6095,0.0,2000,2000,21360851
PKIS2,released_full_panel,two_way_centered,butina_cluster,PTK2,SRC,-0.27056019887301547,-1,False,1.0,0.0,2000,2000,21360851
PKIS2,released_full_panel,two_way_centered,butina_cluster,ROCK1,SRC,-0.19439942682725475,-1,False,0.9995,0.0,2000,2000,21360851
PKIS2,informative_profiles,two_way_centered,ligand,ABL1,AKT1,-0.35885384966149425,-1,False,1.0,0.0,2000,2000,21360890
PKIS2,informative_profiles,two_way_centered,ligand,ABL1,AKT2,-0.43399047809275476,-1,False,1.0,0.0,2000,2000,21360890
PKIS2,informative_profiles,two_way_centered,ligand,ABL1,CDK2,-0.12226216761526454,-1,False,0.9945,0.0,2000,2000,21360890
PKIS2,informative_profiles,two_way_centered,ligand,ABL1,CSF1R,0.2788608819578098,1,True,1.0,0.68,2000,2000,21360890
PKIS2,informative_profiles,two_way_centered,ligand,ABL1,EGFR,-0.18885517894075088,-1,False,1.0,0.0,2000,2000,21360890
PKIS2,informative_profiles,two_way_centered,ligand,ABL1,FGFR1,0.013434866828052065,1,False,0.6085,0.0,2000,2000,21360890
PKIS2,informative_profiles,two_way_centered,ligand,ABL1,IGF1R,-0.3332867990447403,-1,False,1.0,0.0,2000,2000,21360890
PKIS2,informative_profiles,two_way_centered,ligand,ABL1,JAK2,-0.28681271056741625,-1,False,1.0,0.0,2000,2000,21360890
PKIS2,informative_profiles,two_way_centered,ligand,ABL1,KDR,0.36481312928135157,1,True,1.0,0.995,2000,2000,21360890
PKIS2,informative_profiles,two_way_centered,ligand,ABL1,KIT,0.2510980050509279,1,True,1.0,0.423,2000,2000,21360890
PKIS2,informative_profiles,two_way_centered,ligand,ABL1,LCK,0.32271567451114214,1,True,1.0,0.937,2000,2000,21360890
PKIS2,informative_profiles,two_way_centered,ligand,ABL1,MAP2K1,-0.05180867783393525,-1,False,0.863,0.0,2000,2000,21360890
PKIS2,informative_profiles,two_way_centered,ligand,ABL1,MAPK1,-0.2708392643980957,-1,False,1.0,0.0,2000,2000,21360890
PKIS2,informative_profiles,two_way_centered,ligand,ABL1,MAPK14,-0.07124764388100244,-1,False,0.959,0.0,2000,2000,21360890
PKIS2,informative_profiles,two_way_centered,ligand,ABL1,MAPKAPK2,-0.3373834469975352,-1,False,1.0,0.0,2000,2000,21360890
PKIS2,informative_profiles,two_way_centered,ligand,ABL1,MET,0.05701928506277561,1,False,0.893,0.0,2000,2000,21360890
PKIS2,informative_profiles,two_way_centered,ligand,ABL1,PLK1,-0.24048724041126507,-1,False,1.0,0.0,2000,2000,21360890
PKIS2,informative_profiles,two_way_centered,ligand,ABL1,PTK2,-0.13183597587919144,-1,False,0.998,0.0,2000,2000,21360890
PKIS2,informative_profiles,two_way_centered,ligand,ABL1,ROCK1,-0.29557896929964533,-1,False,1.0,0.0,2000,2000,21360890
PKIS2,informative_profiles,two_way_centered,ligand,ABL1,SRC,0.24876568329315688,1,False,1.0,0.396,2000,2000,21360890
PKIS2,informative_profiles,two_way_centered,ligand,AKT1,AKT2,0.686636050875809,1,True,1.0,1.0,2000,2000,21360890
PKIS2,informative_profiles,two_way_centered,ligand,AKT1,CDK2,0.03086694614563416,1,False,0.713,0.0,2000,2000,21360890
PKIS2,informative_profiles,two_way_centered,ligand,AKT1,CSF1R,-0.34795225005286556,-1,False,1.0,0.0,2000,2000,21360890
PKIS2,informative_profiles,two_way_centered,ligand,AKT1,EGFR,-0.03625659036805593,-1,False,0.8095,0.0,2000,2000,21360890
PKIS2,informative_profiles,two_way_centered,ligand,AKT1,FGFR1,0.06577987104062005,1,False,0.849,0.0015,2000,2000,21360890
PKIS2,informative_profiles,two_way_centered,ligand,AKT1,IGF1R,0.06003073887129888,1,False,0.8705,0.0,2000,2000,21360890
PKIS2,informative_profiles,two_way_centered,ligand,AKT1,JAK2,0.055273998355588355,1,False,0.8635,0.0,2000,2000,21360890
PKIS2,informative_profiles,two_way_centered,ligand,AKT1,KDR,-0.34204721489976264,-1,False,1.0,0.0,2000,2000,21360890
PKIS2,informative_profiles,two_way_centered,ligand,AKT1,KIT,-0.3704092108012998,-1,False,1.0,0.0,2000,2000,21360890
PKIS2,informative_profiles,two_way_centered,ligand,AKT1,LCK,-0.3867695540560204,-1,False,1.0,0.0,2000,2000,21360890
PKIS2,informative_profiles,two_way_centered,ligand,AKT1,MAP2K1,-0.04418116777402536,-1,False,0.817,0.0,2000,2000,21360890
PKIS2,informative_profiles,two_way_centered,ligand,AKT1,MAPK1,0.3381391336609722,1,True,1.0,0.911,2000,2000,21360890
PKIS2,informative_profiles,two_way_centered,ligand,AKT1,MAPK14,-0.039162802393672466,-1,False,0.796,0.0,2000,2000,21360890
PKIS2,informative_profiles,two_way_centered,ligand,AKT1,MAPKAPK2,0.20456034786072444,1,False,1.0,0.179,2000,2000,21360890
PKIS2,informative_profiles,two_way_centered,ligand,AKT1,MET,-0.18576884514205105,-1,False,1.0,0.0,2000,2000,21360890
PKIS2,informative_profiles,two_way_centered,ligand,AKT1,PLK1,0.1297157761434034,1,False,0.9975,0.0035,2000,2000,21360890
PKIS2,informative_profiles,two_way_centered,ligand,AKT1,PTK2,0.14308789124581117,1,False,0.998,0.0205,2000,2000,21360890
PKIS2,informative_profiles,two_way_centered,ligand,AKT1,ROCK1,0.3580251622496612,1,True,1.0,0.972,2000,2000,21360890
PKIS2,informative_profiles,two_way_centered,ligand,AKT1,SRC,-0.2974443934200313,-1,False,1.0,0.0,2000,2000,21360890
PKIS2,informative_profiles,two_way_centered,ligand,AKT2,CDK2,0.11044538468798906,1,False,0.9805,0.0045,2000,2000,21360890
PKIS2,informative_profiles,two_way_centered,ligand,AKT2,CSF1R,-0.32611480294396566,-1,False,1.0,0.0,2000,2000,21360890
PKIS2,informative_profiles,two_way_centered,ligand,AKT2,EGFR,0.003757227162239137,1,False,0.5175,0.0,2000,2000,21360890
PKIS2,informative_profiles,two_way_centered,ligand,AKT2,FGFR1,-0.021444586507252512,-1,False,0.6675,0.0,2000,2000,21360890
PKIS2,informative_profiles,two_way_centered,ligand,AKT2,IGF1R,0.15487750206001014,1,False,0.996,0.035,2000,2000,21360890
PKIS2,informative_profiles,two_way_centered,ligand,AKT2,JAK2,-0.002594003215530046,-1,False,0.5175,0.0,2000,2000,21360890
PKIS2,informative_profiles,two_way_centered,ligand,AKT2,KDR,-0.37119479087313717,-1,False,1.0,0.0,2000,2000,21360890
PKIS2,informative_profiles,two_way_centered,ligand,AKT2,KIT,-0.33464844540616634,-1,False,1.0,0.0,2000,2000,21360890
PKIS2,informative_profiles,two_way_centered,ligand,AKT2,LCK,-0.3522831366065199,-1,False,1.0,0.0,2000,2000,21360890
PKIS2,informative_profiles,two_way_centered,ligand,AKT2,MAP2K1,-0.048111761770244024,-1,False,0.8425,0.0,2000,2000,21360890
PKIS2,informative_profiles,two_way_centered,ligand,AKT2,MAPK1,0.33892095708905606,1,True,1.0,0.9385,2000,2000,21360890
PKIS2,informative_profiles,two_way_centered,ligand,AKT2,MAPK14,-0.005276944947184708,-1,False,0.5505,0.0,2000,2000,21360890
PKIS2,informative_profiles,two_way_centered,ligand,AKT2,MAPKAPK2,0.3657430434000054,1,True,1.0,0.9785,2000,2000,21360890
PKIS2,informative_profiles,two_way_centered,ligand,AKT2,MET,-0.15743392327758474,-1,False,1.0,0.0,2000,2000,21360890
PKIS2,informative_profiles,two_way_centered,ligand,AKT2,PLK1,0.08742568345802877,1,False,0.9845,0.0,2000,2000,21360890
PKIS2,informative_profiles,two_way_centered,ligand,AKT2,PTK2,0.0647862553789543,1,False,0.899,0.0,2000,2000,21360890
PKIS2,informative_profiles,two_way_centered,ligand,AKT2,ROCK1,0.253278277135782,1,True,1.0,0.469,2000,2000,21360890
PKIS2,informative_profiles,two_way_centered,ligand,AKT2,SRC,-0.28224710990193713,-1,False,1.0,0.0,2000,2000,21360890
PKIS2,informative_profiles,two_way_centered,ligand,CDK2,CSF1R,-0.35556450494635417,-1,False,1.0,0.0,2000,2000,21360890
PKIS2,informative_profiles,two_way_centered,ligand,CDK2,EGFR,-0.10362180746603268,-1,False,0.9955,0.0,2000,2000,21360890
PKIS2,informative_profiles,two_way_centered,ligand,CDK2,FGFR1,-0.03845879986355832,-1,False,0.7725,0.0,2000,2000,21360890
PKIS2,informative_profiles,two_way_centered,ligand,CDK2,IGF1R,0.1868643591114786,1,False,0.999,0.115,2000,2000,21360890
PKIS2,informative_profiles,two_way_centered,ligand,CDK2,JAK2,0.012824621203616176,1,False,0.6055,0.0,2000,2000,21360890
PKIS2,informative_profiles,two_way_centered,ligand,CDK2,KDR,-0.17859580932623464,-1,False,0.9995,0.0,2000,2000,21360890
PKIS2,informative_profiles,two_way_centered,ligand,CDK2,KIT,-0.22223745668457848,-1,False,1.0,0.0,2000,2000,21360890
PKIS2,informative_profiles,two_way_centered,ligand,CDK2,LCK,-0.2791571805191738,-1,False,1.0,0.0,2000,2000,21360890
PKIS2,informative_profiles,two_way_centered,ligand,CDK2,MAP2K1,0.015668020391570964,1,False,0.6315,0.0,2000,2000,21360890
PKIS2,informative_profiles,two_way_centered,ligand,CDK2,MAPK1,0.24434969710291055,1,False,1.0,0.416,2000,2000,21360890
PKIS2,informative_profiles,two_way_centered,ligand,CDK2,MAPK14,-0.01920031116054062,-1,False,0.685,0.0,2000,2000,21360890
PKIS2,informative_profiles,two_way_centered,ligand,CDK2,MAPKAPK2,0.19952639609103184,1,False,1.0,0.128,2000,2000,21360890
PKIS2,informative_profiles,two_way_centered,ligand,CDK2,MET,0.000559359659538794,1,False,0.4955,0.0,2000,2000,21360890
PKIS2,informative_profiles,two_way_centered,ligand,CDK2,PLK1,0.1581226936076609,1,False,1.0,0.025,2000,2000,21360890
PKIS2,informative_profiles,two_way_centered,ligand,CDK2,PTK2,0.2344324924605241,1,False,1.0,0.3275,2000,2000,21360890
PKIS2,informative_profiles,two_way_centered,ligand,CDK2,ROCK1,-0.07362540829617842,-1,False,0.9495,0.0,2000,2000,21360890
PKIS2,informative_profiles,two_way_centered,ligand,CDK2,SRC,-0.16524982168358068,-1,False,0.9975,0.0,2000,2000,21360890
PKIS2,informative_profiles,two_way_centered,ligand,CSF1R,EGFR,-0.1587346039083457,-1,False,1.0,0.0,2000,2000,21360890
PKIS2,informative_profiles,two_way_centered,ligand,CSF1R,FGFR1,-0.06702503617246527,-1,False,0.8955,0.0,2000,2000,21360890
PKIS2,informative_profiles,two_way_centered,ligand,CSF1R,IGF1R,-0.3098127314246622,-1,False,1.0,0.0,2000,2000,21360890
PKIS2,informative_profiles,two_way_centered,ligand,CSF1R,JAK2,-0.17970961746609393,-1,False,1.0,0.0,2000,2000,21360890
PKIS2,informative_profiles,two_way_centered,ligand,CSF1R,KDR,0.4949322291202619,1,True,1.0,1.0,2000,2000,21360890
PKIS2,informative_profiles,two_way_centered,ligand,CSF1R,KIT,0.6821092274747942,1,True,1.0,1.0,2000,2000,21360890
PKIS2,informative_profiles,two_way_centered,ligand,CSF1R,LCK,0.31211844181591947,1,True,1.0,0.887,2000,2000,21360890
PKIS2,informative_profiles,two_way_centered,ligand,CSF1R,MAP2K1,-0.21610882648762347,-1,False,1.0,0.0,2000,2000,21360890
PKIS2,informative_profiles,two_way_centered,ligand,CSF1R,MAPK1,-0.4275353161445892,-1,False,1.0,0.0,2000,2000,21360890
PKIS2,informative_profiles,two_way_centered,ligand,CSF1R,MAPK14,-0.13671571230235702,-1,False,0.9995,0.0,2000,2000,21360890
PKIS2,informative_profiles,two_way_centered,ligand,CSF1R,MAPKAPK2,-0.33252152400281776,-1,False,1.0,0.0,2000,2000,21360890
PKIS2,informative_profiles,two_way_centered,ligand,CSF1R,MET,-0.012715695085859399,-1,False,0.5995,0.0,2000,2000,21360890
PKIS2,informative_profiles,two_way_centered,ligand,CSF1R,PLK1,-0.36103503957994476,-1,False,1.0,0.0,2000,2000,21360890
PKIS2,informative_profiles,two_way_centered,ligand,CSF1R,PTK2,-0.346446130896711,-1,False,1.0,0.0,2000,2000,21360890
PKIS2,informative_profiles,two_way_centered,ligand,CSF1R,ROCK1,-0.22682667106603588,-1,False,1.0,0.0,2000,2000,21360890
PKIS2,informative_profiles,two_way_centered,ligand,CSF1R,SRC,0.13348558366887892,1,False,0.9955,0.0015,2000,2000,21360890
PKIS2,informative_profiles,two_way_centered,ligand,EGFR,FGFR1,-0.18858498159705264,-1,False,1.0,0.0,2000,2000,21360890
PKIS2,informative_profiles,two_way_centered,ligand,EGFR,IGF1R,0.03143653434472934,1,False,0.794,0.0,2000,2000,21360890
PKIS2,informative_profiles,two_way_centered,ligand,EGFR,JAK2,-0.13183642367474452,-1,False,0.999,0.0,2000,2000,21360890
PKIS2,informative_profiles,two_way_centered,ligand,EGFR,KDR,-0.22707938882014994,-1,False,1.0,0.0,2000,2000,21360890
PKIS2,informative_profiles,two_way_centered,ligand,EGFR,KIT,-0.14077069857086666,-1,False,0.9995,0.0,2000,2000,21360890
PKIS2,informative_profiles,two_way_centered,ligand,EGFR,LCK,0.21346916333110214,1,False,1.0,0.1915,2000,2000,21360890
PKIS2,informative_profiles,two_way_centered,ligand,EGFR,MAP2K1,0.10617450341866089,1,False,0.9915,0.0,2000,2000,21360890
PKIS2,informative_profiles,two_way_centered,ligand,EGFR,MAPK1,-0.03276302553904182,-1,False,0.7625,0.0,2000,2000,21360890
PKIS2,informative_profiles,two_way_centered,ligand,EGFR,MAPK14,0.08923196961268881,1,False,0.993,0.0,2000,2000,21360890
PKIS2,informative_profiles,two_way_centered,ligand,EGFR,MAPKAPK2,0.08188774523927625,1,False,0.9865,0.0,2000,2000,21360890
PKIS2,informative_profiles,two_way_centered,ligand,EGFR,MET,-0.17008111202941126,-1,False,1.0,0.0,2000,2000,21360890
PKIS2,informative_profiles,two_way_centered,ligand,EGFR,PLK1,-0.04982661292887873,-1,False,0.911,0.0,2000,2000,21360890
PKIS2,informative_profiles,two_way_centered,ligand,EGFR,PTK2,-0.24950030515126348,-1,False,1.0,0.0,2000,2000,21360890
PKIS2,informative_profiles,two_way_centered,ligand,EGFR,ROCK1,-0.08831238740328164,-1,False,0.9835,0.0,2000,2000,21360890
PKIS2,informative_profiles,two_way_centered,ligand,EGFR,SRC,0.10868052176750687,1,False,0.997,0.001,2000,2000,21360890
PKIS2,informative_profiles,two_way_centered,ligand,FGFR1,IGF1R,0.004248910495458443,1,False,0.547,0.0,2000,2000,21360890
PKIS2,informative_profiles,two_way_centered,ligand,FGFR1,JAK2,0.05878570250815716,1,False,0.903,0.0,2000,2000,21360890
PKIS2,informative_profiles,two_way_centered,ligand,FGFR1,KDR,0.13803104944533712,1,False,0.9875,0.021,2000,2000,21360890
PKIS2,informative_profiles,two_way_centered,ligand,FGFR1,KIT,-0.12246744763794286,-1,False,0.997,0.0,2000,2000,21360890
PKIS2,informative_profiles,two_way_centered,ligand,FGFR1,LCK,-0.09802822443173283,-1,False,0.973,0.0,2000,2000,21360890
PKIS2,informative_profiles,two_way_centered,ligand,FGFR1,MAP2K1,-0.13478868474553207,-1,False,0.995,0.0,2000,2000,21360890
PKIS2,informative_profiles,two_way_centered,ligand,FGFR1,MAPK1,-0.06844866023159082,-1,False,0.898,0.0,2000,2000,21360890
PKIS2,informative_profiles,two_way_centered,ligand,FGFR1,MAPK14,-0.09384376304930402,-1,False,0.984,0.0,2000,2000,21360890
PKIS2,informative_profiles,two_way_centered,ligand,FGFR1,MAPKAPK2,-0.1916459756350172,-1,False,0.9995,0.0,2000,2000,21360890
PKIS2,informative_profiles,two_way_centered,ligand,FGFR1,MET,0.02175017330337142,1,False,0.6725,0.0,2000,2000,21360890
PKIS2,informative_profiles,two_way_centered,ligand,FGFR1,PLK1,0.02956429989684224,1,False,0.737,0.0,2000,2000,21360890
PKIS2,informative_profiles,two_way_centered,ligand,FGFR1,PTK2,0.10817507160854593,1,False,0.98,0.013,2000,2000,21360890
PKIS2,informative_profiles,two_way_centered,ligand,FGFR1,ROCK1,-0.0799178151767588,-1,False,0.9415,0.0,2000,2000,21360890
PKIS2,informative_profiles,two_way_centered,ligand,FGFR1,SRC,0.018917554061044943,1,False,0.6245,0.0,2000,2000,21360890
PKIS2,informative_profiles,two_way_centered,ligand,IGF1R,JAK2,-0.05971381049501993,-1,False,0.889,0.0,2000,2000,21360890
PKIS2,informative_profiles,two_way_centered,ligand,IGF1R,KDR,-0.24139005651308815,-1,False,1.0,0.0,2000,2000,21360890
PKIS2,informative_profiles,two_way_centered,ligand,IGF1R,KIT,-0.3222171056567682,-1,False,1.0,0.0,2000,2000,21360890
PKIS2,informative_profiles,two_way_centered,ligand,IGF1R,LCK,-0.32225493634779967,-1,False,1.0,0.0,2000,2000,21360890
PKIS2,informative_profiles,two_way_centered,ligand,IGF1R,MAP2K1,0.1376223300805015,1,False,0.998,0.007,2000,2000,21360890
PKIS2,informative_profiles,two_way_centered,ligand,IGF1R,MAPK1,0.28873516610061384,1,True,1.0,0.731,2000,2000,21360890
PKIS2,informative_profiles,two_way_centered,ligand,IGF1R,MAPK14,0.03776209863125684,1,False,0.794,0.0,2000,2000,21360890
PKIS2,informative_profiles,two_way_centered,ligand,IGF1R,MAPKAPK2,0.29360064806175323,1,True,1.0,0.7565,2000,2000,21360890
PKIS2,informative_profiles,two_way_centered,ligand,IGF1R,MET,0.14436064365389994,1,False,0.9965,0.0215,2000,2000,21360890
PKIS2,informative_profiles,two_way_centered,ligand,IGF1R,PLK1,0.14825960251840856,1,False,1.0,0.0075,2000,2000,21360890
PKIS2,informative_profiles,two_way_centered,ligand,IGF1R,PTK2,0.23544425849366427,1,False,1.0,0.346,2000,2000,21360890
PKIS2,informative_profiles,two_way_centered,ligand,IGF1R,ROCK1,-0.043323380074561324,-1,False,0.8245,0.0,2000,2000,21360890
PKIS2,informative_profiles,two_way_centered,ligand,IGF1R,SRC,-0.19586886828935673,-1,False,1.0,0.0,2000,2000,21360890
PKIS2,informative_profiles,two_way_centered,ligand,JAK2,KDR,-0.12334803314886729,-1,False,0.9975,0.0,2000,2000,21360890
PKIS2,informative_profiles,two_way_centered,ligand,JAK2,KIT,-0.15948384220303025,-1,False,1.0,0.0,2000,2000,21360890
PKIS2,informative_profiles,two_way_centered,ligand,JAK2,LCK,-0.19511466233004127,-1,False,1.0,0.0,2000,2000,21360890
PKIS2,informative_profiles,two_way_centered,ligand,JAK2,MAP2K1,-0.05944543156581476,-1,False,0.9275,0.0,2000,2000,21360890
PKIS2,informative_profiles,two_way_centered,ligand,JAK2,MAPK1,-0.03599262625468459,-1,False,0.807,0.0,2000,2000,21360890
PKIS2,informative_profiles,two_way_centered,ligand,JAK2,MAPK14,-0.25225665462870617,-1,False,1.0,0.0,2000,2000,21360890
PKIS2,informative_profiles,two_way_centered,ligand,JAK2,MAPKAPK2,-0.09766797847558961,-1,False,0.996,0.0,2000,2000,21360890
PKIS2,informative_profiles,two_way_centered,ligand,JAK2,MET,0.003694750868532369,1,False,0.548,0.0,2000,2000,21360890
PKIS2,informative_profiles,two_way_centered,ligand,JAK2,PLK1,0.042311989292835236,1,False,0.8815,0.0,2000,2000,21360890
PKIS2,informative_profiles,two_way_centered,ligand,JAK2,PTK2,0.18396177888975784,1,False,1.0,0.0635,2000,2000,21360890
PKIS2,informative_profiles,two_way_centered,ligand,JAK2,ROCK1,0.2668867490474018,1,True,1.0,0.5695,2000,2000,21360890
PKIS2,informative_profiles,two_way_centered,ligand,JAK2,SRC,-0.11599932417559819,-1,False,0.9965,0.0,2000,2000,21360890
PKIS2,informative_profiles,two_way_centered,ligand,KDR,KIT,0.3880490172157872,1,True,1.0,1.0,2000,2000,21360890
PKIS2,informative_profiles,two_way_centered,ligand,KDR,LCK,0.11955391291188366,1,False,0.988,0.001,2000,2000,21360890
PKIS2,informative_profiles,two_way_centered,ligand,KDR,MAP2K1,-0.15797567018884368,-1,False,1.0,0.0,2000,2000,21360890
PKIS2,informative_profiles,two_way_centered,ligand,KDR,MAPK1,-0.3935746798560205,-1,False,1.0,0.0,2000,2000,21360890
PKIS2,informative_profiles,two_way_centered,ligand,KDR,MAPK14,-0.16153165192051405,-1,False,1.0,0.0,2000,2000,21360890
PKIS2,informative_profiles,two_way_centered,ligand,KDR,MAPKAPK2,-0.35361348575624424,-1,False,1.0,0.0,2000,2000,21360890
PKIS2,informative_profiles,two_way_centered,ligand,KDR,MET,0.07622184502659896,1,False,0.9385,0.0005,2000,2000,21360890
PKIS2,informative_profiles,two_way_centered,ligand,KDR,PLK1,-0.23265273722034285,-1,False,1.0,0.0,2000,2000,21360890
PKIS2,informative_profiles,two_way_centered,ligand,KDR,PTK2,-0.1533144383527139,-1,False,0.998,0.0,2000,2000,21360890
PKIS2,informative_profiles,two_way_centered,ligand,KDR,ROCK1,-0.22967484917155898,-1,False,1.0,0.0,2000,2000,21360890
PKIS2,informative_profiles,two_way_centered,ligand,KDR,SRC,0.056872677657614015,1,False,0.8195,0.0,2000,2000,21360890
PKIS2,informative_profiles,two_way_centered,ligand,KIT,LCK,0.29874029843365485,1,True,1.0,0.8555,2000,2000,21360890
PKIS2,informative_profiles,two_way_centered,ligand,KIT,MAP2K1,-0.17998024693933795,-1,False,0.9995,0.0,2000,2000,21360890
PKIS2,informative_profiles,two_way_centered,ligand,KIT,MAPK1,-0.3838246700103654,-1,False,1.0,0.0,2000,2000,21360890
PKIS2,informative_profiles,two_way_centered,ligand,KIT,MAPK14,-0.13369592021637414,-1,False,0.9985,0.0,2000,2000,21360890
PKIS2,informative_profiles,two_way_centered,ligand,KIT,MAPKAPK2,-0.2834872783926228,-1,False,1.0,0.0,2000,2000,21360890
PKIS2,informative_profiles,two_way_centered,ligand,KIT,MET,-0.05997249273686396,-1,False,0.911,0.0,2000,2000,21360890
PKIS2,informative_profiles,two_way_centered,ligand,KIT,PLK1,-0.34559172508245223,-1,False,1.0,0.0,2000,2000,21360890
PKIS2,informative_profiles,two_way_centered,ligand,KIT,PTK2,-0.35453963032377334,-1,False,1.0,0.0,2000,2000,21360890
PKIS2,informative_profiles,two_way_centered,ligand,KIT,ROCK1,-0.27485703283435814,-1,False,1.0,0.0,2000,2000,21360890
PKIS2,informative_profiles,two_way_centered,ligand,KIT,SRC,0.1287096431142457,1,False,0.998,0.0005,2000,2000,21360890
PKIS2,informative_profiles,two_way_centered,ligand,LCK,MAP2K1,-0.10225416617251865,-1,False,0.955,0.0,2000,2000,21360890
PKIS2,informative_profiles,two_way_centered,ligand,LCK,MAPK1,-0.4114845761201768,-1,False,1.0,0.0,2000,2000,21360890
PKIS2,informative_profiles,two_way_centered,ligand,LCK,MAPK14,-0.03796577460345512,-1,False,0.817,0.0,2000,2000,21360890
PKIS2,informative_profiles,two_way_centered,ligand,LCK,MAPKAPK2,-0.31448642029009977,-1,False,1.0,0.0,2000,2000,21360890
PKIS2,informative_profiles,two_way_centered,ligand,LCK,MET,-0.06257940391447796,-1,False,0.899,0.0,2000,2000,21360890
PKIS2,informative_profiles,two_way_centered,ligand,LCK,PLK1,-0.31009753262504286,-1,False,1.0,0.0,2000,2000,21360890
PKIS2,informative_profiles,two_way_centered,ligand,LCK,PTK2,-0.3711982807008052,-1,False,1.0,0.0,2000,2000,21360890
PKIS2,informative_profiles,two_way_centered,ligand,LCK,ROCK1,-0.2892185111565332,-1,False,1.0,0.0,2000,2000,21360890
PKIS2,informative_profiles,two_way_centered,ligand,LCK,SRC,0.5373616014559226,1,True,1.0,1.0,2000,2000,21360890
PKIS2,informative_profiles,two_way_centered,ligand,MAP2K1,MAPK1,0.14577972191431385,1,False,0.996,0.0345,2000,2000,21360890
PKIS2,informative_profiles,two_way_centered,ligand,MAP2K1,MAPK14,-0.0868275481840381,-1,False,0.994,0.0,2000,2000,21360890
PKIS2,informative_profiles,two_way_centered,ligand,MAP2K1,MAPKAPK2,0.050851573415707,1,False,0.875,0.0,2000,2000,21360890
PKIS2,informative_profiles,two_way_centered,ligand,MAP2K1,MET,-0.10436348242761202,-1,False,0.991,0.0,2000,2000,21360890
PKIS2,informative_profiles,two_way_centered,ligand,MAP2K1,PLK1,0.11208117175820073,1,False,0.995,0.0015,2000,2000,21360890
PKIS2,informative_profiles,two_way_centered,ligand,MAP2K1,PTK2,0.03740403991983848,1,False,0.782,0.0,2000,2000,21360890
PKIS2,informative_profiles,two_way_centered,ligand,MAP2K1,ROCK1,-0.018803449536979374,-1,False,0.6675,0.0,2000,2000,21360890
PKIS2,informative_profiles,two_way_centered,ligand,MAP2K1,SRC,-0.06779593143444779,-1,False,0.911,0.0,2000,2000,21360890
PKIS2,informative_profiles,two_way_centered,ligand,MAPK1,MAPK14,0.000939198060719101,1,False,0.4995,0.0,2000,2000,21360890
PKIS2,informative_profiles,two_way_centered,ligand,MAPK1,MAPKAPK2,0.41634948204064937,1,True,1.0,0.9995,2000,2000,21360890
PKIS2,informative_profiles,two_way_centered,ligand,MAPK1,MET,-0.030878331286155747,-1,False,0.73,0.0,2000,2000,21360890
PKIS2,informative_profiles,two_way_centered,ligand,MAPK1,PLK1,0.20501272546935811,1,False,1.0,0.117,2000,2000,21360890
PKIS2,informative_profiles,two_way_centered,ligand,MAPK1,PTK2,0.31605774083842464,1,True,1.0,0.8885,2000,2000,21360890
PKIS2,informative_profiles,two_way_centered,ligand,MAPK1,ROCK1,0.05298585828604863,1,False,0.885,0.0,2000,2000,21360890
PKIS2,informative_profiles,two_way_centered,ligand,MAPK1,SRC,-0.30410646942089403,-1,False,1.0,0.0,2000,2000,21360890
PKIS2,informative_profiles,two_way_centered,ligand,MAPK14,MAPKAPK2,0.078055938824687,1,False,0.9635,0.0005,2000,2000,21360890
PKIS2,informative_profiles,two_way_centered,ligand,MAPK14,MET,-0.08799606942998386,-1,False,0.9825,0.0,2000,2000,21360890
PKIS2,informative_profiles,two_way_centered,ligand,MAPK14,PLK1,-0.08981052050579649,-1,False,0.994,0.0,2000,2000,21360890
PKIS2,informative_profiles,two_way_centered,ligand,MAPK14,PTK2,-0.1332163086240511,-1,False,0.9985,0.0,2000,2000,21360890
PKIS2,informative_profiles,two_way_centered,ligand,MAPK14,ROCK1,-0.10576677660877937,-1,False,0.999,0.0,2000,2000,21360890
PKIS2,informative_profiles,two_way_centered,ligand,MAPK14,SRC,-0.06201920770973206,-1,False,0.9265,0.0,2000,2000,21360890
PKIS2,informative_profiles,two_way_centered,ligand,MAPKAPK2,MET,-0.0068316351119821605,-1,False,0.5725,0.0,2000,2000,21360890
PKIS2,informative_profiles,two_way_centered,ligand,MAPKAPK2,PLK1,0.12457700450511726,1,False,0.9975,0.001,2000,2000,21360890
PKIS2,informative_profiles,two_way_centered,ligand,MAPKAPK2,PTK2,0.021597416053548407,1,False,0.657,0.0,2000,2000,21360890
PKIS2,informative_profiles,two_way_centered,ligand,MAPKAPK2,ROCK1,0.11009570515138312,1,False,0.991,0.0005,2000,2000,21360890
PKIS2,informative_profiles,two_way_centered,ligand,MAPKAPK2,SRC,-0.33625147107187153,-1,False,1.0,0.0,2000,2000,21360890
PKIS2,informative_profiles,two_way_centered,ligand,MET,PLK1,-0.013614119114508726,-1,False,0.624,0.0,2000,2000,21360890
PKIS2,informative_profiles,two_way_centered,ligand,MET,PTK2,0.20249961889211376,1,False,0.9995,0.188,2000,2000,21360890
PKIS2,informative_profiles,two_way_centered,ligand,MET,ROCK1,-0.2005315912766126,-1,False,1.0,0.0,2000,2000,21360890
PKIS2,informative_profiles,two_way_centered,ligand,MET,SRC,-0.1140119985209535,-1,False,0.9855,0.0,2000,2000,21360890
PKIS2,informative_profiles,two_way_centered,ligand,PLK1,PTK2,0.23474559933751743,1,False,0.9995,0.3385,2000,2000,21360890
PKIS2,informative_profiles,two_way_centered,ligand,PLK1,ROCK1,0.08156487898142929,1,False,0.9775,0.0,2000,2000,21360890
PKIS2,informative_profiles,two_way_centered,ligand,PLK1,SRC,-0.2366580880785168,-1,False,1.0,0.0,2000,2000,21360890
PKIS2,informative_profiles,two_way_centered,ligand,PTK2,ROCK1,0.01666581428676569,1,False,0.6495,0.0,2000,2000,21360890
PKIS2,informative_profiles,two_way_centered,ligand,PTK2,SRC,-0.2706340501564001,-1,False,1.0,0.0,2000,2000,21360890
PKIS2,informative_profiles,two_way_centered,ligand,ROCK1,SRC,-0.19439876639340092,-1,False,1.0,0.0,2000,2000,21360890
PKIS2,informative_profiles,two_way_centered,butina_cluster,ABL1,AKT1,-0.35885384966149425,-1,False,1.0,0.0,2000,2000,21360891
PKIS2,informative_profiles,two_way_centered,butina_cluster,ABL1,AKT2,-0.43399047809275476,-1,False,1.0,0.0,2000,2000,21360891
PKIS2,informative_profiles,two_way_centered,butina_cluster,ABL1,CDK2,-0.12226216761526454,-1,False,0.968,0.0,2000,2000,21360891
PKIS2,informative_profiles,two_way_centered,butina_cluster,ABL1,CSF1R,0.2788608819578098,1,True,1.0,0.6335,2000,2000,21360891
PKIS2,informative_profiles,two_way_centered,butina_cluster,ABL1,EGFR,-0.18885517894075088,-1,False,1.0,0.0,2000,2000,21360891
PKIS2,informative_profiles,two_way_centered,butina_cluster,ABL1,FGFR1,0.013434866828052065,1,False,0.5915,0.0005,2000,2000,21360891
PKIS2,informative_profiles,two_way_centered,butina_cluster,ABL1,IGF1R,-0.3332867990447403,-1,False,1.0,0.0,2000,2000,21360891
PKIS2,informative_profiles,two_way_centered,butina_cluster,ABL1,JAK2,-0.28681271056741625,-1,False,1.0,0.0,2000,2000,21360891
PKIS2,informative_profiles,two_way_centered,butina_cluster,ABL1,KDR,0.36481312928135157,1,True,1.0,0.975,2000,2000,21360891
PKIS2,informative_profiles,two_way_centered,butina_cluster,ABL1,KIT,0.2510980050509279,1,True,1.0,0.451,2000,2000,21360891
PKIS2,informative_profiles,two_way_centered,butina_cluster,ABL1,LCK,0.32271567451114214,1,True,1.0,0.856,2000,2000,21360891
PKIS2,informative_profiles,two_way_centered,butina_cluster,ABL1,MAP2K1,-0.05180867783393525,-1,False,0.7975,0.0,2000,2000,21360891
PKIS2,informative_profiles,two_way_centered,butina_cluster,ABL1,MAPK1,-0.2708392643980957,-1,False,1.0,0.0,2000,2000,21360891
PKIS2,informative_profiles,two_way_centered,butina_cluster,ABL1,MAPK14,-0.07124764388100244,-1,False,0.937,0.0,2000,2000,21360891
PKIS2,informative_profiles,two_way_centered,butina_cluster,ABL1,MAPKAPK2,-0.3373834469975352,-1,False,1.0,0.0,2000,2000,21360891
PKIS2,informative_profiles,two_way_centered,butina_cluster,ABL1,MET,0.05701928506277561,1,False,0.8115,0.0005,2000,2000,21360891
PKIS2,informative_profiles,two_way_centered,butina_cluster,ABL1,PLK1,-0.24048724041126507,-1,False,1.0,0.0,2000,2000,21360891
PKIS2,informative_profiles,two_way_centered,butina_cluster,ABL1,PTK2,-0.13183597587919144,-1,False,0.9945,0.0,2000,2000,21360891
PKIS2,informative_profiles,two_way_centered,butina_cluster,ABL1,ROCK1,-0.29557896929964533,-1,False,1.0,0.0,2000,2000,21360891
PKIS2,informative_profiles,two_way_centered,butina_cluster,ABL1,SRC,0.24876568329315688,1,False,1.0,0.414,2000,2000,21360891
PKIS2,informative_profiles,two_way_centered,butina_cluster,AKT1,AKT2,0.686636050875809,1,True,1.0,1.0,2000,2000,21360891
PKIS2,informative_profiles,two_way_centered,butina_cluster,AKT1,CDK2,0.03086694614563416,1,False,0.694,0.0025,2000,2000,21360891
PKIS2,informative_profiles,two_way_centered,butina_cluster,AKT1,CSF1R,-0.34795225005286556,-1,False,1.0,0.0,2000,2000,21360891
PKIS2,informative_profiles,two_way_centered,butina_cluster,AKT1,EGFR,-0.03625659036805593,-1,False,0.7495,0.0,2000,2000,21360891
PKIS2,informative_profiles,two_way_centered,butina_cluster,AKT1,FGFR1,0.06577987104062005,1,False,0.756,0.0095,2000,2000,21360891
PKIS2,informative_profiles,two_way_centered,butina_cluster,AKT1,IGF1R,0.06003073887129888,1,False,0.835,0.003,2000,2000,21360891
PKIS2,informative_profiles,two_way_centered,butina_cluster,AKT1,JAK2,0.055273998355588355,1,False,0.785,0.001,2000,2000,21360891
PKIS2,informative_profiles,two_way_centered,butina_cluster,AKT1,KDR,-0.34204721489976264,-1,False,1.0,0.0,2000,2000,21360891
PKIS2,informative_profiles,two_way_centered,butina_cluster,AKT1,KIT,-0.3704092108012998,-1,False,1.0,0.0,2000,2000,21360891
PKIS2,informative_profiles,two_way_centered,butina_cluster,AKT1,LCK,-0.3867695540560204,-1,False,1.0,0.0,2000,2000,21360891
PKIS2,informative_profiles,two_way_centered,butina_cluster,AKT1,MAP2K1,-0.04418116777402536,-1,False,0.75,0.0,2000,2000,21360891
PKIS2,informative_profiles,two_way_centered,butina_cluster,AKT1,MAPK1,0.3381391336609722,1,True,1.0,0.8585,2000,2000,21360891
PKIS2,informative_profiles,two_way_centered,butina_cluster,AKT1,MAPK14,-0.039162802393672466,-1,False,0.766,0.0,2000,2000,21360891
PKIS2,informative_profiles,two_way_centered,butina_cluster,AKT1,MAPKAPK2,0.20456034786072444,1,False,0.9985,0.2445,2000,2000,21360891
PKIS2,informative_profiles,two_way_centered,butina_cluster,AKT1,MET,-0.18576884514205105,-1,False,0.9985,0.0,2000,2000,21360891
PKIS2,informative_profiles,two_way_centered,butina_cluster,AKT1,PLK1,0.1297157761434034,1,False,0.986,0.027,2000,2000,21360891
PKIS2,informative_profiles,two_way_centered,butina_cluster,AKT1,PTK2,0.14308789124581117,1,False,0.98,0.05,2000,2000,21360891
PKIS2,informative_profiles,two_way_centered,butina_cluster,AKT1,ROCK1,0.3580251622496612,1,True,1.0,0.9135,2000,2000,21360891
PKIS2,informative_profiles,two_way_centered,butina_cluster,AKT1,SRC,-0.2974443934200313,-1,False,1.0,0.0,2000,2000,21360891
PKIS2,informative_profiles,two_way_centered,butina_cluster,AKT2,CDK2,0.11044538468798906,1,False,0.9485,0.015,2000,2000,21360891
PKIS2,informative_profiles,two_way_centered,butina_cluster,AKT2,CSF1R,-0.32611480294396566,-1,False,1.0,0.0,2000,2000,21360891
PKIS2,informative_profiles,two_way_centered,butina_cluster,AKT2,EGFR,0.003757227162239137,1,False,0.5375,0.0,2000,2000,21360891
PKIS2,informative_profiles,two_way_centered,butina_cluster,AKT2,FGFR1,-0.021444586507252512,-1,False,0.6575,0.0005,2000,2000,21360891
PKIS2,informative_profiles,two_way_centered,butina_cluster,AKT2,IGF1R,0.15487750206001014,1,False,0.993,0.051,2000,2000,21360891
PKIS2,informative_profiles,two_way_centered,butina_cluster,AKT2,JAK2,-0.002594003215530046,-1,False,0.5345,0.0,2000,2000,21360891
PKIS2,informative_profiles,two_way_centered,butina_cluster,AKT2,KDR,-0.37119479087313717,-1,False,1.0,0.0,2000,2000,21360891
PKIS2,informative_profiles,two_way_centered,butina_cluster,AKT2,KIT,-0.33464844540616634,-1,False,1.0,0.0,2000,2000,21360891
PKIS2,informative_profiles,two_way_centered,butina_cluster,AKT2,LCK,-0.3522831366065199,-1,False,1.0,0.0,2000,2000,21360891
PKIS2,informative_profiles,two_way_centered,butina_cluster,AKT2,MAP2K1,-0.048111761770244024,-1,False,0.801,0.0,2000,2000,21360891
PKIS2,informative_profiles,two_way_centered,butina_cluster,AKT2,MAPK1,0.33892095708905606,1,True,1.0,0.902,2000,2000,21360891
PKIS2,informative_profiles,two_way_centered,butina_cluster,AKT2,MAPK14,-0.005276944947184708,-1,False,0.532,0.0,2000,2000,21360891
PKIS2,informative_profiles,two_way_centered,butina_cluster,AKT2,MAPKAPK2,0.3657430434000054,1,True,1.0,0.9445,2000,2000,21360891
PKIS2,informative_profiles,two_way_centered,butina_cluster,AKT2,MET,-0.15743392327758474,-1,False,0.9975,0.0,2000,2000,21360891
PKIS2,informative_profiles,two_way_centered,butina_cluster,AKT2,PLK1,0.08742568345802877,1,False,0.935,0.0045,2000,2000,21360891
PKIS2,informative_profiles,two_way_centered,butina_cluster,AKT2,PTK2,0.0647862553789543,1,False,0.861,0.0035,2000,2000,21360891
PKIS2,informative_profiles,two_way_centered,butina_cluster,AKT2,ROCK1,0.253278277135782,1,True,1.0,0.4155,2000,2000,21360891
PKIS2,informative_profiles,two_way_centered,butina_cluster,AKT2,SRC,-0.28224710990193713,-1,False,1.0,0.0,2000,2000,21360891
PKIS2,informative_profiles,two_way_centered,butina_cluster,CDK2,CSF1R,-0.35556450494635417,-1,False,1.0,0.0,2000,2000,21360891
PKIS2,informative_profiles,two_way_centered,butina_cluster,CDK2,EGFR,-0.10362180746603268,-1,False,0.975,0.0,2000,2000,21360891
PKIS2,informative_profiles,two_way_centered,butina_cluster,CDK2,FGFR1,-0.03845879986355832,-1,False,0.7555,0.0,2000,2000,21360891
PKIS2,informative_profiles,two_way_centered,butina_cluster,CDK2,IGF1R,0.1868643591114786,1,False,0.994,0.161,2000,2000,21360891
PKIS2,informative_profiles,two_way_centered,butina_cluster,CDK2,JAK2,0.012824621203616176,1,False,0.6045,0.0,2000,2000,21360891
PKIS2,informative_profiles,two_way_centered,butina_cluster,CDK2,KDR,-0.17859580932623464,-1,False,0.996,0.0,2000,2000,21360891
PKIS2,informative_profiles,two_way_centered,butina_cluster,CDK2,KIT,-0.22223745668457848,-1,False,1.0,0.0,2000,2000,21360891
PKIS2,informative_profiles,two_way_centered,butina_cluster,CDK2,LCK,-0.2791571805191738,-1,False,1.0,0.0,2000,2000,21360891
PKIS2,informative_profiles,two_way_centered,butina_cluster,CDK2,MAP2K1,0.015668020391570964,1,False,0.6155,0.0,2000,2000,21360891
PKIS2,informative_profiles,two_way_centered,butina_cluster,CDK2,MAPK1,0.24434969710291055,1,False,0.9975,0.454,2000,2000,21360891
PKIS2,informative_profiles,two_way_centered,butina_cluster,CDK2,MAPK14,-0.01920031116054062,-1,False,0.6875,0.0,2000,2000,21360891
PKIS2,informative_profiles,two_way_centered,butina_cluster,CDK2,MAPKAPK2,0.19952639609103184,1,False,0.9975,0.1595,2000,2000,21360891
PKIS2,informative_profiles,two_way_centered,butina_cluster,CDK2,MET,0.000559359659538794,1,False,0.518,0.0,2000,2000,21360891
PKIS2,informative_profiles,two_way_centered,butina_cluster,CDK2,PLK1,0.1581226936076609,1,False,0.9965,0.0585,2000,2000,21360891
PKIS2,informative_profiles,two_way_centered,butina_cluster,CDK2,PTK2,0.2344324924605241,1,False,1.0,0.371,2000,2000,21360891
PKIS2,informative_profiles,two_way_centered,butina_cluster,CDK2,ROCK1,-0.07362540829617842,-1,False,0.897,0.0,2000,2000,21360891
PKIS2,informative_profiles,two_way_centered,butina_cluster,CDK2,SRC,-0.16524982168358068,-1,False,0.9865,0.0,2000,2000,21360891
PKIS2,informative_profiles,two_way_centered,butina_cluster,CSF1R,EGFR,-0.1587346039083457,-1,False,0.9895,0.0,2000,2000,21360891
PKIS2,informative_profiles,two_way_centered,butina_cluster,CSF1R,FGFR1,-0.06702503617246527,-1,False,0.8015,0.0005,2000,2000,21360891
PKIS2,informative_profiles,two_way_centered,butina_cluster,CSF1R,IGF1R,-0.3098127314246622,-1,False,1.0,0.0,2000,2000,21360891
PKIS2,informative_profiles,two_way_centered,butina_cluster,CSF1R,JAK2,-0.17970961746609393,-1,False,0.999,0.0,2000,2000,21360891
PKIS2,informative_profiles,two_way_centered,butina_cluster,CSF1R,KDR,0.4949322291202619,1,True,1.0,0.999,2000,2000,21360891
PKIS2,informative_profiles,two_way_centered,butina_cluster,CSF1R,KIT,0.6821092274747942,1,True,1.0,1.0,2000,2000,21360891
PKIS2,informative_profiles,two_way_centered,butina_cluster,CSF1R,LCK,0.31211844181591947,1,True,1.0,0.809,2000,2000,21360891
PKIS2,informative_profiles,two_way_centered,butina_cluster,CSF1R,MAP2K1,-0.21610882648762347,-1,False,1.0,0.0,2000,2000,21360891
PKIS2,informative_profiles,two_way_centered,butina_cluster,CSF1R,MAPK1,-0.4275353161445892,-1,False,1.0,0.0,2000,2000,21360891
PKIS2,informative_profiles,two_way_centered,butina_cluster,CSF1R,MAPK14,-0.13671571230235702,-1,False,0.9985,0.0,2000,2000,21360891
PKIS2,informative_profiles,two_way_centered,butina_cluster,CSF1R,MAPKAPK2,-0.33252152400281776,-1,False,1.0,0.0,2000,2000,21360891
PKIS2,informative_profiles,two_way_centered,butina_cluster,CSF1R,MET,-0.012715695085859399,-1,False,0.581,0.0,2000,2000,21360891
PKIS2,informative_profiles,two_way_centered,butina_cluster,CSF1R,PLK1,-0.36103503957994476,-1,False,1.0,0.0,2000,2000,21360891
PKIS2,informative_profiles,two_way_centered,butina_cluster,CSF1R,PTK2,-0.346446130896711,-1,False,1.0,0.0,2000,2000,21360891
PKIS2,informative_profiles,two_way_centered,butina_cluster,CSF1R,ROCK1,-0.22682667106603588,-1,False,1.0,0.0,2000,2000,21360891
PKIS2,informative_profiles,two_way_centered,butina_cluster,CSF1R,SRC,0.13348558366887892,1,False,0.991,0.0185,2000,2000,21360891
PKIS2,informative_profiles,two_way_centered,butina_cluster,EGFR,FGFR1,-0.18858498159705264,-1,False,0.9995,0.0,2000,2000,21360891
PKIS2,informative_profiles,two_way_centered,butina_cluster,EGFR,IGF1R,0.03143653434472934,1,False,0.7265,0.0,2000,2000,21360891
PKIS2,informative_profiles,two_way_centered,butina_cluster,EGFR,JAK2,-0.13183642367474452,-1,False,0.995,0.0,2000,2000,21360891
PKIS2,informative_profiles,two_way_centered,butina_cluster,EGFR,KDR,-0.22707938882014994,-1,False,1.0,0.0,2000,2000,21360891
PKIS2,informative_profiles,two_way_centered,butina_cluster,EGFR,KIT,-0.14077069857086666,-1,False,0.9905,0.0,2000,2000,21360891
PKIS2,informative_profiles,two_way_centered,butina_cluster,EGFR,LCK,0.21346916333110214,1,False,0.9995,0.2245,2000,2000,21360891
PKIS2,informative_profiles,two_way_centered,butina_cluster,EGFR,MAP2K1,0.10617450341866089,1,False,0.9825,0.0,2000,2000,21360891
PKIS2,informative_profiles,two_way_centered,butina_cluster,EGFR,MAPK1,-0.03276302553904182,-1,False,0.717,0.0,2000,2000,21360891
PKIS2,informative_profiles,two_way_centered,butina_cluster,EGFR,MAPK14,0.08923196961268881,1,False,0.982,0.0005,2000,2000,21360891
PKIS2,informative_profiles,two_way_centered,butina_cluster,EGFR,MAPKAPK2,0.08188774523927625,1,False,0.9665,0.0005,2000,2000,21360891
PKIS2,informative_profiles,two_way_centered,butina_cluster,EGFR,MET,-0.17008111202941126,-1,False,1.0,0.0,2000,2000,21360891
PKIS2,informative_profiles,two_way_centered,butina_cluster,EGFR,PLK1,-0.04982661292887873,-1,False,0.875,0.0,2000,2000,21360891
PKIS2,informative_profiles,two_way_centered,butina_cluster,EGFR,PTK2,-0.24950030515126348,-1,False,1.0,0.0,2000,2000,21360891
PKIS2,informative_profiles,two_way_centered,butina_cluster,EGFR,ROCK1,-0.08831238740328164,-1,False,0.9525,0.0,2000,2000,21360891
PKIS2,informative_profiles,two_way_centered,butina_cluster,EGFR,SRC,0.10868052176750687,1,False,0.9825,0.0015,2000,2000,21360891
PKIS2,informative_profiles,two_way_centered,butina_cluster,FGFR1,IGF1R,0.004248910495458443,1,False,0.5115,0.0,2000,2000,21360891
PKIS2,informative_profiles,two_way_centered,butina_cluster,FGFR1,JAK2,0.05878570250815716,1,False,0.8465,0.0005,2000,2000,21360891
PKIS2,informative_profiles,two_way_centered,butina_cluster,FGFR1,KDR,0.13803104944533712,1,False,0.9485,0.08,2000,2000,21360891
PKIS2,informative_profiles,two_way_centered,butina_cluster,FGFR1,KIT,-0.12246744763794286,-1,False,0.9705,0.0,2000,2000,21360891
PKIS2,informative_profiles,two_way_centered,butina_cluster,FGFR1,LCK,-0.09802822443173283,-1,False,0.9265,0.0,2000,2000,21360891
PKIS2,informative_profiles,two_way_centered,butina_cluster,FGFR1,MAP2K1,-0.13478868474553207,-1,False,0.987,0.0,2000,2000,21360891
PKIS2,informative_profiles,two_way_centered,butina_cluster,FGFR1,MAPK1,-0.06844866023159082,-1,False,0.8625,0.0,2000,2000,21360891
PKIS2,informative_profiles,two_way_centered,butina_cluster,FGFR1,MAPK14,-0.09384376304930402,-1,False,0.949,0.0,2000,2000,21360891
PKIS2,informative_profiles,two_way_centered,butina_cluster,FGFR1,MAPKAPK2,-0.1916459756350172,-1,False,1.0,0.0,2000,2000,21360891
PKIS2,informative_profiles,two_way_centered,butina_cluster,FGFR1,MET,0.02175017330337142,1,False,0.621,0.0,2000,2000,21360891
PKIS2,informative_profiles,two_way_centered,butina_cluster,FGFR1,PLK1,0.02956429989684224,1,False,0.657,0.001,2000,2000,21360891
PKIS2,informative_profiles,two_way_centered,butina_cluster,FGFR1,PTK2,0.10817507160854593,1,False,0.952,0.0145,2000,2000,21360891
PKIS2,informative_profiles,two_way_centered,butina_cluster,FGFR1,ROCK1,-0.0799178151767588,-1,False,0.889,0.0,2000,2000,21360891
PKIS2,informative_profiles,two_way_centered,butina_cluster,FGFR1,SRC,0.018917554061044943,1,False,0.6425,0.0005,2000,2000,21360891
PKIS2,informative_profiles,two_way_centered,butina_cluster,IGF1R,JAK2,-0.05971381049501993,-1,False,0.889,0.0,2000,2000,21360891
PKIS2,informative_profiles,two_way_centered,butina_cluster,IGF1R,KDR,-0.24139005651308815,-1,False,1.0,0.0,2000,2000,21360891
PKIS2,informative_profiles,two_way_centered,butina_cluster,IGF1R,KIT,-0.3222171056567682,-1,False,1.0,0.0,2000,2000,21360891
PKIS2,informative_profiles,two_way_centered,butina_cluster,IGF1R,LCK,-0.32225493634779967,-1,False,1.0,0.0,2000,2000,21360891
PKIS2,informative_profiles,two_way_centered,butina_cluster,IGF1R,MAP2K1,0.1376223300805015,1,False,0.9935,0.015,2000,2000,21360891
PKIS2,informative_profiles,two_way_centered,butina_cluster,IGF1R,MAPK1,0.28873516610061384,1,True,1.0,0.674,2000,2000,21360891
PKIS2,informative_profiles,two_way_centered,butina_cluster,IGF1R,MAPK14,0.03776209863125684,1,False,0.7845,0.0,2000,2000,21360891
PKIS2,informative_profiles,two_way_centered,butina_cluster,IGF1R,MAPKAPK2,0.29360064806175323,1,True,1.0,0.7195,2000,2000,21360891
PKIS2,informative_profiles,two_way_centered,butina_cluster,IGF1R,MET,0.14436064365389994,1,False,0.9905,0.0355,2000,2000,21360891
PKIS2,informative_profiles,two_way_centered,butina_cluster,IGF1R,PLK1,0.14825960251840856,1,False,0.999,0.011,2000,2000,21360891
PKIS2,informative_profiles,two_way_centered,butina_cluster,IGF1R,PTK2,0.23544425849366427,1,False,1.0,0.3075,2000,2000,21360891
PKIS2,informative_profiles,two_way_centered,butina_cluster,IGF1R,ROCK1,-0.043323380074561324,-1,False,0.7625,0.0,2000,2000,21360891
PKIS2,informative_profiles,two_way_centered,butina_cluster,IGF1R,SRC,-0.19586886828935673,-1,False,0.9995,0.0,2000,2000,21360891
PKIS2,informative_profiles,two_way_centered,butina_cluster,JAK2,KDR,-0.12334803314886729,-1,False,0.99,0.0,2000,2000,21360891
PKIS2,informative_profiles,two_way_centered,butina_cluster,JAK2,KIT,-0.15948384220303025,-1,False,0.9965,0.0,2000,2000,21360891
PKIS2,informative_profiles,two_way_centered,butina_cluster,JAK2,LCK,-0.19511466233004127,-1,False,1.0,0.0,2000,2000,21360891
PKIS2,informative_profiles,two_way_centered,butina_cluster,JAK2,MAP2K1,-0.05944543156581476,-1,False,0.922,0.0,2000,2000,21360891
PKIS2,informative_profiles,two_way_centered,butina_cluster,JAK2,MAPK1,-0.03599262625468459,-1,False,0.7755,0.0,2000,2000,21360891
PKIS2,informative_profiles,two_way_centered,butina_cluster,JAK2,MAPK14,-0.25225665462870617,-1,False,1.0,0.0,2000,2000,21360891
PKIS2,informative_profiles,two_way_centered,butina_cluster,JAK2,MAPKAPK2,-0.09766797847558961,-1,False,0.979,0.0,2000,2000,21360891
PKIS2,informative_profiles,two_way_centered,butina_cluster,JAK2,MET,0.003694750868532369,1,False,0.505,0.0,2000,2000,21360891
PKIS2,informative_profiles,two_way_centered,butina_cluster,JAK2,PLK1,0.042311989292835236,1,False,0.8185,0.0,2000,2000,21360891
PKIS2,informative_profiles,two_way_centered,butina_cluster,JAK2,PTK2,0.18396177888975784,1,False,0.9995,0.085,2000,2000,21360891
PKIS2,informative_profiles,two_way_centered,butina_cluster,JAK2,ROCK1,0.2668867490474018,1,True,1.0,0.519,2000,2000,21360891
PKIS2,informative_profiles,two_way_centered,butina_cluster,JAK2,SRC,-0.11599932417559819,-1,False,0.991,0.0,2000,2000,21360891
PKIS2,informative_profiles,two_way_centered,butina_cluster,KDR,KIT,0.3880490172157872,1,True,1.0,0.978,2000,2000,21360891
PKIS2,informative_profiles,two_way_centered,butina_cluster,KDR,LCK,0.11955391291188366,1,False,0.975,0.0055,2000,2000,21360891
PKIS2,informative_profiles,two_way_centered,butina_cluster,KDR,MAP2K1,-0.15797567018884368,-1,False,0.9975,0.0,2000,2000,21360891
PKIS2,informative_profiles,two_way_centered,butina_cluster,KDR,MAPK1,-0.3935746798560205,-1,False,1.0,0.0,2000,2000,21360891
PKIS2,informative_profiles,two_way_centered,butina_cluster,KDR,MAPK14,-0.16153165192051405,-1,False,0.9995,0.0,2000,2000,21360891
PKIS2,informative_profiles,two_way_centered,butina_cluster,KDR,MAPKAPK2,-0.35361348575624424,-1,False,1.0,0.0,2000,2000,21360891
PKIS2,informative_profiles,two_way_centered,butina_cluster,KDR,MET,0.07622184502659896,1,False,0.8765,0.0025,2000,2000,21360891
PKIS2,informative_profiles,two_way_centered,butina_cluster,KDR,PLK1,-0.23265273722034285,-1,False,1.0,0.0,2000,2000,21360891
PKIS2,informative_profiles,two_way_centered,butina_cluster,KDR,PTK2,-0.1533144383527139,-1,False,0.982,0.0,2000,2000,21360891
PKIS2,informative_profiles,two_way_centered,butina_cluster,KDR,ROCK1,-0.22967484917155898,-1,False,1.0,0.0,2000,2000,21360891
PKIS2,informative_profiles,two_way_centered,butina_cluster,KDR,SRC,0.056872677657614015,1,False,0.809,0.0035,2000,2000,21360891
PKIS2,informative_profiles,two_way_centered,butina_cluster,KIT,LCK,0.29874029843365485,1,True,1.0,0.744,2000,2000,21360891
PKIS2,informative_profiles,two_way_centered,butina_cluster,KIT,MAP2K1,-0.17998024693933795,-1,False,1.0,0.0,2000,2000,21360891
PKIS2,informative_profiles,two_way_centered,butina_cluster,KIT,MAPK1,-0.3838246700103654,-1,False,1.0,0.0,2000,2000,21360891
PKIS2,informative_profiles,two_way_centered,butina_cluster,KIT,MAPK14,-0.13369592021637414,-1,False,0.9965,0.0,2000,2000,21360891
PKIS2,informative_profiles,two_way_centered,butina_cluster,KIT,MAPKAPK2,-0.2834872783926228,-1,False,1.0,0.0,2000,2000,21360891
PKIS2,informative_profiles,two_way_centered,butina_cluster,KIT,MET,-0.05997249273686396,-1,False,0.8325,0.0,2000,2000,21360891
PKIS2,informative_profiles,two_way_centered,butina_cluster,KIT,PLK1,-0.34559172508245223,-1,False,1.0,0.0,2000,2000,21360891
PKIS2,informative_profiles,two_way_centered,butina_cluster,KIT,PTK2,-0.35453963032377334,-1,False,1.0,0.0,2000,2000,21360891
PKIS2,informative_profiles,two_way_centered,butina_cluster,KIT,ROCK1,-0.27485703283435814,-1,False,1.0,0.0,2000,2000,21360891
PKIS2,informative_profiles,two_way_centered,butina_cluster,KIT,SRC,0.1287096431142457,1,False,0.9945,0.0055,2000,2000,21360891
PKIS2,informative_profiles,two_way_centered,butina_cluster,LCK,MAP2K1,-0.10225416617251865,-1,False,0.9105,0.0,2000,2000,21360891
PKIS2,informative_profiles,two_way_centered,butina_cluster,LCK,MAPK1,-0.4114845761201768,-1,False,1.0,0.0,2000,2000,21360891
PKIS2,informative_profiles,two_way_centered,butina_cluster,LCK,MAPK14,-0.03796577460345512,-1,False,0.7875,0.0,2000,2000,21360891
PKIS2,informative_profiles,two_way_centered,butina_cluster,LCK,MAPKAPK2,-0.31448642029009977,-1,False,1.0,0.0,2000,2000,21360891
PKIS2,informative_profiles,two_way_centered,butina_cluster,LCK,MET,-0.06257940391447796,-1,False,0.8315,0.0,2000,2000,21360891
PKIS2,informative_profiles,two_way_centered,butina_cluster,LCK,PLK1,-0.31009753262504286,-1,False,1.0,0.0,2000,2000,21360891
PKIS2,informative_profiles,two_way_centered,butina_cluster,LCK,PTK2,-0.3711982807008052,-1,False,1.0,0.0,2000,2000,21360891
PKIS2,informative_profiles,two_way_centered,butina_cluster,LCK,ROCK1,-0.2892185111565332,-1,False,1.0,0.0,2000,2000,21360891
PKIS2,informative_profiles,two_way_centered,butina_cluster,LCK,SRC,0.5373616014559226,1,True,1.0,1.0,2000,2000,21360891
PKIS2,informative_profiles,two_way_centered,butina_cluster,MAP2K1,MAPK1,0.14577972191431385,1,False,0.988,0.046,2000,2000,21360891
PKIS2,informative_profiles,two_way_centered,butina_cluster,MAP2K1,MAPK14,-0.0868275481840381,-1,False,0.977,0.0,2000,2000,21360891
PKIS2,informative_profiles,two_way_centered,butina_cluster,MAP2K1,MAPKAPK2,0.050851573415707,1,False,0.843,0.0,2000,2000,21360891
PKIS2,informative_profiles,two_way_centered,butina_cluster,MAP2K1,MET,-0.10436348242761202,-1,False,0.9765,0.0,2000,2000,21360891
PKIS2,informative_profiles,two_way_centered,butina_cluster,MAP2K1,PLK1,0.11208117175820073,1,False,0.988,0.0065,2000,2000,21360891
PKIS2,informative_profiles,two_way_centered,butina_cluster,MAP2K1,PTK2,0.03740403991983848,1,False,0.7615,0.0,2000,2000,21360891
PKIS2,informative_profiles,two_way_centered,butina_cluster,MAP2K1,ROCK1,-0.018803449536979374,-1,False,0.612,0.0,2000,2000,21360891
PKIS2,informative_profiles,two_way_centered,butina_cluster,MAP2K1,SRC,-0.06779593143444779,-1,False,0.8945,0.0,2000,2000,21360891
PKIS2,informative_profiles,two_way_centered,butina_cluster,MAPK1,MAPK14,0.000939198060719101,1,False,0.5265,0.0,2000,2000,21360891
PKIS2,informative_profiles,two_way_centered,butina_cluster,MAPK1,MAPKAPK2,0.41634948204064937,1,True,1.0,0.9975,2000,2000,21360891
PKIS2,informative_profiles,two_way_centered,butina_cluster,MAPK1,MET,-0.030878331286155747,-1,False,0.6915,0.0,2000,2000,21360891
PKIS2,informative_profiles,two_way_centered,butina_cluster,MAPK1,PLK1,0.20501272546935811,1,False,0.9995,0.195,2000,2000,21360891
PKIS2,informative_profiles,two_way_centered,butina_cluster,MAPK1,PTK2,0.31605774083842464,1,True,1.0,0.8465,2000,2000,21360891
PKIS2,informative_profiles,two_way_centered,butina_cluster,MAPK1,ROCK1,0.05298585828604863,1,False,0.835,0.0,2000,2000,21360891
PKIS2,informative_profiles,two_way_centered,butina_cluster,MAPK1,SRC,-0.30410646942089403,-1,False,1.0,0.0,2000,2000,21360891
PKIS2,informative_profiles,two_way_centered,butina_cluster,MAPK14,MAPKAPK2,0.078055938824687,1,False,0.953,0.0,2000,2000,21360891
PKIS2,informative_profiles,two_way_centered,butina_cluster,MAPK14,MET,-0.08799606942998386,-1,False,0.9685,0.0,2000,2000,21360891
PKIS2,informative_profiles,two_way_centered,butina_cluster,MAPK14,PLK1,-0.08981052050579649,-1,False,0.98,0.0,2000,2000,21360891
PKIS2,informative_profiles,two_way_centered,butina_cluster,MAPK14,PTK2,-0.1332163086240511,-1,False,0.9965,0.0,2000,2000,21360891
PKIS2,informative_profiles,two_way_centered,butina_cluster,MAPK14,ROCK1,-0.10576677660877937,-1,False,0.9935,0.0,2000,2000,21360891
PKIS2,informative_profiles,two_way_centered,butina_cluster,MAPK14,SRC,-0.06201920770973206,-1,False,0.893,0.0,2000,2000,21360891
PKIS2,informative_profiles,two_way_centered,butina_cluster,MAPKAPK2,MET,-0.0068316351119821605,-1,False,0.532,0.0005,2000,2000,21360891
PKIS2,informative_profiles,two_way_centered,butina_cluster,MAPKAPK2,PLK1,0.12457700450511726,1,False,0.98,0.0195,2000,2000,21360891
PKIS2,informative_profiles,two_way_centered,butina_cluster,MAPKAPK2,PTK2,0.021597416053548407,1,False,0.664,0.0,2000,2000,21360891
PKIS2,informative_profiles,two_way_centered,butina_cluster,MAPKAPK2,ROCK1,0.11009570515138312,1,False,0.9725,0.0025,2000,2000,21360891
PKIS2,informative_profiles,two_way_centered,butina_cluster,MAPKAPK2,SRC,-0.33625147107187153,-1,False,1.0,0.0,2000,2000,21360891
PKIS2,informative_profiles,two_way_centered,butina_cluster,MET,PLK1,-0.013614119114508726,-1,False,0.59,0.0,2000,2000,21360891
PKIS2,informative_profiles,two_way_centered,butina_cluster,MET,PTK2,0.20249961889211376,1,False,0.9795,0.2725,2000,2000,21360891
PKIS2,informative_profiles,two_way_centered,butina_cluster,MET,ROCK1,-0.2005315912766126,-1,False,1.0,0.0,2000,2000,21360891
PKIS2,informative_profiles,two_way_centered,butina_cluster,MET,SRC,-0.1140119985209535,-1,False,0.971,0.0,2000,2000,21360891
PKIS2,informative_profiles,two_way_centered,butina_cluster,PLK1,PTK2,0.23474559933751743,1,False,0.996,0.3735,2000,2000,21360891
PKIS2,informative_profiles,two_way_centered,butina_cluster,PLK1,ROCK1,0.08156487898142929,1,False,0.9255,0.0035,2000,2000,21360891
PKIS2,informative_profiles,two_way_centered,butina_cluster,PLK1,SRC,-0.2366580880785168,-1,False,1.0,0.0,2000,2000,21360891
PKIS2,informative_profiles,two_way_centered,butina_cluster,PTK2,ROCK1,0.01666581428676569,1,False,0.6075,0.0,2000,2000,21360891
PKIS2,informative_profiles,two_way_centered,butina_cluster,PTK2,SRC,-0.2706340501564001,-1,False,1.0,0.0,2000,2000,21360891
PKIS2,informative_profiles,two_way_centered,butina_cluster,ROCK1,SRC,-0.19439876639340092,-1,False,1.0,0.0,2000,2000,21360891
