calibration_ligands,repetition,calibration_vs_full_map_spearman,panel_overlap_with_full_source,panel_jaccard_with_full_source,calibration_panel_index_lexicographic,top5pct_on_both_experimental_maps,DAVIS_mean_nearest_distance,DAVIS_oracle_mean_nearest_distance,DAVIS_absolute_loss_vs_oracle,DAVIS_fraction_all_panels_no_worse,DAVIS_exact_rank_best_is_1,DAVIS_median_headroom_captured,PKIS2_mean_nearest_distance,PKIS2_oracle_mean_nearest_distance,PKIS2_absolute_loss_vs_oracle,PKIS2_fraction_all_panels_no_worse,PKIS2_exact_rank_best_is_1,PKIS2_median_headroom_captured
200,0,0.907992730642,7,0.777777777778,110236,False,0.312633224411,0.250758185607,0.0618750388044,0.175089684997,35628,0.363914876058,0.420355873788,0.385165064644,0.0351908091443,0.102796206202,20915,0.400328972245
200,1,0.914472955331,6,0.6,97008,False,0.355281031833,0.250758185607,0.104522846226,0.567610201976,115502,-0.0745112872842,0.431040244283,0.385165064644,0.0458751796392,0.257830851639,52463,0.218261336081
200,2,0.917702053497,5,0.454545454545,97012,False,0.322940340384,0.250758185607,0.0721821547769,0.263688633348,53655,0.257956103869,0.418417787687,0.385165064644,0.0332527230429,0.0827264239029,16823,0.433355041055
200,3,0.922846323046,6,0.6,108954,True,0.270731796692,0.250758185607,0.0199736110847,0.00330728782741,673,0.794668138754,0.399287644431,0.385165064644,0.014122579787,0.00219666814094,447,0.75934335864
200,4,0.890140689941,7,0.777777777778,109749,False,0.29381541229,0.250758185607,0.0430572266835,0.0546316772323,11116,0.557364942298,0.415913357519,0.385165064644,0.0307482928756,0.0604648877095,12301,0.476031928824
200,5,0.901079713502,3,0.230769230769,99931,False,0.331825907167,0.250758185607,0.0810677215597,0.345766376726,70359,0.166611080779,0.420282157294,0.385165064644,0.0351170926504,0.101936213082,20742,0.401585142442
200,6,0.921826539636,8,1,110244,True,0.265664673778,0.250758185607,0.0149064881707,0.00128261831048,258,0.846758958721,0.412189974543,0.385165064644,0.027024909899,0.0358346847511,7289,0.539480452761
200,7,0.902116342126,5,0.454545454545,96525,False,0.300446573465,0.250758185607,0.0496883878581,0.0888643176569,18082,0.489195563188,0.421950357016,0.385165064644,0.0367852923722,0.121155830753,24651,0.373158088162
200,8,0.93945959254,7,0.777777777778,86857,False,0.303657502907,0.250758185607,0.0528993172996,0.108742444346,22125,0.456186703861,0.437888348273,0.385165064644,0.0527232836292,0.386018968991,78550,0.101565822175
200,9,0.914570139265,5,0.454545454545,110935,False,0.351407201958,0.250758185607,0.100649016351,0.531903287631,108236,-0.034687707314,0.423653685831,0.385165064644,0.0384886211873,0.143240454076,29145,0.344132414529
200,10,0.908569355314,4,0.333333333333,100475,False,0.319898097154,0.250758185607,0.0691399115474,0.236326109391,48090,0.289230842425,0.430432476841,0.385165064644,0.0452674121971,0.247402820777,50344,0.228618032489
200,11,0.924788705931,6,0.6,119905,False,0.316191830525,0.250758185607,0.0654336449181,0.204295051354,41571,0.327331845896,0.416720446759,0.385165064644,0.0315553821156,0.0673202614379,13698,0.46227867774
200,12,0.913884668587,5,0.454545454545,101748,False,0.320248614865,0.250758185607,0.0694904292584,0.239417170377,48719,0.285627465264,0.418433156246,0.385165064644,0.033268091602,0.0829082510197,16870,0.433093152231
200,13,0.937185488495,6,0.6,96530,False,0.314910806301,0.250758185607,0.064152620694,0.193390338592,39352,0.340500976261,0.416820128604,0.385165064644,0.0316550639603,0.0681409405868,13863,0.460580043474
200,14,0.910269426258,6,0.6,96749,False,0.312560389412,0.250758185607,0.0618022038052,0.17436237653,35480,0.364663631298,0.428151397755,0.385165064644,0.0429863331111,0.209091355841,42545,0.26748889318
200,15,0.908430706236,5,0.454545454545,102221,False,0.307124559219,0.250758185607,0.0563663736115,0.133067964028,27077,0.42054482005,0.408761670427,0.385165064644,0.0235966057834,0.0199518403853,4059,0.597900668222
200,16,0.908517523883,4,0.333333333333,78458,False,0.358100001848,0.250758185607,0.107341816241,0.592653201632,120598,-0.103490742103,0.443320184857,0.385165064644,0.0581551202138,0.490289449113,99768,0.00900429527379
200,17,0.905949276466,8,1,110244,True,0.265664673778,0.250758185607,0.0149064881707,0.00128261831048,258,0.846758958721,0.412189974543,0.385165064644,0.027024909899,0.0358346847511,7289,0.539480452761
200,18,0.892797050792,4,0.333333333333,77788,False,0.372915263061,0.250758185607,0.122157077454,0.716074499975,145713,-0.255793955913,0.444142722892,0.385165064644,0.0589776582486,0.505376185562,102836,-0.00501221189534
200,19,0.928253637109,5,0.454545454545,96567,False,0.32359098861,0.250758185607,0.0728328030031,0.269693842449,54879,0.25126733784,0.416820128604,0.385165064644,0.0316550639603,0.0681409405868,13863,0.460580043474
200,20,0.881975943737,5,0.454545454545,101465,False,0.282361611238,0.250758185607,0.0316034256313,0.0176126590987,3583,0.675111817333,0.415469621562,0.385165064644,0.0303045569182,0.0570888004325,11616,0.483593437187
200,21,0.894611150885,4,0.333333333333,77633,False,0.350745756444,0.250758185607,0.0999875708372,0.525662194702,106966,-0.0278879434666,0.447378092181,0.385165064644,0.0622130275374,0.564735367831,114915,-0.0601447102314
200,22,0.928078706028,5,0.454545454545,78998,False,0.333390583457,0.250758185607,0.0826323978501,0.360833456189,73425,0.15052596259,0.445281650898,0.385165064644,0.0601165862547,0.527229839304,107285,-0.0244201807536
200,23,0.891957381606,6,0.6,96745,False,0.310534782821,0.250758185607,0.0597765972142,0.158258391076,32201,0.385487185423,0.414077863248,0.385165064644,0.0289127986047,0.0475404196766,9671,0.507309775587
200,24,0.933610415526,4,0.333333333333,101835,False,0.328928797175,0.250758185607,0.0781706115676,0.318959162612,64905,0.196393826843,0.418433156246,0.385165064644,0.033268091602,0.0829082510197,16870,0.433093152231
200,25,0.917515460344,6,0.6,102231,False,0.273789670159,0.250758185607,0.0230314845521,0.00538109980834,1094,0.763232718897,0.414789918985,0.385165064644,0.0296248543418,0.0524743230626,10677,0.495175948431
200,26,0.910128185608,5,0.454545454545,113527,False,0.293460932208,0.250758185607,0.0427027466008,0.0530787753698,10798,0.561009053262,0.413501106801,0.385165064644,0.0283360421576,0.0435353088604,8858,0.517138027334
200,27,0.915539387029,6,0.6,97021,False,0.321376900388,0.250758185607,0.0706187147812,0.249918914934,50855,0.274028512755,0.426453288811,0.385165064644,0.0412882241671,0.183065506905,37249,0.296425617298
200,28,0.928573696197,5,0.454545454545,97082,False,0.294078487544,0.250758185607,0.0433203019368,0.0558848100644,11371,0.554660487345,0.412939068687,0.385165064644,0.0277740040435,0.0402427637722,8186,0.526715470469
200,29,0.898766735883,6,0.6,109505,False,0.282887044347,0.250758185607,0.0321288587397,0.0189100201484,3845,0.669710282394,0.422010909368,0.385165064644,0.0368458447243,0.121912624699,24805,0.372126242288
200,30,0.917748701785,7,0.777777777778,110239,True,0.275925274141,0.250758185607,0.0251670885343,0.00760233918129,1544,0.741278374302,0.413191801195,0.385165064644,0.0280267365513,0.0417661801563,8496,0.522408767487
200,31,0.941267213704,6,0.6,96749,False,0.312560389412,0.250758185607,0.0618022038052,0.17436237653,35480,0.364663631298,0.428151397755,0.385165064644,0.0429863331111,0.209091355841,42545,0.26748889318
200,32,0.893395703822,3,0.230769230769,102732,False,0.342339930652,0.250758185607,0.0915817450449,0.446046488771,90765,0.0585252668397,0.415694909499,0.385165064644,0.0305298448551,0.0588775861222,11978,0.47975440501
200,33,0.898085152563,6,0.6,110319,True,0.284605456451,0.250758185607,0.0338472708435,0.0227627893263,4629,0.652044735881,0.413191801195,0.385165064644,0.0280267365513,0.0417661801563,8496,0.522408767487
200,34,0.945254346551,6,0.6,89846,False,0.346767162934,0.250758185607,0.0960089773268,0.48831392206,99366,0.0130126231439,0.445168260153,0.385165064644,0.0600031955091,0.525111799106,106854,-0.0224879391654
200,35,0.922655842536,7,0.777777777778,110230,False,0.319602054128,0.250758185607,0.0688438685207,0.233711730306,47555,0.292274211269,0.422036639581,0.385165064644,0.036871574937,0.122158337019,24855,0.371687785105
200,36,0.902590599722,4,0.333333333333,80029,False,0.369567060421,0.250758185607,0.118808874814,0.690220649663,140453,-0.221373906532,0.440586091291,0.385165064644,0.0554210266477,0.438532606025,89236,0.0555947755331
200,37,0.906179926335,5,0.454545454545,142637,False,0.294381842191,0.250758185607,0.0436236565844,0.0573492554917,11667,0.551541953889,0.413692216452,0.385165064644,0.0285271518085,0.0448965551133,9133,0.513881412224
200,38,0.924153770899,6,0.6,77690,False,0.373672328283,0.250758185607,0.122914142676,0.721922453192,146903,-0.263576705386,0.445902284113,0.385165064644,0.0607372194691,0.538395007126,109555,-0.0349961171019
200,39,0.93109399954,5,0.454545454545,96773,False,0.345097675617,0.250758185607,0.0943394900103,0.472332792766,96114,0.0301752151545,0.425167066861,0.385165064644,0.0400020022169,0.163821318001,33333,0.318343557168
200,40,0.907036440736,5,0.454545454545,96743,False,0.378632729921,0.250758185607,0.127874544314,0.757668681508,154178,-0.31457041386,0.453399317235,0.385165064644,0.0682342525913,0.667379232395,135804,-0.162749745587
200,41,0.907156948813,4,0.333333333333,100576,False,0.285744861476,0.250758185607,0.0349866758693,0.0255786525136,5205,0.640331473133,0.418342199344,0.385165064644,0.0331771347002,0.0819843726964,16683,0.434643108601
200,42,0.922832069402,7,0.777777777778,110239,True,0.275925274141,0.250758185607,0.0251670885343,0.00760233918129,1544,0.741278374302,0.413191801195,0.385165064644,0.0280267365513,0.0417661801563,8496,0.522408767487
200,43,0.935136851176,7,0.777777777778,119928,True,0.259881201223,0.250758185607,0.00912301561609,0.00031451176962,63,0.906213965583,0.406873781721,0.385165064644,0.0217087170776,0.0139073173129,2829,0.630071345396
200,44,0.933265736508,5,0.454545454545,77766,False,0.36456486684,0.250758185607,0.113806681233,0.649083493046,132081,-0.169950570317,0.444142722892,0.385165064644,0.0589776582486,0.505376185562,102836,-0.00501221189534
200,45,0.931496988918,5,0.454545454545,96185,False,0.332804433913,0.250758185607,0.082046248306,0.355368814192,72314,0.15655167203,0.412770302423,0.385165064644,0.0276052377797,0.0392893999705,7995,0.529591341793
200,46,0.916810552879,5,0.454545454545,102811,False,0.351870808231,0.250758185607,0.101112622623,0.536375251855,109147,-0.0394536526569,0.425724051461,0.385165064644,0.0405589868178,0.171880682097,34975,0.308852228716
200,47,0.913321001772,7,0.777777777778,84371,False,0.345581805772,0.250758185607,0.0948236201651,0.477094697528,97083,0.0251982810716,0.448803687181,0.385165064644,0.0636386225378,0.589984765836,120053,-0.0844376446607
200,48,0.91813095859,6,0.6,84402,False,0.354261988081,0.250758185607,0.103503802474,0.558032335741,113553,-0.0640353573495,0.448803687181,0.385165064644,0.0636386225378,0.589984765836,120053,-0.0844376446607
200,49,0.917503798272,5,0.454545454545,97862,True,0.285512030977,0.250758185607,0.0347538453704,0.0249742002064,5082,0.642725007256,0.413031324899,0.385165064644,0.027866260255,0.0408079021082,8304,0.525143373139
200,50,0.933677796387,8,1,110244,True,0.265664673778,0.250758185607,0.0149064881707,0.00128261831048,258,0.846758958721,0.412189974543,0.385165064644,0.027024909899,0.0358346847511,7289,0.539480452761
200,51,0.916820919166,6,0.6,96163,False,0.350713941629,0.250758185607,0.0999557560215,0.525401739643,106913,-0.0275608821616,0.427490832567,0.385165064644,0.0423257679232,0.199022064966,40496,0.278745292642
200,52,0.921017969309,5,0.454545454545,109494,True,0.289304043989,0.250758185607,0.0385458583817,0.0368617622488,7498,0.603742517501,0.412946752314,0.385165064644,0.02778168767,0.0403213917146,8202,0.526584537186
200,53,0.916714664732,6,0.6,182641,False,0.323861226329,0.250758185607,0.0731030407216,0.272214850853,55392,0.248489251621,0.435881196603,0.385165064644,0.0507161319593,0.347053909283,70619,0.135768806819
200,54,0.922968126909,5,0.454545454545,110290,False,0.317627542872,0.250758185607,0.0668693572647,0.216624895572,44078,0.312572497318,0.406691304796,0.385165064644,0.0215262401528,0.0135043491081,2745,0.633180854035
200,55,0.920323428131,5,0.454545454545,85403,False,0.365361776928,0.250758185607,0.114603591321,0.655796353629,133447,-0.17814293127,0.453367948537,0.385165064644,0.0682028838934,0.666804265566,135687,-0.162215205468
200,56,0.923430722433,4,0.333333333333,181981,False,0.300074220843,0.250758185607,0.0493160352356,0.0866971349943,17641,0.493023406671,0.42883177737,0.385165064644,0.0436667127263,0.220826576245,44933,0.255894844819
200,57,0.81946594189,5,0.454545454545,99678,False,0.318741589589,0.250758185607,0.0679834039819,0.22626664701,46043,0.301119921969,0.441186146015,0.385165064644,0.056021081371,0.449314462627,91431,0.045369508159
200,58,0.934924342308,7,0.777777777778,110233,True,0.273928228662,0.250758185607,0.0231700430552,0.00554818418596,1126,0.761808315707,0.410063453534,0.385165064644,0.0248983888905,0.0252051697872,5126,0.575717557553
200,59,0.927088725692,7,0.777777777778,109474,False,0.274206862038,0.250758185607,0.0234486764306,0.00582829623077,1183,0.758943920815,0.422010909368,0.385165064644,0.0368458447243,0.121912624699,24805,0.372126242288
200,60,0.917470107842,6,0.6,96734,False,0.369952547611,0.250758185607,0.119194362004,0.693277310924,141075,-0.225336775439,0.453399317235,0.385165064644,0.0682342525913,0.667379232395,135804,-0.162749745587
200,61,0.903794384712,6,0.6,109834,False,0.3024955946,0.250758185607,0.0517374089926,0.101341589267,20621,0.468131303876,0.415913357519,0.385165064644,0.0307482928756,0.0604648877095,12301,0.476031928824
200,62,0.935868970142,5,0.454545454545,99208,False,0.325778644927,0.250758185607,0.0750204593198,0.290117450489,59035,0.228777887066,0.455850466568,0.385165064644,0.0706854019241,0.705066588039,143474,-0.204518698199
200,63,0.927748280654,4,0.333333333333,181961,False,0.319519163002,0.250758185607,0.0687609773946,0.23290087965,47392,0.293126345073,0.435344644717,0.385165064644,0.0501795800733,0.336915818959,68556,0.144911950405
200,64,0.944178844353,6,0.6,96449,False,0.295332008867,0.250758185607,0.0445738232604,0.0616639638311,12545,0.54177409112,0.420785814383,0.385165064644,0.0356207497396,0.107798909037,21933,0.393002544552
200,65,0.888044108548,3,0.230769230769,77532,False,0.342512454538,0.250758185607,0.0917542689308,0.44765836159,91094,0.0567516941768,0.434308538062,0.385165064644,0.0491434734181,0.317101577473,64527,0.162567786058
200,66,0.910667232493,6,0.6,97008,False,0.355281031833,0.250758185607,0.104522846226,0.567610201976,115502,-0.0745112872842,0.431040244283,0.385165064644,0.0458751796392,0.257830851639,52463,0.218261336081
200,67,0.905924656536,5,0.454545454545,101748,False,0.320248614865,0.250758185607,0.0694904292584,0.239417170377,48719,0.285627465264,0.418433156246,0.385165064644,0.033268091602,0.0829082510197,16870,0.433093152231
200,68,0.922881309262,5,0.454545454545,84191,False,0.349408169051,0.250758185607,0.0986499834436,0.513204580078,104431,-0.0141373348292,0.43488104954,0.385165064644,0.049715984896,0.327962062018,66734,0.152811870958
200,69,0.904348981026,8,1,110244,True,0.265664673778,0.250758185607,0.0149064881707,0.00128261831048,258,0.846758958721,0.412189974543,0.385165064644,0.027024909899,0.0358346847511,7289,0.539480452761
200,70,0.938509781563,8,1,110244,True,0.265664673778,0.250758185607,0.0149064881707,0.00128261831048,258,0.846758958721,0.412189974543,0.385165064644,0.027024909899,0.0358346847511,7289,0.539480452761
200,71,0.899479418063,6,0.6,96527,False,0.30466637766,0.250758185607,0.0539081920527,0.115691188756,23541,0.445815312833,0.428410400161,0.385165064644,0.043245335517,0.213440463905,43430,0.263075347635
200,72,0.908109351362,4,0.333333333333,96547,False,0.309479532829,0.250758185607,0.0587213472224,0.150262912182,30576,0.396335321194,0.421950357016,0.385165064644,0.0367852923722,0.121155830753,24651,0.373158088162
200,73,0.905053888491,5,0.454545454545,101748,False,0.320248614865,0.250758185607,0.0694904292584,0.239417170377,48719,0.285627465264,0.418433156246,0.385165064644,0.033268091602,0.0829082510197,16870,0.433093152231
200,74,0.883028121791,4,0.333333333333,162181,False,0.326441349246,0.250758185607,0.075683163639,0.295970317952,60224,0.221965182506,0.458821452837,0.385165064644,0.0736563881935,0.746459285469,151894,-0.255145962334
200,75,0.911727185262,7,0.777777777778,109474,False,0.274206862038,0.250758185607,0.0234486764306,0.00582829623077,1183,0.758943920815,0.422010909368,0.385165064644,0.0368458447243,0.121912624699,24805,0.372126242288
200,76,0.904415066101,4,0.333333333333,161117,False,0.3447947942,0.250758185607,0.0940366085931,0.46925647452,95488,0.0332888837278,0.434558899861,0.385165064644,0.0493938352177,0.321961767163,65513,0.158301481267
200,77,0.897555176178,6,0.6,110993,False,0.292975542568,0.250758185607,0.0422173569607,0.0510688485921,10391,0.565998935051,0.414326981786,0.385165064644,0.0291619171422,0.0491522924959,9999,0.503064656676
200,78,0.933513231593,3,0.230769230769,77532,False,0.342512454538,0.250758185607,0.0917542689308,0.44765836159,91094,0.0567516941768,0.434308538062,0.385165064644,0.0491434734181,0.317101577473,64527,0.162567786058
200,79,0.921538875193,7,0.777777777778,182660,False,0.281253884208,0.250758185607,0.0304956986009,0.0154159909578,3136,0.686499425309,0.427470593946,0.385165064644,0.0423055293026,0.198638753747,40418,0.279090170034
200,80,0.929974440625,7,0.777777777778,182660,False,0.281253884208,0.250758185607,0.0304956986009,0.0154159909578,3136,0.686499425309,0.427470593946,0.385165064644,0.0423055293026,0.198638753747,40418,0.279090170034
200,81,0.910502667699,6,0.6,181251,False,0.289796072468,0.250758185607,0.0390378868608,0.0386800334169,7870,0.598684387403,0.437291528772,0.385165064644,0.052126464128,0.374411518994,76186,0.111735959561
200,82,0.946841684133,5,0.454545454545,97007,False,0.333989534432,0.250758185607,0.0832313488245,0.366366897636,74551,0.144368652435,0.415694909499,0.385165064644,0.0305298448551,0.0588775861222,11978,0.47975440501
200,83,0.928567217268,7,0.777777777778,118538,False,0.280522534374,0.250758185607,0.029764348767,0.0139957737481,2847,0.694017816548,0.415108107997,0.385165064644,0.0299430433532,0.0546759054499,11125,0.489753830096
200,84,0.926626130168,7,0.777777777778,102236,True,0.27447867627,0.250758185607,0.0237204906631,0.00606418005799,1233,0.756149627783,0.413788092333,0.385165064644,0.0286230276894,0.0455304928989,9264,0.512247633705
200,85,0.894065625071,7,0.777777777778,110239,True,0.275925274141,0.250758185607,0.0251670885343,0.00760233918129,1544,0.741278374302,0.413191801195,0.385165064644,0.0280267365513,0.0417661801563,8496,0.522408767487
200,86,0.913029449971,5,0.454545454545,96525,False,0.300446573465,0.250758185607,0.0496883878581,0.0888643176569,18082,0.489195563188,0.421950357016,0.385165064644,0.0367852923722,0.121155830753,24651,0.373158088162
200,87,0.901596732028,5,0.454545454545,88265,False,0.357230167445,0.250758185607,0.106471981838,0.585060690943,119054,-0.0945487077204,0.45400783337,0.385165064644,0.0688427687266,0.677173325471,137798,-0.173119200145
200,88,0.8823711584,6,0.6,108461,False,0.298793663541,0.250758185607,0.0480354779339,0.0793749078579,16151,0.506187737,0.418930089689,0.385165064644,0.0337650250454,0.0878618113912,17876,0.424625129018
200,89,0.921247323392,6,0.6,84369,False,0.338781796985,0.250758185607,0.0880236113779,0.41230035874,83896,0.0951034401757,0.43513911819,0.385165064644,0.0499740535463,0.332910708143,67741,0.148414237129
200,90,0.883022938648,6,0.6,108790,False,0.328422929966,0.250758185607,0.0776647443594,0.314320114011,63960,0.201594221251,0.422679639494,0.385165064644,0.0375145748506,0.130301243304,26512,0.360730707719
200,91,0.890780808117,4,0.333333333333,101792,False,0.327360806628,0.250758185607,0.0766026210214,0.304260651629,61914,0.212513016102,0.432211188596,0.385165064644,0.0470461239522,0.278141432011,56598,0.198307791485
200,92,0.9027111078,3,0.230769230769,181761,False,0.338352345705,0.250758185607,0.0875941600979,0.40793159369,83010,0.099518266832,0.449277112895,0.385165064644,0.0641120482516,0.598447098138,121777,-0.0925050830427
200,93,0.859617160091,4,0.333333333333,145926,False,0.320334087627,0.250758185607,0.0695759020199,0.240272249251,48890,0.284748791842,0.417189595792,0.385165064644,0.0320245311487,0.0712565728046,14499,0.454284116385
200,94,0.905240481644,6,0.6,97017,False,0.287082548076,0.250758185607,0.0363243624685,0.0294559929235,5993,0.626579844646,0.415595168508,0.385165064644,0.0304301038642,0.0581257064229,11825,0.48145404716
200,95,0.897718445187,6,0.6,77768,False,0.388740963029,0.250758185607,0.137982777422,0.821519484987,167170,-0.418484638947,0.45191677131,0.385165064644,0.0667517066664,0.643540223107,130951,-0.137486335619
200,96,0.926823089607,3,0.230769230769,161097,False,0.326768613228,0.250758185607,0.076010427621,0.29896309401,60835,0.218600857334,0.435314717329,0.385165064644,0.0501496526856,0.33635559487,68442,0.145421929794
200,97,0.915442203095,7,0.777777777778,109749,False,0.29381541229,0.250758185607,0.0430572266835,0.0546316772323,11116,0.557364942298,0.415913357519,0.385165064644,0.0307482928756,0.0604648877095,12301,0.476031928824
200,98,0.92662872174,5,0.454545454545,84397,False,0.370648965779,0.250758185607,0.119890780172,0.698614182515,142160,-0.232496063654,0.450171382827,0.385165064644,0.0650063181839,0.614074401691,124955,-0.10774394178
200,99,0.927331037633,5,0.454545454545,77624,False,0.34171279708,0.250758185607,0.0909546114729,0.440090422134,89553,0.0649722985279,0.447378092181,0.385165064644,0.0622130275374,0.564735367831,114915,-0.0601447102314
500,0,0.959791767225,5,0.454545454545,80002,False,0.360886878112,0.250758185607,0.110128692505,0.617730601012,125702,-0.132140268111,0.440586091291,0.385165064644,0.0554210266477,0.438532606025,89236,0.0555947755331
500,1,0.95179936053,4,0.333333333333,84026,False,0.369212333521,0.250758185607,0.118454147914,0.68720821662,139840,-0.217727258252,0.441625834235,0.385165064644,0.0564607695912,0.458209248612,93241,0.0378769754974
500,2,0.957506001108,4,0.333333333333,77633,False,0.350745756444,0.250758185607,0.0999875708372,0.525662194702,106966,-0.0278879434666,0.447378092181,0.385165064644,0.0622130275374,0.564735367831,114915,-0.0601447102314
500,3,0.962959963459,5,0.454545454545,77799,False,0.397091359249,0.250758185607,0.146333173642,0.864366799351,175889,-0.504328024542,0.45191677131,0.385165064644,0.0667517066664,0.643540223107,130951,-0.137486335619
500,4,0.957885666342,5,0.454545454545,97082,False,0.294078487544,0.250758185607,0.0433203019368,0.0558848100644,11371,0.554660487345,0.412939068687,0.385165064644,0.0277740040435,0.0402427637722,8186,0.526715470469
500,5,0.953080892667,7,0.777777777778,84371,False,0.345581805772,0.250758185607,0.0948236201651,0.477094697528,97083,0.0251982810716,0.448803687181,0.385165064644,0.0636386225378,0.589984765836,120053,-0.0844376446607
500,6,0.96277855345,5,0.454545454545,96558,False,0.313699337024,0.250758185607,0.062941151417,0.183473389356,37334,0.352955070838,0.428410400161,0.385165064644,0.043245335517,0.213440463905,43430,0.263075347635
500,7,0.967948738715,5,0.454545454545,77624,False,0.34171279708,0.250758185607,0.0909546114729,0.440090422134,89553,0.0649722985279,0.447378092181,0.385165064644,0.0622130275374,0.564735367831,114915,-0.0601447102314
500,8,0.961831334044,7,0.777777777778,110239,True,0.275925274141,0.250758185607,0.0251670885343,0.00760233918129,1544,0.741278374302,0.413191801195,0.385165064644,0.0280267365513,0.0417661801563,8496,0.522408767487
500,9,0.960888001996,6,0.6,109514,False,0.312433714676,0.250758185607,0.061675529069,0.173182957393,35238,0.365965867496,0.414416761291,0.385165064644,0.0292516966474,0.0498452012384,10140,0.501534763801
500,10,0.968816915188,7,0.777777777778,109474,False,0.274206862038,0.250758185607,0.0234486764306,0.00582829623077,1183,0.758943920815,0.422010909368,0.385165064644,0.0368458447243,0.121912624699,24805,0.372126242288
500,11,0.95491961269,4,0.333333333333,101492,False,0.291041793547,0.250758185607,0.0402836079404,0.0430831981916,8766,0.585878178911,0.415469621562,0.385165064644,0.0303045569182,0.0570888004325,11616,0.483593437187
500,12,0.9598669228,4,0.333333333333,96565,False,0.323879813509,0.250758185607,0.0731216279024,0.272411420709,55432,0.24829817248,0.4256833713,0.385165064644,0.0405183066563,0.171320458008,34859,0.309545441372
500,13,0.946989403712,4,0.333333333333,128584,False,0.348323908365,0.250758185607,0.0975657227584,0.50264877881,102283,-0.00299096457038,0.422601182481,0.385165064644,0.0374361178379,0.129293822792,26303,0.362067659002
500,14,0.963988817369,6,0.6,120060,True,0.268561383532,0.250758185607,0.0178031979253,0.00229495306895,466,0.816980327162,0.406873781721,0.385165064644,0.0217087170776,0.0139073173129,2829,0.630071345396
500,15,0.956861995575,5,0.454545454545,102302,False,0.330127409213,0.250758185607,0.079369223606,0.329603420315,67071,0.184071906699,0.416535718845,0.385165064644,0.0313706542012,0.0657673595754,13382,0.465426544498
500,16,0.95175012067,5,0.454545454545,84060,False,0.309902943846,0.250758185607,0.0591447582392,0.153471915082,31230,0.391982589393,0.423224514525,0.385165064644,0.0380594498816,0.13746130031,27972,0.351445733098
500,17,0.934197406485,6,0.6,110177,False,0.332922240839,0.250758185607,0.0821640552324,0.35627303553,72497,0.15534059831,0.434923555171,0.385165064644,0.0497584905272,0.328905597327,66928,0.15208755128
500,18,0.953902420852,5,0.454545454545,84391,False,0.347461979294,0.250758185607,0.0967037936871,0.494879355251,100700,0.00586980175463,0.43513911819,0.385165064644,0.0499740535463,0.332910708143,67741,0.148414237129
500,19,0.968134036081,4,0.333333333333,97068,False,0.342339930652,0.250758185607,0.0915817450449,0.446046488771,90765,0.0585252668397,0.415694909499,0.385165064644,0.0305298448551,0.0588775861222,11978,0.47975440501
500,20,0.971461613966,7,0.777777777778,96747,False,0.327230699458,0.250758185607,0.0764725138514,0.303164774682,61690,0.213850538259,0.421851911666,0.385165064644,0.0366868470226,0.120035382574,24423,0.374835651863
500,21,0.96955940044,7,0.777777777778,110233,True,0.273928228662,0.250758185607,0.0231700430552,0.00554818418596,1126,0.761808315707,0.410063453534,0.385165064644,0.0248983888905,0.0252051697872,5126,0.575717557553
500,22,0.959049281973,7,0.777777777778,110329,True,0.274344856087,0.250758185607,0.0235866704798,0.00599046636198,1216,0.7575253203,0.412189974543,0.385165064644,0.027024909899,0.0358346847511,7289,0.539480452761
500,23,0.952709002148,6,0.6,110295,False,0.328282236437,0.250758185607,0.0775240508299,0.312998181729,63689,0.203040572848,0.422036639581,0.385165064644,0.036871574937,0.122158337019,24855,0.371687785105
500,24,0.958095583638,5,0.454545454545,96529,False,0.314846854145,0.250758185607,0.0640886685381,0.19285959998,39244,0.341158414475,0.4256833713,0.385165064644,0.0405183066563,0.171320458008,34859,0.309545441372
500,25,0.963549545989,6,0.6,109834,False,0.3024955946,0.250758185607,0.0517374089926,0.101341589267,20621,0.468131303876,0.415913357519,0.385165064644,0.0307482928756,0.0604648877095,12301,0.476031928824
500,26,0.974650542772,4,0.333333333333,77633,False,0.350745756444,0.250758185607,0.0999875708372,0.525662194702,106966,-0.0278879434666,0.447378092181,0.385165064644,0.0622130275374,0.564735367831,114915,-0.0601447102314
500,27,0.96874564697,6,0.6,102243,False,0.292097876353,0.250758185607,0.0413396907457,0.047422477763,9649,0.575021481687,0.421437869528,0.385165064644,0.0362728048839,0.115548675611,23512,0.381891160982
500,28,0.970371858124,5,0.454545454545,96558,False,0.313699337024,0.250758185607,0.062941151417,0.183473389356,37334,0.352955070838,0.428410400161,0.385165064644,0.043245335517,0.213440463905,43430,0.263075347635
500,29,0.950451743318,4,0.333333333333,77633,False,0.350745756444,0.250758185607,0.0999875708372,0.525662194702,106966,-0.0278879434666,0.447378092181,0.385165064644,0.0622130275374,0.564735367831,114915,-0.0601447102314
500,30,0.953806532704,4,0.333333333333,96547,False,0.309479532829,0.250758185607,0.0587213472224,0.150262912182,30576,0.396335321194,0.421950357016,0.385165064644,0.0367852923722,0.121155830753,24651,0.373158088162
500,31,0.949301085545,6,0.6,80006,False,0.311495342871,0.250758185607,0.060737157264,0.165619932183,33701,0.375612477137,0.435525136238,0.385165064644,0.0503600715939,0.340365619932,69260,0.141836274161
500,32,0.962034772411,8,1,110244,True,0.265664673778,0.250758185607,0.0149064881707,0.00128261831048,258,0.846758958721,0.412189974543,0.385165064644,0.027024909899,0.0358346847511,7289,0.539480452761
500,33,0.96048112526,7,0.777777777778,110329,True,0.274344856087,0.250758185607,0.0235866704798,0.00599046636198,1216,0.7575253203,0.412189974543,0.385165064644,0.027024909899,0.0358346847511,7289,0.539480452761
500,34,0.96392402808,5,0.454545454545,77624,False,0.34171279708,0.250758185607,0.0909546114729,0.440090422134,89553,0.0649722985279,0.447378092181,0.385165064644,0.0622130275374,0.564735367831,114915,-0.0601447102314
500,35,0.968485194028,8,1,110244,True,0.265664673778,0.250758185607,0.0149064881707,0.00128261831048,258,0.846758958721,0.412189974543,0.385165064644,0.027024909899,0.0358346847511,7289,0.539480452761
500,36,0.966987265665,6,0.6,96449,False,0.295332008867,0.250758185607,0.0445738232604,0.0616639638311,12545,0.54177409112,0.420785814383,0.385165064644,0.0356207497396,0.107798909037,21933,0.393002544552
500,37,0.963881267149,8,1,110244,True,0.265664673778,0.250758185607,0.0149064881707,0.00128261831048,258,0.846758958721,0.412189974543,0.385165064644,0.027024909899,0.0358346847511,7289,0.539480452761
500,38,0.96497102299,5,0.454545454545,84697,False,0.381982534367,0.250758185607,0.13122434876,0.780637869183,158851,-0.349006930066,0.452101499224,0.385165064644,0.0669364345808,0.646493685193,131552,-0.140634202377
500,39,0.962299112711,5,0.454545454545,96525,False,0.300446573465,0.250758185607,0.0496883878581,0.0888643176569,18082,0.489195563188,0.421950357016,0.385165064644,0.0367852923722,0.121155830753,24651,0.373158088162
500,40,0.963588419562,8,1,110244,True,0.265664673778,0.250758185607,0.0149064881707,0.00128261831048,258,0.846758958721,0.412189974543,0.385165064644,0.027024909899,0.0358346847511,7289,0.539480452761
500,41,0.966730700081,8,1,110244,True,0.265664673778,0.250758185607,0.0149064881707,0.00128261831048,258,0.846758958721,0.412189974543,0.385165064644,0.027024909899,0.0358346847511,7289,0.539480452761
500,42,0.956619683634,5,0.454545454545,96529,False,0.314846854145,0.250758185607,0.0640886685381,0.19285959998,39244,0.341158414475,0.4256833713,0.385165064644,0.0405183066563,0.171320458008,34859,0.309545441372
500,43,0.952921511016,5,0.454545454545,108734,False,0.297595695636,0.250758185607,0.0468375100294,0.0729962160303,14854,0.518503035346,0.403011027407,0.385165064644,0.0178459627637,0.00592166691238,1205,0.695894834703
500,44,0.958813448961,5,0.454545454545,84182,False,0.332050443338,0.250758185607,0.0812922577306,0.347953216374,70804,0.164302813651,0.452075769012,0.385165064644,0.0669107043682,0.646105459728,131473,-0.140195745194
500,45,0.955953649743,5,0.454545454545,97082,False,0.294078487544,0.250758185607,0.0433203019368,0.0558848100644,11371,0.554660487345,0.412939068687,0.385165064644,0.0277740040435,0.0402427637722,8186,0.526715470469
500,46,0.949959344721,5,0.454545454545,102681,False,0.287082548076,0.250758185607,0.0363243624685,0.0294559929235,5993,0.626579844646,0.415595168508,0.385165064644,0.0304301038642,0.0581257064229,11825,0.48145404716
500,47,0.966095765048,8,1,110244,True,0.265664673778,0.250758185607,0.0149064881707,0.00128261831048,258,0.846758958721,0.412189974543,0.385165064644,0.027024909899,0.0358346847511,7289,0.539480452761
500,48,0.955357588284,7,0.777777777778,96750,False,0.286760067788,0.250758185607,0.0360018821812,0.0285763428178,5812,0.629894992684,0.420106111807,0.385165064644,0.0349410471631,0.100265369306,20400,0.404585055796
500,49,0.967514650478,7,0.777777777778,110230,False,0.319602054128,0.250758185607,0.0688438685207,0.233711730306,47555,0.292274211269,0.422036639581,0.385165064644,0.036871574937,0.122158337019,24855,0.371687785105
500,50,0.968069246792,7,0.777777777778,109477,False,0.303753532367,0.250758185607,0.0529953467598,0.10940586761,22260,0.455199505917,0.414416761291,0.385165064644,0.0292516966474,0.0498452012384,10140,0.501534763801
500,51,0.965747198673,7,0.777777777778,96747,False,0.327230699458,0.250758185607,0.0764725138514,0.303164774682,61690,0.213850538259,0.421851911666,0.385165064644,0.0366868470226,0.120035382574,24423,0.374835651863
500,52,0.968714548111,6,0.6,83810,False,0.341968746377,0.250758185607,0.0912105607699,0.442596687798,90064,0.0623410995262,0.436406922744,0.385165064644,0.0512418581006,0.357250970564,72697,0.126810139965
500,53,0.94868817887,4,0.333333333333,96553,False,0.313040083732,0.250758185607,0.0622818981252,0.178303602143,36282,0.359732298293,0.422402860633,0.385165064644,0.0372377959899,0.126713843432,25782,0.365447173976
500,54,0.966229230984,6,0.6,89090,False,0.301371970844,0.250758185607,0.0506137852367,0.0941962750012,19167,0.47968233269,0.44514252994,0.385165064644,0.0599774652965,0.52472357364,106775,-0.0220494819825
500,55,0.959509285925,5,0.454545454545,181300,False,0.36076146687,0.250758185607,0.110003281263,0.616580667355,125468,-0.130851020832,0.452422945908,0.385165064644,0.0672578812646,0.651624158435,132598,-0.146111833269
500,56,0.964841444412,6,0.6,96527,False,0.30466637766,0.250758185607,0.0539081920527,0.115691188756,23541,0.445815312833,0.428410400161,0.385165064644,0.043245335517,0.213440463905,43430,0.263075347635
500,57,0.962877033169,7,0.777777777778,110251,False,0.294233480335,0.250758185607,0.0434752947279,0.0566514325028,11525,0.553067137092,0.419839751737,0.385165064644,0.0346746870935,0.0975920192638,19856,0.409123980038
500,58,0.961204173726,6,0.6,84402,False,0.354261988081,0.250758185607,0.103503802474,0.558032335741,113553,-0.0640353573495,0.448803687181,0.385165064644,0.0636386225378,0.589984765836,120053,-0.0844376446607
500,59,0.962703397874,8,1,110244,True,0.265664673778,0.250758185607,0.0149064881707,0.00128261831048,258,0.846758958721,0.412189974543,0.385165064644,0.027024909899,0.0358346847511,7289,0.539480452761
500,60,0.947978088262,4,0.333333333333,77633,False,0.350745756444,0.250758185607,0.0999875708372,0.525662194702,106966,-0.0278879434666,0.447378092181,0.385165064644,0.0622130275374,0.564735367831,114915,-0.0601447102314
500,61,0.968574603247,7,0.777777777778,110236,False,0.312633224411,0.250758185607,0.0618750388044,0.175089684997,35628,0.363914876058,0.420355873788,0.385165064644,0.0351908091443,0.102796206202,20915,0.400328972245
500,62,0.965806804819,4,0.333333333333,96977,False,0.366314810929,0.250758185607,0.115556625322,0.663388864318,134993,-0.187940270589,0.443927159873,0.385165064644,0.0587620952295,0.501444788442,102038,-0.00133889774456
500,63,0.958827702604,6,0.6,96449,False,0.295332008867,0.250758185607,0.0445738232604,0.0616639638311,12545,0.54177409112,0.420785814383,0.385165064644,0.0356207497396,0.107798909037,21933,0.393002544552
500,64,0.953696390913,6,0.6,110210,False,0.347661535949,0.250758185607,0.0969033503424,0.496732026144,101080,0.00381832797358,0.448588124162,0.385165064644,0.0634230595187,0.586308909529,119307,-0.0807643305099
500,65,0.970516986132,7,0.777777777778,110243,False,0.290530554714,0.250758185607,0.0397723691074,0.0412649270234,8396,0.591133794468,0.419584127014,0.385165064644,0.0344190623702,0.0946975281341,19267,0.413479967987
500,66,0.961182145368,5,0.454545454545,101740,False,0.302565462627,0.250758185607,0.0518072770201,0.101774042951,20710,0.467413049573,0.426374718006,0.385165064644,0.0412096533621,0.181689517912,36971,0.297764507666
500,67,0.960211601818,7,0.777777777778,110230,False,0.319602054128,0.250758185607,0.0688438685207,0.233711730306,47555,0.292274211269,0.422036639581,0.385165064644,0.036871574937,0.122158337019,24855,0.371687785105
500,68,0.96870547761,5,0.454545454545,120982,False,0.308483567415,0.250758185607,0.0577253818078,0.142906285321,29080,0.406574002194,0.422510872661,0.385165064644,0.0373458080175,0.128222517077,26091,0.363606588744
500,69,0.960562759765,4,0.333333333333,80353,False,0.320682952926,0.250758185607,0.0699247673185,0.243142169148,49477,0.28116240174,0.431014192939,0.385165064644,0.045849128295,0.25737874097,52373,0.218705265525
500,70,0.963449770484,6,0.6,96527,False,0.30466637766,0.250758185607,0.0539081920527,0.115691188756,23541,0.445815312833,0.428410400161,0.385165064644,0.043245335517,0.213440463905,43430,0.263075347635
500,71,0.968095162508,5,0.454545454545,120030,True,0.279198187369,0.250758185607,0.0284400017618,0.0119465329992,2430,0.707632311913,0.404747260713,0.385165064644,0.0195821960692,0.00890952872377,1812,0.666308450188
500,72,0.967226986035,3,0.230769230769,77532,False,0.342512454538,0.250758185607,0.0917542689308,0.44765836159,91094,0.0567516941768,0.434308538062,0.385165064644,0.0491434734181,0.317101577473,64527,0.162567786058
500,73,0.941792006945,6,0.6,89846,False,0.346767162934,0.250758185607,0.0960089773268,0.48831392206,99366,0.0130126231439,0.445168260153,0.385165064644,0.0600031955091,0.525111799106,106854,-0.0224879391654
500,74,0.943930053484,6,0.6,110304,True,0.282608410971,0.250758185607,0.0318502253644,0.0181728831884,3695,0.672574677286,0.410063453534,0.385165064644,0.0248983888905,0.0252051697872,5126,0.575717557553
500,75,0.961048679432,7,0.777777777778,110329,True,0.274344856087,0.250758185607,0.0235866704798,0.00599046636198,1216,0.7575253203,0.412189974543,0.385165064644,0.027024909899,0.0358346847511,7289,0.539480452761
500,76,0.963740026499,4,0.333333333333,8986,False,0.313146957961,0.250758185607,0.0623887723538,0.179217651973,36468,0.358633614426,0.408164634306,0.385165064644,0.0229995696625,0.0180008845644,3662,0.608074496927
500,77,0.954950711548,6,0.6,96745,False,0.310534782821,0.250758185607,0.0597765972142,0.158258391076,32201,0.385487185423,0.414077863248,0.385165064644,0.0289127986047,0.0475404196766,9671,0.507309775587
500,78,0.959745118937,3,0.230769230769,131076,False,0.321836901031,0.250758185607,0.0710787154243,0.253943682736,51674,0.269299633845,0.424388833958,0.385165064644,0.0392237693143,0.153260602487,31182,0.331605080159
500,79,0.963454953627,6,0.6,96449,False,0.295332008867,0.250758185607,0.0445738232604,0.0616639638311,12545,0.54177409112,0.420785814383,0.385165064644,0.0356207497396,0.107798909037,21933,0.393002544552
500,80,0.954872964402,6,0.6,96745,False,0.310534782821,0.250758185607,0.0597765972142,0.158258391076,32201,0.385487185423,0.414077863248,0.385165064644,0.0289127986047,0.0475404196766,9671,0.507309775587
500,81,0.954703216464,6,0.6,96530,False,0.314910806301,0.250758185607,0.064152620694,0.193390338592,39352,0.340500976261,0.416820128604,0.385165064644,0.0316550639603,0.0681409405868,13863,0.460580043474
500,82,0.962628242299,5,0.454545454545,110935,False,0.351407201958,0.250758185607,0.100649016351,0.531903287631,108236,-0.034687707314,0.423653685831,0.385165064644,0.0384886211873,0.143240454076,29145,0.344132414529
500,83,0.966269400343,4,0.333333333333,77788,False,0.372915263061,0.250758185607,0.122157077454,0.716074499975,145713,-0.255793955913,0.444142722892,0.385165064644,0.0589776582486,0.505376185562,102836,-0.00501221189534
500,84,0.949461762981,6,0.6,99222,False,0.280549528065,0.250758185607,0.0297913424584,0.0141038871689,2867,0.693740317159,0.415738372835,0.385165064644,0.0305733081917,0.0591773551526,12041,0.479013765498
500,85,0.955248742278,6,0.6,89090,False,0.301371970844,0.250758185607,0.0506137852367,0.0941962750012,19167,0.47968233269,0.44514252994,0.385165064644,0.0599774652965,0.52472357364,106775,-0.0220494819825
500,86,0.955527336221,4,0.333333333333,96553,False,0.313040083732,0.250758185607,0.0622818981252,0.178303602143,36282,0.359732298293,0.422402860633,0.385165064644,0.0372377959899,0.126713843432,25782,0.365447173976
500,87,0.968491672957,7,0.777777777778,109474,False,0.274206862038,0.250758185607,0.0234486764306,0.00582829623077,1183,0.758943920815,0.422010909368,0.385165064644,0.0368458447243,0.121912624699,24805,0.372126242288
500,88,0.957245548166,6,0.6,77768,False,0.388740963029,0.250758185607,0.137982777422,0.821519484987,167170,-0.418484638947,0.45191677131,0.385165064644,0.0667517066664,0.643540223107,130951,-0.137486335619
500,89,0.962972921317,4,0.333333333333,89906,False,0.344051755691,0.250758185607,0.0932935700844,0.462455157502,94104,0.0409274363819,0.429822925369,0.385165064644,0.0446578607249,0.237087817583,48244,0.239005129764
500,90,0.964923078917,4,0.333333333333,128348,False,0.296534069348,0.250758185607,0.0457758837415,0.0673448326699,13701,0.529416720444,0.428243927489,0.385165064644,0.0430788628455,0.210644257703,42861,0.265912134866
500,91,0.958577615949,6,0.6,109514,False,0.312433714676,0.250758185607,0.061675529069,0.173182957393,35238,0.365965867496,0.414416761291,0.385165064644,0.0292516966474,0.0498452012384,10140,0.501534763801
500,92,0.966169624838,4,0.333333333333,96553,False,0.313040083732,0.250758185607,0.0622818981252,0.178303602143,36282,0.359732298293,0.422402860633,0.385165064644,0.0372377959899,0.126713843432,25782,0.365447173976
500,93,0.963431629483,8,1,110244,True,0.265664673778,0.250758185607,0.0149064881707,0.00128261831048,258,0.846758958721,0.412189974543,0.385165064644,0.027024909899,0.0358346847511,7289,0.539480452761
500,94,0.964168931592,4,0.333333333333,97068,False,0.342339930652,0.250758185607,0.0915817450449,0.446046488771,90765,0.0585252668397,0.415694909499,0.385165064644,0.0305298448551,0.0588775861222,11978,0.47975440501
500,95,0.963120640896,5,0.454545454545,110952,False,0.335859301329,0.250758185607,0.0851011157217,0.384210526316,78182,0.125147154857,0.429167055157,0.385165064644,0.0440019905138,0.226237161531,46034,0.250181524202
500,96,0.970557155491,5,0.454545454545,97010,False,0.317759070658,0.250758185607,0.0670008850508,0.217878028404,44335,0.311220371005,0.421208278825,0.385165064644,0.0360432141816,0.112826183105,22956,0.385803514684
500,97,0.956201144827,5,0.454545454545,96526,False,0.304007124368,0.250758185607,0.0532489387609,0.111174996314,22622,0.452592540288,0.422402860633,0.385165064644,0.0372377959899,0.126713843432,25782,0.365447173976
500,98,0.949132633393,7,0.777777777778,110236,False,0.312633224411,0.250758185607,0.0618750388044,0.175089684997,35628,0.363914876058,0.420355873788,0.385165064644,0.0351908091443,0.102796206202,20915,0.400328972245
500,99,0.95618170804,5,0.454545454545,77624,False,0.34171279708,0.250758185607,0.0909546114729,0.440090422134,89553,0.0649722985279,0.447378092181,0.385165064644,0.0622130275374,0.564735367831,114915,-0.0601447102314
2000,0,0.989544304536,5,0.454545454545,96567,False,0.32359098861,0.250758185607,0.0728328030031,0.269693842449,54879,0.25126733784,0.416820128604,0.385165064644,0.0316550639603,0.0681409405868,13863,0.460580043474
2000,1,0.99002504106,7,0.777777777778,96747,False,0.327230699458,0.250758185607,0.0764725138514,0.303164774682,61690,0.213850538259,0.421851911666,0.385165064644,0.0366868470226,0.120035382574,24423,0.374835651863
2000,2,0.990435805153,6,0.6,110954,False,0.30314575885,0.250758185607,0.0523875732433,0.105484298983,21464,0.461447513192,0.420897845019,0.385165064644,0.0357327803758,0.109012727898,22180,0.391093479987
2000,3,0.99281357206,6,0.6,109505,False,0.282887044347,0.250758185607,0.0321288587397,0.0189100201484,3845,0.669710282394,0.422010909368,0.385165064644,0.0368458447243,0.121912624699,24805,0.372126242288
2000,4,0.99124437548,4,0.333333333333,96547,False,0.309479532829,0.250758185607,0.0587213472224,0.150262912182,30576,0.396335321194,0.421950357016,0.385165064644,0.0367852923722,0.121155830753,24651,0.373158088162
2000,5,0.990245324643,6,0.6,96449,False,0.295332008867,0.250758185607,0.0445738232604,0.0616639638311,12545,0.54177409112,0.420785814383,0.385165064644,0.0356207497396,0.107798909037,21933,0.393002544552
2000,6,0.99127806591,6,0.6,77690,False,0.373672328283,0.250758185607,0.122914142676,0.721922453192,146903,-0.263576705386,0.445902284113,0.385165064644,0.0607372194691,0.538395007126,109555,-0.0349961171019
2000,7,0.99041507258,8,1,110244,True,0.265664673778,0.250758185607,0.0149064881707,0.00128261831048,258,0.846758958721,0.412189974543,0.385165064644,0.027024909899,0.0358346847511,7289,0.539480452761
2000,8,0.989289034737,7,0.777777777778,110236,False,0.312633224411,0.250758185607,0.0618750388044,0.175089684997,35628,0.363914876058,0.420355873788,0.385165064644,0.0351908091443,0.102796206202,20915,0.400328972245
2000,9,0.990304930789,7,0.777777777778,84371,False,0.345581805772,0.250758185607,0.0948236201651,0.477094697528,97083,0.0251982810716,0.448803687181,0.385165064644,0.0636386225378,0.589984765836,120053,-0.0844376446607
2000,10,0.986858140612,7,0.777777777778,119928,True,0.259881201223,0.250758185607,0.00912301561609,0.00031451176962,63,0.906213965583,0.406873781721,0.385165064644,0.0217087170776,0.0139073173129,2829,0.630071345396
2000,11,0.990570566874,5,0.454545454545,77699,False,0.382352510592,0.250758185607,0.131594324985,0.782893508281,159310,-0.352810343807,0.445902284113,0.385165064644,0.0607372194691,0.538395007126,109555,-0.0349961171019
2000,12,0.990155915424,7,0.777777777778,84371,False,0.345581805772,0.250758185607,0.0948236201651,0.477094697528,97083,0.0251982810716,0.448803687181,0.385165064644,0.0636386225378,0.589984765836,120053,-0.0844376446607
2000,13,0.988534887412,8,1,110244,True,0.265664673778,0.250758185607,0.0149064881707,0.00128261831048,258,0.846758958721,0.412189974543,0.385165064644,0.027024909899,0.0358346847511,7289,0.539480452761
2000,14,0.991008542468,7,0.777777777778,119928,True,0.259881201223,0.250758185607,0.00912301561609,0.00031451176962,63,0.906213965583,0.406873781721,0.385165064644,0.0217087170776,0.0139073173129,2829,0.630071345396
2000,15,0.990196084783,6,0.6,96527,False,0.30466637766,0.250758185607,0.0539081920527,0.115691188756,23541,0.445815312833,0.428410400161,0.385165064644,0.043245335517,0.213440463905,43430,0.263075347635
2000,16,0.991016317182,8,1,110244,True,0.265664673778,0.250758185607,0.0149064881707,0.00128261831048,258,0.846758958721,0.412189974543,0.385165064644,0.027024909899,0.0358346847511,7289,0.539480452761
2000,17,0.990868597603,5,0.454545454545,96773,False,0.345097675617,0.250758185607,0.0943394900103,0.472332792766,96114,0.0301752151545,0.425167066861,0.385165064644,0.0400020022169,0.163821318001,33333,0.318343557168
2000,18,0.988590606201,5,0.454545454545,96558,False,0.313699337024,0.250758185607,0.062941151417,0.183473389356,37334,0.352955070838,0.428410400161,0.385165064644,0.043245335517,0.213440463905,43430,0.263075347635
2000,19,0.990084647206,7,0.777777777778,109474,False,0.274206862038,0.250758185607,0.0234486764306,0.00582829623077,1183,0.758943920815,0.422010909368,0.385165064644,0.0368458447243,0.121912624699,24805,0.372126242288
2000,20,0.989325316739,7,0.777777777778,110329,True,0.274344856087,0.250758185607,0.0235866704798,0.00599046636198,1216,0.7575253203,0.412189974543,0.385165064644,0.027024909899,0.0358346847511,7289,0.539480452761
2000,21,0.986056049214,5,0.454545454545,96558,False,0.313699337024,0.250758185607,0.062941151417,0.183473389356,37334,0.352955070838,0.428410400161,0.385165064644,0.043245335517,0.213440463905,43430,0.263075347635
2000,22,0.98976717969,6,0.6,110954,False,0.30314575885,0.250758185607,0.0523875732433,0.105484298983,21464,0.461447513192,0.420897845019,0.385165064644,0.0357327803758,0.109012727898,22180,0.391093479987
2000,23,0.987546202862,8,1,110244,True,0.265664673778,0.250758185607,0.0149064881707,0.00128261831048,258,0.846758958721,0.412189974543,0.385165064644,0.027024909899,0.0358346847511,7289,0.539480452761
2000,24,0.989495064676,7,0.777777777778,96750,False,0.286760067788,0.250758185607,0.0360018821812,0.0285763428178,5812,0.629894992684,0.420106111807,0.385165064644,0.0349410471631,0.100265369306,20400,0.404585055796
2000,25,0.99001597056,5,0.454545454545,101465,False,0.282361611238,0.250758185607,0.0316034256313,0.0176126590987,3583,0.675111817333,0.415469621562,0.385165064644,0.0303045569182,0.0570888004325,11616,0.483593437187
2000,26,0.988047671959,6,0.6,77690,False,0.373672328283,0.250758185607,0.122914142676,0.721922453192,146903,-0.263576705386,0.445902284113,0.385165064644,0.0607372194691,0.538395007126,109555,-0.0349961171019
2000,27,0.988727959494,8,1,110244,True,0.265664673778,0.250758185607,0.0149064881707,0.00128261831048,258,0.846758958721,0.412189974543,0.385165064644,0.027024909899,0.0358346847511,7289,0.539480452761
2000,28,0.988827734999,7,0.777777777778,97022,False,0.287771554187,0.250758185607,0.0370133685795,0.031623175586,6434,0.619496753532,0.414593341855,0.385165064644,0.0294282772119,0.0512015332449,10416,0.498525732434
2000,29,0.984713615145,7,0.777777777778,84374,False,0.312577248229,0.250758185607,0.0618190626216,0.174529460907,35512,0.364490320015,0.433927018447,0.385165064644,0.0487619538035,0.309946434714,63068,0.169069093217
2000,30,0.987665415154,7,0.777777777778,96750,False,0.286760067788,0.250758185607,0.0360018821812,0.0285763428178,5812,0.629894992684,0.420106111807,0.385165064644,0.0349410471631,0.100265369306,20400,0.404585055796
2000,31,0.992612725264,8,1,110244,True,0.265664673778,0.250758185607,0.0149064881707,0.00128261831048,258,0.846758958721,0.412189974543,0.385165064644,0.027024909899,0.0358346847511,7289,0.539480452761
2000,32,0.987778148516,5,0.454545454545,96558,False,0.313699337024,0.250758185607,0.062941151417,0.183473389356,37334,0.352955070838,0.428410400161,0.385165064644,0.043245335517,0.213440463905,43430,0.263075347635
2000,33,0.988221307253,6,0.6,96749,False,0.312560389412,0.250758185607,0.0618022038052,0.17436237653,35480,0.364663631298,0.428151397755,0.385165064644,0.0429863331111,0.209091355841,42545,0.26748889318
2000,34,0.990339917005,5,0.454545454545,101465,False,0.282361611238,0.250758185607,0.0316034256313,0.0176126590987,3583,0.675111817333,0.415469621562,0.385165064644,0.0303045569182,0.0570888004325,11616,0.483593437187
2000,35,0.989417317529,7,0.777777777778,109477,False,0.303753532367,0.250758185607,0.0529953467598,0.10940586761,22260,0.455199505917,0.414416761291,0.385165064644,0.0292516966474,0.0498452012384,10140,0.501534763801
2000,36,0.992156608669,5,0.454545454545,96529,False,0.314846854145,0.250758185607,0.0640886685381,0.19285959998,39244,0.341158414475,0.4256833713,0.385165064644,0.0405183066563,0.171320458008,34859,0.309545441372
2000,37,0.988861425429,8,1,110244,True,0.265664673778,0.250758185607,0.0149064881707,0.00128261831048,258,0.846758958721,0.412189974543,0.385165064644,0.027024909899,0.0358346847511,7289,0.539480452761
2000,38,0.9896933199,7,0.777777777778,110236,False,0.312633224411,0.250758185607,0.0618750388044,0.175089684997,35628,0.363914876058,0.420355873788,0.385165064644,0.0351908091443,0.102796206202,20915,0.400328972245
2000,39,0.985809849916,5,0.454545454545,96567,False,0.32359098861,0.250758185607,0.0728328030031,0.269693842449,54879,0.25126733784,0.416820128604,0.385165064644,0.0316550639603,0.0681409405868,13863,0.460580043474
2000,40,0.988887341145,7,0.777777777778,110230,False,0.319602054128,0.250758185607,0.0688438685207,0.233711730306,47555,0.292274211269,0.422036639581,0.385165064644,0.036871574937,0.122158337019,24855,0.371687785105
2000,41,0.990232366785,8,1,110244,True,0.265664673778,0.250758185607,0.0149064881707,0.00128261831048,258,0.846758958721,0.412189974543,0.385165064644,0.027024909899,0.0358346847511,7289,0.539480452761
2000,42,0.988150039036,5,0.454545454545,96773,False,0.345097675617,0.250758185607,0.0943394900103,0.472332792766,96114,0.0301752151545,0.425167066861,0.385165064644,0.0400020022169,0.163821318001,33333,0.318343557168
2000,43,0.990967077323,8,1,110244,True,0.265664673778,0.250758185607,0.0149064881707,0.00128261831048,258,0.846758958721,0.412189974543,0.385165064644,0.027024909899,0.0358346847511,7289,0.539480452761
2000,44,0.989930448698,7,0.777777777778,109474,False,0.274206862038,0.250758185607,0.0234486764306,0.00582829623077,1183,0.758943920815,0.422010909368,0.385165064644,0.0368458447243,0.121912624699,24805,0.372126242288
2000,45,0.991184769334,7,0.777777777778,96750,False,0.286760067788,0.250758185607,0.0360018821812,0.0285763428178,5812,0.629894992684,0.420106111807,0.385165064644,0.0349410471631,0.100265369306,20400,0.404585055796
2000,46,0.991388207702,5,0.454545454545,96567,False,0.32359098861,0.250758185607,0.0728328030031,0.269693842449,54879,0.25126733784,0.416820128604,0.385165064644,0.0316550639603,0.0681409405868,13863,0.460580043474
2000,47,0.989965434914,8,1,110244,True,0.265664673778,0.250758185607,0.0149064881707,0.00128261831048,258,0.846758958721,0.412189974543,0.385165064644,0.027024909899,0.0358346847511,7289,0.539480452761
2000,48,0.991061669685,7,0.777777777778,110236,False,0.312633224411,0.250758185607,0.0618750388044,0.175089684997,35628,0.363914876058,0.420355873788,0.385165064644,0.0351908091443,0.102796206202,20915,0.400328972245
2000,49,0.989264414807,5,0.454545454545,96558,False,0.313699337024,0.250758185607,0.062941151417,0.183473389356,37334,0.352955070838,0.428410400161,0.385165064644,0.043245335517,0.213440463905,43430,0.263075347635
2000,50,0.987336285565,8,1,110244,True,0.265664673778,0.250758185607,0.0149064881707,0.00128261831048,258,0.846758958721,0.412189974543,0.385165064644,0.027024909899,0.0358346847511,7289,0.539480452761
2000,51,0.990333438076,8,1,110244,True,0.265664673778,0.250758185607,0.0149064881707,0.00128261831048,258,0.846758958721,0.412189974543,0.385165064644,0.027024909899,0.0358346847511,7289,0.539480452761
2000,52,0.988080066603,7,0.777777777778,110329,True,0.274344856087,0.250758185607,0.0235866704798,0.00599046636198,1216,0.7575253203,0.412189974543,0.385165064644,0.027024909899,0.0358346847511,7289,0.539480452761
2000,53,0.98946914896,5,0.454545454545,96529,False,0.314846854145,0.250758185607,0.0640886685381,0.19285959998,39244,0.341158414475,0.4256833713,0.385165064644,0.0405183066563,0.171320458008,34859,0.309545441372
2000,54,0.991679759502,8,1,110244,True,0.265664673778,0.250758185607,0.0149064881707,0.00128261831048,258,0.846758958721,0.412189974543,0.385165064644,0.027024909899,0.0358346847511,7289,0.539480452761
2000,55,0.987201523844,8,1,110244,True,0.265664673778,0.250758185607,0.0149064881707,0.00128261831048,258,0.846758958721,0.412189974543,0.385165064644,0.027024909899,0.0358346847511,7289,0.539480452761
2000,56,0.987272792062,6,0.6,120060,True,0.268561383532,0.250758185607,0.0178031979253,0.00229495306895,466,0.816980327162,0.406873781721,0.385165064644,0.0217087170776,0.0139073173129,2829,0.630071345396
2000,57,0.990210338427,4,0.333333333333,96547,False,0.309479532829,0.250758185607,0.0587213472224,0.150262912182,30576,0.396335321194,0.421950357016,0.385165064644,0.0367852923722,0.121155830753,24651,0.373158088162
2000,58,0.990700145452,8,1,110244,True,0.265664673778,0.250758185607,0.0149064881707,0.00128261831048,258,0.846758958721,0.412189974543,0.385165064644,0.027024909899,0.0358346847511,7289,0.539480452761
2000,59,0.988387167833,4,0.333333333333,96553,False,0.313040083732,0.250758185607,0.0622818981252,0.178303602143,36282,0.359732298293,0.422402860633,0.385165064644,0.0372377959899,0.126713843432,25782,0.365447173976
2000,60,0.988724072136,6,0.6,109505,False,0.282887044347,0.250758185607,0.0321288587397,0.0189100201484,3845,0.669710282394,0.422010909368,0.385165064644,0.0368458447243,0.121912624699,24805,0.372126242288
2000,61,0.987090086267,8,1,110244,True,0.265664673778,0.250758185607,0.0149064881707,0.00128261831048,258,0.846758958721,0.412189974543,0.385165064644,0.027024909899,0.0358346847511,7289,0.539480452761
2000,62,0.987896065023,7,0.777777777778,110329,True,0.274344856087,0.250758185607,0.0235866704798,0.00599046636198,1216,0.7575253203,0.412189974543,0.385165064644,0.027024909899,0.0358346847511,7289,0.539480452761
2000,63,0.98974255976,8,1,110244,True,0.265664673778,0.250758185607,0.0149064881707,0.00128261831048,258,0.846758958721,0.412189974543,0.385165064644,0.027024909899,0.0358346847511,7289,0.539480452761
2000,64,0.987692626655,8,1,110244,True,0.265664673778,0.250758185607,0.0149064881707,0.00128261831048,258,0.846758958721,0.412189974543,0.385165064644,0.027024909899,0.0358346847511,7289,0.539480452761
2000,65,0.989596135967,8,1,110244,True,0.265664673778,0.250758185607,0.0149064881707,0.00128261831048,258,0.846758958721,0.412189974543,0.385165064644,0.027024909899,0.0358346847511,7289,0.539480452761
2000,66,0.989099850013,6,0.6,120060,True,0.268561383532,0.250758185607,0.0178031979253,0.00229495306895,466,0.816980327162,0.406873781721,0.385165064644,0.0217087170776,0.0139073173129,2829,0.630071345396
2000,67,0.987205411201,6,0.6,110310,False,0.321313406721,0.250758185607,0.0705552211136,0.249240748931,50717,0.274681237637,0.420355873788,0.385165064644,0.0351908091443,0.102796206202,20915,0.400328972245
2000,68,0.989628530611,5,0.454545454545,96567,False,0.32359098861,0.250758185607,0.0728328030031,0.269693842449,54879,0.25126733784,0.416820128604,0.385165064644,0.0316550639603,0.0681409405868,13863,0.460580043474
2000,69,0.988238152469,6,0.6,77690,False,0.373672328283,0.250758185607,0.122914142676,0.721922453192,146903,-0.263576705386,0.445902284113,0.385165064644,0.0607372194691,0.538395007126,109555,-0.0349961171019
2000,70,0.992154017098,8,1,110244,True,0.265664673778,0.250758185607,0.0149064881707,0.00128261831048,258,0.846758958721,0.412189974543,0.385165064644,0.027024909899,0.0358346847511,7289,0.539480452761
2000,71,0.987218369059,7,0.777777777778,110230,False,0.319602054128,0.250758185607,0.0688438685207,0.233711730306,47555,0.292274211269,0.422036639581,0.385165064644,0.036871574937,0.122158337019,24855,0.371687785105
2000,72,0.990587412089,5,0.454545454545,96567,False,0.32359098861,0.250758185607,0.0728328030031,0.269693842449,54879,0.25126733784,0.416820128604,0.385165064644,0.0316550639603,0.0681409405868,13863,0.460580043474
2000,73,0.989847518408,6,0.6,96449,False,0.295332008867,0.250758185607,0.0445738232604,0.0616639638311,12545,0.54177409112,0.420785814383,0.385165064644,0.0356207497396,0.107798909037,21933,0.393002544552
2000,74,0.989044131224,5,0.454545454545,96567,False,0.32359098861,0.250758185607,0.0728328030031,0.269693842449,54879,0.25126733784,0.416820128604,0.385165064644,0.0316550639603,0.0681409405868,13863,0.460580043474
2000,75,0.989295513666,5,0.454545454545,101465,False,0.282361611238,0.250758185607,0.0316034256313,0.0176126590987,3583,0.675111817333,0.415469621562,0.385165064644,0.0303045569182,0.0570888004325,11616,0.483593437187
2000,76,0.991144599975,6,0.6,110310,False,0.321313406721,0.250758185607,0.0705552211136,0.249240748931,50717,0.274681237637,0.420355873788,0.385165064644,0.0351908091443,0.102796206202,20915,0.400328972245
2000,77,0.988087841318,6,0.6,96749,False,0.312560389412,0.250758185607,0.0618022038052,0.17436237653,35480,0.364663631298,0.428151397755,0.385165064644,0.0429863331111,0.209091355841,42545,0.26748889318
2000,78,0.987905135523,5,0.454545454545,96558,False,0.313699337024,0.250758185607,0.062941151417,0.183473389356,37334,0.352955070838,0.428410400161,0.385165064644,0.043245335517,0.213440463905,43430,0.263075347635
2000,79,0.989417317529,7,0.777777777778,119928,True,0.259881201223,0.250758185607,0.00912301561609,0.00031451176962,63,0.906213965583,0.406873781721,0.385165064644,0.0217087170776,0.0139073173129,2829,0.630071345396
2000,80,0.98825629347,8,1,110244,True,0.265664673778,0.250758185607,0.0149064881707,0.00128261831048,258,0.846758958721,0.412189974543,0.385165064644,0.027024909899,0.0358346847511,7289,0.539480452761
2000,81,0.987552681791,6,0.6,77690,False,0.373672328283,0.250758185607,0.122914142676,0.721922453192,146903,-0.263576705386,0.445902284113,0.385165064644,0.0607372194691,0.538395007126,109555,-0.0349961171019
2000,82,0.990060027276,8,1,110244,True,0.265664673778,0.250758185607,0.0149064881707,0.00128261831048,258,0.846758958721,0.412189974543,0.385165064644,0.027024909899,0.0358346847511,7289,0.539480452761
2000,83,0.988086545532,8,1,110244,True,0.265664673778,0.250758185607,0.0149064881707,0.00128261831048,258,0.846758958721,0.412189974543,0.385165064644,0.027024909899,0.0358346847511,7289,0.539480452761
2000,84,0.990842681888,7,0.777777777778,110329,True,0.274344856087,0.250758185607,0.0235866704798,0.00599046636198,1216,0.7575253203,0.412189974543,0.385165064644,0.027024909899,0.0358346847511,7289,0.539480452761
2000,85,0.991438743347,7,0.777777777778,96750,False,0.286760067788,0.250758185607,0.0360018821812,0.0285763428178,5812,0.629894992684,0.420106111807,0.385165064644,0.0349410471631,0.100265369306,20400,0.404585055796
2000,86,0.990023745274,5,0.454545454545,96558,False,0.313699337024,0.250758185607,0.062941151417,0.183473389356,37334,0.352955070838,0.428410400161,0.385165064644,0.043245335517,0.213440463905,43430,0.263075347635
2000,87,0.991182177762,5,0.454545454545,96529,False,0.314846854145,0.250758185607,0.0640886685381,0.19285959998,39244,0.341158414475,0.4256833713,0.385165064644,0.0405183066563,0.171320458008,34859,0.309545441372
2000,88,0.989668699971,6,0.6,96449,False,0.295332008867,0.250758185607,0.0445738232604,0.0616639638311,12545,0.54177409112,0.420785814383,0.385165064644,0.0356207497396,0.107798909037,21933,0.393002544552
2000,89,0.988442886622,8,1,110244,True,0.265664673778,0.250758185607,0.0149064881707,0.00128261831048,258,0.846758958721,0.412189974543,0.385165064644,0.027024909899,0.0358346847511,7289,0.539480452761
2000,90,0.991484095849,7,0.777777777778,96750,False,0.286760067788,0.250758185607,0.0360018821812,0.0285763428178,5812,0.629894992684,0.420106111807,0.385165064644,0.0349410471631,0.100265369306,20400,0.404585055796
2000,91,0.99111220533,5,0.454545454545,96529,False,0.314846854145,0.250758185607,0.0640886685381,0.19285959998,39244,0.341158414475,0.4256833713,0.385165064644,0.0405183066563,0.171320458008,34859,0.309545441372
2000,92,0.990706624381,4,0.333333333333,77633,False,0.350745756444,0.250758185607,0.0999875708372,0.525662194702,106966,-0.0278879434666,0.447378092181,0.385165064644,0.0622130275374,0.564735367831,114915,-0.0601447102314
2000,93,0.990268648787,8,1,110244,True,0.265664673778,0.250758185607,0.0149064881707,0.00128261831048,258,0.846758958721,0.412189974543,0.385165064644,0.027024909899,0.0358346847511,7289,0.539480452761
2000,94,0.990259578287,6,0.6,109505,False,0.282887044347,0.250758185607,0.0321288587397,0.0189100201484,3845,0.669710282394,0.422010909368,0.385165064644,0.0368458447243,0.121912624699,24805,0.372126242288
2000,95,0.989519684606,7,0.777777777778,110243,False,0.290530554714,0.250758185607,0.0397723691074,0.0412649270234,8396,0.591133794468,0.419584127014,0.385165064644,0.0344190623702,0.0946975281341,19267,0.413479967987
2000,96,0.9907960336,7,0.777777777778,96747,False,0.327230699458,0.250758185607,0.0764725138514,0.303164774682,61690,0.213850538259,0.421851911666,0.385165064644,0.0366868470226,0.120035382574,24423,0.374835651863
2000,97,0.990117041851,8,1,110244,True,0.265664673778,0.250758185607,0.0149064881707,0.00128261831048,258,0.846758958721,0.412189974543,0.385165064644,0.027024909899,0.0358346847511,7289,0.539480452761
2000,98,0.992855037205,7,0.777777777778,96747,False,0.327230699458,0.250758185607,0.0764725138514,0.303164774682,61690,0.213850538259,0.421851911666,0.385165064644,0.0366868470226,0.120035382574,24423,0.374835651863
2000,99,0.991603308141,5,0.454545454545,96567,False,0.32359098861,0.250758185607,0.0728328030031,0.269693842449,54879,0.25126733784,0.416820128604,0.385165064644,0.0316550639603,0.0681409405868,13863,0.460580043474
5000,0,0.99548548234,5,0.454545454545,96567,False,0.32359098861,0.250758185607,0.0728328030031,0.269693842449,54879,0.25126733784,0.416820128604,0.385165064644,0.0316550639603,0.0681409405868,13863,0.460580043474
5000,1,0.995565821058,8,1,110244,True,0.265664673778,0.250758185607,0.0149064881707,0.00128261831048,258,0.846758958721,0.412189974543,0.385165064644,0.027024909899,0.0358346847511,7289,0.539480452761
5000,2,0.994789645376,8,1,110244,True,0.265664673778,0.250758185607,0.0149064881707,0.00128261831048,258,0.846758958721,0.412189974543,0.385165064644,0.027024909899,0.0358346847511,7289,0.539480452761
5000,3,0.994842772593,8,1,110244,True,0.265664673778,0.250758185607,0.0149064881707,0.00128261831048,258,0.846758958721,0.412189974543,0.385165064644,0.027024909899,0.0358346847511,7289,0.539480452761
5000,4,0.995761484711,8,1,110244,True,0.265664673778,0.250758185607,0.0149064881707,0.00128261831048,258,0.846758958721,0.412189974543,0.385165064644,0.027024909899,0.0358346847511,7289,0.539480452761
5000,5,0.994070484268,5,0.454545454545,96458,False,0.304012191177,0.250758185607,0.0532540055696,0.111288023982,22643,0.452540452699,0.420785814383,0.385165064644,0.0356207497396,0.107798909037,21933,0.393002544552
5000,6,0.99596751465,8,1,110244,True,0.265664673778,0.250758185607,0.0149064881707,0.00128261831048,258,0.846758958721,0.412189974543,0.385165064644,0.027024909899,0.0358346847511,7289,0.539480452761
5000,7,0.994775391732,8,1,110244,True,0.265664673778,0.250758185607,0.0149064881707,0.00128261831048,258,0.846758958721,0.412189974543,0.385165064644,0.027024909899,0.0358346847511,7289,0.539480452761
5000,8,0.997022284276,8,1,110244,True,0.265664673778,0.250758185607,0.0149064881707,0.00128261831048,258,0.846758958721,0.412189974543,0.385165064644,0.027024909899,0.0358346847511,7289,0.539480452761
5000,9,0.995751118425,8,1,110244,True,0.265664673778,0.250758185607,0.0149064881707,0.00128261831048,258,0.846758958721,0.412189974543,0.385165064644,0.027024909899,0.0358346847511,7289,0.539480452761
5000,10,0.996986002274,8,1,110244,True,0.265664673778,0.250758185607,0.0149064881707,0.00128261831048,258,0.846758958721,0.412189974543,0.385165064644,0.027024909899,0.0358346847511,7289,0.539480452761
5000,11,0.993051996644,8,1,110244,True,0.265664673778,0.250758185607,0.0149064881707,0.00128261831048,258,0.846758958721,0.412189974543,0.385165064644,0.027024909899,0.0358346847511,7289,0.539480452761
5000,12,0.995923457934,7,0.777777777778,110329,True,0.274344856087,0.250758185607,0.0235866704798,0.00599046636198,1216,0.7575253203,0.412189974543,0.385165064644,0.027024909899,0.0358346847511,7289,0.539480452761
5000,13,0.997092256708,5,0.454545454545,96558,False,0.313699337024,0.250758185607,0.062941151417,0.183473389356,37334,0.352955070838,0.428410400161,0.385165064644,0.043245335517,0.213440463905,43430,0.263075347635
5000,14,0.994941252312,5,0.454545454545,96529,False,0.314846854145,0.250758185607,0.0640886685381,0.19285959998,39244,0.341158414475,0.4256833713,0.385165064644,0.0405183066563,0.171320458008,34859,0.309545441372
5000,15,0.995590440988,8,1,110244,True,0.265664673778,0.250758185607,0.0149064881707,0.00128261831048,258,0.846758958721,0.412189974543,0.385165064644,0.027024909899,0.0358346847511,7289,0.539480452761
5000,16,0.995942894721,7,0.777777777778,109474,False,0.274206862038,0.250758185607,0.0234486764306,0.00582829623077,1183,0.758943920815,0.422010909368,0.385165064644,0.0368458447243,0.121912624699,24805,0.372126242288
5000,17,0.995471228696,8,1,110244,True,0.265664673778,0.250758185607,0.0149064881707,0.00128261831048,258,0.846758958721,0.412189974543,0.385165064644,0.027024909899,0.0358346847511,7289,0.539480452761
5000,18,0.996497491035,8,1,110244,True,0.265664673778,0.250758185607,0.0149064881707,0.00128261831048,258,0.846758958721,0.412189974543,0.385165064644,0.027024909899,0.0358346847511,7289,0.539480452761
5000,19,0.996130783659,6,0.6,96449,False,0.295332008867,0.250758185607,0.0445738232604,0.0616639638311,12545,0.54177409112,0.420785814383,0.385165064644,0.0356207497396,0.107798909037,21933,0.393002544552
5000,20,0.99606599437,7,0.777777777778,110329,True,0.274344856087,0.250758185607,0.0235866704798,0.00599046636198,1216,0.7575253203,0.412189974543,0.385165064644,0.027024909899,0.0358346847511,7289,0.539480452761
5000,21,0.996262953808,7,0.777777777778,110329,True,0.274344856087,0.250758185607,0.0235866704798,0.00599046636198,1216,0.7575253203,0.412189974543,0.385165064644,0.027024909899,0.0358346847511,7289,0.539480452761
5000,22,0.994039385409,8,1,110244,True,0.265664673778,0.250758185607,0.0149064881707,0.00128261831048,258,0.846758958721,0.412189974543,0.385165064644,0.027024909899,0.0358346847511,7289,0.539480452761
5000,23,0.995134324393,8,1,110244,True,0.265664673778,0.250758185607,0.0149064881707,0.00128261831048,258,0.846758958721,0.412189974543,0.385165064644,0.027024909899,0.0358346847511,7289,0.539480452761
5000,24,0.996297940025,8,1,110244,True,0.265664673778,0.250758185607,0.0149064881707,0.00128261831048,258,0.846758958721,0.412189974543,0.385165064644,0.027024909899,0.0358346847511,7289,0.539480452761
5000,25,0.994881646166,8,1,110244,True,0.265664673778,0.250758185607,0.0149064881707,0.00128261831048,258,0.846758958721,0.412189974543,0.385165064644,0.027024909899,0.0358346847511,7289,0.539480452761
5000,26,0.994548629221,4,0.333333333333,96565,False,0.323879813509,0.250758185607,0.0731216279024,0.272411420709,55432,0.24829817248,0.4256833713,0.385165064644,0.0405183066563,0.171320458008,34859,0.309545441372
5000,27,0.995826274,8,1,110244,True,0.265664673778,0.250758185607,0.0149064881707,0.00128261831048,258,0.846758958721,0.412189974543,0.385165064644,0.027024909899,0.0358346847511,7289,0.539480452761
5000,28,0.995836640287,4,0.333333333333,96547,False,0.309479532829,0.250758185607,0.0587213472224,0.150262912182,30576,0.396335321194,0.421950357016,0.385165064644,0.0367852923722,0.121155830753,24651,0.373158088162
5000,29,0.994733926587,5,0.454545454545,96558,False,0.313699337024,0.250758185607,0.062941151417,0.183473389356,37334,0.352955070838,0.428410400161,0.385165064644,0.043245335517,0.213440463905,43430,0.263075347635
5000,30,0.994455332644,8,1,110244,True,0.265664673778,0.250758185607,0.0149064881707,0.00128261831048,258,0.846758958721,0.412189974543,0.385165064644,0.027024909899,0.0358346847511,7289,0.539480452761
5000,31,0.995727794281,4,0.333333333333,101816,False,0.310620590981,0.250758185607,0.059862405374,0.15892181434,32339,0.384605064053,0.411503935783,0.385165064644,0.026338871139,0.0323111700821,6574,0.551170936109
5000,32,0.996104867943,8,1,110244,True,0.265664673778,0.250758185607,0.0149064881707,0.00128261831048,258,0.846758958721,0.412189974543,0.385165064644,0.027024909899,0.0358346847511,7289,0.539480452761
5000,33,0.996199460305,8,1,110244,True,0.265664673778,0.250758185607,0.0149064881707,0.00128261831048,258,0.846758958721,0.412189974543,0.385165064644,0.027024909899,0.0358346847511,7289,0.539480452761
5000,34,0.995961035722,8,1,110244,True,0.265664673778,0.250758185607,0.0149064881707,0.00128261831048,258,0.846758958721,0.412189974543,0.385165064644,0.027024909899,0.0358346847511,7289,0.539480452761
5000,35,0.994971055385,6,0.6,110310,False,0.321313406721,0.250758185607,0.0705552211136,0.249240748931,50717,0.274681237637,0.420355873788,0.385165064644,0.0351908091443,0.102796206202,20915,0.400328972245
5000,36,0.995729090067,8,1,110244,True,0.265664673778,0.250758185607,0.0149064881707,0.00128261831048,258,0.846758958721,0.412189974543,0.385165064644,0.027024909899,0.0358346847511,7289,0.539480452761
5000,37,0.995366270048,8,1,110244,True,0.265664673778,0.250758185607,0.0149064881707,0.00128261831048,258,0.846758958721,0.412189974543,0.385165064644,0.027024909899,0.0358346847511,7289,0.539480452761
5000,38,0.995635793491,5,0.454545454545,96567,False,0.32359098861,0.250758185607,0.0728328030031,0.269693842449,54879,0.25126733784,0.416820128604,0.385165064644,0.0316550639603,0.0681409405868,13863,0.460580043474
5000,39,0.996951016058,8,1,110244,True,0.265664673778,0.250758185607,0.0149064881707,0.00128261831048,258,0.846758958721,0.412189974543,0.385165064644,0.027024909899,0.0358346847511,7289,0.539480452761
5000,40,0.995214663112,4,0.333333333333,101807,False,0.307915864469,0.250758185607,0.0571576788624,0.138979802447,28281,0.4124100777,0.423094207339,0.385165064644,0.0379291426957,0.13579537078,27632,0.35366624027
5000,41,0.995713540637,8,1,110244,True,0.265664673778,0.250758185607,0.0149064881707,0.00128261831048,258,0.846758958721,0.412189974543,0.385165064644,0.027024909899,0.0358346847511,7289,0.539480452761
5000,42,0.99429076785,5,0.454545454545,96558,False,0.313699337024,0.250758185607,0.062941151417,0.183473389356,37334,0.352955070838,0.428410400161,0.385165064644,0.043245335517,0.213440463905,43430,0.263075347635
5000,43,0.995541201129,6,0.6,102231,False,0.273789670159,0.250758185607,0.0230314845521,0.00538109980834,1094,0.763232718897,0.414789918985,0.385165064644,0.0296248543418,0.0524743230626,10677,0.495175948431
5000,44,0.994341303496,8,1,110244,True,0.265664673778,0.250758185607,0.0149064881707,0.00128261831048,258,0.846758958721,0.412189974543,0.385165064644,0.027024909899,0.0358346847511,7289,0.539480452761
5000,45,0.994881646166,8,1,110244,True,0.265664673778,0.250758185607,0.0149064881707,0.00128261831048,258,0.846758958721,0.412189974543,0.385165064644,0.027024909899,0.0358346847511,7289,0.539480452761
5000,46,0.99634847567,8,1,110244,True,0.265664673778,0.250758185607,0.0149064881707,0.00128261831048,258,0.846758958721,0.412189974543,0.385165064644,0.027024909899,0.0358346847511,7289,0.539480452761
5000,47,0.997210173214,7,0.777777777778,110329,True,0.274344856087,0.250758185607,0.0235866704798,0.00599046636198,1216,0.7575253203,0.412189974543,0.385165064644,0.027024909899,0.0358346847511,7289,0.539480452761
5000,48,0.995432355123,7,0.777777777778,110329,True,0.274344856087,0.250758185607,0.0235866704798,0.00599046636198,1216,0.7575253203,0.412189974543,0.385165064644,0.027024909899,0.0358346847511,7289,0.539480452761
5000,49,0.9966465064,5,0.454545454545,96529,False,0.314846854145,0.250758185607,0.0640886685381,0.19285959998,39244,0.341158414475,0.4256833713,0.385165064644,0.0405183066563,0.171320458008,34859,0.309545441372
5000,50,0.994833702092,6,0.6,77690,False,0.373672328283,0.250758185607,0.122914142676,0.721922453192,146903,-0.263576705386,0.445902284113,0.385165064644,0.0607372194691,0.538395007126,109555,-0.0349961171019
5000,51,0.995339058547,8,1,110244,True,0.265664673778,0.250758185607,0.0149064881707,0.00128261831048,258,0.846758958721,0.412189974543,0.385165064644,0.027024909899,0.0358346847511,7289,0.539480452761
5000,52,0.994648404726,4,0.333333333333,96565,False,0.323879813509,0.250758185607,0.0731216279024,0.272411420709,55432,0.24829817248,0.4256833713,0.385165064644,0.0405183066563,0.171320458008,34859,0.309545441372
5000,53,0.994544741863,6,0.6,77690,False,0.373672328283,0.250758185607,0.122914142676,0.721922453192,146903,-0.263576705386,0.445902284113,0.385165064644,0.0607372194691,0.538395007126,109555,-0.0349961171019
5000,54,0.995653934492,8,1,110244,True,0.265664673778,0.250758185607,0.0149064881707,0.00128261831048,258,0.846758958721,0.412189974543,0.385165064644,0.027024909899,0.0358346847511,7289,0.539480452761
5000,55,0.995364974262,4,0.333333333333,101492,False,0.291041793547,0.250758185607,0.0402836079404,0.0430831981916,8766,0.585878178911,0.415469621562,0.385165064644,0.0303045569182,0.0570888004325,11616,0.483593437187
5000,56,0.995854781288,8,1,110244,True,0.265664673778,0.250758185607,0.0149064881707,0.00128261831048,258,0.846758958721,0.412189974543,0.385165064644,0.027024909899,0.0358346847511,7289,0.539480452761
5000,57,0.996010275581,8,1,110244,True,0.265664673778,0.250758185607,0.0149064881707,0.00128261831048,258,0.846758958721,0.412189974543,0.385165064644,0.027024909899,0.0358346847511,7289,0.539480452761
5000,58,0.995634497705,6,0.6,96449,False,0.295332008867,0.250758185607,0.0445738232604,0.0616639638311,12545,0.54177409112,0.420785814383,0.385165064644,0.0356207497396,0.107798909037,21933,0.393002544552
5000,59,0.995190043182,7,0.777777777778,110329,True,0.274344856087,0.250758185607,0.0235866704798,0.00599046636198,1216,0.7575253203,0.412189974543,0.385165064644,0.027024909899,0.0358346847511,7289,0.539480452761
5000,60,0.996545435109,7,0.777777777778,110329,True,0.274344856087,0.250758185607,0.0235866704798,0.00599046636198,1216,0.7575253203,0.412189974543,0.385165064644,0.027024909899,0.0358346847511,7289,0.539480452761
5000,61,0.996976931774,8,1,110244,True,0.265664673778,0.250758185607,0.0149064881707,0.00128261831048,258,0.846758958721,0.412189974543,0.385165064644,0.027024909899,0.0358346847511,7289,0.539480452761
5000,62,0.995611173561,7,0.777777777778,110329,True,0.274344856087,0.250758185607,0.0235866704798,0.00599046636198,1216,0.7575253203,0.412189974543,0.385165064644,0.027024909899,0.0358346847511,7289,0.539480452761
5000,63,0.996411969173,8,1,110244,True,0.265664673778,0.250758185607,0.0149064881707,0.00128261831048,258,0.846758958721,0.412189974543,0.385165064644,0.027024909899,0.0358346847511,7289,0.539480452761
5000,64,0.995951965221,4,0.333333333333,96547,False,0.309479532829,0.250758185607,0.0587213472224,0.150262912182,30576,0.396335321194,0.421950357016,0.385165064644,0.0367852923722,0.121155830753,24651,0.373158088162
5000,65,0.996503969964,8,1,110244,True,0.265664673778,0.250758185607,0.0149064881707,0.00128261831048,258,0.846758958721,0.412189974543,0.385165064644,0.027024909899,0.0358346847511,7289,0.539480452761
5000,66,0.994638038439,8,1,110244,True,0.265664673778,0.250758185607,0.0149064881707,0.00128261831048,258,0.846758958721,0.412189974543,0.385165064644,0.027024909899,0.0358346847511,7289,0.539480452761
5000,67,0.995994726152,8,1,110244,True,0.265664673778,0.250758185607,0.0149064881707,0.00128261831048,258,0.846758958721,0.412189974543,0.385165064644,0.027024909899,0.0358346847511,7289,0.539480452761
5000,68,0.994399613856,7,0.777777777778,119928,True,0.259881201223,0.250758185607,0.00912301561609,0.00031451176962,63,0.906213965583,0.406873781721,0.385165064644,0.0217087170776,0.0139073173129,2829,0.630071345396
5000,69,0.995444017195,8,1,110244,True,0.265664673778,0.250758185607,0.0149064881707,0.00128261831048,258,0.846758958721,0.412189974543,0.385165064644,0.027024909899,0.0358346847511,7289,0.539480452761
5000,70,0.995971402008,8,1,110244,True,0.265664673778,0.250758185607,0.0149064881707,0.00128261831048,258,0.846758958721,0.412189974543,0.385165064644,0.027024909899,0.0358346847511,7289,0.539480452761
5000,71,0.995499735984,6,0.6,96449,False,0.295332008867,0.250758185607,0.0445738232604,0.0616639638311,12545,0.54177409112,0.420785814383,0.385165064644,0.0356207497396,0.107798909037,21933,0.393002544552
5000,72,0.995134324393,4,0.333333333333,97080,False,0.326792030022,0.250758185607,0.0760338444151,0.299272691533,60898,0.21836012901,0.421208278825,0.385165064644,0.0360432141816,0.112826183105,22956,0.385803514684
5000,73,0.995786104641,8,1,110244,True,0.265664673778,0.250758185607,0.0149064881707,0.00128261831048,258,0.846758958721,0.412189974543,0.385165064644,0.027024909899,0.0358346847511,7289,0.539480452761
5000,74,0.993865750114,5,0.454545454545,96567,False,0.32359098861,0.250758185607,0.0728328030031,0.269693842449,54879,0.25126733784,0.416820128604,0.385165064644,0.0316550639603,0.0681409405868,13863,0.460580043474
5000,75,0.994679503584,8,1,110244,True,0.265664673778,0.250758185607,0.0149064881707,0.00128261831048,258,0.846758958721,0.412189974543,0.385165064644,0.027024909899,0.0358346847511,7289,0.539480452761
5000,76,0.996054332298,7,0.777777777778,110329,True,0.274344856087,0.250758185607,0.0235866704798,0.00599046636198,1216,0.7575253203,0.412189974543,0.385165064644,0.027024909899,0.0358346847511,7289,0.539480452761
5000,77,0.996132079445,7,0.777777777778,110329,True,0.274344856087,0.250758185607,0.0235866704798,0.00599046636198,1216,0.7575253203,0.412189974543,0.385165064644,0.027024909899,0.0358346847511,7289,0.539480452761
5000,78,0.995576187345,5,0.454545454545,96529,False,0.314846854145,0.250758185607,0.0640886685381,0.19285959998,39244,0.341158414475,0.4256833713,0.385165064644,0.0405183066563,0.171320458008,34859,0.309545441372
5000,79,0.995907908505,5,0.454545454545,96529,False,0.314846854145,0.250758185607,0.0640886685381,0.19285959998,39244,0.341158414475,0.4256833713,0.385165064644,0.0405183066563,0.171320458008,34859,0.309545441372
5000,80,0.995379227906,5,0.454545454545,96567,False,0.32359098861,0.250758185607,0.0728328030031,0.269693842449,54879,0.25126733784,0.416820128604,0.385165064644,0.0316550639603,0.0681409405868,13863,0.460580043474
5000,81,0.99676312712,8,1,110244,True,0.265664673778,0.250758185607,0.0149064881707,0.00128261831048,258,0.846758958721,0.412189974543,0.385165064644,0.027024909899,0.0358346847511,7289,0.539480452761
5000,82,0.996404194459,5,0.454545454545,96529,False,0.314846854145,0.250758185607,0.0640886685381,0.19285959998,39244,0.341158414475,0.4256833713,0.385165064644,0.0405183066563,0.171320458008,34859,0.309545441372
5000,83,0.995375340549,8,1,110244,True,0.265664673778,0.250758185607,0.0149064881707,0.00128261831048,258,0.846758958721,0.412189974543,0.385165064644,0.027024909899,0.0358346847511,7289,0.539480452761
5000,84,0.995652638706,6,0.6,96745,False,0.310534782821,0.250758185607,0.0597765972142,0.158258391076,32201,0.385487185423,0.414077863248,0.385165064644,0.0289127986047,0.0475404196766,9671,0.507309775587
5000,85,0.995913091648,8,1,110244,True,0.265664673778,0.250758185607,0.0149064881707,0.00128261831048,258,0.846758958721,0.412189974543,0.385165064644,0.027024909899,0.0358346847511,7289,0.539480452761
5000,86,0.994713194015,8,1,110244,True,0.265664673778,0.250758185607,0.0149064881707,0.00128261831048,258,0.846758958721,0.412189974543,0.385165064644,0.027024909899,0.0358346847511,7289,0.539480452761
5000,87,0.997192032213,8,1,110244,True,0.265664673778,0.250758185607,0.0149064881707,0.00128261831048,258,0.846758958721,0.412189974543,0.385165064644,0.027024909899,0.0358346847511,7289,0.539480452761
5000,88,0.994657475226,6,0.6,96449,False,0.295332008867,0.250758185607,0.0445738232604,0.0616639638311,12545,0.54177409112,0.420785814383,0.385165064644,0.0356207497396,0.107798909037,21933,0.393002544552
5000,89,0.995766667854,8,1,110244,True,0.265664673778,0.250758185607,0.0149064881707,0.00128261831048,258,0.846758958721,0.412189974543,0.385165064644,0.027024909899,0.0358346847511,7289,0.539480452761
5000,90,0.995650047134,7,0.777777777778,110329,True,0.274344856087,0.250758185607,0.0235866704798,0.00599046636198,1216,0.7575253203,0.412189974543,0.385165064644,0.027024909899,0.0358346847511,7289,0.539480452761
5000,91,0.995366270048,8,1,110244,True,0.265664673778,0.250758185607,0.0149064881707,0.00128261831048,258,0.846758958721,0.412189974543,0.385165064644,0.027024909899,0.0358346847511,7289,0.539480452761
5000,92,0.995495848626,8,1,110244,True,0.265664673778,0.250758185607,0.0149064881707,0.00128261831048,258,0.846758958721,0.412189974543,0.385165064644,0.027024909899,0.0358346847511,7289,0.539480452761
5000,93,0.996046557583,8,1,110244,True,0.265664673778,0.250758185607,0.0149064881707,0.00128261831048,258,0.846758958721,0.412189974543,0.385165064644,0.027024909899,0.0358346847511,7289,0.539480452761
5000,94,0.995863851788,5,0.454545454545,96567,False,0.32359098861,0.250758185607,0.0728328030031,0.269693842449,54879,0.25126733784,0.416820128604,0.385165064644,0.0316550639603,0.0681409405868,13863,0.460580043474
5000,95,0.995927345291,8,1,110244,True,0.265664673778,0.250758185607,0.0149064881707,0.00128261831048,258,0.846758958721,0.412189974543,0.385165064644,0.027024909899,0.0358346847511,7289,0.539480452761
5000,96,0.996961382344,8,1,110244,True,0.265664673778,0.250758185607,0.0149064881707,0.00128261831048,258,0.846758958721,0.412189974543,0.385165064644,0.027024909899,0.0358346847511,7289,0.539480452761
5000,97,0.99445662843,5,0.454545454545,96567,False,0.32359098861,0.250758185607,0.0728328030031,0.269693842449,54879,0.25126733784,0.416820128604,0.385165064644,0.0316550639603,0.0681409405868,13863,0.460580043474
5000,98,0.994774095946,7,0.777777777778,110329,True,0.274344856087,0.250758185607,0.0235866704798,0.00599046636198,1216,0.7575253203,0.412189974543,0.385165064644,0.027024909899,0.0358346847511,7289,0.539480452761
5000,99,0.995501031769,8,1,110244,True,0.265664673778,0.250758185607,0.0149064881707,0.00128261831048,258,0.846758958721,0.412189974543,0.385165064644,0.027024909899,0.0358346847511,7289,0.539480452761
15000,0,0.998586297713,8,1,110244,True,0.265664673778,0.250758185607,0.0149064881707,0.00128261831048,258,0.846758958721,0.412189974543,0.385165064644,0.027024909899,0.0358346847511,7289,0.539480452761
15000,1,0.99818201255,8,1,110244,True,0.265664673778,0.250758185607,0.0149064881707,0.00128261831048,258,0.846758958721,0.412189974543,0.385165064644,0.027024909899,0.0358346847511,7289,0.539480452761
15000,2,0.998485226422,8,1,110244,True,0.265664673778,0.250758185607,0.0149064881707,0.00128261831048,258,0.846758958721,0.412189974543,0.385165064644,0.027024909899,0.0358346847511,7289,0.539480452761
15000,3,0.998044659257,8,1,110244,True,0.265664673778,0.250758185607,0.0149064881707,0.00128261831048,258,0.846758958721,0.412189974543,0.385165064644,0.027024909899,0.0358346847511,7289,0.539480452761
15000,4,0.998546128354,5,0.454545454545,96567,False,0.32359098861,0.250758185607,0.0728328030031,0.269693842449,54879,0.25126733784,0.416820128604,0.385165064644,0.0316550639603,0.0681409405868,13863,0.460580043474
15000,5,0.998704214219,7,0.777777777778,110329,True,0.274344856087,0.250758185607,0.0235866704798,0.00599046636198,1216,0.7575253203,0.412189974543,0.385165064644,0.027024909899,0.0358346847511,7289,0.539480452761
15000,6,0.998375084631,7,0.777777777778,119928,True,0.259881201223,0.250758185607,0.00912301561609,0.00031451176962,63,0.906213965583,0.406873781721,0.385165064644,0.0217087170776,0.0139073173129,2829,0.630071345396
15000,7,0.998456719135,7,0.777777777778,110329,True,0.274344856087,0.250758185607,0.0235866704798,0.00599046636198,1216,0.7575253203,0.412189974543,0.385165064644,0.027024909899,0.0358346847511,7289,0.539480452761
15000,8,0.998423028705,8,1,110244,True,0.265664673778,0.250758185607,0.0149064881707,0.00128261831048,258,0.846758958721,0.412189974543,0.385165064644,0.027024909899,0.0358346847511,7289,0.539480452761
15000,9,0.99835694363,8,1,110244,True,0.265664673778,0.250758185607,0.0149064881707,0.00128261831048,258,0.846758958721,0.412189974543,0.385165064644,0.027024909899,0.0358346847511,7289,0.539480452761
15000,10,0.998231252409,8,1,110244,True,0.265664673778,0.250758185607,0.0149064881707,0.00128261831048,258,0.846758958721,0.412189974543,0.385165064644,0.027024909899,0.0358346847511,7289,0.539480452761
15000,11,0.998017447756,8,1,110244,True,0.265664673778,0.250758185607,0.0149064881707,0.00128261831048,258,0.846758958721,0.412189974543,0.385165064644,0.027024909899,0.0358346847511,7289,0.539480452761
15000,12,0.998428211848,8,1,110244,True,0.265664673778,0.250758185607,0.0149064881707,0.00128261831048,258,0.846758958721,0.412189974543,0.385165064644,0.027024909899,0.0358346847511,7289,0.539480452761
15000,13,0.998288266984,7,0.777777777778,110329,True,0.274344856087,0.250758185607,0.0235866704798,0.00599046636198,1216,0.7575253203,0.412189974543,0.385165064644,0.027024909899,0.0358346847511,7289,0.539480452761
15000,14,0.998285675412,8,1,110244,True,0.265664673778,0.250758185607,0.0149064881707,0.00128261831048,258,0.846758958721,0.412189974543,0.385165064644,0.027024909899,0.0358346847511,7289,0.539480452761
15000,15,0.998529283139,8,1,110244,True,0.265664673778,0.250758185607,0.0149064881707,0.00128261831048,258,0.846758958721,0.412189974543,0.385165064644,0.027024909899,0.0358346847511,7289,0.539480452761
15000,16,0.998819539154,8,1,110244,True,0.265664673778,0.250758185607,0.0149064881707,0.00128261831048,258,0.846758958721,0.412189974543,0.385165064644,0.027024909899,0.0358346847511,7289,0.539480452761
15000,17,0.998756045651,7,0.777777777778,110329,True,0.274344856087,0.250758185607,0.0235866704798,0.00599046636198,1216,0.7575253203,0.412189974543,0.385165064644,0.027024909899,0.0358346847511,7289,0.539480452761
15000,18,0.998410070847,8,1,110244,True,0.265664673778,0.250758185607,0.0149064881707,0.00128261831048,258,0.846758958721,0.412189974543,0.385165064644,0.027024909899,0.0358346847511,7289,0.539480452761
15000,19,0.99849818428,7,0.777777777778,119928,True,0.259881201223,0.250758185607,0.00912301561609,0.00031451176962,63,0.906213965583,0.406873781721,0.385165064644,0.0217087170776,0.0139073173129,2829,0.630071345396
15000,20,0.998635537573,8,1,110244,True,0.265664673778,0.250758185607,0.0149064881707,0.00128261831048,258,0.846758958721,0.412189974543,0.385165064644,0.027024909899,0.0358346847511,7289,0.539480452761
15000,21,0.998193674622,8,1,110244,True,0.265664673778,0.250758185607,0.0149064881707,0.00128261831048,258,0.846758958721,0.412189974543,0.385165064644,0.027024909899,0.0358346847511,7289,0.539480452761
15000,22,0.998689960576,8,1,110244,True,0.265664673778,0.250758185607,0.0149064881707,0.00128261831048,258,0.846758958721,0.412189974543,0.385165064644,0.027024909899,0.0358346847511,7289,0.539480452761
15000,23,0.998419141348,8,1,110244,True,0.265664673778,0.250758185607,0.0149064881707,0.00128261831048,258,0.846758958721,0.412189974543,0.385165064644,0.027024909899,0.0358346847511,7289,0.539480452761
15000,24,0.997969503682,7,0.777777777778,110329,True,0.274344856087,0.250758185607,0.0235866704798,0.00599046636198,1216,0.7575253203,0.412189974543,0.385165064644,0.027024909899,0.0358346847511,7289,0.539480452761
15000,25,0.998578522999,8,1,110244,True,0.265664673778,0.250758185607,0.0149064881707,0.00128261831048,258,0.846758958721,0.412189974543,0.385165064644,0.027024909899,0.0358346847511,7289,0.539480452761
15000,26,0.998391929846,6,0.6,120060,True,0.268561383532,0.250758185607,0.0178031979253,0.00229495306895,466,0.816980327162,0.406873781721,0.385165064644,0.0217087170776,0.0139073173129,2829,0.630071345396
15000,27,0.998220886123,8,1,110244,True,0.265664673778,0.250758185607,0.0149064881707,0.00128261831048,258,0.846758958721,0.412189974543,0.385165064644,0.027024909899,0.0358346847511,7289,0.539480452761
15000,28,0.998104265403,7,0.777777777778,110329,True,0.274344856087,0.250758185607,0.0235866704798,0.00599046636198,1216,0.7575253203,0.412189974543,0.385165064644,0.027024909899,0.0358346847511,7289,0.539480452761
15000,29,0.998482634851,8,1,110244,True,0.265664673778,0.250758185607,0.0149064881707,0.00128261831048,258,0.846758958721,0.412189974543,0.385165064644,0.027024909899,0.0358346847511,7289,0.539480452761
15000,30,0.998227365052,8,1,110244,True,0.265664673778,0.250758185607,0.0149064881707,0.00128261831048,258,0.846758958721,0.412189974543,0.385165064644,0.027024909899,0.0358346847511,7289,0.539480452761
15000,31,0.998086124402,8,1,110244,True,0.265664673778,0.250758185607,0.0149064881707,0.00128261831048,258,0.846758958721,0.412189974543,0.385165064644,0.027024909899,0.0358346847511,7289,0.539480452761
15000,32,0.998303816413,8,1,110244,True,0.265664673778,0.250758185607,0.0149064881707,0.00128261831048,258,0.846758958721,0.412189974543,0.385165064644,0.027024909899,0.0358346847511,7289,0.539480452761
15000,33,0.99852280421,7,0.777777777778,119928,True,0.259881201223,0.250758185607,0.00912301561609,0.00031451176962,63,0.906213965583,0.406873781721,0.385165064644,0.0217087170776,0.0139073173129,2829,0.630071345396
15000,34,0.997823079888,5,0.454545454545,96558,False,0.313699337024,0.250758185607,0.062941151417,0.183473389356,37334,0.352955070838,0.428410400161,0.385165064644,0.043245335517,0.213440463905,43430,0.263075347635
15000,35,0.998228660838,8,1,110244,True,0.265664673778,0.250758185607,0.0149064881707,0.00128261831048,258,0.846758958721,0.412189974543,0.385165064644,0.027024909899,0.0358346847511,7289,0.539480452761
15000,36,0.997675360309,8,1,110244,True,0.265664673778,0.250758185607,0.0149064881707,0.00128261831048,258,0.846758958721,0.412189974543,0.385165064644,0.027024909899,0.0358346847511,7289,0.539480452761
15000,37,0.998150913691,7,0.777777777778,110329,True,0.274344856087,0.250758185607,0.0235866704798,0.00599046636198,1216,0.7575253203,0.412189974543,0.385165064644,0.027024909899,0.0358346847511,7289,0.539480452761
15000,38,0.998355647844,8,1,110244,True,0.265664673778,0.250758185607,0.0149064881707,0.00128261831048,258,0.846758958721,0.412189974543,0.385165064644,0.027024909899,0.0358346847511,7289,0.539480452761
15000,39,0.998555198855,8,1,110244,True,0.265664673778,0.250758185607,0.0149064881707,0.00128261831048,258,0.846758958721,0.412189974543,0.385165064644,0.027024909899,0.0358346847511,7289,0.539480452761
15000,40,0.998638129144,8,1,110244,True,0.265664673778,0.250758185607,0.0149064881707,0.00128261831048,258,0.846758958721,0.412189974543,0.385165064644,0.027024909899,0.0358346847511,7289,0.539480452761
15000,41,0.998544832568,6,0.6,120060,True,0.268561383532,0.250758185607,0.0178031979253,0.00229495306895,466,0.816980327162,0.406873781721,0.385165064644,0.0217087170776,0.0139073173129,2829,0.630071345396
15000,42,0.998446352849,7,0.777777777778,119928,True,0.259881201223,0.250758185607,0.00912301561609,0.00031451176962,63,0.906213965583,0.406873781721,0.385165064644,0.0217087170776,0.0139073173129,2829,0.630071345396
15000,43,0.998552607283,8,1,110244,True,0.265664673778,0.250758185607,0.0149064881707,0.00128261831048,258,0.846758958721,0.412189974543,0.385165064644,0.027024909899,0.0358346847511,7289,0.539480452761
15000,44,0.998496888494,7,0.777777777778,110329,True,0.274344856087,0.250758185607,0.0235866704798,0.00599046636198,1216,0.7575253203,0.412189974543,0.385165064644,0.027024909899,0.0358346847511,7289,0.539480452761
15000,45,0.998301224842,8,1,110244,True,0.265664673778,0.250758185607,0.0149064881707,0.00128261831048,258,0.846758958721,0.412189974543,0.385165064644,0.027024909899,0.0358346847511,7289,0.539480452761
15000,46,0.99841525399,8,1,110244,True,0.265664673778,0.250758185607,0.0149064881707,0.00128261831048,258,0.846758958721,0.412189974543,0.385165064644,0.027024909899,0.0358346847511,7289,0.539480452761
15000,47,0.998355647844,8,1,110244,True,0.265664673778,0.250758185607,0.0149064881707,0.00128261831048,258,0.846758958721,0.412189974543,0.385165064644,0.027024909899,0.0358346847511,7289,0.539480452761
15000,48,0.998524099996,8,1,110244,True,0.265664673778,0.250758185607,0.0149064881707,0.00128261831048,258,0.846758958721,0.412189974543,0.385165064644,0.027024909899,0.0358346847511,7289,0.539480452761
15000,49,0.998318070057,8,1,110244,True,0.265664673778,0.250758185607,0.0149064881707,0.00128261831048,258,0.846758958721,0.412189974543,0.385165064644,0.027024909899,0.0358346847511,7289,0.539480452761
15000,50,0.998297337484,8,1,110244,True,0.265664673778,0.250758185607,0.0149064881707,0.00128261831048,258,0.846758958721,0.412189974543,0.385165064644,0.027024909899,0.0358346847511,7289,0.539480452761
15000,51,0.998586297713,8,1,110244,True,0.265664673778,0.250758185607,0.0149064881707,0.00128261831048,258,0.846758958721,0.412189974543,0.385165064644,0.027024909899,0.0358346847511,7289,0.539480452761
15000,52,0.99863942493,8,1,110244,True,0.265664673778,0.250758185607,0.0149064881707,0.00128261831048,258,0.846758958721,0.412189974543,0.385165064644,0.027024909899,0.0358346847511,7289,0.539480452761
15000,53,0.998594072428,7,0.777777777778,110329,True,0.274344856087,0.250758185607,0.0235866704798,0.00599046636198,1216,0.7575253203,0.412189974543,0.385165064644,0.027024909899,0.0358346847511,7289,0.539480452761
15000,54,0.998299929056,8,1,110244,True,0.265664673778,0.250758185607,0.0149064881707,0.00128261831048,258,0.846758958721,0.412189974543,0.385165064644,0.027024909899,0.0358346847511,7289,0.539480452761
15000,55,0.998537057854,8,1,110244,True,0.265664673778,0.250758185607,0.0149064881707,0.00128261831048,258,0.846758958721,0.412189974543,0.385165064644,0.027024909899,0.0358346847511,7289,0.539480452761
15000,56,0.99829863327,8,1,110244,True,0.265664673778,0.250758185607,0.0149064881707,0.00128261831048,258,0.846758958721,0.412189974543,0.385165064644,0.027024909899,0.0358346847511,7289,0.539480452761
15000,57,0.998272717554,8,1,110244,True,0.265664673778,0.250758185607,0.0149064881707,0.00128261831048,258,0.846758958721,0.412189974543,0.385165064644,0.027024909899,0.0358346847511,7289,0.539480452761
15000,58,0.998082237045,7,0.777777777778,110329,True,0.274344856087,0.250758185607,0.0235866704798,0.00599046636198,1216,0.7575253203,0.412189974543,0.385165064644,0.027024909899,0.0358346847511,7289,0.539480452761
15000,59,0.998504663209,7,0.777777777778,110329,True,0.274344856087,0.250758185607,0.0235866704798,0.00599046636198,1216,0.7575253203,0.412189974543,0.385165064644,0.027024909899,0.0358346847511,7289,0.539480452761
15000,60,0.998509846352,8,1,110244,True,0.265664673778,0.250758185607,0.0149064881707,0.00128261831048,258,0.846758958721,0.412189974543,0.385165064644,0.027024909899,0.0358346847511,7289,0.539480452761
15000,61,0.99829863327,7,0.777777777778,110329,True,0.274344856087,0.250758185607,0.0235866704798,0.00599046636198,1216,0.7575253203,0.412189974543,0.385165064644,0.027024909899,0.0358346847511,7289,0.539480452761
15000,62,0.9983232532,8,1,110244,True,0.265664673778,0.250758185607,0.0149064881707,0.00128261831048,258,0.846758958721,0.412189974543,0.385165064644,0.027024909899,0.0358346847511,7289,0.539480452761
15000,63,0.998553903069,8,1,110244,True,0.265664673778,0.250758185607,0.0149064881707,0.00128261831048,258,0.846758958721,0.412189974543,0.385165064644,0.027024909899,0.0358346847511,7289,0.539480452761
15000,64,0.998934864088,5,0.454545454545,96529,False,0.314846854145,0.250758185607,0.0640886685381,0.19285959998,39244,0.341158414475,0.4256833713,0.385165064644,0.0405183066563,0.171320458008,34859,0.309545441372
15000,65,0.998034292971,7,0.777777777778,110329,True,0.274344856087,0.250758185607,0.0235866704798,0.00599046636198,1216,0.7575253203,0.412189974543,0.385165064644,0.027024909899,0.0358346847511,7289,0.539480452761
15000,66,0.998053729757,8,1,110244,True,0.265664673778,0.250758185607,0.0149064881707,0.00128261831048,258,0.846758958721,0.412189974543,0.385165064644,0.027024909899,0.0358346847511,7289,0.539480452761
15000,67,0.998051138186,8,1,110244,True,0.265664673778,0.250758185607,0.0149064881707,0.00128261831048,258,0.846758958721,0.412189974543,0.385165064644,0.027024909899,0.0358346847511,7289,0.539480452761
15000,68,0.998680890075,7,0.777777777778,110329,True,0.274344856087,0.250758185607,0.0235866704798,0.00599046636198,1216,0.7575253203,0.412189974543,0.385165064644,0.027024909899,0.0358346847511,7289,0.539480452761
15000,69,0.998614805,7,0.777777777778,110329,True,0.274344856087,0.250758185607,0.0235866704798,0.00599046636198,1216,0.7575253203,0.412189974543,0.385165064644,0.027024909899,0.0358346847511,7289,0.539480452761
15000,70,0.998017447756,8,1,110244,True,0.265664673778,0.250758185607,0.0149064881707,0.00128261831048,258,0.846758958721,0.412189974543,0.385165064644,0.027024909899,0.0358346847511,7289,0.539480452761
15000,71,0.998303816413,8,1,110244,True,0.265664673778,0.250758185607,0.0149064881707,0.00128261831048,258,0.846758958721,0.412189974543,0.385165064644,0.027024909899,0.0358346847511,7289,0.539480452761
15000,72,0.99891283573,8,1,110244,True,0.265664673778,0.250758185607,0.0149064881707,0.00128261831048,258,0.846758958721,0.412189974543,0.385165064644,0.027024909899,0.0358346847511,7289,0.539480452761
15000,73,0.997832150389,8,1,110244,True,0.265664673778,0.250758185607,0.0149064881707,0.00128261831048,258,0.846758958721,0.412189974543,0.385165064644,0.027024909899,0.0358346847511,7289,0.539480452761
15000,74,0.998686073218,7,0.777777777778,110329,True,0.274344856087,0.250758185607,0.0235866704798,0.00599046636198,1216,0.7575253203,0.412189974543,0.385165064644,0.027024909899,0.0358346847511,7289,0.539480452761
15000,75,0.998345281558,8,1,110244,True,0.265664673778,0.250758185607,0.0149064881707,0.00128261831048,258,0.846758958721,0.412189974543,0.385165064644,0.027024909899,0.0358346847511,7289,0.539480452761
15000,76,0.998364718345,8,1,110244,True,0.265664673778,0.250758185607,0.0149064881707,0.00128261831048,258,0.846758958721,0.412189974543,0.385165064644,0.027024909899,0.0358346847511,7289,0.539480452761
15000,77,0.998613509215,8,1,110244,True,0.265664673778,0.250758185607,0.0149064881707,0.00128261831048,258,0.846758958721,0.412189974543,0.385165064644,0.027024909899,0.0358346847511,7289,0.539480452761
15000,78,0.998283083841,5,0.454545454545,96567,False,0.32359098861,0.250758185607,0.0728328030031,0.269693842449,54879,0.25126733784,0.416820128604,0.385165064644,0.0316550639603,0.0681409405868,13863,0.460580043474
15000,79,0.998603142928,8,1,110244,True,0.265664673778,0.250758185607,0.0149064881707,0.00128261831048,258,0.846758958721,0.412189974543,0.385165064644,0.027024909899,0.0358346847511,7289,0.539480452761
15000,80,0.998461902278,8,1,110244,True,0.265664673778,0.250758185607,0.0149064881707,0.00128261831048,258,0.846758958721,0.412189974543,0.385165064644,0.027024909899,0.0358346847511,7289,0.539480452761
15000,81,0.998184604121,8,1,110244,True,0.265664673778,0.250758185607,0.0149064881707,0.00128261831048,258,0.846758958721,0.412189974543,0.385165064644,0.027024909899,0.0358346847511,7289,0.539480452761
15000,82,0.998553903069,8,1,110244,True,0.265664673778,0.250758185607,0.0149064881707,0.00128261831048,258,0.846758958721,0.412189974543,0.385165064644,0.027024909899,0.0358346847511,7289,0.539480452761
15000,83,0.998515029495,8,1,110244,True,0.265664673778,0.250758185607,0.0149064881707,0.00128261831048,258,0.846758958721,0.412189974543,0.385165064644,0.027024909899,0.0358346847511,7289,0.539480452761
15000,84,0.998640720716,7,0.777777777778,110329,True,0.274344856087,0.250758185607,0.0235866704798,0.00599046636198,1216,0.7575253203,0.412189974543,0.385165064644,0.027024909899,0.0358346847511,7289,0.539480452761
15000,85,0.99892190623,8,1,110244,True,0.265664673778,0.250758185607,0.0149064881707,0.00128261831048,258,0.846758958721,0.412189974543,0.385165064644,0.027024909899,0.0358346847511,7289,0.539480452761
15000,86,0.998200153551,8,1,110244,True,0.265664673778,0.250758185607,0.0149064881707,0.00128261831048,258,0.846758958721,0.412189974543,0.385165064644,0.027024909899,0.0358346847511,7289,0.539480452761
15000,87,0.998507254781,8,1,110244,True,0.265664673778,0.250758185607,0.0149064881707,0.00128261831048,258,0.846758958721,0.412189974543,0.385165064644,0.027024909899,0.0358346847511,7289,0.539480452761
15000,88,0.998924497802,7,0.777777777778,110329,True,0.274344856087,0.250758185607,0.0235866704798,0.00599046636198,1216,0.7575253203,0.412189974543,0.385165064644,0.027024909899,0.0358346847511,7289,0.539480452761
15000,89,0.998373788845,8,1,110244,True,0.265664673778,0.250758185607,0.0149064881707,0.00128261831048,258,0.846758958721,0.412189974543,0.385165064644,0.027024909899,0.0358346847511,7289,0.539480452761
15000,90,0.998614805,8,1,110244,True,0.265664673778,0.250758185607,0.0149064881707,0.00128261831048,258,0.846758958721,0.412189974543,0.385165064644,0.027024909899,0.0358346847511,7289,0.539480452761
15000,91,0.998241618696,8,1,110244,True,0.265664673778,0.250758185607,0.0149064881707,0.00128261831048,258,0.846758958721,0.412189974543,0.385165064644,0.027024909899,0.0358346847511,7289,0.539480452761
15000,92,0.998258463911,8,1,110244,True,0.265664673778,0.250758185607,0.0149064881707,0.00128261831048,258,0.846758958721,0.412189974543,0.385165064644,0.027024909899,0.0358346847511,7289,0.539480452761
15000,93,0.998343985772,8,1,110244,True,0.265664673778,0.250758185607,0.0149064881707,0.00128261831048,258,0.846758958721,0.412189974543,0.385165064644,0.027024909899,0.0358346847511,7289,0.539480452761
15000,94,0.998458014921,7,0.777777777778,110329,True,0.274344856087,0.250758185607,0.0235866704798,0.00599046636198,1216,0.7575253203,0.412189974543,0.385165064644,0.027024909899,0.0358346847511,7289,0.539480452761
15000,95,0.998380267774,8,1,110244,True,0.265664673778,0.250758185607,0.0149064881707,0.00128261831048,258,0.846758958721,0.412189974543,0.385165064644,0.027024909899,0.0358346847511,7289,0.539480452761
15000,96,0.997894348106,8,1,110244,True,0.265664673778,0.250758185607,0.0149064881707,0.00128261831048,258,0.846758958721,0.412189974543,0.385165064644,0.027024909899,0.0358346847511,7289,0.539480452761
15000,97,0.998524099996,7,0.777777777778,110329,True,0.274344856087,0.250758185607,0.0235866704798,0.00599046636198,1216,0.7575253203,0.412189974543,0.385165064644,0.027024909899,0.0358346847511,7289,0.539480452761
15000,98,0.998368605702,7,0.777777777778,110329,True,0.274344856087,0.250758185607,0.0235866704798,0.00599046636198,1216,0.7575253203,0.412189974543,0.385165064644,0.027024909899,0.0358346847511,7289,0.539480452761
15000,99,0.998619988144,8,1,110244,True,0.265664673778,0.250758185607,0.0149064881707,0.00128261831048,258,0.846758958721,0.412189974543,0.385165064644,0.027024909899,0.0358346847511,7289,0.539480452761
50000,0,0.999480389902,7,0.777777777778,110329,True,0.274344856087,0.250758185607,0.0235866704798,0.00599046636198,1216,0.7575253203,0.412189974543,0.385165064644,0.027024909899,0.0358346847511,7289,0.539480452761
50000,1,0.999565911763,8,1,110244,True,0.265664673778,0.250758185607,0.0149064881707,0.00128261831048,258,0.846758958721,0.412189974543,0.385165064644,0.027024909899,0.0358346847511,7289,0.539480452761
50000,2,0.999550362334,8,1,110244,True,0.265664673778,0.250758185607,0.0149064881707,0.00128261831048,258,0.846758958721,0.412189974543,0.385165064644,0.027024909899,0.0358346847511,7289,0.539480452761
50000,3,0.999400051184,8,1,110244,True,0.265664673778,0.250758185607,0.0149064881707,0.00128261831048,258,0.846758958721,0.412189974543,0.385165064644,0.027024909899,0.0358346847511,7289,0.539480452761
50000,4,0.999470023616,8,1,110244,True,0.265664673778,0.250758185607,0.0149064881707,0.00128261831048,258,0.846758958721,0.412189974543,0.385165064644,0.027024909899,0.0358346847511,7289,0.539480452761
50000,5,0.999374135468,8,1,110244,True,0.265664673778,0.250758185607,0.0149064881707,0.00128261831048,258,0.846758958721,0.412189974543,0.385165064644,0.027024909899,0.0358346847511,7289,0.539480452761
50000,6,0.999530925547,8,1,110244,True,0.265664673778,0.250758185607,0.0149064881707,0.00128261831048,258,0.846758958721,0.412189974543,0.385165064644,0.027024909899,0.0358346847511,7289,0.539480452761
50000,7,0.999641067339,8,1,110244,True,0.265664673778,0.250758185607,0.0149064881707,0.00128261831048,258,0.846758958721,0.412189974543,0.385165064644,0.027024909899,0.0358346847511,7289,0.539480452761
50000,8,0.999413009041,8,1,110244,True,0.265664673778,0.250758185607,0.0149064881707,0.00128261831048,258,0.846758958721,0.412189974543,0.385165064644,0.027024909899,0.0358346847511,7289,0.539480452761
50000,9,0.999503714046,8,1,110244,True,0.265664673778,0.250758185607,0.0149064881707,0.00128261831048,258,0.846758958721,0.412189974543,0.385165064644,0.027024909899,0.0358346847511,7289,0.539480452761
50000,10,0.999572390692,8,1,110244,True,0.265664673778,0.250758185607,0.0149064881707,0.00128261831048,258,0.846758958721,0.412189974543,0.385165064644,0.027024909899,0.0358346847511,7289,0.539480452761
50000,11,0.999630701053,8,1,110244,True,0.265664673778,0.250758185607,0.0149064881707,0.00128261831048,258,0.846758958721,0.412189974543,0.385165064644,0.027024909899,0.0358346847511,7289,0.539480452761
50000,12,0.999372839682,7,0.777777777778,110329,True,0.274344856087,0.250758185607,0.0235866704798,0.00599046636198,1216,0.7575253203,0.412189974543,0.385165064644,0.027024909899,0.0358346847511,7289,0.539480452761
50000,13,0.999577573835,7,0.777777777778,110329,True,0.274344856087,0.250758185607,0.0235866704798,0.00599046636198,1216,0.7575253203,0.412189974543,0.385165064644,0.027024909899,0.0358346847511,7289,0.539480452761
50000,14,0.999516671904,8,1,110244,True,0.265664673778,0.250758185607,0.0149064881707,0.00128261831048,258,0.846758958721,0.412189974543,0.385165064644,0.027024909899,0.0358346847511,7289,0.539480452761
50000,15,0.999572390692,6,0.6,120060,True,0.268561383532,0.250758185607,0.0178031979253,0.00229495306895,466,0.816980327162,0.406873781721,0.385165064644,0.0217087170776,0.0139073173129,2829,0.630071345396
50000,16,0.999422079542,8,1,110244,True,0.265664673778,0.250758185607,0.0149064881707,0.00128261831048,258,0.846758958721,0.412189974543,0.385165064644,0.027024909899,0.0358346847511,7289,0.539480452761
50000,17,0.999571094907,8,1,110244,True,0.265664673778,0.250758185607,0.0149064881707,0.00128261831048,258,0.846758958721,0.412189974543,0.385165064644,0.027024909899,0.0358346847511,7289,0.539480452761
50000,18,0.99939486804,7,0.777777777778,119928,True,0.259881201223,0.250758185607,0.00912301561609,0.00031451176962,63,0.906213965583,0.406873781721,0.385165064644,0.0217087170776,0.0139073173129,2829,0.630071345396
50000,19,0.999424671113,8,1,110244,True,0.265664673778,0.250758185607,0.0149064881707,0.00128261831048,258,0.846758958721,0.412189974543,0.385165064644,0.027024909899,0.0358346847511,7289,0.539480452761
50000,20,0.999558137049,7,0.777777777778,119928,True,0.259881201223,0.250758185607,0.00912301561609,0.00031451176962,63,0.906213965583,0.406873781721,0.385165064644,0.0217087170776,0.0139073173129,2829,0.630071345396
50000,21,0.999624222124,7,0.777777777778,110329,True,0.274344856087,0.250758185607,0.0235866704798,0.00599046636198,1216,0.7575253203,0.412189974543,0.385165064644,0.027024909899,0.0358346847511,7289,0.539480452761
50000,22,0.999486868831,8,1,110244,True,0.265664673778,0.250758185607,0.0149064881707,0.00128261831048,258,0.846758958721,0.412189974543,0.385165064644,0.027024909899,0.0358346847511,7289,0.539480452761
50000,23,0.99963458841,8,1,110244,True,0.265664673778,0.250758185607,0.0149064881707,0.00128261831048,258,0.846758958721,0.412189974543,0.385165064644,0.027024909899,0.0358346847511,7289,0.539480452761
50000,24,0.999534812905,8,1,110244,True,0.265664673778,0.250758185607,0.0149064881707,0.00128261831048,258,0.846758958721,0.412189974543,0.385165064644,0.027024909899,0.0358346847511,7289,0.539480452761
50000,25,0.999378022825,7,0.777777777778,110329,True,0.274344856087,0.250758185607,0.0235866704798,0.00599046636198,1216,0.7575253203,0.412189974543,0.385165064644,0.027024909899,0.0358346847511,7289,0.539480452761
50000,26,0.999418192184,7,0.777777777778,119928,True,0.259881201223,0.250758185607,0.00912301561609,0.00031451176962,63,0.906213965583,0.406873781721,0.385165064644,0.0217087170776,0.0139073173129,2829,0.630071345396
50000,27,0.999660504125,8,1,110244,True,0.265664673778,0.250758185607,0.0149064881707,0.00128261831048,258,0.846758958721,0.412189974543,0.385165064644,0.027024909899,0.0358346847511,7289,0.539480452761
50000,28,0.999584052764,8,1,110244,True,0.265664673778,0.250758185607,0.0149064881707,0.00128261831048,258,0.846758958721,0.412189974543,0.385165064644,0.027024909899,0.0358346847511,7289,0.539480452761
50000,29,0.999524446618,8,1,110244,True,0.265664673778,0.250758185607,0.0149064881707,0.00128261831048,258,0.846758958721,0.412189974543,0.385165064644,0.027024909899,0.0358346847511,7289,0.539480452761
50000,30,0.999550362334,7,0.777777777778,110329,True,0.274344856087,0.250758185607,0.0235866704798,0.00599046636198,1216,0.7575253203,0.412189974543,0.385165064644,0.027024909899,0.0358346847511,7289,0.539480452761
50000,31,0.999546474977,8,1,110244,True,0.265664673778,0.250758185607,0.0149064881707,0.00128261831048,258,0.846758958721,0.412189974543,0.385165064644,0.027024909899,0.0358346847511,7289,0.539480452761
50000,32,0.99956072862,8,1,110244,True,0.265664673778,0.250758185607,0.0149064881707,0.00128261831048,258,0.846758958721,0.412189974543,0.385165064644,0.027024909899,0.0358346847511,7289,0.539480452761
50000,33,0.999407825898,8,1,110244,True,0.265664673778,0.250758185607,0.0149064881707,0.00128261831048,258,0.846758958721,0.412189974543,0.385165064644,0.027024909899,0.0358346847511,7289,0.539480452761
50000,34,0.99961903898,8,1,110244,True,0.265664673778,0.250758185607,0.0149064881707,0.00128261831048,258,0.846758958721,0.412189974543,0.385165064644,0.027024909899,0.0358346847511,7289,0.539480452761
50000,35,0.999556841263,8,1,110244,True,0.265664673778,0.250758185607,0.0149064881707,0.00128261831048,258,0.846758958721,0.412189974543,0.385165064644,0.027024909899,0.0358346847511,7289,0.539480452761
50000,36,0.999568503335,8,1,110244,True,0.265664673778,0.250758185607,0.0149064881707,0.00128261831048,258,0.846758958721,0.412189974543,0.385165064644,0.027024909899,0.0358346847511,7289,0.539480452761
50000,37,0.999506305618,8,1,110244,True,0.265664673778,0.250758185607,0.0149064881707,0.00128261831048,258,0.846758958721,0.412189974543,0.385165064644,0.027024909899,0.0358346847511,7289,0.539480452761
50000,38,0.999520559261,8,1,110244,True,0.265664673778,0.250758185607,0.0149064881707,0.00128261831048,258,0.846758958721,0.412189974543,0.385165064644,0.027024909899,0.0358346847511,7289,0.539480452761
50000,39,0.999532221333,8,1,110244,True,0.265664673778,0.250758185607,0.0149064881707,0.00128261831048,258,0.846758958721,0.412189974543,0.385165064644,0.027024909899,0.0358346847511,7289,0.539480452761
50000,40,0.999489460402,7,0.777777777778,110329,True,0.274344856087,0.250758185607,0.0235866704798,0.00599046636198,1216,0.7575253203,0.412189974543,0.385165064644,0.027024909899,0.0358346847511,7289,0.539480452761
50000,41,0.999691602984,8,1,110244,True,0.265664673778,0.250758185607,0.0149064881707,0.00128261831048,258,0.846758958721,0.412189974543,0.385165064644,0.027024909899,0.0358346847511,7289,0.539480452761
50000,42,0.999455769972,8,1,110244,True,0.265664673778,0.250758185607,0.0149064881707,0.00128261831048,258,0.846758958721,0.412189974543,0.385165064644,0.027024909899,0.0358346847511,7289,0.539480452761
50000,43,0.999515376118,8,1,110244,True,0.265664673778,0.250758185607,0.0149064881707,0.00128261831048,258,0.846758958721,0.412189974543,0.385165064644,0.027024909899,0.0358346847511,7289,0.539480452761
50000,44,0.99938579754,8,1,110244,True,0.265664673778,0.250758185607,0.0149064881707,0.00128261831048,258,0.846758958721,0.412189974543,0.385165064644,0.027024909899,0.0358346847511,7289,0.539480452761
50000,45,0.999506305618,7,0.777777777778,110329,True,0.274344856087,0.250758185607,0.0235866704798,0.00599046636198,1216,0.7575253203,0.412189974543,0.385165064644,0.027024909899,0.0358346847511,7289,0.539480452761
50000,46,0.999545179191,8,1,110244,True,0.265664673778,0.250758185607,0.0149064881707,0.00128261831048,258,0.846758958721,0.412189974543,0.385165064644,0.027024909899,0.0358346847511,7289,0.539480452761
50000,47,0.999463544687,8,1,110244,True,0.265664673778,0.250758185607,0.0149064881707,0.00128261831048,258,0.846758958721,0.412189974543,0.385165064644,0.027024909899,0.0358346847511,7289,0.539480452761
50000,48,0.999390980683,8,1,110244,True,0.265664673778,0.250758185607,0.0149064881707,0.00128261831048,258,0.846758958721,0.412189974543,0.385165064644,0.027024909899,0.0358346847511,7289,0.539480452761
50000,49,0.999484277259,8,1,110244,True,0.265664673778,0.250758185607,0.0149064881707,0.00128261831048,258,0.846758958721,0.412189974543,0.385165064644,0.027024909899,0.0358346847511,7289,0.539480452761
50000,50,0.999584052764,8,1,110244,True,0.265664673778,0.250758185607,0.0149064881707,0.00128261831048,258,0.846758958721,0.412189974543,0.385165064644,0.027024909899,0.0358346847511,7289,0.539480452761
50000,51,0.999449291043,8,1,110244,True,0.265664673778,0.250758185607,0.0149064881707,0.00128261831048,258,0.846758958721,0.412189974543,0.385165064644,0.027024909899,0.0358346847511,7289,0.539480452761
50000,52,0.999467432044,7,0.777777777778,110329,True,0.274344856087,0.250758185607,0.0235866704798,0.00599046636198,1216,0.7575253203,0.412189974543,0.385165064644,0.027024909899,0.0358346847511,7289,0.539480452761
50000,53,0.999495939331,7,0.777777777778,110329,True,0.274344856087,0.250758185607,0.0235866704798,0.00599046636198,1216,0.7575253203,0.412189974543,0.385165064644,0.027024909899,0.0358346847511,7289,0.539480452761
50000,54,0.999536108691,8,1,110244,True,0.265664673778,0.250758185607,0.0149064881707,0.00128261831048,258,0.846758958721,0.412189974543,0.385165064644,0.027024909899,0.0358346847511,7289,0.539480452761
50000,55,0.999550362334,7,0.777777777778,110329,True,0.274344856087,0.250758185607,0.0235866704798,0.00599046636198,1216,0.7575253203,0.412189974543,0.385165064644,0.027024909899,0.0358346847511,7289,0.539480452761
50000,56,0.999523150833,8,1,110244,True,0.265664673778,0.250758185607,0.0149064881707,0.00128261831048,258,0.846758958721,0.412189974543,0.385165064644,0.027024909899,0.0358346847511,7289,0.539480452761
50000,57,0.999406530112,8,1,110244,True,0.265664673778,0.250758185607,0.0149064881707,0.00128261831048,258,0.846758958721,0.412189974543,0.385165064644,0.027024909899,0.0358346847511,7289,0.539480452761
50000,58,0.999400051184,8,1,110244,True,0.265664673778,0.250758185607,0.0149064881707,0.00128261831048,258,0.846758958721,0.412189974543,0.385165064644,0.027024909899,0.0358346847511,7289,0.539480452761
50000,59,0.999533517119,8,1,110244,True,0.265664673778,0.250758185607,0.0149064881707,0.00128261831048,258,0.846758958721,0.412189974543,0.385165064644,0.027024909899,0.0358346847511,7289,0.539480452761
50000,60,0.999319712465,8,1,110244,True,0.265664673778,0.250758185607,0.0149064881707,0.00128261831048,258,0.846758958721,0.412189974543,0.385165064644,0.027024909899,0.0358346847511,7289,0.539480452761
50000,61,0.999494643546,8,1,110244,True,0.265664673778,0.250758185607,0.0149064881707,0.00128261831048,258,0.846758958721,0.412189974543,0.385165064644,0.027024909899,0.0358346847511,7289,0.539480452761
50000,62,0.999402642755,8,1,110244,True,0.265664673778,0.250758185607,0.0149064881707,0.00128261831048,258,0.846758958721,0.412189974543,0.385165064644,0.027024909899,0.0358346847511,7289,0.539480452761
50000,63,0.999612560052,7,0.777777777778,110329,True,0.274344856087,0.250758185607,0.0235866704798,0.00599046636198,1216,0.7575253203,0.412189974543,0.385165064644,0.027024909899,0.0358346847511,7289,0.539480452761
50000,64,0.999530925547,8,1,110244,True,0.265664673778,0.250758185607,0.0149064881707,0.00128261831048,258,0.846758958721,0.412189974543,0.385165064644,0.027024909899,0.0358346847511,7289,0.539480452761
50000,65,0.999568503335,8,1,110244,True,0.265664673778,0.250758185607,0.0149064881707,0.00128261831048,258,0.846758958721,0.412189974543,0.385165064644,0.027024909899,0.0358346847511,7289,0.539480452761
50000,66,0.999494643546,8,1,110244,True,0.265664673778,0.250758185607,0.0149064881707,0.00128261831048,258,0.846758958721,0.412189974543,0.385165064644,0.027024909899,0.0358346847511,7289,0.539480452761
50000,67,0.999384501754,6,0.6,120060,True,0.268561383532,0.250758185607,0.0178031979253,0.00229495306895,466,0.816980327162,0.406873781721,0.385165064644,0.0217087170776,0.0139073173129,2829,0.630071345396
50000,68,0.999532221333,8,1,110244,True,0.265664673778,0.250758185607,0.0149064881707,0.00128261831048,258,0.846758958721,0.412189974543,0.385165064644,0.027024909899,0.0358346847511,7289,0.539480452761
50000,69,0.999366360753,8,1,110244,True,0.265664673778,0.250758185607,0.0149064881707,0.00128261831048,258,0.846758958721,0.412189974543,0.385165064644,0.027024909899,0.0358346847511,7289,0.539480452761
50000,70,0.999440220543,8,1,110244,True,0.265664673778,0.250758185607,0.0149064881707,0.00128261831048,258,0.846758958721,0.412189974543,0.385165064644,0.027024909899,0.0358346847511,7289,0.539480452761
50000,71,0.999464840473,8,1,110244,True,0.265664673778,0.250758185607,0.0149064881707,0.00128261831048,258,0.846758958721,0.412189974543,0.385165064644,0.027024909899,0.0358346847511,7289,0.539480452761
50000,72,0.999568503335,8,1,110244,True,0.265664673778,0.250758185607,0.0149064881707,0.00128261831048,258,0.846758958721,0.412189974543,0.385165064644,0.027024909899,0.0358346847511,7289,0.539480452761
50000,73,0.999433741614,8,1,110244,True,0.265664673778,0.250758185607,0.0149064881707,0.00128261831048,258,0.846758958721,0.412189974543,0.385165064644,0.027024909899,0.0358346847511,7289,0.539480452761
50000,74,0.999479094116,7,0.777777777778,119928,True,0.259881201223,0.250758185607,0.00912301561609,0.00031451176962,63,0.906213965583,0.406873781721,0.385165064644,0.0217087170776,0.0139073173129,2829,0.630071345396
50000,75,0.999528333976,8,1,110244,True,0.265664673778,0.250758185607,0.0149064881707,0.00128261831048,258,0.846758958721,0.412189974543,0.385165064644,0.027024909899,0.0358346847511,7289,0.539480452761
50000,76,0.999499826689,7,0.777777777778,110329,True,0.274344856087,0.250758185607,0.0235866704798,0.00599046636198,1216,0.7575253203,0.412189974543,0.385165064644,0.027024909899,0.0358346847511,7289,0.539480452761
50000,77,0.999530925547,7,0.777777777778,110329,True,0.274344856087,0.250758185607,0.0235866704798,0.00599046636198,1216,0.7575253203,0.412189974543,0.385165064644,0.027024909899,0.0358346847511,7289,0.539480452761
50000,78,0.999606081123,8,1,110244,True,0.265664673778,0.250758185607,0.0149064881707,0.00128261831048,258,0.846758958721,0.412189974543,0.385165064644,0.027024909899,0.0358346847511,7289,0.539480452761
50000,79,0.999573686478,8,1,110244,True,0.265664673778,0.250758185607,0.0149064881707,0.00128261831048,258,0.846758958721,0.412189974543,0.385165064644,0.027024909899,0.0358346847511,7289,0.539480452761
50000,80,0.999348219752,7,0.777777777778,110329,True,0.274344856087,0.250758185607,0.0235866704798,0.00599046636198,1216,0.7575253203,0.412189974543,0.385165064644,0.027024909899,0.0358346847511,7289,0.539480452761
50000,81,0.999442812114,8,1,110244,True,0.265664673778,0.250758185607,0.0149064881707,0.00128261831048,258,0.846758958721,0.412189974543,0.385165064644,0.027024909899,0.0358346847511,7289,0.539480452761
50000,82,0.99941948797,6,0.6,120060,True,0.268561383532,0.250758185607,0.0178031979253,0.00229495306895,466,0.816980327162,0.406873781721,0.385165064644,0.0217087170776,0.0139073173129,2829,0.630071345396
50000,83,0.99956072862,8,1,110244,True,0.265664673778,0.250758185607,0.0149064881707,0.00128261831048,258,0.846758958721,0.412189974543,0.385165064644,0.027024909899,0.0358346847511,7289,0.539480452761
50000,84,0.999359881824,8,1,110244,True,0.265664673778,0.250758185607,0.0149064881707,0.00128261831048,258,0.846758958721,0.412189974543,0.385165064644,0.027024909899,0.0358346847511,7289,0.539480452761
50000,85,0.99941948797,7,0.777777777778,110329,True,0.274344856087,0.250758185607,0.0235866704798,0.00599046636198,1216,0.7575253203,0.412189974543,0.385165064644,0.027024909899,0.0358346847511,7289,0.539480452761
50000,86,0.999475206759,8,1,110244,True,0.265664673778,0.250758185607,0.0149064881707,0.00128261831048,258,0.846758958721,0.412189974543,0.385165064644,0.027024909899,0.0358346847511,7289,0.539480452761
50000,87,0.999455769972,8,1,110244,True,0.265664673778,0.250758185607,0.0149064881707,0.00128261831048,258,0.846758958721,0.412189974543,0.385165064644,0.027024909899,0.0358346847511,7289,0.539480452761
50000,88,0.999604785337,8,1,110244,True,0.265664673778,0.250758185607,0.0149064881707,0.00128261831048,258,0.846758958721,0.412189974543,0.385165064644,0.027024909899,0.0358346847511,7289,0.539480452761
50000,89,0.999626813695,8,1,110244,True,0.265664673778,0.250758185607,0.0149064881707,0.00128261831048,258,0.846758958721,0.412189974543,0.385165064644,0.027024909899,0.0358346847511,7289,0.539480452761
50000,90,0.999586644336,8,1,110244,True,0.265664673778,0.250758185607,0.0149064881707,0.00128261831048,258,0.846758958721,0.412189974543,0.385165064644,0.027024909899,0.0358346847511,7289,0.539480452761
50000,91,0.999371543896,7,0.777777777778,110329,True,0.274344856087,0.250758185607,0.0235866704798,0.00599046636198,1216,0.7575253203,0.412189974543,0.385165064644,0.027024909899,0.0358346847511,7289,0.539480452761
50000,92,0.99955165812,8,1,110244,True,0.265664673778,0.250758185607,0.0149064881707,0.00128261831048,258,0.846758958721,0.412189974543,0.385165064644,0.027024909899,0.0358346847511,7289,0.539480452761
50000,93,0.999472615187,8,1,110244,True,0.265664673778,0.250758185607,0.0149064881707,0.00128261831048,258,0.846758958721,0.412189974543,0.385165064644,0.027024909899,0.0358346847511,7289,0.539480452761
50000,94,0.999543883405,8,1,110244,True,0.265664673778,0.250758185607,0.0149064881707,0.00128261831048,258,0.846758958721,0.412189974543,0.385165064644,0.027024909899,0.0358346847511,7289,0.539480452761
50000,95,0.999471319401,7,0.777777777778,119928,True,0.259881201223,0.250758185607,0.00912301561609,0.00031451176962,63,0.906213965583,0.406873781721,0.385165064644,0.0217087170776,0.0139073173129,2829,0.630071345396
50000,96,0.999453178401,8,1,110244,True,0.265664673778,0.250758185607,0.0149064881707,0.00128261831048,258,0.846758958721,0.412189974543,0.385165064644,0.027024909899,0.0358346847511,7289,0.539480452761
50000,97,0.999402642755,7,0.777777777778,110329,True,0.274344856087,0.250758185607,0.0235866704798,0.00599046636198,1216,0.7575253203,0.412189974543,0.385165064644,0.027024909899,0.0358346847511,7289,0.539480452761
50000,98,0.99952703819,7,0.777777777778,110329,True,0.274344856087,0.250758185607,0.0235866704798,0.00599046636198,1216,0.7575253203,0.412189974543,0.385165064644,0.027024909899,0.0358346847511,7289,0.539480452761
50000,99,0.999543883405,8,1,110244,True,0.265664673778,0.250758185607,0.0149064881707,0.00128261831048,258,0.846758958721,0.412189974543,0.385165064644,0.027024909899,0.0358346847511,7289,0.539480452761
