selection_source,calibration_ligands,repetition,target_index,target
calibration_sample,200,0,1,AKT1
calibration_sample,200,0,4,CSF1R
calibration_sample,200,0,5,EGFR
calibration_sample,200,0,8,JAK2
calibration_sample,200,0,9,KDR
calibration_sample,200,0,11,LCK
calibration_sample,200,0,14,MAPK14
calibration_sample,200,0,15,MAPKAPK2
calibration_sample,200,1,1,AKT1
calibration_sample,200,1,3,CDK2
calibration_sample,200,1,4,CSF1R
calibration_sample,200,1,5,EGFR
calibration_sample,200,1,9,KDR
calibration_sample,200,1,11,LCK
calibration_sample,200,1,13,MAPK1
calibration_sample,200,1,15,MAPKAPK2
calibration_sample,200,2,1,AKT1
calibration_sample,200,2,3,CDK2
calibration_sample,200,2,4,CSF1R
calibration_sample,200,2,5,EGFR
calibration_sample,200,2,9,KDR
calibration_sample,200,2,11,LCK
calibration_sample,200,2,13,MAPK1
calibration_sample,200,2,19,ROCK1
calibration_sample,200,3,1,AKT1
calibration_sample,200,3,4,CSF1R
calibration_sample,200,3,5,EGFR
calibration_sample,200,3,6,FGFR1
calibration_sample,200,3,8,JAK2
calibration_sample,200,3,15,MAPKAPK2
calibration_sample,200,3,18,PTK2
calibration_sample,200,3,20,SRC
calibration_sample,200,4,1,AKT1
calibration_sample,200,4,4,CSF1R
calibration_sample,200,4,5,EGFR
calibration_sample,200,4,7,IGF1R
calibration_sample,200,4,9,KDR
calibration_sample,200,4,11,LCK
calibration_sample,200,4,15,MAPKAPK2
calibration_sample,200,4,18,PTK2
calibration_sample,200,5,1,AKT1
calibration_sample,200,5,3,CDK2
calibration_sample,200,5,4,CSF1R
calibration_sample,200,5,9,KDR
calibration_sample,200,5,13,MAPK1
calibration_sample,200,5,14,MAPK14
calibration_sample,200,5,17,PLK1
calibration_sample,200,5,20,SRC
calibration_sample,200,6,1,AKT1
calibration_sample,200,6,4,CSF1R
calibration_sample,200,6,5,EGFR
calibration_sample,200,6,8,JAK2
calibration_sample,200,6,9,KDR
calibration_sample,200,6,11,LCK
calibration_sample,200,6,15,MAPKAPK2
calibration_sample,200,6,18,PTK2
calibration_sample,200,7,1,AKT1
calibration_sample,200,7,3,CDK2
calibration_sample,200,7,4,CSF1R
calibration_sample,200,7,5,EGFR
calibration_sample,200,7,7,IGF1R
calibration_sample,200,7,9,KDR
calibration_sample,200,7,11,LCK
calibration_sample,200,7,13,MAPK1
calibration_sample,200,8,1,AKT1
calibration_sample,200,8,2,AKT2
calibration_sample,200,8,4,CSF1R
calibration_sample,200,8,8,JAK2
calibration_sample,200,8,9,KDR
calibration_sample,200,8,11,LCK
calibration_sample,200,8,15,MAPKAPK2
calibration_sample,200,8,18,PTK2
calibration_sample,200,9,1,AKT1
calibration_sample,200,9,4,CSF1R
calibration_sample,200,9,5,EGFR
calibration_sample,200,9,9,KDR
calibration_sample,200,9,13,MAPK1
calibration_sample,200,9,14,MAPK14
calibration_sample,200,9,15,MAPKAPK2
calibration_sample,200,9,20,SRC
calibration_sample,200,10,1,AKT1
calibration_sample,200,10,3,CDK2
calibration_sample,200,10,5,EGFR
calibration_sample,200,10,6,FGFR1
calibration_sample,200,10,7,IGF1R
calibration_sample,200,10,8,JAK2
calibration_sample,200,10,11,LCK
calibration_sample,200,10,14,MAPK14
calibration_sample,200,11,1,AKT1
calibration_sample,200,11,5,EGFR
calibration_sample,200,11,8,JAK2
calibration_sample,200,11,9,KDR
calibration_sample,200,11,11,LCK
calibration_sample,200,11,13,MAPK1
calibration_sample,200,11,14,MAPK14
calibration_sample,200,11,15,MAPKAPK2
calibration_sample,200,12,1,AKT1
calibration_sample,200,12,3,CDK2
calibration_sample,200,12,5,EGFR
calibration_sample,200,12,7,IGF1R
calibration_sample,200,12,9,KDR
calibration_sample,200,12,11,LCK
calibration_sample,200,12,17,PLK1
calibration_sample,200,12,18,PTK2
calibration_sample,200,13,1,AKT1
calibration_sample,200,13,3,CDK2
calibration_sample,200,13,4,CSF1R
calibration_sample,200,13,5,EGFR
calibration_sample,200,13,7,IGF1R
calibration_sample,200,13,9,KDR
calibration_sample,200,13,11,LCK
calibration_sample,200,13,18,PTK2
calibration_sample,200,14,1,AKT1
calibration_sample,200,14,3,CDK2
calibration_sample,200,14,4,CSF1R
calibration_sample,200,14,5,EGFR
calibration_sample,200,14,8,JAK2
calibration_sample,200,14,9,KDR
calibration_sample,200,14,11,LCK
calibration_sample,200,14,17,PLK1
calibration_sample,200,15,1,AKT1
calibration_sample,200,15,3,CDK2
calibration_sample,200,15,5,EGFR
calibration_sample,200,15,8,JAK2
calibration_sample,200,15,9,KDR
calibration_sample,200,15,11,LCK
calibration_sample,200,15,13,MAPK1
calibration_sample,200,15,14,MAPK14
calibration_sample,200,16,1,AKT1
calibration_sample,200,16,2,AKT2
calibration_sample,200,16,3,CDK2
calibration_sample,200,16,4,CSF1R
calibration_sample,200,16,7,IGF1R
calibration_sample,200,16,9,KDR
calibration_sample,200,16,18,PTK2
calibration_sample,200,16,20,SRC
calibration_sample,200,17,1,AKT1
calibration_sample,200,17,4,CSF1R
calibration_sample,200,17,5,EGFR
calibration_sample,200,17,8,JAK2
calibration_sample,200,17,9,KDR
calibration_sample,200,17,11,LCK
calibration_sample,200,17,15,MAPKAPK2
calibration_sample,200,17,18,PTK2
calibration_sample,200,18,1,AKT1
calibration_sample,200,18,2,AKT2
calibration_sample,200,18,3,CDK2
calibration_sample,200,18,4,CSF1R
calibration_sample,200,18,5,EGFR
calibration_sample,200,18,9,KDR
calibration_sample,200,18,13,MAPK1
calibration_sample,200,18,20,SRC
calibration_sample,200,19,1,AKT1
calibration_sample,200,19,3,CDK2
calibration_sample,200,19,4,CSF1R
calibration_sample,200,19,5,EGFR
calibration_sample,200,19,7,IGF1R
calibration_sample,200,19,9,KDR
calibration_sample,200,19,18,PTK2
calibration_sample,200,19,20,SRC
calibration_sample,200,20,1,AKT1
calibration_sample,200,20,3,CDK2
calibration_sample,200,20,5,EGFR
calibration_sample,200,20,7,IGF1R
calibration_sample,200,20,8,JAK2
calibration_sample,200,20,9,KDR
calibration_sample,200,20,11,LCK
calibration_sample,200,20,14,MAPK14
calibration_sample,200,21,1,AKT1
calibration_sample,200,21,2,AKT2
calibration_sample,200,21,3,CDK2
calibration_sample,200,21,4,CSF1R
calibration_sample,200,21,5,EGFR
calibration_sample,200,21,7,IGF1R
calibration_sample,200,21,9,KDR
calibration_sample,200,21,20,SRC
calibration_sample,200,22,1,AKT1
calibration_sample,200,22,2,AKT2
calibration_sample,200,22,3,CDK2
calibration_sample,200,22,4,CSF1R
calibration_sample,200,22,9,KDR
calibration_sample,200,22,15,MAPKAPK2
calibration_sample,200,22,18,PTK2
calibration_sample,200,22,20,SRC
calibration_sample,200,23,1,AKT1
calibration_sample,200,23,3,CDK2
calibration_sample,200,23,4,CSF1R
calibration_sample,200,23,5,EGFR
calibration_sample,200,23,8,JAK2
calibration_sample,200,23,9,KDR
calibration_sample,200,23,11,LCK
calibration_sample,200,23,13,MAPK1
calibration_sample,200,24,1,AKT1
calibration_sample,200,24,3,CDK2
calibration_sample,200,24,5,EGFR
calibration_sample,200,24,7,IGF1R
calibration_sample,200,24,9,KDR
calibration_sample,200,24,17,PLK1
calibration_sample,200,24,18,PTK2
calibration_sample,200,24,20,SRC
calibration_sample,200,25,1,AKT1
calibration_sample,200,25,3,CDK2
calibration_sample,200,25,5,EGFR
calibration_sample,200,25,8,JAK2
calibration_sample,200,25,9,KDR
calibration_sample,200,25,11,LCK
calibration_sample,200,25,14,MAPK14
calibration_sample,200,25,18,PTK2
calibration_sample,200,26,1,AKT1
calibration_sample,200,26,4,CSF1R
calibration_sample,200,26,7,IGF1R
calibration_sample,200,26,8,JAK2
calibration_sample,200,26,9,KDR
calibration_sample,200,26,11,LCK
calibration_sample,200,26,14,MAPK14
calibration_sample,200,26,17,PLK1
calibration_sample,200,27,1,AKT1
calibration_sample,200,27,3,CDK2
calibration_sample,200,27,4,CSF1R
calibration_sample,200,27,5,EGFR
calibration_sample,200,27,9,KDR
calibration_sample,200,27,11,LCK
calibration_sample,200,27,15,MAPKAPK2
calibration_sample,200,27,17,PLK1
calibration_sample,200,28,1,AKT1
calibration_sample,200,28,3,CDK2
calibration_sample,200,28,4,CSF1R
calibration_sample,200,28,5,EGFR
calibration_sample,200,28,9,KDR
calibration_sample,200,28,13,MAPK1
calibration_sample,200,28,18,PTK2
calibration_sample,200,28,20,SRC
calibration_sample,200,29,1,AKT1
calibration_sample,200,29,4,CSF1R
calibration_sample,200,29,5,EGFR
calibration_sample,200,29,7,IGF1R
calibration_sample,200,29,8,JAK2
calibration_sample,200,29,9,KDR
calibration_sample,200,29,15,MAPKAPK2
calibration_sample,200,29,20,SRC
calibration_sample,200,30,1,AKT1
calibration_sample,200,30,4,CSF1R
calibration_sample,200,30,5,EGFR
calibration_sample,200,30,8,JAK2
calibration_sample,200,30,9,KDR
calibration_sample,200,30,11,LCK
calibration_sample,200,30,14,MAPK14
calibration_sample,200,30,18,PTK2
calibration_sample,200,31,1,AKT1
calibration_sample,200,31,3,CDK2
calibration_sample,200,31,4,CSF1R
calibration_sample,200,31,5,EGFR
calibration_sample,200,31,8,JAK2
calibration_sample,200,31,9,KDR
calibration_sample,200,31,11,LCK
calibration_sample,200,31,17,PLK1
calibration_sample,200,32,1,AKT1
calibration_sample,200,32,3,CDK2
calibration_sample,200,32,5,EGFR
calibration_sample,200,32,9,KDR
calibration_sample,200,32,10,KIT
calibration_sample,200,32,13,MAPK1
calibration_sample,200,32,14,MAPK14
calibration_sample,200,32,20,SRC
calibration_sample,200,33,1,AKT1
calibration_sample,200,33,4,CSF1R
calibration_sample,200,33,5,EGFR
calibration_sample,200,33,8,JAK2
calibration_sample,200,33,9,KDR
calibration_sample,200,33,14,MAPK14
calibration_sample,200,33,18,PTK2
calibration_sample,200,33,20,SRC
calibration_sample,200,34,1,AKT1
calibration_sample,200,34,2,AKT2
calibration_sample,200,34,5,EGFR
calibration_sample,200,34,8,JAK2
calibration_sample,200,34,9,KDR
calibration_sample,200,34,11,LCK
calibration_sample,200,34,13,MAPK1
calibration_sample,200,34,15,MAPKAPK2
calibration_sample,200,35,1,AKT1
calibration_sample,200,35,4,CSF1R
calibration_sample,200,35,5,EGFR
calibration_sample,200,35,8,JAK2
calibration_sample,200,35,9,KDR
calibration_sample,200,35,11,LCK
calibration_sample,200,35,13,MAPK1
calibration_sample,200,35,15,MAPKAPK2
calibration_sample,200,36,1,AKT1
calibration_sample,200,36,2,AKT2
calibration_sample,200,36,3,CDK2
calibration_sample,200,36,5,EGFR
calibration_sample,200,36,8,JAK2
calibration_sample,200,36,9,KDR
calibration_sample,200,36,14,MAPK14
calibration_sample,200,36,20,SRC
calibration_sample,200,37,2,AKT2
calibration_sample,200,37,4,CSF1R
calibration_sample,200,37,5,EGFR
calibration_sample,200,37,9,KDR
calibration_sample,200,37,11,LCK
calibration_sample,200,37,12,MAP2K1
calibration_sample,200,37,17,PLK1
calibration_sample,200,37,18,PTK2
calibration_sample,200,38,1,AKT1
calibration_sample,200,38,2,AKT2
calibration_sample,200,38,3,CDK2
calibration_sample,200,38,4,CSF1R
calibration_sample,200,38,5,EGFR
calibration_sample,200,38,8,JAK2
calibration_sample,200,38,9,KDR
calibration_sample,200,38,11,LCK
calibration_sample,200,39,1,AKT1
calibration_sample,200,39,3,CDK2
calibration_sample,200,39,4,CSF1R
calibration_sample,200,39,5,EGFR
calibration_sample,200,39,8,JAK2
calibration_sample,200,39,9,KDR
calibration_sample,200,39,14,MAPK14
calibration_sample,200,39,20,SRC
calibration_sample,200,40,1,AKT1
calibration_sample,200,40,3,CDK2
calibration_sample,200,40,4,CSF1R
calibration_sample,200,40,5,EGFR
calibration_sample,200,40,8,JAK2
calibration_sample,200,40,9,KDR
calibration_sample,200,40,10,KIT
calibration_sample,200,40,20,SRC
calibration_sample,200,41,1,AKT1
calibration_sample,200,41,3,CDK2
calibration_sample,200,41,5,EGFR
calibration_sample,200,41,6,FGFR1
calibration_sample,200,41,7,IGF1R
calibration_sample,200,41,10,KIT
calibration_sample,200,41,11,LCK
calibration_sample,200,41,15,MAPKAPK2
calibration_sample,200,42,1,AKT1
calibration_sample,200,42,4,CSF1R
calibration_sample,200,42,5,EGFR
calibration_sample,200,42,8,JAK2
calibration_sample,200,42,9,KDR
calibration_sample,200,42,11,LCK
calibration_sample,200,42,14,MAPK14
calibration_sample,200,42,18,PTK2
calibration_sample,200,43,1,AKT1
calibration_sample,200,43,5,EGFR
calibration_sample,200,43,8,JAK2
calibration_sample,200,43,9,KDR
calibration_sample,200,43,11,LCK
calibration_sample,200,43,14,MAPK14
calibration_sample,200,43,15,MAPKAPK2
calibration_sample,200,43,18,PTK2
calibration_sample,200,44,1,AKT1
calibration_sample,200,44,2,AKT2
calibration_sample,200,44,3,CDK2
calibration_sample,200,44,4,CSF1R
calibration_sample,200,44,5,EGFR
calibration_sample,200,44,9,KDR
calibration_sample,200,44,11,LCK
calibration_sample,200,44,13,MAPK1
calibration_sample,200,45,1,AKT1
calibration_sample,200,45,3,CDK2
calibration_sample,200,45,4,CSF1R
calibration_sample,200,45,5,EGFR
calibration_sample,200,45,6,FGFR1
calibration_sample,200,45,8,JAK2
calibration_sample,200,45,11,LCK
calibration_sample,200,45,14,MAPK14
calibration_sample,200,46,1,AKT1
calibration_sample,200,46,3,CDK2
calibration_sample,200,46,5,EGFR
calibration_sample,200,46,9,KDR
calibration_sample,200,46,11,LCK
calibration_sample,200,46,13,MAPK1
calibration_sample,200,46,14,MAPK14
calibration_sample,200,46,15,MAPKAPK2
calibration_sample,200,47,1,AKT1
calibration_sample,200,47,2,AKT2
calibration_sample,200,47,4,CSF1R
calibration_sample,200,47,5,EGFR
calibration_sample,200,47,8,JAK2
calibration_sample,200,47,9,KDR
calibration_sample,200,47,11,LCK
calibration_sample,200,47,15,MAPKAPK2
calibration_sample,200,48,1,AKT1
calibration_sample,200,48,2,AKT2
calibration_sample,200,48,4,CSF1R
calibration_sample,200,48,5,EGFR
calibration_sample,200,48,8,JAK2
calibration_sample,200,48,9,KDR
calibration_sample,200,48,15,MAPKAPK2
calibration_sample,200,48,20,SRC
calibration_sample,200,49,1,AKT1
calibration_sample,200,49,3,CDK2
calibration_sample,200,49,4,CSF1R
calibration_sample,200,49,6,FGFR1
calibration_sample,200,49,8,JAK2
calibration_sample,200,49,11,LCK
calibration_sample,200,49,16,MET
calibration_sample,200,49,18,PTK2
calibration_sample,200,50,1,AKT1
calibration_sample,200,50,4,CSF1R
calibration_sample,200,50,5,EGFR
calibration_sample,200,50,8,JAK2
calibration_sample,200,50,9,KDR
calibration_sample,200,50,11,LCK
calibration_sample,200,50,15,MAPKAPK2
calibration_sample,200,50,18,PTK2
calibration_sample,200,51,1,AKT1
calibration_sample,200,51,3,CDK2
calibration_sample,200,51,4,CSF1R
calibration_sample,200,51,5,EGFR
calibration_sample,200,51,6,FGFR1
calibration_sample,200,51,8,JAK2
calibration_sample,200,51,9,KDR
calibration_sample,200,51,11,LCK
calibration_sample,200,52,1,AKT1
calibration_sample,200,52,4,CSF1R
calibration_sample,200,52,5,EGFR
calibration_sample,200,52,7,IGF1R
calibration_sample,200,52,8,JAK2
calibration_sample,200,52,9,KDR
calibration_sample,200,52,13,MAPK1
calibration_sample,200,52,20,SRC
calibration_sample,200,53,4,CSF1R
calibration_sample,200,53,5,EGFR
calibration_sample,200,53,8,JAK2
calibration_sample,200,53,9,KDR
calibration_sample,200,53,11,LCK
calibration_sample,200,53,14,MAPK14
calibration_sample,200,53,15,MAPKAPK2
calibration_sample,200,53,19,ROCK1
calibration_sample,200,54,1,AKT1
calibration_sample,200,54,4,CSF1R
calibration_sample,200,54,5,EGFR
calibration_sample,200,54,8,JAK2
calibration_sample,200,54,9,KDR
calibration_sample,200,54,13,MAPK1
calibration_sample,200,54,14,MAPK14
calibration_sample,200,54,20,SRC
calibration_sample,200,55,1,AKT1
calibration_sample,200,55,2,AKT2
calibration_sample,200,55,4,CSF1R
calibration_sample,200,55,6,FGFR1
calibration_sample,200,55,8,JAK2
calibration_sample,200,55,9,KDR
calibration_sample,200,55,15,MAPKAPK2
calibration_sample,200,55,20,SRC
calibration_sample,200,56,4,CSF1R
calibration_sample,200,56,5,EGFR
calibration_sample,200,56,7,IGF1R
calibration_sample,200,56,9,KDR
calibration_sample,200,56,14,MAPK14
calibration_sample,200,56,15,MAPKAPK2
calibration_sample,200,56,19,ROCK1
calibration_sample,200,56,20,SRC
calibration_sample,200,57,1,AKT1
calibration_sample,200,57,3,CDK2
calibration_sample,200,57,4,CSF1R
calibration_sample,200,57,9,KDR
calibration_sample,200,57,10,KIT
calibration_sample,200,57,11,LCK
calibration_sample,200,57,14,MAPK14
calibration_sample,200,57,18,PTK2
calibration_sample,200,58,1,AKT1
calibration_sample,200,58,4,CSF1R
calibration_sample,200,58,5,EGFR
calibration_sample,200,58,8,JAK2
calibration_sample,200,58,9,KDR
calibration_sample,200,58,11,LCK
calibration_sample,200,58,13,MAPK1
calibration_sample,200,58,18,PTK2
calibration_sample,200,59,1,AKT1
calibration_sample,200,59,4,CSF1R
calibration_sample,200,59,5,EGFR
calibration_sample,200,59,7,IGF1R
calibration_sample,200,59,8,JAK2
calibration_sample,200,59,9,KDR
calibration_sample,200,59,11,LCK
calibration_sample,200,59,15,MAPKAPK2
calibration_sample,200,60,1,AKT1
calibration_sample,200,60,3,CDK2
calibration_sample,200,60,4,CSF1R
calibration_sample,200,60,5,EGFR
calibration_sample,200,60,8,JAK2
calibration_sample,200,60,9,KDR
calibration_sample,200,60,10,KIT
calibration_sample,200,60,11,LCK
calibration_sample,200,61,1,AKT1
calibration_sample,200,61,4,CSF1R
calibration_sample,200,61,5,EGFR
calibration_sample,200,61,7,IGF1R
calibration_sample,200,61,9,KDR
calibration_sample,200,61,15,MAPKAPK2
calibration_sample,200,61,18,PTK2
calibration_sample,200,61,20,SRC
calibration_sample,200,62,1,AKT1
calibration_sample,200,62,3,CDK2
calibration_sample,200,62,4,CSF1R
calibration_sample,200,62,8,JAK2
calibration_sample,200,62,9,KDR
calibration_sample,200,62,10,KIT
calibration_sample,200,62,18,PTK2
calibration_sample,200,62,20,SRC
calibration_sample,200,63,4,CSF1R
calibration_sample,200,63,5,EGFR
calibration_sample,200,63,7,IGF1R
calibration_sample,200,63,9,KDR
calibration_sample,200,63,13,MAPK1
calibration_sample,200,63,15,MAPKAPK2
calibration_sample,200,63,19,ROCK1
calibration_sample,200,63,20,SRC
calibration_sample,200,64,1,AKT1
calibration_sample,200,64,3,CDK2
calibration_sample,200,64,4,CSF1R
calibration_sample,200,64,5,EGFR
calibration_sample,200,64,7,IGF1R
calibration_sample,200,64,8,JAK2
calibration_sample,200,64,9,KDR
calibration_sample,200,64,11,LCK
calibration_sample,200,65,1,AKT1
calibration_sample,200,65,2,AKT2
calibration_sample,200,65,3,CDK2
calibration_sample,200,65,4,CSF1R
calibration_sample,200,65,5,EGFR
calibration_sample,200,65,6,FGFR1
calibration_sample,200,65,7,IGF1R
calibration_sample,200,65,20,SRC
calibration_sample,200,66,1,AKT1
calibration_sample,200,66,3,CDK2
calibration_sample,200,66,4,CSF1R
calibration_sample,200,66,5,EGFR
calibration_sample,200,66,9,KDR
calibration_sample,200,66,11,LCK
calibration_sample,200,66,13,MAPK1
calibration_sample,200,66,15,MAPKAPK2
calibration_sample,200,67,1,AKT1
calibration_sample,200,67,3,CDK2
calibration_sample,200,67,5,EGFR
calibration_sample,200,67,7,IGF1R
calibration_sample,200,67,9,KDR
calibration_sample,200,67,11,LCK
calibration_sample,200,67,17,PLK1
calibration_sample,200,67,18,PTK2
calibration_sample,200,68,1,AKT1
calibration_sample,200,68,2,AKT2
calibration_sample,200,68,4,CSF1R
calibration_sample,200,68,5,EGFR
calibration_sample,200,68,7,IGF1R
calibration_sample,200,68,9,KDR
calibration_sample,200,68,18,PTK2
calibration_sample,200,68,20,SRC
calibration_sample,200,69,1,AKT1
calibration_sample,200,69,4,CSF1R
calibration_sample,200,69,5,EGFR
calibration_sample,200,69,8,JAK2
calibration_sample,200,69,9,KDR
calibration_sample,200,69,11,LCK
calibration_sample,200,69,15,MAPKAPK2
calibration_sample,200,69,18,PTK2
calibration_sample,200,70,1,AKT1
calibration_sample,200,70,4,CSF1R
calibration_sample,200,70,5,EGFR
calibration_sample,200,70,8,JAK2
calibration_sample,200,70,9,KDR
calibration_sample,200,70,11,LCK
calibration_sample,200,70,15,MAPKAPK2
calibration_sample,200,70,18,PTK2
calibration_sample,200,71,1,AKT1
calibration_sample,200,71,3,CDK2
calibration_sample,200,71,4,CSF1R
calibration_sample,200,71,5,EGFR
calibration_sample,200,71,7,IGF1R
calibration_sample,200,71,9,KDR
calibration_sample,200,71,11,LCK
calibration_sample,200,71,15,MAPKAPK2
calibration_sample,200,72,1,AKT1
calibration_sample,200,72,3,CDK2
calibration_sample,200,72,4,CSF1R
calibration_sample,200,72,5,EGFR
calibration_sample,200,72,7,IGF1R
calibration_sample,200,72,9,KDR
calibration_sample,200,72,13,MAPK1
calibration_sample,200,72,20,SRC
calibration_sample,200,73,1,AKT1
calibration_sample,200,73,3,CDK2
calibration_sample,200,73,5,EGFR
calibration_sample,200,73,7,IGF1R
calibration_sample,200,73,9,KDR
calibration_sample,200,73,11,LCK
calibration_sample,200,73,17,PLK1
calibration_sample,200,73,18,PTK2
calibration_sample,200,74,3,CDK2
calibration_sample,200,74,4,CSF1R
calibration_sample,200,74,5,EGFR
calibration_sample,200,74,9,KDR
calibration_sample,200,74,12,MAP2K1
calibration_sample,200,74,14,MAPK14
calibration_sample,200,74,18,PTK2
calibration_sample,200,74,20,SRC
calibration_sample,200,75,1,AKT1
calibration_sample,200,75,4,CSF1R
calibration_sample,200,75,5,EGFR
calibration_sample,200,75,7,IGF1R
calibration_sample,200,75,8,JAK2
calibration_sample,200,75,9,KDR
calibration_sample,200,75,11,LCK
calibration_sample,200,75,15,MAPKAPK2
calibration_sample,200,76,3,CDK2
calibration_sample,200,76,4,CSF1R
calibration_sample,200,76,5,EGFR
calibration_sample,200,76,7,IGF1R
calibration_sample,200,76,9,KDR
calibration_sample,200,76,18,PTK2
calibration_sample,200,76,19,ROCK1
calibration_sample,200,76,20,SRC
calibration_sample,200,77,1,AKT1
calibration_sample,200,77,4,CSF1R
calibration_sample,200,77,5,EGFR
calibration_sample,200,77,9,KDR
calibration_sample,200,77,15,MAPKAPK2
calibration_sample,200,77,17,PLK1
calibration_sample,200,77,18,PTK2
calibration_sample,200,77,20,SRC
calibration_sample,200,78,1,AKT1
calibration_sample,200,78,2,AKT2
calibration_sample,200,78,3,CDK2
calibration_sample,200,78,4,CSF1R
calibration_sample,200,78,5,EGFR
calibration_sample,200,78,6,FGFR1
calibration_sample,200,78,7,IGF1R
calibration_sample,200,78,20,SRC
calibration_sample,200,79,4,CSF1R
calibration_sample,200,79,5,EGFR
calibration_sample,200,79,8,JAK2
calibration_sample,200,79,9,KDR
calibration_sample,200,79,11,LCK
calibration_sample,200,79,15,MAPKAPK2
calibration_sample,200,79,18,PTK2
calibration_sample,200,79,19,ROCK1
calibration_sample,200,80,4,CSF1R
calibration_sample,200,80,5,EGFR
calibration_sample,200,80,8,JAK2
calibration_sample,200,80,9,KDR
calibration_sample,200,80,11,LCK
calibration_sample,200,80,15,MAPKAPK2
calibration_sample,200,80,18,PTK2
calibration_sample,200,80,19,ROCK1
calibration_sample,200,81,4,CSF1R
calibration_sample,200,81,5,EGFR
calibration_sample,200,81,7,IGF1R
calibration_sample,200,81,8,JAK2
calibration_sample,200,81,9,KDR
calibration_sample,200,81,11,LCK
calibration_sample,200,81,15,MAPKAPK2
calibration_sample,200,81,19,ROCK1
calibration_sample,200,82,1,AKT1
calibration_sample,200,82,3,CDK2
calibration_sample,200,82,4,CSF1R
calibration_sample,200,82,5,EGFR
calibration_sample,200,82,9,KDR
calibration_sample,200,82,11,LCK
calibration_sample,200,82,13,MAPK1
calibration_sample,200,82,14,MAPK14
calibration_sample,200,83,1,AKT1
calibration_sample,200,83,5,EGFR
calibration_sample,200,83,7,IGF1R
calibration_sample,200,83,8,JAK2
calibration_sample,200,83,9,KDR
calibration_sample,200,83,11,LCK
calibration_sample,200,83,15,MAPKAPK2
calibration_sample,200,83,18,PTK2
calibration_sample,200,84,1,AKT1
calibration_sample,200,84,3,CDK2
calibration_sample,200,84,5,EGFR
calibration_sample,200,84,8,JAK2
calibration_sample,200,84,9,KDR
calibration_sample,200,84,11,LCK
calibration_sample,200,84,15,MAPKAPK2
calibration_sample,200,84,18,PTK2
calibration_sample,200,85,1,AKT1
calibration_sample,200,85,4,CSF1R
calibration_sample,200,85,5,EGFR
calibration_sample,200,85,8,JAK2
calibration_sample,200,85,9,KDR
calibration_sample,200,85,11,LCK
calibration_sample,200,85,14,MAPK14
calibration_sample,200,85,18,PTK2
calibration_sample,200,86,1,AKT1
calibration_sample,200,86,3,CDK2
calibration_sample,200,86,4,CSF1R
calibration_sample,200,86,5,EGFR
calibration_sample,200,86,7,IGF1R
calibration_sample,200,86,9,KDR
calibration_sample,200,86,11,LCK
calibration_sample,200,86,13,MAPK1
calibration_sample,200,87,1,AKT1
calibration_sample,200,87,2,AKT2
calibration_sample,200,87,5,EGFR
calibration_sample,200,87,6,FGFR1
calibration_sample,200,87,7,IGF1R
calibration_sample,200,87,11,LCK
calibration_sample,200,87,15,MAPKAPK2
calibration_sample,200,87,18,PTK2
calibration_sample,200,88,1,AKT1
calibration_sample,200,88,4,CSF1R
calibration_sample,200,88,5,EGFR
calibration_sample,200,88,6,FGFR1
calibration_sample,200,88,7,IGF1R
calibration_sample,200,88,8,JAK2
calibration_sample,200,88,9,KDR
calibration_sample,200,88,11,LCK
calibration_sample,200,89,1,AKT1
calibration_sample,200,89,2,AKT2
calibration_sample,200,89,4,CSF1R
calibration_sample,200,89,5,EGFR
calibration_sample,200,89,8,JAK2
calibration_sample,200,89,9,KDR
calibration_sample,200,89,11,LCK
calibration_sample,200,89,13,MAPK1
calibration_sample,200,90,1,AKT1
calibration_sample,200,90,4,CSF1R
calibration_sample,200,90,5,EGFR
calibration_sample,200,90,6,FGFR1
calibration_sample,200,90,8,JAK2
calibration_sample,200,90,9,KDR
calibration_sample,200,90,15,MAPKAPK2
calibration_sample,200,90,20,SRC
calibration_sample,200,91,1,AKT1
calibration_sample,200,91,3,CDK2
calibration_sample,200,91,5,EGFR
calibration_sample,200,91,7,IGF1R
calibration_sample,200,91,9,KDR
calibration_sample,200,91,13,MAPK1
calibration_sample,200,91,15,MAPKAPK2
calibration_sample,200,91,20,SRC
calibration_sample,200,92,4,CSF1R
calibration_sample,200,92,5,EGFR
calibration_sample,200,92,7,IGF1R
calibration_sample,200,92,9,KDR
calibration_sample,200,92,10,KIT
calibration_sample,200,92,13,MAPK1
calibration_sample,200,92,19,ROCK1
calibration_sample,200,92,20,SRC
calibration_sample,200,93,2,AKT2
calibration_sample,200,93,4,CSF1R
calibration_sample,200,93,7,IGF1R
calibration_sample,200,93,9,KDR
calibration_sample,200,93,11,LCK
calibration_sample,200,93,12,MAP2K1
calibration_sample,200,93,17,PLK1
calibration_sample,200,93,18,PTK2
calibration_sample,200,94,1,AKT1
calibration_sample,200,94,3,CDK2
calibration_sample,200,94,4,CSF1R
calibration_sample,200,94,5,EGFR
calibration_sample,200,94,9,KDR
calibration_sample,200,94,11,LCK
calibration_sample,200,94,14,MAPK14
calibration_sample,200,94,18,PTK2
calibration_sample,200,95,1,AKT1
calibration_sample,200,95,2,AKT2
calibration_sample,200,95,3,CDK2
calibration_sample,200,95,4,CSF1R
calibration_sample,200,95,5,EGFR
calibration_sample,200,95,9,KDR
calibration_sample,200,95,11,LCK
calibration_sample,200,95,15,MAPKAPK2
calibration_sample,200,96,3,CDK2
calibration_sample,200,96,4,CSF1R
calibration_sample,200,96,5,EGFR
calibration_sample,200,96,7,IGF1R
calibration_sample,200,96,9,KDR
calibration_sample,200,96,14,MAPK14
calibration_sample,200,96,19,ROCK1
calibration_sample,200,96,20,SRC
calibration_sample,200,97,1,AKT1
calibration_sample,200,97,4,CSF1R
calibration_sample,200,97,5,EGFR
calibration_sample,200,97,7,IGF1R
calibration_sample,200,97,9,KDR
calibration_sample,200,97,11,LCK
calibration_sample,200,97,15,MAPKAPK2
calibration_sample,200,97,18,PTK2
calibration_sample,200,98,1,AKT1
calibration_sample,200,98,2,AKT2
calibration_sample,200,98,4,CSF1R
calibration_sample,200,98,5,EGFR
calibration_sample,200,98,8,JAK2
calibration_sample,200,98,9,KDR
calibration_sample,200,98,14,MAPK14
calibration_sample,200,98,20,SRC
calibration_sample,200,99,1,AKT1
calibration_sample,200,99,2,AKT2
calibration_sample,200,99,3,CDK2
calibration_sample,200,99,4,CSF1R
calibration_sample,200,99,5,EGFR
calibration_sample,200,99,7,IGF1R
calibration_sample,200,99,9,KDR
calibration_sample,200,99,11,LCK
calibration_sample,500,0,1,AKT1
calibration_sample,500,0,2,AKT2
calibration_sample,500,0,3,CDK2
calibration_sample,500,0,5,EGFR
calibration_sample,500,0,8,JAK2
calibration_sample,500,0,9,KDR
calibration_sample,500,0,11,LCK
calibration_sample,500,0,14,MAPK14
calibration_sample,500,1,1,AKT1
calibration_sample,500,1,2,AKT2
calibration_sample,500,1,4,CSF1R
calibration_sample,500,1,5,EGFR
calibration_sample,500,1,6,FGFR1
calibration_sample,500,1,13,MAPK1
calibration_sample,500,1,15,MAPKAPK2
calibration_sample,500,1,20,SRC
calibration_sample,500,2,1,AKT1
calibration_sample,500,2,2,AKT2
calibration_sample,500,2,3,CDK2
calibration_sample,500,2,4,CSF1R
calibration_sample,500,2,5,EGFR
calibration_sample,500,2,7,IGF1R
calibration_sample,500,2,9,KDR
calibration_sample,500,2,20,SRC
calibration_sample,500,3,1,AKT1
calibration_sample,500,3,2,AKT2
calibration_sample,500,3,3,CDK2
calibration_sample,500,3,4,CSF1R
calibration_sample,500,3,5,EGFR
calibration_sample,500,3,9,KDR
calibration_sample,500,3,15,MAPKAPK2
calibration_sample,500,3,20,SRC
calibration_sample,500,4,1,AKT1
calibration_sample,500,4,3,CDK2
calibration_sample,500,4,4,CSF1R
calibration_sample,500,4,5,EGFR
calibration_sample,500,4,9,KDR
calibration_sample,500,4,13,MAPK1
calibration_sample,500,4,18,PTK2
calibration_sample,500,4,20,SRC
calibration_sample,500,5,1,AKT1
calibration_sample,500,5,2,AKT2
calibration_sample,500,5,4,CSF1R
calibration_sample,500,5,5,EGFR
calibration_sample,500,5,8,JAK2
calibration_sample,500,5,9,KDR
calibration_sample,500,5,11,LCK
calibration_sample,500,5,15,MAPKAPK2
calibration_sample,500,6,1,AKT1
calibration_sample,500,6,3,CDK2
calibration_sample,500,6,4,CSF1R
calibration_sample,500,6,5,EGFR
calibration_sample,500,6,7,IGF1R
calibration_sample,500,6,9,KDR
calibration_sample,500,6,15,MAPKAPK2
calibration_sample,500,6,20,SRC
calibration_sample,500,7,1,AKT1
calibration_sample,500,7,2,AKT2
calibration_sample,500,7,3,CDK2
calibration_sample,500,7,4,CSF1R
calibration_sample,500,7,5,EGFR
calibration_sample,500,7,7,IGF1R
calibration_sample,500,7,9,KDR
calibration_sample,500,7,11,LCK
calibration_sample,500,8,1,AKT1
calibration_sample,500,8,4,CSF1R
calibration_sample,500,8,5,EGFR
calibration_sample,500,8,8,JAK2
calibration_sample,500,8,9,KDR
calibration_sample,500,8,11,LCK
calibration_sample,500,8,14,MAPK14
calibration_sample,500,8,18,PTK2
calibration_sample,500,9,1,AKT1
calibration_sample,500,9,4,CSF1R
calibration_sample,500,9,5,EGFR
calibration_sample,500,9,7,IGF1R
calibration_sample,500,9,8,JAK2
calibration_sample,500,9,9,KDR
calibration_sample,500,9,18,PTK2
calibration_sample,500,9,20,SRC
calibration_sample,500,10,1,AKT1
calibration_sample,500,10,4,CSF1R
calibration_sample,500,10,5,EGFR
calibration_sample,500,10,7,IGF1R
calibration_sample,500,10,8,JAK2
calibration_sample,500,10,9,KDR
calibration_sample,500,10,11,LCK
calibration_sample,500,10,15,MAPKAPK2
calibration_sample,500,11,1,AKT1
calibration_sample,500,11,3,CDK2
calibration_sample,500,11,5,EGFR
calibration_sample,500,11,7,IGF1R
calibration_sample,500,11,8,JAK2
calibration_sample,500,11,9,KDR
calibration_sample,500,11,14,MAPK14
calibration_sample,500,11,20,SRC
calibration_sample,500,12,1,AKT1
calibration_sample,500,12,3,CDK2
calibration_sample,500,12,4,CSF1R
calibration_sample,500,12,5,EGFR
calibration_sample,500,12,7,IGF1R
calibration_sample,500,12,9,KDR
calibration_sample,500,12,17,PLK1
calibration_sample,500,12,20,SRC
calibration_sample,500,13,2,AKT2
calibration_sample,500,13,3,CDK2
calibration_sample,500,13,4,CSF1R
calibration_sample,500,13,5,EGFR
calibration_sample,500,13,8,JAK2
calibration_sample,500,13,9,KDR
calibration_sample,500,13,12,MAP2K1
calibration_sample,500,13,20,SRC
calibration_sample,500,14,1,AKT1
calibration_sample,500,14,5,EGFR
calibration_sample,500,14,8,JAK2
calibration_sample,500,14,9,KDR
calibration_sample,500,14,14,MAPK14
calibration_sample,500,14,15,MAPKAPK2
calibration_sample,500,14,18,PTK2
calibration_sample,500,14,20,SRC
calibration_sample,500,15,1,AKT1
calibration_sample,500,15,3,CDK2
calibration_sample,500,15,5,EGFR
calibration_sample,500,15,8,JAK2
calibration_sample,500,15,9,KDR
calibration_sample,500,15,14,MAPK14
calibration_sample,500,15,15,MAPKAPK2
calibration_sample,500,15,20,SRC
calibration_sample,500,16,1,AKT1
calibration_sample,500,16,2,AKT2
calibration_sample,500,16,4,CSF1R
calibration_sample,500,16,5,EGFR
calibration_sample,500,16,6,FGFR1
calibration_sample,500,16,15,MAPKAPK2
calibration_sample,500,16,18,PTK2
calibration_sample,500,16,20,SRC
calibration_sample,500,17,1,AKT1
calibration_sample,500,17,4,CSF1R
calibration_sample,500,17,5,EGFR
calibration_sample,500,17,8,JAK2
calibration_sample,500,17,9,KDR
calibration_sample,500,17,10,KIT
calibration_sample,500,17,11,LCK
calibration_sample,500,17,13,MAPK1
calibration_sample,500,18,1,AKT1
calibration_sample,500,18,2,AKT2
calibration_sample,500,18,4,CSF1R
calibration_sample,500,18,5,EGFR
calibration_sample,500,18,8,JAK2
calibration_sample,500,18,9,KDR
calibration_sample,500,18,13,MAPK1
calibration_sample,500,18,20,SRC
calibration_sample,500,19,1,AKT1
calibration_sample,500,19,3,CDK2
calibration_sample,500,19,4,CSF1R
calibration_sample,500,19,5,EGFR
calibration_sample,500,19,9,KDR
calibration_sample,500,19,13,MAPK1
calibration_sample,500,19,14,MAPK14
calibration_sample,500,19,20,SRC
calibration_sample,500,20,1,AKT1
calibration_sample,500,20,3,CDK2
calibration_sample,500,20,4,CSF1R
calibration_sample,500,20,5,EGFR
calibration_sample,500,20,8,JAK2
calibration_sample,500,20,9,KDR
calibration_sample,500,20,11,LCK
calibration_sample,500,20,15,MAPKAPK2
calibration_sample,500,21,1,AKT1
calibration_sample,500,21,4,CSF1R
calibration_sample,500,21,5,EGFR
calibration_sample,500,21,8,JAK2
calibration_sample,500,21,9,KDR
calibration_sample,500,21,11,LCK
calibration_sample,500,21,13,MAPK1
calibration_sample,500,21,18,PTK2
calibration_sample,500,22,1,AKT1
calibration_sample,500,22,4,CSF1R
calibration_sample,500,22,5,EGFR
calibration_sample,500,22,8,JAK2
calibration_sample,500,22,9,KDR
calibration_sample,500,22,15,MAPKAPK2
calibration_sample,500,22,18,PTK2
calibration_sample,500,22,20,SRC
calibration_sample,500,23,1,AKT1
calibration_sample,500,23,4,CSF1R
calibration_sample,500,23,5,EGFR
calibration_sample,500,23,8,JAK2
calibration_sample,500,23,9,KDR
calibration_sample,500,23,13,MAPK1
calibration_sample,500,23,15,MAPKAPK2
calibration_sample,500,23,20,SRC
calibration_sample,500,24,1,AKT1
calibration_sample,500,24,3,CDK2
calibration_sample,500,24,4,CSF1R
calibration_sample,500,24,5,EGFR
calibration_sample,500,24,7,IGF1R
calibration_sample,500,24,9,KDR
calibration_sample,500,24,11,LCK
calibration_sample,500,24,17,PLK1
calibration_sample,500,25,1,AKT1
calibration_sample,500,25,4,CSF1R
calibration_sample,500,25,5,EGFR
calibration_sample,500,25,7,IGF1R
calibration_sample,500,25,9,KDR
calibration_sample,500,25,15,MAPKAPK2
calibration_sample,500,25,18,PTK2
calibration_sample,500,25,20,SRC
calibration_sample,500,26,1,AKT1
calibration_sample,500,26,2,AKT2
calibration_sample,500,26,3,CDK2
calibration_sample,500,26,4,CSF1R
calibration_sample,500,26,5,EGFR
calibration_sample,500,26,7,IGF1R
calibration_sample,500,26,9,KDR
calibration_sample,500,26,20,SRC
calibration_sample,500,27,1,AKT1
calibration_sample,500,27,3,CDK2
calibration_sample,500,27,5,EGFR
calibration_sample,500,27,8,JAK2
calibration_sample,500,27,9,KDR
calibration_sample,500,27,11,LCK
calibration_sample,500,27,17,PLK1
calibration_sample,500,27,18,PTK2
calibration_sample,500,28,1,AKT1
calibration_sample,500,28,3,CDK2
calibration_sample,500,28,4,CSF1R
calibration_sample,500,28,5,EGFR
calibration_sample,500,28,7,IGF1R
calibration_sample,500,28,9,KDR
calibration_sample,500,28,15,MAPKAPK2
calibration_sample,500,28,20,SRC
calibration_sample,500,29,1,AKT1
calibration_sample,500,29,2,AKT2
calibration_sample,500,29,3,CDK2
calibration_sample,500,29,4,CSF1R
calibration_sample,500,29,5,EGFR
calibration_sample,500,29,7,IGF1R
calibration_sample,500,29,9,KDR
calibration_sample,500,29,20,SRC
calibration_sample,500,30,1,AKT1
calibration_sample,500,30,3,CDK2
calibration_sample,500,30,4,CSF1R
calibration_sample,500,30,5,EGFR
calibration_sample,500,30,7,IGF1R
calibration_sample,500,30,9,KDR
calibration_sample,500,30,13,MAPK1
calibration_sample,500,30,20,SRC
calibration_sample,500,31,1,AKT1
calibration_sample,500,31,2,AKT2
calibration_sample,500,31,3,CDK2
calibration_sample,500,31,5,EGFR
calibration_sample,500,31,8,JAK2
calibration_sample,500,31,9,KDR
calibration_sample,500,31,11,LCK
calibration_sample,500,31,18,PTK2
calibration_sample,500,32,1,AKT1
calibration_sample,500,32,4,CSF1R
calibration_sample,500,32,5,EGFR
calibration_sample,500,32,8,JAK2
calibration_sample,500,32,9,KDR
calibration_sample,500,32,11,LCK
calibration_sample,500,32,15,MAPKAPK2
calibration_sample,500,32,18,PTK2
calibration_sample,500,33,1,AKT1
calibration_sample,500,33,4,CSF1R
calibration_sample,500,33,5,EGFR
calibration_sample,500,33,8,JAK2
calibration_sample,500,33,9,KDR
calibration_sample,500,33,15,MAPKAPK2
calibration_sample,500,33,18,PTK2
calibration_sample,500,33,20,SRC
calibration_sample,500,34,1,AKT1
calibration_sample,500,34,2,AKT2
calibration_sample,500,34,3,CDK2
calibration_sample,500,34,4,CSF1R
calibration_sample,500,34,5,EGFR
calibration_sample,500,34,7,IGF1R
calibration_sample,500,34,9,KDR
calibration_sample,500,34,11,LCK
calibration_sample,500,35,1,AKT1
calibration_sample,500,35,4,CSF1R
calibration_sample,500,35,5,EGFR
calibration_sample,500,35,8,JAK2
calibration_sample,500,35,9,KDR
calibration_sample,500,35,11,LCK
calibration_sample,500,35,15,MAPKAPK2
calibration_sample,500,35,18,PTK2
calibration_sample,500,36,1,AKT1
calibration_sample,500,36,3,CDK2
calibration_sample,500,36,4,CSF1R
calibration_sample,500,36,5,EGFR
calibration_sample,500,36,7,IGF1R
calibration_sample,500,36,8,JAK2
calibration_sample,500,36,9,KDR
calibration_sample,500,36,11,LCK
calibration_sample,500,37,1,AKT1
calibration_sample,500,37,4,CSF1R
calibration_sample,500,37,5,EGFR
calibration_sample,500,37,8,JAK2
calibration_sample,500,37,9,KDR
calibration_sample,500,37,11,LCK
calibration_sample,500,37,15,MAPKAPK2
calibration_sample,500,37,18,PTK2
calibration_sample,500,38,1,AKT1
calibration_sample,500,38,2,AKT2
calibration_sample,500,38,4,CSF1R
calibration_sample,500,38,5,EGFR
calibration_sample,500,38,9,KDR
calibration_sample,500,38,13,MAPK1
calibration_sample,500,38,15,MAPKAPK2
calibration_sample,500,38,20,SRC
calibration_sample,500,39,1,AKT1
calibration_sample,500,39,3,CDK2
calibration_sample,500,39,4,CSF1R
calibration_sample,500,39,5,EGFR
calibration_sample,500,39,7,IGF1R
calibration_sample,500,39,9,KDR
calibration_sample,500,39,11,LCK
calibration_sample,500,39,13,MAPK1
calibration_sample,500,40,1,AKT1
calibration_sample,500,40,4,CSF1R
calibration_sample,500,40,5,EGFR
calibration_sample,500,40,8,JAK2
calibration_sample,500,40,9,KDR
calibration_sample,500,40,11,LCK
calibration_sample,500,40,15,MAPKAPK2
calibration_sample,500,40,18,PTK2
calibration_sample,500,41,1,AKT1
calibration_sample,500,41,4,CSF1R
calibration_sample,500,41,5,EGFR
calibration_sample,500,41,8,JAK2
calibration_sample,500,41,9,KDR
calibration_sample,500,41,11,LCK
calibration_sample,500,41,15,MAPKAPK2
calibration_sample,500,41,18,PTK2
calibration_sample,500,42,1,AKT1
calibration_sample,500,42,3,CDK2
calibration_sample,500,42,4,CSF1R
calibration_sample,500,42,5,EGFR
calibration_sample,500,42,7,IGF1R
calibration_sample,500,42,9,KDR
calibration_sample,500,42,11,LCK
calibration_sample,500,42,17,PLK1
calibration_sample,500,43,1,AKT1
calibration_sample,500,43,4,CSF1R
calibration_sample,500,43,5,EGFR
calibration_sample,500,43,6,FGFR1
calibration_sample,500,43,7,IGF1R
calibration_sample,500,43,15,MAPKAPK2
calibration_sample,500,43,18,PTK2
calibration_sample,500,43,20,SRC
calibration_sample,500,44,1,AKT1
calibration_sample,500,44,2,AKT2
calibration_sample,500,44,4,CSF1R
calibration_sample,500,44,5,EGFR
calibration_sample,500,44,7,IGF1R
calibration_sample,500,44,9,KDR
calibration_sample,500,44,15,MAPKAPK2
calibration_sample,500,44,20,SRC
calibration_sample,500,45,1,AKT1
calibration_sample,500,45,3,CDK2
calibration_sample,500,45,4,CSF1R
calibration_sample,500,45,5,EGFR
calibration_sample,500,45,9,KDR
calibration_sample,500,45,13,MAPK1
calibration_sample,500,45,18,PTK2
calibration_sample,500,45,20,SRC
calibration_sample,500,46,1,AKT1
calibration_sample,500,46,3,CDK2
calibration_sample,500,46,5,EGFR
calibration_sample,500,46,9,KDR
calibration_sample,500,46,10,KIT
calibration_sample,500,46,11,LCK
calibration_sample,500,46,14,MAPK14
calibration_sample,500,46,18,PTK2
calibration_sample,500,47,1,AKT1
calibration_sample,500,47,4,CSF1R
calibration_sample,500,47,5,EGFR
calibration_sample,500,47,8,JAK2
calibration_sample,500,47,9,KDR
calibration_sample,500,47,11,LCK
calibration_sample,500,47,15,MAPKAPK2
calibration_sample,500,47,18,PTK2
calibration_sample,500,48,1,AKT1
calibration_sample,500,48,3,CDK2
calibration_sample,500,48,4,CSF1R
calibration_sample,500,48,5,EGFR
calibration_sample,500,48,8,JAK2
calibration_sample,500,48,9,KDR
calibration_sample,500,48,11,LCK
calibration_sample,500,48,18,PTK2
calibration_sample,500,49,1,AKT1
calibration_sample,500,49,4,CSF1R
calibration_sample,500,49,5,EGFR
calibration_sample,500,49,8,JAK2
calibration_sample,500,49,9,KDR
calibration_sample,500,49,11,LCK
calibration_sample,500,49,13,MAPK1
calibration_sample,500,49,15,MAPKAPK2
calibration_sample,500,50,1,AKT1
calibration_sample,500,50,4,CSF1R
calibration_sample,500,50,5,EGFR
calibration_sample,500,50,7,IGF1R
calibration_sample,500,50,8,JAK2
calibration_sample,500,50,9,KDR
calibration_sample,500,50,11,LCK
calibration_sample,500,50,18,PTK2
calibration_sample,500,51,1,AKT1
calibration_sample,500,51,3,CDK2
calibration_sample,500,51,4,CSF1R
calibration_sample,500,51,5,EGFR
calibration_sample,500,51,8,JAK2
calibration_sample,500,51,9,KDR
calibration_sample,500,51,11,LCK
calibration_sample,500,51,15,MAPKAPK2
calibration_sample,500,52,1,AKT1
calibration_sample,500,52,2,AKT2
calibration_sample,500,52,4,CSF1R
calibration_sample,500,52,5,EGFR
calibration_sample,500,52,6,FGFR1
calibration_sample,500,52,8,JAK2
calibration_sample,500,52,11,LCK
calibration_sample,500,52,15,MAPKAPK2
calibration_sample,500,53,1,AKT1
calibration_sample,500,53,3,CDK2
calibration_sample,500,53,4,CSF1R
calibration_sample,500,53,5,EGFR
calibration_sample,500,53,7,IGF1R
calibration_sample,500,53,9,KDR
calibration_sample,500,53,14,MAPK14
calibration_sample,500,53,20,SRC
calibration_sample,500,54,1,AKT1
calibration_sample,500,54,2,AKT2
calibration_sample,500,54,5,EGFR
calibration_sample,500,54,7,IGF1R
calibration_sample,500,54,8,JAK2
calibration_sample,500,54,9,KDR
calibration_sample,500,54,11,LCK
calibration_sample,500,54,15,MAPKAPK2
calibration_sample,500,55,4,CSF1R
calibration_sample,500,55,5,EGFR
calibration_sample,500,55,7,IGF1R
calibration_sample,500,55,8,JAK2
calibration_sample,500,55,9,KDR
calibration_sample,500,55,13,MAPK1
calibration_sample,500,55,15,MAPKAPK2
calibration_sample,500,55,19,ROCK1
calibration_sample,500,56,1,AKT1
calibration_sample,500,56,3,CDK2
calibration_sample,500,56,4,CSF1R
calibration_sample,500,56,5,EGFR
calibration_sample,500,56,7,IGF1R
calibration_sample,500,56,9,KDR
calibration_sample,500,56,11,LCK
calibration_sample,500,56,15,MAPKAPK2
calibration_sample,500,57,1,AKT1
calibration_sample,500,57,4,CSF1R
calibration_sample,500,57,5,EGFR
calibration_sample,500,57,8,JAK2
calibration_sample,500,57,9,KDR
calibration_sample,500,57,11,LCK
calibration_sample,500,57,17,PLK1
calibration_sample,500,57,18,PTK2
calibration_sample,500,58,1,AKT1
calibration_sample,500,58,2,AKT2
calibration_sample,500,58,4,CSF1R
calibration_sample,500,58,5,EGFR
calibration_sample,500,58,8,JAK2
calibration_sample,500,58,9,KDR
calibration_sample,500,58,15,MAPKAPK2
calibration_sample,500,58,20,SRC
calibration_sample,500,59,1,AKT1
calibration_sample,500,59,4,CSF1R
calibration_sample,500,59,5,EGFR
calibration_sample,500,59,8,JAK2
calibration_sample,500,59,9,KDR
calibration_sample,500,59,11,LCK
calibration_sample,500,59,15,MAPKAPK2
calibration_sample,500,59,18,PTK2
calibration_sample,500,60,1,AKT1
calibration_sample,500,60,2,AKT2
calibration_sample,500,60,3,CDK2
calibration_sample,500,60,4,CSF1R
calibration_sample,500,60,5,EGFR
calibration_sample,500,60,7,IGF1R
calibration_sample,500,60,9,KDR
calibration_sample,500,60,20,SRC
calibration_sample,500,61,1,AKT1
calibration_sample,500,61,4,CSF1R
calibration_sample,500,61,5,EGFR
calibration_sample,500,61,8,JAK2
calibration_sample,500,61,9,KDR
calibration_sample,500,61,11,LCK
calibration_sample,500,61,14,MAPK14
calibration_sample,500,61,15,MAPKAPK2
calibration_sample,500,62,1,AKT1
calibration_sample,500,62,3,CDK2
calibration_sample,500,62,4,CSF1R
calibration_sample,500,62,5,EGFR
calibration_sample,500,62,9,KDR
calibration_sample,500,62,10,KIT
calibration_sample,500,62,13,MAPK1
calibration_sample,500,62,20,SRC
calibration_sample,500,63,1,AKT1
calibration_sample,500,63,3,CDK2
calibration_sample,500,63,4,CSF1R
calibration_sample,500,63,5,EGFR
calibration_sample,500,63,7,IGF1R
calibration_sample,500,63,8,JAK2
calibration_sample,500,63,9,KDR
calibration_sample,500,63,11,LCK
calibration_sample,500,64,1,AKT1
calibration_sample,500,64,4,CSF1R
calibration_sample,500,64,5,EGFR
calibration_sample,500,64,8,JAK2
calibration_sample,500,64,9,KDR
calibration_sample,500,64,10,KIT
calibration_sample,500,64,15,MAPKAPK2
calibration_sample,500,64,20,SRC
calibration_sample,500,65,1,AKT1
calibration_sample,500,65,4,CSF1R
calibration_sample,500,65,5,EGFR
calibration_sample,500,65,8,JAK2
calibration_sample,500,65,9,KDR
calibration_sample,500,65,11,LCK
calibration_sample,500,65,15,MAPKAPK2
calibration_sample,500,65,17,PLK1
calibration_sample,500,66,1,AKT1
calibration_sample,500,66,3,CDK2
calibration_sample,500,66,5,EGFR
calibration_sample,500,66,7,IGF1R
calibration_sample,500,66,9,KDR
calibration_sample,500,66,11,LCK
calibration_sample,500,66,15,MAPKAPK2
calibration_sample,500,66,17,PLK1
calibration_sample,500,67,1,AKT1
calibration_sample,500,67,4,CSF1R
calibration_sample,500,67,5,EGFR
calibration_sample,500,67,8,JAK2
calibration_sample,500,67,9,KDR
calibration_sample,500,67,11,LCK
calibration_sample,500,67,13,MAPK1
calibration_sample,500,67,15,MAPKAPK2
calibration_sample,500,68,1,AKT1
calibration_sample,500,68,5,EGFR
calibration_sample,500,68,9,KDR
calibration_sample,500,68,13,MAPK1
calibration_sample,500,68,15,MAPKAPK2
calibration_sample,500,68,17,PLK1
calibration_sample,500,68,18,PTK2
calibration_sample,500,68,20,SRC
calibration_sample,500,69,1,AKT1
calibration_sample,500,69,2,AKT2
calibration_sample,500,69,3,CDK2
calibration_sample,500,69,5,EGFR
calibration_sample,500,69,9,KDR
calibration_sample,500,69,14,MAPK14
calibration_sample,500,69,18,PTK2
calibration_sample,500,69,20,SRC
calibration_sample,500,70,1,AKT1
calibration_sample,500,70,3,CDK2
calibration_sample,500,70,4,CSF1R
calibration_sample,500,70,5,EGFR
calibration_sample,500,70,7,IGF1R
calibration_sample,500,70,9,KDR
calibration_sample,500,70,11,LCK
calibration_sample,500,70,15,MAPKAPK2
calibration_sample,500,71,1,AKT1
calibration_sample,500,71,5,EGFR
calibration_sample,500,71,8,JAK2
calibration_sample,500,71,9,KDR
calibration_sample,500,71,13,MAPK1
calibration_sample,500,71,14,MAPK14
calibration_sample,500,71,18,PTK2
calibration_sample,500,71,20,SRC
calibration_sample,500,72,1,AKT1
calibration_sample,500,72,2,AKT2
calibration_sample,500,72,3,CDK2
calibration_sample,500,72,4,CSF1R
calibration_sample,500,72,5,EGFR
calibration_sample,500,72,6,FGFR1
calibration_sample,500,72,7,IGF1R
calibration_sample,500,72,20,SRC
calibration_sample,500,73,1,AKT1
calibration_sample,500,73,2,AKT2
calibration_sample,500,73,5,EGFR
calibration_sample,500,73,8,JAK2
calibration_sample,500,73,9,KDR
calibration_sample,500,73,11,LCK
calibration_sample,500,73,13,MAPK1
calibration_sample,500,73,15,MAPKAPK2
calibration_sample,500,74,1,AKT1
calibration_sample,500,74,4,CSF1R
calibration_sample,500,74,5,EGFR
calibration_sample,500,74,8,JAK2
calibration_sample,500,74,9,KDR
calibration_sample,500,74,13,MAPK1
calibration_sample,500,74,18,PTK2
calibration_sample,500,74,20,SRC
calibration_sample,500,75,1,AKT1
calibration_sample,500,75,4,CSF1R
calibration_sample,500,75,5,EGFR
calibration_sample,500,75,8,JAK2
calibration_sample,500,75,9,KDR
calibration_sample,500,75,15,MAPKAPK2
calibration_sample,500,75,18,PTK2
calibration_sample,500,75,20,SRC
calibration_sample,500,76,0,ABL1
calibration_sample,500,76,1,AKT1
calibration_sample,500,76,3,CDK2
calibration_sample,500,76,4,CSF1R
calibration_sample,500,76,5,EGFR
calibration_sample,500,76,13,MAPK1
calibration_sample,500,76,18,PTK2
calibration_sample,500,76,20,SRC
calibration_sample,500,77,1,AKT1
calibration_sample,500,77,3,CDK2
calibration_sample,500,77,4,CSF1R
calibration_sample,500,77,5,EGFR
calibration_sample,500,77,8,JAK2
calibration_sample,500,77,9,KDR
calibration_sample,500,77,11,LCK
calibration_sample,500,77,13,MAPK1
calibration_sample,500,78,2,AKT2
calibration_sample,500,78,3,CDK2
calibration_sample,500,78,4,CSF1R
calibration_sample,500,78,8,JAK2
calibration_sample,500,78,9,KDR
calibration_sample,500,78,12,MAP2K1
calibration_sample,500,78,13,MAPK1
calibration_sample,500,78,20,SRC
calibration_sample,500,79,1,AKT1
calibration_sample,500,79,3,CDK2
calibration_sample,500,79,4,CSF1R
calibration_sample,500,79,5,EGFR
calibration_sample,500,79,7,IGF1R
calibration_sample,500,79,8,JAK2
calibration_sample,500,79,9,KDR
calibration_sample,500,79,11,LCK
calibration_sample,500,80,1,AKT1
calibration_sample,500,80,3,CDK2
calibration_sample,500,80,4,CSF1R
calibration_sample,500,80,5,EGFR
calibration_sample,500,80,8,JAK2
calibration_sample,500,80,9,KDR
calibration_sample,500,80,11,LCK
calibration_sample,500,80,13,MAPK1
calibration_sample,500,81,1,AKT1
calibration_sample,500,81,3,CDK2
calibration_sample,500,81,4,CSF1R
calibration_sample,500,81,5,EGFR
calibration_sample,500,81,7,IGF1R
calibration_sample,500,81,9,KDR
calibration_sample,500,81,11,LCK
calibration_sample,500,81,18,PTK2
calibration_sample,500,82,1,AKT1
calibration_sample,500,82,4,CSF1R
calibration_sample,500,82,5,EGFR
calibration_sample,500,82,9,KDR
calibration_sample,500,82,13,MAPK1
calibration_sample,500,82,14,MAPK14
calibration_sample,500,82,15,MAPKAPK2
calibration_sample,500,82,20,SRC
calibration_sample,500,83,1,AKT1
calibration_sample,500,83,2,AKT2
calibration_sample,500,83,3,CDK2
calibration_sample,500,83,4,CSF1R
calibration_sample,500,83,5,EGFR
calibration_sample,500,83,9,KDR
calibration_sample,500,83,13,MAPK1
calibration_sample,500,83,20,SRC
calibration_sample,500,84,1,AKT1
calibration_sample,500,84,3,CDK2
calibration_sample,500,84,4,CSF1R
calibration_sample,500,84,8,JAK2
calibration_sample,500,84,9,KDR
calibration_sample,500,84,11,LCK
calibration_sample,500,84,13,MAPK1
calibration_sample,500,84,18,PTK2
calibration_sample,500,85,1,AKT1
calibration_sample,500,85,2,AKT2
calibration_sample,500,85,5,EGFR
calibration_sample,500,85,7,IGF1R
calibration_sample,500,85,8,JAK2
calibration_sample,500,85,9,KDR
calibration_sample,500,85,11,LCK
calibration_sample,500,85,15,MAPKAPK2
calibration_sample,500,86,1,AKT1
calibration_sample,500,86,3,CDK2
calibration_sample,500,86,4,CSF1R
calibration_sample,500,86,5,EGFR
calibration_sample,500,86,7,IGF1R
calibration_sample,500,86,9,KDR
calibration_sample,500,86,14,MAPK14
calibration_sample,500,86,20,SRC
calibration_sample,500,87,1,AKT1
calibration_sample,500,87,4,CSF1R
calibration_sample,500,87,5,EGFR
calibration_sample,500,87,7,IGF1R
calibration_sample,500,87,8,JAK2
calibration_sample,500,87,9,KDR
calibration_sample,500,87,11,LCK
calibration_sample,500,87,15,MAPKAPK2
calibration_sample,500,88,1,AKT1
calibration_sample,500,88,2,AKT2
calibration_sample,500,88,3,CDK2
calibration_sample,500,88,4,CSF1R
calibration_sample,500,88,5,EGFR
calibration_sample,500,88,9,KDR
calibration_sample,500,88,11,LCK
calibration_sample,500,88,15,MAPKAPK2
calibration_sample,500,89,1,AKT1
calibration_sample,500,89,2,AKT2
calibration_sample,500,89,5,EGFR
calibration_sample,500,89,8,JAK2
calibration_sample,500,89,9,KDR
calibration_sample,500,89,13,MAPK1
calibration_sample,500,89,14,MAPK14
calibration_sample,500,89,20,SRC
calibration_sample,500,90,2,AKT2
calibration_sample,500,90,3,CDK2
calibration_sample,500,90,4,CSF1R
calibration_sample,500,90,5,EGFR
calibration_sample,500,90,7,IGF1R
calibration_sample,500,90,9,KDR
calibration_sample,500,90,11,LCK
calibration_sample,500,90,12,MAP2K1
calibration_sample,500,91,1,AKT1
calibration_sample,500,91,4,CSF1R
calibration_sample,500,91,5,EGFR
calibration_sample,500,91,7,IGF1R
calibration_sample,500,91,8,JAK2
calibration_sample,500,91,9,KDR
calibration_sample,500,91,18,PTK2
calibration_sample,500,91,20,SRC
calibration_sample,500,92,1,AKT1
calibration_sample,500,92,3,CDK2
calibration_sample,500,92,4,CSF1R
calibration_sample,500,92,5,EGFR
calibration_sample,500,92,7,IGF1R
calibration_sample,500,92,9,KDR
calibration_sample,500,92,14,MAPK14
calibration_sample,500,92,20,SRC
calibration_sample,500,93,1,AKT1
calibration_sample,500,93,4,CSF1R
calibration_sample,500,93,5,EGFR
calibration_sample,500,93,8,JAK2
calibration_sample,500,93,9,KDR
calibration_sample,500,93,11,LCK
calibration_sample,500,93,15,MAPKAPK2
calibration_sample,500,93,18,PTK2
calibration_sample,500,94,1,AKT1
calibration_sample,500,94,3,CDK2
calibration_sample,500,94,4,CSF1R
calibration_sample,500,94,5,EGFR
calibration_sample,500,94,9,KDR
calibration_sample,500,94,13,MAPK1
calibration_sample,500,94,14,MAPK14
calibration_sample,500,94,20,SRC
calibration_sample,500,95,1,AKT1
calibration_sample,500,95,4,CSF1R
calibration_sample,500,95,5,EGFR
calibration_sample,500,95,9,KDR
calibration_sample,500,95,13,MAPK1
calibration_sample,500,95,15,MAPKAPK2
calibration_sample,500,95,17,PLK1
calibration_sample,500,95,20,SRC
calibration_sample,500,96,1,AKT1
calibration_sample,500,96,3,CDK2
calibration_sample,500,96,4,CSF1R
calibration_sample,500,96,5,EGFR
calibration_sample,500,96,9,KDR
calibration_sample,500,96,11,LCK
calibration_sample,500,96,13,MAPK1
calibration_sample,500,96,17,PLK1
calibration_sample,500,97,1,AKT1
calibration_sample,500,97,3,CDK2
calibration_sample,500,97,4,CSF1R
calibration_sample,500,97,5,EGFR
calibration_sample,500,97,7,IGF1R
calibration_sample,500,97,9,KDR
calibration_sample,500,97,11,LCK
calibration_sample,500,97,14,MAPK14
calibration_sample,500,98,1,AKT1
calibration_sample,500,98,4,CSF1R
calibration_sample,500,98,5,EGFR
calibration_sample,500,98,8,JAK2
calibration_sample,500,98,9,KDR
calibration_sample,500,98,11,LCK
calibration_sample,500,98,14,MAPK14
calibration_sample,500,98,15,MAPKAPK2
calibration_sample,500,99,1,AKT1
calibration_sample,500,99,2,AKT2
calibration_sample,500,99,3,CDK2
calibration_sample,500,99,4,CSF1R
calibration_sample,500,99,5,EGFR
calibration_sample,500,99,7,IGF1R
calibration_sample,500,99,9,KDR
calibration_sample,500,99,11,LCK
calibration_sample,2000,0,1,AKT1
calibration_sample,2000,0,3,CDK2
calibration_sample,2000,0,4,CSF1R
calibration_sample,2000,0,5,EGFR
calibration_sample,2000,0,7,IGF1R
calibration_sample,2000,0,9,KDR
calibration_sample,2000,0,18,PTK2
calibration_sample,2000,0,20,SRC
calibration_sample,2000,1,1,AKT1
calibration_sample,2000,1,3,CDK2
calibration_sample,2000,1,4,CSF1R
calibration_sample,2000,1,5,EGFR
calibration_sample,2000,1,8,JAK2
calibration_sample,2000,1,9,KDR
calibration_sample,2000,1,11,LCK
calibration_sample,2000,1,15,MAPKAPK2
calibration_sample,2000,2,1,AKT1
calibration_sample,2000,2,4,CSF1R
calibration_sample,2000,2,5,EGFR
calibration_sample,2000,2,9,KDR
calibration_sample,2000,2,13,MAPK1
calibration_sample,2000,2,15,MAPKAPK2
calibration_sample,2000,2,18,PTK2
calibration_sample,2000,2,20,SRC
calibration_sample,2000,3,1,AKT1
calibration_sample,2000,3,4,CSF1R
calibration_sample,2000,3,5,EGFR
calibration_sample,2000,3,7,IGF1R
calibration_sample,2000,3,8,JAK2
calibration_sample,2000,3,9,KDR
calibration_sample,2000,3,15,MAPKAPK2
calibration_sample,2000,3,20,SRC
calibration_sample,2000,4,1,AKT1
calibration_sample,2000,4,3,CDK2
calibration_sample,2000,4,4,CSF1R
calibration_sample,2000,4,5,EGFR
calibration_sample,2000,4,7,IGF1R
calibration_sample,2000,4,9,KDR
calibration_sample,2000,4,13,MAPK1
calibration_sample,2000,4,20,SRC
calibration_sample,2000,5,1,AKT1
calibration_sample,2000,5,3,CDK2
calibration_sample,2000,5,4,CSF1R
calibration_sample,2000,5,5,EGFR
calibration_sample,2000,5,7,IGF1R
calibration_sample,2000,5,8,JAK2
calibration_sample,2000,5,9,KDR
calibration_sample,2000,5,11,LCK
calibration_sample,2000,6,1,AKT1
calibration_sample,2000,6,2,AKT2
calibration_sample,2000,6,3,CDK2
calibration_sample,2000,6,4,CSF1R
calibration_sample,2000,6,5,EGFR
calibration_sample,2000,6,8,JAK2
calibration_sample,2000,6,9,KDR
calibration_sample,2000,6,11,LCK
calibration_sample,2000,7,1,AKT1
calibration_sample,2000,7,4,CSF1R
calibration_sample,2000,7,5,EGFR
calibration_sample,2000,7,8,JAK2
calibration_sample,2000,7,9,KDR
calibration_sample,2000,7,11,LCK
calibration_sample,2000,7,15,MAPKAPK2
calibration_sample,2000,7,18,PTK2
calibration_sample,2000,8,1,AKT1
calibration_sample,2000,8,4,CSF1R
calibration_sample,2000,8,5,EGFR
calibration_sample,2000,8,8,JAK2
calibration_sample,2000,8,9,KDR
calibration_sample,2000,8,11,LCK
calibration_sample,2000,8,14,MAPK14
calibration_sample,2000,8,15,MAPKAPK2
calibration_sample,2000,9,1,AKT1
calibration_sample,2000,9,2,AKT2
calibration_sample,2000,9,4,CSF1R
calibration_sample,2000,9,5,EGFR
calibration_sample,2000,9,8,JAK2
calibration_sample,2000,9,9,KDR
calibration_sample,2000,9,11,LCK
calibration_sample,2000,9,15,MAPKAPK2
calibration_sample,2000,10,1,AKT1
calibration_sample,2000,10,5,EGFR
calibration_sample,2000,10,8,JAK2
calibration_sample,2000,10,9,KDR
calibration_sample,2000,10,11,LCK
calibration_sample,2000,10,14,MAPK14
calibration_sample,2000,10,15,MAPKAPK2
calibration_sample,2000,10,18,PTK2
calibration_sample,2000,11,1,AKT1
calibration_sample,2000,11,2,AKT2
calibration_sample,2000,11,3,CDK2
calibration_sample,2000,11,4,CSF1R
calibration_sample,2000,11,5,EGFR
calibration_sample,2000,11,8,JAK2
calibration_sample,2000,11,9,KDR
calibration_sample,2000,11,20,SRC
calibration_sample,2000,12,1,AKT1
calibration_sample,2000,12,2,AKT2
calibration_sample,2000,12,4,CSF1R
calibration_sample,2000,12,5,EGFR
calibration_sample,2000,12,8,JAK2
calibration_sample,2000,12,9,KDR
calibration_sample,2000,12,11,LCK
calibration_sample,2000,12,15,MAPKAPK2
calibration_sample,2000,13,1,AKT1
calibration_sample,2000,13,4,CSF1R
calibration_sample,2000,13,5,EGFR
calibration_sample,2000,13,8,JAK2
calibration_sample,2000,13,9,KDR
calibration_sample,2000,13,11,LCK
calibration_sample,2000,13,15,MAPKAPK2
calibration_sample,2000,13,18,PTK2
calibration_sample,2000,14,1,AKT1
calibration_sample,2000,14,5,EGFR
calibration_sample,2000,14,8,JAK2
calibration_sample,2000,14,9,KDR
calibration_sample,2000,14,11,LCK
calibration_sample,2000,14,14,MAPK14
calibration_sample,2000,14,15,MAPKAPK2
calibration_sample,2000,14,18,PTK2
calibration_sample,2000,15,1,AKT1
calibration_sample,2000,15,3,CDK2
calibration_sample,2000,15,4,CSF1R
calibration_sample,2000,15,5,EGFR
calibration_sample,2000,15,7,IGF1R
calibration_sample,2000,15,9,KDR
calibration_sample,2000,15,11,LCK
calibration_sample,2000,15,15,MAPKAPK2
calibration_sample,2000,16,1,AKT1
calibration_sample,2000,16,4,CSF1R
calibration_sample,2000,16,5,EGFR
calibration_sample,2000,16,8,JAK2
calibration_sample,2000,16,9,KDR
calibration_sample,2000,16,11,LCK
calibration_sample,2000,16,15,MAPKAPK2
calibration_sample,2000,16,18,PTK2
calibration_sample,2000,17,1,AKT1
calibration_sample,2000,17,3,CDK2
calibration_sample,2000,17,4,CSF1R
calibration_sample,2000,17,5,EGFR
calibration_sample,2000,17,8,JAK2
calibration_sample,2000,17,9,KDR
calibration_sample,2000,17,14,MAPK14
calibration_sample,2000,17,20,SRC
calibration_sample,2000,18,1,AKT1
calibration_sample,2000,18,3,CDK2
calibration_sample,2000,18,4,CSF1R
calibration_sample,2000,18,5,EGFR
calibration_sample,2000,18,7,IGF1R
calibration_sample,2000,18,9,KDR
calibration_sample,2000,18,15,MAPKAPK2
calibration_sample,2000,18,20,SRC
calibration_sample,2000,19,1,AKT1
calibration_sample,2000,19,4,CSF1R
calibration_sample,2000,19,5,EGFR
calibration_sample,2000,19,7,IGF1R
calibration_sample,2000,19,8,JAK2
calibration_sample,2000,19,9,KDR
calibration_sample,2000,19,11,LCK
calibration_sample,2000,19,15,MAPKAPK2
calibration_sample,2000,20,1,AKT1
calibration_sample,2000,20,4,CSF1R
calibration_sample,2000,20,5,EGFR
calibration_sample,2000,20,8,JAK2
calibration_sample,2000,20,9,KDR
calibration_sample,2000,20,15,MAPKAPK2
calibration_sample,2000,20,18,PTK2
calibration_sample,2000,20,20,SRC
calibration_sample,2000,21,1,AKT1
calibration_sample,2000,21,3,CDK2
calibration_sample,2000,21,4,CSF1R
calibration_sample,2000,21,5,EGFR
calibration_sample,2000,21,7,IGF1R
calibration_sample,2000,21,9,KDR
calibration_sample,2000,21,15,MAPKAPK2
calibration_sample,2000,21,20,SRC
calibration_sample,2000,22,1,AKT1
calibration_sample,2000,22,4,CSF1R
calibration_sample,2000,22,5,EGFR
calibration_sample,2000,22,9,KDR
calibration_sample,2000,22,13,MAPK1
calibration_sample,2000,22,15,MAPKAPK2
calibration_sample,2000,22,18,PTK2
calibration_sample,2000,22,20,SRC
calibration_sample,2000,23,1,AKT1
calibration_sample,2000,23,4,CSF1R
calibration_sample,2000,23,5,EGFR
calibration_sample,2000,23,8,JAK2
calibration_sample,2000,23,9,KDR
calibration_sample,2000,23,11,LCK
calibration_sample,2000,23,15,MAPKAPK2
calibration_sample,2000,23,18,PTK2
calibration_sample,2000,24,1,AKT1
calibration_sample,2000,24,3,CDK2
calibration_sample,2000,24,4,CSF1R
calibration_sample,2000,24,5,EGFR
calibration_sample,2000,24,8,JAK2
calibration_sample,2000,24,9,KDR
calibration_sample,2000,24,11,LCK
calibration_sample,2000,24,18,PTK2
calibration_sample,2000,25,1,AKT1
calibration_sample,2000,25,3,CDK2
calibration_sample,2000,25,5,EGFR
calibration_sample,2000,25,7,IGF1R
calibration_sample,2000,25,8,JAK2
calibration_sample,2000,25,9,KDR
calibration_sample,2000,25,11,LCK
calibration_sample,2000,25,14,MAPK14
calibration_sample,2000,26,1,AKT1
calibration_sample,2000,26,2,AKT2
calibration_sample,2000,26,3,CDK2
calibration_sample,2000,26,4,CSF1R
calibration_sample,2000,26,5,EGFR
calibration_sample,2000,26,8,JAK2
calibration_sample,2000,26,9,KDR
calibration_sample,2000,26,11,LCK
calibration_sample,2000,27,1,AKT1
calibration_sample,2000,27,4,CSF1R
calibration_sample,2000,27,5,EGFR
calibration_sample,2000,27,8,JAK2
calibration_sample,2000,27,9,KDR
calibration_sample,2000,27,11,LCK
calibration_sample,2000,27,15,MAPKAPK2
calibration_sample,2000,27,18,PTK2
calibration_sample,2000,28,1,AKT1
calibration_sample,2000,28,3,CDK2
calibration_sample,2000,28,4,CSF1R
calibration_sample,2000,28,5,EGFR
calibration_sample,2000,28,9,KDR
calibration_sample,2000,28,11,LCK
calibration_sample,2000,28,15,MAPKAPK2
calibration_sample,2000,28,18,PTK2
calibration_sample,2000,29,1,AKT1
calibration_sample,2000,29,2,AKT2
calibration_sample,2000,29,4,CSF1R
calibration_sample,2000,29,5,EGFR
calibration_sample,2000,29,8,JAK2
calibration_sample,2000,29,9,KDR
calibration_sample,2000,29,11,LCK
calibration_sample,2000,29,18,PTK2
calibration_sample,2000,30,1,AKT1
calibration_sample,2000,30,3,CDK2
calibration_sample,2000,30,4,CSF1R
calibration_sample,2000,30,5,EGFR
calibration_sample,2000,30,8,JAK2
calibration_sample,2000,30,9,KDR
calibration_sample,2000,30,11,LCK
calibration_sample,2000,30,18,PTK2
calibration_sample,2000,31,1,AKT1
calibration_sample,2000,31,4,CSF1R
calibration_sample,2000,31,5,EGFR
calibration_sample,2000,31,8,JAK2
calibration_sample,2000,31,9,KDR
calibration_sample,2000,31,11,LCK
calibration_sample,2000,31,15,MAPKAPK2
calibration_sample,2000,31,18,PTK2
calibration_sample,2000,32,1,AKT1
calibration_sample,2000,32,3,CDK2
calibration_sample,2000,32,4,CSF1R
calibration_sample,2000,32,5,EGFR
calibration_sample,2000,32,7,IGF1R
calibration_sample,2000,32,9,KDR
calibration_sample,2000,32,15,MAPKAPK2
calibration_sample,2000,32,20,SRC
calibration_sample,2000,33,1,AKT1
calibration_sample,2000,33,3,CDK2
calibration_sample,2000,33,4,CSF1R
calibration_sample,2000,33,5,EGFR
calibration_sample,2000,33,8,JAK2
calibration_sample,2000,33,9,KDR
calibration_sample,2000,33,11,LCK
calibration_sample,2000,33,17,PLK1
calibration_sample,2000,34,1,AKT1
calibration_sample,2000,34,3,CDK2
calibration_sample,2000,34,5,EGFR
calibration_sample,2000,34,7,IGF1R
calibration_sample,2000,34,8,JAK2
calibration_sample,2000,34,9,KDR
calibration_sample,2000,34,11,LCK
calibration_sample,2000,34,14,MAPK14
calibration_sample,2000,35,1,AKT1
calibration_sample,2000,35,4,CSF1R
calibration_sample,2000,35,5,EGFR
calibration_sample,2000,35,7,IGF1R
calibration_sample,2000,35,8,JAK2
calibration_sample,2000,35,9,KDR
calibration_sample,2000,35,11,LCK
calibration_sample,2000,35,18,PTK2
calibration_sample,2000,36,1,AKT1
calibration_sample,2000,36,3,CDK2
calibration_sample,2000,36,4,CSF1R
calibration_sample,2000,36,5,EGFR
calibration_sample,2000,36,7,IGF1R
calibration_sample,2000,36,9,KDR
calibration_sample,2000,36,11,LCK
calibration_sample,2000,36,17,PLK1
calibration_sample,2000,37,1,AKT1
calibration_sample,2000,37,4,CSF1R
calibration_sample,2000,37,5,EGFR
calibration_sample,2000,37,8,JAK2
calibration_sample,2000,37,9,KDR
calibration_sample,2000,37,11,LCK
calibration_sample,2000,37,15,MAPKAPK2
calibration_sample,2000,37,18,PTK2
calibration_sample,2000,38,1,AKT1
calibration_sample,2000,38,4,CSF1R
calibration_sample,2000,38,5,EGFR
calibration_sample,2000,38,8,JAK2
calibration_sample,2000,38,9,KDR
calibration_sample,2000,38,11,LCK
calibration_sample,2000,38,14,MAPK14
calibration_sample,2000,38,15,MAPKAPK2
calibration_sample,2000,39,1,AKT1
calibration_sample,2000,39,3,CDK2
calibration_sample,2000,39,4,CSF1R
calibration_sample,2000,39,5,EGFR
calibration_sample,2000,39,7,IGF1R
calibration_sample,2000,39,9,KDR
calibration_sample,2000,39,18,PTK2
calibration_sample,2000,39,20,SRC
calibration_sample,2000,40,1,AKT1
calibration_sample,2000,40,4,CSF1R
calibration_sample,2000,40,5,EGFR
calibration_sample,2000,40,8,JAK2
calibration_sample,2000,40,9,KDR
calibration_sample,2000,40,11,LCK
calibration_sample,2000,40,13,MAPK1
calibration_sample,2000,40,15,MAPKAPK2
calibration_sample,2000,41,1,AKT1
calibration_sample,2000,41,4,CSF1R
calibration_sample,2000,41,5,EGFR
calibration_sample,2000,41,8,JAK2
calibration_sample,2000,41,9,KDR
calibration_sample,2000,41,11,LCK
calibration_sample,2000,41,15,MAPKAPK2
calibration_sample,2000,41,18,PTK2
calibration_sample,2000,42,1,AKT1
calibration_sample,2000,42,3,CDK2
calibration_sample,2000,42,4,CSF1R
calibration_sample,2000,42,5,EGFR
calibration_sample,2000,42,8,JAK2
calibration_sample,2000,42,9,KDR
calibration_sample,2000,42,14,MAPK14
calibration_sample,2000,42,20,SRC
calibration_sample,2000,43,1,AKT1
calibration_sample,2000,43,4,CSF1R
calibration_sample,2000,43,5,EGFR
calibration_sample,2000,43,8,JAK2
calibration_sample,2000,43,9,KDR
calibration_sample,2000,43,11,LCK
calibration_sample,2000,43,15,MAPKAPK2
calibration_sample,2000,43,18,PTK2
calibration_sample,2000,44,1,AKT1
calibration_sample,2000,44,4,CSF1R
calibration_sample,2000,44,5,EGFR
calibration_sample,2000,44,7,IGF1R
calibration_sample,2000,44,8,JAK2
calibration_sample,2000,44,9,KDR
calibration_sample,2000,44,11,LCK
calibration_sample,2000,44,15,MAPKAPK2
calibration_sample,2000,45,1,AKT1
calibration_sample,2000,45,3,CDK2
calibration_sample,2000,45,4,CSF1R
calibration_sample,2000,45,5,EGFR
calibration_sample,2000,45,8,JAK2
calibration_sample,2000,45,9,KDR
calibration_sample,2000,45,11,LCK
calibration_sample,2000,45,18,PTK2
calibration_sample,2000,46,1,AKT1
calibration_sample,2000,46,3,CDK2
calibration_sample,2000,46,4,CSF1R
calibration_sample,2000,46,5,EGFR
calibration_sample,2000,46,7,IGF1R
calibration_sample,2000,46,9,KDR
calibration_sample,2000,46,18,PTK2
calibration_sample,2000,46,20,SRC
calibration_sample,2000,47,1,AKT1
calibration_sample,2000,47,4,CSF1R
calibration_sample,2000,47,5,EGFR
calibration_sample,2000,47,8,JAK2
calibration_sample,2000,47,9,KDR
calibration_sample,2000,47,11,LCK
calibration_sample,2000,47,15,MAPKAPK2
calibration_sample,2000,47,18,PTK2
calibration_sample,2000,48,1,AKT1
calibration_sample,2000,48,4,CSF1R
calibration_sample,2000,48,5,EGFR
calibration_sample,2000,48,8,JAK2
calibration_sample,2000,48,9,KDR
calibration_sample,2000,48,11,LCK
calibration_sample,2000,48,14,MAPK14
calibration_sample,2000,48,15,MAPKAPK2
calibration_sample,2000,49,1,AKT1
calibration_sample,2000,49,3,CDK2
calibration_sample,2000,49,4,CSF1R
calibration_sample,2000,49,5,EGFR
calibration_sample,2000,49,7,IGF1R
calibration_sample,2000,49,9,KDR
calibration_sample,2000,49,15,MAPKAPK2
calibration_sample,2000,49,20,SRC
calibration_sample,2000,50,1,AKT1
calibration_sample,2000,50,4,CSF1R
calibration_sample,2000,50,5,EGFR
calibration_sample,2000,50,8,JAK2
calibration_sample,2000,50,9,KDR
calibration_sample,2000,50,11,LCK
calibration_sample,2000,50,15,MAPKAPK2
calibration_sample,2000,50,18,PTK2
calibration_sample,2000,51,1,AKT1
calibration_sample,2000,51,4,CSF1R
calibration_sample,2000,51,5,EGFR
calibration_sample,2000,51,8,JAK2
calibration_sample,2000,51,9,KDR
calibration_sample,2000,51,11,LCK
calibration_sample,2000,51,15,MAPKAPK2
calibration_sample,2000,51,18,PTK2
calibration_sample,2000,52,1,AKT1
calibration_sample,2000,52,4,CSF1R
calibration_sample,2000,52,5,EGFR
calibration_sample,2000,52,8,JAK2
calibration_sample,2000,52,9,KDR
calibration_sample,2000,52,15,MAPKAPK2
calibration_sample,2000,52,18,PTK2
calibration_sample,2000,52,20,SRC
calibration_sample,2000,53,1,AKT1
calibration_sample,2000,53,3,CDK2
calibration_sample,2000,53,4,CSF1R
calibration_sample,2000,53,5,EGFR
calibration_sample,2000,53,7,IGF1R
calibration_sample,2000,53,9,KDR
calibration_sample,2000,53,11,LCK
calibration_sample,2000,53,17,PLK1
calibration_sample,2000,54,1,AKT1
calibration_sample,2000,54,4,CSF1R
calibration_sample,2000,54,5,EGFR
calibration_sample,2000,54,8,JAK2
calibration_sample,2000,54,9,KDR
calibration_sample,2000,54,11,LCK
calibration_sample,2000,54,15,MAPKAPK2
calibration_sample,2000,54,18,PTK2
calibration_sample,2000,55,1,AKT1
calibration_sample,2000,55,4,CSF1R
calibration_sample,2000,55,5,EGFR
calibration_sample,2000,55,8,JAK2
calibration_sample,2000,55,9,KDR
calibration_sample,2000,55,11,LCK
calibration_sample,2000,55,15,MAPKAPK2
calibration_sample,2000,55,18,PTK2
calibration_sample,2000,56,1,AKT1
calibration_sample,2000,56,5,EGFR
calibration_sample,2000,56,8,JAK2
calibration_sample,2000,56,9,KDR
calibration_sample,2000,56,14,MAPK14
calibration_sample,2000,56,15,MAPKAPK2
calibration_sample,2000,56,18,PTK2
calibration_sample,2000,56,20,SRC
calibration_sample,2000,57,1,AKT1
calibration_sample,2000,57,3,CDK2
calibration_sample,2000,57,4,CSF1R
calibration_sample,2000,57,5,EGFR
calibration_sample,2000,57,7,IGF1R
calibration_sample,2000,57,9,KDR
calibration_sample,2000,57,13,MAPK1
calibration_sample,2000,57,20,SRC
calibration_sample,2000,58,1,AKT1
calibration_sample,2000,58,4,CSF1R
calibration_sample,2000,58,5,EGFR
calibration_sample,2000,58,8,JAK2
calibration_sample,2000,58,9,KDR
calibration_sample,2000,58,11,LCK
calibration_sample,2000,58,15,MAPKAPK2
calibration_sample,2000,58,18,PTK2
calibration_sample,2000,59,1,AKT1
calibration_sample,2000,59,3,CDK2
calibration_sample,2000,59,4,CSF1R
calibration_sample,2000,59,5,EGFR
calibration_sample,2000,59,7,IGF1R
calibration_sample,2000,59,9,KDR
calibration_sample,2000,59,14,MAPK14
calibration_sample,2000,59,20,SRC
calibration_sample,2000,60,1,AKT1
calibration_sample,2000,60,4,CSF1R
calibration_sample,2000,60,5,EGFR
calibration_sample,2000,60,7,IGF1R
calibration_sample,2000,60,8,JAK2
calibration_sample,2000,60,9,KDR
calibration_sample,2000,60,15,MAPKAPK2
calibration_sample,2000,60,20,SRC
calibration_sample,2000,61,1,AKT1
calibration_sample,2000,61,4,CSF1R
calibration_sample,2000,61,5,EGFR
calibration_sample,2000,61,8,JAK2
calibration_sample,2000,61,9,KDR
calibration_sample,2000,61,11,LCK
calibration_sample,2000,61,15,MAPKAPK2
calibration_sample,2000,61,18,PTK2
calibration_sample,2000,62,1,AKT1
calibration_sample,2000,62,4,CSF1R
calibration_sample,2000,62,5,EGFR
calibration_sample,2000,62,8,JAK2
calibration_sample,2000,62,9,KDR
calibration_sample,2000,62,15,MAPKAPK2
calibration_sample,2000,62,18,PTK2
calibration_sample,2000,62,20,SRC
calibration_sample,2000,63,1,AKT1
calibration_sample,2000,63,4,CSF1R
calibration_sample,2000,63,5,EGFR
calibration_sample,2000,63,8,JAK2
calibration_sample,2000,63,9,KDR
calibration_sample,2000,63,11,LCK
calibration_sample,2000,63,15,MAPKAPK2
calibration_sample,2000,63,18,PTK2
calibration_sample,2000,64,1,AKT1
calibration_sample,2000,64,4,CSF1R
calibration_sample,2000,64,5,EGFR
calibration_sample,2000,64,8,JAK2
calibration_sample,2000,64,9,KDR
calibration_sample,2000,64,11,LCK
calibration_sample,2000,64,15,MAPKAPK2
calibration_sample,2000,64,18,PTK2
calibration_sample,2000,65,1,AKT1
calibration_sample,2000,65,4,CSF1R
calibration_sample,2000,65,5,EGFR
calibration_sample,2000,65,8,JAK2
calibration_sample,2000,65,9,KDR
calibration_sample,2000,65,11,LCK
calibration_sample,2000,65,15,MAPKAPK2
calibration_sample,2000,65,18,PTK2
calibration_sample,2000,66,1,AKT1
calibration_sample,2000,66,5,EGFR
calibration_sample,2000,66,8,JAK2
calibration_sample,2000,66,9,KDR
calibration_sample,2000,66,14,MAPK14
calibration_sample,2000,66,15,MAPKAPK2
calibration_sample,2000,66,18,PTK2
calibration_sample,2000,66,20,SRC
calibration_sample,2000,67,1,AKT1
calibration_sample,2000,67,4,CSF1R
calibration_sample,2000,67,5,EGFR
calibration_sample,2000,67,8,JAK2
calibration_sample,2000,67,9,KDR
calibration_sample,2000,67,14,MAPK14
calibration_sample,2000,67,15,MAPKAPK2
calibration_sample,2000,67,20,SRC
calibration_sample,2000,68,1,AKT1
calibration_sample,2000,68,3,CDK2
calibration_sample,2000,68,4,CSF1R
calibration_sample,2000,68,5,EGFR
calibration_sample,2000,68,7,IGF1R
calibration_sample,2000,68,9,KDR
calibration_sample,2000,68,18,PTK2
calibration_sample,2000,68,20,SRC
calibration_sample,2000,69,1,AKT1
calibration_sample,2000,69,2,AKT2
calibration_sample,2000,69,3,CDK2
calibration_sample,2000,69,4,CSF1R
calibration_sample,2000,69,5,EGFR
calibration_sample,2000,69,8,JAK2
calibration_sample,2000,69,9,KDR
calibration_sample,2000,69,11,LCK
calibration_sample,2000,70,1,AKT1
calibration_sample,2000,70,4,CSF1R
calibration_sample,2000,70,5,EGFR
calibration_sample,2000,70,8,JAK2
calibration_sample,2000,70,9,KDR
calibration_sample,2000,70,11,LCK
calibration_sample,2000,70,15,MAPKAPK2
calibration_sample,2000,70,18,PTK2
calibration_sample,2000,71,1,AKT1
calibration_sample,2000,71,4,CSF1R
calibration_sample,2000,71,5,EGFR
calibration_sample,2000,71,8,JAK2
calibration_sample,2000,71,9,KDR
calibration_sample,2000,71,11,LCK
calibration_sample,2000,71,13,MAPK1
calibration_sample,2000,71,15,MAPKAPK2
calibration_sample,2000,72,1,AKT1
calibration_sample,2000,72,3,CDK2
calibration_sample,2000,72,4,CSF1R
calibration_sample,2000,72,5,EGFR
calibration_sample,2000,72,7,IGF1R
calibration_sample,2000,72,9,KDR
calibration_sample,2000,72,18,PTK2
calibration_sample,2000,72,20,SRC
calibration_sample,2000,73,1,AKT1
calibration_sample,2000,73,3,CDK2
calibration_sample,2000,73,4,CSF1R
calibration_sample,2000,73,5,EGFR
calibration_sample,2000,73,7,IGF1R
calibration_sample,2000,73,8,JAK2
calibration_sample,2000,73,9,KDR
calibration_sample,2000,73,11,LCK
calibration_sample,2000,74,1,AKT1
calibration_sample,2000,74,3,CDK2
calibration_sample,2000,74,4,CSF1R
calibration_sample,2000,74,5,EGFR
calibration_sample,2000,74,7,IGF1R
calibration_sample,2000,74,9,KDR
calibration_sample,2000,74,18,PTK2
calibration_sample,2000,74,20,SRC
calibration_sample,2000,75,1,AKT1
calibration_sample,2000,75,3,CDK2
calibration_sample,2000,75,5,EGFR
calibration_sample,2000,75,7,IGF1R
calibration_sample,2000,75,8,JAK2
calibration_sample,2000,75,9,KDR
calibration_sample,2000,75,11,LCK
calibration_sample,2000,75,14,MAPK14
calibration_sample,2000,76,1,AKT1
calibration_sample,2000,76,4,CSF1R
calibration_sample,2000,76,5,EGFR
calibration_sample,2000,76,8,JAK2
calibration_sample,2000,76,9,KDR
calibration_sample,2000,76,14,MAPK14
calibration_sample,2000,76,15,MAPKAPK2
calibration_sample,2000,76,20,SRC
calibration_sample,2000,77,1,AKT1
calibration_sample,2000,77,3,CDK2
calibration_sample,2000,77,4,CSF1R
calibration_sample,2000,77,5,EGFR
calibration_sample,2000,77,8,JAK2
calibration_sample,2000,77,9,KDR
calibration_sample,2000,77,11,LCK
calibration_sample,2000,77,17,PLK1
calibration_sample,2000,78,1,AKT1
calibration_sample,2000,78,3,CDK2
calibration_sample,2000,78,4,CSF1R
calibration_sample,2000,78,5,EGFR
calibration_sample,2000,78,7,IGF1R
calibration_sample,2000,78,9,KDR
calibration_sample,2000,78,15,MAPKAPK2
calibration_sample,2000,78,20,SRC
calibration_sample,2000,79,1,AKT1
calibration_sample,2000,79,5,EGFR
calibration_sample,2000,79,8,JAK2
calibration_sample,2000,79,9,KDR
calibration_sample,2000,79,11,LCK
calibration_sample,2000,79,14,MAPK14
calibration_sample,2000,79,15,MAPKAPK2
calibration_sample,2000,79,18,PTK2
calibration_sample,2000,80,1,AKT1
calibration_sample,2000,80,4,CSF1R
calibration_sample,2000,80,5,EGFR
calibration_sample,2000,80,8,JAK2
calibration_sample,2000,80,9,KDR
calibration_sample,2000,80,11,LCK
calibration_sample,2000,80,15,MAPKAPK2
calibration_sample,2000,80,18,PTK2
calibration_sample,2000,81,1,AKT1
calibration_sample,2000,81,2,AKT2
calibration_sample,2000,81,3,CDK2
calibration_sample,2000,81,4,CSF1R
calibration_sample,2000,81,5,EGFR
calibration_sample,2000,81,8,JAK2
calibration_sample,2000,81,9,KDR
calibration_sample,2000,81,11,LCK
calibration_sample,2000,82,1,AKT1
calibration_sample,2000,82,4,CSF1R
calibration_sample,2000,82,5,EGFR
calibration_sample,2000,82,8,JAK2
calibration_sample,2000,82,9,KDR
calibration_sample,2000,82,11,LCK
calibration_sample,2000,82,15,MAPKAPK2
calibration_sample,2000,82,18,PTK2
calibration_sample,2000,83,1,AKT1
calibration_sample,2000,83,4,CSF1R
calibration_sample,2000,83,5,EGFR
calibration_sample,2000,83,8,JAK2
calibration_sample,2000,83,9,KDR
calibration_sample,2000,83,11,LCK
calibration_sample,2000,83,15,MAPKAPK2
calibration_sample,2000,83,18,PTK2
calibration_sample,2000,84,1,AKT1
calibration_sample,2000,84,4,CSF1R
calibration_sample,2000,84,5,EGFR
calibration_sample,2000,84,8,JAK2
calibration_sample,2000,84,9,KDR
calibration_sample,2000,84,15,MAPKAPK2
calibration_sample,2000,84,18,PTK2
calibration_sample,2000,84,20,SRC
calibration_sample,2000,85,1,AKT1
calibration_sample,2000,85,3,CDK2
calibration_sample,2000,85,4,CSF1R
calibration_sample,2000,85,5,EGFR
calibration_sample,2000,85,8,JAK2
calibration_sample,2000,85,9,KDR
calibration_sample,2000,85,11,LCK
calibration_sample,2000,85,18,PTK2
calibration_sample,2000,86,1,AKT1
calibration_sample,2000,86,3,CDK2
calibration_sample,2000,86,4,CSF1R
calibration_sample,2000,86,5,EGFR
calibration_sample,2000,86,7,IGF1R
calibration_sample,2000,86,9,KDR
calibration_sample,2000,86,15,MAPKAPK2
calibration_sample,2000,86,20,SRC
calibration_sample,2000,87,1,AKT1
calibration_sample,2000,87,3,CDK2
calibration_sample,2000,87,4,CSF1R
calibration_sample,2000,87,5,EGFR
calibration_sample,2000,87,7,IGF1R
calibration_sample,2000,87,9,KDR
calibration_sample,2000,87,11,LCK
calibration_sample,2000,87,17,PLK1
calibration_sample,2000,88,1,AKT1
calibration_sample,2000,88,3,CDK2
calibration_sample,2000,88,4,CSF1R
calibration_sample,2000,88,5,EGFR
calibration_sample,2000,88,7,IGF1R
calibration_sample,2000,88,8,JAK2
calibration_sample,2000,88,9,KDR
calibration_sample,2000,88,11,LCK
calibration_sample,2000,89,1,AKT1
calibration_sample,2000,89,4,CSF1R
calibration_sample,2000,89,5,EGFR
calibration_sample,2000,89,8,JAK2
calibration_sample,2000,89,9,KDR
calibration_sample,2000,89,11,LCK
calibration_sample,2000,89,15,MAPKAPK2
calibration_sample,2000,89,18,PTK2
calibration_sample,2000,90,1,AKT1
calibration_sample,2000,90,3,CDK2
calibration_sample,2000,90,4,CSF1R
calibration_sample,2000,90,5,EGFR
calibration_sample,2000,90,8,JAK2
calibration_sample,2000,90,9,KDR
calibration_sample,2000,90,11,LCK
calibration_sample,2000,90,18,PTK2
calibration_sample,2000,91,1,AKT1
calibration_sample,2000,91,3,CDK2
calibration_sample,2000,91,4,CSF1R
calibration_sample,2000,91,5,EGFR
calibration_sample,2000,91,7,IGF1R
calibration_sample,2000,91,9,KDR
calibration_sample,2000,91,11,LCK
calibration_sample,2000,91,17,PLK1
calibration_sample,2000,92,1,AKT1
calibration_sample,2000,92,2,AKT2
calibration_sample,2000,92,3,CDK2
calibration_sample,2000,92,4,CSF1R
calibration_sample,2000,92,5,EGFR
calibration_sample,2000,92,7,IGF1R
calibration_sample,2000,92,9,KDR
calibration_sample,2000,92,20,SRC
calibration_sample,2000,93,1,AKT1
calibration_sample,2000,93,4,CSF1R
calibration_sample,2000,93,5,EGFR
calibration_sample,2000,93,8,JAK2
calibration_sample,2000,93,9,KDR
calibration_sample,2000,93,11,LCK
calibration_sample,2000,93,15,MAPKAPK2
calibration_sample,2000,93,18,PTK2
calibration_sample,2000,94,1,AKT1
calibration_sample,2000,94,4,CSF1R
calibration_sample,2000,94,5,EGFR
calibration_sample,2000,94,7,IGF1R
calibration_sample,2000,94,8,JAK2
calibration_sample,2000,94,9,KDR
calibration_sample,2000,94,15,MAPKAPK2
calibration_sample,2000,94,20,SRC
calibration_sample,2000,95,1,AKT1
calibration_sample,2000,95,4,CSF1R
calibration_sample,2000,95,5,EGFR
calibration_sample,2000,95,8,JAK2
calibration_sample,2000,95,9,KDR
calibration_sample,2000,95,11,LCK
calibration_sample,2000,95,15,MAPKAPK2
calibration_sample,2000,95,17,PLK1
calibration_sample,2000,96,1,AKT1
calibration_sample,2000,96,3,CDK2
calibration_sample,2000,96,4,CSF1R
calibration_sample,2000,96,5,EGFR
calibration_sample,2000,96,8,JAK2
calibration_sample,2000,96,9,KDR
calibration_sample,2000,96,11,LCK
calibration_sample,2000,96,15,MAPKAPK2
calibration_sample,2000,97,1,AKT1
calibration_sample,2000,97,4,CSF1R
calibration_sample,2000,97,5,EGFR
calibration_sample,2000,97,8,JAK2
calibration_sample,2000,97,9,KDR
calibration_sample,2000,97,11,LCK
calibration_sample,2000,97,15,MAPKAPK2
calibration_sample,2000,97,18,PTK2
calibration_sample,2000,98,1,AKT1
calibration_sample,2000,98,3,CDK2
calibration_sample,2000,98,4,CSF1R
calibration_sample,2000,98,5,EGFR
calibration_sample,2000,98,8,JAK2
calibration_sample,2000,98,9,KDR
calibration_sample,2000,98,11,LCK
calibration_sample,2000,98,15,MAPKAPK2
calibration_sample,2000,99,1,AKT1
calibration_sample,2000,99,3,CDK2
calibration_sample,2000,99,4,CSF1R
calibration_sample,2000,99,5,EGFR
calibration_sample,2000,99,7,IGF1R
calibration_sample,2000,99,9,KDR
calibration_sample,2000,99,18,PTK2
calibration_sample,2000,99,20,SRC
calibration_sample,5000,0,1,AKT1
calibration_sample,5000,0,3,CDK2
calibration_sample,5000,0,4,CSF1R
calibration_sample,5000,0,5,EGFR
calibration_sample,5000,0,7,IGF1R
calibration_sample,5000,0,9,KDR
calibration_sample,5000,0,18,PTK2
calibration_sample,5000,0,20,SRC
calibration_sample,5000,1,1,AKT1
calibration_sample,5000,1,4,CSF1R
calibration_sample,5000,1,5,EGFR
calibration_sample,5000,1,8,JAK2
calibration_sample,5000,1,9,KDR
calibration_sample,5000,1,11,LCK
calibration_sample,5000,1,15,MAPKAPK2
calibration_sample,5000,1,18,PTK2
calibration_sample,5000,2,1,AKT1
calibration_sample,5000,2,4,CSF1R
calibration_sample,5000,2,5,EGFR
calibration_sample,5000,2,8,JAK2
calibration_sample,5000,2,9,KDR
calibration_sample,5000,2,11,LCK
calibration_sample,5000,2,15,MAPKAPK2
calibration_sample,5000,2,18,PTK2
calibration_sample,5000,3,1,AKT1
calibration_sample,5000,3,4,CSF1R
calibration_sample,5000,3,5,EGFR
calibration_sample,5000,3,8,JAK2
calibration_sample,5000,3,9,KDR
calibration_sample,5000,3,11,LCK
calibration_sample,5000,3,15,MAPKAPK2
calibration_sample,5000,3,18,PTK2
calibration_sample,5000,4,1,AKT1
calibration_sample,5000,4,4,CSF1R
calibration_sample,5000,4,5,EGFR
calibration_sample,5000,4,8,JAK2
calibration_sample,5000,4,9,KDR
calibration_sample,5000,4,11,LCK
calibration_sample,5000,4,15,MAPKAPK2
calibration_sample,5000,4,18,PTK2
calibration_sample,5000,5,1,AKT1
calibration_sample,5000,5,3,CDK2
calibration_sample,5000,5,4,CSF1R
calibration_sample,5000,5,5,EGFR
calibration_sample,5000,5,7,IGF1R
calibration_sample,5000,5,8,JAK2
calibration_sample,5000,5,9,KDR
calibration_sample,5000,5,20,SRC
calibration_sample,5000,6,1,AKT1
calibration_sample,5000,6,4,CSF1R
calibration_sample,5000,6,5,EGFR
calibration_sample,5000,6,8,JAK2
calibration_sample,5000,6,9,KDR
calibration_sample,5000,6,11,LCK
calibration_sample,5000,6,15,MAPKAPK2
calibration_sample,5000,6,18,PTK2
calibration_sample,5000,7,1,AKT1
calibration_sample,5000,7,4,CSF1R
calibration_sample,5000,7,5,EGFR
calibration_sample,5000,7,8,JAK2
calibration_sample,5000,7,9,KDR
calibration_sample,5000,7,11,LCK
calibration_sample,5000,7,15,MAPKAPK2
calibration_sample,5000,7,18,PTK2
calibration_sample,5000,8,1,AKT1
calibration_sample,5000,8,4,CSF1R
calibration_sample,5000,8,5,EGFR
calibration_sample,5000,8,8,JAK2
calibration_sample,5000,8,9,KDR
calibration_sample,5000,8,11,LCK
calibration_sample,5000,8,15,MAPKAPK2
calibration_sample,5000,8,18,PTK2
calibration_sample,5000,9,1,AKT1
calibration_sample,5000,9,4,CSF1R
calibration_sample,5000,9,5,EGFR
calibration_sample,5000,9,8,JAK2
calibration_sample,5000,9,9,KDR
calibration_sample,5000,9,11,LCK
calibration_sample,5000,9,15,MAPKAPK2
calibration_sample,5000,9,18,PTK2
calibration_sample,5000,10,1,AKT1
calibration_sample,5000,10,4,CSF1R
calibration_sample,5000,10,5,EGFR
calibration_sample,5000,10,8,JAK2
calibration_sample,5000,10,9,KDR
calibration_sample,5000,10,11,LCK
calibration_sample,5000,10,15,MAPKAPK2
calibration_sample,5000,10,18,PTK2
calibration_sample,5000,11,1,AKT1
calibration_sample,5000,11,4,CSF1R
calibration_sample,5000,11,5,EGFR
calibration_sample,5000,11,8,JAK2
calibration_sample,5000,11,9,KDR
calibration_sample,5000,11,11,LCK
calibration_sample,5000,11,15,MAPKAPK2
calibration_sample,5000,11,18,PTK2
calibration_sample,5000,12,1,AKT1
calibration_sample,5000,12,4,CSF1R
calibration_sample,5000,12,5,EGFR
calibration_sample,5000,12,8,JAK2
calibration_sample,5000,12,9,KDR
calibration_sample,5000,12,15,MAPKAPK2
calibration_sample,5000,12,18,PTK2
calibration_sample,5000,12,20,SRC
calibration_sample,5000,13,1,AKT1
calibration_sample,5000,13,3,CDK2
calibration_sample,5000,13,4,CSF1R
calibration_sample,5000,13,5,EGFR
calibration_sample,5000,13,7,IGF1R
calibration_sample,5000,13,9,KDR
calibration_sample,5000,13,15,MAPKAPK2
calibration_sample,5000,13,20,SRC
calibration_sample,5000,14,1,AKT1
calibration_sample,5000,14,3,CDK2
calibration_sample,5000,14,4,CSF1R
calibration_sample,5000,14,5,EGFR
calibration_sample,5000,14,7,IGF1R
calibration_sample,5000,14,9,KDR
calibration_sample,5000,14,11,LCK
calibration_sample,5000,14,17,PLK1
calibration_sample,5000,15,1,AKT1
calibration_sample,5000,15,4,CSF1R
calibration_sample,5000,15,5,EGFR
calibration_sample,5000,15,8,JAK2
calibration_sample,5000,15,9,KDR
calibration_sample,5000,15,11,LCK
calibration_sample,5000,15,15,MAPKAPK2
calibration_sample,5000,15,18,PTK2
calibration_sample,5000,16,1,AKT1
calibration_sample,5000,16,4,CSF1R
calibration_sample,5000,16,5,EGFR
calibration_sample,5000,16,7,IGF1R
calibration_sample,5000,16,8,JAK2
calibration_sample,5000,16,9,KDR
calibration_sample,5000,16,11,LCK
calibration_sample,5000,16,15,MAPKAPK2
calibration_sample,5000,17,1,AKT1
calibration_sample,5000,17,4,CSF1R
calibration_sample,5000,17,5,EGFR
calibration_sample,5000,17,8,JAK2
calibration_sample,5000,17,9,KDR
calibration_sample,5000,17,11,LCK
calibration_sample,5000,17,15,MAPKAPK2
calibration_sample,5000,17,18,PTK2
calibration_sample,5000,18,1,AKT1
calibration_sample,5000,18,4,CSF1R
calibration_sample,5000,18,5,EGFR
calibration_sample,5000,18,8,JAK2
calibration_sample,5000,18,9,KDR
calibration_sample,5000,18,11,LCK
calibration_sample,5000,18,15,MAPKAPK2
calibration_sample,5000,18,18,PTK2
calibration_sample,5000,19,1,AKT1
calibration_sample,5000,19,3,CDK2
calibration_sample,5000,19,4,CSF1R
calibration_sample,5000,19,5,EGFR
calibration_sample,5000,19,7,IGF1R
calibration_sample,5000,19,8,JAK2
calibration_sample,5000,19,9,KDR
calibration_sample,5000,19,11,LCK
calibration_sample,5000,20,1,AKT1
calibration_sample,5000,20,4,CSF1R
calibration_sample,5000,20,5,EGFR
calibration_sample,5000,20,8,JAK2
calibration_sample,5000,20,9,KDR
calibration_sample,5000,20,15,MAPKAPK2
calibration_sample,5000,20,18,PTK2
calibration_sample,5000,20,20,SRC
calibration_sample,5000,21,1,AKT1
calibration_sample,5000,21,4,CSF1R
calibration_sample,5000,21,5,EGFR
calibration_sample,5000,21,8,JAK2
calibration_sample,5000,21,9,KDR
calibration_sample,5000,21,15,MAPKAPK2
calibration_sample,5000,21,18,PTK2
calibration_sample,5000,21,20,SRC
calibration_sample,5000,22,1,AKT1
calibration_sample,5000,22,4,CSF1R
calibration_sample,5000,22,5,EGFR
calibration_sample,5000,22,8,JAK2
calibration_sample,5000,22,9,KDR
calibration_sample,5000,22,11,LCK
calibration_sample,5000,22,15,MAPKAPK2
calibration_sample,5000,22,18,PTK2
calibration_sample,5000,23,1,AKT1
calibration_sample,5000,23,4,CSF1R
calibration_sample,5000,23,5,EGFR
calibration_sample,5000,23,8,JAK2
calibration_sample,5000,23,9,KDR
calibration_sample,5000,23,11,LCK
calibration_sample,5000,23,15,MAPKAPK2
calibration_sample,5000,23,18,PTK2
calibration_sample,5000,24,1,AKT1
calibration_sample,5000,24,4,CSF1R
calibration_sample,5000,24,5,EGFR
calibration_sample,5000,24,8,JAK2
calibration_sample,5000,24,9,KDR
calibration_sample,5000,24,11,LCK
calibration_sample,5000,24,15,MAPKAPK2
calibration_sample,5000,24,18,PTK2
calibration_sample,5000,25,1,AKT1
calibration_sample,5000,25,4,CSF1R
calibration_sample,5000,25,5,EGFR
calibration_sample,5000,25,8,JAK2
calibration_sample,5000,25,9,KDR
calibration_sample,5000,25,11,LCK
calibration_sample,5000,25,15,MAPKAPK2
calibration_sample,5000,25,18,PTK2
calibration_sample,5000,26,1,AKT1
calibration_sample,5000,26,3,CDK2
calibration_sample,5000,26,4,CSF1R
calibration_sample,5000,26,5,EGFR
calibration_sample,5000,26,7,IGF1R
calibration_sample,5000,26,9,KDR
calibration_sample,5000,26,17,PLK1
calibration_sample,5000,26,20,SRC
calibration_sample,5000,27,1,AKT1
calibration_sample,5000,27,4,CSF1R
calibration_sample,5000,27,5,EGFR
calibration_sample,5000,27,8,JAK2
calibration_sample,5000,27,9,KDR
calibration_sample,5000,27,11,LCK
calibration_sample,5000,27,15,MAPKAPK2
calibration_sample,5000,27,18,PTK2
calibration_sample,5000,28,1,AKT1
calibration_sample,5000,28,3,CDK2
calibration_sample,5000,28,4,CSF1R
calibration_sample,5000,28,5,EGFR
calibration_sample,5000,28,7,IGF1R
calibration_sample,5000,28,9,KDR
calibration_sample,5000,28,13,MAPK1
calibration_sample,5000,28,20,SRC
calibration_sample,5000,29,1,AKT1
calibration_sample,5000,29,3,CDK2
calibration_sample,5000,29,4,CSF1R
calibration_sample,5000,29,5,EGFR
calibration_sample,5000,29,7,IGF1R
calibration_sample,5000,29,9,KDR
calibration_sample,5000,29,15,MAPKAPK2
calibration_sample,5000,29,20,SRC
calibration_sample,5000,30,1,AKT1
calibration_sample,5000,30,4,CSF1R
calibration_sample,5000,30,5,EGFR
calibration_sample,5000,30,8,JAK2
calibration_sample,5000,30,9,KDR
calibration_sample,5000,30,11,LCK
calibration_sample,5000,30,15,MAPKAPK2
calibration_sample,5000,30,18,PTK2
calibration_sample,5000,31,1,AKT1
calibration_sample,5000,31,3,CDK2
calibration_sample,5000,31,5,EGFR
calibration_sample,5000,31,7,IGF1R
calibration_sample,5000,31,9,KDR
calibration_sample,5000,31,14,MAPK14
calibration_sample,5000,31,18,PTK2
calibration_sample,5000,31,20,SRC
calibration_sample,5000,32,1,AKT1
calibration_sample,5000,32,4,CSF1R
calibration_sample,5000,32,5,EGFR
calibration_sample,5000,32,8,JAK2
calibration_sample,5000,32,9,KDR
calibration_sample,5000,32,11,LCK
calibration_sample,5000,32,15,MAPKAPK2
calibration_sample,5000,32,18,PTK2
calibration_sample,5000,33,1,AKT1
calibration_sample,5000,33,4,CSF1R
calibration_sample,5000,33,5,EGFR
calibration_sample,5000,33,8,JAK2
calibration_sample,5000,33,9,KDR
calibration_sample,5000,33,11,LCK
calibration_sample,5000,33,15,MAPKAPK2
calibration_sample,5000,33,18,PTK2
calibration_sample,5000,34,1,AKT1
calibration_sample,5000,34,4,CSF1R
calibration_sample,5000,34,5,EGFR
calibration_sample,5000,34,8,JAK2
calibration_sample,5000,34,9,KDR
calibration_sample,5000,34,11,LCK
calibration_sample,5000,34,15,MAPKAPK2
calibration_sample,5000,34,18,PTK2
calibration_sample,5000,35,1,AKT1
calibration_sample,5000,35,4,CSF1R
calibration_sample,5000,35,5,EGFR
calibration_sample,5000,35,8,JAK2
calibration_sample,5000,35,9,KDR
calibration_sample,5000,35,14,MAPK14
calibration_sample,5000,35,15,MAPKAPK2
calibration_sample,5000,35,20,SRC
calibration_sample,5000,36,1,AKT1
calibration_sample,5000,36,4,CSF1R
calibration_sample,5000,36,5,EGFR
calibration_sample,5000,36,8,JAK2
calibration_sample,5000,36,9,KDR
calibration_sample,5000,36,11,LCK
calibration_sample,5000,36,15,MAPKAPK2
calibration_sample,5000,36,18,PTK2
calibration_sample,5000,37,1,AKT1
calibration_sample,5000,37,4,CSF1R
calibration_sample,5000,37,5,EGFR
calibration_sample,5000,37,8,JAK2
calibration_sample,5000,37,9,KDR
calibration_sample,5000,37,11,LCK
calibration_sample,5000,37,15,MAPKAPK2
calibration_sample,5000,37,18,PTK2
calibration_sample,5000,38,1,AKT1
calibration_sample,5000,38,3,CDK2
calibration_sample,5000,38,4,CSF1R
calibration_sample,5000,38,5,EGFR
calibration_sample,5000,38,7,IGF1R
calibration_sample,5000,38,9,KDR
calibration_sample,5000,38,18,PTK2
calibration_sample,5000,38,20,SRC
calibration_sample,5000,39,1,AKT1
calibration_sample,5000,39,4,CSF1R
calibration_sample,5000,39,5,EGFR
calibration_sample,5000,39,8,JAK2
calibration_sample,5000,39,9,KDR
calibration_sample,5000,39,11,LCK
calibration_sample,5000,39,15,MAPKAPK2
calibration_sample,5000,39,18,PTK2
calibration_sample,5000,40,1,AKT1
calibration_sample,5000,40,3,CDK2
calibration_sample,5000,40,5,EGFR
calibration_sample,5000,40,7,IGF1R
calibration_sample,5000,40,9,KDR
calibration_sample,5000,40,14,MAPK14
calibration_sample,5000,40,15,MAPKAPK2
calibration_sample,5000,40,20,SRC
calibration_sample,5000,41,1,AKT1
calibration_sample,5000,41,4,CSF1R
calibration_sample,5000,41,5,EGFR
calibration_sample,5000,41,8,JAK2
calibration_sample,5000,41,9,KDR
calibration_sample,5000,41,11,LCK
calibration_sample,5000,41,15,MAPKAPK2
calibration_sample,5000,41,18,PTK2
calibration_sample,5000,42,1,AKT1
calibration_sample,5000,42,3,CDK2
calibration_sample,5000,42,4,CSF1R
calibration_sample,5000,42,5,EGFR
calibration_sample,5000,42,7,IGF1R
calibration_sample,5000,42,9,KDR
calibration_sample,5000,42,15,MAPKAPK2
calibration_sample,5000,42,20,SRC
calibration_sample,5000,43,1,AKT1
calibration_sample,5000,43,3,CDK2
calibration_sample,5000,43,5,EGFR
calibration_sample,5000,43,8,JAK2
calibration_sample,5000,43,9,KDR
calibration_sample,5000,43,11,LCK
calibration_sample,5000,43,14,MAPK14
calibration_sample,5000,43,18,PTK2
calibration_sample,5000,44,1,AKT1
calibration_sample,5000,44,4,CSF1R
calibration_sample,5000,44,5,EGFR
calibration_sample,5000,44,8,JAK2
calibration_sample,5000,44,9,KDR
calibration_sample,5000,44,11,LCK
calibration_sample,5000,44,15,MAPKAPK2
calibration_sample,5000,44,18,PTK2
calibration_sample,5000,45,1,AKT1
calibration_sample,5000,45,4,CSF1R
calibration_sample,5000,45,5,EGFR
calibration_sample,5000,45,8,JAK2
calibration_sample,5000,45,9,KDR
calibration_sample,5000,45,11,LCK
calibration_sample,5000,45,15,MAPKAPK2
calibration_sample,5000,45,18,PTK2
calibration_sample,5000,46,1,AKT1
calibration_sample,5000,46,4,CSF1R
calibration_sample,5000,46,5,EGFR
calibration_sample,5000,46,8,JAK2
calibration_sample,5000,46,9,KDR
calibration_sample,5000,46,11,LCK
calibration_sample,5000,46,15,MAPKAPK2
calibration_sample,5000,46,18,PTK2
calibration_sample,5000,47,1,AKT1
calibration_sample,5000,47,4,CSF1R
calibration_sample,5000,47,5,EGFR
calibration_sample,5000,47,8,JAK2
calibration_sample,5000,47,9,KDR
calibration_sample,5000,47,15,MAPKAPK2
calibration_sample,5000,47,18,PTK2
calibration_sample,5000,47,20,SRC
calibration_sample,5000,48,1,AKT1
calibration_sample,5000,48,4,CSF1R
calibration_sample,5000,48,5,EGFR
calibration_sample,5000,48,8,JAK2
calibration_sample,5000,48,9,KDR
calibration_sample,5000,48,15,MAPKAPK2
calibration_sample,5000,48,18,PTK2
calibration_sample,5000,48,20,SRC
calibration_sample,5000,49,1,AKT1
calibration_sample,5000,49,3,CDK2
calibration_sample,5000,49,4,CSF1R
calibration_sample,5000,49,5,EGFR
calibration_sample,5000,49,7,IGF1R
calibration_sample,5000,49,9,KDR
calibration_sample,5000,49,11,LCK
calibration_sample,5000,49,17,PLK1
calibration_sample,5000,50,1,AKT1
calibration_sample,5000,50,2,AKT2
calibration_sample,5000,50,3,CDK2
calibration_sample,5000,50,4,CSF1R
calibration_sample,5000,50,5,EGFR
calibration_sample,5000,50,8,JAK2
calibration_sample,5000,50,9,KDR
calibration_sample,5000,50,11,LCK
calibration_sample,5000,51,1,AKT1
calibration_sample,5000,51,4,CSF1R
calibration_sample,5000,51,5,EGFR
calibration_sample,5000,51,8,JAK2
calibration_sample,5000,51,9,KDR
calibration_sample,5000,51,11,LCK
calibration_sample,5000,51,15,MAPKAPK2
calibration_sample,5000,51,18,PTK2
calibration_sample,5000,52,1,AKT1
calibration_sample,5000,52,3,CDK2
calibration_sample,5000,52,4,CSF1R
calibration_sample,5000,52,5,EGFR
calibration_sample,5000,52,7,IGF1R
calibration_sample,5000,52,9,KDR
calibration_sample,5000,52,17,PLK1
calibration_sample,5000,52,20,SRC
calibration_sample,5000,53,1,AKT1
calibration_sample,5000,53,2,AKT2
calibration_sample,5000,53,3,CDK2
calibration_sample,5000,53,4,CSF1R
calibration_sample,5000,53,5,EGFR
calibration_sample,5000,53,8,JAK2
calibration_sample,5000,53,9,KDR
calibration_sample,5000,53,11,LCK
calibration_sample,5000,54,1,AKT1
calibration_sample,5000,54,4,CSF1R
calibration_sample,5000,54,5,EGFR
calibration_sample,5000,54,8,JAK2
calibration_sample,5000,54,9,KDR
calibration_sample,5000,54,11,LCK
calibration_sample,5000,54,15,MAPKAPK2
calibration_sample,5000,54,18,PTK2
calibration_sample,5000,55,1,AKT1
calibration_sample,5000,55,3,CDK2
calibration_sample,5000,55,5,EGFR
calibration_sample,5000,55,7,IGF1R
calibration_sample,5000,55,8,JAK2
calibration_sample,5000,55,9,KDR
calibration_sample,5000,55,14,MAPK14
calibration_sample,5000,55,20,SRC
calibration_sample,5000,56,1,AKT1
calibration_sample,5000,56,4,CSF1R
calibration_sample,5000,56,5,EGFR
calibration_sample,5000,56,8,JAK2
calibration_sample,5000,56,9,KDR
calibration_sample,5000,56,11,LCK
calibration_sample,5000,56,15,MAPKAPK2
calibration_sample,5000,56,18,PTK2
calibration_sample,5000,57,1,AKT1
calibration_sample,5000,57,4,CSF1R
calibration_sample,5000,57,5,EGFR
calibration_sample,5000,57,8,JAK2
calibration_sample,5000,57,9,KDR
calibration_sample,5000,57,11,LCK
calibration_sample,5000,57,15,MAPKAPK2
calibration_sample,5000,57,18,PTK2
calibration_sample,5000,58,1,AKT1
calibration_sample,5000,58,3,CDK2
calibration_sample,5000,58,4,CSF1R
calibration_sample,5000,58,5,EGFR
calibration_sample,5000,58,7,IGF1R
calibration_sample,5000,58,8,JAK2
calibration_sample,5000,58,9,KDR
calibration_sample,5000,58,11,LCK
calibration_sample,5000,59,1,AKT1
calibration_sample,5000,59,4,CSF1R
calibration_sample,5000,59,5,EGFR
calibration_sample,5000,59,8,JAK2
calibration_sample,5000,59,9,KDR
calibration_sample,5000,59,15,MAPKAPK2
calibration_sample,5000,59,18,PTK2
calibration_sample,5000,59,20,SRC
calibration_sample,5000,60,1,AKT1
calibration_sample,5000,60,4,CSF1R
calibration_sample,5000,60,5,EGFR
calibration_sample,5000,60,8,JAK2
calibration_sample,5000,60,9,KDR
calibration_sample,5000,60,15,MAPKAPK2
calibration_sample,5000,60,18,PTK2
calibration_sample,5000,60,20,SRC
calibration_sample,5000,61,1,AKT1
calibration_sample,5000,61,4,CSF1R
calibration_sample,5000,61,5,EGFR
calibration_sample,5000,61,8,JAK2
calibration_sample,5000,61,9,KDR
calibration_sample,5000,61,11,LCK
calibration_sample,5000,61,15,MAPKAPK2
calibration_sample,5000,61,18,PTK2
calibration_sample,5000,62,1,AKT1
calibration_sample,5000,62,4,CSF1R
calibration_sample,5000,62,5,EGFR
calibration_sample,5000,62,8,JAK2
calibration_sample,5000,62,9,KDR
calibration_sample,5000,62,15,MAPKAPK2
calibration_sample,5000,62,18,PTK2
calibration_sample,5000,62,20,SRC
calibration_sample,5000,63,1,AKT1
calibration_sample,5000,63,4,CSF1R
calibration_sample,5000,63,5,EGFR
calibration_sample,5000,63,8,JAK2
calibration_sample,5000,63,9,KDR
calibration_sample,5000,63,11,LCK
calibration_sample,5000,63,15,MAPKAPK2
calibration_sample,5000,63,18,PTK2
calibration_sample,5000,64,1,AKT1
calibration_sample,5000,64,3,CDK2
calibration_sample,5000,64,4,CSF1R
calibration_sample,5000,64,5,EGFR
calibration_sample,5000,64,7,IGF1R
calibration_sample,5000,64,9,KDR
calibration_sample,5000,64,13,MAPK1
calibration_sample,5000,64,20,SRC
calibration_sample,5000,65,1,AKT1
calibration_sample,5000,65,4,CSF1R
calibration_sample,5000,65,5,EGFR
calibration_sample,5000,65,8,JAK2
calibration_sample,5000,65,9,KDR
calibration_sample,5000,65,11,LCK
calibration_sample,5000,65,15,MAPKAPK2
calibration_sample,5000,65,18,PTK2
calibration_sample,5000,66,1,AKT1
calibration_sample,5000,66,4,CSF1R
calibration_sample,5000,66,5,EGFR
calibration_sample,5000,66,8,JAK2
calibration_sample,5000,66,9,KDR
calibration_sample,5000,66,11,LCK
calibration_sample,5000,66,15,MAPKAPK2
calibration_sample,5000,66,18,PTK2
calibration_sample,5000,67,1,AKT1
calibration_sample,5000,67,4,CSF1R
calibration_sample,5000,67,5,EGFR
calibration_sample,5000,67,8,JAK2
calibration_sample,5000,67,9,KDR
calibration_sample,5000,67,11,LCK
calibration_sample,5000,67,15,MAPKAPK2
calibration_sample,5000,67,18,PTK2
calibration_sample,5000,68,1,AKT1
calibration_sample,5000,68,5,EGFR
calibration_sample,5000,68,8,JAK2
calibration_sample,5000,68,9,KDR
calibration_sample,5000,68,11,LCK
calibration_sample,5000,68,14,MAPK14
calibration_sample,5000,68,15,MAPKAPK2
calibration_sample,5000,68,18,PTK2
calibration_sample,5000,69,1,AKT1
calibration_sample,5000,69,4,CSF1R
calibration_sample,5000,69,5,EGFR
calibration_sample,5000,69,8,JAK2
calibration_sample,5000,69,9,KDR
calibration_sample,5000,69,11,LCK
calibration_sample,5000,69,15,MAPKAPK2
calibration_sample,5000,69,18,PTK2
calibration_sample,5000,70,1,AKT1
calibration_sample,5000,70,4,CSF1R
calibration_sample,5000,70,5,EGFR
calibration_sample,5000,70,8,JAK2
calibration_sample,5000,70,9,KDR
calibration_sample,5000,70,11,LCK
calibration_sample,5000,70,15,MAPKAPK2
calibration_sample,5000,70,18,PTK2
calibration_sample,5000,71,1,AKT1
calibration_sample,5000,71,3,CDK2
calibration_sample,5000,71,4,CSF1R
calibration_sample,5000,71,5,EGFR
calibration_sample,5000,71,7,IGF1R
calibration_sample,5000,71,8,JAK2
calibration_sample,5000,71,9,KDR
calibration_sample,5000,71,11,LCK
calibration_sample,5000,72,1,AKT1
calibration_sample,5000,72,3,CDK2
calibration_sample,5000,72,4,CSF1R
calibration_sample,5000,72,5,EGFR
calibration_sample,5000,72,9,KDR
calibration_sample,5000,72,13,MAPK1
calibration_sample,5000,72,17,PLK1
calibration_sample,5000,72,20,SRC
calibration_sample,5000,73,1,AKT1
calibration_sample,5000,73,4,CSF1R
calibration_sample,5000,73,5,EGFR
calibration_sample,5000,73,8,JAK2
calibration_sample,5000,73,9,KDR
calibration_sample,5000,73,11,LCK
calibration_sample,5000,73,15,MAPKAPK2
calibration_sample,5000,73,18,PTK2
calibration_sample,5000,74,1,AKT1
calibration_sample,5000,74,3,CDK2
calibration_sample,5000,74,4,CSF1R
calibration_sample,5000,74,5,EGFR
calibration_sample,5000,74,7,IGF1R
calibration_sample,5000,74,9,KDR
calibration_sample,5000,74,18,PTK2
calibration_sample,5000,74,20,SRC
calibration_sample,5000,75,1,AKT1
calibration_sample,5000,75,4,CSF1R
calibration_sample,5000,75,5,EGFR
calibration_sample,5000,75,8,JAK2
calibration_sample,5000,75,9,KDR
calibration_sample,5000,75,11,LCK
calibration_sample,5000,75,15,MAPKAPK2
calibration_sample,5000,75,18,PTK2
calibration_sample,5000,76,1,AKT1
calibration_sample,5000,76,4,CSF1R
calibration_sample,5000,76,5,EGFR
calibration_sample,5000,76,8,JAK2
calibration_sample,5000,76,9,KDR
calibration_sample,5000,76,15,MAPKAPK2
calibration_sample,5000,76,18,PTK2
calibration_sample,5000,76,20,SRC
calibration_sample,5000,77,1,AKT1
calibration_sample,5000,77,4,CSF1R
calibration_sample,5000,77,5,EGFR
calibration_sample,5000,77,8,JAK2
calibration_sample,5000,77,9,KDR
calibration_sample,5000,77,15,MAPKAPK2
calibration_sample,5000,77,18,PTK2
calibration_sample,5000,77,20,SRC
calibration_sample,5000,78,1,AKT1
calibration_sample,5000,78,3,CDK2
calibration_sample,5000,78,4,CSF1R
calibration_sample,5000,78,5,EGFR
calibration_sample,5000,78,7,IGF1R
calibration_sample,5000,78,9,KDR
calibration_sample,5000,78,11,LCK
calibration_sample,5000,78,17,PLK1
calibration_sample,5000,79,1,AKT1
calibration_sample,5000,79,3,CDK2
calibration_sample,5000,79,4,CSF1R
calibration_sample,5000,79,5,EGFR
calibration_sample,5000,79,7,IGF1R
calibration_sample,5000,79,9,KDR
calibration_sample,5000,79,11,LCK
calibration_sample,5000,79,17,PLK1
calibration_sample,5000,80,1,AKT1
calibration_sample,5000,80,3,CDK2
calibration_sample,5000,80,4,CSF1R
calibration_sample,5000,80,5,EGFR
calibration_sample,5000,80,7,IGF1R
calibration_sample,5000,80,9,KDR
calibration_sample,5000,80,18,PTK2
calibration_sample,5000,80,20,SRC
calibration_sample,5000,81,1,AKT1
calibration_sample,5000,81,4,CSF1R
calibration_sample,5000,81,5,EGFR
calibration_sample,5000,81,8,JAK2
calibration_sample,5000,81,9,KDR
calibration_sample,5000,81,11,LCK
calibration_sample,5000,81,15,MAPKAPK2
calibration_sample,5000,81,18,PTK2
calibration_sample,5000,82,1,AKT1
calibration_sample,5000,82,3,CDK2
calibration_sample,5000,82,4,CSF1R
calibration_sample,5000,82,5,EGFR
calibration_sample,5000,82,7,IGF1R
calibration_sample,5000,82,9,KDR
calibration_sample,5000,82,11,LCK
calibration_sample,5000,82,17,PLK1
calibration_sample,5000,83,1,AKT1
calibration_sample,5000,83,4,CSF1R
calibration_sample,5000,83,5,EGFR
calibration_sample,5000,83,8,JAK2
calibration_sample,5000,83,9,KDR
calibration_sample,5000,83,11,LCK
calibration_sample,5000,83,15,MAPKAPK2
calibration_sample,5000,83,18,PTK2
calibration_sample,5000,84,1,AKT1
calibration_sample,5000,84,3,CDK2
calibration_sample,5000,84,4,CSF1R
calibration_sample,5000,84,5,EGFR
calibration_sample,5000,84,8,JAK2
calibration_sample,5000,84,9,KDR
calibration_sample,5000,84,11,LCK
calibration_sample,5000,84,13,MAPK1
calibration_sample,5000,85,1,AKT1
calibration_sample,5000,85,4,CSF1R
calibration_sample,5000,85,5,EGFR
calibration_sample,5000,85,8,JAK2
calibration_sample,5000,85,9,KDR
calibration_sample,5000,85,11,LCK
calibration_sample,5000,85,15,MAPKAPK2
calibration_sample,5000,85,18,PTK2
calibration_sample,5000,86,1,AKT1
calibration_sample,5000,86,4,CSF1R
calibration_sample,5000,86,5,EGFR
calibration_sample,5000,86,8,JAK2
calibration_sample,5000,86,9,KDR
calibration_sample,5000,86,11,LCK
calibration_sample,5000,86,15,MAPKAPK2
calibration_sample,5000,86,18,PTK2
calibration_sample,5000,87,1,AKT1
calibration_sample,5000,87,4,CSF1R
calibration_sample,5000,87,5,EGFR
calibration_sample,5000,87,8,JAK2
calibration_sample,5000,87,9,KDR
calibration_sample,5000,87,11,LCK
calibration_sample,5000,87,15,MAPKAPK2
calibration_sample,5000,87,18,PTK2
calibration_sample,5000,88,1,AKT1
calibration_sample,5000,88,3,CDK2
calibration_sample,5000,88,4,CSF1R
calibration_sample,5000,88,5,EGFR
calibration_sample,5000,88,7,IGF1R
calibration_sample,5000,88,8,JAK2
calibration_sample,5000,88,9,KDR
calibration_sample,5000,88,11,LCK
calibration_sample,5000,89,1,AKT1
calibration_sample,5000,89,4,CSF1R
calibration_sample,5000,89,5,EGFR
calibration_sample,5000,89,8,JAK2
calibration_sample,5000,89,9,KDR
calibration_sample,5000,89,11,LCK
calibration_sample,5000,89,15,MAPKAPK2
calibration_sample,5000,89,18,PTK2
calibration_sample,5000,90,1,AKT1
calibration_sample,5000,90,4,CSF1R
calibration_sample,5000,90,5,EGFR
calibration_sample,5000,90,8,JAK2
calibration_sample,5000,90,9,KDR
calibration_sample,5000,90,15,MAPKAPK2
calibration_sample,5000,90,18,PTK2
calibration_sample,5000,90,20,SRC
calibration_sample,5000,91,1,AKT1
calibration_sample,5000,91,4,CSF1R
calibration_sample,5000,91,5,EGFR
calibration_sample,5000,91,8,JAK2
calibration_sample,5000,91,9,KDR
calibration_sample,5000,91,11,LCK
calibration_sample,5000,91,15,MAPKAPK2
calibration_sample,5000,91,18,PTK2
calibration_sample,5000,92,1,AKT1
calibration_sample,5000,92,4,CSF1R
calibration_sample,5000,92,5,EGFR
calibration_sample,5000,92,8,JAK2
calibration_sample,5000,92,9,KDR
calibration_sample,5000,92,11,LCK
calibration_sample,5000,92,15,MAPKAPK2
calibration_sample,5000,92,18,PTK2
calibration_sample,5000,93,1,AKT1
calibration_sample,5000,93,4,CSF1R
calibration_sample,5000,93,5,EGFR
calibration_sample,5000,93,8,JAK2
calibration_sample,5000,93,9,KDR
calibration_sample,5000,93,11,LCK
calibration_sample,5000,93,15,MAPKAPK2
calibration_sample,5000,93,18,PTK2
calibration_sample,5000,94,1,AKT1
calibration_sample,5000,94,3,CDK2
calibration_sample,5000,94,4,CSF1R
calibration_sample,5000,94,5,EGFR
calibration_sample,5000,94,7,IGF1R
calibration_sample,5000,94,9,KDR
calibration_sample,5000,94,18,PTK2
calibration_sample,5000,94,20,SRC
calibration_sample,5000,95,1,AKT1
calibration_sample,5000,95,4,CSF1R
calibration_sample,5000,95,5,EGFR
calibration_sample,5000,95,8,JAK2
calibration_sample,5000,95,9,KDR
calibration_sample,5000,95,11,LCK
calibration_sample,5000,95,15,MAPKAPK2
calibration_sample,5000,95,18,PTK2
calibration_sample,5000,96,1,AKT1
calibration_sample,5000,96,4,CSF1R
calibration_sample,5000,96,5,EGFR
calibration_sample,5000,96,8,JAK2
calibration_sample,5000,96,9,KDR
calibration_sample,5000,96,11,LCK
calibration_sample,5000,96,15,MAPKAPK2
calibration_sample,5000,96,18,PTK2
calibration_sample,5000,97,1,AKT1
calibration_sample,5000,97,3,CDK2
calibration_sample,5000,97,4,CSF1R
calibration_sample,5000,97,5,EGFR
calibration_sample,5000,97,7,IGF1R
calibration_sample,5000,97,9,KDR
calibration_sample,5000,97,18,PTK2
calibration_sample,5000,97,20,SRC
calibration_sample,5000,98,1,AKT1
calibration_sample,5000,98,4,CSF1R
calibration_sample,5000,98,5,EGFR
calibration_sample,5000,98,8,JAK2
calibration_sample,5000,98,9,KDR
calibration_sample,5000,98,15,MAPKAPK2
calibration_sample,5000,98,18,PTK2
calibration_sample,5000,98,20,SRC
calibration_sample,5000,99,1,AKT1
calibration_sample,5000,99,4,CSF1R
calibration_sample,5000,99,5,EGFR
calibration_sample,5000,99,8,JAK2
calibration_sample,5000,99,9,KDR
calibration_sample,5000,99,11,LCK
calibration_sample,5000,99,15,MAPKAPK2
calibration_sample,5000,99,18,PTK2
calibration_sample,15000,0,1,AKT1
calibration_sample,15000,0,4,CSF1R
calibration_sample,15000,0,5,EGFR
calibration_sample,15000,0,8,JAK2
calibration_sample,15000,0,9,KDR
calibration_sample,15000,0,11,LCK
calibration_sample,15000,0,15,MAPKAPK2
calibration_sample,15000,0,18,PTK2
calibration_sample,15000,1,1,AKT1
calibration_sample,15000,1,4,CSF1R
calibration_sample,15000,1,5,EGFR
calibration_sample,15000,1,8,JAK2
calibration_sample,15000,1,9,KDR
calibration_sample,15000,1,11,LCK
calibration_sample,15000,1,15,MAPKAPK2
calibration_sample,15000,1,18,PTK2
calibration_sample,15000,2,1,AKT1
calibration_sample,15000,2,4,CSF1R
calibration_sample,15000,2,5,EGFR
calibration_sample,15000,2,8,JAK2
calibration_sample,15000,2,9,KDR
calibration_sample,15000,2,11,LCK
calibration_sample,15000,2,15,MAPKAPK2
calibration_sample,15000,2,18,PTK2
calibration_sample,15000,3,1,AKT1
calibration_sample,15000,3,4,CSF1R
calibration_sample,15000,3,5,EGFR
calibration_sample,15000,3,8,JAK2
calibration_sample,15000,3,9,KDR
calibration_sample,15000,3,11,LCK
calibration_sample,15000,3,15,MAPKAPK2
calibration_sample,15000,3,18,PTK2
calibration_sample,15000,4,1,AKT1
calibration_sample,15000,4,3,CDK2
calibration_sample,15000,4,4,CSF1R
calibration_sample,15000,4,5,EGFR
calibration_sample,15000,4,7,IGF1R
calibration_sample,15000,4,9,KDR
calibration_sample,15000,4,18,PTK2
calibration_sample,15000,4,20,SRC
calibration_sample,15000,5,1,AKT1
calibration_sample,15000,5,4,CSF1R
calibration_sample,15000,5,5,EGFR
calibration_sample,15000,5,8,JAK2
calibration_sample,15000,5,9,KDR
calibration_sample,15000,5,15,MAPKAPK2
calibration_sample,15000,5,18,PTK2
calibration_sample,15000,5,20,SRC
calibration_sample,15000,6,1,AKT1
calibration_sample,15000,6,5,EGFR
calibration_sample,15000,6,8,JAK2
calibration_sample,15000,6,9,KDR
calibration_sample,15000,6,11,LCK
calibration_sample,15000,6,14,MAPK14
calibration_sample,15000,6,15,MAPKAPK2
calibration_sample,15000,6,18,PTK2
calibration_sample,15000,7,1,AKT1
calibration_sample,15000,7,4,CSF1R
calibration_sample,15000,7,5,EGFR
calibration_sample,15000,7,8,JAK2
calibration_sample,15000,7,9,KDR
calibration_sample,15000,7,15,MAPKAPK2
calibration_sample,15000,7,18,PTK2
calibration_sample,15000,7,20,SRC
calibration_sample,15000,8,1,AKT1
calibration_sample,15000,8,4,CSF1R
calibration_sample,15000,8,5,EGFR
calibration_sample,15000,8,8,JAK2
calibration_sample,15000,8,9,KDR
calibration_sample,15000,8,11,LCK
calibration_sample,15000,8,15,MAPKAPK2
calibration_sample,15000,8,18,PTK2
calibration_sample,15000,9,1,AKT1
calibration_sample,15000,9,4,CSF1R
calibration_sample,15000,9,5,EGFR
calibration_sample,15000,9,8,JAK2
calibration_sample,15000,9,9,KDR
calibration_sample,15000,9,11,LCK
calibration_sample,15000,9,15,MAPKAPK2
calibration_sample,15000,9,18,PTK2
calibration_sample,15000,10,1,AKT1
calibration_sample,15000,10,4,CSF1R
calibration_sample,15000,10,5,EGFR
calibration_sample,15000,10,8,JAK2
calibration_sample,15000,10,9,KDR
calibration_sample,15000,10,11,LCK
calibration_sample,15000,10,15,MAPKAPK2
calibration_sample,15000,10,18,PTK2
calibration_sample,15000,11,1,AKT1
calibration_sample,15000,11,4,CSF1R
calibration_sample,15000,11,5,EGFR
calibration_sample,15000,11,8,JAK2
calibration_sample,15000,11,9,KDR
calibration_sample,15000,11,11,LCK
calibration_sample,15000,11,15,MAPKAPK2
calibration_sample,15000,11,18,PTK2
calibration_sample,15000,12,1,AKT1
calibration_sample,15000,12,4,CSF1R
calibration_sample,15000,12,5,EGFR
calibration_sample,15000,12,8,JAK2
calibration_sample,15000,12,9,KDR
calibration_sample,15000,12,11,LCK
calibration_sample,15000,12,15,MAPKAPK2
calibration_sample,15000,12,18,PTK2
calibration_sample,15000,13,1,AKT1
calibration_sample,15000,13,4,CSF1R
calibration_sample,15000,13,5,EGFR
calibration_sample,15000,13,8,JAK2
calibration_sample,15000,13,9,KDR
calibration_sample,15000,13,15,MAPKAPK2
calibration_sample,15000,13,18,PTK2
calibration_sample,15000,13,20,SRC
calibration_sample,15000,14,1,AKT1
calibration_sample,15000,14,4,CSF1R
calibration_sample,15000,14,5,EGFR
calibration_sample,15000,14,8,JAK2
calibration_sample,15000,14,9,KDR
calibration_sample,15000,14,11,LCK
calibration_sample,15000,14,15,MAPKAPK2
calibration_sample,15000,14,18,PTK2
calibration_sample,15000,15,1,AKT1
calibration_sample,15000,15,4,CSF1R
calibration_sample,15000,15,5,EGFR
calibration_sample,15000,15,8,JAK2
calibration_sample,15000,15,9,KDR
calibration_sample,15000,15,11,LCK
calibration_sample,15000,15,15,MAPKAPK2
calibration_sample,15000,15,18,PTK2
calibration_sample,15000,16,1,AKT1
calibration_sample,15000,16,4,CSF1R
calibration_sample,15000,16,5,EGFR
calibration_sample,15000,16,8,JAK2
calibration_sample,15000,16,9,KDR
calibration_sample,15000,16,11,LCK
calibration_sample,15000,16,15,MAPKAPK2
calibration_sample,15000,16,18,PTK2
calibration_sample,15000,17,1,AKT1
calibration_sample,15000,17,4,CSF1R
calibration_sample,15000,17,5,EGFR
calibration_sample,15000,17,8,JAK2
calibration_sample,15000,17,9,KDR
calibration_sample,15000,17,15,MAPKAPK2
calibration_sample,15000,17,18,PTK2
calibration_sample,15000,17,20,SRC
calibration_sample,15000,18,1,AKT1
calibration_sample,15000,18,4,CSF1R
calibration_sample,15000,18,5,EGFR
calibration_sample,15000,18,8,JAK2
calibration_sample,15000,18,9,KDR
calibration_sample,15000,18,11,LCK
calibration_sample,15000,18,15,MAPKAPK2
calibration_sample,15000,18,18,PTK2
calibration_sample,15000,19,1,AKT1
calibration_sample,15000,19,5,EGFR
calibration_sample,15000,19,8,JAK2
calibration_sample,15000,19,9,KDR
calibration_sample,15000,19,11,LCK
calibration_sample,15000,19,14,MAPK14
calibration_sample,15000,19,15,MAPKAPK2
calibration_sample,15000,19,18,PTK2
calibration_sample,15000,20,1,AKT1
calibration_sample,15000,20,4,CSF1R
calibration_sample,15000,20,5,EGFR
calibration_sample,15000,20,8,JAK2
calibration_sample,15000,20,9,KDR
calibration_sample,15000,20,11,LCK
calibration_sample,15000,20,15,MAPKAPK2
calibration_sample,15000,20,18,PTK2
calibration_sample,15000,21,1,AKT1
calibration_sample,15000,21,4,CSF1R
calibration_sample,15000,21,5,EGFR
calibration_sample,15000,21,8,JAK2
calibration_sample,15000,21,9,KDR
calibration_sample,15000,21,11,LCK
calibration_sample,15000,21,15,MAPKAPK2
calibration_sample,15000,21,18,PTK2
calibration_sample,15000,22,1,AKT1
calibration_sample,15000,22,4,CSF1R
calibration_sample,15000,22,5,EGFR
calibration_sample,15000,22,8,JAK2
calibration_sample,15000,22,9,KDR
calibration_sample,15000,22,11,LCK
calibration_sample,15000,22,15,MAPKAPK2
calibration_sample,15000,22,18,PTK2
calibration_sample,15000,23,1,AKT1
calibration_sample,15000,23,4,CSF1R
calibration_sample,15000,23,5,EGFR
calibration_sample,15000,23,8,JAK2
calibration_sample,15000,23,9,KDR
calibration_sample,15000,23,11,LCK
calibration_sample,15000,23,15,MAPKAPK2
calibration_sample,15000,23,18,PTK2
calibration_sample,15000,24,1,AKT1
calibration_sample,15000,24,4,CSF1R
calibration_sample,15000,24,5,EGFR
calibration_sample,15000,24,8,JAK2
calibration_sample,15000,24,9,KDR
calibration_sample,15000,24,15,MAPKAPK2
calibration_sample,15000,24,18,PTK2
calibration_sample,15000,24,20,SRC
calibration_sample,15000,25,1,AKT1
calibration_sample,15000,25,4,CSF1R
calibration_sample,15000,25,5,EGFR
calibration_sample,15000,25,8,JAK2
calibration_sample,15000,25,9,KDR
calibration_sample,15000,25,11,LCK
calibration_sample,15000,25,15,MAPKAPK2
calibration_sample,15000,25,18,PTK2
calibration_sample,15000,26,1,AKT1
calibration_sample,15000,26,5,EGFR
calibration_sample,15000,26,8,JAK2
calibration_sample,15000,26,9,KDR
calibration_sample,15000,26,14,MAPK14
calibration_sample,15000,26,15,MAPKAPK2
calibration_sample,15000,26,18,PTK2
calibration_sample,15000,26,20,SRC
calibration_sample,15000,27,1,AKT1
calibration_sample,15000,27,4,CSF1R
calibration_sample,15000,27,5,EGFR
calibration_sample,15000,27,8,JAK2
calibration_sample,15000,27,9,KDR
calibration_sample,15000,27,11,LCK
calibration_sample,15000,27,15,MAPKAPK2
calibration_sample,15000,27,18,PTK2
calibration_sample,15000,28,1,AKT1
calibration_sample,15000,28,4,CSF1R
calibration_sample,15000,28,5,EGFR
calibration_sample,15000,28,8,JAK2
calibration_sample,15000,28,9,KDR
calibration_sample,15000,28,15,MAPKAPK2
calibration_sample,15000,28,18,PTK2
calibration_sample,15000,28,20,SRC
calibration_sample,15000,29,1,AKT1
calibration_sample,15000,29,4,CSF1R
calibration_sample,15000,29,5,EGFR
calibration_sample,15000,29,8,JAK2
calibration_sample,15000,29,9,KDR
calibration_sample,15000,29,11,LCK
calibration_sample,15000,29,15,MAPKAPK2
calibration_sample,15000,29,18,PTK2
calibration_sample,15000,30,1,AKT1
calibration_sample,15000,30,4,CSF1R
calibration_sample,15000,30,5,EGFR
calibration_sample,15000,30,8,JAK2
calibration_sample,15000,30,9,KDR
calibration_sample,15000,30,11,LCK
calibration_sample,15000,30,15,MAPKAPK2
calibration_sample,15000,30,18,PTK2
calibration_sample,15000,31,1,AKT1
calibration_sample,15000,31,4,CSF1R
calibration_sample,15000,31,5,EGFR
calibration_sample,15000,31,8,JAK2
calibration_sample,15000,31,9,KDR
calibration_sample,15000,31,11,LCK
calibration_sample,15000,31,15,MAPKAPK2
calibration_sample,15000,31,18,PTK2
calibration_sample,15000,32,1,AKT1
calibration_sample,15000,32,4,CSF1R
calibration_sample,15000,32,5,EGFR
calibration_sample,15000,32,8,JAK2
calibration_sample,15000,32,9,KDR
calibration_sample,15000,32,11,LCK
calibration_sample,15000,32,15,MAPKAPK2
calibration_sample,15000,32,18,PTK2
calibration_sample,15000,33,1,AKT1
calibration_sample,15000,33,5,EGFR
calibration_sample,15000,33,8,JAK2
calibration_sample,15000,33,9,KDR
calibration_sample,15000,33,11,LCK
calibration_sample,15000,33,14,MAPK14
calibration_sample,15000,33,15,MAPKAPK2
calibration_sample,15000,33,18,PTK2
calibration_sample,15000,34,1,AKT1
calibration_sample,15000,34,3,CDK2
calibration_sample,15000,34,4,CSF1R
calibration_sample,15000,34,5,EGFR
calibration_sample,15000,34,7,IGF1R
calibration_sample,15000,34,9,KDR
calibration_sample,15000,34,15,MAPKAPK2
calibration_sample,15000,34,20,SRC
calibration_sample,15000,35,1,AKT1
calibration_sample,15000,35,4,CSF1R
calibration_sample,15000,35,5,EGFR
calibration_sample,15000,35,8,JAK2
calibration_sample,15000,35,9,KDR
calibration_sample,15000,35,11,LCK
calibration_sample,15000,35,15,MAPKAPK2
calibration_sample,15000,35,18,PTK2
calibration_sample,15000,36,1,AKT1
calibration_sample,15000,36,4,CSF1R
calibration_sample,15000,36,5,EGFR
calibration_sample,15000,36,8,JAK2
calibration_sample,15000,36,9,KDR
calibration_sample,15000,36,11,LCK
calibration_sample,15000,36,15,MAPKAPK2
calibration_sample,15000,36,18,PTK2
calibration_sample,15000,37,1,AKT1
calibration_sample,15000,37,4,CSF1R
calibration_sample,15000,37,5,EGFR
calibration_sample,15000,37,8,JAK2
calibration_sample,15000,37,9,KDR
calibration_sample,15000,37,15,MAPKAPK2
calibration_sample,15000,37,18,PTK2
calibration_sample,15000,37,20,SRC
calibration_sample,15000,38,1,AKT1
calibration_sample,15000,38,4,CSF1R
calibration_sample,15000,38,5,EGFR
calibration_sample,15000,38,8,JAK2
calibration_sample,15000,38,9,KDR
calibration_sample,15000,38,11,LCK
calibration_sample,15000,38,15,MAPKAPK2
calibration_sample,15000,38,18,PTK2
calibration_sample,15000,39,1,AKT1
calibration_sample,15000,39,4,CSF1R
calibration_sample,15000,39,5,EGFR
calibration_sample,15000,39,8,JAK2
calibration_sample,15000,39,9,KDR
calibration_sample,15000,39,11,LCK
calibration_sample,15000,39,15,MAPKAPK2
calibration_sample,15000,39,18,PTK2
calibration_sample,15000,40,1,AKT1
calibration_sample,15000,40,4,CSF1R
calibration_sample,15000,40,5,EGFR
calibration_sample,15000,40,8,JAK2
calibration_sample,15000,40,9,KDR
calibration_sample,15000,40,11,LCK
calibration_sample,15000,40,15,MAPKAPK2
calibration_sample,15000,40,18,PTK2
calibration_sample,15000,41,1,AKT1
calibration_sample,15000,41,5,EGFR
calibration_sample,15000,41,8,JAK2
calibration_sample,15000,41,9,KDR
calibration_sample,15000,41,14,MAPK14
calibration_sample,15000,41,15,MAPKAPK2
calibration_sample,15000,41,18,PTK2
calibration_sample,15000,41,20,SRC
calibration_sample,15000,42,1,AKT1
calibration_sample,15000,42,5,EGFR
calibration_sample,15000,42,8,JAK2
calibration_sample,15000,42,9,KDR
calibration_sample,15000,42,11,LCK
calibration_sample,15000,42,14,MAPK14
calibration_sample,15000,42,15,MAPKAPK2
calibration_sample,15000,42,18,PTK2
calibration_sample,15000,43,1,AKT1
calibration_sample,15000,43,4,CSF1R
calibration_sample,15000,43,5,EGFR
calibration_sample,15000,43,8,JAK2
calibration_sample,15000,43,9,KDR
calibration_sample,15000,43,11,LCK
calibration_sample,15000,43,15,MAPKAPK2
calibration_sample,15000,43,18,PTK2
calibration_sample,15000,44,1,AKT1
calibration_sample,15000,44,4,CSF1R
calibration_sample,15000,44,5,EGFR
calibration_sample,15000,44,8,JAK2
calibration_sample,15000,44,9,KDR
calibration_sample,15000,44,15,MAPKAPK2
calibration_sample,15000,44,18,PTK2
calibration_sample,15000,44,20,SRC
calibration_sample,15000,45,1,AKT1
calibration_sample,15000,45,4,CSF1R
calibration_sample,15000,45,5,EGFR
calibration_sample,15000,45,8,JAK2
calibration_sample,15000,45,9,KDR
calibration_sample,15000,45,11,LCK
calibration_sample,15000,45,15,MAPKAPK2
calibration_sample,15000,45,18,PTK2
calibration_sample,15000,46,1,AKT1
calibration_sample,15000,46,4,CSF1R
calibration_sample,15000,46,5,EGFR
calibration_sample,15000,46,8,JAK2
calibration_sample,15000,46,9,KDR
calibration_sample,15000,46,11,LCK
calibration_sample,15000,46,15,MAPKAPK2
calibration_sample,15000,46,18,PTK2
calibration_sample,15000,47,1,AKT1
calibration_sample,15000,47,4,CSF1R
calibration_sample,15000,47,5,EGFR
calibration_sample,15000,47,8,JAK2
calibration_sample,15000,47,9,KDR
calibration_sample,15000,47,11,LCK
calibration_sample,15000,47,15,MAPKAPK2
calibration_sample,15000,47,18,PTK2
calibration_sample,15000,48,1,AKT1
calibration_sample,15000,48,4,CSF1R
calibration_sample,15000,48,5,EGFR
calibration_sample,15000,48,8,JAK2
calibration_sample,15000,48,9,KDR
calibration_sample,15000,48,11,LCK
calibration_sample,15000,48,15,MAPKAPK2
calibration_sample,15000,48,18,PTK2
calibration_sample,15000,49,1,AKT1
calibration_sample,15000,49,4,CSF1R
calibration_sample,15000,49,5,EGFR
calibration_sample,15000,49,8,JAK2
calibration_sample,15000,49,9,KDR
calibration_sample,15000,49,11,LCK
calibration_sample,15000,49,15,MAPKAPK2
calibration_sample,15000,49,18,PTK2
calibration_sample,15000,50,1,AKT1
calibration_sample,15000,50,4,CSF1R
calibration_sample,15000,50,5,EGFR
calibration_sample,15000,50,8,JAK2
calibration_sample,15000,50,9,KDR
calibration_sample,15000,50,11,LCK
calibration_sample,15000,50,15,MAPKAPK2
calibration_sample,15000,50,18,PTK2
calibration_sample,15000,51,1,AKT1
calibration_sample,15000,51,4,CSF1R
calibration_sample,15000,51,5,EGFR
calibration_sample,15000,51,8,JAK2
calibration_sample,15000,51,9,KDR
calibration_sample,15000,51,11,LCK
calibration_sample,15000,51,15,MAPKAPK2
calibration_sample,15000,51,18,PTK2
calibration_sample,15000,52,1,AKT1
calibration_sample,15000,52,4,CSF1R
calibration_sample,15000,52,5,EGFR
calibration_sample,15000,52,8,JAK2
calibration_sample,15000,52,9,KDR
calibration_sample,15000,52,11,LCK
calibration_sample,15000,52,15,MAPKAPK2
calibration_sample,15000,52,18,PTK2
calibration_sample,15000,53,1,AKT1
calibration_sample,15000,53,4,CSF1R
calibration_sample,15000,53,5,EGFR
calibration_sample,15000,53,8,JAK2
calibration_sample,15000,53,9,KDR
calibration_sample,15000,53,15,MAPKAPK2
calibration_sample,15000,53,18,PTK2
calibration_sample,15000,53,20,SRC
calibration_sample,15000,54,1,AKT1
calibration_sample,15000,54,4,CSF1R
calibration_sample,15000,54,5,EGFR
calibration_sample,15000,54,8,JAK2
calibration_sample,15000,54,9,KDR
calibration_sample,15000,54,11,LCK
calibration_sample,15000,54,15,MAPKAPK2
calibration_sample,15000,54,18,PTK2
calibration_sample,15000,55,1,AKT1
calibration_sample,15000,55,4,CSF1R
calibration_sample,15000,55,5,EGFR
calibration_sample,15000,55,8,JAK2
calibration_sample,15000,55,9,KDR
calibration_sample,15000,55,11,LCK
calibration_sample,15000,55,15,MAPKAPK2
calibration_sample,15000,55,18,PTK2
calibration_sample,15000,56,1,AKT1
calibration_sample,15000,56,4,CSF1R
calibration_sample,15000,56,5,EGFR
calibration_sample,15000,56,8,JAK2
calibration_sample,15000,56,9,KDR
calibration_sample,15000,56,11,LCK
calibration_sample,15000,56,15,MAPKAPK2
calibration_sample,15000,56,18,PTK2
calibration_sample,15000,57,1,AKT1
calibration_sample,15000,57,4,CSF1R
calibration_sample,15000,57,5,EGFR
calibration_sample,15000,57,8,JAK2
calibration_sample,15000,57,9,KDR
calibration_sample,15000,57,11,LCK
calibration_sample,15000,57,15,MAPKAPK2
calibration_sample,15000,57,18,PTK2
calibration_sample,15000,58,1,AKT1
calibration_sample,15000,58,4,CSF1R
calibration_sample,15000,58,5,EGFR
calibration_sample,15000,58,8,JAK2
calibration_sample,15000,58,9,KDR
calibration_sample,15000,58,15,MAPKAPK2
calibration_sample,15000,58,18,PTK2
calibration_sample,15000,58,20,SRC
calibration_sample,15000,59,1,AKT1
calibration_sample,15000,59,4,CSF1R
calibration_sample,15000,59,5,EGFR
calibration_sample,15000,59,8,JAK2
calibration_sample,15000,59,9,KDR
calibration_sample,15000,59,15,MAPKAPK2
calibration_sample,15000,59,18,PTK2
calibration_sample,15000,59,20,SRC
calibration_sample,15000,60,1,AKT1
calibration_sample,15000,60,4,CSF1R
calibration_sample,15000,60,5,EGFR
calibration_sample,15000,60,8,JAK2
calibration_sample,15000,60,9,KDR
calibration_sample,15000,60,11,LCK
calibration_sample,15000,60,15,MAPKAPK2
calibration_sample,15000,60,18,PTK2
calibration_sample,15000,61,1,AKT1
calibration_sample,15000,61,4,CSF1R
calibration_sample,15000,61,5,EGFR
calibration_sample,15000,61,8,JAK2
calibration_sample,15000,61,9,KDR
calibration_sample,15000,61,15,MAPKAPK2
calibration_sample,15000,61,18,PTK2
calibration_sample,15000,61,20,SRC
calibration_sample,15000,62,1,AKT1
calibration_sample,15000,62,4,CSF1R
calibration_sample,15000,62,5,EGFR
calibration_sample,15000,62,8,JAK2
calibration_sample,15000,62,9,KDR
calibration_sample,15000,62,11,LCK
calibration_sample,15000,62,15,MAPKAPK2
calibration_sample,15000,62,18,PTK2
calibration_sample,15000,63,1,AKT1
calibration_sample,15000,63,4,CSF1R
calibration_sample,15000,63,5,EGFR
calibration_sample,15000,63,8,JAK2
calibration_sample,15000,63,9,KDR
calibration_sample,15000,63,11,LCK
calibration_sample,15000,63,15,MAPKAPK2
calibration_sample,15000,63,18,PTK2
calibration_sample,15000,64,1,AKT1
calibration_sample,15000,64,3,CDK2
calibration_sample,15000,64,4,CSF1R
calibration_sample,15000,64,5,EGFR
calibration_sample,15000,64,7,IGF1R
calibration_sample,15000,64,9,KDR
calibration_sample,15000,64,11,LCK
calibration_sample,15000,64,17,PLK1
calibration_sample,15000,65,1,AKT1
calibration_sample,15000,65,4,CSF1R
calibration_sample,15000,65,5,EGFR
calibration_sample,15000,65,8,JAK2
calibration_sample,15000,65,9,KDR
calibration_sample,15000,65,15,MAPKAPK2
calibration_sample,15000,65,18,PTK2
calibration_sample,15000,65,20,SRC
calibration_sample,15000,66,1,AKT1
calibration_sample,15000,66,4,CSF1R
calibration_sample,15000,66,5,EGFR
calibration_sample,15000,66,8,JAK2
calibration_sample,15000,66,9,KDR
calibration_sample,15000,66,11,LCK
calibration_sample,15000,66,15,MAPKAPK2
calibration_sample,15000,66,18,PTK2
calibration_sample,15000,67,1,AKT1
calibration_sample,15000,67,4,CSF1R
calibration_sample,15000,67,5,EGFR
calibration_sample,15000,67,8,JAK2
calibration_sample,15000,67,9,KDR
calibration_sample,15000,67,11,LCK
calibration_sample,15000,67,15,MAPKAPK2
calibration_sample,15000,67,18,PTK2
calibration_sample,15000,68,1,AKT1
calibration_sample,15000,68,4,CSF1R
calibration_sample,15000,68,5,EGFR
calibration_sample,15000,68,8,JAK2
calibration_sample,15000,68,9,KDR
calibration_sample,15000,68,15,MAPKAPK2
calibration_sample,15000,68,18,PTK2
calibration_sample,15000,68,20,SRC
calibration_sample,15000,69,1,AKT1
calibration_sample,15000,69,4,CSF1R
calibration_sample,15000,69,5,EGFR
calibration_sample,15000,69,8,JAK2
calibration_sample,15000,69,9,KDR
calibration_sample,15000,69,15,MAPKAPK2
calibration_sample,15000,69,18,PTK2
calibration_sample,15000,69,20,SRC
calibration_sample,15000,70,1,AKT1
calibration_sample,15000,70,4,CSF1R
calibration_sample,15000,70,5,EGFR
calibration_sample,15000,70,8,JAK2
calibration_sample,15000,70,9,KDR
calibration_sample,15000,70,11,LCK
calibration_sample,15000,70,15,MAPKAPK2
calibration_sample,15000,70,18,PTK2
calibration_sample,15000,71,1,AKT1
calibration_sample,15000,71,4,CSF1R
calibration_sample,15000,71,5,EGFR
calibration_sample,15000,71,8,JAK2
calibration_sample,15000,71,9,KDR
calibration_sample,15000,71,11,LCK
calibration_sample,15000,71,15,MAPKAPK2
calibration_sample,15000,71,18,PTK2
calibration_sample,15000,72,1,AKT1
calibration_sample,15000,72,4,CSF1R
calibration_sample,15000,72,5,EGFR
calibration_sample,15000,72,8,JAK2
calibration_sample,15000,72,9,KDR
calibration_sample,15000,72,11,LCK
calibration_sample,15000,72,15,MAPKAPK2
calibration_sample,15000,72,18,PTK2
calibration_sample,15000,73,1,AKT1
calibration_sample,15000,73,4,CSF1R
calibration_sample,15000,73,5,EGFR
calibration_sample,15000,73,8,JAK2
calibration_sample,15000,73,9,KDR
calibration_sample,15000,73,11,LCK
calibration_sample,15000,73,15,MAPKAPK2
calibration_sample,15000,73,18,PTK2
calibration_sample,15000,74,1,AKT1
calibration_sample,15000,74,4,CSF1R
calibration_sample,15000,74,5,EGFR
calibration_sample,15000,74,8,JAK2
calibration_sample,15000,74,9,KDR
calibration_sample,15000,74,15,MAPKAPK2
calibration_sample,15000,74,18,PTK2
calibration_sample,15000,74,20,SRC
calibration_sample,15000,75,1,AKT1
calibration_sample,15000,75,4,CSF1R
calibration_sample,15000,75,5,EGFR
calibration_sample,15000,75,8,JAK2
calibration_sample,15000,75,9,KDR
calibration_sample,15000,75,11,LCK
calibration_sample,15000,75,15,MAPKAPK2
calibration_sample,15000,75,18,PTK2
calibration_sample,15000,76,1,AKT1
calibration_sample,15000,76,4,CSF1R
calibration_sample,15000,76,5,EGFR
calibration_sample,15000,76,8,JAK2
calibration_sample,15000,76,9,KDR
calibration_sample,15000,76,11,LCK
calibration_sample,15000,76,15,MAPKAPK2
calibration_sample,15000,76,18,PTK2
calibration_sample,15000,77,1,AKT1
calibration_sample,15000,77,4,CSF1R
calibration_sample,15000,77,5,EGFR
calibration_sample,15000,77,8,JAK2
calibration_sample,15000,77,9,KDR
calibration_sample,15000,77,11,LCK
calibration_sample,15000,77,15,MAPKAPK2
calibration_sample,15000,77,18,PTK2
calibration_sample,15000,78,1,AKT1
calibration_sample,15000,78,3,CDK2
calibration_sample,15000,78,4,CSF1R
calibration_sample,15000,78,5,EGFR
calibration_sample,15000,78,7,IGF1R
calibration_sample,15000,78,9,KDR
calibration_sample,15000,78,18,PTK2
calibration_sample,15000,78,20,SRC
calibration_sample,15000,79,1,AKT1
calibration_sample,15000,79,4,CSF1R
calibration_sample,15000,79,5,EGFR
calibration_sample,15000,79,8,JAK2
calibration_sample,15000,79,9,KDR
calibration_sample,15000,79,11,LCK
calibration_sample,15000,79,15,MAPKAPK2
calibration_sample,15000,79,18,PTK2
calibration_sample,15000,80,1,AKT1
calibration_sample,15000,80,4,CSF1R
calibration_sample,15000,80,5,EGFR
calibration_sample,15000,80,8,JAK2
calibration_sample,15000,80,9,KDR
calibration_sample,15000,80,11,LCK
calibration_sample,15000,80,15,MAPKAPK2
calibration_sample,15000,80,18,PTK2
calibration_sample,15000,81,1,AKT1
calibration_sample,15000,81,4,CSF1R
calibration_sample,15000,81,5,EGFR
calibration_sample,15000,81,8,JAK2
calibration_sample,15000,81,9,KDR
calibration_sample,15000,81,11,LCK
calibration_sample,15000,81,15,MAPKAPK2
calibration_sample,15000,81,18,PTK2
calibration_sample,15000,82,1,AKT1
calibration_sample,15000,82,4,CSF1R
calibration_sample,15000,82,5,EGFR
calibration_sample,15000,82,8,JAK2
calibration_sample,15000,82,9,KDR
calibration_sample,15000,82,11,LCK
calibration_sample,15000,82,15,MAPKAPK2
calibration_sample,15000,82,18,PTK2
calibration_sample,15000,83,1,AKT1
calibration_sample,15000,83,4,CSF1R
calibration_sample,15000,83,5,EGFR
calibration_sample,15000,83,8,JAK2
calibration_sample,15000,83,9,KDR
calibration_sample,15000,83,11,LCK
calibration_sample,15000,83,15,MAPKAPK2
calibration_sample,15000,83,18,PTK2
calibration_sample,15000,84,1,AKT1
calibration_sample,15000,84,4,CSF1R
calibration_sample,15000,84,5,EGFR
calibration_sample,15000,84,8,JAK2
calibration_sample,15000,84,9,KDR
calibration_sample,15000,84,15,MAPKAPK2
calibration_sample,15000,84,18,PTK2
calibration_sample,15000,84,20,SRC
calibration_sample,15000,85,1,AKT1
calibration_sample,15000,85,4,CSF1R
calibration_sample,15000,85,5,EGFR
calibration_sample,15000,85,8,JAK2
calibration_sample,15000,85,9,KDR
calibration_sample,15000,85,11,LCK
calibration_sample,15000,85,15,MAPKAPK2
calibration_sample,15000,85,18,PTK2
calibration_sample,15000,86,1,AKT1
calibration_sample,15000,86,4,CSF1R
calibration_sample,15000,86,5,EGFR
calibration_sample,15000,86,8,JAK2
calibration_sample,15000,86,9,KDR
calibration_sample,15000,86,11,LCK
calibration_sample,15000,86,15,MAPKAPK2
calibration_sample,15000,86,18,PTK2
calibration_sample,15000,87,1,AKT1
calibration_sample,15000,87,4,CSF1R
calibration_sample,15000,87,5,EGFR
calibration_sample,15000,87,8,JAK2
calibration_sample,15000,87,9,KDR
calibration_sample,15000,87,11,LCK
calibration_sample,15000,87,15,MAPKAPK2
calibration_sample,15000,87,18,PTK2
calibration_sample,15000,88,1,AKT1
calibration_sample,15000,88,4,CSF1R
calibration_sample,15000,88,5,EGFR
calibration_sample,15000,88,8,JAK2
calibration_sample,15000,88,9,KDR
calibration_sample,15000,88,15,MAPKAPK2
calibration_sample,15000,88,18,PTK2
calibration_sample,15000,88,20,SRC
calibration_sample,15000,89,1,AKT1
calibration_sample,15000,89,4,CSF1R
calibration_sample,15000,89,5,EGFR
calibration_sample,15000,89,8,JAK2
calibration_sample,15000,89,9,KDR
calibration_sample,15000,89,11,LCK
calibration_sample,15000,89,15,MAPKAPK2
calibration_sample,15000,89,18,PTK2
calibration_sample,15000,90,1,AKT1
calibration_sample,15000,90,4,CSF1R
calibration_sample,15000,90,5,EGFR
calibration_sample,15000,90,8,JAK2
calibration_sample,15000,90,9,KDR
calibration_sample,15000,90,11,LCK
calibration_sample,15000,90,15,MAPKAPK2
calibration_sample,15000,90,18,PTK2
calibration_sample,15000,91,1,AKT1
calibration_sample,15000,91,4,CSF1R
calibration_sample,15000,91,5,EGFR
calibration_sample,15000,91,8,JAK2
calibration_sample,15000,91,9,KDR
calibration_sample,15000,91,11,LCK
calibration_sample,15000,91,15,MAPKAPK2
calibration_sample,15000,91,18,PTK2
calibration_sample,15000,92,1,AKT1
calibration_sample,15000,92,4,CSF1R
calibration_sample,15000,92,5,EGFR
calibration_sample,15000,92,8,JAK2
calibration_sample,15000,92,9,KDR
calibration_sample,15000,92,11,LCK
calibration_sample,15000,92,15,MAPKAPK2
calibration_sample,15000,92,18,PTK2
calibration_sample,15000,93,1,AKT1
calibration_sample,15000,93,4,CSF1R
calibration_sample,15000,93,5,EGFR
calibration_sample,15000,93,8,JAK2
calibration_sample,15000,93,9,KDR
calibration_sample,15000,93,11,LCK
calibration_sample,15000,93,15,MAPKAPK2
calibration_sample,15000,93,18,PTK2
calibration_sample,15000,94,1,AKT1
calibration_sample,15000,94,4,CSF1R
calibration_sample,15000,94,5,EGFR
calibration_sample,15000,94,8,JAK2
calibration_sample,15000,94,9,KDR
calibration_sample,15000,94,15,MAPKAPK2
calibration_sample,15000,94,18,PTK2
calibration_sample,15000,94,20,SRC
calibration_sample,15000,95,1,AKT1
calibration_sample,15000,95,4,CSF1R
calibration_sample,15000,95,5,EGFR
calibration_sample,15000,95,8,JAK2
calibration_sample,15000,95,9,KDR
calibration_sample,15000,95,11,LCK
calibration_sample,15000,95,15,MAPKAPK2
calibration_sample,15000,95,18,PTK2
calibration_sample,15000,96,1,AKT1
calibration_sample,15000,96,4,CSF1R
calibration_sample,15000,96,5,EGFR
calibration_sample,15000,96,8,JAK2
calibration_sample,15000,96,9,KDR
calibration_sample,15000,96,11,LCK
calibration_sample,15000,96,15,MAPKAPK2
calibration_sample,15000,96,18,PTK2
calibration_sample,15000,97,1,AKT1
calibration_sample,15000,97,4,CSF1R
calibration_sample,15000,97,5,EGFR
calibration_sample,15000,97,8,JAK2
calibration_sample,15000,97,9,KDR
calibration_sample,15000,97,15,MAPKAPK2
calibration_sample,15000,97,18,PTK2
calibration_sample,15000,97,20,SRC
calibration_sample,15000,98,1,AKT1
calibration_sample,15000,98,4,CSF1R
calibration_sample,15000,98,5,EGFR
calibration_sample,15000,98,8,JAK2
calibration_sample,15000,98,9,KDR
calibration_sample,15000,98,15,MAPKAPK2
calibration_sample,15000,98,18,PTK2
calibration_sample,15000,98,20,SRC
calibration_sample,15000,99,1,AKT1
calibration_sample,15000,99,4,CSF1R
calibration_sample,15000,99,5,EGFR
calibration_sample,15000,99,8,JAK2
calibration_sample,15000,99,9,KDR
calibration_sample,15000,99,11,LCK
calibration_sample,15000,99,15,MAPKAPK2
calibration_sample,15000,99,18,PTK2
calibration_sample,50000,0,1,AKT1
calibration_sample,50000,0,4,CSF1R
calibration_sample,50000,0,5,EGFR
calibration_sample,50000,0,8,JAK2
calibration_sample,50000,0,9,KDR
calibration_sample,50000,0,15,MAPKAPK2
calibration_sample,50000,0,18,PTK2
calibration_sample,50000,0,20,SRC
calibration_sample,50000,1,1,AKT1
calibration_sample,50000,1,4,CSF1R
calibration_sample,50000,1,5,EGFR
calibration_sample,50000,1,8,JAK2
calibration_sample,50000,1,9,KDR
calibration_sample,50000,1,11,LCK
calibration_sample,50000,1,15,MAPKAPK2
calibration_sample,50000,1,18,PTK2
calibration_sample,50000,2,1,AKT1
calibration_sample,50000,2,4,CSF1R
calibration_sample,50000,2,5,EGFR
calibration_sample,50000,2,8,JAK2
calibration_sample,50000,2,9,KDR
calibration_sample,50000,2,11,LCK
calibration_sample,50000,2,15,MAPKAPK2
calibration_sample,50000,2,18,PTK2
calibration_sample,50000,3,1,AKT1
calibration_sample,50000,3,4,CSF1R
calibration_sample,50000,3,5,EGFR
calibration_sample,50000,3,8,JAK2
calibration_sample,50000,3,9,KDR
calibration_sample,50000,3,11,LCK
calibration_sample,50000,3,15,MAPKAPK2
calibration_sample,50000,3,18,PTK2
calibration_sample,50000,4,1,AKT1
calibration_sample,50000,4,4,CSF1R
calibration_sample,50000,4,5,EGFR
calibration_sample,50000,4,8,JAK2
calibration_sample,50000,4,9,KDR
calibration_sample,50000,4,11,LCK
calibration_sample,50000,4,15,MAPKAPK2
calibration_sample,50000,4,18,PTK2
calibration_sample,50000,5,1,AKT1
calibration_sample,50000,5,4,CSF1R
calibration_sample,50000,5,5,EGFR
calibration_sample,50000,5,8,JAK2
calibration_sample,50000,5,9,KDR
calibration_sample,50000,5,11,LCK
calibration_sample,50000,5,15,MAPKAPK2
calibration_sample,50000,5,18,PTK2
calibration_sample,50000,6,1,AKT1
calibration_sample,50000,6,4,CSF1R
calibration_sample,50000,6,5,EGFR
calibration_sample,50000,6,8,JAK2
calibration_sample,50000,6,9,KDR
calibration_sample,50000,6,11,LCK
calibration_sample,50000,6,15,MAPKAPK2
calibration_sample,50000,6,18,PTK2
calibration_sample,50000,7,1,AKT1
calibration_sample,50000,7,4,CSF1R
calibration_sample,50000,7,5,EGFR
calibration_sample,50000,7,8,JAK2
calibration_sample,50000,7,9,KDR
calibration_sample,50000,7,11,LCK
calibration_sample,50000,7,15,MAPKAPK2
calibration_sample,50000,7,18,PTK2
calibration_sample,50000,8,1,AKT1
calibration_sample,50000,8,4,CSF1R
calibration_sample,50000,8,5,EGFR
calibration_sample,50000,8,8,JAK2
calibration_sample,50000,8,9,KDR
calibration_sample,50000,8,11,LCK
calibration_sample,50000,8,15,MAPKAPK2
calibration_sample,50000,8,18,PTK2
calibration_sample,50000,9,1,AKT1
calibration_sample,50000,9,4,CSF1R
calibration_sample,50000,9,5,EGFR
calibration_sample,50000,9,8,JAK2
calibration_sample,50000,9,9,KDR
calibration_sample,50000,9,11,LCK
calibration_sample,50000,9,15,MAPKAPK2
calibration_sample,50000,9,18,PTK2
calibration_sample,50000,10,1,AKT1
calibration_sample,50000,10,4,CSF1R
calibration_sample,50000,10,5,EGFR
calibration_sample,50000,10,8,JAK2
calibration_sample,50000,10,9,KDR
calibration_sample,50000,10,11,LCK
calibration_sample,50000,10,15,MAPKAPK2
calibration_sample,50000,10,18,PTK2
calibration_sample,50000,11,1,AKT1
calibration_sample,50000,11,4,CSF1R
calibration_sample,50000,11,5,EGFR
calibration_sample,50000,11,8,JAK2
calibration_sample,50000,11,9,KDR
calibration_sample,50000,11,11,LCK
calibration_sample,50000,11,15,MAPKAPK2
calibration_sample,50000,11,18,PTK2
calibration_sample,50000,12,1,AKT1
calibration_sample,50000,12,4,CSF1R
calibration_sample,50000,12,5,EGFR
calibration_sample,50000,12,8,JAK2
calibration_sample,50000,12,9,KDR
calibration_sample,50000,12,15,MAPKAPK2
calibration_sample,50000,12,18,PTK2
calibration_sample,50000,12,20,SRC
calibration_sample,50000,13,1,AKT1
calibration_sample,50000,13,4,CSF1R
calibration_sample,50000,13,5,EGFR
calibration_sample,50000,13,8,JAK2
calibration_sample,50000,13,9,KDR
calibration_sample,50000,13,15,MAPKAPK2
calibration_sample,50000,13,18,PTK2
calibration_sample,50000,13,20,SRC
calibration_sample,50000,14,1,AKT1
calibration_sample,50000,14,4,CSF1R
calibration_sample,50000,14,5,EGFR
calibration_sample,50000,14,8,JAK2
calibration_sample,50000,14,9,KDR
calibration_sample,50000,14,11,LCK
calibration_sample,50000,14,15,MAPKAPK2
calibration_sample,50000,14,18,PTK2
calibration_sample,50000,15,1,AKT1
calibration_sample,50000,15,5,EGFR
calibration_sample,50000,15,8,JAK2
calibration_sample,50000,15,9,KDR
calibration_sample,50000,15,14,MAPK14
calibration_sample,50000,15,15,MAPKAPK2
calibration_sample,50000,15,18,PTK2
calibration_sample,50000,15,20,SRC
calibration_sample,50000,16,1,AKT1
calibration_sample,50000,16,4,CSF1R
calibration_sample,50000,16,5,EGFR
calibration_sample,50000,16,8,JAK2
calibration_sample,50000,16,9,KDR
calibration_sample,50000,16,11,LCK
calibration_sample,50000,16,15,MAPKAPK2
calibration_sample,50000,16,18,PTK2
calibration_sample,50000,17,1,AKT1
calibration_sample,50000,17,4,CSF1R
calibration_sample,50000,17,5,EGFR
calibration_sample,50000,17,8,JAK2
calibration_sample,50000,17,9,KDR
calibration_sample,50000,17,11,LCK
calibration_sample,50000,17,15,MAPKAPK2
calibration_sample,50000,17,18,PTK2
calibration_sample,50000,18,1,AKT1
calibration_sample,50000,18,5,EGFR
calibration_sample,50000,18,8,JAK2
calibration_sample,50000,18,9,KDR
calibration_sample,50000,18,11,LCK
calibration_sample,50000,18,14,MAPK14
calibration_sample,50000,18,15,MAPKAPK2
calibration_sample,50000,18,18,PTK2
calibration_sample,50000,19,1,AKT1
calibration_sample,50000,19,4,CSF1R
calibration_sample,50000,19,5,EGFR
calibration_sample,50000,19,8,JAK2
calibration_sample,50000,19,9,KDR
calibration_sample,50000,19,11,LCK
calibration_sample,50000,19,15,MAPKAPK2
calibration_sample,50000,19,18,PTK2
calibration_sample,50000,20,1,AKT1
calibration_sample,50000,20,5,EGFR
calibration_sample,50000,20,8,JAK2
calibration_sample,50000,20,9,KDR
calibration_sample,50000,20,11,LCK
calibration_sample,50000,20,14,MAPK14
calibration_sample,50000,20,15,MAPKAPK2
calibration_sample,50000,20,18,PTK2
calibration_sample,50000,21,1,AKT1
calibration_sample,50000,21,4,CSF1R
calibration_sample,50000,21,5,EGFR
calibration_sample,50000,21,8,JAK2
calibration_sample,50000,21,9,KDR
calibration_sample,50000,21,15,MAPKAPK2
calibration_sample,50000,21,18,PTK2
calibration_sample,50000,21,20,SRC
calibration_sample,50000,22,1,AKT1
calibration_sample,50000,22,4,CSF1R
calibration_sample,50000,22,5,EGFR
calibration_sample,50000,22,8,JAK2
calibration_sample,50000,22,9,KDR
calibration_sample,50000,22,11,LCK
calibration_sample,50000,22,15,MAPKAPK2
calibration_sample,50000,22,18,PTK2
calibration_sample,50000,23,1,AKT1
calibration_sample,50000,23,4,CSF1R
calibration_sample,50000,23,5,EGFR
calibration_sample,50000,23,8,JAK2
calibration_sample,50000,23,9,KDR
calibration_sample,50000,23,11,LCK
calibration_sample,50000,23,15,MAPKAPK2
calibration_sample,50000,23,18,PTK2
calibration_sample,50000,24,1,AKT1
calibration_sample,50000,24,4,CSF1R
calibration_sample,50000,24,5,EGFR
calibration_sample,50000,24,8,JAK2
calibration_sample,50000,24,9,KDR
calibration_sample,50000,24,11,LCK
calibration_sample,50000,24,15,MAPKAPK2
calibration_sample,50000,24,18,PTK2
calibration_sample,50000,25,1,AKT1
calibration_sample,50000,25,4,CSF1R
calibration_sample,50000,25,5,EGFR
calibration_sample,50000,25,8,JAK2
calibration_sample,50000,25,9,KDR
calibration_sample,50000,25,15,MAPKAPK2
calibration_sample,50000,25,18,PTK2
calibration_sample,50000,25,20,SRC
calibration_sample,50000,26,1,AKT1
calibration_sample,50000,26,5,EGFR
calibration_sample,50000,26,8,JAK2
calibration_sample,50000,26,9,KDR
calibration_sample,50000,26,11,LCK
calibration_sample,50000,26,14,MAPK14
calibration_sample,50000,26,15,MAPKAPK2
calibration_sample,50000,26,18,PTK2
calibration_sample,50000,27,1,AKT1
calibration_sample,50000,27,4,CSF1R
calibration_sample,50000,27,5,EGFR
calibration_sample,50000,27,8,JAK2
calibration_sample,50000,27,9,KDR
calibration_sample,50000,27,11,LCK
calibration_sample,50000,27,15,MAPKAPK2
calibration_sample,50000,27,18,PTK2
calibration_sample,50000,28,1,AKT1
calibration_sample,50000,28,4,CSF1R
calibration_sample,50000,28,5,EGFR
calibration_sample,50000,28,8,JAK2
calibration_sample,50000,28,9,KDR
calibration_sample,50000,28,11,LCK
calibration_sample,50000,28,15,MAPKAPK2
calibration_sample,50000,28,18,PTK2
calibration_sample,50000,29,1,AKT1
calibration_sample,50000,29,4,CSF1R
calibration_sample,50000,29,5,EGFR
calibration_sample,50000,29,8,JAK2
calibration_sample,50000,29,9,KDR
calibration_sample,50000,29,11,LCK
calibration_sample,50000,29,15,MAPKAPK2
calibration_sample,50000,29,18,PTK2
calibration_sample,50000,30,1,AKT1
calibration_sample,50000,30,4,CSF1R
calibration_sample,50000,30,5,EGFR
calibration_sample,50000,30,8,JAK2
calibration_sample,50000,30,9,KDR
calibration_sample,50000,30,15,MAPKAPK2
calibration_sample,50000,30,18,PTK2
calibration_sample,50000,30,20,SRC
calibration_sample,50000,31,1,AKT1
calibration_sample,50000,31,4,CSF1R
calibration_sample,50000,31,5,EGFR
calibration_sample,50000,31,8,JAK2
calibration_sample,50000,31,9,KDR
calibration_sample,50000,31,11,LCK
calibration_sample,50000,31,15,MAPKAPK2
calibration_sample,50000,31,18,PTK2
calibration_sample,50000,32,1,AKT1
calibration_sample,50000,32,4,CSF1R
calibration_sample,50000,32,5,EGFR
calibration_sample,50000,32,8,JAK2
calibration_sample,50000,32,9,KDR
calibration_sample,50000,32,11,LCK
calibration_sample,50000,32,15,MAPKAPK2
calibration_sample,50000,32,18,PTK2
calibration_sample,50000,33,1,AKT1
calibration_sample,50000,33,4,CSF1R
calibration_sample,50000,33,5,EGFR
calibration_sample,50000,33,8,JAK2
calibration_sample,50000,33,9,KDR
calibration_sample,50000,33,11,LCK
calibration_sample,50000,33,15,MAPKAPK2
calibration_sample,50000,33,18,PTK2
calibration_sample,50000,34,1,AKT1
calibration_sample,50000,34,4,CSF1R
calibration_sample,50000,34,5,EGFR
calibration_sample,50000,34,8,JAK2
calibration_sample,50000,34,9,KDR
calibration_sample,50000,34,11,LCK
calibration_sample,50000,34,15,MAPKAPK2
calibration_sample,50000,34,18,PTK2
calibration_sample,50000,35,1,AKT1
calibration_sample,50000,35,4,CSF1R
calibration_sample,50000,35,5,EGFR
calibration_sample,50000,35,8,JAK2
calibration_sample,50000,35,9,KDR
calibration_sample,50000,35,11,LCK
calibration_sample,50000,35,15,MAPKAPK2
calibration_sample,50000,35,18,PTK2
calibration_sample,50000,36,1,AKT1
calibration_sample,50000,36,4,CSF1R
calibration_sample,50000,36,5,EGFR
calibration_sample,50000,36,8,JAK2
calibration_sample,50000,36,9,KDR
calibration_sample,50000,36,11,LCK
calibration_sample,50000,36,15,MAPKAPK2
calibration_sample,50000,36,18,PTK2
calibration_sample,50000,37,1,AKT1
calibration_sample,50000,37,4,CSF1R
calibration_sample,50000,37,5,EGFR
calibration_sample,50000,37,8,JAK2
calibration_sample,50000,37,9,KDR
calibration_sample,50000,37,11,LCK
calibration_sample,50000,37,15,MAPKAPK2
calibration_sample,50000,37,18,PTK2
calibration_sample,50000,38,1,AKT1
calibration_sample,50000,38,4,CSF1R
calibration_sample,50000,38,5,EGFR
calibration_sample,50000,38,8,JAK2
calibration_sample,50000,38,9,KDR
calibration_sample,50000,38,11,LCK
calibration_sample,50000,38,15,MAPKAPK2
calibration_sample,50000,38,18,PTK2
calibration_sample,50000,39,1,AKT1
calibration_sample,50000,39,4,CSF1R
calibration_sample,50000,39,5,EGFR
calibration_sample,50000,39,8,JAK2
calibration_sample,50000,39,9,KDR
calibration_sample,50000,39,11,LCK
calibration_sample,50000,39,15,MAPKAPK2
calibration_sample,50000,39,18,PTK2
calibration_sample,50000,40,1,AKT1
calibration_sample,50000,40,4,CSF1R
calibration_sample,50000,40,5,EGFR
calibration_sample,50000,40,8,JAK2
calibration_sample,50000,40,9,KDR
calibration_sample,50000,40,15,MAPKAPK2
calibration_sample,50000,40,18,PTK2
calibration_sample,50000,40,20,SRC
calibration_sample,50000,41,1,AKT1
calibration_sample,50000,41,4,CSF1R
calibration_sample,50000,41,5,EGFR
calibration_sample,50000,41,8,JAK2
calibration_sample,50000,41,9,KDR
calibration_sample,50000,41,11,LCK
calibration_sample,50000,41,15,MAPKAPK2
calibration_sample,50000,41,18,PTK2
calibration_sample,50000,42,1,AKT1
calibration_sample,50000,42,4,CSF1R
calibration_sample,50000,42,5,EGFR
calibration_sample,50000,42,8,JAK2
calibration_sample,50000,42,9,KDR
calibration_sample,50000,42,11,LCK
calibration_sample,50000,42,15,MAPKAPK2
calibration_sample,50000,42,18,PTK2
calibration_sample,50000,43,1,AKT1
calibration_sample,50000,43,4,CSF1R
calibration_sample,50000,43,5,EGFR
calibration_sample,50000,43,8,JAK2
calibration_sample,50000,43,9,KDR
calibration_sample,50000,43,11,LCK
calibration_sample,50000,43,15,MAPKAPK2
calibration_sample,50000,43,18,PTK2
calibration_sample,50000,44,1,AKT1
calibration_sample,50000,44,4,CSF1R
calibration_sample,50000,44,5,EGFR
calibration_sample,50000,44,8,JAK2
calibration_sample,50000,44,9,KDR
calibration_sample,50000,44,11,LCK
calibration_sample,50000,44,15,MAPKAPK2
calibration_sample,50000,44,18,PTK2
calibration_sample,50000,45,1,AKT1
calibration_sample,50000,45,4,CSF1R
calibration_sample,50000,45,5,EGFR
calibration_sample,50000,45,8,JAK2
calibration_sample,50000,45,9,KDR
calibration_sample,50000,45,15,MAPKAPK2
calibration_sample,50000,45,18,PTK2
calibration_sample,50000,45,20,SRC
calibration_sample,50000,46,1,AKT1
calibration_sample,50000,46,4,CSF1R
calibration_sample,50000,46,5,EGFR
calibration_sample,50000,46,8,JAK2
calibration_sample,50000,46,9,KDR
calibration_sample,50000,46,11,LCK
calibration_sample,50000,46,15,MAPKAPK2
calibration_sample,50000,46,18,PTK2
calibration_sample,50000,47,1,AKT1
calibration_sample,50000,47,4,CSF1R
calibration_sample,50000,47,5,EGFR
calibration_sample,50000,47,8,JAK2
calibration_sample,50000,47,9,KDR
calibration_sample,50000,47,11,LCK
calibration_sample,50000,47,15,MAPKAPK2
calibration_sample,50000,47,18,PTK2
calibration_sample,50000,48,1,AKT1
calibration_sample,50000,48,4,CSF1R
calibration_sample,50000,48,5,EGFR
calibration_sample,50000,48,8,JAK2
calibration_sample,50000,48,9,KDR
calibration_sample,50000,48,11,LCK
calibration_sample,50000,48,15,MAPKAPK2
calibration_sample,50000,48,18,PTK2
calibration_sample,50000,49,1,AKT1
calibration_sample,50000,49,4,CSF1R
calibration_sample,50000,49,5,EGFR
calibration_sample,50000,49,8,JAK2
calibration_sample,50000,49,9,KDR
calibration_sample,50000,49,11,LCK
calibration_sample,50000,49,15,MAPKAPK2
calibration_sample,50000,49,18,PTK2
calibration_sample,50000,50,1,AKT1
calibration_sample,50000,50,4,CSF1R
calibration_sample,50000,50,5,EGFR
calibration_sample,50000,50,8,JAK2
calibration_sample,50000,50,9,KDR
calibration_sample,50000,50,11,LCK
calibration_sample,50000,50,15,MAPKAPK2
calibration_sample,50000,50,18,PTK2
calibration_sample,50000,51,1,AKT1
calibration_sample,50000,51,4,CSF1R
calibration_sample,50000,51,5,EGFR
calibration_sample,50000,51,8,JAK2
calibration_sample,50000,51,9,KDR
calibration_sample,50000,51,11,LCK
calibration_sample,50000,51,15,MAPKAPK2
calibration_sample,50000,51,18,PTK2
calibration_sample,50000,52,1,AKT1
calibration_sample,50000,52,4,CSF1R
calibration_sample,50000,52,5,EGFR
calibration_sample,50000,52,8,JAK2
calibration_sample,50000,52,9,KDR
calibration_sample,50000,52,15,MAPKAPK2
calibration_sample,50000,52,18,PTK2
calibration_sample,50000,52,20,SRC
calibration_sample,50000,53,1,AKT1
calibration_sample,50000,53,4,CSF1R
calibration_sample,50000,53,5,EGFR
calibration_sample,50000,53,8,JAK2
calibration_sample,50000,53,9,KDR
calibration_sample,50000,53,15,MAPKAPK2
calibration_sample,50000,53,18,PTK2
calibration_sample,50000,53,20,SRC
calibration_sample,50000,54,1,AKT1
calibration_sample,50000,54,4,CSF1R
calibration_sample,50000,54,5,EGFR
calibration_sample,50000,54,8,JAK2
calibration_sample,50000,54,9,KDR
calibration_sample,50000,54,11,LCK
calibration_sample,50000,54,15,MAPKAPK2
calibration_sample,50000,54,18,PTK2
calibration_sample,50000,55,1,AKT1
calibration_sample,50000,55,4,CSF1R
calibration_sample,50000,55,5,EGFR
calibration_sample,50000,55,8,JAK2
calibration_sample,50000,55,9,KDR
calibration_sample,50000,55,15,MAPKAPK2
calibration_sample,50000,55,18,PTK2
calibration_sample,50000,55,20,SRC
calibration_sample,50000,56,1,AKT1
calibration_sample,50000,56,4,CSF1R
calibration_sample,50000,56,5,EGFR
calibration_sample,50000,56,8,JAK2
calibration_sample,50000,56,9,KDR
calibration_sample,50000,56,11,LCK
calibration_sample,50000,56,15,MAPKAPK2
calibration_sample,50000,56,18,PTK2
calibration_sample,50000,57,1,AKT1
calibration_sample,50000,57,4,CSF1R
calibration_sample,50000,57,5,EGFR
calibration_sample,50000,57,8,JAK2
calibration_sample,50000,57,9,KDR
calibration_sample,50000,57,11,LCK
calibration_sample,50000,57,15,MAPKAPK2
calibration_sample,50000,57,18,PTK2
calibration_sample,50000,58,1,AKT1
calibration_sample,50000,58,4,CSF1R
calibration_sample,50000,58,5,EGFR
calibration_sample,50000,58,8,JAK2
calibration_sample,50000,58,9,KDR
calibration_sample,50000,58,11,LCK
calibration_sample,50000,58,15,MAPKAPK2
calibration_sample,50000,58,18,PTK2
calibration_sample,50000,59,1,AKT1
calibration_sample,50000,59,4,CSF1R
calibration_sample,50000,59,5,EGFR
calibration_sample,50000,59,8,JAK2
calibration_sample,50000,59,9,KDR
calibration_sample,50000,59,11,LCK
calibration_sample,50000,59,15,MAPKAPK2
calibration_sample,50000,59,18,PTK2
calibration_sample,50000,60,1,AKT1
calibration_sample,50000,60,4,CSF1R
calibration_sample,50000,60,5,EGFR
calibration_sample,50000,60,8,JAK2
calibration_sample,50000,60,9,KDR
calibration_sample,50000,60,11,LCK
calibration_sample,50000,60,15,MAPKAPK2
calibration_sample,50000,60,18,PTK2
calibration_sample,50000,61,1,AKT1
calibration_sample,50000,61,4,CSF1R
calibration_sample,50000,61,5,EGFR
calibration_sample,50000,61,8,JAK2
calibration_sample,50000,61,9,KDR
calibration_sample,50000,61,11,LCK
calibration_sample,50000,61,15,MAPKAPK2
calibration_sample,50000,61,18,PTK2
calibration_sample,50000,62,1,AKT1
calibration_sample,50000,62,4,CSF1R
calibration_sample,50000,62,5,EGFR
calibration_sample,50000,62,8,JAK2
calibration_sample,50000,62,9,KDR
calibration_sample,50000,62,11,LCK
calibration_sample,50000,62,15,MAPKAPK2
calibration_sample,50000,62,18,PTK2
calibration_sample,50000,63,1,AKT1
calibration_sample,50000,63,4,CSF1R
calibration_sample,50000,63,5,EGFR
calibration_sample,50000,63,8,JAK2
calibration_sample,50000,63,9,KDR
calibration_sample,50000,63,15,MAPKAPK2
calibration_sample,50000,63,18,PTK2
calibration_sample,50000,63,20,SRC
calibration_sample,50000,64,1,AKT1
calibration_sample,50000,64,4,CSF1R
calibration_sample,50000,64,5,EGFR
calibration_sample,50000,64,8,JAK2
calibration_sample,50000,64,9,KDR
calibration_sample,50000,64,11,LCK
calibration_sample,50000,64,15,MAPKAPK2
calibration_sample,50000,64,18,PTK2
calibration_sample,50000,65,1,AKT1
calibration_sample,50000,65,4,CSF1R
calibration_sample,50000,65,5,EGFR
calibration_sample,50000,65,8,JAK2
calibration_sample,50000,65,9,KDR
calibration_sample,50000,65,11,LCK
calibration_sample,50000,65,15,MAPKAPK2
calibration_sample,50000,65,18,PTK2
calibration_sample,50000,66,1,AKT1
calibration_sample,50000,66,4,CSF1R
calibration_sample,50000,66,5,EGFR
calibration_sample,50000,66,8,JAK2
calibration_sample,50000,66,9,KDR
calibration_sample,50000,66,11,LCK
calibration_sample,50000,66,15,MAPKAPK2
calibration_sample,50000,66,18,PTK2
calibration_sample,50000,67,1,AKT1
calibration_sample,50000,67,5,EGFR
calibration_sample,50000,67,8,JAK2
calibration_sample,50000,67,9,KDR
calibration_sample,50000,67,14,MAPK14
calibration_sample,50000,67,15,MAPKAPK2
calibration_sample,50000,67,18,PTK2
calibration_sample,50000,67,20,SRC
calibration_sample,50000,68,1,AKT1
calibration_sample,50000,68,4,CSF1R
calibration_sample,50000,68,5,EGFR
calibration_sample,50000,68,8,JAK2
calibration_sample,50000,68,9,KDR
calibration_sample,50000,68,11,LCK
calibration_sample,50000,68,15,MAPKAPK2
calibration_sample,50000,68,18,PTK2
calibration_sample,50000,69,1,AKT1
calibration_sample,50000,69,4,CSF1R
calibration_sample,50000,69,5,EGFR
calibration_sample,50000,69,8,JAK2
calibration_sample,50000,69,9,KDR
calibration_sample,50000,69,11,LCK
calibration_sample,50000,69,15,MAPKAPK2
calibration_sample,50000,69,18,PTK2
calibration_sample,50000,70,1,AKT1
calibration_sample,50000,70,4,CSF1R
calibration_sample,50000,70,5,EGFR
calibration_sample,50000,70,8,JAK2
calibration_sample,50000,70,9,KDR
calibration_sample,50000,70,11,LCK
calibration_sample,50000,70,15,MAPKAPK2
calibration_sample,50000,70,18,PTK2
calibration_sample,50000,71,1,AKT1
calibration_sample,50000,71,4,CSF1R
calibration_sample,50000,71,5,EGFR
calibration_sample,50000,71,8,JAK2
calibration_sample,50000,71,9,KDR
calibration_sample,50000,71,11,LCK
calibration_sample,50000,71,15,MAPKAPK2
calibration_sample,50000,71,18,PTK2
calibration_sample,50000,72,1,AKT1
calibration_sample,50000,72,4,CSF1R
calibration_sample,50000,72,5,EGFR
calibration_sample,50000,72,8,JAK2
calibration_sample,50000,72,9,KDR
calibration_sample,50000,72,11,LCK
calibration_sample,50000,72,15,MAPKAPK2
calibration_sample,50000,72,18,PTK2
calibration_sample,50000,73,1,AKT1
calibration_sample,50000,73,4,CSF1R
calibration_sample,50000,73,5,EGFR
calibration_sample,50000,73,8,JAK2
calibration_sample,50000,73,9,KDR
calibration_sample,50000,73,11,LCK
calibration_sample,50000,73,15,MAPKAPK2
calibration_sample,50000,73,18,PTK2
calibration_sample,50000,74,1,AKT1
calibration_sample,50000,74,5,EGFR
calibration_sample,50000,74,8,JAK2
calibration_sample,50000,74,9,KDR
calibration_sample,50000,74,11,LCK
calibration_sample,50000,74,14,MAPK14
calibration_sample,50000,74,15,MAPKAPK2
calibration_sample,50000,74,18,PTK2
calibration_sample,50000,75,1,AKT1
calibration_sample,50000,75,4,CSF1R
calibration_sample,50000,75,5,EGFR
calibration_sample,50000,75,8,JAK2
calibration_sample,50000,75,9,KDR
calibration_sample,50000,75,11,LCK
calibration_sample,50000,75,15,MAPKAPK2
calibration_sample,50000,75,18,PTK2
calibration_sample,50000,76,1,AKT1
calibration_sample,50000,76,4,CSF1R
calibration_sample,50000,76,5,EGFR
calibration_sample,50000,76,8,JAK2
calibration_sample,50000,76,9,KDR
calibration_sample,50000,76,15,MAPKAPK2
calibration_sample,50000,76,18,PTK2
calibration_sample,50000,76,20,SRC
calibration_sample,50000,77,1,AKT1
calibration_sample,50000,77,4,CSF1R
calibration_sample,50000,77,5,EGFR
calibration_sample,50000,77,8,JAK2
calibration_sample,50000,77,9,KDR
calibration_sample,50000,77,15,MAPKAPK2
calibration_sample,50000,77,18,PTK2
calibration_sample,50000,77,20,SRC
calibration_sample,50000,78,1,AKT1
calibration_sample,50000,78,4,CSF1R
calibration_sample,50000,78,5,EGFR
calibration_sample,50000,78,8,JAK2
calibration_sample,50000,78,9,KDR
calibration_sample,50000,78,11,LCK
calibration_sample,50000,78,15,MAPKAPK2
calibration_sample,50000,78,18,PTK2
calibration_sample,50000,79,1,AKT1
calibration_sample,50000,79,4,CSF1R
calibration_sample,50000,79,5,EGFR
calibration_sample,50000,79,8,JAK2
calibration_sample,50000,79,9,KDR
calibration_sample,50000,79,11,LCK
calibration_sample,50000,79,15,MAPKAPK2
calibration_sample,50000,79,18,PTK2
calibration_sample,50000,80,1,AKT1
calibration_sample,50000,80,4,CSF1R
calibration_sample,50000,80,5,EGFR
calibration_sample,50000,80,8,JAK2
calibration_sample,50000,80,9,KDR
calibration_sample,50000,80,15,MAPKAPK2
calibration_sample,50000,80,18,PTK2
calibration_sample,50000,80,20,SRC
calibration_sample,50000,81,1,AKT1
calibration_sample,50000,81,4,CSF1R
calibration_sample,50000,81,5,EGFR
calibration_sample,50000,81,8,JAK2
calibration_sample,50000,81,9,KDR
calibration_sample,50000,81,11,LCK
calibration_sample,50000,81,15,MAPKAPK2
calibration_sample,50000,81,18,PTK2
calibration_sample,50000,82,1,AKT1
calibration_sample,50000,82,5,EGFR
calibration_sample,50000,82,8,JAK2
calibration_sample,50000,82,9,KDR
calibration_sample,50000,82,14,MAPK14
calibration_sample,50000,82,15,MAPKAPK2
calibration_sample,50000,82,18,PTK2
calibration_sample,50000,82,20,SRC
calibration_sample,50000,83,1,AKT1
calibration_sample,50000,83,4,CSF1R
calibration_sample,50000,83,5,EGFR
calibration_sample,50000,83,8,JAK2
calibration_sample,50000,83,9,KDR
calibration_sample,50000,83,11,LCK
calibration_sample,50000,83,15,MAPKAPK2
calibration_sample,50000,83,18,PTK2
calibration_sample,50000,84,1,AKT1
calibration_sample,50000,84,4,CSF1R
calibration_sample,50000,84,5,EGFR
calibration_sample,50000,84,8,JAK2
calibration_sample,50000,84,9,KDR
calibration_sample,50000,84,11,LCK
calibration_sample,50000,84,15,MAPKAPK2
calibration_sample,50000,84,18,PTK2
calibration_sample,50000,85,1,AKT1
calibration_sample,50000,85,4,CSF1R
calibration_sample,50000,85,5,EGFR
calibration_sample,50000,85,8,JAK2
calibration_sample,50000,85,9,KDR
calibration_sample,50000,85,15,MAPKAPK2
calibration_sample,50000,85,18,PTK2
calibration_sample,50000,85,20,SRC
calibration_sample,50000,86,1,AKT1
calibration_sample,50000,86,4,CSF1R
calibration_sample,50000,86,5,EGFR
calibration_sample,50000,86,8,JAK2
calibration_sample,50000,86,9,KDR
calibration_sample,50000,86,11,LCK
calibration_sample,50000,86,15,MAPKAPK2
calibration_sample,50000,86,18,PTK2
calibration_sample,50000,87,1,AKT1
calibration_sample,50000,87,4,CSF1R
calibration_sample,50000,87,5,EGFR
calibration_sample,50000,87,8,JAK2
calibration_sample,50000,87,9,KDR
calibration_sample,50000,87,11,LCK
calibration_sample,50000,87,15,MAPKAPK2
calibration_sample,50000,87,18,PTK2
calibration_sample,50000,88,1,AKT1
calibration_sample,50000,88,4,CSF1R
calibration_sample,50000,88,5,EGFR
calibration_sample,50000,88,8,JAK2
calibration_sample,50000,88,9,KDR
calibration_sample,50000,88,11,LCK
calibration_sample,50000,88,15,MAPKAPK2
calibration_sample,50000,88,18,PTK2
calibration_sample,50000,89,1,AKT1
calibration_sample,50000,89,4,CSF1R
calibration_sample,50000,89,5,EGFR
calibration_sample,50000,89,8,JAK2
calibration_sample,50000,89,9,KDR
calibration_sample,50000,89,11,LCK
calibration_sample,50000,89,15,MAPKAPK2
calibration_sample,50000,89,18,PTK2
calibration_sample,50000,90,1,AKT1
calibration_sample,50000,90,4,CSF1R
calibration_sample,50000,90,5,EGFR
calibration_sample,50000,90,8,JAK2
calibration_sample,50000,90,9,KDR
calibration_sample,50000,90,11,LCK
calibration_sample,50000,90,15,MAPKAPK2
calibration_sample,50000,90,18,PTK2
calibration_sample,50000,91,1,AKT1
calibration_sample,50000,91,4,CSF1R
calibration_sample,50000,91,5,EGFR
calibration_sample,50000,91,8,JAK2
calibration_sample,50000,91,9,KDR
calibration_sample,50000,91,15,MAPKAPK2
calibration_sample,50000,91,18,PTK2
calibration_sample,50000,91,20,SRC
calibration_sample,50000,92,1,AKT1
calibration_sample,50000,92,4,CSF1R
calibration_sample,50000,92,5,EGFR
calibration_sample,50000,92,8,JAK2
calibration_sample,50000,92,9,KDR
calibration_sample,50000,92,11,LCK
calibration_sample,50000,92,15,MAPKAPK2
calibration_sample,50000,92,18,PTK2
calibration_sample,50000,93,1,AKT1
calibration_sample,50000,93,4,CSF1R
calibration_sample,50000,93,5,EGFR
calibration_sample,50000,93,8,JAK2
calibration_sample,50000,93,9,KDR
calibration_sample,50000,93,11,LCK
calibration_sample,50000,93,15,MAPKAPK2
calibration_sample,50000,93,18,PTK2
calibration_sample,50000,94,1,AKT1
calibration_sample,50000,94,4,CSF1R
calibration_sample,50000,94,5,EGFR
calibration_sample,50000,94,8,JAK2
calibration_sample,50000,94,9,KDR
calibration_sample,50000,94,11,LCK
calibration_sample,50000,94,15,MAPKAPK2
calibration_sample,50000,94,18,PTK2
calibration_sample,50000,95,1,AKT1
calibration_sample,50000,95,5,EGFR
calibration_sample,50000,95,8,JAK2
calibration_sample,50000,95,9,KDR
calibration_sample,50000,95,11,LCK
calibration_sample,50000,95,14,MAPK14
calibration_sample,50000,95,15,MAPKAPK2
calibration_sample,50000,95,18,PTK2
calibration_sample,50000,96,1,AKT1
calibration_sample,50000,96,4,CSF1R
calibration_sample,50000,96,5,EGFR
calibration_sample,50000,96,8,JAK2
calibration_sample,50000,96,9,KDR
calibration_sample,50000,96,11,LCK
calibration_sample,50000,96,15,MAPKAPK2
calibration_sample,50000,96,18,PTK2
calibration_sample,50000,97,1,AKT1
calibration_sample,50000,97,4,CSF1R
calibration_sample,50000,97,5,EGFR
calibration_sample,50000,97,8,JAK2
calibration_sample,50000,97,9,KDR
calibration_sample,50000,97,15,MAPKAPK2
calibration_sample,50000,97,18,PTK2
calibration_sample,50000,97,20,SRC
calibration_sample,50000,98,1,AKT1
calibration_sample,50000,98,4,CSF1R
calibration_sample,50000,98,5,EGFR
calibration_sample,50000,98,8,JAK2
calibration_sample,50000,98,9,KDR
calibration_sample,50000,98,15,MAPKAPK2
calibration_sample,50000,98,18,PTK2
calibration_sample,50000,98,20,SRC
calibration_sample,50000,99,1,AKT1
calibration_sample,50000,99,4,CSF1R
calibration_sample,50000,99,5,EGFR
calibration_sample,50000,99,8,JAK2
calibration_sample,50000,99,9,KDR
calibration_sample,50000,99,11,LCK
calibration_sample,50000,99,15,MAPKAPK2
calibration_sample,50000,99,18,PTK2
full_deleaked_source,259806,-1,1,AKT1
full_deleaked_source,259806,-1,4,CSF1R
full_deleaked_source,259806,-1,5,EGFR
full_deleaked_source,259806,-1,8,JAK2
full_deleaked_source,259806,-1,9,KDR
full_deleaked_source,259806,-1,11,LCK
full_deleaked_source,259806,-1,15,MAPKAPK2
full_deleaked_source,259806,-1,18,PTK2
