analysis,dataset,support,transform,deleted_target,estimate
geometry_concordance,DAVIS,full_experimental_panel,raw,ABL1,0.07325556474082241
geometry_concordance,DAVIS,full_experimental_panel,raw,AKT1,0.018936521058317696
geometry_concordance,DAVIS,full_experimental_panel,raw,AKT2,0.032210543811535826
geometry_concordance,DAVIS,full_experimental_panel,raw,CDK2,0.0610172901713271
geometry_concordance,DAVIS,full_experimental_panel,raw,CSF1R,0.10040546392158407
geometry_concordance,DAVIS,full_experimental_panel,raw,EGFR,0.09339316878583895
geometry_concordance,DAVIS,full_experimental_panel,raw,FGFR1,0.1385356935095155
geometry_concordance,DAVIS,full_experimental_panel,raw,IGF1R,0.07438578995481725
geometry_concordance,DAVIS,full_experimental_panel,raw,JAK2,0.05334365582367788
geometry_concordance,DAVIS,full_experimental_panel,raw,KDR,0.03800513500155275
geometry_concordance,DAVIS,full_experimental_panel,raw,KIT,0.07815437371788984
geometry_concordance,DAVIS,full_experimental_panel,raw,LCK,0.08895274836305424
geometry_concordance,DAVIS,full_experimental_panel,raw,MAP2K1,0.06731575885612812
geometry_concordance,DAVIS,full_experimental_panel,raw,MAPK1,0.04950333950058392
geometry_concordance,DAVIS,full_experimental_panel,raw,MAPK14,0.04561053593844997
geometry_concordance,DAVIS,full_experimental_panel,raw,MAPKAPK2,0.024279721992590556
geometry_concordance,DAVIS,full_experimental_panel,raw,MET,0.07751752855087107
geometry_concordance,DAVIS,full_experimental_panel,raw,PLK1,0.054612097433811416
geometry_concordance,DAVIS,full_experimental_panel,raw,PTK2,0.050220665100797375
geometry_concordance,DAVIS,full_experimental_panel,raw,ROCK1,0.00357875491521124
geometry_concordance,DAVIS,full_experimental_panel,raw,SRC,0.08567929422159239
geometry_concordance,DAVIS,full_experimental_panel,center_then_correlation,ABL1,0.25039474777694676
geometry_concordance,DAVIS,full_experimental_panel,center_then_correlation,AKT1,0.24564640221846065
geometry_concordance,DAVIS,full_experimental_panel,center_then_correlation,AKT2,0.2771142515975804
geometry_concordance,DAVIS,full_experimental_panel,center_then_correlation,CDK2,0.24888836401649853
geometry_concordance,DAVIS,full_experimental_panel,center_then_correlation,CSF1R,0.303865247761638
geometry_concordance,DAVIS,full_experimental_panel,center_then_correlation,EGFR,0.2845744378398002
geometry_concordance,DAVIS,full_experimental_panel,center_then_correlation,FGFR1,0.29954729756327997
geometry_concordance,DAVIS,full_experimental_panel,center_then_correlation,IGF1R,0.2757478338079055
geometry_concordance,DAVIS,full_experimental_panel,center_then_correlation,JAK2,0.30110266941349884
geometry_concordance,DAVIS,full_experimental_panel,center_then_correlation,KDR,0.24047640917301982
geometry_concordance,DAVIS,full_experimental_panel,center_then_correlation,KIT,0.23293049377370129
geometry_concordance,DAVIS,full_experimental_panel,center_then_correlation,LCK,0.35307903266018453
geometry_concordance,DAVIS,full_experimental_panel,center_then_correlation,MAP2K1,0.2931211099301483
geometry_concordance,DAVIS,full_experimental_panel,center_then_correlation,MAPK1,0.27132490913146745
geometry_concordance,DAVIS,full_experimental_panel,center_then_correlation,MAPK14,0.31021970283474837
geometry_concordance,DAVIS,full_experimental_panel,center_then_correlation,MAPKAPK2,0.2609481819732578
geometry_concordance,DAVIS,full_experimental_panel,center_then_correlation,MET,0.32363369155873983
geometry_concordance,DAVIS,full_experimental_panel,center_then_correlation,PLK1,0.25764148591373726
geometry_concordance,DAVIS,full_experimental_panel,center_then_correlation,PTK2,0.28195182546243447
geometry_concordance,DAVIS,full_experimental_panel,center_then_correlation,ROCK1,0.2524452492487764
geometry_concordance,DAVIS,full_experimental_panel,center_then_correlation,SRC,0.3517441072139337
geometry_concordance,DAVIS,full_experimental_panel,z_before_center,ABL1,0.2306910382413276
geometry_concordance,DAVIS,full_experimental_panel,z_before_center,AKT1,0.24164687460361203
geometry_concordance,DAVIS,full_experimental_panel,z_before_center,AKT2,0.26995849134179256
geometry_concordance,DAVIS,full_experimental_panel,z_before_center,CDK2,0.2591846107415135
geometry_concordance,DAVIS,full_experimental_panel,z_before_center,CSF1R,0.28982141216916646
geometry_concordance,DAVIS,full_experimental_panel,z_before_center,EGFR,0.2807043787479169
geometry_concordance,DAVIS,full_experimental_panel,z_before_center,FGFR1,0.29512612246147657
geometry_concordance,DAVIS,full_experimental_panel,z_before_center,IGF1R,0.2722539332624756
geometry_concordance,DAVIS,full_experimental_panel,z_before_center,JAK2,0.27763562483871107
geometry_concordance,DAVIS,full_experimental_panel,z_before_center,KDR,0.24224347955403344
geometry_concordance,DAVIS,full_experimental_panel,z_before_center,KIT,0.22728986515153507
geometry_concordance,DAVIS,full_experimental_panel,z_before_center,LCK,0.3531070258543392
geometry_concordance,DAVIS,full_experimental_panel,z_before_center,MAP2K1,0.2925647451963242
geometry_concordance,DAVIS,full_experimental_panel,z_before_center,MAPK1,0.2609044426073911
geometry_concordance,DAVIS,full_experimental_panel,z_before_center,MAPK14,0.2934395325136577
geometry_concordance,DAVIS,full_experimental_panel,z_before_center,MAPKAPK2,0.25141824893822695
geometry_concordance,DAVIS,full_experimental_panel,z_before_center,MET,0.3089005235602095
geometry_concordance,DAVIS,full_experimental_panel,z_before_center,PLK1,0.247756389227869
geometry_concordance,DAVIS,full_experimental_panel,z_before_center,PTK2,0.2797281161017728
geometry_concordance,DAVIS,full_experimental_panel,z_before_center,ROCK1,0.24588434436877538
geometry_concordance,DAVIS,full_experimental_panel,z_before_center,SRC,0.3621155856482393
geometry_concordance,DAVIS,full_experimental_panel,rank_normal_before_center,ABL1,0.26425837718204764
geometry_concordance,DAVIS,full_experimental_panel,rank_normal_before_center,AKT1,0.266457592497824
geometry_concordance,DAVIS,full_experimental_panel,rank_normal_before_center,AKT2,0.2963963136462448
geometry_concordance,DAVIS,full_experimental_panel,rank_normal_before_center,CDK2,0.2783896915062526
geometry_concordance,DAVIS,full_experimental_panel,rank_normal_before_center,CSF1R,0.3161192685028453
geometry_concordance,DAVIS,full_experimental_panel,rank_normal_before_center,EGFR,0.30678353825226246
geometry_concordance,DAVIS,full_experimental_panel,rank_normal_before_center,FGFR1,0.2968442047527195
geometry_concordance,DAVIS,full_experimental_panel,rank_normal_before_center,IGF1R,0.2940238904416364
geometry_concordance,DAVIS,full_experimental_panel,rank_normal_before_center,JAK2,0.316241738727272
geometry_concordance,DAVIS,full_experimental_panel,rank_normal_before_center,KDR,0.2659012277639999
geometry_concordance,DAVIS,full_experimental_panel,rank_normal_before_center,KIT,0.2548579126699821
geometry_concordance,DAVIS,full_experimental_panel,rank_normal_before_center,LCK,0.38552314468544835
geometry_concordance,DAVIS,full_experimental_panel,rank_normal_before_center,MAP2K1,0.3262703005331829
geometry_concordance,DAVIS,full_experimental_panel,rank_normal_before_center,MAPK1,0.2806693872552236
geometry_concordance,DAVIS,full_experimental_panel,rank_normal_before_center,MAPK14,0.3182537495571389
geometry_concordance,DAVIS,full_experimental_panel,rank_normal_before_center,MAPKAPK2,0.2738530444785612
geometry_concordance,DAVIS,full_experimental_panel,rank_normal_before_center,MET,0.33205964299929586
geometry_concordance,DAVIS,full_experimental_panel,rank_normal_before_center,PLK1,0.27223993666539825
geometry_concordance,DAVIS,full_experimental_panel,rank_normal_before_center,PTK2,0.2995385496901066
geometry_concordance,DAVIS,full_experimental_panel,rank_normal_before_center,ROCK1,0.2818503501336238
geometry_concordance,DAVIS,full_experimental_panel,rank_normal_before_center,SRC,0.4041823581641714
geometry_concordance,PKIS2,full_experimental_panel,raw,ABL1,-0.2467031452977995
geometry_concordance,PKIS2,full_experimental_panel,raw,AKT1,-0.24811155287870637
geometry_concordance,PKIS2,full_experimental_panel,raw,AKT2,-0.24432547336928712
geometry_concordance,PKIS2,full_experimental_panel,raw,CDK2,-0.19150756472332664
geometry_concordance,PKIS2,full_experimental_panel,raw,CSF1R,-0.18865400849418487
geometry_concordance,PKIS2,full_experimental_panel,raw,EGFR,-0.2177021961535602
geometry_concordance,PKIS2,full_experimental_panel,raw,FGFR1,-0.16277080134892208
geometry_concordance,PKIS2,full_experimental_panel,raw,IGF1R,-0.20795881501309996
geometry_concordance,PKIS2,full_experimental_panel,raw,JAK2,-0.220870675816942
geometry_concordance,PKIS2,full_experimental_panel,raw,KDR,-0.20498278855953148
geometry_concordance,PKIS2,full_experimental_panel,raw,KIT,-0.22266748896674501
geometry_concordance,PKIS2,full_experimental_panel,raw,LCK,-0.20838221207468935
geometry_concordance,PKIS2,full_experimental_panel,raw,MAP2K1,-0.1927287678183242
geometry_concordance,PKIS2,full_experimental_panel,raw,MAPK1,-0.2330669605952053
geometry_concordance,PKIS2,full_experimental_panel,raw,MAPK14,-0.23890704072572358
geometry_concordance,PKIS2,full_experimental_panel,raw,MAPKAPK2,-0.16438390916208498
geometry_concordance,PKIS2,full_experimental_panel,raw,MET,-0.19101943340025457
geometry_concordance,PKIS2,full_experimental_panel,raw,PLK1,-0.1945815673564365
geometry_concordance,PKIS2,full_experimental_panel,raw,PTK2,-0.21524054464258383
geometry_concordance,PKIS2,full_experimental_panel,raw,ROCK1,-0.2479838339303757
geometry_concordance,PKIS2,full_experimental_panel,raw,SRC,-0.2096086638935909
geometry_concordance,PKIS2,full_experimental_panel,center_then_correlation,ABL1,0.23141886128934905
geometry_concordance,PKIS2,full_experimental_panel,center_then_correlation,AKT1,0.24807831096064772
geometry_concordance,PKIS2,full_experimental_panel,center_then_correlation,AKT2,0.2779313029519698
geometry_concordance,PKIS2,full_experimental_panel,center_then_correlation,CDK2,0.2641166616366396
geometry_concordance,PKIS2,full_experimental_panel,center_then_correlation,CSF1R,0.314345199823293
geometry_concordance,PKIS2,full_experimental_panel,center_then_correlation,EGFR,0.2901660783721958
geometry_concordance,PKIS2,full_experimental_panel,center_then_correlation,FGFR1,0.31652342024345337
geometry_concordance,PKIS2,full_experimental_panel,center_then_correlation,IGF1R,0.27809226381835916
geometry_concordance,PKIS2,full_experimental_panel,center_then_correlation,JAK2,0.299772992691152
geometry_concordance,PKIS2,full_experimental_panel,center_then_correlation,KDR,0.23564583360670444
geometry_concordance,PKIS2,full_experimental_panel,center_then_correlation,KIT,0.2509126218688082
geometry_concordance,PKIS2,full_experimental_panel,center_then_correlation,LCK,0.3754928333049028
geometry_concordance,PKIS2,full_experimental_panel,center_then_correlation,MAP2K1,0.2870220927536993
geometry_concordance,PKIS2,full_experimental_panel,center_then_correlation,MAPK1,0.2702156788130886
geometry_concordance,PKIS2,full_experimental_panel,center_then_correlation,MAPK14,0.3018882284244643
geometry_concordance,PKIS2,full_experimental_panel,center_then_correlation,MAPKAPK2,0.25828357980466
geometry_concordance,PKIS2,full_experimental_panel,center_then_correlation,MET,0.29866726152204254
geometry_concordance,PKIS2,full_experimental_panel,center_then_correlation,PLK1,0.26825790479689626
geometry_concordance,PKIS2,full_experimental_panel,center_then_correlation,PTK2,0.2929671473622975
geometry_concordance,PKIS2,full_experimental_panel,center_then_correlation,ROCK1,0.26322262899832477
geometry_concordance,PKIS2,full_experimental_panel,center_then_correlation,SRC,0.3684490458257337
geometry_concordance,PKIS2,full_experimental_panel,z_before_center,ABL1,0.1772870220927537
geometry_concordance,PKIS2,full_experimental_panel,z_before_center,AKT1,0.2119583426279486
geometry_concordance,PKIS2,full_experimental_panel,z_before_center,AKT2,0.22390443823345454
geometry_concordance,PKIS2,full_experimental_panel,z_before_center,CDK2,0.23452085711661355
geometry_concordance,PKIS2,full_experimental_panel,z_before_center,CSF1R,0.2562663202508891
geometry_concordance,PKIS2,full_experimental_panel,z_before_center,EGFR,0.23611471960879515
geometry_concordance,PKIS2,full_experimental_panel,z_before_center,FGFR1,0.25115581274302684
geometry_concordance,PKIS2,full_experimental_panel,z_before_center,IGF1R,0.224684748520516
geometry_concordance,PKIS2,full_experimental_panel,z_before_center,JAK2,0.2359397621453284
geometry_concordance,PKIS2,full_experimental_panel,z_before_center,KDR,0.19025486928490512
geometry_concordance,PKIS2,full_experimental_panel,z_before_center,KIT,0.19265703525830286
geometry_concordance,PKIS2,full_experimental_panel,z_before_center,LCK,0.318474195961107
geometry_concordance,PKIS2,full_experimental_panel,z_before_center,MAP2K1,0.24508303918609792
geometry_concordance,PKIS2,full_experimental_panel,z_before_center,MAPK1,0.2100320609551803
geometry_concordance,PKIS2,full_experimental_panel,z_before_center,MAPK14,0.24292756323618822
geometry_concordance,PKIS2,full_experimental_panel,z_before_center,MAPKAPK2,0.2150778342015598
geometry_concordance,PKIS2,full_experimental_panel,z_before_center,MET,0.23475355054302424
geometry_concordance,PKIS2,full_experimental_panel,z_before_center,PLK1,0.2148871305663811
geometry_concordance,PKIS2,full_experimental_panel,z_before_center,PTK2,0.23985006145380908
geometry_concordance,PKIS2,full_experimental_panel,z_before_center,ROCK1,0.1979687438491517
geometry_concordance,PKIS2,full_experimental_panel,z_before_center,SRC,0.31851793532697364
geometry_concordance,PKIS2,full_experimental_panel,rank_normal_before_center,ABL1,0.1586068137184147
geometry_concordance,PKIS2,full_experimental_panel,rank_normal_before_center,AKT1,0.17893687097324465
geometry_concordance,PKIS2,full_experimental_panel,rank_normal_before_center,AKT2,0.19605470919882603
geometry_concordance,PKIS2,full_experimental_panel,rank_normal_before_center,CDK2,0.19849011709028244
geometry_concordance,PKIS2,full_experimental_panel,rank_normal_before_center,CSF1R,0.2162080594155546
geometry_concordance,PKIS2,full_experimental_panel,rank_normal_before_center,EGFR,0.2161870645199386
geometry_concordance,PKIS2,full_experimental_panel,rank_normal_before_center,FGFR1,0.22218985509148093
geometry_concordance,PKIS2,full_experimental_panel,rank_normal_before_center,IGF1R,0.19697498545666084
geometry_concordance,PKIS2,full_experimental_panel,rank_normal_before_center,JAK2,0.20725723558459855
geometry_concordance,PKIS2,full_experimental_panel,rank_normal_before_center,KDR,0.1723654686454356
geometry_concordance,PKIS2,full_experimental_panel,rank_normal_before_center,KIT,0.15158227156022694
geometry_concordance,PKIS2,full_experimental_panel,rank_normal_before_center,LCK,0.27541016590341477
geometry_concordance,PKIS2,full_experimental_panel,rank_normal_before_center,MAP2K1,0.21927856289939512
geometry_concordance,PKIS2,full_experimental_panel,rank_normal_before_center,MAPK1,0.19176300261998802
geometry_concordance,PKIS2,full_experimental_panel,rank_normal_before_center,MAPK14,0.21730679228612546
geometry_concordance,PKIS2,full_experimental_panel,rank_normal_before_center,MAPKAPK2,0.18882896595765156
geometry_concordance,PKIS2,full_experimental_panel,rank_normal_before_center,MET,0.20526272050107822
geometry_concordance,PKIS2,full_experimental_panel,rank_normal_before_center,PLK1,0.18311835435009866
geometry_concordance,PKIS2,full_experimental_panel,rank_normal_before_center,PTK2,0.2257799822418175
geometry_concordance,PKIS2,full_experimental_panel,rank_normal_before_center,ROCK1,0.16676857938913606
geometry_concordance,PKIS2,full_experimental_panel,rank_normal_before_center,SRC,0.2802774825370582
geometry_concordance,PKIS1,full_experimental_panel,raw,ABL1,-0.18544651642786858
geometry_concordance,PKIS1,full_experimental_panel,raw,AKT1,-0.1935392516859865
geometry_concordance,PKIS1,full_experimental_panel,raw,AKT2,-0.17507859937120504
geometry_concordance,PKIS1,full_experimental_panel,raw,CDK2,-0.1627042983656131
geometry_concordance,PKIS1,full_experimental_panel,raw,CSF1R,-0.13913648690810473
geometry_concordance,PKIS1,full_experimental_panel,raw,EGFR,-0.12061103511171913
geometry_concordance,PKIS1,full_experimental_panel,raw,FGFR1,-0.13811169510643914
geometry_concordance,PKIS1,full_experimental_panel,raw,IGF1R,-0.1758777929776562
geometry_concordance,PKIS1,full_experimental_panel,raw,JAK2,-0.1637986896104831
geometry_concordance,PKIS1,full_experimental_panel,raw,KDR,-0.10512395900832792
geometry_concordance,PKIS1,full_experimental_panel,raw,KIT,-0.15445556435548516
geometry_concordance,PKIS1,full_experimental_panel,raw,LCK,-0.1325077399380805
geometry_concordance,PKIS1,full_experimental_panel,raw,MAP2K1,-0.1692586459308326
geometry_concordance,PKIS1,full_experimental_panel,raw,MAPK1,-0.17346341229270165
geometry_concordance,PKIS1,full_experimental_panel,raw,MAPK14,-0.17987856097151225
geometry_concordance,PKIS1,full_experimental_panel,raw,MAPKAPK2,-0.16171550627594983
geometry_concordance,PKIS1,full_experimental_panel,raw,MET,-0.1400532795737634
geometry_concordance,PKIS1,full_experimental_panel,raw,PLK1,-0.13872129022967816
geometry_concordance,PKIS1,full_experimental_panel,raw,ROCK1,-0.1860681114551084
geometry_concordance,PKIS1,full_experimental_panel,raw,SRC,-0.14282285741714068
geometry_concordance,PKIS1,full_experimental_panel,center_then_correlation,ABL1,0.10742794057647541
geometry_concordance,PKIS1,full_experimental_panel,center_then_correlation,AKT1,0.13116135070919435
geometry_concordance,PKIS1,full_experimental_panel,center_then_correlation,AKT2,0.1591979264165887
geometry_concordance,PKIS1,full_experimental_panel,center_then_correlation,CDK2,0.20125998992008065
geometry_concordance,PKIS1,full_experimental_panel,center_then_correlation,CSF1R,0.1678546571627427
geometry_concordance,PKIS1,full_experimental_panel,center_then_correlation,EGFR,0.17574339405284758
geometry_concordance,PKIS1,full_experimental_panel,center_then_correlation,FGFR1,0.22876856985144126
geometry_concordance,PKIS1,full_experimental_panel,center_then_correlation,IGF1R,0.152437180502556
geometry_concordance,PKIS1,full_experimental_panel,center_then_correlation,JAK2,0.1662778697770418
geometry_concordance,PKIS1,full_experimental_panel,center_then_correlation,KDR,0.14066767465860275
geometry_concordance,PKIS1,full_experimental_panel,center_then_correlation,KIT,0.1352245182038544
geometry_concordance,PKIS1,full_experimental_panel,center_then_correlation,LCK,0.25134278925768594
geometry_concordance,PKIS1,full_experimental_panel,center_then_correlation,MAP2K1,0.14775001799985601
geometry_concordance,PKIS1,full_experimental_panel,center_then_correlation,MAPK1,0.15487316101471188
geometry_concordance,PKIS1,full_experimental_panel,center_then_correlation,MAPK14,0.19995200038399694
geometry_concordance,PKIS1,full_experimental_panel,center_then_correlation,MAPKAPK2,0.153843569251446
geometry_concordance,PKIS1,full_experimental_panel,center_then_correlation,MET,0.20924952600379199
geometry_concordance,PKIS1,full_experimental_panel,center_then_correlation,PLK1,0.1633450932392541
geometry_concordance,PKIS1,full_experimental_panel,center_then_correlation,ROCK1,0.1420188638490892
geometry_concordance,PKIS1,full_experimental_panel,center_then_correlation,SRC,0.27728418172654623
geometry_concordance,PKIS1,full_experimental_panel,z_before_center,ABL1,0.12557659538723692
geometry_concordance,PKIS1,full_experimental_panel,z_before_center,AKT1,0.17960256317949455
geometry_concordance,PKIS1,full_experimental_panel,z_before_center,AKT2,0.1974200206398349
geometry_concordance,PKIS1,full_experimental_panel,z_before_center,CDK2,0.21710946312429502
geometry_concordance,PKIS1,full_experimental_panel,z_before_center,CSF1R,0.20224158206734347
geometry_concordance,PKIS1,full_experimental_panel,z_before_center,EGFR,0.20821033431732547
geometry_concordance,PKIS1,full_experimental_panel,z_before_center,FGFR1,0.18263133894928843
geometry_concordance,PKIS1,full_experimental_panel,z_before_center,IGF1R,0.17021143830849356
geometry_concordance,PKIS1,full_experimental_panel,z_before_center,JAK2,0.2042935656514748
geometry_concordance,PKIS1,full_experimental_panel,z_before_center,KDR,0.18029615763073895
geometry_concordance,PKIS1,full_experimental_panel,z_before_center,KIT,0.1602635178918569
geometry_concordance,PKIS1,full_experimental_panel,z_before_center,LCK,0.3098471212230302
geometry_concordance,PKIS1,full_experimental_panel,z_before_center,MAP2K1,0.21132550939592487
geometry_concordance,PKIS1,full_experimental_panel,z_before_center,MAPK1,0.18292413660690715
geometry_concordance,PKIS1,full_experimental_panel,z_before_center,MAPK14,0.22157582739338091
geometry_concordance,PKIS1,full_experimental_panel,z_before_center,MAPKAPK2,0.18806009551923586
geometry_concordance,PKIS1,full_experimental_panel,z_before_center,MET,0.22189742482060143
geometry_concordance,PKIS1,full_experimental_panel,z_before_center,PLK1,0.195843233254134
geometry_concordance,PKIS1,full_experimental_panel,z_before_center,ROCK1,0.1642354861161111
geometry_concordance,PKIS1,full_experimental_panel,z_before_center,SRC,0.335764513883889
geometry_concordance,PKIS1,full_experimental_panel,rank_normal_before_center,ABL1,0.11719826241390069
geometry_concordance,PKIS1,full_experimental_panel,rank_normal_before_center,AKT1,0.13097415220678235
geometry_concordance,PKIS1,full_experimental_panel,rank_normal_before_center,AKT2,0.1588187294501644
geometry_concordance,PKIS1,full_experimental_panel,rank_normal_before_center,CDK2,0.22192142462860298
geometry_concordance,PKIS1,full_experimental_panel,rank_normal_before_center,CSF1R,0.17516499868001056
geometry_concordance,PKIS1,full_experimental_panel,rank_normal_before_center,EGFR,0.19599203206374352
geometry_concordance,PKIS1,full_experimental_panel,rank_normal_before_center,FGFR1,0.17769697842417262
geometry_concordance,PKIS1,full_experimental_panel,rank_normal_before_center,IGF1R,0.17198742410060724
geometry_concordance,PKIS1,full_experimental_panel,rank_normal_before_center,JAK2,0.19286725706194352
geometry_concordance,PKIS1,full_experimental_panel,rank_normal_before_center,KDR,0.15262197902416783
geometry_concordance,PKIS1,full_experimental_panel,rank_normal_before_center,KIT,0.14068207454340367
geometry_concordance,PKIS1,full_experimental_panel,rank_normal_before_center,LCK,0.27544579643362854
geometry_concordance,PKIS1,full_experimental_panel,rank_normal_before_center,MAP2K1,0.15941632466940267
geometry_concordance,PKIS1,full_experimental_panel,rank_normal_before_center,MAPK1,0.17144022847817217
geometry_concordance,PKIS1,full_experimental_panel,rank_normal_before_center,MAPK14,0.20745194038447695
geometry_concordance,PKIS1,full_experimental_panel,rank_normal_before_center,MAPKAPK2,0.1558451532387741
geometry_concordance,PKIS1,full_experimental_panel,rank_normal_before_center,MET,0.2007703938368493
geometry_concordance,PKIS1,full_experimental_panel,rank_normal_before_center,PLK1,0.15719874241006074
geometry_concordance,PKIS1,full_experimental_panel,rank_normal_before_center,ROCK1,0.17805937552499582
geometry_concordance,PKIS1,full_experimental_panel,rank_normal_before_center,SRC,0.27880816953464377
geometry_concordance,DAVIS,targets_with_at_least_5_uncensored_DAVIS_ligands,raw,ABL1,0.015198423867154517
geometry_concordance,DAVIS,targets_with_at_least_5_uncensored_DAVIS_ligands,raw,AKT1,-0.04319622585876456
geometry_concordance,DAVIS,targets_with_at_least_5_uncensored_DAVIS_ligands,raw,AKT2,-0.022707168991998712
geometry_concordance,DAVIS,targets_with_at_least_5_uncensored_DAVIS_ligands,raw,CDK2,0.00861109994236929
geometry_concordance,DAVIS,targets_with_at_least_5_uncensored_DAVIS_ligands,raw,CSF1R,0.04530711806253602
geometry_concordance,DAVIS,targets_with_at_least_5_uncensored_DAVIS_ligands,raw,EGFR,0.03373406778979534
geometry_concordance,DAVIS,targets_with_at_least_5_uncensored_DAVIS_ligands,raw,FGFR1,0.07305362336322087
geometry_concordance,DAVIS,targets_with_at_least_5_uncensored_DAVIS_ligands,raw,IGF1R,0.01781861069786766
geometry_concordance,DAVIS,targets_with_at_least_5_uncensored_DAVIS_ligands,raw,JAK2,-0.0036655810649618694
geometry_concordance,DAVIS,targets_with_at_least_5_uncensored_DAVIS_ligands,raw,KDR,-0.024121131706271025
geometry_concordance,DAVIS,targets_with_at_least_5_uncensored_DAVIS_ligands,raw,KIT,0.019426909519788774
geometry_concordance,DAVIS,targets_with_at_least_5_uncensored_DAVIS_ligands,raw,LCK,0.020080280916194224
geometry_concordance,DAVIS,targets_with_at_least_5_uncensored_DAVIS_ligands,raw,MAP2K1,0.011338506694543848
geometry_concordance,DAVIS,targets_with_at_least_5_uncensored_DAVIS_ligands,raw,MAPK14,-0.004107863240990176
geometry_concordance,DAVIS,targets_with_at_least_5_uncensored_DAVIS_ligands,raw,MET,0.019269430260142332
geometry_concordance,DAVIS,targets_with_at_least_5_uncensored_DAVIS_ligands,raw,PLK1,0.0021812552772305094
geometry_concordance,DAVIS,targets_with_at_least_5_uncensored_DAVIS_ligands,raw,PTK2,-0.008463672550359857
geometry_concordance,DAVIS,targets_with_at_least_5_uncensored_DAVIS_ligands,raw,ROCK1,-0.05978180745982603
geometry_concordance,DAVIS,targets_with_at_least_5_uncensored_DAVIS_ligands,raw,SRC,0.019125353490678565
geometry_concordance,DAVIS,targets_with_at_least_5_uncensored_DAVIS_ligands,center_then_correlation,ABL1,0.2236775092812244
geometry_concordance,DAVIS,targets_with_at_least_5_uncensored_DAVIS_ligands,center_then_correlation,AKT1,0.2088141476686368
geometry_concordance,DAVIS,targets_with_at_least_5_uncensored_DAVIS_ligands,center_then_correlation,AKT2,0.24771152480130804
geometry_concordance,DAVIS,targets_with_at_least_5_uncensored_DAVIS_ligands,center_then_correlation,CDK2,0.22479996783402356
geometry_concordance,DAVIS,targets_with_at_least_5_uncensored_DAVIS_ligands,center_then_correlation,CSF1R,0.27632919196386685
geometry_concordance,DAVIS,targets_with_at_least_5_uncensored_DAVIS_ligands,center_then_correlation,EGFR,0.26264860010990043
geometry_concordance,DAVIS,targets_with_at_least_5_uncensored_DAVIS_ligands,center_then_correlation,FGFR1,0.27937825848042563
geometry_concordance,DAVIS,targets_with_at_least_5_uncensored_DAVIS_ligands,center_then_correlation,IGF1R,0.25227172208596355
geometry_concordance,DAVIS,targets_with_at_least_5_uncensored_DAVIS_ligands,center_then_correlation,JAK2,0.2606616809403187
geometry_concordance,DAVIS,targets_with_at_least_5_uncensored_DAVIS_ligands,center_then_correlation,KDR,0.20346990470829476
geometry_concordance,DAVIS,targets_with_at_least_5_uncensored_DAVIS_ligands,center_then_correlation,KIT,0.1907609933925723
geometry_concordance,DAVIS,targets_with_at_least_5_uncensored_DAVIS_ligands,center_then_correlation,LCK,0.3306327315615241
geometry_concordance,DAVIS,targets_with_at_least_5_uncensored_DAVIS_ligands,center_then_correlation,MAP2K1,0.25805154597724256
geometry_concordance,DAVIS,targets_with_at_least_5_uncensored_DAVIS_ligands,center_then_correlation,MAPK14,0.2769624596249983
geometry_concordance,DAVIS,targets_with_at_least_5_uncensored_DAVIS_ligands,center_then_correlation,MET,0.3009830726548992
geometry_concordance,DAVIS,targets_with_at_least_5_uncensored_DAVIS_ligands,center_then_correlation,PLK1,0.2285861713106295
geometry_concordance,DAVIS,targets_with_at_least_5_uncensored_DAVIS_ligands,center_then_correlation,PTK2,0.25704635921354185
geometry_concordance,DAVIS,targets_with_at_least_5_uncensored_DAVIS_ligands,center_then_correlation,ROCK1,0.2094775709326793
geometry_concordance,DAVIS,targets_with_at_least_5_uncensored_DAVIS_ligands,center_then_correlation,SRC,0.32376730596544834
geometry_concordance,DAVIS,targets_with_at_least_5_uncensored_DAVIS_ligands,z_before_center,ABL1,0.19715063058716312
geometry_concordance,DAVIS,targets_with_at_least_5_uncensored_DAVIS_ligands,z_before_center,AKT1,0.20375805824722232
geometry_concordance,DAVIS,targets_with_at_least_5_uncensored_DAVIS_ligands,z_before_center,AKT2,0.2330357980512779
geometry_concordance,DAVIS,targets_with_at_least_5_uncensored_DAVIS_ligands,z_before_center,CDK2,0.21927479125621538
geometry_concordance,DAVIS,targets_with_at_least_5_uncensored_DAVIS_ligands,z_before_center,CSF1R,0.26109391124871
geometry_concordance,DAVIS,targets_with_at_least_5_uncensored_DAVIS_ligands,z_before_center,EGFR,0.2503953734603889
geometry_concordance,DAVIS,targets_with_at_least_5_uncensored_DAVIS_ligands,z_before_center,FGFR1,0.25787731360486776
geometry_concordance,DAVIS,targets_with_at_least_5_uncensored_DAVIS_ligands,z_before_center,IGF1R,0.23985096430916863
geometry_concordance,DAVIS,targets_with_at_least_5_uncensored_DAVIS_ligands,z_before_center,JAK2,0.2397370431426159
geometry_concordance,DAVIS,targets_with_at_least_5_uncensored_DAVIS_ligands,z_before_center,KDR,0.19283837937088708
geometry_concordance,DAVIS,targets_with_at_least_5_uncensored_DAVIS_ligands,z_before_center,KIT,0.18117486228941337
geometry_concordance,DAVIS,targets_with_at_least_5_uncensored_DAVIS_ligands,z_before_center,LCK,0.32249071877554847
geometry_concordance,DAVIS,targets_with_at_least_5_uncensored_DAVIS_ligands,z_before_center,MAP2K1,0.2608761207832415
geometry_concordance,DAVIS,targets_with_at_least_5_uncensored_DAVIS_ligands,z_before_center,MAPK14,0.2571502285124576
geometry_concordance,DAVIS,targets_with_at_least_5_uncensored_DAVIS_ligands,z_before_center,MET,0.274181442912093
geometry_concordance,DAVIS,targets_with_at_least_5_uncensored_DAVIS_ligands,z_before_center,PLK1,0.2149759425301221
geometry_concordance,DAVIS,targets_with_at_least_5_uncensored_DAVIS_ligands,z_before_center,PTK2,0.24671974052779005
geometry_concordance,DAVIS,targets_with_at_least_5_uncensored_DAVIS_ligands,z_before_center,ROCK1,0.19627276748019779
geometry_concordance,DAVIS,targets_with_at_least_5_uncensored_DAVIS_ligands,z_before_center,SRC,0.3285352418479353
geometry_concordance,DAVIS,targets_with_at_least_5_uncensored_DAVIS_ligands,rank_normal_before_center,ABL1,0.22215632664549073
geometry_concordance,DAVIS,targets_with_at_least_5_uncensored_DAVIS_ligands,rank_normal_before_center,AKT1,0.22344966694811894
geometry_concordance,DAVIS,targets_with_at_least_5_uncensored_DAVIS_ligands,rank_normal_before_center,AKT2,0.2581219090507016
geometry_concordance,DAVIS,targets_with_at_least_5_uncensored_DAVIS_ligands,rank_normal_before_center,CDK2,0.24251470923297547
geometry_concordance,DAVIS,targets_with_at_least_5_uncensored_DAVIS_ligands,rank_normal_before_center,CSF1R,0.2836704059614276
geometry_concordance,DAVIS,targets_with_at_least_5_uncensored_DAVIS_ligands,rank_normal_before_center,EGFR,0.27665755297334244
geometry_concordance,DAVIS,targets_with_at_least_5_uncensored_DAVIS_ligands,rank_normal_before_center,FGFR1,0.2608225108225108
geometry_concordance,DAVIS,targets_with_at_least_5_uncensored_DAVIS_ligands,rank_normal_before_center,IGF1R,0.2597804672108078
geometry_concordance,DAVIS,targets_with_at_least_5_uncensored_DAVIS_ligands,rank_normal_before_center,JAK2,0.26708817498291176
geometry_concordance,DAVIS,targets_with_at_least_5_uncensored_DAVIS_ligands,rank_normal_before_center,KDR,0.215361264122874
geometry_concordance,DAVIS,targets_with_at_least_5_uncensored_DAVIS_ligands,rank_normal_before_center,KIT,0.20591920978917883
geometry_concordance,DAVIS,targets_with_at_least_5_uncensored_DAVIS_ligands,rank_normal_before_center,LCK,0.3576052430541594
geometry_concordance,DAVIS,targets_with_at_least_5_uncensored_DAVIS_ligands,rank_normal_before_center,MAP2K1,0.286176671625588
geometry_concordance,DAVIS,targets_with_at_least_5_uncensored_DAVIS_ligands,rank_normal_before_center,MAPK14,0.2790264431131304
geometry_concordance,DAVIS,targets_with_at_least_5_uncensored_DAVIS_ligands,rank_normal_before_center,MET,0.2967981450953587
geometry_concordance,DAVIS,targets_with_at_least_5_uncensored_DAVIS_ligands,rank_normal_before_center,PLK1,0.23125996810207333
geometry_concordance,DAVIS,targets_with_at_least_5_uncensored_DAVIS_ligands,rank_normal_before_center,PTK2,0.2613050004690871
geometry_concordance,DAVIS,targets_with_at_least_5_uncensored_DAVIS_ligands,rank_normal_before_center,ROCK1,0.22659925214104779
geometry_concordance,DAVIS,targets_with_at_least_5_uncensored_DAVIS_ligands,rank_normal_before_center,SRC,0.373865814268291
geometry_concordance,DAVIS,targets_with_at_least_10_uncensored_DAVIS_ligands,raw,ABL1,-0.049121466768525586
geometry_concordance,DAVIS,targets_with_at_least_10_uncensored_DAVIS_ligands,raw,CDK2,-0.015806653239808316
geometry_concordance,DAVIS,targets_with_at_least_10_uncensored_DAVIS_ligands,raw,CSF1R,-0.0023265504548927005
geometry_concordance,DAVIS,targets_with_at_least_10_uncensored_DAVIS_ligands,raw,EGFR,-0.005139245780957011
geometry_concordance,DAVIS,targets_with_at_least_10_uncensored_DAVIS_ligands,raw,FGFR1,0.0112993957913744
geometry_concordance,DAVIS,targets_with_at_least_10_uncensored_DAVIS_ligands,raw,IGF1R,-0.05836516424751718
geometry_concordance,DAVIS,targets_with_at_least_10_uncensored_DAVIS_ligands,raw,JAK2,-0.0757135912216126
geometry_concordance,DAVIS,targets_with_at_least_10_uncensored_DAVIS_ligands,raw,KDR,-0.10224321133412041
geometry_concordance,DAVIS,targets_with_at_least_10_uncensored_DAVIS_ligands,raw,KIT,-0.04309327036599763
geometry_concordance,DAVIS,targets_with_at_least_10_uncensored_DAVIS_ligands,raw,LCK,-0.05887214389888186
geometry_concordance,DAVIS,targets_with_at_least_10_uncensored_DAVIS_ligands,raw,MAP2K1,-0.05764983679422181
geometry_concordance,DAVIS,targets_with_at_least_10_uncensored_DAVIS_ligands,raw,MAPK14,-0.05758038752691158
geometry_concordance,DAVIS,targets_with_at_least_10_uncensored_DAVIS_ligands,raw,MET,-0.054094034307938035
geometry_concordance,DAVIS,targets_with_at_least_10_uncensored_DAVIS_ligands,raw,PLK1,-0.05287172720327799
geometry_concordance,DAVIS,targets_with_at_least_10_uncensored_DAVIS_ligands,raw,PTK2,-0.08345718452670323
geometry_concordance,DAVIS,targets_with_at_least_10_uncensored_DAVIS_ligands,raw,ROCK1,-0.09790957705396207
geometry_concordance,DAVIS,targets_with_at_least_10_uncensored_DAVIS_ligands,raw,SRC,-0.05569136745607333
geometry_concordance,DAVIS,targets_with_at_least_10_uncensored_DAVIS_ligands,center_then_correlation,ABL1,0.19573581498715187
geometry_concordance,DAVIS,targets_with_at_least_10_uncensored_DAVIS_ligands,center_then_correlation,CDK2,0.18235988610320156
geometry_concordance,DAVIS,targets_with_at_least_10_uncensored_DAVIS_ligands,center_then_correlation,CSF1R,0.2505243419681922
geometry_concordance,DAVIS,targets_with_at_least_10_uncensored_DAVIS_ligands,center_then_correlation,EGFR,0.20745190638238764
geometry_concordance,DAVIS,targets_with_at_least_10_uncensored_DAVIS_ligands,center_then_correlation,FGFR1,0.25437877630391
geometry_concordance,DAVIS,targets_with_at_least_10_uncensored_DAVIS_ligands,center_then_correlation,IGF1R,0.19733314813528713
geometry_concordance,DAVIS,targets_with_at_least_10_uncensored_DAVIS_ligands,center_then_correlation,JAK2,0.21113271754982985
geometry_concordance,DAVIS,targets_with_at_least_10_uncensored_DAVIS_ligands,center_then_correlation,KDR,0.14932981457045627
geometry_concordance,DAVIS,targets_with_at_least_10_uncensored_DAVIS_ligands,center_then_correlation,KIT,0.14857281755677473
geometry_concordance,DAVIS,targets_with_at_least_10_uncensored_DAVIS_ligands,center_then_correlation,LCK,0.28195708035280226
geometry_concordance,DAVIS,targets_with_at_least_10_uncensored_DAVIS_ligands,center_then_correlation,MAP2K1,0.19588860337523437
geometry_concordance,DAVIS,targets_with_at_least_10_uncensored_DAVIS_ligands,center_then_correlation,MAPK14,0.22295992777276197
geometry_concordance,DAVIS,targets_with_at_least_10_uncensored_DAVIS_ligands,center_then_correlation,MET,0.26558094312105
geometry_concordance,DAVIS,targets_with_at_least_10_uncensored_DAVIS_ligands,center_then_correlation,PLK1,0.19189527050489616
geometry_concordance,DAVIS,targets_with_at_least_10_uncensored_DAVIS_ligands,center_then_correlation,PTK2,0.19958330439613858
geometry_concordance,DAVIS,targets_with_at_least_10_uncensored_DAVIS_ligands,center_then_correlation,ROCK1,0.18869365928189452
geometry_concordance,DAVIS,targets_with_at_least_10_uncensored_DAVIS_ligands,center_then_correlation,SRC,0.2657267865824015
geometry_concordance,DAVIS,targets_with_at_least_10_uncensored_DAVIS_ligands,z_before_center,ABL1,0.20077783179387454
geometry_concordance,DAVIS,targets_with_at_least_10_uncensored_DAVIS_ligands,z_before_center,CDK2,0.20980623654420444
geometry_concordance,DAVIS,targets_with_at_least_10_uncensored_DAVIS_ligands,z_before_center,CSF1R,0.2583373845405931
geometry_concordance,DAVIS,targets_with_at_least_10_uncensored_DAVIS_ligands,z_before_center,EGFR,0.23200916730328494
geometry_concordance,DAVIS,targets_with_at_least_10_uncensored_DAVIS_ligands,z_before_center,FGFR1,0.2414403778040141
geometry_concordance,DAVIS,targets_with_at_least_10_uncensored_DAVIS_ligands,z_before_center,IGF1R,0.2214876033057851
geometry_concordance,DAVIS,targets_with_at_least_10_uncensored_DAVIS_ligands,z_before_center,JAK2,0.22289047850545174
geometry_concordance,DAVIS,targets_with_at_least_10_uncensored_DAVIS_ligands,z_before_center,KDR,0.16732411973053682
geometry_concordance,DAVIS,targets_with_at_least_10_uncensored_DAVIS_ligands,z_before_center,KIT,0.15826793527328284
geometry_concordance,DAVIS,targets_with_at_least_10_uncensored_DAVIS_ligands,z_before_center,LCK,0.3081463990554899
geometry_concordance,DAVIS,targets_with_at_least_10_uncensored_DAVIS_ligands,z_before_center,MAP2K1,0.21675116327522742
geometry_concordance,DAVIS,targets_with_at_least_10_uncensored_DAVIS_ligands,z_before_center,MAPK14,0.24154455170497946
geometry_concordance,DAVIS,targets_with_at_least_10_uncensored_DAVIS_ligands,z_before_center,MET,0.26842141815403847
geometry_concordance,DAVIS,targets_with_at_least_10_uncensored_DAVIS_ligands,z_before_center,PLK1,0.20144454476005275
geometry_concordance,DAVIS,targets_with_at_least_10_uncensored_DAVIS_ligands,z_before_center,PTK2,0.22510591013264805
geometry_concordance,DAVIS,targets_with_at_least_10_uncensored_DAVIS_ligands,z_before_center,ROCK1,0.20379887492186957
geometry_concordance,DAVIS,targets_with_at_least_10_uncensored_DAVIS_ligands,z_before_center,SRC,0.2937704007222724
geometry_concordance,DAVIS,targets_with_at_least_10_uncensored_DAVIS_ligands,rank_normal_before_center,ABL1,0.2286756024723939
geometry_concordance,DAVIS,targets_with_at_least_10_uncensored_DAVIS_ligands,rank_normal_before_center,CDK2,0.2434544065560108
geometry_concordance,DAVIS,targets_with_at_least_10_uncensored_DAVIS_ligands,rank_normal_before_center,CSF1R,0.28895062157094237
geometry_concordance,DAVIS,targets_with_at_least_10_uncensored_DAVIS_ligands,rank_normal_before_center,EGFR,0.26401833460656987
geometry_concordance,DAVIS,targets_with_at_least_10_uncensored_DAVIS_ligands,rank_normal_before_center,FGFR1,0.24746162927981105
geometry_concordance,DAVIS,targets_with_at_least_10_uncensored_DAVIS_ligands,rank_normal_before_center,IGF1R,0.24614209320091673
geometry_concordance,DAVIS,targets_with_at_least_10_uncensored_DAVIS_ligands,rank_normal_before_center,JAK2,0.2545315646919925
geometry_concordance,DAVIS,targets_with_at_least_10_uncensored_DAVIS_ligands,rank_normal_before_center,KDR,0.19023543301618165
geometry_concordance,DAVIS,targets_with_at_least_10_uncensored_DAVIS_ligands,rank_normal_before_center,KIT,0.19535384401694558
geometry_concordance,DAVIS,targets_with_at_least_10_uncensored_DAVIS_ligands,rank_normal_before_center,LCK,0.3413153691228557
geometry_concordance,DAVIS,targets_with_at_least_10_uncensored_DAVIS_ligands,rank_normal_before_center,MAP2K1,0.24458642961316754
geometry_concordance,DAVIS,targets_with_at_least_10_uncensored_DAVIS_ligands,rank_normal_before_center,MAPK14,0.26560872282797415
geometry_concordance,DAVIS,targets_with_at_least_10_uncensored_DAVIS_ligands,rank_normal_before_center,MET,0.28744357247031044
geometry_concordance,DAVIS,targets_with_at_least_10_uncensored_DAVIS_ligands,rank_normal_before_center,PLK1,0.2276824779498576
geometry_concordance,DAVIS,targets_with_at_least_10_uncensored_DAVIS_ligands,rank_normal_before_center,PTK2,0.24789221473713446
geometry_concordance,DAVIS,targets_with_at_least_10_uncensored_DAVIS_ligands,rank_normal_before_center,ROCK1,0.2351413292589763
geometry_concordance,DAVIS,targets_with_at_least_10_uncensored_DAVIS_ligands,rank_normal_before_center,SRC,0.34744079449961796
geometry_concordance,DAVIS,binary_uncensored_activity_surface,raw,ABL1,-0.06812855547002772
geometry_concordance,DAVIS,binary_uncensored_activity_surface,raw,AKT1,-0.12631606572321696
geometry_concordance,DAVIS,binary_uncensored_activity_surface,raw,AKT2,-0.10158140023162467
geometry_concordance,DAVIS,binary_uncensored_activity_surface,raw,CDK2,-0.050218150564468496
geometry_concordance,DAVIS,binary_uncensored_activity_surface,raw,CSF1R,-0.047965568296003416
geometry_concordance,DAVIS,binary_uncensored_activity_surface,raw,EGFR,-0.06460665556861103
geometry_concordance,DAVIS,binary_uncensored_activity_surface,raw,FGFR1,-0.052257284260698436
geometry_concordance,DAVIS,binary_uncensored_activity_surface,raw,IGF1R,-0.06289734567092786
geometry_concordance,DAVIS,binary_uncensored_activity_surface,raw,JAK2,-0.06785640709820885
geometry_concordance,DAVIS,binary_uncensored_activity_surface,raw,KDR,-0.06571238867228482
geometry_concordance,DAVIS,binary_uncensored_activity_surface,raw,KIT,-0.07270548252297854
geometry_concordance,DAVIS,binary_uncensored_activity_surface,raw,LCK,-0.022855608227599054
geometry_concordance,DAVIS,binary_uncensored_activity_surface,raw,MAP2K1,-0.028626552693495937
geometry_concordance,DAVIS,binary_uncensored_activity_surface,raw,MAPK1,-0.11443545307710135
geometry_concordance,DAVIS,binary_uncensored_activity_surface,raw,MAPK14,-0.11075706447004419
geometry_concordance,DAVIS,binary_uncensored_activity_surface,raw,MAPKAPK2,-0.09873479288951745
geometry_concordance,DAVIS,binary_uncensored_activity_surface,raw,MET,-0.05714648126980576
geometry_concordance,DAVIS,binary_uncensored_activity_surface,raw,PLK1,-0.10866194426306404
geometry_concordance,DAVIS,binary_uncensored_activity_surface,raw,PTK2,-0.08276380909494417
geometry_concordance,DAVIS,binary_uncensored_activity_surface,raw,ROCK1,-0.11378470999670734
geometry_concordance,DAVIS,binary_uncensored_activity_surface,raw,SRC,-0.03004901006670893
geometry_concordance,DAVIS,binary_uncensored_activity_surface,center_then_correlation,ABL1,0.2408175762267799
geometry_concordance,DAVIS,binary_uncensored_activity_surface,center_then_correlation,AKT1,0.24083857112239593
geometry_concordance,DAVIS,binary_uncensored_activity_surface,center_then_correlation,AKT2,0.2742641945177079
geometry_concordance,DAVIS,binary_uncensored_activity_surface,center_then_correlation,CDK2,0.26312115366951416
geometry_concordance,DAVIS,binary_uncensored_activity_surface,center_then_correlation,CSF1R,0.29641905811649544
geometry_concordance,DAVIS,binary_uncensored_activity_surface,center_then_correlation,EGFR,0.2929583994891242
geometry_concordance,DAVIS,binary_uncensored_activity_surface,center_then_correlation,FGFR1,0.2535842223359446
geometry_concordance,DAVIS,binary_uncensored_activity_surface,center_then_correlation,IGF1R,0.27746241694987905
geometry_concordance,DAVIS,binary_uncensored_activity_surface,center_then_correlation,JAK2,0.32152020540006215
geometry_concordance,DAVIS,binary_uncensored_activity_surface,center_then_correlation,KDR,0.24100128156341993
geometry_concordance,DAVIS,binary_uncensored_activity_surface,center_then_correlation,KIT,0.2338997581213068
geometry_concordance,DAVIS,binary_uncensored_activity_surface,center_then_correlation,LCK,0.37405643252984117
geometry_concordance,DAVIS,binary_uncensored_activity_surface,center_then_correlation,MAP2K1,0.34322192916847094
geometry_concordance,DAVIS,binary_uncensored_activity_surface,center_then_correlation,MAPK1,0.2744881400709453
geometry_concordance,DAVIS,binary_uncensored_activity_surface,center_then_correlation,MAPK14,0.30704072572355845
geometry_concordance,DAVIS,binary_uncensored_activity_surface,center_then_correlation,MAPKAPK2,0.26025709999256436
geometry_concordance,DAVIS,binary_uncensored_activity_surface,center_then_correlation,MET,0.3111627235628338
geometry_concordance,DAVIS,binary_uncensored_activity_surface,center_then_correlation,PLK1,0.24732774344237562
geometry_concordance,DAVIS,binary_uncensored_activity_surface,center_then_correlation,PTK2,0.2814636941393624
geometry_concordance,DAVIS,binary_uncensored_activity_surface,center_then_correlation,ROCK1,0.2501428090295547
geometry_concordance,DAVIS,binary_uncensored_activity_surface,center_then_correlation,SRC,0.3658789206874079
geometry_concordance,DAVIS,binary_uncensored_activity_surface,z_before_center,ABL1,0.22996321519330615
geometry_concordance,DAVIS,binary_uncensored_activity_surface,z_before_center,AKT1,0.23376504087443747
geometry_concordance,DAVIS,binary_uncensored_activity_surface,z_before_center,AKT2,0.2615727801178339
geometry_concordance,DAVIS,binary_uncensored_activity_surface,z_before_center,CDK2,0.26249830509957267
geometry_concordance,DAVIS,binary_uncensored_activity_surface,z_before_center,CSF1R,0.2796266407729621
geometry_concordance,DAVIS,binary_uncensored_activity_surface,z_before_center,EGFR,0.27817624340082325
geometry_concordance,DAVIS,binary_uncensored_activity_surface,z_before_center,FGFR1,0.24705830894863687
geometry_concordance,DAVIS,binary_uncensored_activity_surface,z_before_center,IGF1R,0.2657262703005332
geometry_concordance,DAVIS,binary_uncensored_activity_surface,z_before_center,JAK2,0.2954742878137753
geometry_concordance,DAVIS,binary_uncensored_activity_surface,z_before_center,KDR,0.23599749810827247
geometry_concordance,DAVIS,binary_uncensored_activity_surface,z_before_center,KIT,0.22137805246099546
geometry_concordance,DAVIS,binary_uncensored_activity_surface,z_before_center,LCK,0.3648974093173597
geometry_concordance,DAVIS,binary_uncensored_activity_surface,z_before_center,MAP2K1,0.33829337742261417
geometry_concordance,DAVIS,binary_uncensored_activity_surface,z_before_center,MAPK1,0.24997834901389604
geometry_concordance,DAVIS,binary_uncensored_activity_surface,z_before_center,MAPK14,0.2771229994707537
geometry_concordance,DAVIS,binary_uncensored_activity_surface,z_before_center,MAPKAPK2,0.24578286903996469
geometry_concordance,DAVIS,binary_uncensored_activity_surface,z_before_center,MET,0.30000918526683207
geometry_concordance,DAVIS,binary_uncensored_activity_surface,z_before_center,PLK1,0.23879331837447024
geometry_concordance,DAVIS,binary_uncensored_activity_surface,z_before_center,PTK2,0.2641236599351783
geometry_concordance,DAVIS,binary_uncensored_activity_surface,z_before_center,ROCK1,0.23647338240890187
geometry_concordance,DAVIS,binary_uncensored_activity_surface,z_before_center,SRC,0.3620053624462553
geometry_concordance,DAVIS,binary_uncensored_activity_surface,rank_normal_before_center,ABL1,0.24482585171480187
geometry_concordance,DAVIS,binary_uncensored_activity_surface,rank_normal_before_center,AKT1,0.2442782348541511
geometry_concordance,DAVIS,binary_uncensored_activity_surface,rank_normal_before_center,AKT2,0.27646515940811894
geometry_concordance,DAVIS,binary_uncensored_activity_surface,rank_normal_before_center,CDK2,0.2709032616445127
geometry_concordance,DAVIS,binary_uncensored_activity_surface,rank_normal_before_center,CSF1R,0.2949441666994712
geometry_concordance,DAVIS,binary_uncensored_activity_surface,rank_normal_before_center,EGFR,0.29351476422294837
geometry_concordance,DAVIS,binary_uncensored_activity_surface,rank_normal_before_center,FGFR1,0.25971648143045223
geometry_concordance,DAVIS,binary_uncensored_activity_surface,rank_normal_before_center,IGF1R,0.278545403648738
geometry_concordance,DAVIS,binary_uncensored_activity_surface,rank_normal_before_center,JAK2,0.3163292174590053
geometry_concordance,DAVIS,binary_uncensored_activity_surface,rank_normal_before_center,KDR,0.24728925280041295
geometry_concordance,DAVIS,binary_uncensored_activity_surface,rank_normal_before_center,KIT,0.23479728990889093
geometry_concordance,DAVIS,binary_uncensored_activity_surface,rank_normal_before_center,LCK,0.37882227383467404
geometry_concordance,DAVIS,binary_uncensored_activity_surface,rank_normal_before_center,MAP2K1,0.3497810844738374
geometry_concordance,DAVIS,binary_uncensored_activity_surface,rank_normal_before_center,MAPK1,0.26942662065285383
geometry_concordance,DAVIS,binary_uncensored_activity_surface,rank_normal_before_center,MAPK14,0.3034768421927419
geometry_concordance,DAVIS,binary_uncensored_activity_surface,rank_normal_before_center,MAPKAPK2,0.2585722596193801
geometry_concordance,DAVIS,binary_uncensored_activity_surface,rank_normal_before_center,MET,0.3157938476207972
geometry_concordance,DAVIS,binary_uncensored_activity_surface,rank_normal_before_center,PLK1,0.2510455895410429
geometry_concordance,DAVIS,binary_uncensored_activity_surface,rank_normal_before_center,PTK2,0.2802564876414422
geometry_concordance,DAVIS,binary_uncensored_activity_surface,rank_normal_before_center,ROCK1,0.2518206511042003
geometry_concordance,DAVIS,binary_uncensored_activity_surface,rank_normal_before_center,SRC,0.37342308651209183
geometry_concordance,PKIS1,CDK2_cyclinE_construct_sensitivity,raw,ABL1,-0.18326733386132915
geometry_concordance,PKIS1,CDK2_cyclinE_construct_sensitivity,raw,AKT1,-0.1906952744378045
geometry_concordance,PKIS1,CDK2_cyclinE_construct_sensitivity,raw,AKT2,-0.17228262173902611
geometry_concordance,PKIS1,CDK2_cyclinE_construct_sensitivity,raw,CDK2,-0.1627042983656131
geometry_concordance,PKIS1,CDK2_cyclinE_construct_sensitivity,raw,CSF1R,-0.13540211678306574
geometry_concordance,PKIS1,CDK2_cyclinE_construct_sensitivity,raw,EGFR,-0.11655026759785923
geometry_concordance,PKIS1,CDK2_cyclinE_construct_sensitivity,raw,FGFR1,-0.13505891952864377
geometry_concordance,PKIS1,CDK2_cyclinE_construct_sensitivity,raw,IGF1R,-0.17323781409748723
geometry_concordance,PKIS1,CDK2_cyclinE_construct_sensitivity,raw,JAK2,-0.15867233062135502
geometry_concordance,PKIS1,CDK2_cyclinE_construct_sensitivity,raw,KDR,-0.10100079199366406
geometry_concordance,PKIS1,CDK2_cyclinE_construct_sensitivity,raw,KIT,-0.15065639474884202
geometry_concordance,PKIS1,CDK2_cyclinE_construct_sensitivity,raw,LCK,-0.12688218494252046
geometry_concordance,PKIS1,CDK2_cyclinE_construct_sensitivity,raw,MAP2K1,-0.1659586723306214
geometry_concordance,PKIS1,CDK2_cyclinE_construct_sensitivity,raw,MAPK1,-0.17126742986056112
geometry_concordance,PKIS1,CDK2_cyclinE_construct_sensitivity,raw,MAPK14,-0.17637218902248783
geometry_concordance,PKIS1,CDK2_cyclinE_construct_sensitivity,raw,MAPKAPK2,-0.16013631890944874
geometry_concordance,PKIS1,CDK2_cyclinE_construct_sensitivity,raw,MET,-0.13762209902320782
geometry_concordance,PKIS1,CDK2_cyclinE_construct_sensitivity,raw,PLK1,-0.13633570931432548
geometry_concordance,PKIS1,CDK2_cyclinE_construct_sensitivity,raw,ROCK1,-0.18304413564691485
geometry_concordance,PKIS1,CDK2_cyclinE_construct_sensitivity,raw,SRC,-0.13757409940720475
geometry_concordance,PKIS1,CDK2_cyclinE_construct_sensitivity,center_then_correlation,ABL1,0.12186622507019945
geometry_concordance,PKIS1,CDK2_cyclinE_construct_sensitivity,center_then_correlation,AKT1,0.1493964048287614
geometry_concordance,PKIS1,CDK2_cyclinE_construct_sensitivity,center_then_correlation,AKT2,0.17828017375860994
geometry_concordance,PKIS1,CDK2_cyclinE_construct_sensitivity,center_then_correlation,CDK2,0.2024887800897593
geometry_concordance,PKIS1,CDK2_cyclinE_construct_sensitivity,center_then_correlation,CSF1R,0.18806969544243646
geometry_concordance,PKIS1,CDK2_cyclinE_construct_sensitivity,center_then_correlation,EGFR,0.19367365061079514
geometry_concordance,PKIS1,CDK2_cyclinE_construct_sensitivity,center_then_correlation,FGFR1,0.24423644610843115
geometry_concordance,PKIS1,CDK2_cyclinE_construct_sensitivity,center_then_correlation,IGF1R,0.16827705378356975
geometry_concordance,PKIS1,CDK2_cyclinE_construct_sensitivity,center_then_correlation,JAK2,0.1857417140662875
geometry_concordance,PKIS1,CDK2_cyclinE_construct_sensitivity,center_then_correlation,KDR,0.15839153286773708
geometry_concordance,PKIS1,CDK2_cyclinE_construct_sensitivity,center_then_correlation,KIT,0.15598675210598317
geometry_concordance,PKIS1,CDK2_cyclinE_construct_sensitivity,center_then_correlation,LCK,0.2765809873521012
geometry_concordance,PKIS1,CDK2_cyclinE_construct_sensitivity,center_then_correlation,MAP2K1,0.1681498548011616
geometry_concordance,PKIS1,CDK2_cyclinE_construct_sensitivity,center_then_correlation,MAPK1,0.1733626130990952
geometry_concordance,PKIS1,CDK2_cyclinE_construct_sensitivity,center_then_correlation,MAPK14,0.21781265749874004
geometry_concordance,PKIS1,CDK2_cyclinE_construct_sensitivity,center_then_correlation,MAPKAPK2,0.16895864833081337
geometry_concordance,PKIS1,CDK2_cyclinE_construct_sensitivity,center_then_correlation,MET,0.22611419108647135
geometry_concordance,PKIS1,CDK2_cyclinE_construct_sensitivity,center_then_correlation,PLK1,0.1806057551539588
geometry_concordance,PKIS1,CDK2_cyclinE_construct_sensitivity,center_then_correlation,ROCK1,0.15940192478460175
geometry_concordance,PKIS1,CDK2_cyclinE_construct_sensitivity,center_then_correlation,SRC,0.3017207862337102
geometry_concordance,PKIS1,CDK2_cyclinE_construct_sensitivity,z_before_center,ABL1,0.12753257973936208
geometry_concordance,PKIS1,CDK2_cyclinE_construct_sensitivity,z_before_center,AKT1,0.18432092543259654
geometry_concordance,PKIS1,CDK2_cyclinE_construct_sensitivity,z_before_center,AKT2,0.20236158110735117
geometry_concordance,PKIS1,CDK2_cyclinE_construct_sensitivity,z_before_center,CDK2,0.21597907216742268
geometry_concordance,PKIS1,CDK2_cyclinE_construct_sensitivity,z_before_center,CSF1R,0.20743994048047618
geometry_concordance,PKIS1,CDK2_cyclinE_construct_sensitivity,z_before_center,EGFR,0.21166870665034682
geometry_concordance,PKIS1,CDK2_cyclinE_construct_sensitivity,z_before_center,FGFR1,0.18733770129838964
geometry_concordance,PKIS1,CDK2_cyclinE_construct_sensitivity,z_before_center,IGF1R,0.1724674202606379
geometry_concordance,PKIS1,CDK2_cyclinE_construct_sensitivity,z_before_center,JAK2,0.2103967168262654
geometry_concordance,PKIS1,CDK2_cyclinE_construct_sensitivity,z_before_center,KDR,0.1841793265653875
geometry_concordance,PKIS1,CDK2_cyclinE_construct_sensitivity,z_before_center,KIT,0.16545707634338927
geometry_concordance,PKIS1,CDK2_cyclinE_construct_sensitivity,z_before_center,LCK,0.31853265173878614
geometry_concordance,PKIS1,CDK2_cyclinE_construct_sensitivity,z_before_center,MAP2K1,0.21811745506035957
geometry_concordance,PKIS1,CDK2_cyclinE_construct_sensitivity,z_before_center,MAPK1,0.18683130534955725
geometry_concordance,PKIS1,CDK2_cyclinE_construct_sensitivity,z_before_center,MAPK14,0.22446060431516549
geometry_concordance,PKIS1,CDK2_cyclinE_construct_sensitivity,z_before_center,MAPKAPK2,0.19069767441860466
geometry_concordance,PKIS1,CDK2_cyclinE_construct_sensitivity,z_before_center,MET,0.22488540091679265
geometry_concordance,PKIS1,CDK2_cyclinE_construct_sensitivity,z_before_center,PLK1,0.19752081983344136
geometry_concordance,PKIS1,CDK2_cyclinE_construct_sensitivity,z_before_center,ROCK1,0.16757385940912475
geometry_concordance,PKIS1,CDK2_cyclinE_construct_sensitivity,z_before_center,SRC,0.3444068447452421
geometry_concordance,PKIS1,CDK2_cyclinE_construct_sensitivity,rank_normal_before_center,ABL1,0.13034535723714213
geometry_concordance,PKIS1,CDK2_cyclinE_construct_sensitivity,rank_normal_before_center,AKT1,0.14454124367005064
geometry_concordance,PKIS1,CDK2_cyclinE_construct_sensitivity,rank_normal_before_center,AKT2,0.17292581659346726
geometry_concordance,PKIS1,CDK2_cyclinE_construct_sensitivity,rank_normal_before_center,CDK2,0.2217078263373893
geometry_concordance,PKIS1,CDK2_cyclinE_construct_sensitivity,rank_normal_before_center,CSF1R,0.19028007775937794
geometry_concordance,PKIS1,CDK2_cyclinE_construct_sensitivity,rank_normal_before_center,EGFR,0.20862073103415177
geometry_concordance,PKIS1,CDK2_cyclinE_construct_sensitivity,rank_normal_before_center,FGFR1,0.19237526099791205
geometry_concordance,PKIS1,CDK2_cyclinE_construct_sensitivity,rank_normal_before_center,IGF1R,0.18856169150646798
geometry_concordance,PKIS1,CDK2_cyclinE_construct_sensitivity,rank_normal_before_center,JAK2,0.2160198718410253
geometry_concordance,PKIS1,CDK2_cyclinE_construct_sensitivity,rank_normal_before_center,KDR,0.16717786257709938
geometry_concordance,PKIS1,CDK2_cyclinE_construct_sensitivity,rank_normal_before_center,KIT,0.1571699426404589
geometry_concordance,PKIS1,CDK2_cyclinE_construct_sensitivity,rank_normal_before_center,LCK,0.29502483980128164
geometry_concordance,PKIS1,CDK2_cyclinE_construct_sensitivity,rank_normal_before_center,MAP2K1,0.17301941584467326
geometry_concordance,PKIS1,CDK2_cyclinE_construct_sensitivity,rank_normal_before_center,MAPK1,0.18515851873185016
geometry_concordance,PKIS1,CDK2_cyclinE_construct_sensitivity,rank_normal_before_center,MAPK14,0.22181582547339623
geometry_concordance,PKIS1,CDK2_cyclinE_construct_sensitivity,rank_normal_before_center,MAPKAPK2,0.16838025295797635
geometry_concordance,PKIS1,CDK2_cyclinE_construct_sensitivity,rank_normal_before_center,MET,0.21160630714954282
geometry_concordance,PKIS1,CDK2_cyclinE_construct_sensitivity,rank_normal_before_center,PLK1,0.17343221254229968
geometry_concordance,PKIS1,CDK2_cyclinE_construct_sensitivity,rank_normal_before_center,ROCK1,0.1905872753017976
geometry_concordance,PKIS1,CDK2_cyclinE_construct_sensitivity,rank_normal_before_center,SRC,0.2980128158974728
geometry_concordance,DAVIS,exact_identity_and_same_Murcko_scaffold_excluded_reference,raw,ABL1,0.07371220372047048
geometry_concordance,DAVIS,exact_identity_and_same_Murcko_scaffold_excluded_reference,raw,AKT1,0.01857960783284564
geometry_concordance,DAVIS,exact_identity_and_same_Murcko_scaffold_excluded_reference,raw,AKT2,0.03177664930213842
geometry_concordance,DAVIS,exact_identity_and_same_Murcko_scaffold_excluded_reference,raw,CDK2,0.06070586588635638
geometry_concordance,DAVIS,exact_identity_and_same_Murcko_scaffold_excluded_reference,raw,CSF1R,0.09961115703744527
geometry_concordance,DAVIS,exact_identity_and_same_Murcko_scaffold_excluded_reference,raw,EGFR,0.09250263529679348
geometry_concordance,DAVIS,exact_identity_and_same_Murcko_scaffold_excluded_reference,raw,FGFR1,0.13934749614000097
geometry_concordance,DAVIS,exact_identity_and_same_Murcko_scaffold_excluded_reference,raw,IGF1R,0.07363697201117979
geometry_concordance,DAVIS,exact_identity_and_same_Murcko_scaffold_excluded_reference,raw,JAK2,0.05301298621772582
geometry_concordance,DAVIS,exact_identity_and_same_Murcko_scaffold_excluded_reference,raw,KDR,0.03792115541908874
geometry_concordance,DAVIS,exact_identity_and_same_Murcko_scaffold_excluded_reference,raw,KIT,0.07807564285932983
geometry_concordance,DAVIS,exact_identity_and_same_Murcko_scaffold_excluded_reference,raw,LCK,0.08825991680772613
geometry_concordance,DAVIS,exact_identity_and_same_Murcko_scaffold_excluded_reference,raw,MAP2K1,0.06714605011656542
geometry_concordance,DAVIS,exact_identity_and_same_Murcko_scaffold_excluded_reference,raw,MAPK1,0.04939661544786924
geometry_concordance,DAVIS,exact_identity_and_same_Murcko_scaffold_excluded_reference,raw,MAPK14,0.04450305519470579
geometry_concordance,DAVIS,exact_identity_and_same_Murcko_scaffold_excluded_reference,raw,MAPKAPK2,0.023574643414819775
geometry_concordance,DAVIS,exact_identity_and_same_Murcko_scaffold_excluded_reference,raw,MET,0.07700315360827899
geometry_concordance,DAVIS,exact_identity_and_same_Murcko_scaffold_excluded_reference,raw,PLK1,0.05342938498077655
geometry_concordance,DAVIS,exact_identity_and_same_Murcko_scaffold_excluded_reference,raw,PTK2,0.049338879484925234
geometry_concordance,DAVIS,exact_identity_and_same_Murcko_scaffold_excluded_reference,raw,ROCK1,0.002835185695477788
geometry_concordance,DAVIS,exact_identity_and_same_Murcko_scaffold_excluded_reference,raw,SRC,0.08600996382754446
geometry_concordance,DAVIS,exact_identity_and_same_Murcko_scaffold_excluded_reference,center_then_correlation,ABL1,0.2503282639408294
geometry_concordance,DAVIS,exact_identity_and_same_Murcko_scaffold_excluded_reference,center_then_correlation,AKT1,0.24528249069444996
geometry_concordance,DAVIS,exact_identity_and_same_Murcko_scaffold_excluded_reference,center_then_correlation,AKT2,0.27742917503182046
geometry_concordance,DAVIS,exact_identity_and_same_Murcko_scaffold_excluded_reference,center_then_correlation,CDK2,0.24820428033434375
geometry_concordance,DAVIS,exact_identity_and_same_Murcko_scaffold_excluded_reference,center_then_correlation,CSF1R,0.3031934111019259
geometry_concordance,DAVIS,exact_identity_and_same_Murcko_scaffold_excluded_reference,center_then_correlation,EGFR,0.28423152121140555
geometry_concordance,DAVIS,exact_identity_and_same_Murcko_scaffold_excluded_reference,center_then_correlation,FGFR1,0.2993268511593119
geometry_concordance,DAVIS,exact_identity_and_same_Murcko_scaffold_excluded_reference,center_then_correlation,IGF1R,0.27511448779015607
geometry_concordance,DAVIS,exact_identity_and_same_Murcko_scaffold_excluded_reference,center_then_correlation,JAK2,0.3005183114855201
geometry_concordance,DAVIS,exact_identity_and_same_Murcko_scaffold_excluded_reference,center_then_correlation,KDR,0.24002501891727576
geometry_concordance,DAVIS,exact_identity_and_same_Murcko_scaffold_excluded_reference,center_then_correlation,KIT,0.23226215626325852
geometry_concordance,DAVIS,exact_identity_and_same_Murcko_scaffold_excluded_reference,center_then_correlation,LCK,0.3526993749644618
geometry_concordance,DAVIS,exact_identity_and_same_Murcko_scaffold_excluded_reference,center_then_correlation,MAP2K1,0.2921343498361961
geometry_concordance,DAVIS,exact_identity_and_same_Murcko_scaffold_excluded_reference,center_then_correlation,MAPK1,0.270581339911734
geometry_concordance,DAVIS,exact_identity_and_same_Murcko_scaffold_excluded_reference,center_then_correlation,MAPK14,0.30977706045217757
geometry_concordance,DAVIS,exact_identity_and_same_Murcko_scaffold_excluded_reference,center_then_correlation,MAPKAPK2,0.2603655736199137
geometry_concordance,DAVIS,exact_identity_and_same_Murcko_scaffold_excluded_reference,center_then_correlation,MET,0.3232645313108251
geometry_concordance,DAVIS,exact_identity_and_same_Murcko_scaffold_excluded_reference,center_then_correlation,PLK1,0.2565742453865904
geometry_concordance,DAVIS,exact_identity_and_same_Murcko_scaffold_excluded_reference,center_then_correlation,PTK2,0.2816089088340398
geometry_concordance,DAVIS,exact_identity_and_same_Murcko_scaffold_excluded_reference,center_then_correlation,ROCK1,0.2523542713677737
geometry_concordance,DAVIS,exact_identity_and_same_Murcko_scaffold_excluded_reference,center_then_correlation,SRC,0.351506165063619
geometry_concordance,DAVIS,exact_identity_and_same_Murcko_scaffold_excluded_reference,z_before_center,ABL1,0.22844983313431924
geometry_concordance,DAVIS,exact_identity_and_same_Murcko_scaffold_excluded_reference,z_before_center,AKT1,0.24007750615631576
geometry_concordance,DAVIS,exact_identity_and_same_Murcko_scaffold_excluded_reference,z_before_center,AKT2,0.26837337672278433
geometry_concordance,DAVIS,exact_identity_and_same_Murcko_scaffold_excluded_reference,z_before_center,CDK2,0.2573318112034012
geometry_concordance,DAVIS,exact_identity_and_same_Murcko_scaffold_excluded_reference,z_before_center,CSF1R,0.2881015803032888
geometry_concordance,DAVIS,exact_identity_and_same_Murcko_scaffold_excluded_reference,z_before_center,EGFR,0.27885507835907397
geometry_concordance,DAVIS,exact_identity_and_same_Murcko_scaffold_excluded_reference,z_before_center,FGFR1,0.29308086971355096
geometry_concordance,DAVIS,exact_identity_and_same_Murcko_scaffold_excluded_reference,z_before_center,IGF1R,0.27039763457509397
geometry_concordance,DAVIS,exact_identity_and_same_Murcko_scaffold_excluded_reference,z_before_center,JAK2,0.27561136698640143
geometry_concordance,DAVIS,exact_identity_and_same_Murcko_scaffold_excluded_reference,z_before_center,KDR,0.2400967514772971
geometry_concordance,DAVIS,exact_identity_and_same_Murcko_scaffold_excluded_reference,z_before_center,KIT,0.22546680838221209
geometry_concordance,DAVIS,exact_identity_and_same_Murcko_scaffold_excluded_reference,z_before_center,LCK,0.35119998950255216
geometry_concordance,DAVIS,exact_identity_and_same_Murcko_scaffold_excluded_reference,z_before_center,MAP2K1,0.29072069353138524
geometry_concordance,DAVIS,exact_identity_and_same_Murcko_scaffold_excluded_reference,z_before_center,MAPK1,0.2597549720724149
geometry_concordance,DAVIS,exact_identity_and_same_Murcko_scaffold_excluded_reference,z_before_center,MAPK14,0.29144501743013734
geometry_concordance,DAVIS,exact_identity_and_same_Murcko_scaffold_excluded_reference,z_before_center,MAPKAPK2,0.249941607946568
geometry_concordance,DAVIS,exact_identity_and_same_Murcko_scaffold_excluded_reference,z_before_center,MET,0.30693925039474784
geometry_concordance,DAVIS,exact_identity_and_same_Murcko_scaffold_excluded_reference,z_before_center,PLK1,0.24609954204883938
geometry_concordance,DAVIS,exact_identity_and_same_Murcko_scaffold_excluded_reference,z_before_center,PTK2,0.2780660201988392
geometry_concordance,DAVIS,exact_identity_and_same_Murcko_scaffold_excluded_reference,z_before_center,ROCK1,0.24399305418870043
geometry_concordance,DAVIS,exact_identity_and_same_Murcko_scaffold_excluded_reference,z_before_center,SRC,0.3603677605882071
geometry_concordance,DAVIS,exact_identity_and_same_Murcko_scaffold_excluded_reference,rank_normal_before_center,ABL1,0.2632366255954022
geometry_concordance,DAVIS,exact_identity_and_same_Murcko_scaffold_excluded_reference,rank_normal_before_center,AKT1,0.26487247787881574
geometry_concordance,DAVIS,exact_identity_and_same_Murcko_scaffold_excluded_reference,rank_normal_before_center,AKT2,0.2949004273336046
geometry_concordance,DAVIS,exact_identity_and_same_Murcko_scaffold_excluded_reference,rank_normal_before_center,CDK2,0.276785331566263
geometry_concordance,DAVIS,exact_identity_and_same_Murcko_scaffold_excluded_reference,rank_normal_before_center,CSF1R,0.31406001915784226
geometry_concordance,DAVIS,exact_identity_and_same_Murcko_scaffold_excluded_reference,rank_normal_before_center,EGFR,0.3047960214672808
geometry_concordance,DAVIS,exact_identity_and_same_Murcko_scaffold_excluded_reference,rank_normal_before_center,FGFR1,0.2948216964750445
geometry_concordance,DAVIS,exact_identity_and_same_Murcko_scaffold_excluded_reference,rank_normal_before_center,IGF1R,0.2925210058304575
geometry_concordance,DAVIS,exact_identity_and_same_Murcko_scaffold_excluded_reference,rank_normal_before_center,JAK2,0.3147685968848824
geometry_concordance,DAVIS,exact_identity_and_same_Murcko_scaffold_excluded_reference,rank_normal_before_center,KDR,0.26395045204634626
geometry_concordance,DAVIS,exact_identity_and_same_Murcko_scaffold_excluded_reference,rank_normal_before_center,KIT,0.25289488992988585
geometry_concordance,DAVIS,exact_identity_and_same_Murcko_scaffold_excluded_reference,rank_normal_before_center,LCK,0.3842914441426428
geometry_concordance,DAVIS,exact_identity_and_same_Murcko_scaffold_excluded_reference,rank_normal_before_center,MAP2K1,0.3245294737716893
geometry_concordance,DAVIS,exact_identity_and_same_Murcko_scaffold_excluded_reference,rank_normal_before_center,MAPK1,0.27944468501095676
geometry_concordance,DAVIS,exact_identity_and_same_Murcko_scaffold_excluded_reference,rank_normal_before_center,MAPK14,0.31609477445795997
geometry_concordance,DAVIS,exact_identity_and_same_Murcko_scaffold_excluded_reference,rank_normal_before_center,MAPKAPK2,0.2718252874769822
geometry_concordance,DAVIS,exact_identity_and_same_Murcko_scaffold_excluded_reference,rank_normal_before_center,MET,0.3303503085812262
geometry_concordance,DAVIS,exact_identity_and_same_Murcko_scaffold_excluded_reference,rank_normal_before_center,PLK1,0.2698360211173659
geometry_concordance,DAVIS,exact_identity_and_same_Murcko_scaffold_excluded_reference,rank_normal_before_center,PTK2,0.2982701080799731
geometry_concordance,DAVIS,exact_identity_and_same_Murcko_scaffold_excluded_reference,rank_normal_before_center,ROCK1,0.2796423869446741
geometry_concordance,DAVIS,exact_identity_and_same_Murcko_scaffold_excluded_reference,rank_normal_before_center,SRC,0.40366448407231
geometry_concordance,PKIS2,exact_identity_and_same_Murcko_scaffold_excluded_reference,raw,ABL1,-0.2461485301386101
geometry_concordance,PKIS2,exact_identity_and_same_Murcko_scaffold_excluded_reference,raw,AKT1,-0.2486206790973945
geometry_concordance,PKIS2,exact_identity_and_same_Murcko_scaffold_excluded_reference,raw,AKT2,-0.24492207831970852
geometry_concordance,PKIS2,exact_identity_and_same_Murcko_scaffold_excluded_reference,raw,CDK2,-0.19220389542792413
geometry_concordance,PKIS2,exact_identity_and_same_Murcko_scaffold_excluded_reference,raw,CSF1R,-0.1893345930270703
geometry_concordance,PKIS2,exact_identity_and_same_Murcko_scaffold_excluded_reference,raw,EGFR,-0.21830929855178963
geometry_concordance,PKIS2,exact_identity_and_same_Murcko_scaffold_excluded_reference,raw,FGFR1,-0.1619852423379566
geometry_concordance,PKIS2,exact_identity_and_same_Murcko_scaffold_excluded_reference,raw,IGF1R,-0.20822475035756932
geometry_concordance,PKIS2,exact_identity_and_same_Murcko_scaffold_excluded_reference,raw,JAK2,-0.22134656011757142
geometry_concordance,PKIS2,exact_identity_and_same_Murcko_scaffold_excluded_reference,raw,KDR,-0.2048445721633928
geometry_concordance,PKIS2,exact_identity_and_same_Murcko_scaffold_excluded_reference,raw,KIT,-0.22245579043595026
geometry_concordance,PKIS2,exact_identity_and_same_Murcko_scaffold_excluded_reference,raw,LCK,-0.20948619366916418
geometry_concordance,PKIS2,exact_identity_and_same_Murcko_scaffold_excluded_reference,raw,MAP2K1,-0.19327988382824426
geometry_concordance,PKIS2,exact_identity_and_same_Murcko_scaffold_excluded_reference,raw,MAPK1,-0.23340987722360004
geometry_concordance,PKIS2,exact_identity_and_same_Murcko_scaffold_excluded_reference,raw,MAPK14,-0.23995853508115841
geometry_concordance,PKIS2,exact_identity_and_same_Murcko_scaffold_excluded_reference,raw,MAPKAPK2,-0.16507849029204774
geometry_concordance,PKIS2,exact_identity_and_same_Murcko_scaffold_excluded_reference,raw,MET,-0.19144458003647868
geometry_concordance,PKIS2,exact_identity_and_same_Murcko_scaffold_excluded_reference,raw,PLK1,-0.19547734956938598
geometry_concordance,PKIS2,exact_identity_and_same_Murcko_scaffold_excluded_reference,raw,PTK2,-0.21601035748183725
geometry_concordance,PKIS2,exact_identity_and_same_Murcko_scaffold_excluded_reference,raw,ROCK1,-0.24865742016472248
geometry_concordance,PKIS2,exact_identity_and_same_Murcko_scaffold_excluded_reference,raw,SRC,-0.20977487348388424
geometry_concordance,PKIS2,exact_identity_and_same_Murcko_scaffold_excluded_reference,center_then_correlation,ABL1,0.23151508789425573
geometry_concordance,PKIS2,exact_identity_and_same_Murcko_scaffold_excluded_reference,center_then_correlation,AKT1,0.24757268389122897
geometry_concordance,PKIS2,exact_identity_and_same_Murcko_scaffold_excluded_reference,center_then_correlation,AKT2,0.27852440875312195
geometry_concordance,PKIS2,exact_identity_and_same_Murcko_scaffold_excluded_reference,center_then_correlation,CDK2,0.2633818402900795
geometry_concordance,PKIS2,exact_identity_and_same_Murcko_scaffold_excluded_reference,center_then_correlation,CSF1R,0.31359813145429016
geometry_concordance,PKIS2,exact_identity_and_same_Murcko_scaffold_excluded_reference,center_then_correlation,EGFR,0.2897339334374331
geometry_concordance,PKIS2,exact_identity_and_same_Murcko_scaffold_excluded_reference,center_then_correlation,FGFR1,0.31642019534000804
geometry_concordance,PKIS2,exact_identity_and_same_Murcko_scaffold_excluded_reference,center_then_correlation,IGF1R,0.2773714390688764
geometry_concordance,PKIS2,exact_identity_and_same_Murcko_scaffold_excluded_reference,center_then_correlation,JAK2,0.2993723400998133
geometry_concordance,PKIS2,exact_identity_and_same_Murcko_scaffold_excluded_reference,center_then_correlation,KDR,0.23514195611192032
geometry_concordance,PKIS2,exact_identity_and_same_Murcko_scaffold_excluded_reference,center_then_correlation,KIT,0.2505137188521041
geometry_concordance,PKIS2,exact_identity_and_same_Murcko_scaffold_excluded_reference,center_then_correlation,LCK,0.37526713817703067
geometry_concordance,PKIS2,exact_identity_and_same_Murcko_scaffold_excluded_reference,center_then_correlation,MAP2K1,0.2861473054363658
geometry_concordance,PKIS2,exact_identity_and_same_Murcko_scaffold_excluded_reference,center_then_correlation,MAPK1,0.2695210976831258
geometry_concordance,PKIS2,exact_identity_and_same_Murcko_scaffold_excluded_reference,center_then_correlation,MAPK14,0.30174651287905635
geometry_concordance,PKIS2,exact_identity_and_same_Murcko_scaffold_excluded_reference,center_then_correlation,MAPKAPK2,0.2576729782571613
geometry_concordance,PKIS2,exact_identity_and_same_Murcko_scaffold_excluded_reference,center_then_correlation,MET,0.2984975527824798
geometry_concordance,PKIS2,exact_identity_and_same_Murcko_scaffold_excluded_reference,center_then_correlation,PLK1,0.2672361532102508
geometry_concordance,PKIS2,exact_identity_and_same_Murcko_scaffold_excluded_reference,center_then_correlation,PTK2,0.2925699939202282
geometry_concordance,PKIS2,exact_identity_and_same_Murcko_scaffold_excluded_reference,center_then_correlation,ROCK1,0.2631316511173221
geometry_concordance,PKIS2,exact_identity_and_same_Murcko_scaffold_excluded_reference,center_then_correlation,SRC,0.3682723387876323
geometry_concordance,PKIS2,exact_identity_and_same_Murcko_scaffold_excluded_reference,z_before_center,ABL1,0.17533624637510006
geometry_concordance,PKIS2,exact_identity_and_same_Murcko_scaffold_excluded_reference,z_before_center,AKT1,0.21011254138837498
geometry_concordance,PKIS2,exact_identity_and_same_Murcko_scaffold_excluded_reference,z_before_center,AKT2,0.22197640698605153
geometry_concordance,PKIS2,exact_identity_and_same_Murcko_scaffold_excluded_reference,z_before_center,CDK2,0.23231989222620253
geometry_concordance,PKIS2,exact_identity_and_same_Murcko_scaffold_excluded_reference,z_before_center,CSF1R,0.25414758536830734
geometry_concordance,PKIS2,exact_identity_and_same_Murcko_scaffold_excluded_reference,z_before_center,EGFR,0.23472030862496557
geometry_concordance,PKIS2,exact_identity_and_same_Murcko_scaffold_excluded_reference,z_before_center,FGFR1,0.24902483083800253
geometry_concordance,PKIS2,exact_identity_and_same_Murcko_scaffold_excluded_reference,z_before_center,IGF1R,0.222662240242841
geometry_concordance,PKIS2,exact_identity_and_same_Murcko_scaffold_excluded_reference,z_before_center,JAK2,0.23389101024813344
geometry_concordance,PKIS2,exact_identity_and_same_Murcko_scaffold_excluded_reference,z_before_center,KDR,0.18800316673008874
geometry_concordance,PKIS2,exact_identity_and_same_Murcko_scaffold_excluded_reference,z_before_center,KIT,0.19090921019827056
geometry_concordance,PKIS2,exact_identity_and_same_Murcko_scaffold_excluded_reference,z_before_center,LCK,0.31680335218500005
geometry_concordance,PKIS2,exact_identity_and_same_Murcko_scaffold_excluded_reference,z_before_center,MAP2K1,0.2434156945592603
geometry_concordance,PKIS2,exact_identity_and_same_Murcko_scaffold_excluded_reference,z_before_center,MAPK1,0.20881435700945208
geometry_concordance,PKIS2,exact_identity_and_same_Murcko_scaffold_excluded_reference,z_before_center,MAPK14,0.24061987429306253
geometry_concordance,PKIS2,exact_identity_and_same_Murcko_scaffold_excluded_reference,z_before_center,MAPKAPK2,0.21288911633359145
geometry_concordance,PKIS2,exact_identity_and_same_Murcko_scaffold_excluded_reference,z_before_center,MET,0.23262606778726927
geometry_concordance,PKIS2,exact_identity_and_same_Murcko_scaffold_excluded_reference,z_before_center,PLK1,0.21318304487221543
geometry_concordance,PKIS2,exact_identity_and_same_Murcko_scaffold_excluded_reference,z_before_center,PTK2,0.2380112585127741
geometry_concordance,PKIS2,exact_identity_and_same_Murcko_scaffold_excluded_reference,z_before_center,ROCK1,0.1956068180923513
geometry_concordance,PKIS2,exact_identity_and_same_Murcko_scaffold_excluded_reference,z_before_center,SRC,0.3164639347058747
geometry_concordance,PKIS2,exact_identity_and_same_Murcko_scaffold_excluded_reference,rank_normal_before_center,ABL1,0.15820966027634534
geometry_concordance,PKIS2,exact_identity_and_same_Murcko_scaffold_excluded_reference,rank_normal_before_center,AKT1,0.17778215171436448
geometry_concordance,PKIS2,exact_identity_and_same_Murcko_scaffold_excluded_reference,rank_normal_before_center,AKT2,0.19457456905789783
geometry_concordance,PKIS2,exact_identity_and_same_Murcko_scaffold_excluded_reference,rank_normal_before_center,CDK2,0.19774479829591432
geometry_concordance,PKIS2,exact_identity_and_same_Murcko_scaffold_excluded_reference,rank_normal_before_center,CSF1R,0.2151040778210798
geometry_concordance,PKIS2,exact_identity_and_same_Murcko_scaffold_excluded_reference,rank_normal_before_center,EGFR,0.21484689034978374
geometry_concordance,PKIS2,exact_identity_and_same_Murcko_scaffold_excluded_reference,rank_normal_before_center,FGFR1,0.2209004185857314
geometry_concordance,PKIS2,exact_identity_and_same_Murcko_scaffold_excluded_reference,rank_normal_before_center,IGF1R,0.19598472621343938
geometry_concordance,PKIS2,exact_identity_and_same_Murcko_scaffold_excluded_reference,rank_normal_before_center,JAK2,0.20657140232780907
geometry_concordance,PKIS2,exact_identity_and_same_Murcko_scaffold_excluded_reference,rank_normal_before_center,KDR,0.1709308174450087
geometry_concordance,PKIS2,exact_identity_and_same_Murcko_scaffold_excluded_reference,rank_normal_before_center,KIT,0.15000940396366136
geometry_concordance,PKIS2,exact_identity_and_same_Murcko_scaffold_excluded_reference,rank_normal_before_center,LCK,0.27505675182721206
geometry_concordance,PKIS2,exact_identity_and_same_Murcko_scaffold_excluded_reference,rank_normal_before_center,MAP2K1,0.2181780804541896
geometry_concordance,PKIS2,exact_identity_and_same_Murcko_scaffold_excluded_reference,rank_normal_before_center,MAPK1,0.19100368722854258
geometry_concordance,PKIS2,exact_identity_and_same_Murcko_scaffold_excluded_reference,rank_normal_before_center,MAPK14,0.21581265554811987
geometry_concordance,PKIS2,exact_identity_and_same_Murcko_scaffold_excluded_reference,rank_normal_before_center,MAPKAPK2,0.18734707624208868
geometry_concordance,PKIS2,exact_identity_and_same_Murcko_scaffold_excluded_reference,rank_normal_before_center,MET,0.20431445104908869
geometry_concordance,PKIS2,exact_identity_and_same_Murcko_scaffold_excluded_reference,rank_normal_before_center,PLK1,0.18175193656042377
geometry_concordance,PKIS2,exact_identity_and_same_Murcko_scaffold_excluded_reference,rank_normal_before_center,PTK2,0.22548955285246278
geometry_concordance,PKIS2,exact_identity_and_same_Murcko_scaffold_excluded_reference,rank_normal_before_center,ROCK1,0.16519921094183979
geometry_concordance,PKIS2,exact_identity_and_same_Murcko_scaffold_excluded_reference,rank_normal_before_center,SRC,0.2804034519107542
geometry_concordance,PKIS1,exact_identity_and_same_Murcko_scaffold_excluded_reference,raw,ABL1,-0.18424412604699164
geometry_concordance,PKIS1,exact_identity_and_same_Murcko_scaffold_excluded_reference,raw,AKT1,-0.19329925360597117
geometry_concordance,PKIS1,exact_identity_and_same_Murcko_scaffold_excluded_reference,raw,AKT2,-0.17499700002399982
geometry_concordance,PKIS1,exact_identity_and_same_Murcko_scaffold_excluded_reference,raw,CDK2,-0.16302349581203354
geometry_concordance,PKIS1,exact_identity_and_same_Murcko_scaffold_excluded_reference,raw,CSF1R,-0.13946288429692563
geometry_concordance,PKIS1,exact_identity_and_same_Murcko_scaffold_excluded_reference,raw,EGFR,-0.12117023063815491
geometry_concordance,PKIS1,exact_identity_and_same_Murcko_scaffold_excluded_reference,raw,FGFR1,-0.13657570739434086
geometry_concordance,PKIS1,exact_identity_and_same_Murcko_scaffold_excluded_reference,raw,IGF1R,-0.1758513931888545
geometry_concordance,PKIS1,exact_identity_and_same_Murcko_scaffold_excluded_reference,raw,JAK2,-0.16347709218326253
geometry_concordance,PKIS1,exact_identity_and_same_Murcko_scaffold_excluded_reference,raw,KDR,-0.1044903640770874
geometry_concordance,PKIS1,exact_identity_and_same_Murcko_scaffold_excluded_reference,raw,KIT,-0.154359565123479
geometry_concordance,PKIS1,exact_identity_and_same_Murcko_scaffold_excluded_reference,raw,LCK,-0.13286533707730339
geometry_concordance,PKIS1,exact_identity_and_same_Murcko_scaffold_excluded_reference,raw,MAP2K1,-0.1694698442412461
geometry_concordance,PKIS1,exact_identity_and_same_Murcko_scaffold_excluded_reference,raw,MAPK1,-0.17353541171670628
geometry_concordance,PKIS1,exact_identity_and_same_Murcko_scaffold_excluded_reference,raw,MAPK14,-0.18070175438596492
geometry_concordance,PKIS1,exact_identity_and_same_Murcko_scaffold_excluded_reference,raw,MAPKAPK2,-0.1623059015527876
geometry_concordance,PKIS1,exact_identity_and_same_Murcko_scaffold_excluded_reference,raw,MET,-0.14018047855617155
geometry_concordance,PKIS1,exact_identity_and_same_Murcko_scaffold_excluded_reference,raw,PLK1,-0.13937888496892029
geometry_concordance,PKIS1,exact_identity_and_same_Murcko_scaffold_excluded_reference,raw,ROCK1,-0.18623371013031897
geometry_concordance,PKIS1,exact_identity_and_same_Murcko_scaffold_excluded_reference,raw,SRC,-0.14180526555787556
geometry_concordance,PKIS1,exact_identity_and_same_Murcko_scaffold_excluded_reference,center_then_correlation,ABL1,0.10565915472676218
geometry_concordance,PKIS1,exact_identity_and_same_Murcko_scaffold_excluded_reference,center_then_correlation,AKT1,0.12928216574267407
geometry_concordance,PKIS1,exact_identity_and_same_Murcko_scaffold_excluded_reference,center_then_correlation,AKT2,0.15709554323565414
geometry_concordance,PKIS1,exact_identity_and_same_Murcko_scaffold_excluded_reference,center_then_correlation,CDK2,0.19893200854393167
geometry_concordance,PKIS1,exact_identity_and_same_Murcko_scaffold_excluded_reference,center_then_correlation,CSF1R,0.16626346989224086
geometry_concordance,PKIS1,exact_identity_and_same_Murcko_scaffold_excluded_reference,center_then_correlation,EGFR,0.17402500779993763
geometry_concordance,PKIS1,exact_identity_and_same_Murcko_scaffold_excluded_reference,center_then_correlation,FGFR1,0.22687978496172034
geometry_concordance,PKIS1,exact_identity_and_same_Murcko_scaffold_excluded_reference,center_then_correlation,IGF1R,0.15084839321285431
geometry_concordance,PKIS1,exact_identity_and_same_Murcko_scaffold_excluded_reference,center_then_correlation,JAK2,0.16483068135454917
geometry_concordance,PKIS1,exact_identity_and_same_Murcko_scaffold_excluded_reference,center_then_correlation,KDR,0.13884128926968586
geometry_concordance,PKIS1,exact_identity_and_same_Murcko_scaffold_excluded_reference,center_then_correlation,KIT,0.13384452924376608
geometry_concordance,PKIS1,exact_identity_and_same_Murcko_scaffold_excluded_reference,center_then_correlation,LCK,0.24949720402236783
geometry_concordance,PKIS1,exact_identity_and_same_Murcko_scaffold_excluded_reference,center_then_correlation,MAP2K1,0.14607963136294913
geometry_concordance,PKIS1,exact_identity_and_same_Murcko_scaffold_excluded_reference,center_then_correlation,MAPK1,0.1539203686370509
geometry_concordance,PKIS1,exact_identity_and_same_Murcko_scaffold_excluded_reference,center_then_correlation,MAPK14,0.19880720954232367
geometry_concordance,PKIS1,exact_identity_and_same_Murcko_scaffold_excluded_reference,center_then_correlation,MAPKAPK2,0.15230518155854755
geometry_concordance,PKIS1,exact_identity_and_same_Murcko_scaffold_excluded_reference,center_then_correlation,MET,0.2078263373893009
geometry_concordance,PKIS1,exact_identity_and_same_Murcko_scaffold_excluded_reference,center_then_correlation,PLK1,0.1610075119399045
geometry_concordance,PKIS1,exact_identity_and_same_Murcko_scaffold_excluded_reference,center_then_correlation,ROCK1,0.14002447980416158
geometry_concordance,PKIS1,exact_identity_and_same_Murcko_scaffold_excluded_reference,center_then_correlation,SRC,0.2755345957232343
geometry_concordance,PKIS1,exact_identity_and_same_Murcko_scaffold_excluded_reference,z_before_center,ABL1,0.12336621307029544
geometry_concordance,PKIS1,exact_identity_and_same_Murcko_scaffold_excluded_reference,z_before_center,AKT1,0.17722658218734252
geometry_concordance,PKIS1,exact_identity_and_same_Murcko_scaffold_excluded_reference,z_before_center,AKT2,0.19554083567331462
geometry_concordance,PKIS1,exact_identity_and_same_Murcko_scaffold_excluded_reference,z_before_center,CDK2,0.2147310821513428
geometry_concordance,PKIS1,exact_identity_and_same_Murcko_scaffold_excluded_reference,z_before_center,CSF1R,0.19922000623995006
geometry_concordance,PKIS1,exact_identity_and_same_Murcko_scaffold_excluded_reference,z_before_center,EGFR,0.20690474476204193
geometry_concordance,PKIS1,exact_identity_and_same_Murcko_scaffold_excluded_reference,z_before_center,FGFR1,0.1797561619507044
geometry_concordance,PKIS1,exact_identity_and_same_Murcko_scaffold_excluded_reference,z_before_center,IGF1R,0.16822905416756667
geometry_concordance,PKIS1,exact_identity_and_same_Murcko_scaffold_excluded_reference,z_before_center,JAK2,0.20125038999688002
geometry_concordance,PKIS1,exact_identity_and_same_Murcko_scaffold_excluded_reference,z_before_center,KDR,0.17729138166894667
geometry_concordance,PKIS1,exact_identity_and_same_Murcko_scaffold_excluded_reference,z_before_center,KIT,0.15805073559411525
geometry_concordance,PKIS1,exact_identity_and_same_Murcko_scaffold_excluded_reference,z_before_center,LCK,0.3075983392132863
geometry_concordance,PKIS1,exact_identity_and_same_Murcko_scaffold_excluded_reference,z_before_center,MAP2K1,0.20967432260541916
geometry_concordance,PKIS1,exact_identity_and_same_Murcko_scaffold_excluded_reference,z_before_center,MAPK1,0.18116735066119474
geometry_concordance,PKIS1,exact_identity_and_same_Murcko_scaffold_excluded_reference,z_before_center,MAPK14,0.21957664338685293
geometry_concordance,PKIS1,exact_identity_and_same_Murcko_scaffold_excluded_reference,z_before_center,MAPKAPK2,0.1870089039287686
geometry_concordance,PKIS1,exact_identity_and_same_Murcko_scaffold_excluded_reference,z_before_center,MET,0.21956944344445245
geometry_concordance,PKIS1,exact_identity_and_same_Murcko_scaffold_excluded_reference,z_before_center,PLK1,0.19352725178198577
geometry_concordance,PKIS1,exact_identity_and_same_Murcko_scaffold_excluded_reference,z_before_center,ROCK1,0.16198910408716732
geometry_concordance,PKIS1,exact_identity_and_same_Murcko_scaffold_excluded_reference,z_before_center,SRC,0.3340749274005808
geometry_concordance,PKIS1,exact_identity_and_same_Murcko_scaffold_excluded_reference,rank_normal_before_center,ABL1,0.11579427364581084
geometry_concordance,PKIS1,exact_identity_and_same_Murcko_scaffold_excluded_reference,rank_normal_before_center,AKT1,0.12991336069311446
geometry_concordance,PKIS1,exact_identity_and_same_Murcko_scaffold_excluded_reference,rank_normal_before_center,AKT2,0.15762833897328823
geometry_concordance,PKIS1,exact_identity_and_same_Murcko_scaffold_excluded_reference,rank_normal_before_center,CDK2,0.22068303453572372
geometry_concordance,PKIS1,exact_identity_and_same_Murcko_scaffold_excluded_reference,rank_normal_before_center,CSF1R,0.173953008375933
geometry_concordance,PKIS1,exact_identity_and_same_Murcko_scaffold_excluded_reference,rank_normal_before_center,EGFR,0.19476084191326473
geometry_concordance,PKIS1,exact_identity_and_same_Murcko_scaffold_excluded_reference,rank_normal_before_center,FGFR1,0.17637938896488828
geometry_concordance,PKIS1,exact_identity_and_same_Murcko_scaffold_excluded_reference,rank_normal_before_center,IGF1R,0.17062663498692013
geometry_concordance,PKIS1,exact_identity_and_same_Murcko_scaffold_excluded_reference,rank_normal_before_center,JAK2,0.19126646986824108
geometry_concordance,PKIS1,exact_identity_and_same_Murcko_scaffold_excluded_reference,rank_normal_before_center,KDR,0.15101399188806489
geometry_concordance,PKIS1,exact_identity_and_same_Murcko_scaffold_excluded_reference,rank_normal_before_center,KIT,0.13919408644730843
geometry_concordance,PKIS1,exact_identity_and_same_Murcko_scaffold_excluded_reference,rank_normal_before_center,LCK,0.27462020303837575
geometry_concordance,PKIS1,exact_identity_and_same_Murcko_scaffold_excluded_reference,rank_normal_before_center,MAP2K1,0.15771473828209376
geometry_concordance,PKIS1,exact_identity_and_same_Murcko_scaffold_excluded_reference,rank_normal_before_center,MAPK1,0.1697170422636619
geometry_concordance,PKIS1,exact_identity_and_same_Murcko_scaffold_excluded_reference,rank_normal_before_center,MAPK14,0.2059711522307822
geometry_concordance,PKIS1,exact_identity_and_same_Murcko_scaffold_excluded_reference,rank_normal_before_center,MAPKAPK2,0.15465236278109776
geometry_concordance,PKIS1,exact_identity_and_same_Murcko_scaffold_excluded_reference,rank_normal_before_center,MET,0.1995104039167687
geometry_concordance,PKIS1,exact_identity_and_same_Murcko_scaffold_excluded_reference,rank_normal_before_center,PLK1,0.1557683538531692
geometry_concordance,PKIS1,exact_identity_and_same_Murcko_scaffold_excluded_reference,rank_normal_before_center,ROCK1,0.1765761873905009
geometry_concordance,PKIS1,exact_identity_and_same_Murcko_scaffold_excluded_reference,rank_normal_before_center,SRC,0.2773033815729474
geometry_concordance,DAVIS,molecule_matched_experimental_sensitivity,raw,ABL1,0.11324734174003946
geometry_concordance,DAVIS,molecule_matched_experimental_sensitivity,raw,AKT1,0.04734436440140491
geometry_concordance,DAVIS,molecule_matched_experimental_sensitivity,raw,AKT2,0.060537906721428364
geometry_concordance,DAVIS,molecule_matched_experimental_sensitivity,raw,CDK2,0.13240868313891188
geometry_concordance,DAVIS,molecule_matched_experimental_sensitivity,raw,CSF1R,0.1396956614922997
geometry_concordance,DAVIS,molecule_matched_experimental_sensitivity,raw,EGFR,0.14354647526320166
geometry_concordance,DAVIS,molecule_matched_experimental_sensitivity,raw,FGFR1,0.1780445879095645
geometry_concordance,DAVIS,molecule_matched_experimental_sensitivity,raw,IGF1R,0.09506926128584989
geometry_concordance,DAVIS,molecule_matched_experimental_sensitivity,raw,JAK2,0.09185879183123605
geometry_concordance,DAVIS,molecule_matched_experimental_sensitivity,raw,KDR,0.05221518018431769
geometry_concordance,DAVIS,molecule_matched_experimental_sensitivity,raw,KIT,0.10906060963928146
geometry_concordance,DAVIS,molecule_matched_experimental_sensitivity,raw,LCK,0.1256098361085961
geometry_concordance,DAVIS,molecule_matched_experimental_sensitivity,raw,MAP2K1,0.10303682417212315
geometry_concordance,DAVIS,molecule_matched_experimental_sensitivity,raw,MAPK1,0.08729415160938998
geometry_concordance,DAVIS,molecule_matched_experimental_sensitivity,raw,MAPK14,0.08894050134061157
geometry_concordance,DAVIS,molecule_matched_experimental_sensitivity,raw,MAPKAPK2,0.06291382907530607
geometry_concordance,DAVIS,molecule_matched_experimental_sensitivity,raw,MET,0.1127749565886794
geometry_concordance,DAVIS,molecule_matched_experimental_sensitivity,raw,PLK1,0.09007247612924109
geometry_concordance,DAVIS,molecule_matched_experimental_sensitivity,raw,PTK2,0.0780616462622525
geometry_concordance,DAVIS,molecule_matched_experimental_sensitivity,raw,ROCK1,0.036545989756240516
geometry_concordance,DAVIS,molecule_matched_experimental_sensitivity,raw,SRC,0.12127264058925674
geometry_concordance,DAVIS,molecule_matched_experimental_sensitivity,center_then_correlation,ABL1,0.27718948330687104
geometry_concordance,DAVIS,molecule_matched_experimental_sensitivity,center_then_correlation,AKT1,0.26005589890957764
geometry_concordance,DAVIS,molecule_matched_experimental_sensitivity,center_then_correlation,AKT2,0.29734283352359964
geometry_concordance,DAVIS,molecule_matched_experimental_sensitivity,center_then_correlation,CDK2,0.2745581230563319
geometry_concordance,DAVIS,molecule_matched_experimental_sensitivity,center_then_correlation,CSF1R,0.322555953583785
geometry_concordance,DAVIS,molecule_matched_experimental_sensitivity,center_then_correlation,EGFR,0.30350308581226193
geometry_concordance,DAVIS,molecule_matched_experimental_sensitivity,center_then_correlation,FGFR1,0.31983711460151254
geometry_concordance,DAVIS,molecule_matched_experimental_sensitivity,center_then_correlation,IGF1R,0.2932208356843243
geometry_concordance,DAVIS,molecule_matched_experimental_sensitivity,center_then_correlation,JAK2,0.31371360338017823
geometry_concordance,DAVIS,molecule_matched_experimental_sensitivity,center_then_correlation,KDR,0.253813416613086
geometry_concordance,DAVIS,molecule_matched_experimental_sensitivity,center_then_correlation,KIT,0.25150222852069093
geometry_concordance,DAVIS,molecule_matched_experimental_sensitivity,center_then_correlation,LCK,0.36775096554650155
geometry_concordance,DAVIS,molecule_matched_experimental_sensitivity,center_then_correlation,MAP2K1,0.2927571984061375
geometry_concordance,DAVIS,molecule_matched_experimental_sensitivity,center_then_correlation,MAPK1,0.2902080681634278
geometry_concordance,DAVIS,molecule_matched_experimental_sensitivity,center_then_correlation,MAPK14,0.3270243672007243
geometry_concordance,DAVIS,molecule_matched_experimental_sensitivity,center_then_correlation,MAPKAPK2,0.2833007475057627
geometry_concordance,DAVIS,molecule_matched_experimental_sensitivity,center_then_correlation,MET,0.3338826997686188
geometry_concordance,DAVIS,molecule_matched_experimental_sensitivity,center_then_correlation,PLK1,0.2764144217437136
geometry_concordance,DAVIS,molecule_matched_experimental_sensitivity,center_then_correlation,PTK2,0.30172376840880566
geometry_concordance,DAVIS,molecule_matched_experimental_sensitivity,center_then_correlation,ROCK1,0.2723554085912863
geometry_concordance,DAVIS,molecule_matched_experimental_sensitivity,center_then_correlation,SRC,0.37646209765250827
geometry_concordance,DAVIS,molecule_matched_experimental_sensitivity,z_before_center,ABL1,0.2630791638782821
geometry_concordance,DAVIS,molecule_matched_experimental_sensitivity,z_before_center,AKT1,0.26023960424621767
geometry_concordance,DAVIS,molecule_matched_experimental_sensitivity,z_before_center,AKT2,0.28776916112270207
geometry_concordance,DAVIS,molecule_matched_experimental_sensitivity,z_before_center,CDK2,0.2825291850918746
geometry_concordance,DAVIS,molecule_matched_experimental_sensitivity,z_before_center,CSF1R,0.31632396873510127
geometry_concordance,DAVIS,molecule_matched_experimental_sensitivity,z_before_center,EGFR,0.297645509935397
geometry_concordance,DAVIS,molecule_matched_experimental_sensitivity,z_before_center,FGFR1,0.3114601512507272
geometry_concordance,DAVIS,molecule_matched_experimental_sensitivity,z_before_center,IGF1R,0.2867351625136139
geometry_concordance,DAVIS,molecule_matched_experimental_sensitivity,z_before_center,JAK2,0.2916007295726227
geometry_concordance,DAVIS,molecule_matched_experimental_sensitivity,z_before_center,KDR,0.25537403718720886
geometry_concordance,DAVIS,molecule_matched_experimental_sensitivity,z_before_center,KIT,0.2502022945671334
geometry_concordance,DAVIS,molecule_matched_experimental_sensitivity,z_before_center,LCK,0.3778495103377992
geometry_concordance,DAVIS,molecule_matched_experimental_sensitivity,z_before_center,MAP2K1,0.30900724761292414
geometry_concordance,DAVIS,molecule_matched_experimental_sensitivity,z_before_center,MAPK1,0.28948899298857966
geometry_concordance,DAVIS,molecule_matched_experimental_sensitivity,z_before_center,MAPK14,0.3096773346980016
geometry_concordance,DAVIS,molecule_matched_experimental_sensitivity,z_before_center,MAPKAPK2,0.2809703140923863
geometry_concordance,DAVIS,molecule_matched_experimental_sensitivity,z_before_center,MET,0.3217983877669742
geometry_concordance,DAVIS,molecule_matched_experimental_sensitivity,z_before_center,PLK1,0.2741574704649932
geometry_concordance,DAVIS,molecule_matched_experimental_sensitivity,z_before_center,PTK2,0.30254431891246447
geometry_concordance,DAVIS,molecule_matched_experimental_sensitivity,z_before_center,ROCK1,0.26854658461161635
geometry_concordance,DAVIS,molecule_matched_experimental_sensitivity,z_before_center,SRC,0.39101505946366794
geometry_concordance,DAVIS,molecule_matched_experimental_sensitivity,rank_normal_before_center,ABL1,0.3033473736697766
geometry_concordance,DAVIS,molecule_matched_experimental_sensitivity,rank_normal_before_center,AKT1,0.2949319196770286
geometry_concordance,DAVIS,molecule_matched_experimental_sensitivity,rank_normal_before_center,AKT2,0.32554947578370014
geometry_concordance,DAVIS,molecule_matched_experimental_sensitivity,rank_normal_before_center,CDK2,0.30981205194487094
geometry_concordance,DAVIS,molecule_matched_experimental_sensitivity,rank_normal_before_center,CSF1R,0.34640965415283415
geometry_concordance,DAVIS,molecule_matched_experimental_sensitivity,rank_normal_before_center,EGFR,0.32966097617516743
geometry_concordance,DAVIS,molecule_matched_experimental_sensitivity,rank_normal_before_center,FGFR1,0.31994208907959254
geometry_concordance,DAVIS,molecule_matched_experimental_sensitivity,rank_normal_before_center,IGF1R,0.31715851583583743
geometry_concordance,DAVIS,molecule_matched_experimental_sensitivity,rank_normal_before_center,JAK2,0.33561652823157373
geometry_concordance,DAVIS,molecule_matched_experimental_sensitivity,rank_normal_before_center,KDR,0.2836821547761201
geometry_concordance,DAVIS,molecule_matched_experimental_sensitivity,rank_normal_before_center,KIT,0.2776041324952871
geometry_concordance,DAVIS,molecule_matched_experimental_sensitivity,rank_normal_before_center,LCK,0.4089307037226575
geometry_concordance,DAVIS,molecule_matched_experimental_sensitivity,rank_normal_before_center,MAP2K1,0.3489482869477359
geometry_concordance,DAVIS,molecule_matched_experimental_sensitivity,rank_normal_before_center,MAPK1,0.30557633175434223
geometry_concordance,DAVIS,molecule_matched_experimental_sensitivity,rank_normal_before_center,MAPK14,0.3397455243693877
geometry_concordance,DAVIS,molecule_matched_experimental_sensitivity,rank_normal_before_center,MAPKAPK2,0.305756537941713
geometry_concordance,DAVIS,molecule_matched_experimental_sensitivity,rank_normal_before_center,MET,0.3388794849252276
geometry_concordance,DAVIS,molecule_matched_experimental_sensitivity,rank_normal_before_center,PLK1,0.30060054149334947
geometry_concordance,DAVIS,molecule_matched_experimental_sensitivity,rank_normal_before_center,PTK2,0.3255004876939295
geometry_concordance,DAVIS,molecule_matched_experimental_sensitivity,rank_normal_before_center,ROCK1,0.306270912884305
geometry_concordance,DAVIS,molecule_matched_experimental_sensitivity,rank_normal_before_center,SRC,0.42789259361317783
geometry_concordance,PKIS2,molecule_matched_experimental_sensitivity,raw,ABL1,-0.11188792224890325
geometry_concordance,PKIS2,molecule_matched_experimental_sensitivity,raw,AKT1,-0.1318995569202238
geometry_concordance,PKIS2,molecule_matched_experimental_sensitivity,raw,AKT2,-0.1405634505110945
geometry_concordance,PKIS2,molecule_matched_experimental_sensitivity,raw,CDK2,-0.06973542057587251
geometry_concordance,PKIS2,molecule_matched_experimental_sensitivity,raw,CSF1R,-0.07370870457120114
geometry_concordance,PKIS2,molecule_matched_experimental_sensitivity,raw,EGFR,-0.12987529906791412
geometry_concordance,PKIS2,molecule_matched_experimental_sensitivity,raw,FGFR1,-0.053849282893096616
geometry_concordance,PKIS2,molecule_matched_experimental_sensitivity,raw,IGF1R,-0.10248395858756841
geometry_concordance,PKIS2,molecule_matched_experimental_sensitivity,raw,JAK2,-0.11011385356935095
geometry_concordance,PKIS2,molecule_matched_experimental_sensitivity,raw,KDR,-0.11053200190703635
geometry_concordance,PKIS2,molecule_matched_experimental_sensitivity,raw,KIT,-0.1058291452890516
geometry_concordance,PKIS2,molecule_matched_experimental_sensitivity,raw,LCK,-0.09510425277854323
geometry_concordance,PKIS2,molecule_matched_experimental_sensitivity,raw,MAP2K1,-0.11127907027603914
geometry_concordance,PKIS2,molecule_matched_experimental_sensitivity,raw,MAPK1,-0.09767962664077298
geometry_concordance,PKIS2,molecule_matched_experimental_sensitivity,raw,MAPK14,-0.1240544642583772
geometry_concordance,PKIS2,molecule_matched_experimental_sensitivity,raw,MAPKAPK2,-0.05521395110813684
geometry_concordance,PKIS2,molecule_matched_experimental_sensitivity,raw,MET,-0.07523083450336138
geometry_concordance,PKIS2,molecule_matched_experimental_sensitivity,raw,PLK1,-0.11434257546134098
geometry_concordance,PKIS2,molecule_matched_experimental_sensitivity,raw,PTK2,-0.09025093274197712
geometry_concordance,PKIS2,molecule_matched_experimental_sensitivity,raw,ROCK1,-0.16908676578006973
geometry_concordance,PKIS2,molecule_matched_experimental_sensitivity,raw,SRC,-0.10779216802914793
geometry_concordance,PKIS2,molecule_matched_experimental_sensitivity,center_then_correlation,ABL1,0.27504100565550005
geometry_concordance,PKIS2,molecule_matched_experimental_sensitivity,center_then_correlation,AKT1,0.2849820887296776
geometry_concordance,PKIS2,molecule_matched_experimental_sensitivity,center_then_correlation,AKT2,0.3207101523442113
geometry_concordance,PKIS2,molecule_matched_experimental_sensitivity,center_then_correlation,CDK2,0.31257637986764475
geometry_concordance,PKIS2,molecule_matched_experimental_sensitivity,center_then_correlation,CSF1R,0.3577276524644946
geometry_concordance,PKIS2,molecule_matched_experimental_sensitivity,center_then_correlation,EGFR,0.32893665227641533
geometry_concordance,PKIS2,molecule_matched_experimental_sensitivity,center_then_correlation,FGFR1,0.3616134577280899
geometry_concordance,PKIS2,molecule_matched_experimental_sensitivity,center_then_correlation,IGF1R,0.32279039658483033
geometry_concordance,PKIS2,molecule_matched_experimental_sensitivity,center_then_correlation,JAK2,0.3460894819946901
geometry_concordance,PKIS2,molecule_matched_experimental_sensitivity,center_then_correlation,KDR,0.2888888888888889
geometry_concordance,PKIS2,molecule_matched_experimental_sensitivity,center_then_correlation,KIT,0.2940693793821378
geometry_concordance,PKIS2,molecule_matched_experimental_sensitivity,center_then_correlation,LCK,0.4229220520760891
geometry_concordance,PKIS2,molecule_matched_experimental_sensitivity,center_then_correlation,MAP2K1,0.3099502683410096
geometry_concordance,PKIS2,molecule_matched_experimental_sensitivity,center_then_correlation,MAPK1,0.3312373429210023
geometry_concordance,PKIS2,molecule_matched_experimental_sensitivity,center_then_correlation,MAPK14,0.34157557943724937
geometry_concordance,PKIS2,molecule_matched_experimental_sensitivity,center_then_correlation,MAPKAPK2,0.31058886308266304
geometry_concordance,PKIS2,molecule_matched_experimental_sensitivity,center_then_correlation,MET,0.3560428120913104
geometry_concordance,PKIS2,molecule_matched_experimental_sensitivity,center_then_correlation,PLK1,0.3143312032262156
geometry_concordance,PKIS2,molecule_matched_experimental_sensitivity,center_then_correlation,PTK2,0.33446180897269356
geometry_concordance,PKIS2,molecule_matched_experimental_sensitivity,center_then_correlation,ROCK1,0.28420877674115486
geometry_concordance,PKIS2,molecule_matched_experimental_sensitivity,center_then_correlation,SRC,0.40051874887917877
geometry_concordance,PKIS2,molecule_matched_experimental_sensitivity,z_before_center,ABL1,0.20842595144055603
geometry_concordance,PKIS2,molecule_matched_experimental_sensitivity,z_before_center,AKT1,0.2286895248592686
geometry_concordance,PKIS2,molecule_matched_experimental_sensitivity,z_before_center,AKT2,0.2406793598306412
geometry_concordance,PKIS2,molecule_matched_experimental_sensitivity,z_before_center,CDK2,0.28130798199687707
geometry_concordance,PKIS2,molecule_matched_experimental_sensitivity,z_before_center,CSF1R,0.2684101177901123
geometry_concordance,PKIS2,molecule_matched_experimental_sensitivity,z_before_center,EGFR,0.2625560410625167
geometry_concordance,PKIS2,molecule_matched_experimental_sensitivity,z_before_center,FGFR1,0.28025473806680756
geometry_concordance,PKIS2,molecule_matched_experimental_sensitivity,z_before_center,IGF1R,0.24166262077532405
geometry_concordance,PKIS2,molecule_matched_experimental_sensitivity,z_before_center,JAK2,0.26036732319454836
geometry_concordance,PKIS2,molecule_matched_experimental_sensitivity,z_before_center,KDR,0.2188026785987657
geometry_concordance,PKIS2,molecule_matched_experimental_sensitivity,z_before_center,KIT,0.22106137945212073
geometry_concordance,PKIS2,molecule_matched_experimental_sensitivity,z_before_center,LCK,0.35714679368578517
geometry_concordance,PKIS2,molecule_matched_experimental_sensitivity,z_before_center,MAP2K1,0.24044491682959584
geometry_concordance,PKIS2,molecule_matched_experimental_sensitivity,z_before_center,MAPK1,0.2677540273021122
geometry_concordance,PKIS2,molecule_matched_experimental_sensitivity,z_before_center,MAPK14,0.27379180936634784
geometry_concordance,PKIS2,molecule_matched_experimental_sensitivity,z_before_center,MAPKAPK2,0.24839323439488778
geometry_concordance,PKIS2,molecule_matched_experimental_sensitivity,z_before_center,MET,0.28818381031111817
geometry_concordance,PKIS2,molecule_matched_experimental_sensitivity,z_before_center,PLK1,0.24292056493764957
geometry_concordance,PKIS2,molecule_matched_experimental_sensitivity,z_before_center,PTK2,0.25974272504997226
geometry_concordance,PKIS2,molecule_matched_experimental_sensitivity,z_before_center,ROCK1,0.20039015514353073
geometry_concordance,PKIS2,molecule_matched_experimental_sensitivity,z_before_center,SRC,0.34615421625617276
geometry_concordance,PKIS2,molecule_matched_experimental_sensitivity,rank_normal_before_center,ABL1,0.17074711210836868
geometry_concordance,PKIS2,molecule_matched_experimental_sensitivity,rank_normal_before_center,AKT1,0.2282573799245059
geometry_concordance,PKIS2,molecule_matched_experimental_sensitivity,rank_normal_before_center,AKT2,0.20801305182677463
geometry_concordance,PKIS2,molecule_matched_experimental_sensitivity,rank_normal_before_center,CDK2,0.22819964396156184
geometry_concordance,PKIS2,molecule_matched_experimental_sensitivity,rank_normal_before_center,CSF1R,0.23228140158423985
geometry_concordance,PKIS2,molecule_matched_experimental_sensitivity,rank_normal_before_center,EGFR,0.22567500776373747
geometry_concordance,PKIS2,molecule_matched_experimental_sensitivity,rank_normal_before_center,FGFR1,0.2589186753970441
geometry_concordance,PKIS2,molecule_matched_experimental_sensitivity,rank_normal_before_center,IGF1R,0.19830116302973844
geometry_concordance,PKIS2,molecule_matched_experimental_sensitivity,rank_normal_before_center,JAK2,0.2245675270199933
geometry_concordance,PKIS2,molecule_matched_experimental_sensitivity,rank_normal_before_center,KDR,0.17618479007291354
geometry_concordance,PKIS2,molecule_matched_experimental_sensitivity,rank_normal_before_center,KIT,0.17675690097844962
geometry_concordance,PKIS2,molecule_matched_experimental_sensitivity,rank_normal_before_center,LCK,0.2767153485808763
geometry_concordance,PKIS2,molecule_matched_experimental_sensitivity,rank_normal_before_center,MAP2K1,0.19136060045401465
geometry_concordance,PKIS2,molecule_matched_experimental_sensitivity,rank_normal_before_center,MAPK1,0.2274403285701164
geometry_concordance,PKIS2,molecule_matched_experimental_sensitivity,rank_normal_before_center,MAPK14,0.22781298796730048
geometry_concordance,PKIS2,molecule_matched_experimental_sensitivity,rank_normal_before_center,MAPKAPK2,0.21785440914677623
geometry_concordance,PKIS2,molecule_matched_experimental_sensitivity,rank_normal_before_center,MET,0.23049158673297554
geometry_concordance,PKIS2,molecule_matched_experimental_sensitivity,rank_normal_before_center,PLK1,0.18444803107244553
geometry_concordance,PKIS2,molecule_matched_experimental_sensitivity,rank_normal_before_center,PTK2,0.22504166174598805
geometry_concordance,PKIS2,molecule_matched_experimental_sensitivity,rank_normal_before_center,ROCK1,0.15792273003625992
geometry_concordance,PKIS2,molecule_matched_experimental_sensitivity,rank_normal_before_center,SRC,0.28844624650631817
mw_slope_correction,DAVIS,,absolute,ABL1,0.01370923436693261
mw_slope_correction,DAVIS,,absolute,AKT1,0.014817493215015465
mw_slope_correction,DAVIS,,absolute,AKT2,0.014649523315938717
mw_slope_correction,DAVIS,,absolute,CDK2,0.015700785999662403
mw_slope_correction,DAVIS,,absolute,CSF1R,0.01538938234664966
mw_slope_correction,DAVIS,,absolute,EGFR,0.01839335413806764
mw_slope_correction,DAVIS,,absolute,FGFR1,0.016965799646217583
mw_slope_correction,DAVIS,,absolute,IGF1R,0.018253105618181054
mw_slope_correction,DAVIS,,absolute,JAK2,0.01739304068632097
mw_slope_correction,DAVIS,,absolute,KDR,0.01640401521916568
mw_slope_correction,DAVIS,,absolute,KIT,0.017842340236710608
mw_slope_correction,DAVIS,,absolute,LCK,0.020751536017444616
mw_slope_correction,DAVIS,,absolute,MAP2K1,0.020753272776948162
mw_slope_correction,DAVIS,,absolute,MAPK1,0.017359753475470585
mw_slope_correction,DAVIS,,absolute,MAPK14,0.018086820483532162
mw_slope_correction,DAVIS,,absolute,MAPKAPK2,0.01752633231612366
mw_slope_correction,DAVIS,,absolute,MET,0.019009940917377843
mw_slope_correction,DAVIS,,absolute,PLK1,0.016111094423598593
mw_slope_correction,DAVIS,,absolute,PTK2,0.016203086084174312
mw_slope_correction,DAVIS,,absolute,ROCK1,0.016250688794593238
mw_slope_correction,DAVIS,,absolute,SRC,0.016028242808396764
mw_slope_correction,DAVIS,,target_centered,ABL1,0.012807793293212466
mw_slope_correction,DAVIS,,target_centered,AKT1,0.013679802147242404
mw_slope_correction,DAVIS,,target_centered,AKT2,0.018589431745028584
mw_slope_correction,DAVIS,,target_centered,CDK2,0.017497445731314287
mw_slope_correction,DAVIS,,target_centered,CSF1R,0.017530616614210737
mw_slope_correction,DAVIS,,target_centered,EGFR,0.021799524300817996
mw_slope_correction,DAVIS,,target_centered,FGFR1,0.018905535891125758
mw_slope_correction,DAVIS,,target_centered,IGF1R,0.018512455715190446
mw_slope_correction,DAVIS,,target_centered,JAK2,0.018581539946961212
mw_slope_correction,DAVIS,,target_centered,KDR,0.017081518373562532
mw_slope_correction,DAVIS,,target_centered,KIT,0.017642664080993575
mw_slope_correction,DAVIS,,target_centered,LCK,0.022028521321788785
mw_slope_correction,DAVIS,,target_centered,MAP2K1,0.0203653248900314
mw_slope_correction,DAVIS,,target_centered,MAPK1,0.018449391218916422
mw_slope_correction,DAVIS,,target_centered,MAPK14,0.018938597026047388
mw_slope_correction,DAVIS,,target_centered,MAPKAPK2,0.017201798249016353
mw_slope_correction,DAVIS,,target_centered,MET,0.019938272774272625
mw_slope_correction,DAVIS,,target_centered,PLK1,0.018667849259628277
mw_slope_correction,DAVIS,,target_centered,PTK2,0.01894582801023381
mw_slope_correction,DAVIS,,target_centered,ROCK1,0.014596569329014542
mw_slope_correction,DAVIS,,target_centered,SRC,0.019641841832314544
mw_slope_correction,DAVIS,,column_z_original_sd,ABL1,0.014691467926070012
mw_slope_correction,DAVIS,,column_z_original_sd,AKT1,0.015040346562613105
mw_slope_correction,DAVIS,,column_z_original_sd,AKT2,0.01982339809690803
mw_slope_correction,DAVIS,,column_z_original_sd,CDK2,0.020726481626727633
mw_slope_correction,DAVIS,,column_z_original_sd,CSF1R,0.019987148844150537
mw_slope_correction,DAVIS,,column_z_original_sd,EGFR,0.024754174557554576
mw_slope_correction,DAVIS,,column_z_original_sd,FGFR1,0.021894088204808204
mw_slope_correction,DAVIS,,column_z_original_sd,IGF1R,0.02154544878635889
mw_slope_correction,DAVIS,,column_z_original_sd,JAK2,0.020757026043317084
mw_slope_correction,DAVIS,,column_z_original_sd,KDR,0.02082294031562959
mw_slope_correction,DAVIS,,column_z_original_sd,KIT,0.022024317222153034
mw_slope_correction,DAVIS,,column_z_original_sd,LCK,0.024683823606381883
mw_slope_correction,DAVIS,,column_z_original_sd,MAP2K1,0.023791223634657466
mw_slope_correction,DAVIS,,column_z_original_sd,MAPK1,0.02172200947775693
mw_slope_correction,DAVIS,,column_z_original_sd,MAPK14,0.02295975870343181
mw_slope_correction,DAVIS,,column_z_original_sd,MAPKAPK2,0.01978756588802677
mw_slope_correction,DAVIS,,column_z_original_sd,MET,0.023593251155661132
mw_slope_correction,DAVIS,,column_z_original_sd,PLK1,0.02148474034568948
mw_slope_correction,DAVIS,,column_z_original_sd,PTK2,0.021070401887756218
mw_slope_correction,DAVIS,,column_z_original_sd,ROCK1,0.018770884964948165
mw_slope_correction,DAVIS,,column_z_original_sd,SRC,0.022926855494210807
mw_slope_correction,DAVIS,,column_z_refit_sd,ABL1,0.0072224820064560324
mw_slope_correction,DAVIS,,column_z_refit_sd,AKT1,0.006894028139557973
mw_slope_correction,DAVIS,,column_z_refit_sd,AKT2,0.012106620652807432
mw_slope_correction,DAVIS,,column_z_refit_sd,CDK2,0.011532810269749505
mw_slope_correction,DAVIS,,column_z_refit_sd,CSF1R,0.013055799070843643
mw_slope_correction,DAVIS,,column_z_refit_sd,EGFR,0.015423772552807136
mw_slope_correction,DAVIS,,column_z_refit_sd,FGFR1,0.012048584716497945
mw_slope_correction,DAVIS,,column_z_refit_sd,IGF1R,0.01139872281892318
mw_slope_correction,DAVIS,,column_z_refit_sd,JAK2,0.01079149338884644
mw_slope_correction,DAVIS,,column_z_refit_sd,KDR,0.009443521255341536
mw_slope_correction,DAVIS,,column_z_refit_sd,KIT,0.011319574683747002
mw_slope_correction,DAVIS,,column_z_refit_sd,LCK,0.012845620144991243
mw_slope_correction,DAVIS,,column_z_refit_sd,MAP2K1,0.014973955788246562
mw_slope_correction,DAVIS,,column_z_refit_sd,MAPK1,0.011134030941700845
mw_slope_correction,DAVIS,,column_z_refit_sd,MAPK14,0.01255547887509989
mw_slope_correction,DAVIS,,column_z_refit_sd,MAPKAPK2,0.010254546679195453
mw_slope_correction,DAVIS,,column_z_refit_sd,MET,0.013336693443674386
mw_slope_correction,DAVIS,,column_z_refit_sd,PLK1,0.010707762429457923
mw_slope_correction,DAVIS,,column_z_refit_sd,PTK2,0.011027573849824779
mw_slope_correction,DAVIS,,column_z_refit_sd,ROCK1,0.010261887886693466
mw_slope_correction,DAVIS,,column_z_refit_sd,SRC,0.013322215485150002
mw_slope_correction,PKIS2,,absolute,ABL1,0.002362847304286375
mw_slope_correction,PKIS2,,absolute,AKT1,0.007448007640440069
mw_slope_correction,PKIS2,,absolute,AKT2,0.006490083444301242
mw_slope_correction,PKIS2,,absolute,CDK2,0.006189654492882224
mw_slope_correction,PKIS2,,absolute,CSF1R,0.0046229904009204015
mw_slope_correction,PKIS2,,absolute,EGFR,0.0051650697006695445
mw_slope_correction,PKIS2,,absolute,FGFR1,0.006630462754051547
mw_slope_correction,PKIS2,,absolute,IGF1R,0.007433789244101097
mw_slope_correction,PKIS2,,absolute,JAK2,0.0073904560063488
mw_slope_correction,PKIS2,,absolute,KDR,0.0072949561221955506
mw_slope_correction,PKIS2,,absolute,KIT,0.006358924970705115
mw_slope_correction,PKIS2,,absolute,LCK,0.006570654228402528
mw_slope_correction,PKIS2,,absolute,MAP2K1,0.006662987455185565
mw_slope_correction,PKIS2,,absolute,MAPK1,0.006325319732940815
mw_slope_correction,PKIS2,,absolute,MAPK14,0.007559903396997525
mw_slope_correction,PKIS2,,absolute,MAPKAPK2,0.006331661498479524
mw_slope_correction,PKIS2,,absolute,MET,0.005490783015445144
mw_slope_correction,PKIS2,,absolute,PLK1,0.007441889189423345
mw_slope_correction,PKIS2,,absolute,PTK2,0.005742191345865177
mw_slope_correction,PKIS2,,absolute,ROCK1,0.0038344807789673085
mw_slope_correction,PKIS2,,absolute,SRC,0.006366822891049506
mw_slope_correction,PKIS2,,target_centered,ABL1,0.008455480602850507
mw_slope_correction,PKIS2,,target_centered,AKT1,0.011231240626545236
mw_slope_correction,PKIS2,,target_centered,AKT2,0.009417021805192993
mw_slope_correction,PKIS2,,target_centered,CDK2,0.00934064153208125
mw_slope_correction,PKIS2,,target_centered,CSF1R,0.00826294489792967
mw_slope_correction,PKIS2,,target_centered,EGFR,0.010261873351975037
mw_slope_correction,PKIS2,,target_centered,FGFR1,0.011625550655682049
mw_slope_correction,PKIS2,,target_centered,IGF1R,0.010385260187203538
mw_slope_correction,PKIS2,,target_centered,JAK2,0.011081914400072224
mw_slope_correction,PKIS2,,target_centered,KDR,0.01116843964960157
mw_slope_correction,PKIS2,,target_centered,KIT,0.009227095282087983
mw_slope_correction,PKIS2,,target_centered,LCK,0.011290583666887843
mw_slope_correction,PKIS2,,target_centered,MAP2K1,0.011384141946709558
mw_slope_correction,PKIS2,,target_centered,MAPK1,0.01050466462193067
mw_slope_correction,PKIS2,,target_centered,MAPK14,0.011649537089449269
mw_slope_correction,PKIS2,,target_centered,MAPKAPK2,0.010996094582360616
mw_slope_correction,PKIS2,,target_centered,MET,0.01001446575510212
mw_slope_correction,PKIS2,,target_centered,PLK1,0.011559055512202376
mw_slope_correction,PKIS2,,target_centered,PTK2,0.011385065499435632
mw_slope_correction,PKIS2,,target_centered,ROCK1,0.007179830423205913
mw_slope_correction,PKIS2,,target_centered,SRC,0.010591815754021239
mw_slope_correction,PKIS2,,column_z_original_sd,ABL1,0.00869626678871449
mw_slope_correction,PKIS2,,column_z_original_sd,AKT1,0.01253817280649605
mw_slope_correction,PKIS2,,column_z_original_sd,AKT2,0.010474059107079547
mw_slope_correction,PKIS2,,column_z_original_sd,CDK2,0.0116560442556366
mw_slope_correction,PKIS2,,column_z_original_sd,CSF1R,0.008952326026477664
mw_slope_correction,PKIS2,,column_z_original_sd,EGFR,0.012140850464551378
mw_slope_correction,PKIS2,,column_z_original_sd,FGFR1,0.013001149713116389
mw_slope_correction,PKIS2,,column_z_original_sd,IGF1R,0.011605058644833077
mw_slope_correction,PKIS2,,column_z_original_sd,JAK2,0.012990945160389233
mw_slope_correction,PKIS2,,column_z_original_sd,KDR,0.012462070627252353
mw_slope_correction,PKIS2,,column_z_original_sd,KIT,0.010805455983044054
mw_slope_correction,PKIS2,,column_z_original_sd,LCK,0.013080175073368228
mw_slope_correction,PKIS2,,column_z_original_sd,MAP2K1,0.012047175995835047
mw_slope_correction,PKIS2,,column_z_original_sd,MAPK1,0.011786265968140586
mw_slope_correction,PKIS2,,column_z_original_sd,MAPK14,0.01234934140764632
mw_slope_correction,PKIS2,,column_z_original_sd,MAPKAPK2,0.011751565750882653
mw_slope_correction,PKIS2,,column_z_original_sd,MET,0.01133525600305596
mw_slope_correction,PKIS2,,column_z_original_sd,PLK1,0.012439138169816788
mw_slope_correction,PKIS2,,column_z_original_sd,PTK2,0.01229063317137169
mw_slope_correction,PKIS2,,column_z_original_sd,ROCK1,0.009059312087623339
mw_slope_correction,PKIS2,,column_z_original_sd,SRC,0.012025947995827568
mw_slope_correction,PKIS2,,column_z_refit_sd,ABL1,0.0037956639230913858
mw_slope_correction,PKIS2,,column_z_refit_sd,AKT1,0.008550526687780446
mw_slope_correction,PKIS2,,column_z_refit_sd,AKT2,0.005657184879849453
mw_slope_correction,PKIS2,,column_z_refit_sd,CDK2,0.005204952861999845
mw_slope_correction,PKIS2,,column_z_refit_sd,CSF1R,0.0037996145975733864
mw_slope_correction,PKIS2,,column_z_refit_sd,EGFR,0.007306431832901028
mw_slope_correction,PKIS2,,column_z_refit_sd,FGFR1,0.0069033605842736545
mw_slope_correction,PKIS2,,column_z_refit_sd,IGF1R,0.005037688886158076
mw_slope_correction,PKIS2,,column_z_refit_sd,JAK2,0.006627361665869191
mw_slope_correction,PKIS2,,column_z_refit_sd,KDR,0.005325131297497232
mw_slope_correction,PKIS2,,column_z_refit_sd,KIT,0.005779260988972856
mw_slope_correction,PKIS2,,column_z_refit_sd,LCK,0.006909978135509309
mw_slope_correction,PKIS2,,column_z_refit_sd,MAP2K1,0.007803000831420492
mw_slope_correction,PKIS2,,column_z_refit_sd,MAPK1,0.005686205264477717
mw_slope_correction,PKIS2,,column_z_refit_sd,MAPK14,0.0071445433196605235
mw_slope_correction,PKIS2,,column_z_refit_sd,MAPKAPK2,0.0061772712241073835
mw_slope_correction,PKIS2,,column_z_refit_sd,MET,0.005656991937778466
mw_slope_correction,PKIS2,,column_z_refit_sd,PLK1,0.005642393058520767
mw_slope_correction,PKIS2,,column_z_refit_sd,PTK2,0.005617046702567685
mw_slope_correction,PKIS2,,column_z_refit_sd,ROCK1,0.0014737136780310633
mw_slope_correction,PKIS2,,column_z_refit_sd,SRC,0.005612320954185623
