panel,repetition,resampling_scheme,status,source_ligands,source_clusters,drawn_clusters_with_replacement,unique_clusters_drawn,bootstrap_rows_with_multiplicity,failure_message,raw_fixed_vina_mean_nearest_distance,raw_oracle_mean_nearest_distance,raw_all_panel_median,raw_fixed_vina_excess_loss_over_in_sample_oracle,raw_fraction_all_panels_no_worse,raw_exact_rank_best_is_1,raw_median_headroom_captured,residual_fixed_vina_mean_nearest_distance,residual_oracle_mean_nearest_distance,residual_all_panel_median,residual_fixed_vina_excess_loss_over_in_sample_oracle,residual_fraction_all_panels_no_worse,residual_exact_rank_best_is_1,residual_median_headroom_captured,residual_minus_raw_excess_loss_over_in_sample_oracle,residual_minus_raw_fraction_no_worse,effective_row_sample_size
DAVIS,0,ordinary_cluster_resample_with_replacement,failed_constant_or_invalid_target,67,64,64,37,68,target correlation matrix contains a constant target,,,,,,,,,,,,,,,,,
DAVIS,1,ordinary_cluster_resample_with_replacement,ok,67,64,64,43,68,,0.268700412105,0.165594662107,0.232313938571,0.103105749998,0.834380067817,169788,-0.545366728514,0.22404580759,0.219856273778,0.306555969898,0.00418953381176,0.000103199174407,16,0.951677641338,-0.0989162161861,-0.834276868642,
DAVIS,2,ordinary_cluster_resample_with_replacement,ok,67,64,64,36,69,,0.240017782715,0.142199006313,0.220329238901,0.0978187764025,0.737284387439,150030,-0.25199648282,0.240990884597,0.209807861009,0.315230379707,0.0311830235875,0.00668337510443,1353,0.704209081961,-0.066635752815,-0.730601012335,
DAVIS,3,ordinary_cluster_resample_with_replacement,ok,67,64,64,45,66,,0.317308868893,0.196053347914,0.283659192259,0.121255520979,0.79361147968,161491,-0.384103102768,0.247727135601,0.228162250757,0.317691573428,0.0195648848434,0.00541058528675,1096,0.781469531325,-0.101690636136,-0.788200894393,
DAVIS,4,ordinary_cluster_resample_with_replacement,ok,67,64,64,40,67,,0.314472199014,0.17980165892,0.277989735428,0.134670540094,0.823966779694,167669,-0.371556963784,0.263022199676,0.233318901781,0.335144212059,0.0297032978954,0.0160253575114,3260,0.708291604373,-0.104967242199,-0.807941422183,
DAVIS,5,ordinary_cluster_resample_with_replacement,ok,67,64,64,36,69,,0.261107270673,0.127455209556,0.222904414278,0.133652061117,0.857241142071,174440,-0.400242794123,0.217566131033,0.206222123257,0.31697991062,0.0113440077763,0.000584795321637,116,0.897578237645,-0.122308053341,-0.856656346749,
DAVIS,6,ordinary_cluster_resample_with_replacement,ok,67,64,64,37,69,,0.241919224104,0.136393227379,0.212546490586,0.105525996725,0.823961865448,167668,-0.38570551388,0.242205667729,0.225059521672,0.325198286377,0.0171461460573,0.00182809966092,371,0.828776137714,-0.0883798506679,-0.822133765787,
DAVIS,7,ordinary_cluster_resample_with_replacement,ok,67,64,64,39,67,,0.307153444369,0.178038792604,0.265035142036,0.129114651765,0.891493439481,181410,-0.484138732353,0.268206111543,0.229025126651,0.32533629028,0.0391809848919,0.0305322128852,6210,0.593183350553,-0.0899336668733,-0.860961226596,
DAVIS,8,ordinary_cluster_resample_with_replacement,ok,67,64,64,40,64,,0.313121100233,0.148549444351,0.250177076036,0.164571655882,0.935225318197,190309,-0.619359352906,0.251903770232,0.20489743754,0.316938865297,0.0470063326921,0.046660769571,9492,0.580455786462,-0.11756532319,-0.888564548626,
DAVIS,9,ordinary_cluster_resample_with_replacement,ok,67,64,64,43,67,,0.298130084456,0.190027115372,0.264975500544,0.108102969084,0.850960735171,173162,-0.442365553788,0.277445554374,0.235425996992,0.333333107338,0.0420195573822,0.0449112978525,9139,0.570822208584,-0.0660834117019,-0.806049437319,
DAVIS,10,ordinary_cluster_resample_with_replacement,ok,67,64,64,45,69,,0.276460317585,0.173303462146,0.262111874414,0.103156855439,0.671374514718,136618,-0.161566261627,0.276974660826,0.248480619011,0.35621952494,0.0284940418151,0.00610349402919,1239,0.735526905816,-0.0746628136242,-0.665271020689,
DAVIS,11,ordinary_cluster_resample_with_replacement,ok,67,64,64,38,69,,0.285738710209,0.162377108787,0.251152560259,0.123361601422,0.82933805101,168762,-0.389591372129,0.264593702777,0.242049344479,0.341908663051,0.022544358298,0.00446213573149,907,0.774238812958,-0.100817243124,-0.824875915278,
DAVIS,12,ordinary_cluster_resample_with_replacement,failed_constant_or_invalid_target,67,64,64,39,66,target correlation matrix contains a constant target,,,,,,,,,,,,,,,,,
DAVIS,13,ordinary_cluster_resample_with_replacement,failed_constant_or_invalid_target,67,64,64,37,66,target correlation matrix contains a constant target,,,,,,,,,,,,,,,,,
DAVIS,14,ordinary_cluster_resample_with_replacement,ok,67,64,64,43,68,,0.28050247275,0.154115474593,0.240766445105,0.126386998158,0.885478401887,180186,-0.45857567907,0.260430474123,0.250168300798,0.342030320341,0.0102621733246,0.000275197798418,49,0.888287092145,-0.116124824833,-0.885203204089,
DAVIS,15,ordinary_cluster_resample_with_replacement,ok,67,64,64,39,66,,0.296313348142,0.165698149821,0.260003036976,0.130615198322,0.837117303062,170345,-0.385031065322,0.256366292962,0.223200664414,0.332934803876,0.0331656285479,0.0176519730699,3577,0.697763807047,-0.0974495697737,-0.819465329992,
DAVIS,16,ordinary_cluster_resample_with_replacement,ok,67,64,64,44,67,,0.244508348978,0.146959918872,0.232413300508,0.0975484301065,0.638390092879,129906,-0.141539728898,0.26907575811,0.234727617169,0.33028329824,0.0343481409414,0.0258980785297,5265,0.640543183237,-0.0632002891651,-0.61249201435,
DAVIS,17,ordinary_cluster_resample_with_replacement,ok,67,64,64,42,67,,0.285071194546,0.15586135795,0.246357604425,0.129209836596,0.855014988452,173987,-0.427792219333,0.247258382599,0.226550729065,0.323735286166,0.0207076535338,0.00323357413141,656,0.786924444053,-0.108502183063,-0.85178141432,
DAVIS,18,ordinary_cluster_resample_with_replacement,ok,67,64,64,43,68,,0.3165016705,0.186740897201,0.282662943176,0.129760773299,0.829067767458,168706,-0.35277320224,0.234752555844,0.191946258696,0.308902581249,0.0428062971486,0.00927318295739,1886,0.633997579487,-0.0869544761508,-0.8197945845,
DAVIS,19,ordinary_cluster_resample_with_replacement,ok,67,64,64,42,68,,0.283947009033,0.156020019031,0.239341737242,0.127926990002,0.863698461841,175754,-0.535337877672,0.239374145558,0.222038006538,0.330285148016,0.0173361390198,0.00112536242567,228,0.839846680633,-0.110590850982,-0.862573099415,
DAVIS,20,ordinary_cluster_resample_with_replacement,ok,67,64,64,39,65,,0.282238774776,0.17207544104,0.250507618007,0.110163333736,0.813155437614,165469,-0.404568099427,0.261313152206,0.225046220975,0.332664674125,0.0362669312314,0.021789768539,4431,0.663004529707,-0.0738964025046,-0.791365669075,
DAVIS,21,ordinary_cluster_resample_with_replacement,ok,67,64,64,41,66,,0.276640340897,0.148085024386,0.252880142922,0.128555316511,0.71961767163,146434,-0.22673000715,0.235298425818,0.208897596272,0.309691126001,0.0264008295454,0.00863433092535,1750,0.738070195414,-0.102154486965,-0.710983340705,
DAVIS,22,ordinary_cluster_resample_with_replacement,ok,67,64,64,42,66,,0.301811659549,0.180399822291,0.274073817219,0.121411837259,0.760907169885,154837,-0.296110381027,0.247423027089,0.223332423999,0.326325993214,0.0240906030906,0.00550395596835,1120,0.766096045858,-0.097321234168,-0.755403213917,
DAVIS,23,ordinary_cluster_resample_with_replacement,ok,67,64,64,45,69,,0.235859911392,0.150364167533,0.220118129439,0.0854957438591,0.696953167232,141823,-0.225675811423,0.251327719862,0.233766307025,0.332096629604,0.0175614128375,0.00229003882255,465,0.821403892749,-0.0679343310216,-0.694663128409,
DAVIS,24,ordinary_cluster_resample_with_replacement,failed_constant_or_invalid_target,67,64,64,36,64,target correlation matrix contains a constant target,,,,,,,,,,,,,,,,,
DAVIS,25,ordinary_cluster_resample_with_replacement,ok,67,64,64,34,66,,0.261095954339,0.142127918945,0.231777130477,0.118968035393,0.759654037053,154582,-0.327039394557,0.22940592163,0.195020252231,0.295000852195,0.0343856693991,0.0309155241044,6284,0.656076584742,-0.0845823659944,-0.728738512949,
DAVIS,26,ordinary_cluster_resample_with_replacement,ok,67,64,64,41,64,,0.360014742985,0.199669498787,0.309709598186,0.160345244198,0.885969826527,180286,-0.457152847676,0.228991110838,0.195083433125,0.314103991435,0.0339076777135,0.00760725342769,1547,0.715110748977,-0.126437566485,-0.878362573099,
DAVIS,27,ordinary_cluster_resample_with_replacement,ok,67,64,64,37,66,,0.324358326288,0.191480442734,0.285116452562,0.132877883554,0.872917588088,177630,-0.419089555365,0.248121949134,0.205775729976,0.316180676507,0.0423462191577,0.0175291169099,3566,0.616446359623,-0.0905316643965,-0.855388471178,
DAVIS,28,ordinary_cluster_resample_with_replacement,failed_constant_or_invalid_target,67,64,64,45,66,target correlation matrix contains a constant target,,,,,,,,,,,,,,,,,
DAVIS,29,ordinary_cluster_resample_with_replacement,ok,67,64,64,41,67,,0.335944681658,0.182999409492,0.288560114153,0.152945272167,0.886702049241,180435,-0.448884531965,0.239204610497,0.225257472921,0.322285011017,0.0139471375759,0.00207872622733,418,0.856255885189,-0.138998134591,-0.884623323013,
DAVIS,30,ordinary_cluster_resample_with_replacement,ok,67,64,64,44,68,,0.311804166135,0.194297114596,0.276961827546,0.117507051539,0.801145019411,163025,-0.421489863649,0.227454203971,0.223338049068,0.322376555535,0.00411615490293,0.000147427392009,25,0.958438843135,-0.113390896636,-0.800997592019,
DAVIS,31,ordinary_cluster_resample_with_replacement,ok,67,64,64,40,69,,0.27459386629,0.161340208319,0.242464261035,0.11325365797,0.820059953806,166874,-0.396055228746,0.245949401382,0.224411803509,0.325399159223,0.0215375978724,0.00226546759054,461,0.786729757204,-0.0917160600981,-0.817794486216,
DAVIS,32,ordinary_cluster_resample_with_replacement,ok,67,64,64,41,66,,0.270666436157,0.160749950942,0.248529261758,0.109916485214,0.733294019362,149217,-0.252191253182,0.264280105544,0.22987572512,0.32750097391,0.0344043804241,0.0301931298835,6143,0.647587270196,-0.0755121047902,-0.703100889479,
DAVIS,33,ordinary_cluster_resample_with_replacement,ok,67,64,64,42,69,,0.291351235802,0.175630209075,0.263586528689,0.115721026727,0.798697724704,162526,-0.315664721253,0.283277601093,0.241132835499,0.339323991717,0.0421447655939,0.0642242862057,13062,0.57078857998,-0.073576261133,-0.734473438498,
DAVIS,34,ordinary_cluster_resample_with_replacement,ok,67,64,64,42,69,,0.303027701335,0.204326475942,0.28828403088,0.098701225393,0.651796157059,132634,-0.175608621122,0.277997934244,0.244996902629,0.351038550073,0.0330010316155,0.01217750258,2477,0.6887917869,-0.0657001937775,-0.639618654479,
DAVIS,35,ordinary_cluster_resample_with_replacement,ok,67,64,64,39,64,,0.293694141171,0.17080792928,0.26503709979,0.122886211891,0.787581699346,160265,-0.304120700909,0.25173240006,0.208137735941,0.316661604965,0.0435946641193,0.0361688535063,7353,0.598294232306,-0.0792915477714,-0.75141284584,
DAVIS,36,ordinary_cluster_resample_with_replacement,ok,67,64,64,43,66,,0.298472408324,0.172309289052,0.272599902021,0.126163119272,0.730109587695,148570,-0.257975353196,0.239691360833,0.224724278742,0.337367237847,0.0149670820911,0.00180352842892,364,0.867128116929,-0.111196037181,-0.728306059266,
DAVIS,37,ordinary_cluster_resample_with_replacement,failed_constant_or_invalid_target,67,64,64,42,67,target correlation matrix contains a constant target,,,,,,,,,,,,,,,,,
DAVIS,38,ordinary_cluster_resample_with_replacement,ok,67,64,64,44,66,,0.288614206761,0.177544043927,0.262368399682,0.111070162835,0.756356577719,153911,-0.309413574042,0.253902835459,0.225886021873,0.329747224012,0.0280168135861,0.00724359919406,1473,0.730247551451,-0.0830533492487,-0.749112978525,
DAVIS,39,ordinary_cluster_resample_with_replacement,ok,67,64,64,42,68,,0.251696361297,0.175393031073,0.247806738993,0.0763033302244,0.558204334365,113589,-0.0537138950036,0.236801591473,0.204284789339,0.304961687576,0.0325168021344,0.00808393532852,1634,0.67701823652,-0.04378652809,-0.550120399037,
DAVIS,40,ordinary_cluster_resample_with_replacement,ok,67,64,64,37,68,,0.310288343811,0.174465247754,0.261434660479,0.135823096056,0.919711042312,187152,-0.561734083298,0.303067877039,0.270343115863,0.35818049388,0.0327247611752,0.022625190427,4601,0.627439230154,-0.103098334881,-0.897085851885,
DAVIS,41,ordinary_cluster_resample_with_replacement,failed_constant_or_invalid_target,67,64,64,40,64,target correlation matrix contains a constant target,,,,,,,,,,,,,,,,,
DAVIS,42,ordinary_cluster_resample_with_replacement,failed_constant_or_invalid_target,67,64,64,41,69,target correlation matrix contains a constant target,,,,,,,,,,,,,,,,,
DAVIS,43,ordinary_cluster_resample_with_replacement,ok,67,64,64,42,66,,0.318869344877,0.199612536152,0.287484533837,0.119256808724,0.829667305519,168829,-0.35716510226,0.253056538735,0.205054561341,0.31199350045,0.0480019773933,0.0375006142808,7628,0.551127233975,-0.0712548313309,-0.792166691238,
DAVIS,44,ordinary_cluster_resample_with_replacement,ok,67,64,64,38,66,,0.246569941094,0.137832249844,0.216020279722,0.10873769125,0.823028158632,167478,-0.390720439169,0.217606545873,0.179250010682,0.284373810117,0.038356535191,0.0167821514571,3413,0.63512986215,-0.0703811560592,-0.806246007175,
DAVIS,45,ordinary_cluster_resample_with_replacement,ok,67,64,64,45,69,,0.298494560084,0.174988348755,0.25969277969,0.123506211329,0.884387439186,179964,-0.458084423276,0.266512225508,0.240595281234,0.346950367865,0.025916944274,0.00504693105312,1024,0.75631683359,-0.0975892670547,-0.879340508133,
DAVIS,46,ordinary_cluster_resample_with_replacement,ok,67,64,64,38,70,,0.235981880433,0.156103095972,0.222006907526,0.0798787844614,0.691203498943,140653,-0.212051057098,0.281339317858,0.254411506515,0.333913917398,0.0269278113431,0.0159418153226,3241,0.661295663315,-0.0529509731183,-0.675261683621,
DAVIS,47,ordinary_cluster_resample_with_replacement,failed_constant_or_invalid_target,67,64,64,40,68,target correlation matrix contains a constant target,,,,,,,,,,,,,,,,,
DAVIS,48,ordinary_cluster_resample_with_replacement,ok,67,64,64,41,67,,0.290419987354,0.180591731248,0.25786455215,0.109828256106,0.791871836454,161138,-0.421305121573,0.239130470933,0.21030906725,0.308442845394,0.0288214036826,0.0109096270087,2215,0.706304962186,-0.0810068524237,-0.780962209445,
DAVIS,49,ordinary_cluster_resample_with_replacement,ok,67,64,64,38,66,,0.319014537075,0.177639006603,0.269702719235,0.141375530472,0.908162563271,184802,-0.535627082926,0.236241332865,0.222032096253,0.325783226888,0.0142092366117,0.00181827116812,369,0.863044995031,-0.12716629386,-0.906344292103,
DAVIS,50,ordinary_cluster_resample_with_replacement,ok,67,64,64,42,68,,0.253883959056,0.144344936911,0.230345787451,0.109539022145,0.742739200944,151140,-0.273696962973,0.290558850908,0.247219995694,0.349695328472,0.0433388552137,0.0689321342572,14026,0.577080122222,-0.0662001669313,-0.673807066686,
DAVIS,51,ordinary_cluster_resample_with_replacement,ok,67,64,64,40,66,,0.28090653169,0.171262884141,0.260324708145,0.109643647549,0.717499631432,146003,-0.231095913146,0.270048948022,0.233280851256,0.330721705734,0.0367680967656,0.0427146297115,8689,0.622662414417,-0.0728755507838,-0.67478500172,
DAVIS,52,ordinary_cluster_resample_with_replacement,ok,67,64,64,41,67,,0.292515686128,0.182849902446,0.260112084875,0.109665783682,0.817809228955,166416,-0.419397954261,0.261105795853,0.225630795869,0.32403092047,0.0354749999847,0.0165708388619,3371,0.639482163987,-0.0741907836971,-0.801238390093,
DAVIS,53,ordinary_cluster_resample_with_replacement,failed_constant_or_invalid_target,67,64,64,39,65,target correlation matrix contains a constant target,,,,,,,,,,,,,,,,,
DAVIS,54,ordinary_cluster_resample_with_replacement,failed_constant_or_invalid_target,67,64,64,45,66,target correlation matrix contains a constant target,,,,,,,,,,,,,,,,,
DAVIS,55,ordinary_cluster_resample_with_replacement,ok,67,64,64,40,69,,0.310073207228,0.194941255272,0.279197940222,0.115131951956,0.817391518011,166331,-0.366442935939,0.280288265833,0.257408346983,0.345528502357,0.02287991885,0.00445722148509,906,0.740355441352,-0.0922520331063,-0.812934296526,
DAVIS,56,ordinary_cluster_resample_with_replacement,ok,67,64,64,42,66,,0.358094889575,0.219226281239,0.306965921234,0.138868608336,0.875684308811,178193,-0.582735105187,0.234659655861,0.232120692441,0.319984863658,0.00253896342019,3.93139712025e-05,3,0.971103541011,-0.136329644915,-0.87564499484,
DAVIS,57,ordinary_cluster_resample_with_replacement,ok,67,64,64,35,65,,0.21104459231,0.149337428723,0.215562487206,0.061707163587,0.435692171605,88659,0.0682203232276,0.220663661664,0.181347540717,0.280753526477,0.0393161209461,0.0266450439825,5422,0.604489401261,-0.0223910426409,-0.409047127623,
DAVIS,58,ordinary_cluster_resample_with_replacement,ok,67,64,64,42,68,,0.333143691924,0.166793446676,0.263589614034,0.166350245248,0.941088014153,191502,-0.718562312829,0.248128826803,0.205615392959,0.321011095216,0.0425134338443,0.022305764411,4538,0.631585639562,-0.123836811404,-0.918782249742,
DAVIS,59,ordinary_cluster_resample_with_replacement,ok,67,64,64,38,67,,0.325860038665,0.177070386749,0.277987206631,0.148789651916,0.871364686225,177313,-0.474379118268,0.255863804765,0.22641564328,0.3228547505,0.0294481614849,0.00927809720379,1885,0.694645021779,-0.119341490431,-0.862086589022,
DAVIS,60,ordinary_cluster_resample_with_replacement,ok,67,64,64,40,67,,0.285033283354,0.180273627029,0.259132245092,0.104759656325,0.758911985847,154431,-0.328449050947,0.24649732348,0.234411335638,0.328749423842,0.0120859878416,0.00111061968647,215,0.871886445108,-0.0926736684833,-0.75780136616,
DAVIS,61,ordinary_cluster_resample_with_replacement,ok,67,64,64,42,69,,0.30455654078,0.170047510544,0.268673687404,0.134509030237,0.844056218979,171757,-0.363826871512,0.257388495879,0.23348244073,0.351735649295,0.0239060551494,0.00331220207381,673,0.797840114112,-0.110602975087,-0.840744016905,
DAVIS,62,ordinary_cluster_resample_with_replacement,ok,67,64,64,42,64,,0.347185508908,0.18060907583,0.285008022989,0.166576433078,0.902349009779,183619,-0.59557579468,0.240913147298,0.209416201974,0.31725298307,0.0314969453242,0.00705194358445,1432,0.707920201215,-0.135079487754,-0.895297066195,
DAVIS,63,ordinary_cluster_resample_with_replacement,ok,67,64,64,41,67,,0.303187420595,0.187073202445,0.285021338371,0.11611421815,0.686151653644,139624,-0.185466339428,0.264943412484,0.238255988782,0.331346099499,0.0266874237021,0.0137746326601,2802,0.713316232019,-0.0894267944474,-0.672377020984,
DAVIS,64,ordinary_cluster_resample_with_replacement,ok,67,64,64,38,71,,0.29810832322,0.188184329497,0.266703177454,0.109923993723,0.794953068947,161765,-0.399969517947,0.245953579655,0.229606285391,0.324630344021,0.0163472942647,0.000987763526463,196,0.82796678546,-0.0935766994581,-0.79396530542,
DAVIS,65,ordinary_cluster_resample_with_replacement,ok,67,64,64,41,65,,0.284688509003,0.179333482696,0.258533885774,0.105355026306,0.806285321146,164071,-0.330233461097,0.279028929344,0.224231372228,0.335252561432,0.0547975571158,0.0477812177503,9722,0.506422535115,-0.0505574691906,-0.758504103396,
DAVIS,66,ordinary_cluster_resample_with_replacement,ok,67,64,64,39,64,,0.319104693215,0.189303798454,0.289376078675,0.129800894761,0.751019706128,152825,-0.297071421516,0.269623171411,0.248289667522,0.333669040301,0.0213335038892,0.0127573836552,2593,0.750132810833,-0.108467390872,-0.738262322473,
DAVIS,67,ordinary_cluster_resample_with_replacement,ok,67,64,64,37,69,,0.298967277391,0.163988659335,0.259897604163,0.134978618056,0.874018379282,177853,-0.407362142269,0.275858768728,0.248689383159,0.340641605737,0.0271693855695,0.0142513145609,2893,0.704527146734,-0.107809232486,-0.859767064721,
DAVIS,68,ordinary_cluster_resample_with_replacement,failed_constant_or_invalid_target,67,64,64,41,69,target correlation matrix contains a constant target,,,,,,,,,,,,,,,,,
DAVIS,69,ordinary_cluster_resample_with_replacement,failed_constant_or_invalid_target,67,64,64,40,65,target correlation matrix contains a constant target,,,,,,,,,,,,,,,,,
DAVIS,70,ordinary_cluster_resample_with_replacement,ok,67,64,64,38,66,,0.252203232899,0.158776166503,0.241455453717,0.0934270663969,0.625750651138,127334,-0.129993611999,0.223162752129,0.21066873497,0.313507298028,0.0124940171585,0.000742051206447,149,0.878508442874,-0.0809330492384,-0.625008599931,
DAVIS,71,ordinary_cluster_resample_with_replacement,failed_constant_or_invalid_target,67,64,64,38,65,target correlation matrix contains a constant target,,,,,,,,,,,,,,,,,
DAVIS,72,ordinary_cluster_resample_with_replacement,ok,67,64,64,40,66,,0.287604262119,0.164270960253,0.250026278179,0.123333301866,0.851825642538,173338,-0.438200042271,0.279320046147,0.219140363061,0.334229640598,0.0601796830858,0.10105164873,20562,0.477104345655,-0.0631536187807,-0.750773993808,
DAVIS,73,ordinary_cluster_resample_with_replacement,failed_constant_or_invalid_target,67,64,64,36,64,target correlation matrix contains a constant target,,,,,,,,,,,,,,,,,
DAVIS,74,ordinary_cluster_resample_with_replacement,ok,67,64,64,39,67,,0.274199562367,0.15724039148,0.251160991654,0.116959170887,0.750444739299,152708,-0.24529837618,0.272751327085,0.244126033497,0.340865026561,0.0286252935888,0.0120841318984,2456,0.704097668562,-0.088333877298,-0.738360607401,
DAVIS,75,ordinary_cluster_resample_with_replacement,failed_constant_or_invalid_target,67,64,64,40,66,target correlation matrix contains a constant target,,,,,,,,,,,,,,,,,
DAVIS,76,ordinary_cluster_resample_with_replacement,ok,67,64,64,44,65,,0.279598487771,0.159304816218,0.244531118386,0.120293671553,0.820374465576,166938,-0.411461819799,0.258408653368,0.221911825319,0.32259195479,0.0364968280485,0.0284977148754,5798,0.637497207836,-0.0837968435044,-0.7918767507,
DAVIS,77,ordinary_cluster_resample_with_replacement,ok,67,64,64,41,66,,0.271493842893,0.155488328341,0.256028035251,0.116005514552,0.673708781758,137092,-0.15382785685,0.248920643878,0.223553236041,0.334164367163,0.0253674078371,0.00225563909774,458,0.77066134683,-0.0906381067153,-0.671453142661,
DAVIS,78,ordinary_cluster_resample_with_replacement,ok,67,64,64,43,70,,0.270830277421,0.136653081975,0.234028180596,0.134177195446,0.832537225416,169413,-0.377941561517,0.262024485454,0.225735099387,0.330023169838,0.0362893860672,0.0175979163595,3580,0.652027447528,-0.0978878093791,-0.814939309057,
DAVIS,79,ordinary_cluster_resample_with_replacement,ok,67,64,64,38,68,,0.301440553134,0.166182134071,0.248460825981,0.135258419063,0.909169983783,185007,-0.643905802627,0.238731565213,0.21636045486,0.302341424149,0.0223711103534,0.00747948302128,1521,0.739813233807,-0.112887308709,-0.901690500762,
DAVIS,80,ordinary_cluster_resample_with_replacement,ok,67,64,64,41,66,,0.309488983343,0.188815071506,0.275142518146,0.120673911837,0.823893065998,167654,-0.397862632731,0.252233648475,0.246190668049,0.344800886574,0.00604298042624,7.37136960047e-05,10,0.93871851704,-0.114630931411,-0.823819352302,
DAVIS,81,ordinary_cluster_resample_with_replacement,failed_constant_or_invalid_target,67,64,64,40,64,target correlation matrix contains a constant target,,,,,,,,,,,,,,,,,
DAVIS,82,ordinary_cluster_resample_with_replacement,failed_constant_or_invalid_target,67,64,64,36,66,target correlation matrix contains a constant target,,,,,,,,,,,,,,,,,
DAVIS,83,ordinary_cluster_resample_with_replacement,ok,67,64,64,40,66,,0.322751504249,0.191785466345,0.28445367364,0.130966037903,0.846100545481,172173,-0.413279070859,0.276103326279,0.252167223526,0.352068293135,0.0239361027529,0.00539092830115,1096,0.760401937171,-0.10702993515,-0.84070961718,
DAVIS,84,ordinary_cluster_resample_with_replacement,ok,67,64,64,38,67,,0.296493572133,0.159100063161,0.258554526595,0.137393508972,0.852621750455,173500,-0.381471522018,0.247783468211,0.229696959213,0.328877330135,0.0180865089983,0.0014890166593,301,0.817640236368,-0.119306999973,-0.851132733795,
DAVIS,85,ordinary_cluster_resample_with_replacement,failed_constant_or_invalid_target,67,64,64,42,66,target correlation matrix contains a constant target,,,,,,,,,,,,,,,,,
DAVIS,86,ordinary_cluster_resample_with_replacement,ok,67,64,64,45,68,,0.326042893491,0.196481708419,0.282773630457,0.129561185071,0.89199960686,181512,-0.501428894059,0.274163278202,0.256800565061,0.349938857306,0.0173627131404,0.00164627254411,333,0.813581366783,-0.112198471931,-0.890353334316,
DAVIS,87,ordinary_cluster_resample_with_replacement,ok,67,64,64,41,67,,0.289556403532,0.19583577202,0.271364453144,0.0937206315121,0.70528281488,143518,-0.240861486221,0.2420763069,0.236042003165,0.327642560052,0.00603430373548,0.000294854784019,55,0.934123722164,-0.0876863277766,-0.704987960096,
DAVIS,88,ordinary_cluster_resample_with_replacement,ok,67,64,64,36,65,,0.270398845152,0.156635482672,0.240563723495,0.11376336248,0.791803037004,161124,-0.355483700902,0.245111949676,0.220103766476,0.312190939323,0.0250081832006,0.0077890805445,1580,0.728429243429,-0.0887551792795,-0.78401395646,
DAVIS,89,ordinary_cluster_resample_with_replacement,ok,67,64,64,44,66,,0.295319970798,0.182073827513,0.265637035504,0.113246143285,0.79987714384,162766,-0.355215363402,0.250660935993,0.233036489999,0.323614363882,0.0176244459932,0.00295837633299,600,0.805422171688,-0.0956216972916,-0.796918767507,
DAVIS,90,ordinary_cluster_resample_with_replacement,ok,67,64,64,43,68,,0.284322722751,0.161613281185,0.246225205795,0.122709441566,0.84439530198,171826,-0.450261793853,0.232246524807,0.231750982209,0.338193119956,0.000495542598339,2.94854784019e-05,3,0.995344488481,-0.122213898968,-0.844365816502,
DAVIS,91,ordinary_cluster_resample_with_replacement,ok,67,64,64,43,66,,0.291031749942,0.179646946952,0.259885782495,0.11138480299,0.813504349108,165540,-0.388165745891,0.267639942977,0.219461018849,0.323062315378,0.0481789241277,0.0548773895523,11164,0.534958289697,-0.0632058788626,-0.758626959556,
DAVIS,92,ordinary_cluster_resample_with_replacement,ok,67,64,64,45,68,,0.290288508177,0.142641233452,0.253017958527,0.147647274725,0.837171359772,170356,-0.337666746549,0.25422073463,0.227081329364,0.342944566198,0.0271394052656,0.0046292201091,941,0.765763446567,-0.120507869459,-0.832542139663,
DAVIS,93,ordinary_cluster_resample_with_replacement,ok,67,64,64,46,67,,0.313885603777,0.177419225373,0.270818565088,0.136466378403,0.893724507347,181864,-0.461106457706,0.269333203385,0.22348490531,0.328806183983,0.0458482980743,0.0312349501204,6355,0.564681528251,-0.0906180803289,-0.862489557226,
DAVIS,94,ordinary_cluster_resample_with_replacement,ok,67,64,64,41,66,,0.285341686563,0.184228118254,0.262220312278,0.101113568309,0.79027962062,160814,-0.296457543925,0.294453393287,0.256252693369,0.33584824559,0.0382006999181,0.0927072583419,18862,0.520064892423,-0.0629128683912,-0.697572362278,
DAVIS,95,ordinary_cluster_resample_with_replacement,failed_constant_or_invalid_target,67,64,64,40,65,target correlation matrix contains a constant target,,,,,,,,,,,,,,,,,
DAVIS,96,ordinary_cluster_resample_with_replacement,ok,67,64,64,41,70,,0.226419748939,0.138081333429,0.220250766233,0.0883384155099,0.56869625043,115724,-0.0750763695838,0.249473021317,0.235124204235,0.330670717663,0.0143488170819,0.00241780922895,492,0.849823750057,-0.0739895984281,-0.566278441201,
DAVIS,97,ordinary_cluster_resample_with_replacement,ok,67,64,64,41,69,,0.252909140536,0.150188523492,0.22931130241,0.102720617044,0.768735564401,156430,-0.298243292869,0.287092975643,0.245983186286,0.344594584458,0.0411097893565,0.0323259128213,6571,0.583113208832,-0.0616108276878,-0.73640965158,
DAVIS,98,ordinary_cluster_resample_with_replacement,failed_constant_or_invalid_target,67,64,64,40,66,target correlation matrix contains a constant target,,,,,,,,,,,,,,,,,
DAVIS,99,ordinary_cluster_resample_with_replacement,ok,67,64,64,41,69,,0.307583976512,0.194342699666,0.276842054355,0.113241276846,0.809636837191,164753,-0.372632274192,0.247666229416,0.2261214072,0.317693764794,0.0215448222163,0.00269792127377,546,0.764723517203,-0.0916964546297,-0.806938915917,
DAVIS,100,ordinary_cluster_resample_with_replacement,ok,67,64,64,42,69,,0.316427024604,0.182763923227,0.278926394579,0.133663101377,0.825136370338,167907,-0.389971570996,0.260892002538,0.236016698873,0.345663224415,0.0248753036651,0.00429996560028,873,0.773131856735,-0.108787797712,-0.820836404737,
DAVIS,101,ordinary_cluster_resample_with_replacement,failed_constant_or_invalid_target,67,64,64,40,66,target correlation matrix contains a constant target,,,,,,,,,,,,,,,,,
DAVIS,102,ordinary_cluster_resample_with_replacement,ok,67,64,64,41,66,,0.295057383011,0.165255419772,0.263155466586,0.129801963239,0.829141481154,168722,-0.325862116139,0.283641969892,0.264792176761,0.352941529349,0.0188497931311,0.0046095631235,935,0.786160730876,-0.110952170108,-0.82453191803,
DAVIS,103,ordinary_cluster_resample_with_replacement,ok,67,64,64,39,66,,0.294129054578,0.182026970363,0.260729925837,0.112102084216,0.812747555162,165386,-0.424369434919,0.264862707987,0.247741360061,0.340204619384,0.0171213479258,0.00263403607057,536,0.814830798186,-0.0949807362897,-0.810113519092,
DAVIS,104,ordinary_cluster_resample_with_replacement,ok,67,64,64,40,66,,0.266110397927,0.157094774751,0.244858727349,0.109015623177,0.747786131997,152167,-0.242145777951,0.265526799359,0.243200716372,0.336801930217,0.0223260829869,0.00824610545973,1677,0.761476565637,-0.0866895401897,-0.739540026537,
DAVIS,105,ordinary_cluster_resample_with_replacement,ok,67,64,64,41,68,,0.307707571018,0.184757004195,0.269593734651,0.122950566823,0.85848444641,174693,-0.449261023653,0.246606739779,0.225676755307,0.316893637066,0.0209299844722,0.00403459629466,814,0.770547029578,-0.102020582351,-0.854449850115,
DAVIS,106,ordinary_cluster_resample_with_replacement,failed_constant_or_invalid_target,67,64,64,39,66,target correlation matrix contains a constant target,,,,,,,,,,,,,,,,,
DAVIS,107,ordinary_cluster_resample_with_replacement,ok,67,64,64,42,71,,0.262473540675,0.164873488598,0.235641599094,0.0976000520771,0.786077939948,159959,-0.379153002567,0.258928896615,0.249000653396,0.330385601378,0.00992824321905,0.000879650105656,170,0.878008852186,-0.0876718088581,-0.785198289842,
DAVIS,108,ordinary_cluster_resample_with_replacement,ok,67,64,64,36,66,,0.325752815116,0.192273711772,0.298123018721,0.133479103344,0.742164234115,151023,-0.261029544653,0.259412726384,0.230854124855,0.327824221042,0.0285586015288,0.0106000294855,2142,0.705490634208,-0.104920501816,-0.731564204629,
DAVIS,109,ordinary_cluster_resample_with_replacement,ok,67,64,64,40,67,,0.304172836213,0.159756089797,0.25851096515,0.144416746417,0.895311808934,182187,-0.462375866502,0.257335626159,0.243379686109,0.340836160863,0.0139559400506,0.000486510393631,97,0.856798226226,-0.130460806366,-0.89482529854,
DAVIS,110,ordinary_cluster_resample_with_replacement,ok,67,64,64,36,67,,0.270678250654,0.154512241457,0.242582974947,0.116166009198,0.796810654086,162142,-0.319008081273,0.257823991744,0.23305237434,0.344596210096,0.0247716174033,0.00216226841614,439,0.777920337459,-0.0913943917942,-0.79464838567,
DAVIS,111,ordinary_cluster_resample_with_replacement,ok,67,64,64,42,67,,0.285862789817,0.163544010516,0.258415671866,0.122318779302,0.767664258686,156212,-0.289307866651,0.239939273392,0.210143911706,0.333461013014,0.0297953616858,0.00514521598113,1046,0.758384187029,-0.0925234176161,-0.762519042705,
DAVIS,112,ordinary_cluster_resample_with_replacement,ok,67,64,64,39,66,,0.24094101212,0.149146936963,0.22988916661,0.091794075157,0.635220403951,129261,-0.136878131278,0.247782347842,0.20811094893,0.302674660151,0.0396713989116,0.0425180598555,8649,0.580479674503,-0.0521226762454,-0.592702344096,
DAVIS,113,ordinary_cluster_resample_with_replacement,ok,67,64,64,42,65,,0.335196197085,0.192200776532,0.296974926476,0.142995420553,0.812374072436,165310,-0.364796761697,0.24420904875,0.227724342321,0.3312742684,0.0164847064288,0.00400511081626,804,0.84080426657,-0.126510714124,-0.80836896162,
DAVIS,114,ordinary_cluster_resample_with_replacement,ok,67,64,64,40,64,,0.291799240944,0.172093359493,0.264586082337,0.119705881451,0.756086294167,153856,-0.294219456096,0.264147637318,0.222701573161,0.327131753938,0.0414460641571,0.0329205366357,6698,0.603121780994,-0.0782598172939,-0.723165757531,
DAVIS,115,ordinary_cluster_resample_with_replacement,ok,67,64,64,42,66,,0.26670262596,0.179531678412,0.253662700358,0.0871709475476,0.662474814487,134807,-0.175903761464,0.285200369762,0.242376566123,0.332896705675,0.0428238036384,0.0484298982751,9854,0.526914078455,-0.0443471439092,-0.614044916212,
DAVIS,116,ordinary_cluster_resample_with_replacement,failed_constant_or_invalid_target,67,64,64,39,65,target correlation matrix contains a constant target,,,,,,,,,,,,,,,,,
DAVIS,117,ordinary_cluster_resample_with_replacement,ok,67,64,64,40,68,,0.2601375056,0.14533535255,0.234263510066,0.11480215305,0.754454764362,153524,-0.290953914454,0.240809484747,0.229242211191,0.320613756206,0.0115672735554,0.00112536242567,227,0.873403984211,-0.103234879494,-0.753329401936,
DAVIS,118,ordinary_cluster_resample_with_replacement,failed_constant_or_invalid_target,67,64,64,42,67,target correlation matrix contains a constant target,,,,,,,,,,,,,,,,,
DAVIS,119,ordinary_cluster_resample_with_replacement,ok,67,64,64,38,65,,0.293464448094,0.165834257333,0.260017399574,0.127630190761,0.803616885351,163528,-0.355127761972,0.272572513386,0.207617113293,0.312950341533,0.0649554000932,0.172568676593,35115,0.383334193982,-0.062674790668,-0.631048208757,
DAVIS,120,ordinary_cluster_resample_with_replacement,ok,67,64,64,41,68,,0.290866044196,0.179011924083,0.273650245521,0.111854120113,0.6552213868,133331,-0.181911496459,0.274954033129,0.231314280726,0.344458025059,0.0436397524031,0.0396776254361,8073,0.614298142064,-0.0682143677101,-0.615543761364,
DAVIS,121,ordinary_cluster_resample_with_replacement,ok,67,64,64,38,65,,0.252909727556,0.147744329829,0.231456363874,0.105165397727,0.743943191312,151384,-0.256275742508,0.251824871488,0.217745515057,0.312685575022,0.0340793564307,0.0580274214949,11805,0.641043449484,-0.0710860412958,-0.685915769817,
DAVIS,122,ordinary_cluster_resample_with_replacement,ok,67,64,64,42,66,,0.310867866259,0.205644900811,0.289838943647,0.105222965448,0.688667747801,140137,-0.249767345807,0.250871385515,0.236096929197,0.308809169848,0.0147744563176,0.00363162808983,738,0.796809227918,-0.0904485091301,-0.685036119711,
DAVIS,123,ordinary_cluster_resample_with_replacement,ok,67,64,64,41,66,,0.30013048937,0.182621710823,0.2745600838,0.117508778548,0.730831981916,148717,-0.278125495829,0.244933309041,0.221945256072,0.328002151517,0.0229880529689,0.00270774976657,550,0.783247917334,-0.0945207255788,-0.728124232149,
DAVIS,124,ordinary_cluster_resample_with_replacement,ok,67,64,64,38,65,,0.346502343909,0.196080346168,0.3024392338,0.150421997741,0.840881615804,171111,-0.414287052932,0.250661003744,0.231625938546,0.331892537837,0.0190350651983,0.00747456877488,1506,0.810155472183,-0.131386932543,-0.833407047029,
DAVIS,125,ordinary_cluster_resample_with_replacement,failed_constant_or_invalid_target,67,64,64,44,66,target correlation matrix contains a constant target,,,,,,,,,,,,,,,,,
DAVIS,126,ordinary_cluster_resample_with_replacement,failed_constant_or_invalid_target,67,64,64,41,66,target correlation matrix contains a constant target,,,,,,,,,,,,,,,,,
DAVIS,127,ordinary_cluster_resample_with_replacement,ok,67,64,64,38,68,,0.290642536031,0.162348604375,0.253086267611,0.128293931655,0.864406113323,175897,-0.413899444625,0.280450703044,0.251151570392,0.352513235649,0.0292991326511,0.0106049437319,2157,0.7109446399,-0.0989947990044,-0.853801169591,
DAVIS,128,ordinary_cluster_resample_with_replacement,failed_constant_or_invalid_target,67,64,64,42,66,target correlation matrix contains a constant target,,,,,,,,,,,,,,,,,
DAVIS,129,ordinary_cluster_resample_with_replacement,ok,67,64,64,40,70,,0.282016344077,0.148248673553,0.231450693824,0.133767670524,0.902118040199,183572,-0.607745462035,0.25391834582,0.2114763701,0.328160645678,0.0424419757203,0.0275050371026,5596,0.63626653626,-0.0913256948039,-0.874613003096,
DAVIS,130,ordinary_cluster_resample_with_replacement,ok,67,64,64,41,68,,0.267012812271,0.168659445844,0.247324253848,0.098353366427,0.711489508084,144781,-0.250284198513,0.276686624302,0.251275259262,0.347192002215,0.02541136504,0.0133814929481,2722,0.735068516114,-0.072942001387,-0.698108015136,
DAVIS,131,ordinary_cluster_resample_with_replacement,failed_constant_or_invalid_target,67,64,64,41,67,target correlation matrix contains a constant target,,,,,,,,,,,,,,,,,
DAVIS,132,ordinary_cluster_resample_with_replacement,ok,67,64,64,41,67,,0.279267534164,0.175514926226,0.263958454274,0.103752607938,0.674519632414,137258,-0.1730944053,0.278161375653,0.242808800195,0.343727357934,0.0353525754583,0.0279325765394,5683,0.649692026418,-0.0684000324802,-0.646587055875,
DAVIS,133,ordinary_cluster_resample_with_replacement,ok,67,64,64,38,71,,0.268474402192,0.1575422274,0.242074946697,0.110932174792,0.809828492801,164792,-0.312298666299,0.246173565876,0.236327783496,0.327329912904,0.00984578238071,0.000653594771242,128,0.891807120947,-0.101086392411,-0.809174898029,
DAVIS,134,ordinary_cluster_resample_with_replacement,failed_constant_or_invalid_target,67,64,64,41,66,target correlation matrix contains a constant target,,,,,,,,,,,,,,,,,
DAVIS,135,ordinary_cluster_resample_with_replacement,ok,67,64,64,42,64,,0.332304426487,0.212816133067,0.297030679408,0.119488293421,0.844808098678,171909,-0.418855751306,0.267828158007,0.219892220742,0.326129799988,0.0479359372654,0.0443707307484,9028,0.548785489978,-0.0715523561552,-0.80043736793,
DAVIS,136,ordinary_cluster_resample_with_replacement,ok,67,64,64,38,67,,0.332616337139,0.199491414124,0.284011928244,0.133124923015,0.90098284928,183341,-0.575060497443,0.271874354783,0.259421599099,0.345158933084,0.0124527556843,0.00104673448327,212,0.854756905709,-0.12067216733,-0.899936114797,
DAVIS,137,ordinary_cluster_resample_with_replacement,ok,67,64,64,37,70,,0.279503774355,0.168114030626,0.255746405296,0.111389743729,0.793945648435,161560,-0.271102650688,0.285351719261,0.251054099198,0.357125897176,0.0342976200632,0.0105214015431,2140,0.67665655983,-0.0770921236657,-0.783424246892,
DAVIS,138,ordinary_cluster_resample_with_replacement,ok,67,64,64,44,66,,0.281414988688,0.169267268201,0.249655560934,0.112147720487,0.834158926729,169743,-0.395075286138,0.272914280654,0.229542689591,0.336520444646,0.0433715910626,0.0252543122512,5138,0.594573740679,-0.0687761294247,-0.808904614477,
DAVIS,139,ordinary_cluster_resample_with_replacement,ok,67,64,64,41,66,,0.298053210302,0.179462126297,0.267350835292,0.118591084005,0.778288859403,158374,-0.349332415509,0.238686350783,0.200776083136,0.306402846817,0.0379102676468,0.0190918472652,3874,0.64109221635,-0.0806808163584,-0.759197012138,
DAVIS,140,ordinary_cluster_resample_with_replacement,ok,67,64,64,46,66,,0.349821344669,0.199412549532,0.288787407119,0.150408795138,0.922251707701,187669,-0.682898291507,0.251177116574,0.239479763438,0.342478124823,0.0116973531366,0.000358739987223,68,0.886431657948,-0.138711442001,-0.921892967713,
DAVIS,141,ordinary_cluster_resample_with_replacement,ok,67,64,64,41,70,,0.268344156258,0.153328266553,0.238444757934,0.115015889704,0.824861172539,167851,-0.351276207918,0.290861147581,0.266563946884,0.360073859076,0.0242972006968,0.00542041377955,1102,0.740164436826,-0.0907186890074,-0.81944075876,
DAVIS,142,ordinary_cluster_resample_with_replacement,ok,67,64,64,40,67,,0.347283735511,0.195183133924,0.299464343358,0.152100601587,0.86174750602,175357,-0.458561925136,0.233472954235,0.208970339091,0.32064280987,0.0245026151436,0.0031156322178,629,0.780585000288,-0.127597986444,-0.858631873802,
DAVIS,143,ordinary_cluster_resample_with_replacement,failed_constant_or_invalid_target,67,64,64,38,66,target correlation matrix contains a constant target,,,,,,,,,,,,,,,,,
DAVIS,144,ordinary_cluster_resample_with_replacement,ok,67,64,64,44,65,,0.351068067925,0.200371495556,0.308565432347,0.150696572369,0.840085507887,170949,-0.392837499396,0.254442278555,0.218507669874,0.313391191457,0.0359346086813,0.0301095876947,6126,0.621276612822,-0.114761963688,-0.809975920193,
DAVIS,145,ordinary_cluster_resample_with_replacement,failed_constant_or_invalid_target,67,64,64,40,65,target correlation matrix contains a constant target,,,,,,,,,,,,,,,,,
DAVIS,146,ordinary_cluster_resample_with_replacement,failed_constant_or_invalid_target,67,64,64,38,70,target correlation matrix contains a constant target,,,,,,,,,,,,,,,,,
DAVIS,147,ordinary_cluster_resample_with_replacement,ok,67,64,64,39,65,,0.302437905441,0.176164520307,0.268068143039,0.126273385134,0.809916949236,164810,-0.3739761435,0.257489159493,0.221426598609,0.326314165035,0.0360625608831,0.0222861074254,4534,0.656178876944,-0.0902108242512,-0.78763084181,
DAVIS,148,ordinary_cluster_resample_with_replacement,ok,67,64,64,41,67,,0.295579435625,0.161283624899,0.253827193006,0.134295810726,0.859899749373,174980,-0.451163095101,0.28006498146,0.226033688594,0.332238073636,0.0540312928668,0.084200697823,17133,0.491251770391,-0.0802645178593,-0.77569905155,
DAVIS,149,ordinary_cluster_resample_with_replacement,failed_constant_or_invalid_target,67,64,64,43,65,target correlation matrix contains a constant target,,,,,,,,,,,,,,,,,
DAVIS,150,ordinary_cluster_resample_with_replacement,ok,67,64,64,38,67,,0.260197290517,0.152061249296,0.228523530409,0.108136041221,0.842532802595,171446,-0.414240324072,0.25594969436,0.207091805508,0.312979498805,0.0488578888517,0.0613003095975,12471,0.538587655182,-0.0592781523696,-0.781232492997,
DAVIS,151,ordinary_cluster_resample_with_replacement,ok,67,64,64,42,66,,0.272249902212,0.161546898662,0.246014077295,0.11070300355,0.78197945845,159125,-0.310603779391,0.267774989715,0.229618504866,0.318686482234,0.038156484849,0.0378642685144,7702,0.57160265702,-0.0725465187009,-0.744115189936,
DAVIS,152,ordinary_cluster_resample_with_replacement,ok,67,64,64,41,68,,0.293368773663,0.191043157684,0.278781175268,0.102325615979,0.665688731633,135461,-0.166263141071,0.257514695849,0.238376655056,0.345873832286,0.0191380407933,0.000815764902452,165,0.821967038704,-0.0831875751859,-0.664872966731,
DAVIS,153,ordinary_cluster_resample_with_replacement,ok,67,64,64,38,68,,0.294329570592,0.182503382306,0.268076190079,0.111826188286,0.81445771291,165733,-0.306795829138,0.287999497557,0.268017443786,0.349268274326,0.0199820537704,0.00551378446115,1120,0.754069544426,-0.0918441345152,-0.808943928449,
DAVIS,154,ordinary_cluster_resample_with_replacement,ok,67,64,64,35,66,,0.259712184354,0.175280264229,0.264488492789,0.0844319201251,0.446026831785,90762,0.0535411195979,0.234084677022,0.207270616432,0.315618583585,0.0268140605902,0.00791685095091,1610,0.752519024632,-0.0576178595349,-0.438109980834,
DAVIS,155,ordinary_cluster_resample_with_replacement,failed_constant_or_invalid_target,67,64,64,40,67,target correlation matrix contains a constant target,,,,,,,,,,,,,,,,,
DAVIS,156,ordinary_cluster_resample_with_replacement,ok,67,64,64,39,68,,0.272126323744,0.134636049318,0.229966268397,0.137490274426,0.857658853015,174525,-0.442252789875,0.259148250381,0.2197775482,0.325884828306,0.0393707021811,0.0304830704212,6200,0.628953808433,-0.0981195722453,-0.827175782594,
DAVIS,157,ordinary_cluster_resample_with_replacement,ok,67,64,64,37,66,,0.319847100823,0.17868157713,0.284369304626,0.141165523694,0.804997788589,163809,-0.335685107795,0.225449359407,0.179863753598,0.292341214924,0.0455856058091,0.0380362671384,7739,0.59471341839,-0.0955799178845,-0.766961521451,
DAVIS,158,ordinary_cluster_resample_with_replacement,ok,67,64,64,45,65,,0.30224572295,0.170153311301,0.251365415551,0.132092411649,0.914693596737,186131,-0.626511378683,0.265524561367,0.240346904678,0.334555683674,0.0251776566882,0.00890952872377,1812,0.732746173374,-0.106914754961,-0.905784068013,
DAVIS,159,ordinary_cluster_resample_with_replacement,failed_constant_or_invalid_target,67,64,64,41,64,target correlation matrix contains a constant target,,,,,,,,,,,,,,,,,
DAVIS,160,ordinary_cluster_resample_with_replacement,ok,67,64,64,40,67,,0.293876952654,0.163344014945,0.250681355686,0.13053293771,0.892579487936,181631,-0.494583377532,0.284375064493,0.252502722164,0.354387621979,0.031872342329,0.0167428374859,3407,0.687173051287,-0.0986605953806,-0.87583665045,
DAVIS,161,ordinary_cluster_resample_with_replacement,ok,67,64,64,40,64,,0.328839040612,0.191569545807,0.296866583753,0.137269494805,0.759147869674,154479,-0.303640610247,0.241498451602,0.209950969933,0.315782434044,0.0315474816686,0.0190476190476,3869,0.701908294157,-0.105722013136,-0.740100250627,
DAVIS,162,ordinary_cluster_resample_with_replacement,ok,67,64,64,42,66,,0.326571684382,0.191453241531,0.276393137795,0.135118442851,0.925888250037,188409,-0.590753565687,0.255687611651,0.195143299788,0.303889221295,0.0605443118634,0.100343997248,20418,0.443249815493,-0.074574130988,-0.825544252789,
DAVIS,163,ordinary_cluster_resample_with_replacement,ok,67,64,64,36,68,,0.267498340313,0.163178001205,0.23779587182,0.104320339108,0.849240748931,172812,-0.398061057605,0.246474581296,0.233136590966,0.327240071615,0.0133379903301,0.000614280800039,124,0.858262518686,-0.0909823487782,-0.848626468131,
DAVIS,164,ordinary_cluster_resample_with_replacement,ok,67,64,64,43,68,,0.274156246698,0.163843024171,0.246508078908,0.110313222526,0.794171703769,161605,-0.334460164304,0.261997540153,0.23977227248,0.32849557126,0.0222252676728,0.00879650105656,1787,0.749499083347,-0.0880879548536,-0.785375202713,
DAVIS,165,ordinary_cluster_resample_with_replacement,failed_constant_or_invalid_target,67,64,64,36,68,target correlation matrix contains a constant target,,,,,,,,,,,,,,,,,
DAVIS,166,ordinary_cluster_resample_with_replacement,ok,67,64,64,45,66,,0.327206193198,0.189503532353,0.275272248094,0.137702660845,0.916728094747,186545,-0.605511516123,0.282699479082,0.252640322336,0.34669681664,0.0300591567459,0.0193424738316,3936,0.680413809079,-0.107643504099,-0.897385620915,
DAVIS,167,ordinary_cluster_resample_with_replacement,ok,67,64,64,41,66,,0.306629851692,0.185892190981,0.264007772666,0.120737660711,0.855614526512,174109,-0.545628389459,0.256014672724,0.2372395924,0.334078583849,0.0187750803244,0.00146935967369,298,0.806120654053,-0.101962580387,-0.854145166839,
DAVIS,168,ordinary_cluster_resample_with_replacement,ok,67,64,64,43,71,,0.244210567508,0.134417744624,0.212223344719,0.109792822883,0.858499189149,174696,-0.411117229992,0.260490647428,0.230198910776,0.311496172526,0.0302917366523,0.021593198683,4391,0.627395363628,-0.079501086231,-0.836905990466,
DAVIS,169,ordinary_cluster_resample_with_replacement,ok,67,64,64,40,67,,0.283899929998,0.171891427616,0.263242779001,0.112008502382,0.71770602978,146046,-0.22612857591,0.249609004389,0.228911903658,0.331350308135,0.020697100731,0.00141038871689,286,0.797955651139,-0.0913114016507,-0.716295641063,
DAVIS,170,ordinary_cluster_resample_with_replacement,ok,67,64,64,38,66,,0.342556805573,0.173986232833,0.277849081588,0.16857057274,0.944876898128,192273,-0.623011257255,0.257572054846,0.233963280019,0.324133839283,0.0236087748272,0.013234065556,2692,0.738176462251,-0.144961797912,-0.931642832572,
DAVIS,171,ordinary_cluster_resample_with_replacement,ok,67,64,64,36,67,,0.291732199533,0.176202537685,0.257974239726,0.115529661848,0.877379723819,178537,-0.41283181057,0.291375626453,0.250757749595,0.339021745775,0.040617876858,0.0496879453536,10108,0.53981375628,-0.0749117849897,-0.827691778466,
DAVIS,172,ordinary_cluster_resample_with_replacement,ok,67,64,64,44,69,,0.32101802955,0.187900868738,0.287418023106,0.133117160812,0.803287630842,163460,-0.337630297588,0.256305131181,0.225166164065,0.337202298803,0.0311389671168,0.0062263501892,1266,0.722063179085,-0.101978193695,-0.797061280653,
DAVIS,173,ordinary_cluster_resample_with_replacement,ok,67,64,64,40,67,,0.343915875713,0.202512107937,0.293655791317,0.141403767777,0.900221141088,183186,-0.551437933306,0.268280202723,0.219186478193,0.320749347993,0.0490937245297,0.0505479384736,10285,0.516617395449,-0.0923100432469,-0.849673202614,
DAVIS,174,ordinary_cluster_resample_with_replacement,failed_constant_or_invalid_target,67,64,64,40,70,target correlation matrix contains a constant target,,,,,,,,,,,,,,,,,
DAVIS,175,ordinary_cluster_resample_with_replacement,ok,67,64,64,37,71,,0.246940863765,0.153344290326,0.233045136284,0.0935965734383,0.648498697725,131963,-0.174348556954,0.271664148095,0.232285673081,0.331033675867,0.0393784750143,0.0414860681115,8435,0.601222567512,-0.054218098424,-0.607012629613,
DAVIS,176,ordinary_cluster_resample_with_replacement,ok,67,64,64,38,71,,0.304749123463,0.172122229605,0.25963428064,0.132626893858,0.8931053123,181738,-0.515527202131,0.263711300646,0.234901616512,0.341647759191,0.0288096841345,0.00572018280997,1161,0.730110302713,-0.103817209723,-0.88738512949,
DAVIS,177,ordinary_cluster_resample_with_replacement,ok,67,64,64,42,68,,0.29932476455,0.157636141179,0.24893174151,0.141688623371,0.907656395892,184699,-0.551976468273,0.235738325363,0.221368338105,0.318037573624,0.014369987258,0.000668337510443,131,0.851348909703,-0.127318636113,-0.906988058381,
DAVIS,178,ordinary_cluster_resample_with_replacement,ok,67,64,64,44,68,,0.269467427053,0.15877896804,0.244914515229,0.110688459013,0.768229397022,156327,-0.285049699277,0.270995264019,0.230788189966,0.333958697525,0.0402070740523,0.0350582338198,7133,0.61028519677,-0.0704813849604,-0.733171163202,
DAVIS,179,ordinary_cluster_resample_with_replacement,failed_constant_or_invalid_target,67,64,64,41,66,target correlation matrix contains a constant target,,,,,,,,,,,,,,,,,
DAVIS,180,ordinary_cluster_resample_with_replacement,ok,67,64,64,39,65,,0.375032128334,0.211894873785,0.324119050508,0.163137254548,0.854636591479,173910,-0.453672990186,0.258726156525,0.243048176978,0.349885259828,0.0156779795475,0.00111553393287,227,0.853253391713,-0.147459275001,-0.853521057546,
DAVIS,181,ordinary_cluster_resample_with_replacement,failed_constant_or_invalid_target,67,64,64,42,65,target correlation matrix contains a constant target,,,,,,,,,,,,,,,,,
DAVIS,182,ordinary_cluster_resample_with_replacement,ok,67,64,64,40,68,,0.275893458485,0.161181218543,0.240572620175,0.114712239942,0.827077497666,168302,-0.444895008576,0.255425211806,0.231289435041,0.337633312494,0.0241357767649,0.00421150916507,856,0.773040278923,-0.0905764631775,-0.822865988501,
DAVIS,183,ordinary_cluster_resample_with_replacement,ok,67,64,64,37,66,,0.279894724514,0.164743147602,0.255179409392,0.115151576912,0.753059118384,153240,-0.273289879886,0.228716262071,0.217320663877,0.321570871793,0.0113955981937,0.000565138336036,114,0.890689923583,-0.103755978718,-0.752493980048,
DAVIS,184,ordinary_cluster_resample_with_replacement,ok,67,64,64,40,67,,0.322461270721,0.182675851661,0.27411395729,0.13978541906,0.909985748685,185173,-0.5287436031,0.268827334516,0.22637129653,0.330554844072,0.042456037986,0.0399429947418,8125,0.592488075253,-0.0973293810738,-0.870042753944,
DAVIS,185,ordinary_cluster_resample_with_replacement,ok,67,64,64,37,68,,0.280322684856,0.167068115644,0.242488108502,0.113254569212,0.825318197454,167944,-0.501651815654,0.225087838279,0.219535361928,0.31641509586,0.00555247635105,0.000221141088014,43,0.94268691577,-0.107702092861,-0.825097056366,
DAVIS,186,ordinary_cluster_resample_with_replacement,ok,67,64,64,35,65,,0.261143715406,0.149494052872,0.240291428779,0.111649662534,0.738424492604,150262,-0.229657370806,0.198509393375,0.194725400592,0.295874430693,0.00378399278255,4.91424640031e-05,10,0.962589925195,-0.107865669751,-0.73837535014,
DAVIS,187,ordinary_cluster_resample_with_replacement,ok,67,64,64,40,69,,0.307541869475,0.186337807909,0.261864596371,0.121204061566,0.860912084132,175186,-0.604782409437,0.2390104992,0.234431806268,0.318446399617,0.0045786929317,0.000167084377611,32,0.945501218905,-0.116625368635,-0.860744999754,
DAVIS,188,ordinary_cluster_resample_with_replacement,ok,67,64,64,37,67,,0.255535315734,0.152292644847,0.224181871172,0.103242670887,0.837333529903,170389,-0.436135512454,0.252500054496,0.243166260495,0.327531575768,0.00933379400105,0.00062410929284,127,0.889364557332,-0.0939088768863,-0.83670942061,
DAVIS,189,ordinary_cluster_resample_with_replacement,ok,67,64,64,40,65,,0.332004518426,0.188381446659,0.295542419917,0.143623071767,0.830183301391,168934,-0.340255387763,0.287531781135,0.263129609218,0.35709761791,0.0244021719169,0.0215735416974,4387,0.740314046698,-0.11922089985,-0.808609759693,
DAVIS,190,ordinary_cluster_resample_with_replacement,ok,67,64,64,39,71,,0.270642475487,0.136888245805,0.234976640152,0.133754229681,0.840945501007,171124,-0.363609125957,0.269316848617,0.242056994013,0.338932622512,0.0272598546041,0.00923878323259,1879,0.718609778059,-0.106494375077,-0.831706717775,
DAVIS,191,ordinary_cluster_resample_with_replacement,ok,67,64,64,42,70,,0.315715882854,0.19064231761,0.284840624408,0.125073565243,0.829465821416,168788,-0.327768720004,0.258884084561,0.238759710528,0.342529836669,0.0201243740334,0.00239815224335,485,0.806067750115,-0.10494919121,-0.827067669173,
DAVIS,192,ordinary_cluster_resample_with_replacement,ok,67,64,64,38,68,,0.362201683969,0.196258468605,0.298698065357,0.165943215364,0.912374072436,185659,-0.619912813263,0.238103780405,0.222107625598,0.311501751553,0.0159961548066,0.00279620620178,568,0.82106033662,-0.149947060557,-0.909577866234,
DAVIS,193,ordinary_cluster_resample_with_replacement,ok,67,64,64,39,66,,0.294217368647,0.185485370545,0.277294899358,0.108731998102,0.656336920733,133558,-0.184321491541,0.258203141806,0.228417890036,0.335267631644,0.0297852517692,0.0127966976264,2601,0.721241705211,-0.0789467463324,-0.643540223107,
DAVIS,194,ordinary_cluster_resample_with_replacement,ok,67,64,64,35,69,,0.216833105127,0.149130018431,0.216360003841,0.0677030866967,0.507710452602,103314,-0.00703705769123,0.253611263112,0.236737573084,0.323959744046,0.0168736900282,0.00192147034252,390,0.806543567514,-0.0508293966686,-0.50578898226,
DAVIS,195,ordinary_cluster_resample_with_replacement,ok,67,64,64,43,69,,0.250171416929,0.13373518404,0.222947808343,0.116436232889,0.811145510836,165060,-0.305154217784,0.273028208895,0.228546904479,0.346876475149,0.0444813044164,0.0269349845201,5478,0.62408969994,-0.0719549284722,-0.784210526316,
DAVIS,196,ordinary_cluster_resample_with_replacement,ok,67,64,64,43,67,,0.284061688825,0.164867590159,0.2461848022,0.119194098666,0.8421838911,171376,-0.46579175152,0.252313357766,0.213586030426,0.318769808545,0.0387273273391,0.01802054155,3666,0.631812737365,-0.0804667713273,-0.82416334955,
DAVIS,197,ordinary_cluster_resample_with_replacement,ok,67,64,64,43,66,,0.309950501518,0.189860142889,0.270148456623,0.120090358628,0.848351270333,172631,-0.495738956811,0.237391379821,0.22149088265,0.317473487619,0.0159004971707,0.000845250380854,169,0.834339803802,-0.104189861458,-0.847506019952,
DAVIS,198,ordinary_cluster_resample_with_replacement,ok,67,64,64,41,65,,0.316585490386,0.179867653899,0.275179066688,0.136717836487,0.862617327633,175534,-0.434433007406,0.265203280315,0.226885139401,0.338613371527,0.0383181409145,0.0104968303111,2135,0.657041553551,-0.0983996955722,-0.852120497322,
DAVIS,199,ordinary_cluster_resample_with_replacement,ok,67,64,64,41,66,,0.249845698114,0.154914442718,0.244390534029,0.094931255396,0.554110767114,112756,-0.0609678407354,0.233359650319,0.193313086952,0.313064028764,0.0400465633675,0.021789768539,4433,0.665584564418,-0.0548846920285,-0.532320998575,
DAVIS,200,ordinary_cluster_resample_with_replacement,ok,67,64,64,39,68,,0.292891181474,0.154470499769,0.239825522571,0.138420681705,0.943338739004,191960,-0.621705169324,0.283446449549,0.242019374949,0.340244921488,0.0414270745996,0.0468229397022,9527,0.578245415177,-0.0969936071054,-0.896515799302,
DAVIS,201,ordinary_cluster_resample_with_replacement,ok,67,64,64,42,65,,0.32366542201,0.194886085269,0.281680904213,0.128779336741,0.877758120792,178615,-0.483721474498,0.292305786381,0.233162017829,0.33298881262,0.0591437685525,0.135667600373,27607,0.407536136205,-0.0696355681887,-0.742090520419,
DAVIS,202,ordinary_cluster_resample_with_replacement,ok,67,64,64,41,67,,0.269208968949,0.148821130329,0.239801335965,0.12038783862,0.817602830606,166374,-0.323231111406,0.279422019167,0.261304199141,0.357778016086,0.0181178200261,0.00488967516831,994,0.812199614363,-0.102270018594,-0.812713155438,
DAVIS,203,ordinary_cluster_resample_with_replacement,ok,67,64,64,47,65,,0.348300262353,0.216017639401,0.312765040108,0.132282622952,0.808997985159,164623,-0.367298986689,0.267781320994,0.237942523389,0.328896133947,0.0298387976046,0.0196520713549,3998,0.671933885618,-0.102443825347,-0.789345913804,
DAVIS,204,ordinary_cluster_resample_with_replacement,ok,67,64,64,42,65,,0.309609913949,0.179020548359,0.281295825318,0.13058936559,0.74527003784,151654,-0.276841964876,0.2490293709,0.217058797059,0.31281561332,0.0319705738412,0.0441987321244,8991,0.66612743521,-0.0986187917487,-0.701071305715,
DAVIS,205,ordinary_cluster_resample_with_replacement,failed_constant_or_invalid_target,67,64,64,38,64,target correlation matrix contains a constant target,,,,,,,,,,,,,,,,,
DAVIS,206,ordinary_cluster_resample_with_replacement,failed_constant_or_invalid_target,67,64,64,41,65,target correlation matrix contains a constant target,,,,,,,,,,,,,,,,,
DAVIS,207,ordinary_cluster_resample_with_replacement,ok,67,64,64,40,69,,0.267283152476,0.151701622924,0.241469388891,0.115581529552,0.773880780382,157477,-0.287561613094,0.288062076044,0.262007181342,0.357035052924,0.026054894702,0.0133716644553,2718,0.725818391297,-0.0895266348502,-0.760509115927,
DAVIS,208,ordinary_cluster_resample_with_replacement,ok,67,64,64,40,69,,0.218891899777,0.132329149835,0.223424459535,0.086562749942,0.451108162563,91796,0.0497562363355,0.240660174895,0.196457724191,0.304883807814,0.0442024507041,0.03093518109,6290,0.592326410515,-0.0423602992379,-0.420172981473,
DAVIS,209,ordinary_cluster_resample_with_replacement,ok,67,64,64,40,67,,0.310075994493,0.183932523798,0.270322412694,0.126143470695,0.887183645388,180533,-0.460164751999,0.260200645984,0.219235068959,0.331467772282,0.0409655770251,0.0190721902796,3879,0.634994294779,-0.0851778936696,-0.868111455108,
DAVIS,210,ordinary_cluster_resample_with_replacement,ok,67,64,64,40,68,,0.230786861566,0.136497509474,0.22120810053,0.0942893520922,0.605646469114,123243,-0.113076309785,0.255877254591,0.235880704526,0.329500540786,0.0199965500651,0.00891935721657,1814,0.786406910502,-0.0742928020271,-0.596727111897,
DAVIS,211,ordinary_cluster_resample_with_replacement,failed_constant_or_invalid_target,67,64,64,39,67,target correlation matrix contains a constant target,,,,,,,,,,,,,,,,,
DAVIS,212,ordinary_cluster_resample_with_replacement,ok,67,64,64,38,68,,0.289311010407,0.189398263248,0.260978485934,0.0999127471597,0.82798663325,168487,-0.395814980867,0.271534068786,0.232431786287,0.318754205782,0.0391022824992,0.0560715514276,11407,0.547020545442,-0.0608104646604,-0.771915081822,
DAVIS,213,ordinary_cluster_resample_with_replacement,failed_constant_or_invalid_target,67,64,64,40,67,target correlation matrix contains a constant target,,,,,,,,,,,,,,,,,
DAVIS,214,ordinary_cluster_resample_with_replacement,ok,67,64,64,40,68,,0.311593993197,0.184021367324,0.277871642416,0.127572625872,0.845338837289,172018,-0.359320745179,0.274681089754,0.256041443535,0.3615742101,0.0186396462189,0.00142513145609,289,0.823375745509,-0.108932979653,-0.843913705833,
DAVIS,215,ordinary_cluster_resample_with_replacement,failed_constant_or_invalid_target,67,64,64,42,65,target correlation matrix contains a constant target,,,,,,,,,,,,,,,,,
DAVIS,216,ordinary_cluster_resample_with_replacement,failed_constant_or_invalid_target,67,64,64,41,69,target correlation matrix contains a constant target,,,,,,,,,,,,,,,,,
DAVIS,217,ordinary_cluster_resample_with_replacement,failed_constant_or_invalid_target,67,64,64,40,68,target correlation matrix contains a constant target,,,,,,,,,,,,,,,,,
DAVIS,218,ordinary_cluster_resample_with_replacement,ok,67,64,64,39,67,,0.267896841966,0.144605461128,0.241505473689,0.123291380838,0.761546021918,154967,-0.272356706459,0.277921132177,0.240693410947,0.342071430317,0.0372277212302,0.0451717529117,9189,0.632783107607,-0.0860636596078,-0.716374269006,
DAVIS,219,ordinary_cluster_resample_with_replacement,ok,67,64,64,44,67,,0.303424991064,0.178616130301,0.265165112288,0.124808860763,0.851142562288,173199,-0.442060413622,0.246167942952,0.23373716869,0.327851093508,0.0124307742621,0.00166101528331,331,0.867917799771,-0.112378086501,-0.849481547005,
DAVIS,220,ordinary_cluster_resample_with_replacement,ok,67,64,64,41,71,,0.252446274111,0.154679896444,0.223710823878,0.0977663776665,0.796230773011,162025,-0.416269218766,0.241333314764,0.235788456349,0.323505952518,0.00554485841524,0.000260455059217,48,0.936787315446,-0.0922215192512,-0.795970317952,
DAVIS,221,ordinary_cluster_resample_with_replacement,ok,67,64,64,40,68,,0.29123948521,0.180781653842,0.256917188884,0.110457831368,0.813224237063,165482,-0.450805216077,0.241513842407,0.234267969148,0.327958744528,0.00724587325869,0.000122856160008,23,0.922661828453,-0.103211958109,-0.813101380903,
DAVIS,222,ordinary_cluster_resample_with_replacement,ok,67,64,64,40,67,,0.255298356655,0.159870202382,0.22815109931,0.0954281542724,0.801651186791,163128,-0.397582026105,0.244619922749,0.22523618385,0.317949170476,0.019383738899,0.00289449112979,588,0.790927467615,-0.0760444153734,-0.798756695661,
DAVIS,223,ordinary_cluster_resample_with_replacement,ok,67,64,64,37,69,,0.283857946403,0.161399787782,0.263090586837,0.122458158621,0.713882746081,145268,-0.204220635097,0.255745107515,0.227312589132,0.334394488555,0.028432518383,0.00708634330925,1440,0.734478763112,-0.0940256402379,-0.706796402772,
DAVIS,224,ordinary_cluster_resample_with_replacement,ok,67,64,64,41,67,,0.359608825354,0.200751993347,0.299751241884,0.158856832008,0.922979016168,187817,-0.604626644684,0.239564856673,0.224916405892,0.339168517385,0.0146484507808,0.000565138336036,114,0.871788358312,-0.144208381227,-0.922413877832,
DAVIS,225,ordinary_cluster_resample_with_replacement,ok,67,64,64,35,68,,0.277580347464,0.162595875911,0.257927815937,0.114984471553,0.736335937884,149837,-0.206148448479,0.254037011599,0.207341091889,0.316371112721,0.0466959197097,0.0248808295248,5060,0.571715025334,-0.0682885518428,-0.711455108359,
DAVIS,226,ordinary_cluster_resample_with_replacement,ok,67,64,64,47,66,,0.307109224307,0.206936865838,0.288171331604,0.100172358469,0.72416334955,147360,-0.2331263279,0.279199507586,0.241876479797,0.349689973685,0.0373230277887,0.0174455747211,3547,0.653818585756,-0.0628493306802,-0.706717774829,
DAVIS,227,ordinary_cluster_resample_with_replacement,ok,67,64,64,41,69,,0.263995145795,0.161102315546,0.234275238015,0.102892830249,0.821563713205,167180,-0.406159912393,0.253555467537,0.2374840249,0.331953693898,0.0160714426373,0.000904221337658,182,0.829877220828,-0.0868213876112,-0.820659491867,
DAVIS,228,ordinary_cluster_resample_with_replacement,ok,67,64,64,38,67,,0.257585553967,0.136086611088,0.225019052702,0.121498942879,0.808182220257,164457,-0.36619371597,0.221229810889,0.217296869652,0.314377357595,0.00393294123765,4.91424640031e-05,9,0.959487829934,-0.117566001641,-0.808133077793,
DAVIS,229,ordinary_cluster_resample_with_replacement,ok,67,64,64,37,67,,0.300881633166,0.174610771377,0.266652725169,0.126270861789,0.794972725932,161768,-0.371883761555,0.256633927424,0.232642225364,0.332088003571,0.02399170206,0.0112044817927,2280,0.758745896581,-0.102279159729,-0.78376824414,
DAVIS,230,ordinary_cluster_resample_with_replacement,ok,67,64,64,43,68,,0.331782734093,0.202207778453,0.300621829495,0.12957495564,0.78069684014,158863,-0.31663064642,0.272096792823,0.240396380023,0.33786669003,0.0317004128,0.0356577718807,7255,0.674768523894,-0.0978745428397,-0.745039068259,
DAVIS,231,ordinary_cluster_resample_with_replacement,ok,67,64,64,43,66,,0.322339270816,0.198426739556,0.297815023735,0.12391253126,0.720472750504,146609,-0.246751891166,0.241160888576,0.221795931175,0.324186740801,0.0193649574005,0.00115484790407,234,0.810872113705,-0.104547573859,-0.7193179026,
DAVIS,232,ordinary_cluster_resample_with_replacement,ok,67,64,64,40,67,,0.298829924073,0.182955102211,0.267331309659,0.115874821861,0.873025701509,177652,-0.373311569299,0.280027426305,0.261178209204,0.33687428802,0.0188492171012,0.00642292004521,1300,0.750988196535,-0.0970256047603,-0.866602781463,
DAVIS,233,ordinary_cluster_resample_with_replacement,ok,67,64,64,43,65,,0.327641557446,0.190255936469,0.288015014908,0.137385620978,0.816138385179,166076,-0.405348978023,0.272198104628,0.244907432565,0.334877989963,0.0272906720634,0.0112487100103,2288,0.696671079378,-0.110094948914,-0.804889675168,
DAVIS,234,ordinary_cluster_resample_with_replacement,failed_constant_or_invalid_target,67,64,64,40,64,target correlation matrix contains a constant target,,,,,,,,,,,,,,,,,
DAVIS,235,ordinary_cluster_resample_with_replacement,ok,67,64,64,43,67,,0.266923478172,0.156634405015,0.2397735713,0.110289073158,0.767664258686,156212,-0.326559768223,0.247537580833,0.211026048387,0.31377741648,0.0365115324451,0.0200550395597,4079,0.644661349793,-0.0737775407125,-0.747609219126,
DAVIS,236,ordinary_cluster_resample_with_replacement,ok,67,64,64,40,66,,0.327050719301,0.179884768562,0.277792458283,0.147165950739,0.894869526758,182097,-0.50310921602,0.27208679165,0.243951762868,0.33635754065,0.0281350287814,0.0205317214605,4175,0.695527385228,-0.119030921958,-0.874337805298,
DAVIS,237,ordinary_cluster_resample_with_replacement,ok,67,64,64,40,64,,0.257547266794,0.127545518869,0.225710270377,0.130001747925,0.805739839796,163960,-0.324322080253,0.26789137053,0.208257640999,0.321368181857,0.0596337295314,0.105705440071,21509,0.472783623178,-0.0703680183937,-0.700034399725,
DAVIS,238,ordinary_cluster_resample_with_replacement,failed_constant_or_invalid_target,67,64,64,41,66,target correlation matrix contains a constant target,,,,,,,,,,,,,,,,,
DAVIS,239,ordinary_cluster_resample_with_replacement,failed_constant_or_invalid_target,67,64,64,41,67,target correlation matrix contains a constant target,,,,,,,,,,,,,,,,,
DAVIS,240,ordinary_cluster_resample_with_replacement,ok,67,64,64,38,68,,0.285144701221,0.168499179803,0.252595208537,0.116645521419,0.818924762888,166643,-0.38705148358,0.236290927271,0.223177589522,0.326493771585,0.0131133377497,0.00031942601602,64,0.873075664549,-0.103532183669,-0.818605336872,
DAVIS,241,ordinary_cluster_resample_with_replacement,ok,67,64,64,39,69,,0.338980356157,0.191260542798,0.269851760138,0.147719813359,0.947958130621,192900,-0.8795969621,0.259264366415,0.228553208373,0.324669917441,0.0307111580419,0.0209543466509,4263,0.680480549745,-0.117008655317,-0.92700378397,
DAVIS,242,ordinary_cluster_resample_with_replacement,failed_constant_or_invalid_target,67,64,64,41,66,target correlation matrix contains a constant target,,,,,,,,,,,,,,,,,
DAVIS,243,ordinary_cluster_resample_with_replacement,failed_constant_or_invalid_target,67,64,64,38,68,target correlation matrix contains a constant target,,,,,,,,,,,,,,,,,
DAVIS,244,ordinary_cluster_resample_with_replacement,failed_constant_or_invalid_target,67,64,64,40,67,target correlation matrix contains a constant target,,,,,,,,,,,,,,,,,
DAVIS,245,ordinary_cluster_resample_with_replacement,ok,67,64,64,38,68,,0.272685854509,0.128596992384,0.223693731654,0.144088862125,0.907282913165,184623,-0.515181942414,0.236447145934,0.190183357951,0.30270729405,0.0462637879831,0.0311415794388,6336,0.588853806692,-0.0978250741414,-0.876141333726,
DAVIS,246,ordinary_cluster_resample_with_replacement,failed_constant_or_invalid_target,67,64,64,44,69,target correlation matrix contains a constant target,,,,,,,,,,,,,,,,,
DAVIS,247,ordinary_cluster_resample_with_replacement,ok,67,64,64,43,65,,0.361890377177,0.20435242494,0.315468848079,0.157537952237,0.861442822743,175295,-0.417773788855,0.25849937776,0.238232141105,0.331186364941,0.0202672366557,0.0078627942405,1589,0.781965403837,-0.137270715581,-0.853580028503,
DAVIS,248,ordinary_cluster_resample_with_replacement,ok,67,64,64,41,67,,0.281432058115,0.152108897388,0.24631079657,0.129323160727,0.785158975871,159772,-0.372829654707,0.23500497454,0.194298878507,0.310800570875,0.0407060960333,0.0198633839501,4041,0.650596526062,-0.0886170646939,-0.765295591921,
DAVIS,249,ordinary_cluster_resample_with_replacement,ok,67,64,64,41,67,,0.298420989261,0.186743679107,0.263925870588,0.111677310154,0.815224335348,165890,-0.446931060274,0.243169286074,0.237107574764,0.329614438631,0.00606171130967,7.37136960047e-05,13,0.934472848216,-0.105615598845,-0.815150621652,
DAVIS,250,ordinary_cluster_resample_with_replacement,ok,67,64,64,38,66,,0.290918152747,0.173377223633,0.259007800964,0.117540929114,0.828792569659,168651,-0.372651367967,0.266561915986,0.220741339456,0.329043805612,0.0458205765299,0.0417317804315,8491,0.576920284859,-0.0717203525839,-0.787060789228,
DAVIS,251,ordinary_cluster_resample_with_replacement,ok,67,64,64,45,66,,0.332265543789,0.199007527241,0.300233821169,0.133258016548,0.777935033663,158302,-0.316436781165,0.284013254123,0.253737190134,0.350977318055,0.030276063989,0.0197405277901,4017,0.688646399009,-0.102981952559,-0.758194505873,
DAVIS,252,ordinary_cluster_resample_with_replacement,ok,67,64,64,41,66,,0.313883341215,0.187497309837,0.278713850504,0.126386031379,0.827647550248,168418,-0.385560452674,0.271148419534,0.240930873806,0.333287971016,0.0302175457285,0.0274411518994,5581,0.672818368687,-0.0961684856501,-0.800206398349,
DAVIS,253,ordinary_cluster_resample_with_replacement,ok,67,64,64,42,69,,0.271354849675,0.163626964676,0.248834524662,0.107727884999,0.755742296919,153786,-0.26429961165,0.288422073647,0.267722172618,0.357917192925,0.020699901029,0.00547447048995,1111,0.770498404917,-0.0870279839703,-0.750267826429,
DAVIS,254,ordinary_cluster_resample_with_replacement,ok,67,64,64,47,67,,0.31465572282,0.196964086943,0.281022159291,0.117691635877,0.818325224827,166521,-0.400122945832,0.270188787071,0.252595068036,0.352461754192,0.0175937190355,0.00176912870411,355,0.82382794791,-0.100097916842,-0.816556096123,
DAVIS,255,ordinary_cluster_resample_with_replacement,failed_constant_or_invalid_target,67,64,64,37,69,target correlation matrix contains a constant target,,,,,,,,,,,,,,,,,
DAVIS,256,ordinary_cluster_resample_with_replacement,ok,67,64,64,38,69,,0.32333786393,0.194528123309,0.292461462935,0.128809740621,0.793449309548,161458,-0.315279772064,0.254039982826,0.229344654676,0.325809334476,0.0246953281504,0.00360214261143,732,0.743996163139,-0.10411441247,-0.789847166937,
DAVIS,257,ordinary_cluster_resample_with_replacement,failed_constant_or_invalid_target,67,64,64,43,66,target correlation matrix contains a constant target,,,,,,,,,,,,,,,,,
DAVIS,258,ordinary_cluster_resample_with_replacement,ok,67,64,64,39,69,,0.273139675334,0.156505887917,0.245982945538,0.116633787417,0.78277065212,159286,-0.303504948847,0.281918812661,0.244054429204,0.346619417198,0.0378643834576,0.0333873900437,6791,0.630825448351,-0.0787694039592,-0.749383262077,
DAVIS,259,ordinary_cluster_resample_with_replacement,ok,67,64,64,46,68,,0.299044731523,0.186852503395,0.265115707686,0.112192228128,0.841176470588,171171,-0.433524593633,0.266427182782,0.237781986061,0.326363781639,0.028645196721,0.01205464642,2451,0.676624338735,-0.0835470314066,-0.829121824168,
DAVIS,260,ordinary_cluster_resample_with_replacement,ok,67,64,64,37,65,,0.34624477939,0.177912673519,0.286744828024,0.168332105872,0.917578259374,186718,-0.546712978692,0.248314473594,0.217537227857,0.326519921567,0.0307772457371,0.00387734040985,788,0.717595109009,-0.137554860134,-0.913700918964,
DAVIS,261,ordinary_cluster_resample_with_replacement,ok,67,64,64,40,68,,0.28746765648,0.167697368033,0.252677694516,0.119770288447,0.846813111209,172318,-0.409388424392,0.295132626074,0.259710538135,0.347927026142,0.0354220879387,0.0460612315101,9370,0.598464088303,-0.084348200508,-0.800751879699,
DAVIS,262,ordinary_cluster_resample_with_replacement,failed_constant_or_invalid_target,67,64,64,42,65,target correlation matrix contains a constant target,,,,,,,,,,,,,,,,,
DAVIS,263,ordinary_cluster_resample_with_replacement,ok,67,64,64,39,66,,0.32232616751,0.185560286855,0.265320050825,0.136765880654,0.94883286648,193078,-0.714722735458,0.27078064943,0.229603107621,0.326535758017,0.0411775418088,0.0468524251806,9534,0.57519430614,-0.0955883388454,-0.901980441299,
DAVIS,264,ordinary_cluster_resample_with_replacement,failed_constant_or_invalid_target,67,64,64,37,64,target correlation matrix contains a constant target,,,,,,,,,,,,,,,,,
DAVIS,265,ordinary_cluster_resample_with_replacement,ok,67,64,64,38,65,,0.329144084544,0.177504000203,0.28406755393,0.151640084341,0.854769276132,173937,-0.423001383095,0.242461802965,0.215424550504,0.313001698391,0.0270372524614,0.0061968647108,1258,0.72291409365,-0.12460283188,-0.848572411421,
DAVIS,266,ordinary_cluster_resample_with_replacement,ok,67,64,64,43,66,,0.294650824868,0.15619566462,0.248913579189,0.138455160248,0.899832915622,183107,-0.493294590285,0.267515182636,0.235190870117,0.338266834605,0.0323243125189,0.0164283257163,3343,0.686403006952,-0.106130847729,-0.883404589906,
DAVIS,267,ordinary_cluster_resample_with_replacement,ok,67,64,64,42,68,,0.262565608352,0.171643726027,0.247593683487,0.0909218823248,0.666750208855,135677,-0.197128811725,0.27574285934,0.248879624909,0.344154460311,0.026863234431,0.0181728831884,3695,0.718044808813,-0.0640586478938,-0.648577325667,
DAVIS,268,ordinary_cluster_resample_with_replacement,ok,67,64,64,40,65,,0.35041752376,0.186312864325,0.302406413712,0.164104659435,0.859830949924,174967,-0.413555363771,0.234662774999,0.211057443908,0.310890724242,0.0236053310917,0.00890461447737,1811,0.763552484577,-0.140499328343,-0.850926335446,
DAVIS,269,ordinary_cluster_resample_with_replacement,ok,67,64,64,38,67,,0.280461571277,0.153765184295,0.245127588495,0.126696386981,0.851820728291,173337,-0.386745325835,0.255278849924,0.207233956377,0.312245517058,0.0480448935468,0.0609808835815,12408,0.54247995901,-0.0786514934346,-0.79083984471,
DAVIS,270,ordinary_cluster_resample_with_replacement,failed_constant_or_invalid_target,67,64,64,42,67,target correlation matrix contains a constant target,,,,,,,,,,,,,,,,,
DAVIS,271,ordinary_cluster_resample_with_replacement,ok,67,64,64,38,67,,0.287194120379,0.165191320999,0.250792302133,0.122002799379,0.786520222124,160049,-0.425250011907,0.224084800059,0.199096301875,0.303431939618,0.0249884981836,0.000923878323259,187,0.760498917492,-0.0970143011957,-0.785596343801,
DAVIS,272,ordinary_cluster_resample_with_replacement,failed_constant_or_invalid_target,67,64,64,38,65,target correlation matrix contains a constant target,,,,,,,,,,,,,,,,,
DAVIS,273,ordinary_cluster_resample_with_replacement,failed_constant_or_invalid_target,67,64,64,36,65,target correlation matrix contains a constant target,,,,,,,,,,,,,,,,,
DAVIS,274,ordinary_cluster_resample_with_replacement,ok,67,64,64,40,67,,0.257993970309,0.159074544686,0.235607554722,0.0989194256226,0.768322767704,156346,-0.292506665778,0.272747463479,0.255273000265,0.351378204299,0.0174744632142,0.00767113863089,1561,0.81817360059,-0.0814449624084,-0.760651629073,
DAVIS,275,ordinary_cluster_resample_with_replacement,ok,67,64,64,39,68,,0.290480883022,0.165824279137,0.253187540108,0.124656603885,0.844120104182,171770,-0.426876727114,0.231742927357,0.231079524659,0.322250898604,0.000663402698947,3.93139712025e-05,3,0.992723563656,-0.123993201186,-0.844080790211,
DAVIS,276,ordinary_cluster_resample_with_replacement,ok,67,64,64,41,68,,0.254361586473,0.152593353571,0.233029072331,0.101768232902,0.765968843678,155867,-0.265211953969,0.272180777889,0.251703151871,0.335445157686,0.0204776260179,0.00443756449948,901,0.75546769129,-0.0812906068843,-0.761531279178,
DAVIS,277,ordinary_cluster_resample_with_replacement,ok,67,64,64,38,70,,0.245913196273,0.123467357613,0.20477655248,0.12244583866,0.866991006929,176424,-0.505928558999,0.256079021891,0.218590496415,0.323865563326,0.0374885254754,0.0384785493145,7829,0.643899295669,-0.0849573131844,-0.828512457615,
DAVIS,278,ordinary_cluster_resample_with_replacement,ok,67,64,64,43,67,,0.371329482852,0.203783155827,0.306548022242,0.167546327025,0.941343554966,191554,-0.630385294806,0.272880288653,0.246745165398,0.347022899801,0.0261351232554,0.00542041377955,1102,0.739372619345,-0.14141120377,-0.935923141186,
DAVIS,279,ordinary_cluster_resample_with_replacement,ok,67,64,64,40,66,,0.285975595392,0.163479531392,0.238960113106,0.122496064,0.914762396187,186145,-0.622881822296,0.275501508439,0.235588787353,0.323094823485,0.0399127210859,0.0689763624748,14035,0.543886080895,-0.0825833429139,-0.845786033712,
DAVIS,280,ordinary_cluster_resample_with_replacement,ok,67,64,64,38,69,,0.305704465398,0.195765323559,0.277427725021,0.109939141838,0.778406801317,158398,-0.346263884859,0.268151101906,0.244713838251,0.3519069658,0.0234372636551,0.00858518846135,1740,0.781354792131,-0.0865018781834,-0.769821612856,
DAVIS,281,ordinary_cluster_resample_with_replacement,ok,67,64,64,41,69,,0.27957049238,0.164285162665,0.256029428022,0.115285329714,0.735962455158,149761,-0.256594396027,0.244954522652,0.219243689283,0.324310741425,0.0257108333695,0.0046636198339,948,0.755291189337,-0.0895744963449,-0.731298835324,
DAVIS,282,ordinary_cluster_resample_with_replacement,ok,67,64,64,43,66,,0.293300033835,0.153777617672,0.257973912946,0.139522416164,0.820015725588,166865,-0.339034327433,0.238477598081,0.215041324326,0.320176671251,0.0234362737551,0.00370534178584,751,0.777084734673,-0.116086142409,-0.816310383803,
DAVIS,283,ordinary_cluster_resample_with_replacement,ok,67,64,64,34,67,,0.239997610236,0.141315221684,0.22668736613,0.0986823885522,0.657275541796,133749,-0.155908513161,0.239722255978,0.215628130996,0.312554199381,0.0240941249814,0.0117057349255,2382,0.751417493941,-0.0745882635708,-0.64556980687,
DAVIS,284,ordinary_cluster_resample_with_replacement,ok,67,64,64,43,65,,0.258640590627,0.170822330649,0.248192485396,0.0878182599775,0.613435549658,124827,-0.135040510965,0.254560077737,0.204387801582,0.317843062436,0.0501722761551,0.0458450046685,9326,0.557779200563,-0.0376459838225,-0.56759054499,
DAVIS,285,ordinary_cluster_resample_with_replacement,ok,67,64,64,43,68,,0.29511183916,0.173252999664,0.267545979305,0.121858839496,0.787011646764,160149,-0.29234265329,0.269888956588,0.247616312948,0.340529327715,0.0222726436399,0.00652120497322,1325,0.760284996717,-0.0995861958565,-0.780490441791,
DAVIS,286,ordinary_cluster_resample_with_replacement,ok,67,64,64,38,67,,0.278241839079,0.148601748042,0.239667056024,0.129640091037,0.834561894933,169824,-0.423594713617,0.253122343533,0.19934520656,0.312697100136,0.0537771369726,0.0867806771832,17658,0.525573545565,-0.0758629540646,-0.74778121775,
DAVIS,287,ordinary_cluster_resample_with_replacement,ok,67,64,64,42,65,,0.293562248499,0.173722994584,0.264096932125,0.119839253915,0.79169983783,161103,-0.326037762385,0.253633761142,0.216110291907,0.326355551691,0.0375234692344,0.0145953118089,2968,0.659636438718,-0.0823157846811,-0.777104526021,
DAVIS,288,ordinary_cluster_resample_with_replacement,ok,67,64,64,39,68,,0.331010937054,0.201181723076,0.29934252865,0.129829213978,0.771556341835,157004,-0.322617649872,0.265178867461,0.248476450835,0.339905294439,0.0167024166265,0.00240306648975,484,0.817317861977,-0.113126797351,-0.769153275345,
DAVIS,289,ordinary_cluster_resample_with_replacement,ok,67,64,64,40,67,,0.311804337988,0.176839985973,0.276653604051,0.134964352015,0.809627008698,164751,-0.35216370886,0.249384596996,0.224624694496,0.340105287956,0.0247599024998,0.00429013710747,872,0.785592524613,-0.110204449516,-0.805336871591,
DAVIS,290,ordinary_cluster_resample_with_replacement,failed_constant_or_invalid_target,67,64,64,39,68,target correlation matrix contains a constant target,,,,,,,,,,,,,,,,,
DAVIS,291,ordinary_cluster_resample_with_replacement,ok,67,64,64,40,66,,0.238491868854,0.123607725191,0.215213473839,0.114884143662,0.745997346307,151803,-0.254115002159,0.246280066265,0.217667704241,0.318195380639,0.0286123620237,0.0128704113224,2618,0.715378261499,-0.0862717816388,-0.733126934985,
DAVIS,292,ordinary_cluster_resample_with_replacement,ok,67,64,64,41,69,,0.282206293643,0.178932045781,0.260081785104,0.103274247862,0.756975772765,154036,-0.272638072823,0.278423232188,0.250511478907,0.335532006433,0.027911753281,0.0223499926286,4545,0.671705715158,-0.0753624945812,-0.734625780137,
DAVIS,293,ordinary_cluster_resample_with_replacement,ok,67,64,64,39,70,,0.236177871822,0.156045902739,0.234615470858,0.0801319690826,0.51851196619,105512,-0.0198855740305,0.240514754808,0.231379128427,0.315529939618,0.00913562638008,0.0014939309057,303,0.891437453177,-0.0709963427025,-0.517018035284,
DAVIS,294,ordinary_cluster_resample_with_replacement,ok,67,64,64,40,67,,0.325775205503,0.186275644891,0.297187168543,0.139499560613,0.757029829476,154048,-0.25775533523,0.242601418037,0.211755151529,0.313919148294,0.0308462665079,0.00860484544695,1748,0.698071067259,-0.108653294105,-0.748424984029,
DAVIS,295,ordinary_cluster_resample_with_replacement,ok,67,64,64,39,67,,0.306862163717,0.177629934776,0.262347515828,0.129232228941,0.885881370092,180267,-0.525447579314,0.281379713394,0.225969593121,0.330533107809,0.0554101202725,0.0693203597228,14106,0.470081696872,-0.0738221086685,-0.816561010369,
DAVIS,296,ordinary_cluster_resample_with_replacement,ok,67,64,64,43,68,,0.294469015719,0.179003130031,0.263070319228,0.115465885688,0.801277704064,163052,-0.37349525767,0.256073500517,0.227873070825,0.32828128808,0.0282004296921,0.00496830311072,1008,0.719142213028,-0.0872654559955,-0.796309400953,
DAVIS,297,ordinary_cluster_resample_with_replacement,ok,67,64,64,41,69,,0.228036932567,0.145394496519,0.220450176257,0.0826424360486,0.60264877881,122632,-0.101081708103,0.260871721951,0.235364736498,0.324407210533,0.0255069854525,0.00977443609023,1986,0.71354136631,-0.0571354505961,-0.59287434272,
DAVIS,298,ordinary_cluster_resample_with_replacement,ok,67,64,64,43,66,,0.316814299422,0.196465246896,0.285757630418,0.120349052527,0.806717774829,164159,-0.347808713118,0.245679528953,0.232655086731,0.333568745363,0.0130244422217,0.000992677772864,202,0.870934793187,-0.107324610305,-0.805725097056,
DAVIS,299,ordinary_cluster_resample_with_replacement,ok,67,64,64,40,70,,0.239467535708,0.150807838819,0.228435308781,0.0886596968882,0.62951496388,128100,-0.142117563957,0.259103633696,0.233719449646,0.334579950275,0.0253841840492,0.0046734483267,950,0.748323834495,-0.063275512839,-0.624841515554,
DAVIS,300,ordinary_cluster_resample_with_replacement,ok,67,64,64,43,68,,0.35880743605,0.219150972772,0.318347697037,0.139656463278,0.840414762396,171016,-0.407873740925,0.248774925603,0.211927215033,0.312276193853,0.0368477105702,0.0264484741265,5381,0.632804329417,-0.102808752707,-0.81396628827,
DAVIS,301,ordinary_cluster_resample_with_replacement,failed_constant_or_invalid_target,67,64,64,37,66,target correlation matrix contains a constant target,,,,,,,,,,,,,,,,,
DAVIS,302,ordinary_cluster_resample_with_replacement,ok,67,64,64,41,68,,0.242203689383,0.141241987956,0.228338925588,0.100961701427,0.654066538896,133095,-0.159187730039,0.255189477771,0.224072065331,0.323373367446,0.0311174124402,0.0207430340557,4218,0.686636410828,-0.0698442889869,-0.633323504841,
DAVIS,303,ordinary_cluster_resample_with_replacement,ok,67,64,64,41,66,,0.32350672738,0.189553108651,0.281568586883,0.133953618729,0.859251068849,174849,-0.455772673281,0.254717340163,0.224223577907,0.336765458108,0.0304937622556,0.0110079119367,2239,0.729045203429,-0.103459856473,-0.848243156912,
DAVIS,304,ordinary_cluster_resample_with_replacement,ok,67,64,64,42,67,,0.303672355401,0.164815142829,0.268177597367,0.138857212572,0.822359821121,167342,-0.343400881806,0.237045745283,0.222566521538,0.327189066916,0.0144792237443,0.000697822988845,140,0.861605128301,-0.124377988828,-0.821661998133,
DAVIS,305,ordinary_cluster_resample_with_replacement,ok,67,64,64,42,68,,0.23077673571,0.132878348191,0.21959073412,0.0978983875189,0.596510885056,121384,-0.129001197119,0.265242773241,0.231817624841,0.331193485802,0.0334251484001,0.0375202712664,7634,0.66364921947,-0.0644732391188,-0.558990613789,
DAVIS,306,ordinary_cluster_resample_with_replacement,ok,67,64,64,41,68,,0.289080188512,0.171524077996,0.248013071358,0.117556110516,0.866288269694,176281,-0.53690230908,0.270810260819,0.245056282924,0.337100587226,0.0257539778945,0.00497813160352,1006,0.720200200437,-0.0918021326213,-0.86131013809,
DAVIS,307,ordinary_cluster_resample_with_replacement,ok,67,64,64,44,68,,0.318211833045,0.191837265344,0.272364422938,0.126374567701,0.882701852671,179621,-0.569340971138,0.265342910332,0.234136333921,0.332394032586,0.0312065764113,0.0156322177994,3178,0.682400699025,-0.0951679912898,-0.867069634871,
DAVIS,308,ordinary_cluster_resample_with_replacement,ok,67,64,64,41,68,,0.327577731461,0.197670641617,0.289461647572,0.129907089844,0.872834045899,177613,-0.415248569209,0.26260499083,0.23983110669,0.339228499447,0.0227738841395,0.00674726030763,1366,0.770880467707,-0.107133205705,-0.866086785591,
DAVIS,309,ordinary_cluster_resample_with_replacement,ok,67,64,64,43,68,,0.292464422397,0.173270629731,0.251907257906,0.119193792665,0.903911740135,183937,-0.515754113971,0.278336810036,0.247928879831,0.356540338669,0.0304079302055,0.0107425426311,2185,0.720030183457,-0.0887858624599,-0.893169197504,
DAVIS,310,ordinary_cluster_resample_with_replacement,ok,67,64,64,41,66,,0.276646597599,0.156431406265,0.246769404268,0.120215191334,0.854494078333,173881,-0.330726759407,0.267804062804,0.239471928593,0.339625679197,0.028332134211,0.00486018968991,987,0.717113597442,-0.0918830571225,-0.849633888643,
DAVIS,311,ordinary_cluster_resample_with_replacement,ok,67,64,64,40,70,,0.257299964865,0.152759506324,0.238412877088,0.104540458541,0.73123495012,148798,-0.220506065411,0.266430538659,0.253507076003,0.345452489196,0.012923462656,0.00127770406408,258,0.85944418316,-0.0916169958852,-0.729957246056,
DAVIS,312,ordinary_cluster_resample_with_replacement,ok,67,64,64,37,64,,0.285126603004,0.135122314062,0.247142885365,0.150004288942,0.798972922502,162583,-0.339078056804,0.229402276152,0.192796619474,0.296290815226,0.0366056566774,0.0318492309204,6480,0.64630232245,-0.113398632265,-0.767123691582,
DAVIS,313,ordinary_cluster_resample_with_replacement,ok,67,64,64,41,67,,0.271644073307,0.148994481438,0.2425219315,0.122649591869,0.780367585631,158797,-0.311375342608,0.254752629432,0.231844509529,0.336112569847,0.0229081199028,0.00720919946926,1460,0.780295904297,-0.099741471966,-0.773158386161,
DAVIS,314,ordinary_cluster_resample_with_replacement,ok,67,64,64,37,67,,0.277232079695,0.159728165365,0.246789762326,0.11750391433,0.816497125166,166149,-0.349664127835,0.248910102642,0.213985247029,0.317131297318,0.0349248556129,0.0210133176077,4275,0.661403849055,-0.0825790587173,-0.795483807558,
DAVIS,315,ordinary_cluster_resample_with_replacement,ok,67,64,64,43,67,,0.351589182138,0.2035569451,0.303422492605,0.148032237038,0.871290972529,177299,-0.482315380395,0.242100646835,0.233712591395,0.325834111022,0.0083880554403,0.000216226841614,39,0.908945754758,-0.139644181598,-0.871074745688,
DAVIS,316,ordinary_cluster_resample_with_replacement,ok,67,64,64,38,65,,0.331903947123,0.193117809951,0.28906734339,0.138786137172,0.862366701066,175483,-0.44644931766,0.273741617693,0.258979990104,0.364232105639,0.0147616275887,0.00106147722247,211,0.859749825324,-0.124024509583,-0.861305223844,
DAVIS,317,ordinary_cluster_resample_with_replacement,ok,67,64,64,40,67,,0.319220118845,0.205954436089,0.28222313559,0.113265682756,0.866189984766,176260,-0.485087375255,0.253407103217,0.213514285858,0.309815385384,0.0398928173589,0.0225711337166,4588,0.585749097825,-0.0733728653972,-0.843618851049,
DAVIS,318,ordinary_cluster_resample_with_replacement,ok,67,64,64,44,68,,0.313473208415,0.190846434169,0.270540615099,0.122626774246,0.898063786918,182747,-0.538716789794,0.259592021442,0.232242509585,0.326861652266,0.027349511857,0.00867364489656,1764,0.71095159941,-0.0952772623886,-0.889390142022,
DAVIS,319,ordinary_cluster_resample_with_replacement,ok,67,64,64,39,65,,0.302443475994,0.170972933154,0.262238300496,0.13147054284,0.855186987076,174022,-0.440530473604,0.270235064711,0.218136088719,0.326680217483,0.0520989759915,0.086741363212,17650,0.520020321826,-0.0793715668486,-0.768445623864,
DAVIS,320,ordinary_cluster_resample_with_replacement,ok,67,64,64,44,66,,0.311581188696,0.170601559749,0.2659153992,0.140979628947,0.894171703769,181955,-0.479109746895,0.261518918941,0.229049032063,0.333807378879,0.0324698868781,0.0136419480073,2773,0.69004964411,-0.108509742069,-0.880529755762,
DAVIS,321,ordinary_cluster_resample_with_replacement,failed_constant_or_invalid_target,67,64,64,38,64,target correlation matrix contains a constant target,,,,,,,,,,,,,,,,,
DAVIS,322,ordinary_cluster_resample_with_replacement,ok,67,64,64,36,67,,0.305048966492,0.174797507408,0.263948421756,0.130251459084,0.880446213573,179162,-0.461022133496,0.296167050321,0.26227663472,0.353684048201,0.0338904156018,0.0463560862942,9430,0.629237779399,-0.0963610434821,-0.834090127279,
DAVIS,323,ordinary_cluster_resample_with_replacement,failed_constant_or_invalid_target,67,64,64,40,67,target correlation matrix contains a constant target,,,,,,,,,,,,,,,,,
DAVIS,324,ordinary_cluster_resample_with_replacement,ok,67,64,64,37,68,,0.271312052379,0.126914079604,0.224865157387,0.144397972775,0.848302127869,172621,-0.474184624039,0.2564445694,0.190875236525,0.295791407977,0.0655693328751,0.185748685439,37797,0.375031208562,-0.0788286398999,-0.66255344243,
DAVIS,325,ordinary_cluster_resample_with_replacement,ok,67,64,64,35,66,,0.275688995681,0.17769698018,0.264288456886,0.0979920155014,0.654828247088,133250,-0.131658902573,0.271307865304,0.243805130994,0.337923843372,0.0275027343097,0.0116369354759,2368,0.707786755525,-0.0704892811916,-0.643191311612,
DAVIS,326,ordinary_cluster_resample_with_replacement,ok,67,64,64,36,69,,0.285030775541,0.140700263485,0.236871946404,0.144330512056,0.906329549364,184429,-0.50075893107,0.238511470081,0.215773094951,0.32300376518,0.0227383751292,0.00186249938572,379,0.787948960119,-0.121592136927,-0.904467049978,
DAVIS,327,ordinary_cluster_resample_with_replacement,ok,67,64,64,43,67,,0.275054445891,0.170700995369,0.242916483376,0.104353450522,0.838891346012,170705,-0.445028669085,0.271077866118,0.24482734272,0.336136113467,0.0262505233986,0.00883090078137,1796,0.71250819408,-0.0781029271236,-0.830060445231,
DAVIS,328,ordinary_cluster_resample_with_replacement,ok,67,64,64,38,66,,0.29593358438,0.168767081589,0.262384928507,0.127166502791,0.795881861517,161953,-0.358357481796,0.263324514153,0.184684858608,0.300134915213,0.0786396555453,0.205803724999,41878,0.318842641942,-0.0485268472462,-0.590078136518,
DAVIS,329,ordinary_cluster_resample_with_replacement,ok,67,64,64,43,70,,0.310173462458,0.174437063917,0.263257039698,0.13573639854,0.901651186791,183477,-0.528219269911,0.262375928431,0.252114955445,0.351616437664,0.0102609729867,0.000638852032041,125,0.896876179553,-0.125475425554,-0.901012334758,
DAVIS,330,ordinary_cluster_resample_with_replacement,ok,67,64,64,42,68,,0.30016719385,0.158302071234,0.262278950093,0.141865122616,0.829053024719,168704,-0.364391047058,0.255437327167,0.230527500231,0.330731833067,0.0249098269364,0.00851147476534,1729,0.751409682282,-0.11695529568,-0.820541549953,
DAVIS,331,ordinary_cluster_resample_with_replacement,ok,67,64,64,38,67,,0.279969896211,0.17352544491,0.251969175465,0.106444451301,0.805435156519,163898,-0.356952946377,0.274403201838,0.249169286728,0.345926143587,0.0252339151097,0.00805444985012,1638,0.739202823151,-0.0812105361917,-0.797380706669,
DAVIS,332,ordinary_cluster_resample_with_replacement,ok,67,64,64,40,69,,0.258193926459,0.155749953885,0.240192761505,0.102443972574,0.69545432208,141518,-0.213175822317,0.243781196735,0.228838527924,0.33143894502,0.0149426688111,0.000515995872033,103,0.85436054517,-0.0875013037628,-0.694938326208,
DAVIS,333,ordinary_cluster_resample_with_replacement,ok,67,64,64,39,71,,0.245413210055,0.135037129718,0.225168559443,0.110376080337,0.704904417908,143441,-0.224612553839,0.251055724742,0.233526909294,0.335512534165,0.0175288154483,0.00216718266254,440,0.828124645307,-0.0928472648888,-0.702737235245,
DAVIS,334,ordinary_cluster_resample_with_replacement,ok,67,64,64,42,66,,0.271671992392,0.183402945218,0.270138039755,0.088269047174,0.515111307681,104820,-0.017685489889,0.285009686577,0.247229138804,0.351906708838,0.0377805477729,0.0217848542926,4433,0.639076950674,-0.050488499401,-0.493326453388,
DAVIS,335,ordinary_cluster_resample_with_replacement,ok,67,64,64,42,67,,0.286812369979,0.176540394687,0.266080282099,0.110271975292,0.720305666126,146575,-0.231540249598,0.272051355504,0.207802893006,0.318248356117,0.0642484624984,0.119381787803,24293,0.418278843798,-0.0460235127937,-0.600923878323,
DAVIS,336,ordinary_cluster_resample_with_replacement,ok,67,64,64,40,66,,0.289084871928,0.167339712859,0.265757955613,0.121745159068,0.714315199764,145356,-0.237018215954,0.244443801466,0.221317342187,0.321500919365,0.0231264592793,0.00362671384343,736,0.769159178273,-0.0986186997892,-0.710688485921,
DAVIS,337,ordinary_cluster_resample_with_replacement,ok,67,64,64,43,67,,0.274815423898,0.163365437959,0.242810514701,0.111449985939,0.824954543221,167870,-0.402855790554,0.246321199612,0.22274124411,0.320618619042,0.0235799555018,0.00366602781463,744,0.75908676016,-0.087870030437,-0.821288515406,
DAVIS,338,ordinary_cluster_resample_with_replacement,ok,67,64,64,43,67,,0.297191959124,0.178229101678,0.266315279176,0.118962857445,0.808555702983,164532,-0.350528094478,0.278056665557,0.23178671192,0.337736861611,0.0462699536375,0.0408963585434,8321,0.563285622793,-0.072692903808,-0.76765934444,
DAVIS,339,ordinary_cluster_resample_with_replacement,ok,67,64,64,41,70,,0.262984336967,0.153624132186,0.236677379457,0.10936020478,0.818669222075,166591,-0.316748090826,0.256475006369,0.255879987349,0.348164944182,0.000595019019925,2.94854784019e-05,5,0.993552372561,-0.10876518576,-0.818639736596,
DAVIS,340,ordinary_cluster_resample_with_replacement,ok,67,64,64,44,67,,0.278178019,0.135676537875,0.246445690973,0.142501481125,0.793046341344,161377,-0.286472606668,0.24526715151,0.220029894424,0.329541014905,0.0252372570861,0.00455550641309,926,0.769546170515,-0.117264224039,-0.78849083493,
DAVIS,341,ordinary_cluster_resample_with_replacement,ok,67,64,64,38,66,,0.283339466678,0.158828643893,0.25053045442,0.124510822785,0.818816649467,166621,-0.357779329208,0.240238226847,0.235169238042,0.334918096708,0.00506898880484,0.000230969580815,47,0.949182488175,-0.11944183398,-0.818585679886,
DAVIS,342,ordinary_cluster_resample_with_replacement,ok,67,64,64,46,67,,0.295992909976,0.174862781043,0.265185480983,0.121130128933,0.830994152047,169099,-0.341081799078,0.238982620684,0.22665254746,0.319953933071,0.0123300732244,0.000437367929628,86,0.867846836961,-0.108800055709,-0.830556784117,
DAVIS,343,ordinary_cluster_resample_with_replacement,ok,67,64,64,43,66,,0.319631033074,0.184763246302,0.273343301454,0.134867786772,0.884107327141,179907,-0.52255252653,0.282532727719,0.250374843374,0.35064482444,0.0321578843454,0.0301636444051,6131,0.679287020867,-0.102709902426,-0.853943682736,
DAVIS,344,ordinary_cluster_resample_with_replacement,ok,67,64,64,37,66,,0.319723456429,0.15170068878,0.256237977003,0.168022767648,0.924065064622,188038,-0.607299849702,0.206828574217,0.196236532477,0.302759880257,0.0105920417396,0.000501253132832,97,0.900566007732,-0.157430725909,-0.92356381149,
DAVIS,345,ordinary_cluster_resample_with_replacement,ok,67,64,64,41,70,,0.310522822622,0.163734670403,0.264816262179,0.146788152219,0.863005553098,175613,-0.452174917715,0.243706740851,0.219877026382,0.323943803932,0.023829714469,0.0031647746818,641,0.7710151594,-0.12295843775,-0.859840778417,
DAVIS,346,ordinary_cluster_resample_with_replacement,ok,67,64,64,37,65,,0.341066249958,0.175367931327,0.283800421006,0.165698318631,0.906413091552,184445,-0.528124265356,0.212829214836,0.197249994256,0.311254121675,0.0155792205807,0.000442282176028,87,0.863345117993,-0.15011909805,-0.905970809376,
DAVIS,347,ordinary_cluster_resample_with_replacement,ok,67,64,64,40,64,,0.316916844294,0.185855004906,0.286357656311,0.131061839388,0.790048651039,160766,-0.304063500382,0.271413838247,0.240969689816,0.339179260684,0.0304441484305,0.0173276328075,3523,0.690008334609,-0.100617690957,-0.772721018232,
DAVIS,348,ordinary_cluster_resample_with_replacement,ok,67,64,64,42,69,,0.293579640355,0.194202274484,0.270601425342,0.0993773658717,0.733372647305,149234,-0.300765319445,0.256815539143,0.2467124091,0.329282809167,0.0101031300435,0.0015971300801,320,0.877642229718,-0.0892742358282,-0.731775517224,
DAVIS,349,ordinary_cluster_resample_with_replacement,ok,67,64,64,38,67,,0.278285634566,0.169017438876,0.25229313651,0.109268195689,0.783217848543,159377,-0.312125851781,0.280834360396,0.235185985287,0.331934753011,0.0456483751086,0.0486461251167,9896,0.528176159936,-0.0636198205808,-0.734571723426,
DAVIS,350,ordinary_cluster_resample_with_replacement,ok,67,64,64,39,67,,0.320272876461,0.191586865779,0.268496475948,0.128686010681,0.892687601356,181653,-0.673211064254,0.266355144968,0.241722048362,0.338448486197,0.0246330966052,0.00246203744656,499,0.745332329436,-0.104052914076,-0.89022556391,
DAVIS,351,ordinary_cluster_resample_with_replacement,failed_constant_or_invalid_target,67,64,64,43,66,target correlation matrix contains a constant target,,,,,,,,,,,,,,,,,
DAVIS,352,ordinary_cluster_resample_with_replacement,ok,67,64,64,43,66,,0.301840612962,0.179078097692,0.268485057611,0.12276251527,0.793498452012,161469,-0.373075601507,0.27290991715,0.220160332031,0.332810657648,0.0527495851192,0.0622438449064,12665,0.531740500258,-0.070012930151,-0.731254607106,
DAVIS,353,ordinary_cluster_resample_with_replacement,ok,67,64,64,44,65,,0.313916408733,0.183250510991,0.2790827104,0.130665897743,0.825878421544,168058,-0.363486370431,0.255666666018,0.232316637177,0.320862021763,0.0233500288404,0.0031352892034,636,0.736293100429,-0.107315868903,-0.822743132341,
DAVIS,354,ordinary_cluster_resample_with_replacement,ok,67,64,64,38,68,,0.328020729648,0.181289375689,0.279310459333,0.146731353959,0.878976853899,178863,-0.496936664073,0.253649005197,0.221055401639,0.316436426265,0.032593603558,0.0214605140302,4366,0.658280001857,-0.114137750401,-0.857516339869,
DAVIS,355,ordinary_cluster_resample_with_replacement,ok,67,64,64,38,65,,0.291689231674,0.156555049674,0.257436646883,0.135134182,0.837657870166,170455,-0.339532538528,0.26762141569,0.215488685145,0.327196512595,0.0521327305448,0.0435205661212,8855,0.533311749633,-0.0830014514553,-0.794137304044,
DAVIS,356,ordinary_cluster_resample_with_replacement,ok,67,64,64,38,65,,0.28297483538,0.166999597611,0.248354745694,0.115975237769,0.794859698265,161746,-0.425542703836,0.2383310271,0.207964606669,0.304490226959,0.0303664204313,0.0225318197454,4578,0.685405591385,-0.0856088173381,-0.77232787852,
DAVIS,357,ordinary_cluster_resample_with_replacement,failed_constant_or_invalid_target,67,64,64,40,65,target correlation matrix contains a constant target,,,,,,,,,,,,,,,,,
DAVIS,358,ordinary_cluster_resample_with_replacement,ok,67,64,64,38,68,,0.28463106531,0.182633590523,0.263135511147,0.101997474788,0.748321784854,152276,-0.267019146829,0.252192893001,0.231330342963,0.325255752879,0.0208625500382,0.00247186593936,498,0.777881724904,-0.0811349247493,-0.745849918915,
DAVIS,359,ordinary_cluster_resample_with_replacement,ok,67,64,64,41,68,,0.295034789066,0.202185631278,0.279325172055,0.0928491577881,0.708884957492,144251,-0.203651938453,0.29023877112,0.265636402117,0.348261970332,0.0246023690027,0.0160548429898,3266,0.702242664902,-0.0682467887854,-0.692830114502,
DAVIS,360,ordinary_cluster_resample_with_replacement,ok,67,64,64,42,71,,0.293677073309,0.146853769733,0.232308748576,0.146823303576,0.915661703278,186328,-0.718136328213,0.244672409505,0.210756509967,0.307648551477,0.0339158995381,0.0250773993808,5102,0.649961967883,-0.112907404038,-0.890584303897,
DAVIS,361,ordinary_cluster_resample_with_replacement,ok,67,64,64,45,71,,0.303634648445,0.190269487111,0.273655566325,0.113365161334,0.814546169345,165752,-0.359521426155,0.257728728239,0.248000032287,0.345802602125,0.00972869595187,0.000245712320016,47,0.900527195062,-0.103636465382,-0.814300457025,
DAVIS,362,ordinary_cluster_resample_with_replacement,failed_constant_or_invalid_target,67,64,64,40,65,target correlation matrix contains a constant target,,,,,,,,,,,,,,,,,
DAVIS,363,ordinary_cluster_resample_with_replacement,ok,67,64,64,46,67,,0.311157305256,0.175930693185,0.27683521342,0.135226612071,0.822959359182,167464,-0.340144244834,0.255772306306,0.222917082669,0.334493732729,0.0328552236374,0.00573001130277,1165,0.705536744294,-0.102371388433,-0.81722934788,
DAVIS,364,ordinary_cluster_resample_with_replacement,ok,67,64,64,38,67,,0.263471540064,0.145001774772,0.230131062695,0.118469765292,0.848002358838,172560,-0.391645204395,0.244277840618,0.213787662022,0.319940922906,0.0304901785967,0.0078087375301,1586,0.712772096281,-0.0879795866957,-0.840193621308,
DAVIS,365,ordinary_cluster_resample_with_replacement,ok,67,64,64,41,66,,0.268428395295,0.175383722159,0.251863325962,0.0930446731353,0.703823283699,143221,-0.216594601811,0.235987022918,0.22251347023,0.314931248571,0.0134735526878,0.00061919504644,125,0.854210381057,-0.0795711204474,-0.703204088653,
DAVIS,366,ordinary_cluster_resample_with_replacement,ok,67,64,64,42,69,,0.303270877561,0.182727099575,0.25625702279,0.120543777986,0.91138630891,185458,-0.639383977502,0.25169002016,0.21900890307,0.313341447901,0.0326811170901,0.0169639785739,3452,0.653554166819,-0.0878626608955,-0.894422330336,
DAVIS,367,ordinary_cluster_resample_with_replacement,ok,67,64,64,44,68,,0.264606410712,0.159432230099,0.236656434781,0.105174180613,0.797110423117,162204,-0.361932842773,0.236927775478,0.227376177352,0.32214415078,0.00955159812596,0.000358739987223,71,0.89921069555,-0.0956225824869,-0.796751683129,
DAVIS,368,ordinary_cluster_resample_with_replacement,failed_constant_or_invalid_target,67,64,64,38,66,target correlation matrix contains a constant target,,,,,,,,,,,,,,,,,
DAVIS,369,ordinary_cluster_resample_with_replacement,failed_constant_or_invalid_target,67,64,64,42,70,target correlation matrix contains a constant target,,,,,,,,,,,,,,,,,
DAVIS,370,ordinary_cluster_resample_with_replacement,ok,67,64,64,40,64,,0.293794100672,0.170782058136,0.28237196173,0.123012042536,0.6006142808,122219,-0.102358175546,0.244900853355,0.224968007783,0.314694176567,0.0199328455719,0.00894884269497,1816,0.777848025362,-0.103079196964,-0.591665438105,
DAVIS,371,ordinary_cluster_resample_with_replacement,failed_constant_or_invalid_target,67,64,64,45,68,target correlation matrix contains a constant target,,,,,,,,,,,,,,,,,
DAVIS,372,ordinary_cluster_resample_with_replacement,failed_constant_or_invalid_target,67,64,64,39,66,target correlation matrix contains a constant target,,,,,,,,,,,,,,,,,
DAVIS,373,ordinary_cluster_resample_with_replacement,ok,67,64,64,44,67,,0.333194611388,0.1861421288,0.274794030392,0.147052482588,0.938734090127,191023,-0.65876286855,0.267143849474,0.248259546664,0.343039632435,0.0188843028101,0.00343505823382,684,0.800756639366,-0.128168179778,-0.935299031893,
DAVIS,374,ordinary_cluster_resample_with_replacement,failed_constant_or_invalid_target,67,64,64,41,66,target correlation matrix contains a constant target,,,,,,,,,,,,,,,,,
DAVIS,375,ordinary_cluster_resample_with_replacement,ok,67,64,64,37,69,,0.274804848798,0.159607338877,0.235691306821,0.115197509921,0.847373335299,172432,-0.514083886968,0.228173336581,0.212044597711,0.297753461466,0.0161287388695,0.00252100840336,508,0.811819476271,-0.0990687710517,-0.844852326896,
DAVIS,376,ordinary_cluster_resample_with_replacement,ok,67,64,64,43,68,,0.263422669499,0.157128539933,0.228743376366,0.106294129566,0.862789326257,175569,-0.484247327231,0.246106447203,0.238810206141,0.326243418564,0.00729624106122,0.000285026291218,53,0.916550692133,-0.0989978885051,-0.862504299966,
DAVIS,377,ordinary_cluster_resample_with_replacement,ok,67,64,64,43,65,,0.335739315444,0.191293070109,0.282491758431,0.144446245335,0.93026684358,189300,-0.583863189181,0.267853557415,0.224275834012,0.336141389255,0.0435777234025,0.0165610103691,3363,0.610445562908,-0.100868521932,-0.91370583321,
DAVIS,378,ordinary_cluster_resample_with_replacement,ok,67,64,64,35,67,,0.352031484747,0.188269021549,0.291652381439,0.163762463198,0.926487788098,188531,-0.584031157159,0.258058726644,0.226139541502,0.330389917374,0.0319191851415,0.0118728193032,2415,0.693821869949,-0.131843278056,-0.914614968795,
DAVIS,379,ordinary_cluster_resample_with_replacement,ok,67,64,64,39,67,,0.31779709035,0.163620576384,0.264480272716,0.154176513966,0.92140645732,187497,-0.528623618486,0.249558408628,0.203550185059,0.311959448373,0.0460082235684,0.0503169688928,10236,0.575606159823,-0.108168290398,-0.871089488427,
DAVIS,380,ordinary_cluster_resample_with_replacement,ok,67,64,64,41,67,,0.307145779276,0.194071628956,0.277710628911,0.113074150319,0.818418595508,166540,-0.351930921946,0.266205403756,0.250140890546,0.346790030746,0.0160645132104,0.0015774730945,319,0.833785244472,-0.097009637109,-0.816841122414,
DAVIS,381,ordinary_cluster_resample_with_replacement,ok,67,64,64,38,68,,0.286175802175,0.169575146635,0.262880437902,0.11660065554,0.747279964617,152064,-0.249668201629,0.258855222289,0.216770504909,0.323692457132,0.0420847173804,0.0223205071502,4539,0.606397783567,-0.0745159381597,-0.724959457467,
DAVIS,382,ordinary_cluster_resample_with_replacement,failed_constant_or_invalid_target,67,64,64,39,65,target correlation matrix contains a constant target,,,,,,,,,,,,,,,,,
DAVIS,383,ordinary_cluster_resample_with_replacement,ok,67,64,64,41,65,,0.310706026277,0.180322879627,0.274413648418,0.13038314665,0.8335839599,169626,-0.38571666834,0.239232090287,0.177781888524,0.288860074446,0.0614502017635,0.114064573198,23210,0.446784251532,-0.0689329448866,-0.719519386702,
DAVIS,384,ordinary_cluster_resample_with_replacement,ok,67,64,64,40,68,,0.291959587187,0.163499515047,0.242211376233,0.128460072141,0.934247383164,190110,-0.632029407059,0.273475871754,0.240104475998,0.329421721293,0.0333713957558,0.0102118040199,2067,0.626372313144,-0.0950886763847,-0.924035579144,
DAVIS,385,ordinary_cluster_resample_with_replacement,ok,67,64,64,45,67,,0.267262082277,0.167627793022,0.243895508431,0.0996342892543,0.75971300801,154594,-0.306375688863,0.258931054938,0.240569982396,0.33203369173,0.0183610725426,0.00514030173473,1035,0.799252920353,-0.0812732167117,-0.754572706275,
DAVIS,386,ordinary_cluster_resample_with_replacement,ok,67,64,64,43,66,,0.262787313967,0.154293371323,0.237260381706,0.108493942645,0.728080003931,148157,-0.307675691135,0.247799221172,0.21639044859,0.320912547323,0.0314087725816,0.0210624600717,4279,0.699501129786,-0.077085170063,-0.70701754386,
DAVIS,387,ordinary_cluster_resample_with_replacement,ok,67,64,64,44,65,,0.279969075637,0.171139872347,0.254997121767,0.10882920329,0.737908496732,150157,-0.297791235011,0.248252694283,0.201676504555,0.311077956032,0.0465761897276,0.0695316723181,14146,0.574263512059,-0.0622530135628,-0.668376824414,
DAVIS,388,ordinary_cluster_resample_with_replacement,ok,67,64,64,37,68,,0.244095272686,0.143589050348,0.224887400412,0.100506222338,0.742178976854,151026,-0.236263986406,0.26125374514,0.236394340285,0.327786261968,0.0248594048552,0.00579389650597,1177,0.727991222885,-0.075646817483,-0.736385080348,
DAVIS,389,ordinary_cluster_resample_with_replacement,ok,67,64,64,44,68,,0.291665897798,0.16315713356,0.252730954515,0.128508764238,0.836920733206,170305,-0.434668777872,0.246695177659,0.196469957209,0.308323671215,0.05022522045,0.0602928890855,12268,0.550974047698,-0.0782835437878,-0.77662784412,
DAVIS,390,ordinary_cluster_resample_with_replacement,ok,67,64,64,41,68,,0.263780805965,0.155804461858,0.23500058428,0.107976344107,0.793144626272,161395,-0.363404429481,0.280373558191,0.234750135415,0.336138997137,0.0456234227767,0.072293478795,14708,0.550015435606,-0.0623529213303,-0.720851147477,
DAVIS,391,ordinary_cluster_resample_with_replacement,ok,67,64,64,39,67,,0.295280719875,0.176918985508,0.262628594375,0.118361734367,0.818251511131,166506,-0.380962250701,0.221891105591,0.209799007576,0.306192110023,0.0120920980153,0.000648680524842,131,0.874554322785,-0.106269636352,-0.817602830606,
DAVIS,392,ordinary_cluster_resample_with_replacement,ok,67,64,64,44,67,,0.284741037636,0.16247680205,0.25986136973,0.122264235586,0.721200058971,146756,-0.255478547557,0.245807520651,0.2261501058,0.316133504857,0.0196574148514,0.00430979409308,874,0.781543984141,-0.102606820734,-0.716890264878,
DAVIS,393,ordinary_cluster_resample_with_replacement,ok,67,64,64,39,68,,0.256417504526,0.147682387353,0.237777304481,0.108735117173,0.700216226842,142486,-0.206895135032,0.253579215387,0.211680092991,0.306571761104,0.0418991223968,0.0599390633446,12196,0.558453094675,-0.0668359947758,-0.640277163497,
DAVIS,394,ordinary_cluster_resample_with_replacement,ok,67,64,64,40,67,,0.346293834462,0.179748157138,0.271958298923,0.166545677325,0.960661457565,195485,-0.806153575957,0.2530901713,0.215390017546,0.334442856495,0.0377001537545,0.00747948302128,1522,0.683332593434,-0.12884552357,-0.953181974544,
DAVIS,395,ordinary_cluster_resample_with_replacement,ok,67,64,64,39,68,,0.275945209923,0.173772011418,0.257432271535,0.102173198505,0.694397759104,141302,-0.221287124398,0.236796285084,0.231260293894,0.329471589604,0.00553599119088,0.000127770406408,24,0.943631828184,-0.0966372073139,-0.694269988697,
DAVIS,396,ordinary_cluster_resample_with_replacement,ok,67,64,64,40,67,,0.301469481667,0.172397778855,0.259194634018,0.129071702812,0.860813799204,175167,-0.48705506173,0.252310371563,0.217964687842,0.327802956396,0.034345683721,0.00960243746621,1953,0.68730676318,-0.0947260190914,-0.851211361738,
DAVIS,397,ordinary_cluster_resample_with_replacement,ok,67,64,64,45,68,,0.349749102734,0.210425103151,0.317088697624,0.139323999582,0.792972627648,161362,-0.306200117026,0.248981905927,0.227824727483,0.322591947233,0.0211571784437,0.00170032925451,345,0.776745814644,-0.118166821139,-0.791272298393,
DAVIS,398,ordinary_cluster_resample_with_replacement,failed_constant_or_invalid_target,67,64,64,37,64,target correlation matrix contains a constant target,,,,,,,,,,,,,,,,,
DAVIS,399,ordinary_cluster_resample_with_replacement,ok,67,64,64,37,67,,0.324786692625,0.198708063791,0.281484690716,0.126078628834,0.875124084722,178079,-0.523118705339,0.248480465722,0.226391245757,0.324480417974,0.0220892199648,0.00205415499533,417,0.774804706111,-0.10398940887,-0.873069929726,
DAVIS,400,ordinary_cluster_resample_with_replacement,ok,67,64,64,42,69,,0.326095143106,0.1797608874,0.264779598221,0.146334255706,0.932591282127,189773,-0.721200595651,0.250986957974,0.243314819391,0.334051754451,0.0076721385834,0.000181827116812,26,0.915446355133,-0.138662117123,-0.93240945501,
DAVIS,401,ordinary_cluster_resample_with_replacement,ok,67,64,64,44,67,,0.275177679489,0.183573616396,0.260960044018,0.0916040630933,0.677743378053,137914,-0.183722597198,0.251483298276,0.235536983112,0.326612148165,0.0159463151641,0.00127770406408,255,0.824910389623,-0.0756577479292,-0.676465673989,
DAVIS,402,ordinary_cluster_resample_with_replacement,ok,67,64,64,39,69,,0.351826001775,0.184274535385,0.291313586786,0.16755146639,0.941490982358,191584,-0.565330262145,0.249125964703,0.245721873738,0.339302658712,0.0034040909656,9.3370681606e-05,19,0.963624039203,-0.164147375425,-0.941397611676,
DAVIS,403,ordinary_cluster_resample_with_replacement,ok,67,64,64,43,65,,0.301994287986,0.150817270895,0.242481748442,0.151177017091,0.915145707406,186223,-0.649243208892,0.260594624926,0.194359612119,0.311676656309,0.0662350128067,0.0761757334513,15498,0.435418670288,-0.0849420042841,-0.838969973954,
DAVIS,404,ordinary_cluster_resample_with_replacement,ok,67,64,64,43,65,,0.322386536588,0.18673943389,0.284626465976,0.135647102698,0.825785050862,168039,-0.3857515118,0.262810282833,0.252670485772,0.339802086676,0.0101397970605,0.00102707749767,204,0.883626641135,-0.125507305638,-0.824757973365,
DAVIS,405,ordinary_cluster_resample_with_replacement,failed_constant_or_invalid_target,67,64,64,41,66,target correlation matrix contains a constant target,,,,,,,,,,,,,,,,,
DAVIS,406,ordinary_cluster_resample_with_replacement,failed_constant_or_invalid_target,67,64,64,40,65,target correlation matrix contains a constant target,,,,,,,,,,,,,,,,,
DAVIS,407,ordinary_cluster_resample_with_replacement,ok,67,64,64,42,67,,0.248262573798,0.147918574362,0.23111396631,0.100343999436,0.661388766033,134586,-0.206124487021,0.249065249857,0.222704462503,0.324306209603,0.0263607873542,0.0077497665733,1574,0.740547893057,-0.0739832120816,-0.653638999459,
DAVIS,408,ordinary_cluster_resample_with_replacement,ok,67,64,64,42,67,,0.294488921431,0.151685643392,0.240405319284,0.142803278039,0.926949727259,188624,-0.60960098877,0.260175540756,0.218490431105,0.325015446187,0.0416851096511,0.0203744655757,4145,0.608682433711,-0.101118168388,-0.906575261684,
DAVIS,409,ordinary_cluster_resample_with_replacement,ok,67,64,64,41,66,,0.309886135857,0.171933353506,0.267801866804,0.137952782352,0.878637770898,178794,-0.438979051678,0.263492775534,0.225007010096,0.327586462905,0.0384857654382,0.0280652611922,5710,0.624819938259,-0.0994670169134,-0.850572509706,
DAVIS,410,ordinary_cluster_resample_with_replacement,ok,67,64,64,34,68,,0.323880471183,0.177809920803,0.287659142372,0.14607055038,0.812280701754,165290,-0.329736781868,0.255090367092,0.231901251858,0.329977642413,0.0231891152344,0.00634920634921,1289,0.763560678538,-0.122881435146,-0.805931495405,
DAVIS,411,ordinary_cluster_resample_with_replacement,failed_constant_or_invalid_target,67,64,64,36,66,target correlation matrix contains a constant target,,,,,,,,,,,,,,,,,
DAVIS,412,ordinary_cluster_resample_with_replacement,ok,67,64,64,42,71,,0.312788753662,0.183663317073,0.280940247246,0.129125436589,0.835515258735,170019,-0.327400405823,0.266635916969,0.240238801652,0.335905875844,0.0263971153174,0.00662931839402,1346,0.724073140731,-0.102728321271,-0.828885940341,
DAVIS,413,ordinary_cluster_resample_with_replacement,ok,67,64,64,43,68,,0.294327255922,0.185688572561,0.266196654915,0.108638683361,0.786333480761,160011,-0.349413377947,0.24262868553,0.24262868553,0.329611439145,0,3.93139712025e-05,1,1,-0.108638683361,-0.78629416679,
DAVIS,414,ordinary_cluster_resample_with_replacement,ok,67,64,64,42,67,,0.303868950474,0.181999304604,0.267654487667,0.12186964587,0.839884023785,170908,-0.422793595345,0.268257583505,0.233237504467,0.339947425304,0.0350200790376,0.0166838665291,3394,0.671819838654,-0.0868495668323,-0.823200157256,
DAVIS,415,ordinary_cluster_resample_with_replacement,ok,67,64,64,41,67,,0.307662357307,0.173257862334,0.272101865762,0.134404494973,0.831932773109,169290,-0.359763772329,0.274614947051,0.20893307526,0.327949399493,0.065681871791,0.0828541943093,16859,0.448127202599,-0.0687226231818,-0.7490785788,
DAVIS,416,ordinary_cluster_resample_with_replacement,ok,67,64,64,36,67,,0.294408653502,0.141888925341,0.241194165074,0.152519728161,0.94378102118,192050,-0.535867881396,0.261551879721,0.250058726591,0.353856649903,0.0114931531301,0.000599538060838,121,0.889273766148,-0.141026575031,-0.94318148312,
DAVIS,417,ordinary_cluster_resample_with_replacement,ok,67,64,64,40,64,,0.341627331784,0.181971637982,0.286357423412,0.159655693803,0.89889429456,182916,-0.529477343533,0.250270959615,0.219235657551,0.328765316055,0.0310353020638,0.0114452798663,2326,0.716649330531,-0.128620391739,-0.887449014694,
DAVIS,418,ordinary_cluster_resample_with_replacement,ok,67,64,64,42,68,,0.268260893669,0.162701861669,0.244977918445,0.105559032,0.761855619441,155030,-0.282986036726,0.249737949221,0.222515236864,0.32092422129,0.027222712357,0.0115140793159,2340,0.723371676726,-0.0783363196431,-0.750341540125,
DAVIS,419,ordinary_cluster_resample_with_replacement,failed_constant_or_invalid_target,67,64,64,42,67,target correlation matrix contains a constant target,,,,,,,,,,,,,,,,,
DAVIS,420,ordinary_cluster_resample_with_replacement,failed_constant_or_invalid_target,67,64,64,40,65,target correlation matrix contains a constant target,,,,,,,,,,,,,,,,,
DAVIS,421,ordinary_cluster_resample_with_replacement,ok,67,64,64,39,67,,0.289408343956,0.17331996565,0.256984024743,0.116088378306,0.833529903189,169615,-0.387553742489,0.229271364507,0.204832157345,0.304315342066,0.0244392071623,0.00408373875866,828,0.754338311236,-0.0916491711437,-0.829446164431,
DAVIS,422,ordinary_cluster_resample_with_replacement,ok,67,64,64,40,65,,0.276863948273,0.147464098275,0.228929639459,0.129399849997,0.897921273773,182718,-0.588399808268,0.26615267506,0.228217325768,0.31193250377,0.0379353492913,0.0764263600177,15549,0.546852193391,-0.0914645007061,-0.821494913755,
DAVIS,423,ordinary_cluster_resample_with_replacement,failed_constant_or_invalid_target,67,64,64,41,66,target correlation matrix contains a constant target,,,,,,,,,,,,,,,,,
DAVIS,424,ordinary_cluster_resample_with_replacement,failed_constant_or_invalid_target,67,64,64,40,64,target correlation matrix contains a constant target,,,,,,,,,,,,,,,,,
DAVIS,425,ordinary_cluster_resample_with_replacement,failed_constant_or_invalid_target,67,64,64,42,66,target correlation matrix contains a constant target,,,,,,,,,,,,,,,,,
DAVIS,426,ordinary_cluster_resample_with_replacement,ok,67,64,64,41,68,,0.283635095022,0.167213956869,0.255599412741,0.116421138153,0.779591134699,158639,-0.317197914573,0.239546984773,0.239546984773,0.340753295905,0,7.8627942405e-05,1,1,-0.116421138153,-0.779512506757,
DAVIS,427,ordinary_cluster_resample_with_replacement,ok,67,64,64,40,68,,0.287935744201,0.169739348157,0.258163436686,0.118196396045,0.797439677625,162271,-0.336699060293,0.24235769329,0.217434051629,0.328357470949,0.0249236416603,0.00352351466903,716,0.775307668901,-0.0932727543843,-0.793916162956,
DAVIS,428,ordinary_cluster_resample_with_replacement,ok,67,64,64,39,67,,0.284315830956,0.16857946615,0.256404377699,0.115736364806,0.778190574475,158354,-0.317807929036,0.245350318037,0.226689532579,0.344778329002,0.0186607854587,0.00107621996167,212,0.841976664816,-0.0970755793472,-0.777114354514,
DAVIS,429,ordinary_cluster_resample_with_replacement,ok,67,64,64,42,66,,0.32667538134,0.217098924872,0.313588179246,0.109576456467,0.646405228758,131537,-0.135633777865,0.269551517028,0.211204340431,0.322082461204,0.0583471765977,0.109980834439,22379,0.473771956175,-0.0512292798697,-0.536424394319,
DAVIS,430,ordinary_cluster_resample_with_replacement,ok,67,64,64,40,65,,0.307841989277,0.164925930328,0.26897373152,0.142916058949,0.828581257064,168608,-0.373561548749,0.262504368871,0.212851533109,0.323208163815,0.0496528357622,0.0548233328419,11155,0.550069303091,-0.0932632231868,-0.773757924222,
DAVIS,431,ordinary_cluster_resample_with_replacement,ok,67,64,64,40,67,,0.292353063682,0.166993927577,0.260808847473,0.125359136105,0.782937736498,159320,-0.336238801285,0.235085663784,0.216102601653,0.31962176706,0.0189830621307,0.0015479876161,306,0.816622728206,-0.106376073975,-0.781389748882,
DAVIS,432,ordinary_cluster_resample_with_replacement,failed_constant_or_invalid_target,67,64,64,38,67,target correlation matrix contains a constant target,,,,,,,,,,,,,,,,,
DAVIS,433,ordinary_cluster_resample_with_replacement,ok,67,64,64,39,68,,0.306581800633,0.169865093891,0.257657752724,0.136716706742,0.89150818222,181413,-0.557268096891,0.239122273709,0.200606817405,0.311901422355,0.0385154563045,0.00877684407096,1785,0.653932404703,-0.0982012504374,-0.882731338149,
DAVIS,434,ordinary_cluster_resample_with_replacement,ok,67,64,64,37,67,,0.320396683673,0.173132281133,0.26165862859,0.14726440254,0.943510737628,191995,-0.663509302832,0.226764398347,0.210577095175,0.307137315901,0.0161873031728,0.00136124625289,266,0.832360540903,-0.131077099367,-0.942149491375,
DAVIS,435,ordinary_cluster_resample_with_replacement,ok,67,64,64,37,68,,0.281402484531,0.168383987142,0.245738937669,0.11301849739,0.867502088555,176528,-0.461037679163,0.275680197366,0.242076628467,0.328274011226,0.0336035688995,0.0155879895818,3171,0.610155577539,-0.0794149284901,-0.851914098973,
DAVIS,436,ordinary_cluster_resample_with_replacement,ok,67,64,64,38,66,,0.285955248938,0.158473852256,0.254888126683,0.127481396682,0.782986878962,159330,-0.322225338939,0.239578348609,0.205742722505,0.301039063104,0.0338356261038,0.0501154847904,10195,0.644943070311,-0.0936457705783,-0.732871394172,
DAVIS,437,ordinary_cluster_resample_with_replacement,ok,67,64,64,37,67,,0.25345565194,0.135005574356,0.223311851952,0.118450077584,0.8254607106,167973,-0.341355120034,0.238882694416,0.191231868352,0.29300754536,0.047650826064,0.0542434517667,11037,0.531805363871,-0.0707992515201,-0.771217258833,
DAVIS,438,ordinary_cluster_resample_with_replacement,ok,67,64,64,43,65,,0.31684970629,0.184561651195,0.279264075271,0.132288055095,0.817863285665,166426,-0.396881403886,0.235342870575,0.206515340339,0.312549203895,0.0288275302364,0.0142464003145,2898,0.728129021527,-0.103460524858,-0.803616885351,
DAVIS,439,ordinary_cluster_resample_with_replacement,ok,67,64,64,39,70,,0.289688186978,0.18415466933,0.261677873746,0.105533517648,0.812998181729,165437,-0.361315214492,0.245423218451,0.241328431494,0.32910563919,0.00409478695666,5.40567104035e-05,9,0.95335022537,-0.101438730691,-0.812944125018,
DAVIS,440,ordinary_cluster_resample_with_replacement,ok,67,64,64,40,67,,0.329497965739,0.1958511168,0.286913520632,0.133646848939,0.892540173964,181623,-0.467640247956,0.277332446123,0.256616778078,0.359363739168,0.0207156680449,0.00574475404197,1169,0.798381695914,-0.112931180894,-0.886795419922,
DAVIS,441,ordinary_cluster_resample_with_replacement,ok,67,64,64,39,68,,0.272621266355,0.149642185882,0.235728379092,0.122979080473,0.834925549167,169899,-0.428557540854,0.250136370721,0.202894504311,0.313918015981,0.04724186641,0.0297361049683,6050,0.574487730578,-0.0757372140629,-0.805189444199,
DAVIS,442,ordinary_cluster_resample_with_replacement,ok,67,64,64,43,68,,0.323625025196,0.186523803679,0.273973597354,0.137101221517,0.91014300457,185205,-0.567770668805,0.259099778753,0.225711607157,0.329554680616,0.0333881715956,0.0167035235147,3398,0.678474736124,-0.103713049922,-0.893439481056,
DAVIS,443,ordinary_cluster_resample_with_replacement,ok,67,64,64,41,68,,0.283805502288,0.154100584274,0.23742782775,0.129704918014,0.847574819401,172473,-0.556572767835,0.236650140881,0.204631389305,0.306732321605,0.0320187515759,0.0179615705931,3652,0.686400987195,-0.097686166438,-0.829613248808,
DAVIS,444,ordinary_cluster_resample_with_replacement,failed_constant_or_invalid_target,67,64,64,41,66,target correlation matrix contains a constant target,,,,,,,,,,,,,,,,,
DAVIS,445,ordinary_cluster_resample_with_replacement,ok,67,64,64,39,68,,0.262252387011,0.147522839146,0.235561836851,0.114729547865,0.7926286304,161292,-0.303167356,0.24479445787,0.216144344658,0.329145863619,0.0286501132114,0.00429013710747,872,0.746462583204,-0.0860794346539,-0.788338493292,
DAVIS,446,ordinary_cluster_resample_with_replacement,ok,67,64,64,41,69,,0.256490335507,0.166294140531,0.246595533169,0.0901961949757,0.619991154356,126162,-0.123220806166,0.255853143659,0.236247822297,0.331589385106,0.0196053213619,0.00362671384343,736,0.79436752677,-0.0705908736138,-0.616364440513,
DAVIS,447,ordinary_cluster_resample_with_replacement,ok,67,64,64,42,66,,0.299287438538,0.174861868918,0.257894251952,0.12442556962,0.843451766672,171634,-0.49851859086,0.249732645365,0.231680444976,0.326137067387,0.0180522003887,0.00111553393287,224,0.80888369785,-0.106373369231,-0.842336232739,
DAVIS,448,ordinary_cluster_resample_with_replacement,ok,67,64,64,42,64,,0.326920458016,0.182399215411,0.293589206874,0.144521242605,0.78745392894,160238,-0.299768447719,0.253973692256,0.220789771708,0.322910001418,0.0331839205485,0.0320408865301,6517,0.675050470973,-0.111337322056,-0.75541304241,
DAVIS,449,ordinary_cluster_resample_with_replacement,ok,67,64,64,38,67,,0.303538092275,0.19500832808,0.28214368413,0.108529764194,0.736925647452,149956,-0.245530736484,0.264369276315,0.241999954766,0.339149346044,0.0223693215494,0.0062066932036,1256,0.769743060095,-0.0861604426451,-0.730718954248,
DAVIS,450,ordinary_cluster_resample_with_replacement,failed_constant_or_invalid_target,67,64,64,42,66,target correlation matrix contains a constant target,,,,,,,,,,,,,,,,,
DAVIS,451,ordinary_cluster_resample_with_replacement,ok,67,64,64,40,66,,0.321704629891,0.188285835434,0.290689147273,0.133418794457,0.772209936606,157136,-0.302875776789,0.252536926415,0.229063427527,0.327130624913,0.023473498888,0.0094353530886,1913,0.76063862827,-0.109945295569,-0.762774583518,
DAVIS,452,ordinary_cluster_resample_with_replacement,ok,67,64,64,43,68,,0.305450566502,0.186455718725,0.270620033263,0.118994847776,0.829234851835,168740,-0.413839682895,0.266235770372,0.253425300021,0.341033937422,0.0128104703507,0.00141530296329,285,0.853776171725,-0.106184377426,-0.827819548872,
DAVIS,453,ordinary_cluster_resample_with_replacement,ok,67,64,64,42,66,,0.281348015654,0.16592849959,0.245522455312,0.115419516064,0.839107572854,170750,-0.450104031363,0.23396992384,0.21730750745,0.31546714191,0.0166624163906,0.0016020443265,323,0.830251849629,-0.0987570996738,-0.837505528527,
DAVIS,454,ordinary_cluster_resample_with_replacement,ok,67,64,64,38,67,,0.323180395188,0.185050455806,0.269905622771,0.138129939381,0.939608825987,191201,-0.627831802372,0.259717394987,0.248209146325,0.350443038964,0.0115082486618,0.00031451176962,63,0.887432158116,-0.12662169072,-0.939294314217,
DAVIS,455,ordinary_cluster_resample_with_replacement,failed_constant_or_invalid_target,67,64,64,39,68,target correlation matrix contains a constant target,,,,,,,,,,,,,,,,,
DAVIS,456,ordinary_cluster_resample_with_replacement,ok,67,64,64,44,68,,0.313530018097,0.197825712895,0.289699444489,0.115704305202,0.723647353678,147255,-0.259383974015,0.254551869951,0.254201709447,0.347791972062,0.000350160503871,3.93139712025e-05,3,0.996258579749,-0.115354144698,-0.723608039707,
DAVIS,457,ordinary_cluster_resample_with_replacement,ok,67,64,64,36,67,,0.294744498736,0.160916704136,0.252706802967,0.1338277946,0.843771192688,171699,-0.457976364613,0.232309952386,0.184623597303,0.292307230724,0.0476863550835,0.0438940488476,8931,0.557162462221,-0.0861414395167,-0.79987714384,
DAVIS,458,ordinary_cluster_resample_with_replacement,ok,67,64,64,44,67,,0.317433323325,0.170776049257,0.271347672424,0.146657274068,0.863084181041,175629,-0.458237119485,0.256563434125,0.197561521551,0.322254302662,0.0590019125739,0.0554916703524,11291,0.526821745023,-0.0876553614937,-0.807592510688,
DAVIS,459,ordinary_cluster_resample_with_replacement,failed_constant_or_invalid_target,67,64,64,40,66,target correlation matrix contains a constant target,,,,,,,,,,,,,,,,,
DAVIS,460,ordinary_cluster_resample_with_replacement,ok,67,64,64,41,69,,0.313383970655,0.19439277028,0.291595305414,0.118991200375,0.717887856897,146083,-0.224157376256,0.276499476096,0.251160893646,0.345705315561,0.0253385824491,0.0106884859207,2173,0.731992835368,-0.0936526179264,-0.707199370976,
DAVIS,461,ordinary_cluster_resample_with_replacement,ok,67,64,64,44,67,,0.234008275401,0.123523571545,0.20596718599,0.110484703856,0.750828050518,152786,-0.340124454763,0.235702619333,0.193459457647,0.303036113114,0.0422431616854,0.0324340262421,6599,0.614487579446,-0.0682415421705,-0.718394024276,
DAVIS,462,ordinary_cluster_resample_with_replacement,ok,67,64,64,40,64,,0.30241286212,0.157407831775,0.257187950063,0.145005030344,0.857968450538,174588,-0.453245725022,0.256666572484,0.232722189334,0.322706713346,0.0239443831503,0.0164037544842,3337,0.733905541944,-0.121060647194,-0.841564696054,
DAVIS,463,ordinary_cluster_resample_with_replacement,ok,67,64,64,41,67,,0.358739998231,0.197717454132,0.317455625927,0.161022544099,0.842080691926,171355,-0.344788730991,0.271094170993,0.227407857041,0.340479324402,0.0436863139519,0.0157403312202,3202,0.613639807005,-0.117336230148,-0.826340360706,
DAVIS,464,ordinary_cluster_resample_with_replacement,failed_constant_or_invalid_target,67,64,64,40,66,target correlation matrix contains a constant target,,,,,,,,,,,,,,,,,
DAVIS,465,ordinary_cluster_resample_with_replacement,ok,67,64,64,43,66,,0.300174019877,0.17989949517,0.26866872738,0.120274524707,0.798422526905,162471,-0.354912301406,0.272539222986,0.248488970937,0.343860054944,0.0240502520492,0.0145903975625,2962,0.747824486848,-0.0962242726579,-0.783832129343,
DAVIS,466,ordinary_cluster_resample_with_replacement,ok,67,64,64,41,66,,0.275398758714,0.181734851599,0.256964748192,0.0936639071154,0.716457811195,145792,-0.245035701979,0.287290629799,0.236242867814,0.341020434579,0.0510477619852,0.086741363212,17648,0.512798745368,-0.0426161451302,-0.629716447983,
DAVIS,467,ordinary_cluster_resample_with_replacement,ok,67,64,64,35,69,,0.287238203793,0.148085738902,0.234149856578,0.139152464891,0.952140154307,193751,-0.616846470376,0.252240911985,0.220873287526,0.321918539091,0.0313676244586,0.00676691729323,1374,0.689568545055,-0.107784840432,-0.945373237014,
DAVIS,468,ordinary_cluster_resample_with_replacement,ok,67,64,64,41,68,,0.273334662178,0.165254000487,0.24782846764,0.108080661691,0.77706521205,158125,-0.308887182906,0.281169796079,0.263150217644,0.355903328272,0.0180195784346,0.00599538060838,1213,0.805725346431,-0.0900610832564,-0.771069831441,
DAVIS,469,ordinary_cluster_resample_with_replacement,ok,67,64,64,42,66,,0.254552611473,0.146110985116,0.226674692809,0.108441626357,0.799164578112,162622,-0.346035695996,0.236274255648,0.203021753318,0.298600910408,0.0332525023301,0.0119661899848,2428,0.652094626668,-0.0751891240267,-0.787198388127,
DAVIS,470,ordinary_cluster_resample_with_replacement,failed_constant_or_invalid_target,67,64,64,39,65,target correlation matrix contains a constant target,,,,,,,,,,,,,,,,,
DAVIS,471,ordinary_cluster_resample_with_replacement,ok,67,64,64,42,68,,0.265288572556,0.166449011732,0.244907482483,0.0988395608234,0.726414074402,147818,-0.259769147655,0.265450281877,0.239471346912,0.350413764137,0.0259789349645,0.00599046636198,1216,0.765834064063,-0.072860625859,-0.72042360804,
DAVIS,472,ordinary_cluster_resample_with_replacement,ok,67,64,64,35,66,,0.261444677136,0.141217114884,0.236370700951,0.120227562252,0.773148557669,157328,-0.263510575079,0.276593222275,0.209678693241,0.32036941538,0.0669145290341,0.177306010123,36077,0.395482044554,-0.0533130332176,-0.595842547545,
DAVIS,473,ordinary_cluster_resample_with_replacement,failed_constant_or_invalid_target,67,64,64,36,64,target correlation matrix contains a constant target,,,,,,,,,,,,,,,,,
DAVIS,474,ordinary_cluster_resample_with_replacement,failed_constant_or_invalid_target,67,64,64,47,68,target correlation matrix contains a constant target,,,,,,,,,,,,,,,,,
DAVIS,475,ordinary_cluster_resample_with_replacement,ok,67,64,64,43,67,,0.295161904668,0.171930550234,0.25224914657,0.123231354434,0.870430979409,177123,-0.534281723726,0.258191187581,0.214463154665,0.313040158809,0.0437280329164,0.0505430242272,10282,0.556407366039,-0.0795033215177,-0.819887955182,
DAVIS,476,ordinary_cluster_resample_with_replacement,ok,67,64,64,42,67,,0.303939473041,0.185111953179,0.265897853277,0.118827519861,0.870013268465,177039,-0.470894298608,0.238344520264,0.206931026191,0.316486543646,0.0314134940731,0.00398545383066,810,0.713264153163,-0.0874140257884,-0.866027814635,
DAVIS,477,ordinary_cluster_resample_with_replacement,ok,67,64,64,42,69,,0.311435368175,0.183054791445,0.261128765209,0.12838057673,0.913184923092,185824,-0.644345363016,0.280518336011,0.238271664541,0.325056982873,0.0422466714703,0.0481841859551,9804,0.51320485674,-0.0861339052595,-0.865000737137,
DAVIS,478,ordinary_cluster_resample_with_replacement,ok,67,64,64,42,67,,0.313222078172,0.164884008775,0.265662096079,0.148338069397,0.883586417023,179801,-0.471927810554,0.237700407707,0.220283624582,0.333859289746,0.0174167831247,0.00109587694727,223,0.84665039734,-0.130921286272,-0.882490540076,
DAVIS,479,ordinary_cluster_resample_with_replacement,ok,67,64,64,48,67,,0.325598618556,0.182621785867,0.271236024882,0.142976832689,0.910280603469,185233,-0.613474699753,0.2455050527,0.226063775264,0.327894872576,0.0194412774359,0.0014890166593,302,0.809083099867,-0.123535555253,-0.90879158681,
DAVIS,480,ordinary_cluster_resample_with_replacement,ok,67,64,64,43,66,,0.326077900032,0.191477665909,0.29666299377,0.134600234124,0.747132537225,152034,-0.279648377395,0.265091767152,0.23280417505,0.339491244436,0.0322875921028,0.0204727505037,4159,0.697361711325,-0.102312642021,-0.726659786722,
DAVIS,481,ordinary_cluster_resample_with_replacement,ok,67,64,64,42,67,,0.260110620766,0.14888142926,0.236703758459,0.111229191506,0.739495798319,150480,-0.266525182394,0.25748556116,0.234047787588,0.333198052257,0.0234377735718,0.00493390338592,1003,0.76361360557,-0.0877914179346,-0.734561894933,
DAVIS,482,ordinary_cluster_resample_with_replacement,ok,67,64,64,35,65,,0.286244904817,0.160855264536,0.244791888578,0.125389640281,0.860238832375,175050,-0.493860894596,0.223542390252,0.217006554519,0.307987465226,0.00653583573356,9.3370681606e-05,17,0.928162559786,-0.118853804548,-0.860145461693,
DAVIS,483,ordinary_cluster_resample_with_replacement,ok,67,64,64,39,68,,0.297706222005,0.169177400301,0.255210253326,0.128528821704,0.843869477616,171719,-0.493950475717,0.255473656988,0.219343034576,0.313439714109,0.0361306224114,0.0264091601553,5371,0.616026595295,-0.0923981992922,-0.81746031746,
DAVIS,484,ordinary_cluster_resample_with_replacement,ok,67,64,64,41,66,,0.298258349035,0.193887236425,0.277053900764,0.10437111261,0.70128261831,142704,-0.254963313003,0.245909885397,0.228801653719,0.329899744617,0.0171082316773,0.00117941913608,238,0.830775917474,-0.0872628809329,-0.700103199174,
DAVIS,485,ordinary_cluster_resample_with_replacement,ok,67,64,64,39,68,,0.258807234042,0.136146056935,0.227100302267,0.122661177107,0.788549805887,160462,-0.348603098845,0.226335855314,0.204004321143,0.30452962638,0.022331534171,0.00800530738611,1629,0.777851615389,-0.100329642936,-0.780544498501,
DAVIS,486,ordinary_cluster_resample_with_replacement,failed_constant_or_invalid_target,67,64,64,39,64,target correlation matrix contains a constant target,,,,,,,,,,,,,,,,,
DAVIS,487,ordinary_cluster_resample_with_replacement,ok,67,64,64,40,65,,0.34926238879,0.200970812542,0.31340002582,0.148291576247,0.79354268023,161478,-0.318977265112,0.257795365873,0.209353300971,0.320798104902,0.0484420649018,0.0592363261094,12054,0.56532684169,-0.0998495113456,-0.734306354121,
DAVIS,488,ordinary_cluster_resample_with_replacement,ok,67,64,64,40,66,,0.319868056939,0.199500470996,0.275146588415,0.120367585942,0.894093075827,181939,-0.591193177513,0.237704618148,0.230386575142,0.325598604749,0.00731804300564,0.000452110668829,90,0.923139512561,-0.113049542937,-0.893640965158,
DAVIS,489,ordinary_cluster_resample_with_replacement,ok,67,64,64,45,67,,0.334734346324,0.21212869763,0.29326634037,0.122605648694,0.877772863531,178618,-0.511082212335,0.255412671937,0.213375973318,0.314133100547,0.042036698619,0.027411666421,5573,0.582791810617,-0.0805689500748,-0.85036119711,
DAVIS,490,ordinary_cluster_resample_with_replacement,ok,67,64,64,39,67,,0.298439407637,0.147106312674,0.260585230489,0.151333094963,0.827048012187,168295,-0.333578940273,0.235667013737,0.20664384422,0.323114866057,0.0290231695172,0.00239815224335,487,0.7508120985,-0.122309925446,-0.824649859944,
DAVIS,491,ordinary_cluster_resample_with_replacement,ok,67,64,64,41,68,,0.322366944133,0.180933645631,0.274123896853,0.141433298501,0.883851786329,179855,-0.517683412658,0.234193724401,0.210872057642,0.32235364853,0.0233216667587,0.00179369993611,364,0.790802530059,-0.118111631743,-0.882058086392,
DAVIS,492,ordinary_cluster_resample_with_replacement,ok,67,64,64,41,68,,0.271038145671,0.159990049214,0.233327467965,0.111048096457,0.876151162219,178288,-0.514207867526,0.250875572474,0.23350267789,0.323794748205,0.0173728945839,0.00113027667207,229,0.807592244554,-0.0936752018731,-0.875020885547,
DAVIS,493,ordinary_cluster_resample_with_replacement,ok,67,64,64,40,66,,0.316739473835,0.204277590416,0.280102502393,0.112461883419,0.879242223205,178916,-0.483178555542,0.265748099985,0.217923068402,0.31423396864,0.0478250315839,0.0514079315937,10460,0.503430749112,-0.064636851835,-0.827834291611,
DAVIS,494,ordinary_cluster_resample_with_replacement,ok,67,64,64,39,69,,0.281646050532,0.159756619642,0.252096625697,0.121889430889,0.798697724704,162527,-0.320006745686,0.259174356146,0.211282619244,0.320537125652,0.0478917369018,0.0339525283798,6906,0.561649780165,-0.0739976939874,-0.764745196324,
DAVIS,495,ordinary_cluster_resample_with_replacement,ok,67,64,64,41,66,,0.266352880522,0.156261833229,0.242695256877,0.110091047293,0.726826871099,147902,-0.273709204683,0.256141376208,0.209154809572,0.331854920532,0.0469865666355,0.0289743967763,5893,0.61706174291,-0.0631044806579,-0.697852474323,
DAVIS,496,ordinary_cluster_resample_with_replacement,failed_constant_or_invalid_target,67,64,64,43,66,target correlation matrix contains a constant target,,,,,,,,,,,,,,,,,
DAVIS,497,ordinary_cluster_resample_with_replacement,ok,67,64,64,41,66,,0.279228172954,0.16924149967,0.252472453854,0.109986673284,0.781129293823,158952,-0.321463563181,0.256796658337,0.235501858799,0.343980866238,0.0212947995376,0.0047275050371,957,0.803696585724,-0.0886918737461,-0.776401788786,
DAVIS,498,ordinary_cluster_resample_with_replacement,ok,67,64,64,35,67,,0.272642776783,0.14461079693,0.217511455935,0.128031979853,0.935721657084,190410,-0.756252708816,0.220405519725,0.185862223203,0.272881647214,0.0345432965213,0.0230281586319,4683,0.603039241939,-0.0934886833318,-0.912693498452,
DAVIS,499,ordinary_cluster_resample_with_replacement,ok,67,64,64,39,67,,0.296952581295,0.180466164343,0.275543022388,0.116486416952,0.717096663227,145921,-0.225181598842,0.268373422656,0.226468836146,0.326587170602,0.0419045865101,0.0165266106443,3360,0.581449424444,-0.0745818304417,-0.700570052582,
PKIS2,0,ordinary_cluster_resample_with_replacement,ok,644,338,338,221,613,,0.408433342716,0.293192800399,0.354940190251,0.115240542317,0.975202712664,198444,-0.866322488972,0.397380377409,0.361047959664,0.42263783975,0.036332417745,0.0828148803381,16849,0.410091110841,-0.0789081245721,-0.892387832326,
PKIS2,1,ordinary_cluster_resample_with_replacement,ok,644,338,338,211,691,,0.422809315505,0.301725520307,0.365963710431,0.121083795199,0.979728733599,199365,-0.884919157359,0.409781266176,0.381920971272,0.441437999993,0.0278602949046,0.0460071747997,9359,0.531893720111,-0.093223500294,-0.933721558799,
PKIS2,2,ordinary_cluster_resample_with_replacement,ok,644,338,338,219,617,,0.410476264927,0.289116558982,0.355888853025,0.121359705944,0.974504889675,198302,-0.817515897646,0.397585423287,0.360922319633,0.430403173748,0.0366631036545,0.0905990466362,18435,0.472327965435,-0.0846966022898,-0.883905843039,
PKIS2,3,ordinary_cluster_resample_with_replacement,ok,644,338,338,221,693,,0.399657027744,0.299370701268,0.353708512419,0.100286326476,0.969359673694,197255,-0.845608506347,0.400348647859,0.375572422352,0.434351580544,0.0247762255072,0.0188657919308,3836,0.578486214008,-0.0755101009692,-0.950493881763,
PKIS2,4,ordinary_cluster_resample_with_replacement,ok,644,338,338,221,645,,0.431902567583,0.311794766109,0.367940428811,0.120107801474,0.992722001081,202009,-1.13921780765,0.415792527834,0.384374413677,0.440290915731,0.0314181141566,0.093812963782,19089,0.438124471268,-0.0886896873177,-0.898909037299,
PKIS2,5,ordinary_cluster_resample_with_replacement,ok,644,338,338,218,627,,0.397116108781,0.282983456742,0.340726361823,0.114132652039,0.991596638655,201780,-0.976565811488,0.416074874373,0.390294782066,0.447425204053,0.0257800923074,0.0512555899553,10429,0.548750185789,-0.0883525597313,-0.9403410487,
PKIS2,6,ordinary_cluster_resample_with_replacement,ok,644,338,338,214,650,,0.428465571851,0.305101307757,0.360483954984,0.123364264094,0.994859698265,202444,-1.2274894804,0.418192116869,0.381268917462,0.439113629715,0.0369231994068,0.125642537717,25564,0.361684102689,-0.0864410646871,-0.869217160548,
PKIS2,7,ordinary_cluster_resample_with_replacement,ok,644,338,338,214,715,,0.407802886173,0.287644099159,0.354782971633,0.120158787014,0.974873458155,198377,-0.789705167624,0.400083051801,0.362327606388,0.421224248829,0.0377554454124,0.13954985503,28396,0.35895419759,-0.0824033416019,-0.835323603125,
PKIS2,8,ordinary_cluster_resample_with_replacement,ok,644,338,338,218,623,,0.397223311939,0.298307049853,0.350611100131,0.0989162620858,0.988176323161,201084,-0.891177864065,0.414915449654,0.401543477514,0.450166587185,0.01337197214,0.0108653987911,2204,0.724987310958,-0.0855442899458,-0.97731092437,
PKIS2,9,ordinary_cluster_resample_with_replacement,ok,644,338,338,214,637,,0.436873650856,0.32553181893,0.376132852345,0.111341831926,0.996751683129,202829,-1.200386522,0.427341595933,0.394351315301,0.449073763286,0.0329902806317,0.127023440955,25845,0.397134414733,-0.0783515512944,-0.869728242174,
PKIS2,10,ordinary_cluster_resample_with_replacement,ok,644,338,338,213,641,,0.441859686663,0.315927258514,0.376562892281,0.125932428149,0.992943142169,202054,-1.07687164008,0.413355322963,0.382252024948,0.438468100802,0.0311032980146,0.091247727161,18565,0.4467187981,-0.0948291301346,-0.901695415008,
PKIS2,11,ordinary_cluster_resample_with_replacement,ok,644,338,338,216,652,,0.431904286237,0.313435204058,0.371051143126,0.118469082179,0.983827215097,200199,-1.05618591131,0.41472293993,0.381943702869,0.447451457502,0.0327792370615,0.0446557570397,9080,0.499612874155,-0.0856898451172,-0.939171458057,
PKIS2,12,ordinary_cluster_resample_with_replacement,ok,644,338,338,201,676,,0.421033000224,0.307005027104,0.359800304953,0.11402797312,0.987979753305,201044,-1.1598138653,0.408329588899,0.372861216989,0.430665459525,0.0354683719098,0.123627696693,25150,0.386405385595,-0.0785596012103,-0.864352056612,
PKIS2,13,ordinary_cluster_resample_with_replacement,ok,644,338,338,208,595,,0.40977650934,0.286280592552,0.344791762043,0.123495916788,0.988348321785,201119,-1.11063832532,0.378764499856,0.353571697301,0.415772752734,0.0251928025555,0.0261978475601,5328,0.59497789258,-0.0983031142327,-0.962150474225,
PKIS2,14,ordinary_cluster_resample_with_replacement,ok,644,338,338,214,659,,0.431031747996,0.314532785636,0.365006057249,0.116498962361,0.991316526611,201723,-1.30813178219,0.397305000642,0.374992670507,0.424013634051,0.022312330135,0.0599538060838,12193,0.544841053251,-0.0941866322256,-0.931362720527,
PKIS2,15,ordinary_cluster_resample_with_replacement,ok,644,338,338,212,657,,0.414962941174,0.297774532907,0.359866257669,0.117188408267,0.977546808197,198921,-0.887343421617,0.398325107407,0.385004243174,0.439938896325,0.0133208642336,0.00362671384343,735,0.757514365354,-0.103867544033,-0.973920094354,
PKIS2,16,ordinary_cluster_resample_with_replacement,ok,644,338,338,217,636,,0.432873904894,0.303223147013,0.3679014848,0.12965075788,0.991021671827,201663,-1.00454684392,0.401448720576,0.367337070137,0.436676461109,0.0341116504394,0.0426704014939,8682,0.50804802348,-0.0955391074407,-0.948351270333,
PKIS2,17,ordinary_cluster_resample_with_replacement,ok,644,338,338,223,680,,0.398801565557,0.292404682265,0.347647651549,0.106396883292,0.984672465477,200371,-0.925980530567,0.411229370274,0.384418494738,0.444243268828,0.0268108755366,0.0371762740184,7564,0.55184326319,-0.0795860077552,-0.947496191459,
PKIS2,18,ordinary_cluster_resample_with_replacement,ok,644,338,338,229,634,,0.431333641663,0.303749936205,0.358149050934,0.127583705458,0.992009435353,201864,-1.34532686963,0.406314509034,0.372888202979,0.427546543781,0.0334263060553,0.122546562485,24935,0.388450041388,-0.0941573994032,-0.869462872868,
PKIS2,19,ordinary_cluster_resample_with_replacement,ok,644,338,338,214,674,,0.433506296012,0.317648073259,0.371385893661,0.115858222753,0.99175389454,201812,-1.15599036,0.414495629987,0.385822355406,0.441437487352,0.0286732745806,0.0792864514227,16131,0.484433937712,-0.0871849481723,-0.912467443118,
PKIS2,20,ordinary_cluster_resample_with_replacement,ok,644,338,338,214,663,,0.402197194477,0.30008554966,0.361292508797,0.102111644817,0.963850803479,196133,-0.66830122354,0.41128700743,0.380281174293,0.443426628287,0.0310058331369,0.0482234999263,9812,0.508977587844,-0.0711058116804,-0.915627303553,
PKIS2,21,ordinary_cluster_resample_with_replacement,ok,644,338,338,212,647,,0.411623395118,0.296150129449,0.352761080415,0.115473265669,0.983468475109,200126,-1.03976904998,0.397269713037,0.371876807301,0.429994926317,0.0253929057365,0.0295444493587,6007,0.563081080977,-0.0900803599327,-0.953924025751,
PKIS2,22,ordinary_cluster_resample_with_replacement,ok,644,338,338,221,716,,0.425166369951,0.312447107633,0.368444594147,0.112719262318,0.988235294118,201096,-1.01293431785,0.412195232587,0.36897780299,0.436605923479,0.0432174295976,0.101027077498,20543,0.360954743608,-0.0695018327201,-0.88720821662,
PKIS2,23,ordinary_cluster_resample_with_replacement,ok,644,338,338,209,675,,0.410934869604,0.287609335182,0.351315263959,0.123325534422,0.988210722886,201091,-0.935856470345,0.409014306028,0.371192466484,0.431343351512,0.0378218395437,0.120684063099,24553,0.371217239343,-0.085503694878,-0.867526659787,
PKIS2,24,ordinary_cluster_resample_with_replacement,ok,644,338,338,214,628,,0.415074045304,0.29808348653,0.354773876395,0.116990558774,0.985257260799,200490,-1.06367532579,0.389999875544,0.37027097154,0.423802607716,0.0197289040039,0.0189001916556,3843,0.631453372001,-0.0972616547705,-0.966357069143,
PKIS2,25,ordinary_cluster_resample_with_replacement,ok,644,338,338,219,603,,0.408135234107,0.28831961663,0.353522917742,0.119815617477,0.979389650597,199296,-0.837569807589,0.405121342868,0.383000736125,0.439038060361,0.022120606743,0.0262420757777,5337,0.60525226633,-0.0976950107341,-0.953147574819,
PKIS2,26,ordinary_cluster_resample_with_replacement,ok,644,338,338,205,576,,0.407339780184,0.288873763514,0.34480952751,0.11846601667,0.993999705145,202269,-1.1178939592,0.398067636761,0.36579048088,0.428628732268,0.0322771558809,0.0637721755369,12976,0.486345415926,-0.0861888607895,-0.930227529608,
PKIS2,27,ordinary_cluster_resample_with_replacement,ok,644,338,338,221,684,,0.430809327232,0.31465429885,0.374378253013,0.116155028381,0.987272101823,200900,-0.944865004504,0.414370473898,0.387268959512,0.446254634048,0.0271015143857,0.0320851147477,6526,0.540540739784,-0.0890535139957,-0.955186987076,
PKIS2,28,ordinary_cluster_resample_with_replacement,ok,644,338,338,212,615,,0.422694487536,0.297033760851,0.359069334372,0.125660726685,0.983797729618,200193,-1.02562367933,0.399145600104,0.362624810532,0.430881492133,0.0365207895725,0.0719887955182,14648,0.464949236972,-0.0891399371124,-0.9118089341,
PKIS2,29,ordinary_cluster_resample_with_replacement,ok,644,338,338,229,609,,0.428383384796,0.305666353213,0.371977653502,0.122717031583,0.973615411077,198120,-0.850620196679,0.393751964631,0.36587606778,0.432738166197,0.0278758968516,0.0247530591184,5032,0.583083727384,-0.094841134731,-0.948862351958,
PKIS2,30,ordinary_cluster_resample_with_replacement,ok,644,338,338,212,669,,0.39461291424,0.288129828043,0.3478170728,0.106483086196,0.977109440267,198831,-0.78401745014,0.416983781095,0.38293795245,0.440539336444,0.034045828645,0.0911346994938,18538,0.408940787803,-0.0724372575515,-0.885974740774,
PKIS2,31,ordinary_cluster_resample_with_replacement,ok,644,338,338,216,646,,0.422572142759,0.298364927297,0.356888519062,0.124207215461,0.993218339968,202110,-1.12234436945,0.407542006246,0.374966842222,0.431135440042,0.0325751640243,0.0972283650302,19784,0.420046693545,-0.0916320514369,-0.895989974937,
PKIS2,32,ordinary_cluster_resample_with_replacement,ok,644,338,338,234,642,,0.425328622591,0.302363891288,0.364420505071,0.122964731303,0.986028797484,200647,-0.981492766147,0.397324249218,0.371116808111,0.428395334287,0.0262074411062,0.044414958966,9033,0.5424560851,-0.0967572901972,-0.941613838518,
PKIS2,33,ordinary_cluster_resample_with_replacement,ok,644,338,338,214,618,,0.437880597721,0.312347816027,0.369541743729,0.125532781693,0.997999901715,203083,-1.19486205508,0.427878614799,0.394347703041,0.446855067096,0.0335309117579,0.173895523122,35383,0.361405540699,-0.0920018699355,-0.824104378594,
PKIS2,34,ordinary_cluster_resample_with_replacement,ok,644,338,338,215,626,,0.425126895325,0.290123301242,0.359137065143,0.135003594083,0.991060985798,201671,-0.956183613992,0.397678427386,0.364810456871,0.434805871503,0.032867970515,0.040031451177,8143,0.530426804553,-0.102135623568,-0.951029534621,
PKIS2,35,ordinary_cluster_resample_with_replacement,ok,644,338,338,209,563,,0.435098549472,0.335898860908,0.38196445721,0.0991996885634,0.980922895474,199608,-1.15344414332,0.424065866771,0.395686798394,0.4482184819,0.0283790683766,0.0745245466608,15160,0.45977234152,-0.0708206201868,-0.906398348813,
PKIS2,36,ordinary_cluster_resample_with_replacement,ok,644,338,338,212,625,,0.431222678487,0.316211435552,0.373279565641,0.115011242935,0.990564646911,201570,-1.01533224859,0.413836485026,0.391888141225,0.447514484155,0.0219483438011,0.0209396039117,4258,0.60543255866,-0.0930628991341,-0.969625043,
PKIS2,37,ordinary_cluster_resample_with_replacement,ok,644,338,338,220,613,,0.41116114492,0.289576185774,0.350852239212,0.121584959146,0.986559536095,200755,-0.98421654667,0.39006356321,0.363971642173,0.423831635258,0.0260919210377,0.0270873261585,5509,0.564117540066,-0.0954930381079,-0.959472209937,
PKIS2,38,ordinary_cluster_resample_with_replacement,ok,644,338,338,213,600,,0.420585848971,0.304384868989,0.363425286291,0.116200979982,0.983650302226,200163,-0.968159868969,0.404080803567,0.383865501277,0.439710383439,0.0202153022901,0.0188657919308,3838,0.638009760112,-0.0959856776918,-0.964784510295,
PKIS2,39,ordinary_cluster_resample_with_replacement,ok,644,338,338,206,643,,0.42469561868,0.304225755575,0.363802929188,0.120469863105,0.981640375448,199754,-1.02208087089,0.397570725962,0.370062376815,0.432293413075,0.0275083491462,0.0247628876112,5036,0.557964147804,-0.0929615139592,-0.956877487837,
PKIS2,40,ordinary_cluster_resample_with_replacement,ok,644,338,338,225,633,,0.428495527891,0.30870715591,0.366168403841,0.119788371981,0.987178731142,200881,-1.08468100317,0.404496978811,0.377488920103,0.435145360381,0.0270080587082,0.0523072386849,10641,0.531569091367,-0.0927803132732,-0.934871492457,
PKIS2,41,ordinary_cluster_resample_with_replacement,ok,644,338,338,217,598,,0.435499118463,0.317422153685,0.384339252356,0.118076964778,0.971561256081,197703,-0.764526064679,0.405576144846,0.379670692285,0.445042574098,0.025905452561,0.0341933264534,6957,0.603721786147,-0.0921715122169,-0.937367929628,
PKIS2,42,ordinary_cluster_resample_with_replacement,ok,644,338,338,215,627,,0.41275363745,0.293260019956,0.355274927262,0.119493617493,0.985851884613,200611,-0.926853117826,0.402943139165,0.375762526861,0.437360577315,0.0271806123041,0.0352892034007,7178,0.558742328633,-0.092313005189,-0.950562681213,
PKIS2,43,ordinary_cluster_resample_with_replacement,ok,644,338,338,210,647,,0.444507329652,0.313449269527,0.379849165943,0.131058060125,0.983365275935,200105,-0.973769044802,0.401521880098,0.378216797517,0.437453392292,0.0233050825804,0.0198142414861,4029,0.606576261365,-0.107752977545,-0.963551034449,
PKIS2,44,ordinary_cluster_resample_with_replacement,ok,644,338,338,216,674,,0.398670960202,0.281607972202,0.342848646599,0.117062988,0.983817386604,200197,-0.911523495672,0.396548208645,0.363405819292,0.423063580571,0.0331423893522,0.0684210526316,13922,0.444458044659,-0.0839205986477,-0.915396333972,
PKIS2,45,ordinary_cluster_resample_with_replacement,ok,644,338,338,213,596,,0.41782228847,0.286220653272,0.354694432089,0.131601635199,0.990412305273,201539,-0.921927451239,0.393439168988,0.364874784684,0.426322000216,0.0285643843038,0.0386800334169,7870,0.535139484244,-0.103037250895,-0.951732271856,
PKIS2,46,ordinary_cluster_resample_with_replacement,ok,644,338,338,199,664,,0.433215984067,0.309203728352,0.367960323067,0.124012255716,0.995989974937,202674,-1.11060998884,0.42049047452,0.390437059228,0.450572647284,0.0300534152919,0.0432060543516,8792,0.500239105272,-0.0939588404237,-0.952783920586,
PKIS2,47,ordinary_cluster_resample_with_replacement,ok,644,338,338,212,612,,0.405161247893,0.290727151168,0.352056789806,0.114434096725,0.972155879896,197824,-0.865885716355,0.399409096815,0.368842750973,0.432940780348,0.0305663458425,0.0564843481252,11491,0.523131270331,-0.0838677508828,-0.915671531771,
PKIS2,48,ordinary_cluster_resample_with_replacement,ok,644,338,338,214,632,,0.424223585618,0.310196961343,0.369281271936,0.114026624275,0.977566465183,198925,-0.929896839462,0.395454453157,0.368031447857,0.429786817541,0.0274230053005,0.0273920094354,5569,0.555941362818,-0.0866036189746,-0.950174455747,
PKIS2,49,ordinary_cluster_resample_with_replacement,ok,644,338,338,216,651,,0.435463449818,0.312304073251,0.373998709697,0.123159376567,0.98677084869,200798,-0.996273641621,0.399806102701,0.375236672307,0.437552331337,0.0245694303939,0.0184333382476,3744,0.605726220723,-0.0985899461728,-0.968337510443,
PKIS2,50,ordinary_cluster_resample_with_replacement,ok,644,338,338,220,655,,0.437014593945,0.306137406808,0.366718629432,0.130877187136,0.994486215539,202368,-1.16035896055,0.39483928758,0.382961838279,0.437521066946,0.0118774493004,0.00329745933461,668,0.7823017372,-0.118999737836,-0.991188756204,
PKIS2,51,ordinary_cluster_resample_with_replacement,ok,644,338,338,219,720,,0.414431128763,0.317383890894,0.372130751856,0.0970472378684,0.956312349501,194599,-0.772653923223,0.412014644331,0.382640529486,0.43519847453,0.0293741148449,0.109779350337,22332,0.441109906013,-0.0676731230235,-0.846532999165,
PKIS2,52,ordinary_cluster_resample_with_replacement,ok,644,338,338,212,628,,0.431673473207,0.2989808601,0.367612051793,0.132692613107,0.994269988697,202324,-0.933415548154,0.411856251574,0.385210704353,0.451266569455,0.0266455472205,0.0354218880535,7207,0.596621024044,-0.106047065887,-0.958848100644,
PKIS2,53,ordinary_cluster_resample_with_replacement,ok,644,338,338,207,638,,0.394315170534,0.293846821418,0.353082771983,0.100468349116,0.930429013711,189333,-0.696070513891,0.376345500947,0.367746884387,0.425105039409,0.00859861655993,0.000869821612856,170,0.850089031688,-0.091869732556,-0.929559192098,
PKIS2,54,ordinary_cluster_resample_with_replacement,ok,644,338,338,212,692,,0.421847827185,0.3039147603,0.370639117519,0.117933066885,0.972195193867,197832,-0.767466511491,0.413331968333,0.387114810555,0.446981298826,0.0262171577787,0.0384638065753,7826,0.562072896944,-0.0917159091058,-0.933731387292,
PKIS2,55,ordinary_cluster_resample_with_replacement,ok,644,338,338,213,717,,0.415993178694,0.297909166109,0.363933109226,0.118084012586,0.978608285419,199137,-0.788502882586,0.405416038592,0.380286819163,0.442056642976,0.025129219429,0.0263944174161,5370,0.593179680987,-0.0929547931566,-0.952213868003,
PKIS2,56,ordinary_cluster_resample_with_replacement,ok,644,338,338,220,625,,0.404536668185,0.290220803396,0.352422182149,0.114315864789,0.963683719102,196100,-0.837834901437,0.385032282199,0.369699299078,0.433511975038,0.0153329831212,0.00289940537619,587,0.759718850676,-0.098982881668,-0.960784313725,
PKIS2,57,ordinary_cluster_resample_with_replacement,ok,644,338,338,218,619,,0.429693097677,0.305676952157,0.366645785004,0.12401614552,0.994147132537,202299,-1.03409085804,0.418124982689,0.380172914645,0.435309294561,0.0379520680439,0.186264681311,37902,0.311669208217,-0.0860640774759,-0.807882451226,
PKIS2,58,ordinary_cluster_resample_with_replacement,ok,644,338,338,219,638,,0.423085156499,0.31117539778,0.367219117121,0.111909758719,0.989380313529,201329,-0.996829618666,0.418489411639,0.386564842559,0.449918934788,0.0319245690803,0.0456238635805,9283,0.496093023239,-0.0799851896384,-0.943756449948,
PKIS2,59,ordinary_cluster_resample_with_replacement,ok,644,338,338,215,599,,0.397614651455,0.282106331387,0.350156419945,0.115508320068,0.957231313578,194787,-0.697401465831,0.386992704691,0.366387764478,0.432766824876,0.0206049402133,0.00677674578603,1374,0.689586744829,-0.0949033798549,-0.950454567792,
PKIS2,60,ordinary_cluster_resample_with_replacement,ok,644,338,338,201,655,,0.444886682501,0.330730961432,0.384293980622,0.114155721068,0.988485920684,201147,-1.13124134514,0.428698458724,0.378889621111,0.44155248366,0.0498088376127,0.267271118974,54386,0.205129871391,-0.0643468834555,-0.72121480171,
PKIS2,61,ordinary_cluster_resample_with_replacement,ok,644,338,338,209,654,,0.409751343685,0.284263422889,0.356148362,0.125487920797,0.983463560863,200125,-0.745677500002,0.392024105356,0.368538973916,0.436092969906,0.0234851314398,0.0107965993415,2196,0.652350225982,-0.102002789357,-0.972666961521,
PKIS2,62,ordinary_cluster_resample_with_replacement,ok,644,338,338,202,717,,0.408858595176,0.300896141504,0.363399249797,0.107962453671,0.95634183498,194606,-0.727313354828,0.389654548497,0.364732301594,0.429762135298,0.0249222469027,0.0163693547594,3326,0.616756717906,-0.0830402067686,-0.93997248022,
PKIS2,63,ordinary_cluster_resample_with_replacement,ok,644,338,338,211,688,,0.431270450366,0.322424168139,0.373058392453,0.108846282227,0.991252641407,201710,-1.14965833291,0.419056323441,0.39467041806,0.445465367567,0.0243859053813,0.0570740576933,11611,0.519914762824,-0.0844603768453,-0.934178583714,
PKIS2,64,ordinary_cluster_resample_with_replacement,ok,644,338,338,219,644,,0.414124750563,0.297279163583,0.35464562462,0.11684558698,0.991316526611,201723,-1.03682752722,0.401755146454,0.382253529165,0.437640125818,0.0195016172886,0.0212590299278,4323,0.647900061256,-0.0973439696917,-0.970057496683,
PKIS2,65,ordinary_cluster_resample_with_replacement,ok,644,338,338,206,684,,0.40143042496,0.291567132449,0.357543153137,0.10986329251,0.954444935869,194220,-0.665200346515,0.399690636345,0.373828222557,0.434788914275,0.0258624137874,0.0356135436631,7240,0.575752619295,-0.0840008787231,-0.918831392206,
PKIS2,66,ordinary_cluster_resample_with_replacement,ok,644,338,338,220,692,,0.424064886132,0.309702811274,0.367564730776,0.114362074858,0.988618605337,201174,-0.97646527874,0.407562755446,0.383875748898,0.441422155154,0.0236870065487,0.0169000933707,3436,0.588384260811,-0.0906750683095,-0.971718511966,
PKIS2,67,ordinary_cluster_resample_with_replacement,ok,644,338,338,222,655,,0.437791007853,0.31742569111,0.377667191112,0.120365316743,0.985144233132,200467,-0.998046475243,0.399388608915,0.372806511472,0.432837475772,0.0265820974427,0.0233623273871,4751,0.557193562477,-0.0937832193002,-0.961781905745,
PKIS2,68,ordinary_cluster_resample_with_replacement,ok,644,338,338,222,622,,0.420372499328,0.302314830563,0.35945518362,0.118057668766,0.987562042361,200959,-1.06609974298,0.393205613959,0.359127108619,0.423248830685,0.0340785053402,0.0515062165217,10480,0.468534152829,-0.0839791634255,-0.936055825839,
PKIS2,69,ordinary_cluster_resample_with_replacement,ok,644,338,338,213,646,,0.434403173812,0.296281834605,0.361210368423,0.138121339208,0.996481399577,202774,-1.12728258418,0.41204627313,0.386942095693,0.445813449633,0.0251041774377,0.0462725441054,9409,0.57357567378,-0.11301716177,-0.950208855472,
PKIS2,70,ordinary_cluster_resample_with_replacement,ok,644,338,338,216,620,,0.420231133021,0.288782532584,0.358183469867,0.131448600437,0.984770750405,200391,-0.894046472328,0.407233741167,0.375530568334,0.435432466039,0.0317031728328,0.0724605631726,14744,0.470748439574,-0.0997454276039,-0.912310187233,
PKIS2,71,ordinary_cluster_resample_with_replacement,ok,644,338,338,222,702,,0.409285258767,0.313673324953,0.371873737507,0.0956119338138,0.94453290088,192202,-0.642805087076,0.413903164108,0.368385043567,0.441778378006,0.0455181205412,0.0859452552951,17484,0.379805797226,-0.0500938132726,-0.858587645585,
PKIS2,72,ordinary_cluster_resample_with_replacement,ok,644,338,338,220,688,,0.417778655407,0.304063004187,0.36399702722,0.11371565122,0.98025947221,199473,-0.897347207249,0.409489380239,0.373264345053,0.437625928981,0.0362250351858,0.0688092780972,14002,0.437163708922,-0.0774906160343,-0.911450194113,
PKIS2,73,ordinary_cluster_resample_with_replacement,ok,644,338,338,220,635,,0.382840431685,0.263218859011,0.326485096049,0.119621572674,0.982274313234,199883,-0.89076477874,0.387341218648,0.367724401007,0.425903727948,0.0196168176405,0.0116959064327,2379,0.662821509427,-0.100004755034,-0.970578406801,
PKIS2,74,ordinary_cluster_resample_with_replacement,ok,644,338,338,211,695,,0.433306320167,0.309075839857,0.366214412197,0.12423048031,0.994790898816,202430,-1.17419643548,0.416971770759,0.39165349601,0.447006100654,0.0253182747492,0.0468622536734,9535,0.542600119505,-0.0989122055608,-0.947928645142,
PKIS2,75,ordinary_cluster_resample_with_replacement,ok,644,338,338,220,626,,0.396144680571,0.279878742444,0.349675271746,0.116265938127,0.948017101577,192912,-0.665783947837,0.389225828346,0.363926176719,0.425878227401,0.0252996516277,0.0363457663767,7393,0.591625275531,-0.0909662864991,-0.911671335201,
PKIS2,76,ordinary_cluster_resample_with_replacement,ok,644,338,338,216,627,,0.422053375532,0.301806325212,0.358102609288,0.12024705032,0.993247825446,202116,-1.13596780486,0.407347438098,0.385806001812,0.441796518761,0.0215414362864,0.034532409455,7004,0.615266344012,-0.0987056140333,-0.958715415991,
PKIS2,77,ordinary_cluster_resample_with_replacement,ok,644,338,338,214,613,,0.414906523977,0.29765634966,0.358719695205,0.117250174318,0.975753108261,198556,-0.920140032776,0.392255056312,0.360454261996,0.422830335721,0.0318007943162,0.0555260700772,11295,0.490176402313,-0.0854493800015,-0.920227038184,
PKIS2,78,ordinary_cluster_resample_with_replacement,ok,644,338,338,210,630,,0.446303197388,0.32684478564,0.385236694654,0.119458411748,0.991734237555,201808,-1.04580418358,0.43010407185,0.405149681256,0.462435199586,0.0249543905943,0.0525726079906,10695,0.564385706518,-0.094504021154,-0.939161629564,
PKIS2,79,ordinary_cluster_resample_with_replacement,ok,644,338,338,211,660,,0.443574885775,0.322873209838,0.387275391581,0.120701675937,0.984431667404,200322,-0.874186132679,0.418556471482,0.383542348431,0.445610402355,0.0350141230511,0.077423952037,15752,0.435875287893,-0.0856875528862,-0.907007715367,
PKIS2,80,ordinary_cluster_resample_with_replacement,ok,644,338,338,208,622,,0.431856545674,0.302903245535,0.358617444536,0.128953300139,0.990957786623,201650,-1.31455001513,0.400903215268,0.374451276082,0.429371682659,0.0264519391864,0.046881910659,9537,0.518358642354,-0.102501360953,-0.944075875964,
PKIS2,81,ordinary_cluster_resample_with_replacement,ok,644,338,338,210,614,,0.433146667987,0.302124692693,0.365255381176,0.131021975294,0.99010270775,201476,-1.07540862365,0.415535634192,0.369592713793,0.432221744203,0.0459429203988,0.204329451079,41576,0.266427723727,-0.0850790548949,-0.785773256671,
PKIS2,82,ordinary_cluster_resample_with_replacement,ok,644,338,338,212,608,,0.442858367398,0.319418624631,0.382231295785,0.123439742767,0.986751191705,200794,-0.965204480221,0.420987370416,0.388947177901,0.448711604114,0.032040192515,0.0573541697381,11670,0.463891907856,-0.0913995502519,-0.929397021967,
PKIS2,83,ordinary_cluster_resample_with_replacement,ok,644,338,338,216,614,,0.389943114728,0.280626961349,0.341222710386,0.10931615338,0.969084475896,197199,-0.804023468908,0.401711527574,0.367551017246,0.433856564809,0.0341605103281,0.0531819745442,10815,0.48480162545,-0.0751556430515,-0.915902501351,
PKIS2,84,ordinary_cluster_resample_with_replacement,ok,644,338,338,219,641,,0.439988549605,0.321821509232,0.378318150514,0.118167040373,0.984426753157,200321,-1.09157637854,0.412302258655,0.37202486478,0.430595836039,0.0402773938752,0.155555555556,31643,0.312331808584,-0.0778896464979,-0.828871197602,
PKIS2,85,ordinary_cluster_resample_with_replacement,ok,644,338,338,222,667,,0.420835023556,0.291552746067,0.357172552589,0.129282277489,0.991287041132,201717,-0.970171573837,0.425098184939,0.391828091646,0.44503307629,0.0332700932928,0.181163693548,36864,0.374680896621,-0.0960121841963,-0.810123347585,
PKIS2,86,ordinary_cluster_resample_with_replacement,ok,644,338,338,216,661,,0.418273279262,0.307593802439,0.364728074668,0.110679476823,0.9802054155,199462,-0.937181878827,0.406183145088,0.379581030271,0.440751604252,0.026602114817,0.030787753698,6262,0.565115821449,-0.0840773620059,-0.949417661802,
PKIS2,87,ordinary_cluster_resample_with_replacement,ok,644,338,338,215,615,,0.411963486606,0.281192854725,0.345854775134,0.130770631881,0.994201189248,202310,-1.02237469989,0.394137864398,0.36744404034,0.4307410757,0.0266938240582,0.0379478107032,7719,0.578276867055,-0.104076807823,-0.956253378544,
PKIS2,88,ordinary_cluster_resample_with_replacement,ok,644,338,338,215,659,,0.425279831466,0.297096159847,0.364908863893,0.128183671619,0.983782986879,200190,-0.890260437514,0.397516244141,0.375942822332,0.433822748069,0.021573421809,0.0242665487248,4937,0.627272814639,-0.10661024981,-0.959516438154,
PKIS2,89,ordinary_cluster_resample_with_replacement,ok,644,338,338,218,666,,0.399532335108,0.292162353953,0.350688958627,0.107369981156,0.974735859256,198349,-0.834549975235,0.404290709185,0.3815841801,0.436389377244,0.0227065290855,0.043948105558,8938,0.585686572283,-0.0846634520701,-0.930787753698,
PKIS2,90,ordinary_cluster_resample_with_replacement,ok,644,338,338,205,672,,0.39191317856,0.273800140346,0.334837481241,0.118113038214,0.985414516684,200522,-0.935094754831,0.406199216964,0.380887051921,0.436880708582,0.0253121650433,0.0491375497567,9988,0.547945846863,-0.0928008731707,-0.936276966927,
PKIS2,91,ordinary_cluster_resample_with_replacement,ok,644,338,338,210,652,,0.425166429217,0.312732056523,0.365498180249,0.112434372694,0.986446508428,200732,-1.13080599359,0.40410178044,0.379012824532,0.433619014684,0.0250889559075,0.0558602388324,11362,0.540547402452,-0.0873454167868,-0.930586269596,
PKIS2,92,ordinary_cluster_resample_with_replacement,ok,644,338,338,211,656,,0.416292865931,0.285208182613,0.35590764929,0.131084683318,0.992171605484,201897,-0.854111345948,0.412248571199,0.381907945256,0.44552405558,0.0303406259431,0.0385670057497,7845,0.52306694344,-0.100744057375,-0.953604599735,
PKIS2,93,ordinary_cluster_resample_with_replacement,ok,644,338,338,217,641,,0.450000146578,0.322363408618,0.381608376254,0.12763673796,0.992461546022,201956,-1.15438952965,0.410898219928,0.389500748746,0.444027374867,0.0213974711814,0.0244385473488,4970,0.607577568909,-0.106239266778,-0.968022998673,
PKIS2,94,ordinary_cluster_resample_with_replacement,ok,644,338,338,212,615,,0.424605014849,0.3123306229,0.364738502002,0.112274391948,0.991070814291,201673,-1.14231893892,0.417503679094,0.387455194863,0.443995953712,0.030048484231,0.0821760283061,16719,0.468551805055,-0.0822259077174,-0.908894785985,
PKIS2,95,ordinary_cluster_resample_with_replacement,ok,644,338,338,212,660,,0.438893538512,0.313812997732,0.374981015597,0.12508054078,0.991336183596,201727,-1.04486830122,0.409866211341,0.37420473395,0.434236244643,0.0356614773903,0.0824757973365,16782,0.405954023502,-0.0894190633897,-0.90886038626,
PKIS2,96,ordinary_cluster_resample_with_replacement,ok,644,338,338,216,666,,0.412256603408,0.288577834568,0.35359200834,0.12367876884,0.986613592806,200766,-0.902335470314,0.400243412605,0.380695931251,0.437353110396,0.0195474813544,0.0175045456779,3557,0.654986682195,-0.104131287486,-0.969109047128,
PKIS2,97,ordinary_cluster_resample_with_replacement,ok,644,338,338,212,632,,0.43357717941,0.318109763777,0.379360581779,0.115467415633,0.979242223205,199266,-0.885157119512,0.408578201174,0.378848552169,0.436888720589,0.0297296490048,0.0516290726817,10504,0.487774591044,-0.0857377666286,-0.927613150523,
PKIS2,98,ordinary_cluster_resample_with_replacement,ok,644,338,338,220,611,,0.429652496081,0.318036035928,0.37454829236,0.111616460153,0.988893803135,201230,-0.975084118026,0.414085697389,0.388581856846,0.443905829338,0.0255038405428,0.0376234704408,7653,0.53900923245,-0.0861126196102,-0.951270332694,
PKIS2,99,ordinary_cluster_resample_with_replacement,ok,644,338,338,227,638,,0.427074304483,0.303909521153,0.365563521276,0.12316478333,0.987355644012,200917,-0.997677086385,0.405605133428,0.385465790929,0.438146889123,0.0201393424991,0.0282765737874,5751,0.617712174012,-0.103025440831,-0.959079070225,
PKIS2,100,ordinary_cluster_resample_with_replacement,ok,644,338,338,214,654,,0.393430666233,0.285835358131,0.339778844951,0.107595308102,0.983109735122,200053,-0.994593127816,0.400376072654,0.371554465073,0.427345747748,0.0288216075804,0.0680967123692,13852,0.483403030029,-0.0787737005219,-0.915013022753,
PKIS2,101,ordinary_cluster_resample_with_replacement,ok,644,338,338,211,653,,0.456920736221,0.310051290982,0.382499773456,0.146869445239,0.994437073075,202358,-1.02722597113,0.418031672781,0.386206311405,0.448630913355,0.0318253613759,0.0731633004079,14885,0.490179186058,-0.115044083863,-0.921273772667,
PKIS2,102,ordinary_cluster_resample_with_replacement,ok,644,338,338,235,668,,0.41995358269,0.303638736243,0.363617053817,0.116314846448,0.979473192786,199313,-0.939281579609,0.392807672407,0.3673591237,0.430237771584,0.0254485487066,0.0214261143054,4357,0.595275191769,-0.0908662977411,-0.958047078481,
PKIS2,103,ordinary_cluster_resample_with_replacement,ok,644,338,338,206,670,,0.436926463508,0.326170795774,0.387313133217,0.110755667734,0.967669172932,196911,-0.811439869088,0.411208054012,0.368078534248,0.433528338709,0.0431295197634,0.119244188904,24264,0.341029050903,-0.0676261479703,-0.848424984029,
PKIS2,104,ordinary_cluster_resample_with_replacement,ok,644,338,338,220,656,,0.431579703135,0.312199605867,0.365373912318,0.119380097269,0.989891395155,201433,-1.24507107354,0.404904354831,0.391372387394,0.439286057353,0.0135319674372,0.0136566907465,2772,0.717576060263,-0.105848129831,-0.976234704408,
PKIS2,105,ordinary_cluster_resample_with_replacement,ok,644,338,338,202,660,,0.401581573757,0.2791139889,0.345464073642,0.122467584857,0.983262076761,200084,-0.845778876295,0.405558448969,0.373068207485,0.43900739642,0.032490241484,0.0557865251364,11350,0.507269622069,-0.0899773433727,-0.927475551624,
PKIS2,106,ordinary_cluster_resample_with_replacement,ok,644,338,338,207,655,,0.436183787416,0.315963485199,0.372710221548,0.120220302217,0.988785689714,201208,-1.11854125807,0.414925174059,0.384478028814,0.439198193232,0.0304471452449,0.102260553344,20786,0.443584543852,-0.0897731569718,-0.88652513637,
PKIS2,107,ordinary_cluster_resample_with_replacement,ok,644,338,338,219,678,,0.401538425034,0.285363633655,0.357017535311,0.11617479138,0.971143545137,197618,-0.621332386574,0.422098939132,0.386604285627,0.451971112339,0.0354946535059,0.062189788196,12650,0.456992861806,-0.0806801378738,-0.908953756941,
PKIS2,108,ordinary_cluster_resample_with_replacement,ok,644,338,338,208,590,,0.408392081373,0.294150916037,0.353315778333,0.114241165336,0.975536881419,198512,-0.930895482579,0.402634813938,0.382392337968,0.434285622289,0.0202424759699,0.0244434615952,4969,0.609921086421,-0.0939986893661,-0.951093419824,
PKIS2,109,ordinary_cluster_resample_with_replacement,ok,644,338,338,208,617,,0.423148043222,0.297221291384,0.356760658595,0.125926751838,0.991119956755,201683,-1.11501663079,0.389968228691,0.363978309304,0.422560436746,0.0259899193874,0.0541402525923,11014,0.556350707593,-0.099936832451,-0.936979704162,
PKIS2,110,ordinary_cluster_resample_with_replacement,ok,644,338,338,210,623,,0.426442993219,0.29540599305,0.360361847542,0.13103700017,0.989576883385,201369,-1.01732393783,0.381356632894,0.349954605166,0.420755126855,0.0314020277285,0.0300457024915,6113,0.556471803042,-0.0996349724411,-0.959531180893,
PKIS2,111,ordinary_cluster_resample_with_replacement,ok,644,338,338,223,630,,0.424587519349,0.306226899408,0.363882296096,0.118360619941,0.984240011794,200283,-1.05289750379,0.397701142996,0.375832598211,0.431745078197,0.0218685447852,0.0170131210379,3457,0.608879005357,-0.0964920751559,-0.967226890756,
PKIS2,112,ordinary_cluster_resample_with_replacement,ok,644,338,338,217,649,,0.425871155369,0.292405209671,0.365529748747,0.133465945698,0.98640228021,200723,-0.825186830374,0.40054944847,0.374507802412,0.438703012968,0.0260416460582,0.0202614379085,4120,0.594336620559,-0.10742429964,-0.966140842302,
PKIS2,113,ordinary_cluster_resample_with_replacement,ok,644,338,338,216,606,,0.405980073391,0.294368888985,0.35451306015,0.111611184407,0.971025603224,197594,-0.85572736717,0.399133090812,0.361340529345,0.425093484392,0.0377925614669,0.0964371713598,19621,0.407202984726,-0.07381862294,-0.874588431864,
PKIS2,114,ordinary_cluster_resample_with_replacement,ok,644,338,338,222,602,,0.424775270202,0.305744169812,0.363454464365,0.11903110039,0.986657821023,200775,-1.06256269026,0.39315595377,0.384011480932,0.437667866901,0.0091444728377,0.00210821170573,426,0.829573448291,-0.109886627553,-0.984549609317,
PKIS2,115,ordinary_cluster_resample_with_replacement,ok,644,338,338,215,639,,0.41155105511,0.300091218037,0.357850410627,0.111459837073,0.978107032287,199035,-0.929733295681,0.406031776476,0.378252399383,0.440243886352,0.027779377093,0.033770701263,6871,0.551884001315,-0.0836804599802,-0.944336331024,
PKIS2,116,ordinary_cluster_resample_with_replacement,ok,644,338,338,216,653,,0.442637224646,0.325120819912,0.383754293799,0.117516404734,0.989670254067,201388,-1.00425451442,0.409596337809,0.381769718004,0.442996126876,0.0278266198041,0.0334807607253,6810,0.545512789054,-0.0896897849294,-0.956189493341,
PKIS2,117,ordinary_cluster_resample_with_replacement,ok,644,338,338,216,636,,0.401930682572,0.287735710322,0.350051667051,0.11419497225,0.980151358789,199451,-0.832515751086,0.408135750797,0.38117851765,0.438671353162,0.0269572331467,0.0549904172195,11189,0.531120131636,-0.0872377391034,-0.92516094157,
PKIS2,118,ordinary_cluster_resample_with_replacement,ok,644,338,338,217,714,,0.436701170285,0.308492595798,0.37170481956,0.128208574487,0.993115140793,202089,-1.028224398,0.401751998759,0.373629680215,0.437325674435,0.0281223185442,0.041088014153,8359,0.558491567821,-0.100086255943,-0.95202712664,
PKIS2,119,ordinary_cluster_resample_with_replacement,ok,644,338,338,211,643,,0.437919180282,0.312459000154,0.372543807454,0.125460180128,0.990628532115,201583,-1.0880516351,0.42486555824,0.400958704816,0.454512956917,0.0239068534247,0.0611086539879,12430,0.55359560657,-0.101553326703,-0.929519878127,
PKIS2,120,ordinary_cluster_resample_with_replacement,ok,644,338,338,215,608,,0.393584695993,0.276196477955,0.345196371253,0.117388218037,0.965275934935,196424,-0.701281153148,0.403658918075,0.379340614322,0.439369795676,0.0243183037524,0.0294854784019,5997,0.594891964145,-0.0930699142851,-0.935790456533,
PKIS2,121,ordinary_cluster_resample_with_replacement,ok,644,338,338,217,659,,0.44563709098,0.31164151941,0.373685391598,0.13399557157,0.995832719053,202642,-1.15969066477,0.410775329259,0.373988816157,0.439755216522,0.0367865131013,0.0699248120301,14222,0.440648828318,-0.0972090584687,-0.925907907022,
PKIS2,122,ordinary_cluster_resample_with_replacement,ok,644,338,338,204,604,,0.420339505527,0.298274481216,0.359059070889,0.12206502431,0.988323750553,201114,-1.0081574124,0.389030415017,0.379715546242,0.432318480851,0.00931486877504,0.00268809278097,542,0.822921119433,-0.112750155535,-0.985635657772,
PKIS2,123,ordinary_cluster_resample_with_replacement,ok,644,338,338,215,624,,0.405035957714,0.27821568427,0.348815302938,0.126820273444,0.983375104428,200107,-0.796330856127,0.405623507118,0.370421102294,0.431706874017,0.0352024048238,0.102786377709,20913,0.425602324416,-0.0916178686203,-0.880588726719,
PKIS2,124,ordinary_cluster_resample_with_replacement,ok,644,338,338,219,660,,0.430040040018,0.30418148519,0.363302382424,0.125858554828,0.996525627795,202783,-1.12883363949,0.425335733796,0.376178919351,0.437980550644,0.0491568144444,0.278485429259,56668,0.20460328609,-0.0767017403832,-0.718040198536,
PKIS2,125,ordinary_cluster_resample_with_replacement,ok,644,338,338,207,668,,0.413138546031,0.298725391308,0.36041337127,0.114413154723,0.974185463659,198237,-0.854707429117,0.41335866295,0.380314474152,0.435931627101,0.0330441887987,0.118910020148,24186,0.40586335247,-0.081368965924,-0.855275443511,
PKIS2,126,ordinary_cluster_resample_with_replacement,ok,644,338,338,216,735,,0.419880800642,0.311998088587,0.371688739102,0.107882712055,0.971045260209,197598,-0.807363651175,0.392835933324,0.375094691054,0.436255824232,0.0177412422702,0.00449162120989,911,0.709926200704,-0.0901414697853,-0.966553638999,
PKIS2,127,ordinary_cluster_resample_with_replacement,ok,644,338,338,217,700,,0.418284283972,0.299584933875,0.367364968832,0.118699350096,0.971477713893,197686,-0.751243565628,0.400066707769,0.361115078514,0.429742959864,0.0389516292552,0.0597572362278,12159,0.432422675904,-0.079747720841,-0.911720477665,
PKIS2,128,ordinary_cluster_resample_with_replacement,ok,644,338,338,218,664,,0.422069711055,0.315316665687,0.367558462861,0.106753045368,0.990264877881,201509,-1.04344128919,0.422797759325,0.402139148458,0.455395248765,0.0206586108663,0.0298491326355,6071,0.612089305316,-0.0860944345017,-0.960415745245,
PKIS2,129,ordinary_cluster_resample_with_replacement,ok,644,338,338,210,596,,0.398206378529,0.298126686706,0.354453955095,0.100079691823,0.954474421347,194226,-0.776753865135,0.402752744298,0.376899636889,0.436797516946,0.0258531074087,0.0271561256081,5518,0.568380260136,-0.0742265844145,-0.927318295739,
PKIS2,130,ordinary_cluster_resample_with_replacement,ok,644,338,338,207,677,,0.423729851467,0.309557311757,0.36735796048,0.11417253971,0.983704358937,200174,-0.975281285445,0.41852783395,0.380784989593,0.439558759513,0.0377428443569,0.122463020296,24917,0.357828425699,-0.0764296953532,-0.861241338641,
PKIS2,131,ordinary_cluster_resample_with_replacement,ok,644,338,338,213,664,,0.42337467907,0.313902949004,0.368707649444,0.109471730066,0.983827215097,200199,-0.997487974329,0.401277545144,0.380011020274,0.437076873381,0.0212665248698,0.0170622635019,3467,0.627333620511,-0.0882052051963,-0.966764951595,
PKIS2,132,ordinary_cluster_resample_with_replacement,ok,644,338,338,210,666,,0.416716146338,0.289828429605,0.357618219098,0.126887716734,0.988702147526,201191,-0.871782132405,0.395050352832,0.367133494955,0.431326399987,0.0279168578771,0.0354120595607,7199,0.565109915757,-0.0989708588566,-0.953290087965,
PKIS2,133,ordinary_cluster_resample_with_replacement,ok,644,338,338,212,654,,0.408790271868,0.287501878862,0.353161307207,0.121288393006,0.977473094501,198906,-0.847234983042,0.38953517957,0.362377950502,0.423357390763,0.027157229068,0.0394466558553,8024,0.554649420334,-0.0941311639379,-0.938026438646,
PKIS2,134,ordinary_cluster_resample_with_replacement,ok,644,338,338,215,632,,0.428189976916,0.297820197481,0.36223606042,0.130369779435,0.988117352204,201072,-1.02387693788,0.387415329908,0.361003953201,0.426623267217,0.0264113767067,0.0220895375694,4494,0.597506052861,-0.103958402728,-0.966027814635,
PKIS2,135,ordinary_cluster_resample_with_replacement,ok,644,338,338,198,627,,0.435596871175,0.31769075792,0.382837882046,0.117906113255,0.963531377463,196069,-0.809843716622,0.397148207997,0.366952203105,0.435510343816,0.0301960048924,0.0279915474962,5673,0.55955624556,-0.0877101083623,-0.935539829967,
PKIS2,136,ordinary_cluster_resample_with_replacement,ok,644,338,338,216,679,,0.423144958023,0.318734100096,0.376043192332,0.104410857927,0.960558258391,195464,-0.821889928008,0.416440598296,0.388078833444,0.446696969376,0.0283617648519,0.0415450390683,8453,0.516160580661,-0.0760490930755,-0.919013219323,
PKIS2,137,ordinary_cluster_resample_with_replacement,ok,644,338,338,200,663,,0.412766027478,0.306992507946,0.36335827636,0.105773519532,0.978097203794,199033,-0.876555975521,0.409486061999,0.378979482681,0.44132085562,0.0305065793183,0.0398201385817,8096,0.51065275146,-0.0752669402135,-0.938277065212,
PKIS2,138,ordinary_cluster_resample_with_replacement,ok,644,338,338,205,605,,0.387186502233,0.268116665941,0.34015104693,0.119069836292,0.957889822596,194921,-0.652958415928,0.377399436231,0.351769544078,0.423837845501,0.0256298921533,0.0129195537864,2628,0.644366640434,-0.0934399441383,-0.944970268809,
PKIS2,139,ordinary_cluster_resample_with_replacement,ok,644,338,338,222,637,,0.413512729664,0.288813090273,0.347622305955,0.124699639391,0.99742002064,202965,-1.12040983618,0.412832439748,0.383217588964,0.43699224749,0.0296148507846,0.0813602634036,16555,0.449278682629,-0.0950847886061,-0.916059757236,
PKIS2,140,ordinary_cluster_resample_with_replacement,ok,644,338,338,213,648,,0.434926605817,0.320639660061,0.374912270799,0.114286945755,0.983139220601,200059,-1.10579414185,0.395051599998,0.368253823851,0.427065448914,0.0267977761467,0.0367438203352,7472,0.544345592932,-0.0874891696084,-0.946395400265,
PKIS2,141,ordinary_cluster_resample_with_replacement,ok,644,338,338,217,672,,0.427953469954,0.310682064712,0.37211554919,0.117271405242,0.977871148459,198987,-0.908916712753,0.407668581858,0.373968836974,0.437433943096,0.0336997448844,0.0658902157354,13407,0.469003568363,-0.083571660358,-0.911980932724,
PKIS2,142,ordinary_cluster_resample_with_replacement,ok,644,338,338,213,635,,0.4004130593,0.274654249891,0.342871762342,0.12575880941,0.984161383852,200267,-0.843497437704,0.385208696684,0.369272516886,0.423726589917,0.0159361797981,0.0109538552263,2226,0.707346413024,-0.109822629612,-0.973207528625,
PKIS2,143,ordinary_cluster_resample_with_replacement,ok,644,338,338,226,631,,0.432536595,0.310720783942,0.369669182751,0.121815811058,0.988795518207,201210,-1.06648210162,0.410023463174,0.375485977727,0.431084694948,0.0345374854465,0.116644552558,23729,0.37880787232,-0.0872783256119,-0.872150965649,
PKIS2,144,ordinary_cluster_resample_with_replacement,ok,644,338,338,211,665,,0.416692416919,0.293467585891,0.356176267098,0.123224831027,0.993188854489,202104,-0.965036238293,0.414136330166,0.395387117674,0.451939379588,0.0187492124925,0.0137058332105,2786,0.668462200134,-0.104475618535,-0.979483021279,
PKIS2,145,ordinary_cluster_resample_with_replacement,ok,644,338,338,221,647,,0.441809611853,0.321870260464,0.377658706593,0.11993935139,0.990220649663,201500,-1.14989589621,0.408148650319,0.371850023418,0.434254055236,0.0362986269012,0.0869723327928,17697,0.418328818773,-0.0836407244884,-0.903248316871,
PKIS2,146,ordinary_cluster_resample_with_replacement,ok,644,338,338,212,627,,0.424606829958,0.309297315254,0.366163506972,0.115309514704,0.989842252691,201423,-1.02773407572,0.416292887892,0.384937631994,0.442446078102,0.0313552558977,0.0601454616934,12238,0.45477128979,-0.0839542588063,-0.929696790997,
PKIS2,147,ordinary_cluster_resample_with_replacement,ok,644,338,338,216,616,,0.427078154274,0.308962835331,0.362470147892,0.118115318943,0.992053663571,201873,-1.20746124765,0.397109039314,0.374855622681,0.428906713484,0.0222534166325,0.0237456386063,4827,0.588289222248,-0.095861902311,-0.968308024964,
PKIS2,148,ordinary_cluster_resample_with_replacement,ok,644,338,338,217,603,,0.408092553039,0.289954432766,0.352741985904,0.118138120273,0.97994496044,199409,-0.88155318003,0.38928935761,0.358405239051,0.428795770625,0.0308841185595,0.0282077743378,5735,0.561246124035,-0.0872540017132,-0.951737186103,
PKIS2,149,ordinary_cluster_resample_with_replacement,ok,644,338,338,221,601,,0.441705291049,0.303316719975,0.370648288423,0.138388571074,0.99231411863,201926,-1.05532968064,0.40063907957,0.380706039904,0.437609647724,0.0199330396659,0.0164037544842,3335,0.649705169331,-0.118455531408,-0.975910364146,
PKIS2,150,ordinary_cluster_resample_with_replacement,ok,644,338,338,221,713,,0.42805645386,0.311914895272,0.37360033077,0.116141558589,0.986775762937,200799,-0.882803576728,0.413382484659,0.380999763913,0.446076345962,0.0323827207466,0.0417416089243,8491,0.502390572358,-0.083758837842,-0.945034154012,
PKIS2,151,ordinary_cluster_resample_with_replacement,ok,644,338,338,216,634,,0.427814379072,0.308357004946,0.373314204388,0.119457374126,0.974676888299,198337,-0.839016693321,0.415356189493,0.375813370253,0.438124305948,0.0395428192393,0.151742100349,30877,0.365395194306,-0.079914554887,-0.82293478795,
PKIS2,152,ordinary_cluster_resample_with_replacement,ok,644,338,338,212,601,,0.398098436197,0.290989684829,0.352350085419,0.107108751368,0.964376627844,196241,-0.745567993989,0.403938248266,0.365002077209,0.430206432427,0.0389361710564,0.0896161973561,18233,0.402859350022,-0.0681725803119,-0.874760430488,
PKIS2,153,ordinary_cluster_resample_with_replacement,ok,644,338,338,217,634,,0.421174426424,0.305888008041,0.365458421345,0.115286418382,0.990613789375,201580,-0.93529660092,0.420894262641,0.399526393532,0.453789064399,0.0213678691086,0.0294117647059,5982,0.606214202747,-0.0939185492735,-0.96120202467,
PKIS2,154,ordinary_cluster_resample_with_replacement,ok,644,338,338,213,614,,0.41129620825,0.290817117795,0.357764112036,0.120479090455,0.973369698757,198071,-0.799619113905,0.397611958293,0.356889174187,0.428040950299,0.0407227841059,0.0700132684653,14244,0.427663140246,-0.0797563063492,-0.903356430291,
PKIS2,155,ordinary_cluster_resample_with_replacement,ok,644,338,338,209,663,,0.40840119914,0.287513852304,0.348708531252,0.120887346836,0.987281930316,200902,-0.975455201576,0.399637200699,0.367172338369,0.431723143615,0.0324648623293,0.0562042360804,11434,0.497064952083,-0.0884224845066,-0.931077694236,
PKIS2,156,ordinary_cluster_resample_with_replacement,ok,644,338,338,215,564,,0.409551963954,0.301642388061,0.361593034663,0.107909575893,0.94871001032,193052,-0.799973511701,0.388602742454,0.362218749961,0.428669591692,0.0263839924936,0.0266991006929,5418,0.602954728547,-0.0815255833995,-0.922010909627,
PKIS2,157,ordinary_cluster_resample_with_replacement,ok,644,338,338,223,671,,0.446237829654,0.322346729616,0.377502236962,0.123891100037,0.993287139417,202124,-1.24621449425,0.418286772305,0.387512294457,0.441098257948,0.0307744778485,0.115843530395,23572,0.42569889868,-0.0931166221887,-0.877443609023,
PKIS2,158,ordinary_cluster_resample_with_replacement,ok,644,338,338,209,649,,0.412190794802,0.292007980455,0.35348813719,0.120182814347,0.98861369109,201173,-0.954822836,0.405241545129,0.392930448812,0.445232813345,0.0123110963172,0.00711582878766,1445,0.764616830864,-0.10787171803,-0.981497862303,
PKIS2,159,ordinary_cluster_resample_with_replacement,ok,644,338,338,221,610,,0.415459722647,0.285676430009,0.350439400697,0.129783292638,0.987965010566,201041,-1.00397374082,0.392778822873,0.365782613251,0.430396367582,0.0269962096222,0.0186004226252,3778,0.582190976187,-0.102787083016,-0.96936458794,
PKIS2,160,ordinary_cluster_resample_with_replacement,ok,644,338,338,221,689,,0.397884126502,0.286629714938,0.353245557733,0.111254411563,0.977256867659,198862,-0.670089379575,0.412038783487,0.379058743947,0.44636544877,0.0329800395397,0.028517371861,5802,0.510003652289,-0.0782743720238,-0.948739495798,
PKIS2,161,ordinary_cluster_resample_with_replacement,ok,644,338,338,217,650,,0.428245163728,0.312313679513,0.368230471971,0.115931484215,0.994068504595,202283,-1.07328566461,0.412530134574,0.388934198206,0.450025472202,0.0235959363679,0.0182957393484,3722,0.61375930105,-0.0923355478467,-0.975772765246,
PKIS2,162,ordinary_cluster_resample_with_replacement,ok,644,338,338,214,636,,0.408007628194,0.298378590149,0.357051322002,0.109629038045,0.972091994693,197811,-0.868483613814,0.388973686872,0.358983051365,0.423774984924,0.0299906355063,0.0494520615264,10056,0.537123931034,-0.0796384025387,-0.922639933166,
PKIS2,163,ordinary_cluster_resample_with_replacement,ok,644,338,338,218,637,,0.404514485625,0.293120410069,0.352653696216,0.111394075556,0.971747997445,197741,-0.871122573015,0.394390169889,0.357408426276,0.418283809829,0.0369817436133,0.100781365178,20505,0.392500852477,-0.074412331943,-0.870966632267,
PKIS2,164,ordinary_cluster_resample_with_replacement,ok,644,338,338,202,663,,0.433091379521,0.319257420654,0.374759210232,0.113833958868,0.993680279129,202204,-1.05099618829,0.406858716996,0.384693758363,0.442173347647,0.0221649586329,0.0181384834636,3688,0.614385577406,-0.0916690002348,-0.975541795666,
PKIS2,165,ordinary_cluster_resample_with_replacement,ok,644,338,338,209,693,,0.430317180219,0.299743051293,0.365591084308,0.130574128926,0.993390338592,202145,-0.982961721819,0.402055027622,0.377514303553,0.443632171192,0.0245407240683,0.0105361442823,2141,0.628833703434,-0.106033404857,-0.982854194309,
PKIS2,166,ordinary_cluster_resample_with_replacement,ok,644,338,338,220,639,,0.430477517085,0.294239961032,0.362678611496,0.136237556053,0.994368273625,202344,-0.990652286818,0.394747403713,0.379755592271,0.437507914068,0.014991811442,0.00833456189493,1693,0.740411970019,-0.121245744611,-0.98603371173,
PKIS2,167,ordinary_cluster_resample_with_replacement,ok,644,338,338,217,678,,0.406481706598,0.313862720864,0.365443126275,0.0926189857335,0.951923927466,193707,-0.795623454205,0.405529396195,0.388966441482,0.445013998367,0.0165629547128,0.00715022851246,1444,0.704483912712,-0.0760560310207,-0.944773698953,
PKIS2,168,ordinary_cluster_resample_with_replacement,ok,644,338,338,219,619,,0.413435178437,0.292515384999,0.364308490658,0.120919793438,0.970042753944,197394,-0.68428141292,0.400115750438,0.37517292183,0.444680651795,0.0249428286081,0.0136616049929,2779,0.641150291907,-0.0959769648304,-0.956381148951,
PKIS2,169,ordinary_cluster_resample_with_replacement,ok,644,338,338,210,591,,0.405653576418,0.295691994621,0.355704887618,0.109961581797,0.960631972087,195479,-0.83229929946,0.416075406548,0.385417598222,0.443075393737,0.0306578083261,0.0937195931004,19070,0.468279908171,-0.0793037734714,-0.866912378987,
PKIS2,170,ordinary_cluster_resample_with_replacement,ok,644,338,338,214,561,,0.39379349257,0.272413929062,0.34424484678,0.121379563508,0.973168214654,198030,-0.689795527673,0.401585438919,0.3751549579,0.441754325932,0.0264304810184,0.0362867954199,7381,0.603142164866,-0.0949490824896,-0.936881419234,
PKIS2,171,ordinary_cluster_resample_with_replacement,ok,644,338,338,206,682,,0.417946600255,0.302704259886,0.36955574757,0.115242340369,0.96531033466,196431,-0.723856033166,0.402665999188,0.375049147363,0.435668317023,0.027616851825,0.0450685537373,9166,0.544420486457,-0.087625488544,-0.920241780923,
PKIS2,172,ordinary_cluster_resample_with_replacement,ok,644,338,338,214,673,,0.434272692824,0.311939207895,0.367542963635,0.122333484929,0.99329696791,202126,-1.20009391994,0.41422347061,0.392734052322,0.44819409899,0.0214894182882,0.0460366602781,9366,0.612524338168,-0.100844066641,-0.947260307632,
PKIS2,173,ordinary_cluster_resample_with_replacement,ok,644,338,338,213,669,,0.423309757829,0.302051966205,0.362173798797,0.121257791624,0.987724212492,200992,-1.01686785643,0.408478276288,0.366637286687,0.432389024205,0.041840989601,0.128134060642,26071,0.363651955371,-0.0794168020233,-0.85959015185,
PKIS2,174,ordinary_cluster_resample_with_replacement,ok,644,338,338,210,664,,0.436741948003,0.299274031201,0.362168623568,0.137467916802,0.991365669075,201733,-1.18568737992,0.397817866348,0.362528811789,0.419944306696,0.0352890545595,0.118462823726,24106,0.385374024615,-0.102178862243,-0.872902845349,
PKIS2,175,ordinary_cluster_resample_with_replacement,ok,644,338,338,204,696,,0.394007260428,0.28983369624,0.346667828754,0.104173564188,0.985026291218,200443,-0.832940164291,0.417259946753,0.404725662447,0.447426239701,0.0125342843052,0.0309892378004,6299,0.70646101033,-0.0916392798827,-0.954037053418,
PKIS2,176,ordinary_cluster_resample_with_replacement,ok,644,338,338,218,612,,0.422697968242,0.302233882604,0.357787759338,0.120464085638,0.987046046489,200854,-1.16841906849,0.400577136975,0.372286879094,0.431736300276,0.0282902578811,0.0430487984668,8755,0.524128960072,-0.0921738277568,-0.943997248022,
PKIS2,177,ordinary_cluster_resample_with_replacement,ok,644,338,338,225,641,,0.419739096388,0.298908565361,0.362708417366,0.120830531027,0.980298786181,199481,-0.893899863857,0.384525863549,0.379528438914,0.4360660252,0.00499742463475,0.000329254508821,64,0.911608808174,-0.115833106392,-0.979969531672,
PKIS2,178,ordinary_cluster_resample_with_replacement,ok,644,338,338,207,634,,0.406219969516,0.273218483445,0.337487844515,0.133001486071,0.992240404934,201911,-1.06943843624,0.396316461124,0.359678364165,0.418631746145,0.036638096959,0.126930070274,25826,0.378524255466,-0.0963633891124,-0.86531033466,
PKIS2,179,ordinary_cluster_resample_with_replacement,ok,644,338,338,204,719,,0.428845561041,0.299168006099,0.362279138488,0.129677554942,0.991439382771,201748,-1.05474929751,0.405933627393,0.366125672072,0.435969482069,0.0398079553215,0.0673841466411,13711,0.430043187466,-0.0898695996207,-0.92405523613,
PKIS2,180,ordinary_cluster_resample_with_replacement,ok,644,338,338,220,615,,0.43207528144,0.311598167518,0.374117701779,0.120477113922,0.985031205465,200444,-0.927031532553,0.415793107817,0.376416991097,0.442927177842,0.0393761167199,0.0961275738366,19558,0.407968633871,-0.0811009972021,-0.888903631628,
PKIS2,181,ordinary_cluster_resample_with_replacement,ok,644,338,338,201,697,,0.425034498239,0.303745330739,0.361780168643,0.121289167501,0.986436679935,200730,-1.08993721496,0.405053081308,0.380179004307,0.43312922745,0.0248740770007,0.0598653496486,12180,0.530236597239,-0.0964150904999,-0.926571330287,
PKIS2,182,ordinary_cluster_resample_with_replacement,ok,644,338,338,215,607,,0.424365006974,0.29676233429,0.358153668172,0.127602672684,0.993095483808,202085,-1.07851279023,0.404637381434,0.377448099663,0.439130627013,0.0271892817705,0.0375841564696,7641,0.559206100355,-0.100413390913,-0.955511327338,
PKIS2,183,ordinary_cluster_resample_with_replacement,ok,644,338,338,216,619,,0.418925878822,0.284131911763,0.357112008409,0.134793967059,0.991124871001,201684,-0.846996280544,0.401168724087,0.371947155016,0.438383322762,0.0292215690718,0.0380510098776,7736,0.560155709415,-0.105572397987,-0.953073861123,
PKIS2,184,ordinary_cluster_resample_with_replacement,ok,644,338,338,214,654,,0.412405547036,0.290368002225,0.350149080386,0.122037544811,0.990063393779,201468,-1.04140755847,0.411027971548,0.378574143703,0.435783143845,0.0324538278447,0.0831932773109,16926,0.432714646923,-0.0895837169665,-0.906870116468,
PKIS2,185,ordinary_cluster_resample_with_replacement,ok,644,338,338,197,699,,0.423804427907,0.315784234008,0.367589338042,0.108020193899,0.987842154406,201016,-1.08512647377,0.415299051441,0.388143536876,0.440378363067,0.0271555145653,0.0730895867119,14872,0.48012625779,-0.0808646793338,-0.914752567694,
PKIS2,186,ordinary_cluster_resample_with_replacement,ok,644,338,338,213,666,,0.439565392444,0.317739105055,0.380940430244,0.121826287389,0.983360361689,200104,-0.927590711503,0.403445574086,0.380613678312,0.44016875436,0.022831895774,0.0250724851344,5099,0.616625529017,-0.0989943916147,-0.958287876554,
PKIS2,187,ordinary_cluster_resample_with_replacement,ok,644,338,338,210,688,,0.409094812745,0.28839412537,0.354911668001,0.120700687375,0.973929922846,198185,-0.814569248951,0.396972448202,0.372991824739,0.430800927861,0.0239806234631,0.0267728143889,5443,0.585175652833,-0.0967200639115,-0.947157108457,
PKIS2,188,ordinary_cluster_resample_with_replacement,ok,644,338,338,208,590,,0.402427927997,0.286351642585,0.342358066788,0.116076285411,0.989208314905,201294,-1.07255305199,0.400203074676,0.354972470174,0.416048118608,0.0452306045026,0.213538748833,43452,0.259433085649,-0.0708456809086,-0.775669566072,
PKIS2,189,ordinary_cluster_resample_with_replacement,ok,644,338,338,212,649,,0.407587925807,0.295444828991,0.357717943095,0.112143096816,0.97134502924,197659,-0.800826864521,0.412467204781,0.384242869855,0.445181258953,0.028224334926,0.0482775566367,9821,0.53683818454,-0.0839187618901,-0.923067472603,
PKIS2,190,ordinary_cluster_resample_with_replacement,ok,644,338,338,219,664,,0.421284135299,0.314806996484,0.373292596833,0.106477138815,0.969949383262,197375,-0.820570160529,0.396461750954,0.36622284612,0.429924454333,0.0302389048341,0.0394761413337,8016,0.525303902329,-0.0762382339805,-0.930473241928,
PKIS2,191,ordinary_cluster_resample_with_replacement,ok,644,338,338,212,662,,0.411660189814,0.314970858279,0.367804621246,0.0966893315351,0.957000343997,194740,-0.830067103017,0.417239430455,0.392896010496,0.445684625392,0.0243434199584,0.0774927514866,15764,0.538850943395,-0.0723459115767,-0.879507592511,
PKIS2,192,ordinary_cluster_resample_with_replacement,ok,644,338,338,210,646,,0.433202072572,0.293160007319,0.364960959809,0.140042065253,0.994810555801,202434,-0.950420717239,0.406339442463,0.378277336547,0.431228148222,0.0280621059157,0.0957098628925,19473,0.470034452202,-0.111979959337,-0.899100692909,
PKIS2,193,ordinary_cluster_resample_with_replacement,ok,644,338,338,228,639,,0.406494176141,0.296022979333,0.357137003602,0.110471196808,0.956091208413,194555,-0.807624324026,0.391500937215,0.364723248024,0.427775342295,0.0267776891908,0.0381247235736,7755,0.575308488949,-0.0836935076173,-0.91796648484,
PKIS2,194,ordinary_cluster_resample_with_replacement,ok,644,338,338,218,673,,0.419269040357,0.297837084893,0.353162053788,0.121431955464,0.99199960686,201862,-1.1948852008,0.397331124303,0.368969380844,0.425580161835,0.0283617434597,0.0659934149098,13426,0.499004554198,-0.0930702120043,-0.92600619195,
PKIS2,195,ordinary_cluster_resample_with_replacement,ok,644,338,338,228,650,,0.417317165081,0.299856675383,0.363847454039,0.117460489698,0.981399577375,199705,-0.835584628985,0.413355873172,0.389845915135,0.453574398548,0.0235099580373,0.0175880878667,3576,0.631091832438,-0.0939505316611,-0.963811489508,
PKIS2,196,ordinary_cluster_resample_with_replacement,ok,644,338,338,212,655,,0.433794723462,0.308010928606,0.372156931668,0.125783794856,0.991562238931,201773,-0.960898401343,0.402900128329,0.381189077092,0.442289538151,0.0217110512369,0.0220010811342,4476,0.644666327212,-0.104072743619,-0.969561157796,
PKIS2,197,ordinary_cluster_resample_with_replacement,ok,644,338,338,209,609,,0.439415697725,0.298841067726,0.363163933429,0.140574629998,0.998712467443,203228,-1.18545346919,0.412043039767,0.386898969902,0.441598838581,0.0251440698658,0.0418595508379,8515,0.540326686828,-0.115430560133,-0.956852916605,
PKIS2,198,ordinary_cluster_resample_with_replacement,ok,644,338,338,202,594,,0.39173702755,0.281456602749,0.345135114921,0.110280424801,0.961457565482,195647,-0.731831053196,0.390690128802,0.361742512726,0.427657091948,0.0289476160756,0.0205169787213,4170,0.560831360571,-0.081332808725,-0.940940586761,
PKIS2,199,ordinary_cluster_resample_with_replacement,ok,644,338,338,212,666,,0.42970371118,0.302896753248,0.361537950903,0.126806957931,0.986259767065,200694,-1.16242101123,0.391449700666,0.355933720636,0.418546632299,0.0355159800297,0.0912428129146,18564,0.432769071323,-0.0912909779013,-0.89501695415,
PKIS2,200,ordinary_cluster_resample_with_replacement,ok,644,338,338,212,672,,0.426771940958,0.315449118883,0.376600005828,0.111322822076,0.977384638066,198888,-0.820461282516,0.40359757466,0.389261671592,0.453630780105,0.0143359030676,0.00379871246744,770,0.777285977718,-0.0969869190081,-0.973585925598,
PKIS2,201,ordinary_cluster_resample_with_replacement,ok,644,338,338,212,676,,0.403968495704,0.292810748209,0.354167631221,0.111157747494,0.971173030616,197624,-0.811658970232,0.394419860796,0.367103497122,0.428024203839,0.0273163636732,0.0363113666519,7386,0.551607899094,-0.083841383821,-0.934861663964,
PKIS2,202,ordinary_cluster_resample_with_replacement,ok,644,338,338,214,628,,0.407239449171,0.284954073361,0.3473849554,0.122285375809,0.98419086933,200273,-0.958732150104,0.392085638935,0.351221987995,0.417233633795,0.0408636509396,0.0905400756794,18423,0.380963003655,-0.0814217248698,-0.893650793651,
PKIS2,203,ordinary_cluster_resample_with_replacement,ok,644,338,338,204,691,,0.421386975956,0.303255025314,0.364338287071,0.118131950642,0.972190279621,197831,-0.933949616378,0.402645368733,0.363371924484,0.425775140532,0.039273444249,0.107287827412,21827,0.370650316828,-0.0788585063931,-0.864902452209,
PKIS2,204,ordinary_cluster_resample_with_replacement,ok,644,338,338,217,687,,0.446430783201,0.310994718904,0.367668092468,0.135436064297,0.996024374662,202681,-1.38976534799,0.408290152936,0.375332369864,0.43250835353,0.0329577830727,0.0920634920635,18731,0.423572959149,-0.102478281225,-0.903960882599,
PKIS2,205,ordinary_cluster_resample_with_replacement,ok,644,338,338,211,608,,0.406334302381,0.290822308492,0.349500393314,0.115511993889,0.977482922994,198908,-0.968571302861,0.389687527715,0.35907909072,0.420234142717,0.0306084369951,0.0517224433633,10520,0.49949454713,-0.0849035568937,-0.92576047963,
PKIS2,206,ordinary_cluster_resample_with_replacement,ok,644,338,338,206,599,,0.436095362708,0.299646525264,0.362827236401,0.136448837444,0.991119956755,201683,-1.15965972823,0.399332072505,0.364732325095,0.425679070361,0.0345997474098,0.0793896505971,16154,0.432295403815,-0.101849090035,-0.911730306158,
PKIS2,207,ordinary_cluster_resample_with_replacement,ok,644,338,338,215,655,,0.407728129897,0.296688888681,0.359852536367,0.111039241216,0.96464199715,196295,-0.757961189448,0.403953247902,0.363891507777,0.439534723314,0.0400617401241,0.0588775861222,11980,0.470385548261,-0.0709775010915,-0.905764411028,
PKIS2,208,ordinary_cluster_resample_with_replacement,ok,644,338,338,205,701,,0.43695335766,0.331506661408,0.384556159714,0.105446696253,0.966671580913,196708,-0.98770392973,0.405293385603,0.371551434285,0.431643604972,0.0337419513174,0.0881566661752,17938,0.438496713766,-0.0717047449353,-0.878514914738,
PKIS2,209,ordinary_cluster_resample_with_replacement,ok,644,338,338,210,577,,0.417745723769,0.298365116675,0.361050201255,0.119380607093,0.979635362917,199346,-0.904449964342,0.389305213159,0.368887848439,0.433997685647,0.0204173647204,0.0077989090373,1584,0.686416590858,-0.0989632423729,-0.97183645388,
PKIS2,210,ordinary_cluster_resample_with_replacement,ok,644,338,338,207,660,,0.429346212627,0.300026379768,0.371283515047,0.129319832859,0.983709273183,200174,-0.814833452864,0.395080556939,0.366742167012,0.434079639434,0.0283383899274,0.0197159565581,4011,0.579158692657,-0.100981442932,-0.963993316625,
PKIS2,211,ordinary_cluster_resample_with_replacement,ok,644,338,338,212,620,,0.415776208651,0.313284654773,0.366860685402,0.102491553879,0.978721313087,199160,-0.913011335011,0.408387795935,0.380255951854,0.438014404959,0.0281318440812,0.0696004717677,14158,0.512939793761,-0.0743597097973,-0.909120841319,
PKIS2,212,ordinary_cluster_resample_with_replacement,ok,644,338,338,216,654,,0.420679088232,0.284862691095,0.359294181825,0.135816397137,0.991365669075,201733,-0.824716874611,0.405508580434,0.381888564847,0.443506129628,0.0236200155876,0.0339770996118,6911,0.616667492921,-0.112196381549,-0.957388569463,
PKIS2,213,ordinary_cluster_resample_with_replacement,ok,644,338,338,216,590,,0.41165931241,0.285416939325,0.349305158436,0.126242373085,0.989223057644,201297,-0.975988293938,0.408018363915,0.383781955564,0.443811189146,0.0242364083509,0.0159860435402,3252,0.596256575256,-0.102005964734,-0.973237014104,
PKIS2,214,ordinary_cluster_resample_with_replacement,ok,644,338,338,212,592,,0.41518245358,0.313372278714,0.371629487117,0.101810174866,0.947560076662,192819,-0.747597896583,0.398982502522,0.367164226187,0.433094788875,0.0318182763346,0.0337117303062,6859,0.517397166995,-0.0699918985316,-0.913848346356,
PKIS2,215,ordinary_cluster_resample_with_replacement,ok,644,338,338,214,624,,0.414311828338,0.309552317796,0.364765223771,0.104759510542,0.968715907416,197124,-0.897373606624,0.395002114303,0.372797460214,0.432869617078,0.0222046540887,0.0261093911249,5308,0.630366957875,-0.0825548564533,-0.942606516291,
PKIS2,216,ordinary_cluster_resample_with_replacement,ok,644,338,338,215,683,,0.434704559903,0.312589339947,0.37331059402,0.122115219957,0.98850557767,201151,-1.01107868769,0.407867051165,0.383903219109,0.444049694823,0.023963832056,0.0401248218586,8162,0.601575457722,-0.0981513879007,-0.948380755811,
PKIS2,217,ordinary_cluster_resample_with_replacement,ok,644,338,338,210,650,,0.427488690931,0.302016518951,0.362198176079,0.12547217198,0.988918374367,201235,-1.08489061232,0.389566352256,0.368721201617,0.42893508253,0.0208451506389,0.0112585385031,2290,0.653814862573,-0.104627021341,-0.977659835864,
PKIS2,218,ordinary_cluster_resample_with_replacement,ok,644,338,338,208,654,,0.41197581125,0.29816142827,0.358205914822,0.11381438298,0.982805051845,199991,-0.895500977943,0.401650737193,0.381123259978,0.437328680999,0.0205274772151,0.0221730797582,4505,0.634777627455,-0.0932869057647,-0.960631972087,
PKIS2,219,ordinary_cluster_resample_with_replacement,ok,644,338,338,202,634,,0.443124717244,0.32299874167,0.380941623142,0.120125975574,0.986245024326,200691,-1.07317918133,0.410623627768,0.376602372881,0.439069397374,0.0340212548866,0.0672367192491,13681,0.455372571962,-0.0861047206869,-0.919008305076,
PKIS2,220,ordinary_cluster_resample_with_replacement,ok,644,338,338,201,670,,0.405999358586,0.297423713421,0.355260867309,0.108575645165,0.978057889823,199025,-0.877264662352,0.407614041558,0.372967640567,0.434132120979,0.0346464009912,0.0745196324144,15161,0.433553579497,-0.0739292441739,-0.903538257408,
PKIS2,221,ordinary_cluster_resample_with_replacement,ok,644,338,338,210,665,,0.408603020184,0.300857976565,0.359533462998,0.107745043619,0.982922993759,200015,-0.836287181727,0.415846596335,0.389514959656,0.449121458177,0.0263316366797,0.0370337608728,7535,0.558242182767,-0.0814134069394,-0.945889232886,
PKIS2,222,ordinary_cluster_resample_with_replacement,ok,644,338,338,210,680,,0.410336674335,0.289467589073,0.355951416614,0.120869085262,0.971158287877,197621,-0.818022363235,0.414273070841,0.372851057365,0.434371158257,0.0414220134764,0.169900240798,34572,0.326691392317,-0.0794470717853,-0.801258047078,
PKIS2,223,ordinary_cluster_resample_with_replacement,ok,644,338,338,216,636,,0.421449539888,0.298773674972,0.369003340129,0.122675864916,0.980529755762,199528,-0.746781287395,0.405589402869,0.373867535719,0.439136394644,0.0317218671499,0.0390830016217,7952,0.513981588275,-0.0909539977657,-0.94144675414,
PKIS2,224,ordinary_cluster_resample_with_replacement,ok,644,338,338,219,637,,0.42103255766,0.296057622521,0.361595533748,0.124974935139,0.989842252691,201423,-0.906910562136,0.414168662735,0.377954920042,0.440797672907,0.0362137426935,0.0901862499386,18351,0.423740351236,-0.088761192446,-0.899656002752,
PKIS2,225,ordinary_cluster_resample_with_replacement,ok,644,338,338,207,667,,0.400640662651,0.281331117203,0.344452355179,0.119309545448,0.981099808344,199644,-0.890164852157,0.400482160701,0.373489802074,0.427762715618,0.0269923586269,0.0585532458597,11914,0.50265506559,-0.0923171868206,-0.922546562485,
PKIS2,226,ordinary_cluster_resample_with_replacement,ok,644,338,338,225,713,,0.422174254337,0.304140543518,0.364492424765,0.11803371082,0.980401985356,199502,-0.955758600719,0.419956886376,0.387071384726,0.441328155793,0.0328855016503,0.13081232493,26618,0.393891287598,-0.0851482091695,-0.849589660426,
PKIS2,227,ordinary_cluster_resample_with_replacement,ok,644,338,338,210,667,,0.426546707661,0.310436019411,0.366218798703,0.11611068825,0.986574278834,200758,-1.08147908232,0.400356787342,0.382831051992,0.435549712988,0.0175257353494,0.0142611430537,2899,0.66756106816,-0.0985849529002,-0.972313135781,
PKIS2,228,ordinary_cluster_resample_with_replacement,ok,644,338,338,214,618,,0.402929503636,0.29975775476,0.355292497494,0.103171748876,0.980962209445,199616,-0.857787464135,0.412267643702,0.380411955906,0.445379889999,0.0318556877962,0.0402181925402,8181,0.509670605342,-0.0713160610798,-0.940744016905,
PKIS2,229,ordinary_cluster_resample_with_replacement,ok,644,338,338,219,681,,0.417158632979,0.306852560152,0.369456801788,0.110306072827,0.964528969483,196272,-0.761958454309,0.395184816868,0.37284367195,0.431457657217,0.0223411449186,0.0205808639245,4181,0.618842758831,-0.0879649279083,-0.943948105558,
PKIS2,230,ordinary_cluster_resample_with_replacement,ok,644,338,338,216,672,,0.428780130439,0.314185011973,0.368392634557,0.114595118466,0.987237702098,200893,-1.11400376928,0.405471055053,0.383132120242,0.43214379638,0.0223389348114,0.0559732664996,11387,0.544211980259,-0.0922561836546,-0.931264435599,
PKIS2,231,ordinary_cluster_resample_with_replacement,ok,644,338,338,202,712,,0.442935366406,0.325488995612,0.384152621024,0.117446370794,0.995562435501,202587,-1.00203055929,0.432474923504,0.397687879547,0.45909719713,0.034787043957,0.0914983537275,18618,0.433521730478,-0.0826593268374,-0.904064081773,
PKIS2,232,ordinary_cluster_resample_with_replacement,ok,644,338,338,207,645,,0.417454930561,0.291304377095,0.358543230393,0.126150553466,0.985650400511,200570,-0.876155634417,0.397458418402,0.367184656611,0.434661157942,0.0302737617912,0.041309155241,8403,0.551343635281,-0.095876791675,-0.94434124527,
PKIS2,233,ordinary_cluster_resample_with_replacement,ok,644,338,338,219,652,,0.419996904744,0.300096022497,0.3660427014,0.119900882248,0.978588628434,199133,-0.818148908191,0.41994945134,0.375024474739,0.440463224846,0.0449249766014,0.183468475109,37331,0.313480521436,-0.0749759056462,-0.795120153324,
PKIS2,234,ordinary_cluster_resample_with_replacement,ok,644,338,338,212,661,,0.419151196328,0.304986868745,0.358594385218,0.114164327583,0.992161776991,201895,-1.12963284059,0.411319326793,0.381444052697,0.442146709643,0.0298752740958,0.0721263944174,14676,0.507842397705,-0.0842890534869,-0.920035382574,
PKIS2,235,ordinary_cluster_resample_with_replacement,ok,644,338,338,212,627,,0.403251669397,0.290299852326,0.342686212876,0.112951817071,0.992142120006,201891,-1.15613025766,0.398863362606,0.376343871523,0.4281922399,0.0225194910833,0.0568922305764,11574,0.565666350012,-0.0904323259873,-0.935249889429,
PKIS2,236,ordinary_cluster_resample_with_replacement,ok,644,338,338,214,642,,0.432033175861,0.307499259194,0.374454184712,0.124533916667,0.987738955231,200995,-0.859966473018,0.419119316697,0.385256655467,0.44671618835,0.0338626612299,0.0936213081724,19044,0.449025079731,-0.090671255437,-0.894117647059,
PKIS2,237,ordinary_cluster_resample_with_replacement,ok,644,338,338,212,646,,0.407289992585,0.303005963589,0.363698654334,0.104284028997,0.959816207185,195313,-0.718230444476,0.416913213892,0.37781676601,0.442756883239,0.0390964478814,0.136591478697,27792,0.397961544426,-0.0651875811151,-0.823224728488,
PKIS2,238,ordinary_cluster_resample_with_replacement,ok,644,338,338,210,587,,0.451444430458,0.318586797227,0.378976692106,0.132857633231,0.995567349747,202588,-1.1999977562,0.403168439305,0.363644270556,0.427583628395,0.0395241687491,0.0984913263551,20039,0.381849144483,-0.0933334644815,-0.897076023392,
PKIS2,239,ordinary_cluster_resample_with_replacement,ok,644,338,338,218,656,,0.427230632529,0.304913623844,0.368195087917,0.122317008684,0.98468229397,200373,-0.932904215746,0.403598315531,0.377383704682,0.443949571006,0.0262146108484,0.018364538798,3722,0.606185387553,-0.0961023978359,-0.966317755172,
PKIS2,240,ordinary_cluster_resample_with_replacement,ok,644,338,338,223,635,,0.421815473706,0.300993165489,0.364020816841,0.120822308217,0.980195587007,199460,-0.916973036845,0.407423662739,0.370376743564,0.43882971184,0.0370469191754,0.0678903140203,13814,0.458797476457,-0.0837753890417,-0.912305272986,
PKIS2,241,ordinary_cluster_resample_with_replacement,ok,644,338,338,226,677,,0.426195010161,0.311559263657,0.370555312193,0.114635746505,0.988161580422,201081,-0.943108892009,0.40414465887,0.389369565838,0.438727860046,0.0147750930322,0.0172539191115,3508,0.700656327992,-0.0998606534724,-0.97090766131,
PKIS2,242,ordinary_cluster_resample_with_replacement,ok,644,338,338,208,568,,0.415818953308,0.290611060542,0.361777784381,0.125207892766,0.977635264632,198939,-0.75936007747,0.407090000195,0.372193332594,0.436481313315,0.0348966676012,0.0905007617082,18415,0.457182085834,-0.0903112251652,-0.887134502924,
PKIS2,243,ordinary_cluster_resample_with_replacement,ok,644,338,338,208,674,,0.439333227989,0.319341577249,0.380299733252,0.11999165074,0.985969826527,200635,-0.968426517584,0.403180347938,0.387515410053,0.438743392446,0.0156649378855,0.0141628581257,2879,0.694211304962,-0.104326712855,-0.971806968401,
PKIS2,244,ordinary_cluster_resample_with_replacement,ok,644,338,338,206,655,,0.433456350324,0.327905290361,0.381941116324,0.105551059964,0.978018575851,199016,-0.953353318495,0.419700766676,0.393577517212,0.449555181375,0.0261232494643,0.0484593837535,9858,0.533327268029,-0.0794278104993,-0.929559192098,
PKIS2,245,ordinary_cluster_resample_with_replacement,ok,644,338,338,215,630,,0.398617364468,0.287944585457,0.353055812788,0.110672779011,0.966479925303,196669,-0.699749544716,0.392223688287,0.351781368043,0.424185589325,0.0404423202441,0.0441839893852,8988,0.441436983533,-0.0702304587667,-0.922295935918,
PKIS2,246,ordinary_cluster_resample_with_replacement,ok,644,338,338,214,666,,0.43627326899,0.305030512685,0.366451578185,0.131242756305,0.994776156076,202427,-1.13677107741,0.413786155717,0.378753992343,0.435010026256,0.0350321633738,0.127971890511,26038,0.377272784142,-0.0962105929314,-0.866804265566,
PKIS2,247,ordinary_cluster_resample_with_replacement,ok,644,338,338,225,621,,0.433809421259,0.306425642703,0.362534651882,0.127383778557,0.992839942995,202033,-1.27029099998,0.411491997646,0.382030253608,0.435476212395,0.0294617440382,0.0897685389945,18266,0.448756375473,-0.0979220345184,-0.903071404,
PKIS2,248,ordinary_cluster_resample_with_replacement,ok,644,338,338,227,620,,0.401588710381,0.287830673748,0.345749414537,0.113758036633,0.990318934591,201520,-0.964097200392,0.414526996961,0.38364331219,0.442516767445,0.030883684771,0.0599144921126,12187,0.475422588382,-0.0828743518619,-0.930404442479,
PKIS2,249,ordinary_cluster_resample_with_replacement,ok,644,338,338,204,595,,0.402392656298,0.296776932113,0.3552023085,0.105615724185,0.963595262666,196082,-0.80770293179,0.401521076012,0.369032162294,0.431227461091,0.0324889137182,0.0624060150376,12698,0.477630715721,-0.0731268104673,-0.901189247629,
PKIS2,250,ordinary_cluster_resample_with_replacement,ok,644,338,338,214,639,,0.437380043485,0.317465134792,0.374271243582,0.119914908693,0.988967516831,201245,-1.11095093903,0.408700890698,0.380803811417,0.434268415288,0.0278970792816,0.0770553835569,15679,0.47821404702,-0.0920178294118,-0.911912133274,
PKIS2,251,ordinary_cluster_resample_with_replacement,ok,644,338,338,209,600,,0.421592004463,0.313628182663,0.365613860236,0.1079638218,0.980947466706,199613,-1.07679935785,0.413977185224,0.374283018995,0.431332403531,0.0396941662295,0.178239716939,36267,0.304213944599,-0.0682696555701,-0.802707749767,
PKIS2,252,ordinary_cluster_resample_with_replacement,ok,644,338,338,209,642,,0.422191306559,0.313210853503,0.367986601597,0.108980453056,0.981389748882,199703,-0.989574891225,0.412134541884,0.37508070253,0.434985877506,0.0370538393534,0.100289940538,20401,0.381458457166,-0.071926613703,-0.881099808344,
PKIS2,253,ordinary_cluster_resample_with_replacement,ok,644,338,338,216,660,,0.433867316428,0.308124188608,0.372125997389,0.125743127819,0.992132291513,201889,-0.964680845989,0.409756641295,0.376953339007,0.438894429828,0.0328033022873,0.0484692122463,9862,0.470411291559,-0.0929398255319,-0.943663079267,
PKIS2,254,ordinary_cluster_resample_with_replacement,ok,644,338,338,209,667,,0.410415380088,0.290285766168,0.366492305904,0.12012961392,0.962578013662,195875,-0.576368830499,0.406533303492,0.372006959221,0.438562967124,0.0345263442707,0.0565236620964,11499,0.481243762086,-0.0856032696496,-0.906054351565,
PKIS2,255,ordinary_cluster_resample_with_replacement,ok,644,338,338,216,657,,0.42532214731,0.305906377968,0.369950562762,0.119415769342,0.978062804069,199026,-0.864584110563,0.408541023984,0.37314317856,0.435396539775,0.0353978454237,0.0941717037692,19160,0.431390615173,-0.0840179239181,-0.8838911003,
PKIS2,256,ordinary_cluster_resample_with_replacement,ok,644,338,338,211,646,,0.4376718588,0.318385770733,0.373285769432,0.119286088066,0.991355840582,201731,-1.17278854087,0.419694294564,0.388555691769,0.438232755554,0.0311386027953,0.166396383115,33859,0.37317948319,-0.0881474852709,-0.824959457467,
PKIS2,257,ordinary_cluster_resample_with_replacement,ok,644,338,338,213,646,,0.377378520718,0.267341061785,0.336724364374,0.110037458933,0.929981817288,189242,-0.585935734204,0.398414087596,0.362665326862,0.426404308738,0.0357487607338,0.071826625387,14613,0.439138190135,-0.0742886981994,-0.858155191901,
PKIS2,258,ordinary_cluster_resample_with_replacement,ok,644,338,338,206,626,,0.436526351473,0.313590062571,0.372076020945,0.122936288902,0.994800727308,202432,-1.10197955748,0.41442125466,0.389319915318,0.443678836336,0.0251013393422,0.0488328664799,9932,0.538229625014,-0.0978349495602,-0.945967860829,
PKIS2,259,ordinary_cluster_resample_with_replacement,ok,644,338,338,218,612,,0.423631303679,0.29964053232,0.361229309523,0.123990771359,0.987267187577,200899,-1.01320397953,0.405426077857,0.37719911735,0.441600418348,0.0282269605072,0.049889429456,10151,0.561702014247,-0.0957638108516,-0.937377758121,
PKIS2,260,ordinary_cluster_resample_with_replacement,ok,644,338,338,209,644,,0.429568580235,0.313203522196,0.373119498301,0.116365058039,0.982888594034,200008,-0.942137399798,0.402789874193,0.376067603739,0.43840676562,0.0267222704538,0.0298491326355,6071,0.571340556277,-0.089642787585,-0.953039461399,
PKIS2,261,ordinary_cluster_resample_with_replacement,ok,644,338,338,208,672,,0.421983912024,0.304930315168,0.36485138322,0.117053596856,0.980166101528,199454,-0.953463125078,0.398599536323,0.366220158796,0.424737193883,0.0323793775274,0.0880239815224,17911,0.446667496417,-0.0846742193286,-0.892142120006,
PKIS2,262,ordinary_cluster_resample_with_replacement,ok,644,338,338,209,626,,0.449407386237,0.338524683113,0.390327926974,0.110882703124,0.983719101676,200177,-1.14045868289,0.398960763638,0.375754353761,0.436314863557,0.0232064098774,0.015602732321,3174,0.616806233044,-0.0876762932469,-0.968116369355,
PKIS2,263,ordinary_cluster_resample_with_replacement,ok,644,338,338,211,628,,0.42221631934,0.313461890789,0.366440669971,0.108754428552,0.989380313529,201329,-1.05279227323,0.407930984081,0.382697011286,0.438240512681,0.0252339727947,0.0393483709273,8002,0.545689915815,-0.083520455757,-0.950031942602,
PKIS2,264,ordinary_cluster_resample_with_replacement,ok,644,338,338,214,616,,0.414605707892,0.301701332278,0.361763160427,0.112904375614,0.969590643275,197302,-0.879802515079,0.392852953538,0.376967613459,0.427645331466,0.0158853400796,0.0152636493194,3103,0.686541922088,-0.0970190355345,-0.954326993955,
PKIS2,265,ordinary_cluster_resample_with_replacement,ok,644,338,338,210,610,,0.418266548988,0.299043453037,0.354402869972,0.11922309595,0.993016855865,202069,-1.15361906884,0.413079171296,0.398865816753,0.445294997355,0.0142133545429,0.0244827755664,4979,0.693870226468,-0.105009741407,-0.968534080299,
PKIS2,266,ordinary_cluster_resample_with_replacement,ok,644,338,338,216,643,,0.441743628906,0.324964374237,0.374609499852,0.116779254669,0.98961128311,201376,-1.35228037443,0.395658056797,0.352705264563,0.419597981979,0.0429527922348,0.0945795862205,19243,0.357885373871,-0.0738264624344,-0.895031696889,
PKIS2,267,ordinary_cluster_resample_with_replacement,ok,644,338,338,215,627,,0.39729791926,0.278064441819,0.340984606775,0.119233477442,0.980161187282,199453,-0.894996262713,0.398044561311,0.346592130426,0.420382600878,0.0514524308851,0.154179566563,31373,0.302722552524,-0.0677810465565,-0.825981620718,
PKIS2,268,ordinary_cluster_resample_with_replacement,ok,644,338,338,212,635,,0.442908092629,0.315442632389,0.372575901287,0.127465460241,0.990269792127,201510,-1.23101990657,0.402279922013,0.360639034146,0.419215174199,0.0416408878671,0.190441790751,38738,0.289115195554,-0.0858245723737,-0.799828001376,
PKIS2,269,ordinary_cluster_resample_with_replacement,ok,644,338,338,212,573,,0.388649970239,0.267760892513,0.335749089653,0.120889077727,0.965285763428,196426,-0.77808918034,0.378652430033,0.350093864463,0.425685897198,0.0285585655694,0.0207823480269,4224,0.622201381069,-0.0923305121572,-0.944503415401,
PKIS2,270,ordinary_cluster_resample_with_replacement,ok,644,338,338,215,626,,0.395019448468,0.273222255368,0.338041591409,0.1217971931,0.978259373925,199066,-0.879025620098,0.398137420473,0.363659950268,0.424998353259,0.0344774702054,0.0899651088506,18304,0.437913794229,-0.0873197228942,-0.888294265074,
PKIS2,271,ordinary_cluster_resample_with_replacement,ok,644,338,338,217,679,,0.395886400131,0.28283892541,0.351492065986,0.113047474721,0.96955624355,197295,-0.646646807028,0.408927490683,0.376095469692,0.440151214605,0.0328320209917,0.0549068750307,11170,0.487446113751,-0.0802154537292,-0.914649368519,
PKIS2,272,ordinary_cluster_resample_with_replacement,ok,644,338,338,210,659,,0.432622415599,0.311559273609,0.36927280026,0.12106314199,0.987419529215,200930,-1.0976562864,0.416353328704,0.378167690188,0.438620330246,0.0381856385161,0.10866873065,22112,0.368337950511,-0.0828775034739,-0.878750798565,
PKIS2,273,ordinary_cluster_resample_with_replacement,ok,644,338,338,211,631,,0.435593085214,0.305364051885,0.367982543684,0.130229033329,0.990446704998,201546,-1.0797216539,0.419654441276,0.383233178727,0.442937857879,0.0364212625493,0.124659688437,25367,0.389976412798,-0.0938077707794,-0.865787016561,
PKIS2,274,ordinary_cluster_resample_with_replacement,ok,644,338,338,204,607,,0.4165413132,0.309283917375,0.36465609653,0.107257395825,0.977315838616,198874,-0.937026814951,0.41235362819,0.383107264274,0.440818455952,0.0292463639161,0.069482529854,14136,0.493228903002,-0.0780110319094,-0.907833308762,
PKIS2,275,ordinary_cluster_resample_with_replacement,ok,644,338,338,217,651,,0.433490857995,0.329871197534,0.381883444129,0.103619660461,0.98222517077,199873,-0.992216588301,0.433157732775,0.394753442071,0.451431583689,0.0384042907045,0.189768538995,38611,0.32241443336,-0.0652153697562,-0.792456631776,
PKIS2,276,ordinary_cluster_resample_with_replacement,ok,644,338,338,221,625,,0.44378568173,0.312909319104,0.37286583629,0.130876362626,0.988839746425,201219,-1.18285465484,0.407878870058,0.376926507579,0.430893368489,0.0309523624784,0.0893213425721,18175,0.426456125915,-0.0999240001473,-0.899518403853,
PKIS2,277,ordinary_cluster_resample_with_replacement,ok,644,338,338,208,691,,0.417990771789,0.296404724901,0.360180182173,0.121586046887,0.986323652268,200707,-0.906470797524,0.388365881714,0.374292013632,0.433467461456,0.0140738680816,0.0046537913411,944,0.762167104786,-0.107512178806,-0.981669860927,
PKIS2,278,ordinary_cluster_resample_with_replacement,ok,644,338,338,204,608,,0.413306024126,0.301781685985,0.354797519864,0.111524338141,0.992633544646,201991,-1.10360433822,0.406396408692,0.371693823583,0.430943231424,0.0347025851091,0.0926482873851,18850,0.414296507362,-0.0768217530315,-0.899985257261,
PKIS2,279,ordinary_cluster_resample_with_replacement,ok,644,338,338,216,619,,0.409696717153,0.283975531929,0.350275161984,0.125721185225,0.985075433682,200453,-0.896257718475,0.401560256381,0.36811875147,0.434403705211,0.0334415049111,0.0791390240307,16101,0.495488749351,-0.0922796803136,-0.905936409652,
PKIS2,280,ordinary_cluster_resample_with_replacement,ok,644,338,338,218,650,,0.425411448318,0.315639671409,0.372645176197,0.109771776908,0.979281537176,199274,-0.925634678921,0.395032690715,0.38809136698,0.439796000661,0.00694132373441,0.00270283552017,547,0.865750451358,-0.102830453174,-0.976578701656,
PKIS2,281,ordinary_cluster_resample_with_replacement,ok,644,338,338,208,691,,0.437861950187,0.315878741257,0.373531117886,0.12198320893,0.988166494668,201082,-1.11584007566,0.40436456882,0.368313614984,0.430925421909,0.0360509538368,0.0861860533687,17531,0.424214767039,-0.0859322550933,-0.901980441299,
PKIS2,282,ordinary_cluster_resample_with_replacement,ok,644,338,338,211,635,,0.410170594052,0.292237311088,0.362149027891,0.117933282963,0.945211066883,192341,-0.686888669835,0.386331410737,0.355892492445,0.427174925413,0.030438918292,0.0303405572755,6173,0.572981490324,-0.0874943646711,-0.914870509607,
PKIS2,283,ordinary_cluster_resample_with_replacement,ok,644,338,338,209,674,,0.406792861187,0.29929321042,0.35718346662,0.107499650766,0.955339328714,194402,-0.856955864822,0.393308427787,0.357107877089,0.419157494838,0.0362005506986,0.0801857585139,16314,0.416587047401,-0.0712991000675,-0.8751535702,
PKIS2,284,ordinary_cluster_resample_with_replacement,ok,644,338,338,211,657,,0.40874486369,0.286665148507,0.345255446299,0.122079715183,0.996255344243,202728,-1.08361656763,0.41432147797,0.393370971212,0.446102325596,0.0209505067584,0.0210526315789,4277,0.602693558641,-0.101129208425,-0.975202712664,
PKIS2,285,ordinary_cluster_resample_with_replacement,ok,644,338,338,222,610,,0.424100309124,0.305333275161,0.363819490095,0.118767033963,0.980849181778,199593,-1.03068422357,0.397347882694,0.373611483457,0.426462978365,0.0237363992373,0.0609071698855,12391,0.550884998077,-0.0950306347255,-0.919942011892,
PKIS2,286,ordinary_cluster_resample_with_replacement,ok,644,338,338,217,586,,0.406914769966,0.287112335305,0.345710056498,0.119802434662,0.978932625682,199203,-1.04448965286,0.400426820583,0.366606214096,0.43078853093,0.0338206064869,0.055855324586,11366,0.473054134609,-0.0859818281746,-0.923077301096,
PKIS2,287,ordinary_cluster_resample_with_replacement,ok,644,338,338,216,609,,0.417613825119,0.303836965336,0.365688643577,0.113776859783,0.961757334513,195708,-0.839511279529,0.399928927092,0.365400158796,0.428935258115,0.0345287682955,0.0628188117352,12780,0.456540264114,-0.0792480914871,-0.898938522778,
PKIS2,288,ordinary_cluster_resample_with_replacement,ok,644,338,338,207,653,,0.42922979999,0.329727432061,0.3789810578,0.099502367929,0.985581601061,200556,-1.02020392281,0.433032311941,0.405534040904,0.460877801858,0.0274982710365,0.0483021278687,9826,0.503136928852,-0.0720040968925,-0.937279473193,
PKIS2,289,ordinary_cluster_resample_with_replacement,ok,644,338,338,214,683,,0.403161453787,0.276851779437,0.343278668195,0.12630967435,0.984063098924,200247,-0.901484123557,0.397827870672,0.366103958337,0.431127269449,0.0317239123351,0.0453240945501,9220,0.512114781725,-0.0945857620152,-0.938739004374,
PKIS2,290,ordinary_cluster_resample_with_replacement,ok,644,338,338,209,605,,0.400954131898,0.281555189985,0.352343564957,0.119398941913,0.934881320949,190239,-0.686702681924,0.386488525941,0.354728568594,0.421744099073,0.0317599573474,0.0515062165217,10478,0.526080639511,-0.0876389845657,-0.883375104428,
PKIS2,291,ordinary_cluster_resample_with_replacement,ok,644,338,338,214,567,,0.408905197961,0.285964991568,0.349892978461,0.122940206394,0.992648287385,201994,-0.923104611425,0.416142056299,0.388919874957,0.446061559248,0.0272221813419,0.0588923288614,11983,0.523602048497,-0.0957180250518,-0.933755958524,
PKIS2,292,ordinary_cluster_resample_with_replacement,ok,644,338,338,196,656,,0.437550547234,0.330116520222,0.392208219444,0.107434027011,0.96838173866,197056,-0.730247816658,0.417756422208,0.394297471819,0.457771620082,0.0234589503893,0.0141038871689,2863,0.630417248101,-0.0839750766219,-0.954277851491,
PKIS2,293,ordinary_cluster_resample_with_replacement,ok,644,338,338,211,643,,0.415613583568,0.290484127355,0.346508290422,0.125129456213,0.990780873753,201614,-1.23349086112,0.394652236486,0.364964719456,0.427508078606,0.0296875170302,0.0386210624601,7856,0.525329028792,-0.095441939183,-0.952159811293,
PKIS2,294,ordinary_cluster_resample_with_replacement,ok,644,338,338,215,691,,0.417702282425,0.296446536356,0.362208821382,0.121255746069,0.985920684063,200625,-0.843849343452,0.39627541428,0.3775630275,0.432869552443,0.0187123867802,0.00871787311416,1771,0.661660413496,-0.102543359289,-0.977202810949,
PKIS2,295,ordinary_cluster_resample_with_replacement,ok,644,338,338,220,619,,0.409924574337,0.283121106844,0.350620027922,0.126803467493,0.989970023097,201449,-0.878599916398,0.389846972166,0.358687948482,0.429327471387,0.031159023684,0.0261339623569,5317,0.558900989095,-0.0956444438091,-0.96383606074,
PKIS2,296,ordinary_cluster_resample_with_replacement,ok,644,338,338,215,605,,0.414799134184,0.308815494199,0.366110877489,0.105983639985,0.970308123249,197448,-0.849776262937,0.408294207254,0.379045597979,0.436343959702,0.029248609275,0.062312644356,12665,0.489538472039,-0.07673503071,-0.907995478893,
PKIS2,297,ordinary_cluster_resample_with_replacement,ok,644,338,338,220,685,,0.423387667504,0.313505658117,0.3664794776,0.109882009387,0.985674971743,200575,-1.07427009151,0.408018698125,0.383639673798,0.442258110434,0.024379024327,0.0270627549265,5502,0.584106541797,-0.0855029850604,-0.958612216817,
PKIS2,298,ordinary_cluster_resample_with_replacement,ok,644,338,338,210,650,,0.412579574262,0.297440807733,0.361996247671,0.115138766529,0.976706472063,198750,-0.783564121609,0.408308988307,0.382391425552,0.44284423016,0.0259175627549,0.0293183940243,5963,0.571276090117,-0.0892212037736,-0.947388078038,
PKIS2,299,ordinary_cluster_resample_with_replacement,ok,644,338,338,213,656,,0.40260812857,0.306709087929,0.36114528901,0.0958990406406,0.966632266942,196700,-0.761677683885,0.420684312488,0.400090073055,0.450674893023,0.0205942394326,0.0325961963733,6632,0.592877083566,-0.0753048012081,-0.934036070569,
PKIS2,300,ordinary_cluster_resample_with_replacement,ok,644,338,338,208,670,,0.42696459601,0.31265158405,0.369292231308,0.11431301196,0.981178436287,199660,-1.0182151422,0.411896535414,0.374955954608,0.436838949037,0.0369405808068,0.0881615804216,17939,0.403057638897,-0.0773724311527,-0.893016855865,
PKIS2,301,ordinary_cluster_resample_with_replacement,ok,644,338,338,210,658,,0.425252154016,0.32622834247,0.376278759543,0.0990238115454,0.977517322719,198914,-0.978481246247,0.40264682571,0.386675178737,0.436904671343,0.0159716469733,0.0116909921863,2368,0.682026511823,-0.0830521645722,-0.965826330532,
PKIS2,302,ordinary_cluster_resample_with_replacement,ok,644,338,338,222,680,,0.419951398272,0.304983031722,0.367733281832,0.11496836655,0.975168312939,198437,-0.832157901326,0.408778176409,0.370159854152,0.432406228878,0.0386183222578,0.0721313086638,14675,0.37958921419,-0.076350044292,-0.903037004275,
PKIS2,303,ordinary_cluster_resample_with_replacement,ok,644,338,338,211,648,,0.427678872945,0.322922271328,0.380097691739,0.104756601617,0.979365079365,199291,-0.832196437988,0.406399319827,0.379306860793,0.449737924418,0.0270924590343,0.0139515455305,2834,0.615333666141,-0.0776641425827,-0.965413533835,
PKIS2,304,ordinary_cluster_resample_with_replacement,ok,644,338,338,210,674,,0.405602311668,0.290409933586,0.356555194422,0.115192378082,0.975011057054,198405,-0.741506143076,0.400032364262,0.371855595305,0.436533296911,0.0281767689575,0.0256474519632,5216,0.564351109303,-0.0870156091241,-0.949363605091,
PKIS2,305,ordinary_cluster_resample_with_replacement,ok,644,338,338,217,626,,0.421663559886,0.3191967976,0.373481273256,0.102466762286,0.977792520517,198971,-0.887588689913,0.428201194841,0.392996887321,0.452212346166,0.0352043075202,0.121632512654,24748,0.405487887675,-0.0672624547654,-0.856160007863,
PKIS2,306,ordinary_cluster_resample_with_replacement,ok,644,338,338,214,623,,0.440835884813,0.310208730525,0.369883685646,0.130627154288,0.993218339968,202109,-1.18897783873,0.39968193405,0.361037587587,0.426586870235,0.0386443464635,0.0838861860534,17067,0.410453556436,-0.0919828078244,-0.909332153914,
PKIS2,307,ordinary_cluster_resample_with_replacement,ok,644,338,338,215,609,,0.447822774058,0.343223851729,0.395851829838,0.104598922329,0.978613199666,199138,-0.987515501952,0.419195317826,0.395688859951,0.449510985197,0.0235064578754,0.0465772273822,9473,0.563256601854,-0.0810924644538,-0.932035972284,
PKIS2,308,ordinary_cluster_resample_with_replacement,ok,644,338,338,216,705,,0.41036030856,0.289027275127,0.351135597296,0.121333033433,0.992328861369,201929,-0.95357126384,0.419170384831,0.385994430663,0.443163776632,0.0331759541682,0.12440906187,25313,0.419689807431,-0.0881570792648,-0.867919799499,
PKIS2,309,ordinary_cluster_resample_with_replacement,ok,644,338,338,212,661,,0.405232255345,0.30596553884,0.359097380414,0.0992667165043,0.962548528183,195869,-0.868309352055,0.424164818187,0.388091075261,0.442367658879,0.0360737429262,0.162386358052,33041,0.335371894815,-0.0631929735781,-0.800162170131,
PKIS2,310,ordinary_cluster_resample_with_replacement,ok,644,338,338,214,677,,0.413007962756,0.298200433305,0.364018295278,0.114807529451,0.974038036267,198207,-0.744321769332,0.41588199921,0.390647398968,0.445702692157,0.0252346002418,0.0505970809376,10293,0.541649879959,-0.0895729292096,-0.92344095533,
PKIS2,311,ordinary_cluster_resample_with_replacement,ok,644,338,338,217,665,,0.418661567848,0.29493932073,0.355759218565,0.123722247118,0.992142120006,201891,-1.03423964067,0.404330018044,0.381269149656,0.436318107147,0.0230608683884,0.0329303651285,6693,0.581084375814,-0.10066137873,-0.959211754877,
PKIS2,312,ordinary_cluster_resample_with_replacement,ok,644,338,338,208,578,,0.390122485705,0.260518575824,0.331384194903,0.129603909881,0.984642979999,200365,-0.828868661073,0.399772690781,0.376214741761,0.435831734988,0.0235579490197,0.0358641702295,7295,0.604845066067,-0.106045960861,-0.94877880977,
PKIS2,313,ordinary_cluster_resample_with_replacement,ok,644,338,338,210,613,,0.404358532331,0.297677389479,0.354004963616,0.106681142852,0.967256376235,196827,-0.893941723685,0.397919396791,0.376102734114,0.432691560324,0.0218166626763,0.0371811882648,7563,0.614470485827,-0.0848644801755,-0.93007518797,
PKIS2,314,ordinary_cluster_resample_with_replacement,ok,644,338,338,212,652,,0.444985467761,0.321063981553,0.374188996841,0.123921486208,0.99471718512,202415,-1.3326390691,0.396362432673,0.370777800255,0.427866488295,0.0255846324176,0.0292495945747,5949,0.551844099135,-0.09833685379,-0.965467590545,
PKIS2,315,ordinary_cluster_resample_with_replacement,ok,644,338,338,213,625,,0.408433463551,0.303193512791,0.361449755738,0.10523995076,0.972003538257,197793,-0.806500821817,0.404711732489,0.386199621213,0.446857472414,0.0185121112759,0.0155191901322,3147,0.694810961659,-0.0867278394844,-0.956484348125,
PKIS2,316,ordinary_cluster_resample_with_replacement,ok,644,338,338,213,571,,0.418339656535,0.300899098674,0.360901136391,0.117440557861,0.987925696594,201033,-0.957276158113,0.412985839855,0.386895949477,0.442529536655,0.0260898903777,0.0521106688289,10599,0.531040659043,-0.0913506674829,-0.935815027765,
PKIS2,317,ordinary_cluster_resample_with_replacement,ok,644,338,338,218,620,,0.403484224931,0.274650043129,0.337590037619,0.128834181802,0.99415696103,202301,-1.04693665522,0.405971108359,0.377809328645,0.436455106199,0.0281617797146,0.0559585237604,11386,0.519798681357,-0.100672402087,-0.93819843727,
PKIS2,318,ordinary_cluster_resample_with_replacement,ok,644,338,338,203,682,,0.436178882849,0.318634540608,0.376451725157,0.117544342241,0.990063393779,201468,-1.03303469649,0.420020784253,0.397350401975,0.450034247511,0.0226703822782,0.0460759742493,9373,0.569690062532,-0.0948739599628,-0.943987419529,
PKIS2,319,ordinary_cluster_resample_with_replacement,ok,644,338,338,214,678,,0.412330205099,0.302246435176,0.366094088101,0.110083769923,0.964219371959,196209,-0.724163142729,0.409400271106,0.378961596452,0.442369471365,0.0304386746537,0.0336920733206,6853,0.519954348011,-0.0796450952696,-0.930527298639,
PKIS2,320,ordinary_cluster_resample_with_replacement,ok,644,338,338,222,544,,0.414663271352,0.295017325525,0.350937790217,0.119645945826,0.99261388766,201987,-1.1395735262,0.416093685101,0.372539780732,0.438605491547,0.0435539043697,0.12479237309,25393,0.340748720746,-0.0760920414566,-0.867821514571,
PKIS2,321,ordinary_cluster_resample_with_replacement,ok,644,338,338,221,669,,0.420608329902,0.305066529285,0.359005912782,0.115541800616,0.986200796108,200682,-1.14206750478,0.397275554759,0.384532581246,0.438361279333,0.0127429735125,0.00500761708192,1014,0.76326803424,-0.102798827104,-0.981193179026,
PKIS2,322,ordinary_cluster_resample_with_replacement,ok,644,338,338,218,665,,0.404171581638,0.282334632049,0.35207519893,0.121836949589,0.978642685144,199144,-0.747002570197,0.390863700624,0.375677232663,0.437081289047,0.0151864679613,0.00429505135387,873,0.752679727436,-0.106650481628,-0.97434763379,
PKIS2,323,ordinary_cluster_resample_with_replacement,ok,644,338,338,213,639,,0.422385960226,0.308800701626,0.36271936102,0.113585258599,0.985011548479,200440,-1.10660390812,0.403451696338,0.378307905231,0.434200102247,0.0251437911077,0.0482234999263,9808,0.550137721367,-0.0884414674918,-0.936788048553,
PKIS2,324,ordinary_cluster_resample_with_replacement,ok,644,338,338,225,631,,0.419753334014,0.29511600564,0.357743258385,0.124637328374,0.992294461644,201922,-0.990145230899,0.403976210278,0.373432621472,0.433898273378,0.0305435888063,0.0406309892378,8265,0.494860506032,-0.0940937395675,-0.951663472407,
PKIS2,325,ordinary_cluster_resample_with_replacement,ok,644,338,338,219,675,,0.427070631015,0.311059111339,0.369115239605,0.116011519676,0.982387340901,199906,-0.998264836828,0.396569563017,0.372320342116,0.433169846231,0.0242492209012,0.0191213327436,3890,0.601488602839,-0.0917622987747,-0.963266008158,
PKIS2,326,ordinary_cluster_resample_with_replacement,ok,644,338,338,203,676,,0.437405297235,0.31187489214,0.375221089747,0.125530405096,0.988579291366,201166,-0.981656513517,0.414290219144,0.372319012255,0.43673391041,0.0419712068891,0.15060690943,30646,0.348423919137,-0.0835591982065,-0.837972381935,
PKIS2,327,ordinary_cluster_resample_with_replacement,ok,644,338,338,216,634,,0.406314945966,0.305496918497,0.354386532314,0.100818027468,0.982957393484,200022,-1.0621563477,0.414389877633,0.385455397001,0.436673282565,0.0289344806321,0.104073910266,21177,0.435070770422,-0.0718835468363,-0.878883483218,
PKIS2,328,ordinary_cluster_resample_with_replacement,ok,644,338,338,209,700,,0.437966164329,0.312804431217,0.377967271397,0.125161733111,0.98843677822,201137,-0.920753189501,0.395521483321,0.385112118406,0.441373220865,0.0104093649155,0.0014939309057,297,0.8149811422,-0.114752368196,-0.986942847314,
PKIS2,329,ordinary_cluster_resample_with_replacement,ok,644,338,338,199,649,,0.411370930885,0.288714404483,0.356262470474,0.122656526402,0.973949579832,198189,-0.81584068475,0.397849287192,0.360354575171,0.432319722265,0.0374947120219,0.0719838812718,14647,0.478987905453,-0.0851618143802,-0.90196569856,
PKIS2,330,ordinary_cluster_resample_with_replacement,ok,644,338,338,207,617,,0.431202923004,0.306725008677,0.364741690548,0.124477914327,0.99445673006,202362,-1.14555383579,0.399813987702,0.380669914449,0.440536557154,0.0191440732532,0.0179615705931,3654,0.680221365554,-0.105333841073,-0.976495159467,
PKIS2,331,ordinary_cluster_resample_with_replacement,ok,644,338,338,222,666,,0.41592616378,0.305400919884,0.35461320245,0.110525243896,0.988549805887,201160,-1.24588737062,0.403496601485,0.37133719313,0.425237691162,0.0321594083558,0.0997444591872,20294,0.403356007272,-0.0783658355404,-0.8888053467,
PKIS2,332,ordinary_cluster_resample_with_replacement,ok,644,338,338,214,619,,0.423883733736,0.294807122063,0.360709988286,0.129076611674,0.988304093567,201110,-0.958588739326,0.402400304908,0.365014581669,0.430276521361,0.0373857232389,0.074269005848,15112,0.427143547749,-0.0916908884348,-0.914035087719,
PKIS2,333,ordinary_cluster_resample_with_replacement,ok,644,338,338,223,649,,0.421657798725,0.305940323442,0.363421046798,0.115717475283,0.989311514079,201315,-1.01315273237,0.409518750544,0.37613276171,0.434044971964,0.0333859888343,0.100918964077,20533,0.423506913526,-0.0823314864487,-0.888392550002,
PKIS2,334,ordinary_cluster_resample_with_replacement,ok,644,338,338,210,680,,0.409227101596,0.286806419391,0.358505747131,0.122420682204,0.969959211755,197377,-0.707417434223,0.390257447233,0.359361531405,0.435091912504,0.0308959158273,0.0150474224778,3061,0.592027461383,-0.0915247663769,-0.954911789277,
PKIS2,335,ordinary_cluster_resample_with_replacement,ok,644,338,338,220,612,,0.436210326956,0.314573303983,0.365234364671,0.121637022973,0.995773748096,202630,-1.40099637317,0.406287376023,0.362933880289,0.420299922145,0.043353495734,0.210393631137,42812,0.244265521355,-0.0782835272392,-0.785380116959,
PKIS2,336,ordinary_cluster_resample_with_replacement,ok,644,338,338,214,642,,0.40695974174,0.294565806308,0.360387341983,0.112393935431,0.978318344882,199078,-0.707555654536,0.407852082749,0.389806269436,0.449441019033,0.0180458133129,0.0143643422281,2922,0.697394330743,-0.0943481221184,-0.963954002654,
PKIS2,337,ordinary_cluster_resample_with_replacement,ok,644,338,338,222,579,,0.420630195769,0.298080895858,0.355205347208,0.122549299911,0.990898815667,201638,-1.14530375373,0.415613527731,0.382812720883,0.439905483326,0.0328008068483,0.0994987468672,20244,0.425482224988,-0.089748493063,-0.891400068799,
PKIS2,338,ordinary_cluster_resample_with_replacement,ok,644,338,338,217,597,,0.403344695258,0.298755375792,0.360801487939,0.104589319466,0.944478844169,192192,-0.685670799465,0.402748110231,0.384877236534,0.440880428901,0.0178708736966,0.015602732321,3168,0.680895446466,-0.0867184457698,-0.928876111848,
PKIS2,339,ordinary_cluster_resample_with_replacement,ok,644,338,338,215,659,,0.419031969468,0.294855256596,0.364579630958,0.124176712871,0.967615116222,196900,-0.780965609337,0.391823465926,0.363557975944,0.43077078445,0.0282654899828,0.0260455059217,5295,0.579462745112,-0.0959112228886,-0.9415696103,
PKIS2,340,ordinary_cluster_resample_with_replacement,ok,644,338,338,212,637,,0.443564908602,0.311774168372,0.37595157961,0.13179074023,0.987542385375,200955,-1.05353780541,0.383808341443,0.357304184357,0.424743049294,0.0265041570864,0.0188903631628,3841,0.606989869845,-0.105286583143,-0.968652022212,
PKIS2,341,ordinary_cluster_resample_with_replacement,ok,644,338,338,201,645,,0.421198404995,0.289243060642,0.353607681485,0.131955344354,0.991601552902,201781,-1.0501222974,0.409409502332,0.370214765992,0.430825699366,0.0391947363397,0.14120104182,28732,0.353338842385,-0.092760608014,-0.850400511082,
PKIS2,342,ordinary_cluster_resample_with_replacement,ok,644,338,338,219,661,,0.429060915741,0.301869521994,0.369263788984,0.127191393747,0.983252248268,200082,-0.887273197376,0.39711577206,0.368914846584,0.427062687519,0.0282009254763,0.0568430881124,11564,0.515013368982,-0.0989904682709,-0.926409160155,
PKIS2,343,ordinary_cluster_resample_with_replacement,ok,644,338,338,221,617,,0.4312040675,0.318065613101,0.37445566656,0.113138454399,0.982013858175,199829,-1.00635479947,0.419321956809,0.38767338733,0.441727899689,0.0316485694781,0.118276082363,24067,0.414506428838,-0.0814898849208,-0.863737775812,
PKIS2,344,ordinary_cluster_resample_with_replacement,ok,644,338,338,206,647,,0.445002647609,0.332203913201,0.387813669411,0.112798734409,0.986598850066,200763,-1.02839829007,0.411852169707,0.37591989732,0.44082024342,0.0359322723869,0.0527446066146,10730,0.446346983548,-0.0768664620221,-0.933854243452,
PKIS2,345,ordinary_cluster_resample_with_replacement,ok,644,338,338,217,687,,0.420195789041,0.297778336819,0.356524633854,0.122417452222,0.984932920537,200424,-1.08383265668,0.392798716251,0.36569964923,0.420762861207,0.0270990670211,0.0815814044916,16590,0.507855316684,-0.0953183852011,-0.903351516045,
PKIS2,346,ordinary_cluster_resample_with_replacement,ok,644,338,338,213,692,,0.407477006586,0.300106417955,0.360316825094,0.107370588631,0.963182465969,195997,-0.783256312867,0.40050767575,0.372840648296,0.437033006663,0.027667027454,0.0299326748243,6088,0.56899811508,-0.0797035611767,-0.933249791145,
PKIS2,347,ordinary_cluster_resample_with_replacement,ok,644,338,338,205,610,,0.438495181086,0.31623525024,0.381670800878,0.122259930845,0.986200796108,200682,-0.86840226228,0.417008391208,0.387545783267,0.450295732108,0.0294626079413,0.0447540419677,9102,0.530475984678,-0.0927973229042,-0.94144675414,
PKIS2,348,ordinary_cluster_resample_with_replacement,ok,644,338,338,211,611,,0.435127978645,0.296210336929,0.367599117127,0.138917641716,0.992338689862,201931,-0.945931017867,0.404358697736,0.373716281803,0.430664268627,0.0306424159333,0.093640965158,19052,0.461922753684,-0.108275225783,-0.898697724704,
PKIS2,349,ordinary_cluster_resample_with_replacement,ok,644,338,338,221,618,,0.41293012876,0.300986611977,0.365230875948,0.111943516783,0.969285959998,197240,-0.742467107022,0.412562845329,0.392678269086,0.449209559854,0.0198845762423,0.028468229397,5792,0.648255400288,-0.0920589405409,-0.940817730601,
PKIS2,350,ordinary_cluster_resample_with_replacement,ok,644,338,338,221,668,,0.430757248551,0.312890876561,0.373320560647,0.11786637199,0.988820089439,201215,-0.950471424309,0.409153325732,0.389643855108,0.44510725838,0.0195094706233,0.0232198142415,4724,0.64824606006,-0.098356901367,-0.965600275198,
PKIS2,351,ordinary_cluster_resample_with_replacement,ok,644,338,338,199,602,,0.410816267859,0.296627478269,0.354053964299,0.11418878959,0.981139122316,199652,-0.988434213611,0.414554803928,0.38379686242,0.437787295117,0.0307579415088,0.0873703867512,17776,0.430307556875,-0.0834308480813,-0.893768735564,
PKIS2,352,ordinary_cluster_resample_with_replacement,ok,644,338,338,219,659,,0.432119004738,0.312692661174,0.381444947249,0.119426343563,0.978799941029,199176,-0.737052691351,0.404001071759,0.385454303762,0.44448489758,0.0185467679969,0.0093862106246,1907,0.685810919432,-0.100879575566,-0.969413730404,
PKIS2,353,ordinary_cluster_resample_with_replacement,ok,644,338,338,214,609,,0.428843705805,0.316857396931,0.372676919468,0.111986308874,0.985832227628,200607,-1.006221189,0.413236162222,0.375268276609,0.432161319598,0.0379678856133,0.157182171114,31982,0.332644491862,-0.0740184232608,-0.828650056514,
PKIS2,354,ordinary_cluster_resample_with_replacement,ok,644,338,338,211,650,,0.430073117928,0.306991030816,0.369965072519,0.123082087111,0.987851982898,201018,-0.95448924325,0.418011002156,0.374638259173,0.436335305264,0.043372742983,0.167880485528,34159,0.2970045451,-0.0797093441284,-0.819971497371,
PKIS2,355,ordinary_cluster_resample_with_replacement,ok,644,338,338,206,650,,0.391088178622,0.274324015601,0.334587355085,0.116764163021,0.981645289695,199755,-0.937565425681,0.399326744452,0.359984363512,0.42130322045,0.0393423809398,0.131318492309,26721,0.358396700392,-0.0774217820809,-0.850326797386,
PKIS2,356,ordinary_cluster_resample_with_replacement,ok,644,338,338,217,674,,0.431859625084,0.313204478202,0.374616573396,0.118655146882,0.983930414271,200220,-0.932113641594,0.417770311461,0.372184221741,0.438848297603,0.0455860897206,0.166425868593,33865,0.316182079612,-0.0730690571617,-0.817504545678,
PKIS2,357,ordinary_cluster_resample_with_replacement,ok,644,338,338,211,578,,0.397934573219,0.280137744756,0.338828130329,0.117796828462,0.989714482284,201397,-1.00708902001,0.411616632073,0.385723008212,0.439964698872,0.0258936238607,0.0673202614379,13696,0.522625059325,-0.0919032046015,-0.922394220846,
PKIS2,358,ordinary_cluster_resample_with_replacement,ok,644,338,338,215,647,,0.423697477933,0.298569422653,0.36767061231,0.12512805528,0.978927711435,199202,-0.81079451602,0.395171685795,0.362542322643,0.427663237354,0.0326293631517,0.0509509066785,10367,0.498941879172,-0.0924986921286,-0.927976804757,
PKIS2,359,ordinary_cluster_resample_with_replacement,ok,644,338,338,220,677,,0.404298480021,0.285138843525,0.342952341767,0.119159636496,0.98917391518,201287,-1.06110406945,0.405513221927,0.374538638671,0.43543996373,0.0309745832569,0.061772077252,12567,0.491397219574,-0.0881850532389,-0.927401837928,
PKIS2,360,ordinary_cluster_resample_with_replacement,ok,644,338,338,217,652,,0.421414425486,0.315805975606,0.370301933495,0.10560844988,0.972293478795,197852,-0.93791345211,0.402905256323,0.374132629497,0.431204439818,0.0287726268256,0.0496584598752,10104,0.495852213837,-0.0768358230542,-0.92263501892,
PKIS2,361,ordinary_cluster_resample_with_replacement,ok,644,338,338,219,627,,0.411752254348,0.300100042184,0.351224197663,0.111652212165,0.992210919456,201905,-1.18394242638,0.40343988081,0.370914629436,0.426523199865,0.0325252513748,0.107061772077,21781,0.415103622995,-0.0791269607898,-0.885149147378,
PKIS2,362,ordinary_cluster_resample_with_replacement,ok,644,338,338,209,655,,0.411647165056,0.318293524411,0.372557057563,0.0933536406444,0.952326895671,193789,-0.720375272716,0.417962906237,0.398356330721,0.447735612666,0.0196065755163,0.028468229397,5788,0.60293923395,-0.0737470651281,-0.923858666274,
PKIS2,363,ordinary_cluster_resample_with_replacement,ok,644,338,338,212,607,,0.407033110915,0.299151216646,0.355482225476,0.107881894268,0.981198093272,199664,-0.915142237099,0.400483258075,0.379259197198,0.43617129262,0.0212240608771,0.0163546120202,3323,0.627072932041,-0.0866578333912,-0.964843481252,
PKIS2,364,ordinary_cluster_resample_with_replacement,ok,644,338,338,209,598,,0.42967530987,0.314280817667,0.373438550005,0.115394492203,0.986122168166,200666,-0.950623995267,0.402936138408,0.375391395895,0.434200853818,0.0275447425129,0.0402231067866,8184,0.531627335365,-0.08784974969,-0.945899061379,
PKIS2,365,ordinary_cluster_resample_with_replacement,ok,644,338,338,210,596,,0.425603020491,0.286623197647,0.356881971134,0.138979822844,0.9808196963,199587,-0.978113421935,0.378878052193,0.345901064877,0.417104165031,0.0329769873156,0.0294903926483,5998,0.536860231584,-0.106002835528,-0.951329303651,
PKIS2,366,ordinary_cluster_resample_with_replacement,ok,644,338,338,221,590,,0.419942247096,0.301350326121,0.36373939388,0.118591920975,0.987542385375,200955,-0.900844574767,0.427624041393,0.398656318391,0.45033151928,0.0289677230025,0.101449702688,20641,0.439426988106,-0.0896241979727,-0.886092682687,
PKIS2,367,ordinary_cluster_resample_with_replacement,ok,644,338,338,199,665,,0.405115813021,0.296314035895,0.35812604798,0.108801777125,0.965772273822,196525,-0.76020442396,0.402429242147,0.38053980566,0.436792501641,0.0218894364867,0.0258489360657,5257,0.610873112745,-0.0869123406387,-0.939923337756,
PKIS2,368,ordinary_cluster_resample_with_replacement,ok,644,338,338,224,699,,0.443876472896,0.321238240459,0.373868957322,0.122638232436,0.997090766131,202898,-1.33016458348,0.417477024194,0.380938131218,0.439762848526,0.036538892976,0.0968106540862,19699,0.37885136303,-0.0860993394603,-0.900280112045,
PKIS2,369,ordinary_cluster_resample_with_replacement,ok,644,338,338,214,622,,0.442837140535,0.32363890722,0.379863370956,0.119198233315,0.991685095091,201798,-1.12004215595,0.412404779166,0.383670434402,0.440172785814,0.0287343447643,0.0658803872426,13405,0.491448691137,-0.0904638885505,-0.925804707848,
PKIS2,370,ordinary_cluster_resample_with_replacement,ok,644,338,338,213,626,,0.433651862045,0.317189692272,0.377765582524,0.116462169773,0.976834242469,198776,-0.922582883861,0.407114655597,0.369360884537,0.434410811897,0.0377537710607,0.0946827853949,19260,0.419618551587,-0.0787083987123,-0.882151457074,
PKIS2,371,ordinary_cluster_resample_with_replacement,ok,644,338,338,223,638,,0.431031901653,0.31063898636,0.369548877784,0.120392915294,0.992800629024,202025,-1.04367912387,0.416714885859,0.37345479479,0.432776081171,0.0432600910687,0.19908595017,40509,0.270749275545,-0.0771328242248,-0.793714678854,
PKIS2,372,ordinary_cluster_resample_with_replacement,ok,644,338,338,210,609,,0.442412460878,0.307597815354,0.373556833454,0.134814645524,0.993355938867,202138,-1.04391528872,0.403055897249,0.369689364243,0.432275015088,0.0333665330064,0.08197945845,16681,0.46686608582,-0.101448112518,-0.911376480417,
PKIS2,373,ordinary_cluster_resample_with_replacement,ok,644,338,338,219,630,,0.42392274627,0.309221059888,0.373161919496,0.114701686382,0.971747997445,197741,-0.793871510096,0.408357792471,0.378293454222,0.444245427488,0.0300643382492,0.0377168411224,7674,0.544148010126,-0.0846373481327,-0.934031156322,
PKIS2,374,ordinary_cluster_resample_with_replacement,ok,644,338,338,225,650,,0.420918337226,0.297388630138,0.363668862828,0.123529707088,0.985055776697,200449,-0.863748844477,0.411297984528,0.385269300973,0.445407240112,0.0260286835544,0.0294805641555,5994,0.567183646015,-0.0975010235334,-0.955575212541,
PKIS2,375,ordinary_cluster_resample_with_replacement,ok,644,338,338,221,610,,0.434042419151,0.322560858601,0.376670442094,0.111481560549,0.987414614969,200929,-1.06029234292,0.403452979323,0.382098680434,0.437252059694,0.0213542988892,0.0225121627598,4580,0.612819755097,-0.0901272616603,-0.964902452209,
PKIS2,376,ordinary_cluster_resample_with_replacement,ok,644,338,338,219,670,,0.429524679834,0.317140952072,0.380269765548,0.112383727761,0.984652808492,200367,-0.780228735075,0.407434927851,0.386306213105,0.448020985838,0.0211287147464,0.0107916850951,2195,0.657639268352,-0.0912550130149,-0.973861123397,
PKIS2,377,ordinary_cluster_resample_with_replacement,ok,644,338,338,218,624,,0.432149332945,0.304049111761,0.364799461096,0.128100221184,0.993744164332,202217,-1.10863349075,0.40308757541,0.375233899073,0.432541452752,0.0278536763372,0.0396727111897,8066,0.513961519048,-0.100246544847,-0.954071453143,
PKIS2,378,ordinary_cluster_resample_with_replacement,ok,644,338,338,213,691,,0.42198783157,0.319505296312,0.368447869535,0.102482535257,0.975173227186,198438,-1.0939343502,0.396122990695,0.372111330703,0.426407057103,0.0240116599917,0.040694874441,8276,0.557761511195,-0.0784708752654,-0.934478352745,
PKIS2,379,ordinary_cluster_resample_with_replacement,ok,644,338,338,213,613,,0.418864821933,0.303599364174,0.371293994096,0.115265457759,0.979345422379,199287,-0.70272675825,0.419288033604,0.393181839409,0.449636824101,0.0261061941952,0.075718708536,15403,0.537575037216,-0.0891592635641,-0.903626713843,
PKIS2,380,ordinary_cluster_resample_with_replacement,ok,644,338,338,211,584,,0.425825876244,0.311488534999,0.368287316502,0.114337341246,0.984692122463,200375,-1.0130245442,0.392434920163,0.374058195231,0.435578802312,0.0183767249319,0.00639343456681,1296,0.701291554106,-0.0959606163138,-0.978298687896,
PKIS2,381,ordinary_cluster_resample_with_replacement,ok,644,338,338,220,646,,0.415928001224,0.297145718802,0.360720361954,0.118782282422,0.973271413829,198051,-0.868390863603,0.397606482033,0.359964333007,0.427001611973,0.0376421490266,0.0750847707504,15278,0.438489306141,-0.0811401333953,-0.898186643078,
PKIS2,382,ordinary_cluster_resample_with_replacement,ok,644,338,338,205,630,,0.416072604101,0.281308070655,0.354104028949,0.134764533446,0.990731731289,201604,-0.851263952088,0.381388741741,0.36244358681,0.429272596186,0.018945154931,0.0108162563271,2194,0.716513006732,-0.115819378515,-0.979915474962,
PKIS2,383,ordinary_cluster_resample_with_replacement,ok,644,338,338,215,638,,0.425989455615,0.312081084908,0.365387364421,0.113908370708,0.989891395155,201433,-1.13686589549,0.413254648706,0.388345226353,0.439021127208,0.0249094223534,0.0602683178535,12257,0.508456249752,-0.0889989483543,-0.929623077301,
PKIS2,384,ordinary_cluster_resample_with_replacement,ok,644,338,338,204,683,,0.452958505672,0.330637503894,0.386007447727,0.122321001778,0.995012039904,202475,-1.20915885604,0.419200994715,0.390593362446,0.449767162352,0.0286076322694,0.0401690500762,8171,0.516549007923,-0.0937133695088,-0.954842989828,
PKIS2,385,ordinary_cluster_resample_with_replacement,ok,644,338,338,210,641,,0.42455032313,0.304572220524,0.369760340546,0.119978102607,0.965536389995,196477,-0.840490300469,0.396927216428,0.37953896826,0.436378119137,0.0173882481681,0.0108408275591,2203,0.694079733778,-0.102589854439,-0.954695562436,
PKIS2,386,ordinary_cluster_resample_with_replacement,ok,644,338,338,221,612,,0.412669646747,0.273213308701,0.347727898702,0.139456338046,0.985306403263,200500,-0.871530636407,0.381461990437,0.350236018622,0.423655659724,0.0312259718149,0.0320998574869,6531,0.574691848849,-0.108230366231,-0.953206545776,
PKIS2,387,ordinary_cluster_resample_with_replacement,ok,644,338,338,214,597,,0.410328788011,0.293387836565,0.352357347913,0.116940951447,0.985262175045,200491,-0.9830747919,0.402010239666,0.366569942111,0.430685393754,0.0354402975549,0.0844562386358,17179,0.447242487623,-0.0815006538916,-0.90080593641,
PKIS2,388,ordinary_cluster_resample_with_replacement,ok,644,338,338,210,638,,0.427819858445,0.318690265358,0.373712099365,0.109129593087,0.979787704556,199377,-0.983387050902,0.401537419807,0.369890243851,0.436261066141,0.0316471759563,0.0322177994005,6551,0.523176376843,-0.077482417131,-0.947569905155,
PKIS2,389,ordinary_cluster_resample_with_replacement,ok,644,338,338,206,654,,0.420513440025,0.314232282455,0.369235368118,0.10628115757,0.985674971743,200575,-0.932276276663,0.404385443718,0.382932558269,0.442836581784,0.0214528854498,0.0146002260553,2968,0.641879056019,-0.0848282721204,-0.971074745688,
PKIS2,390,ordinary_cluster_resample_with_replacement,ok,644,338,338,210,639,,0.413940295078,0.296926736514,0.357034455635,0.117013558564,0.978618113912,199139,-0.946730973573,0.393871443296,0.370046138831,0.429482981638,0.0238253044657,0.0171752911691,3492,0.599149225628,-0.093188254098,-0.961442822743,
PKIS2,391,ordinary_cluster_resample_with_replacement,ok,644,338,338,213,657,,0.422116485465,0.29397836771,0.360406011791,0.128138117755,0.985881370092,200617,-0.928987841242,0.388405031473,0.363312049609,0.434301992368,0.0250929818635,0.0120988746376,2461,0.646527650417,-0.103045135891,-0.973782495454,
PKIS2,392,ordinary_cluster_resample_with_replacement,ok,644,338,338,224,648,,0.434595716233,0.308038513597,0.36696911568,0.126557202637,0.994451815814,202361,-1.1475633739,0.409044502259,0.373221523964,0.432714264784,0.0358229782946,0.0879404393336,17894,0.397859674966,-0.090734224342,-0.90651137648,
PKIS2,393,ordinary_cluster_resample_with_replacement,ok,644,338,338,213,662,,0.436169368006,0.307988931585,0.368100167115,0.12818043642,0.992412403558,201946,-1.13238731978,0.402770217797,0.364762429369,0.42883520948,0.0380077884279,0.084249840287,17141,0.406802883195,-0.0901726479923,-0.908162563271,
PKIS2,394,ordinary_cluster_resample_with_replacement,ok,644,338,338,218,630,,0.450132919948,0.324372362226,0.381219503497,0.125760557722,0.991021671827,201663,-1.21225825803,0.420223788997,0.376837292407,0.440052857657,0.0433864965901,0.176180647698,35848,0.313673833052,-0.0823740611324,-0.814841024129,
PKIS2,395,ordinary_cluster_resample_with_replacement,ok,644,338,338,213,625,,0.419415616392,0.297619133576,0.3560678804,0.121796482816,0.991955378643,201853,-1.08381683842,0.410072686541,0.375040774036,0.429724125537,0.0350319125047,0.15688731633,31918,0.359367859812,-0.0867645703109,-0.835068062313,
PKIS2,396,ordinary_cluster_resample_with_replacement,ok,644,338,338,213,630,,0.44042748397,0.320311296684,0.378876447905,0.120116187286,0.986063197209,200654,-1.05098398592,0.400363408937,0.378282806497,0.434454356789,0.0220806024396,0.0202319524301,4112,0.606907725976,-0.0980355848461,-0.965831244779,
PKIS2,397,ordinary_cluster_resample_with_replacement,ok,644,338,338,211,658,,0.404389742844,0.295648016697,0.356213999882,0.108741726146,0.960690943044,195491,-0.795425755996,0.391429793454,0.370364063507,0.431867324692,0.0210657299467,0.0138630890953,2816,0.657485968375,-0.0876759961998,-0.946827853949,
PKIS2,398,ordinary_cluster_resample_with_replacement,ok,644,338,338,210,741,,0.43772934444,0.315057902589,0.369568060445,0.122671441851,0.994653299916,202402,-1.25043270238,0.420668205243,0.38141576561,0.439895380585,0.0392524396331,0.146488770947,29806,0.328784232771,-0.0834190022179,-0.848164528969,
PKIS2,399,ordinary_cluster_resample_with_replacement,ok,644,338,338,221,625,,0.414288939016,0.297597560237,0.360470637527,0.116691378779,0.979237308959,199264,-0.855983257219,0.397295006806,0.368063153038,0.429596286481,0.0292318537675,0.0427932576539,8703,0.524941244947,-0.0874595250112,-0.936444051305,
PKIS2,400,ordinary_cluster_resample_with_replacement,ok,644,338,338,207,607,,0.428397142734,0.31364393947,0.372208745555,0.114753203263,0.965482333284,196466,-0.959422577045,0.390463734913,0.362827359603,0.426948388904,0.0276363753101,0.0202860091405,4125,0.568996698726,-0.0871168279533,-0.945196324144,
PKIS2,401,ordinary_cluster_resample_with_replacement,ok,644,338,338,215,673,,0.416518791903,0.303033277571,0.358161169188,0.113485514332,0.987409700722,200928,-1.05858615311,0.398032981958,0.368404077797,0.431605844779,0.0296289041608,0.0479433878815,9749,0.531201332251,-0.0838566101715,-0.939466312841,
PKIS2,402,ordinary_cluster_resample_with_replacement,ok,644,338,338,226,603,,0.428122849962,0.307429918254,0.369596214803,0.120692931708,0.990024079807,201460,-0.94145281941,0.427856066553,0.394607801331,0.451823820017,0.0332482652224,0.0942945599292,19181,0.418899357458,-0.0874446664855,-0.895729519878,
PKIS2,403,ordinary_cluster_resample_with_replacement,ok,644,338,338,218,688,,0.413358384449,0.300771555346,0.362686393815,0.112586829102,0.981915573247,199810,-0.818414323403,0.404131211781,0.373010532441,0.433069829707,0.0311206793398,0.0683473389356,13903,0.48183410802,-0.0814661497623,-0.913568234311,
PKIS2,404,ordinary_cluster_resample_with_replacement,ok,644,338,338,210,612,,0.415411502477,0.303134465311,0.361661248406,0.112277037165,0.978077546808,199029,-0.918387295998,0.414369340367,0.373714937256,0.433934774781,0.0406544031109,0.142395203696,28975,0.324900152816,-0.0716226340543,-0.835682343113,
PKIS2,405,ordinary_cluster_resample_with_replacement,ok,644,338,338,217,653,,0.40307890645,0.280479999821,0.349116081261,0.122598906629,0.980372499877,199496,-0.786216579644,0.387019898243,0.367716725577,0.43168789716,0.0193031726662,0.0105410585287,2138,0.698252006511,-0.103295733963,-0.969831441348,
PKIS2,406,ordinary_cluster_resample_with_replacement,ok,644,338,338,213,668,,0.445086969866,0.323734622865,0.379415242874,0.121352347,0.988908545874,201233,-1.17943598654,0.392784040232,0.381768700209,0.428671025093,0.0110153400227,0.00653103346602,1324,0.765142984916,-0.110337006978,-0.982377512408,
PKIS2,407,ordinary_cluster_resample_with_replacement,ok,644,338,338,219,666,,0.43312971922,0.310185716748,0.371077234175,0.122944002472,0.987847068652,201017,-1.01906616335,0.394780071535,0.384721758007,0.432857618485,0.0100583135284,0.00421642341147,853,0.791043238273,-0.112885688944,-0.983630645241,
PKIS2,408,ordinary_cluster_resample_with_replacement,ok,644,338,338,211,702,,0.42448603488,0.318306092902,0.372370254073,0.106179941978,0.976804756991,198770,-0.963961701768,0.397695927564,0.362351170684,0.430262408291,0.0353447568803,0.0599980343014,12206,0.479544798097,-0.0708351850979,-0.916806722689,
PKIS2,409,ordinary_cluster_resample_with_replacement,ok,644,338,338,204,643,,0.431171171198,0.309627479119,0.369856680934,0.121543692079,0.98591085557,200623,-1.01801930654,0.411369991098,0.389540593265,0.441801544571,0.0218293978331,0.0435402231068,8853,0.582300029231,-0.099714294246,-0.942370632464,
PKIS2,410,ordinary_cluster_resample_with_replacement,ok,644,338,338,202,577,,0.430695358771,0.301383133168,0.364382145212,0.129312225604,0.992220747948,201907,-1.05260719825,0.410330711612,0.38259336777,0.439897532724,0.0277373438414,0.0746965452848,15185,0.515962864761,-0.101574881762,-0.917524202664,
PKIS2,411,ordinary_cluster_resample_with_replacement,ok,644,338,338,212,578,,0.433965768239,0.325316567574,0.381169565143,0.108649200664,0.984741264927,200385,-0.945270717659,0.423099849206,0.387671244633,0.444761347725,0.0354286045731,0.102363752519,20829,0.379426509074,-0.0732205960913,-0.882377512408,
PKIS2,412,ordinary_cluster_resample_with_replacement,ok,644,338,338,215,640,,0.429264625252,0.314981728848,0.368858565817,0.114282896404,0.990372991302,201531,-1.12118793219,0.406392909325,0.391770222028,0.440343397653,0.014622687297,0.0148066244041,3008,0.698955501488,-0.0996602091066,-0.975566366898,
PKIS2,413,ordinary_cluster_resample_with_replacement,ok,644,338,338,212,606,,0.427914565523,0.304635372112,0.37037206883,0.123279193411,0.986810162662,200806,-0.875348162695,0.397376009304,0.370738203328,0.431559698065,0.0266378059768,0.0343898963094,6995,0.562033026455,-0.0966413874341,-0.952420266352,
PKIS2,414,ordinary_cluster_resample_with_replacement,ok,644,338,338,205,620,,0.398963059244,0.288492217617,0.348241525649,0.110470841627,0.969177846577,197218,-0.84890579099,0.408147540409,0.380398246913,0.435196355503,0.0277492934956,0.0724458204334,14741,0.493608553105,-0.0827215481314,-0.896732026144,
PKIS2,415,ordinary_cluster_resample_with_replacement,ok,644,338,338,213,584,,0.415687760256,0.302259259545,0.356065711993,0.113428500711,0.985340802988,200507,-1.1080836136,0.417200552948,0.384339221147,0.439196636919,0.0328613318007,0.125794879355,25597,0.400968285903,-0.0805671689102,-0.859545923633,
PKIS2,416,ordinary_cluster_resample_with_replacement,ok,644,338,338,212,654,,0.4061303063,0.293292840489,0.351106592709,0.112837465811,0.975993906334,198605,-0.951740917665,0.403227781377,0.377441128584,0.43401447452,0.0257866527931,0.0487149245663,9898,0.544190778071,-0.087050813018,-0.927278981768,
PKIS2,417,ordinary_cluster_resample_with_replacement,ok,644,338,338,207,623,,0.415588100841,0.308891888143,0.366204135647,0.106696212698,0.971069831441,197603,-0.861665129975,0.391418044379,0.372266119994,0.435347024058,0.0191519243854,0.00901272789818,1831,0.69639109221,-0.0875442883123,-0.962057103543,
PKIS2,418,ordinary_cluster_resample_with_replacement,ok,644,338,338,216,615,,0.451908661967,0.331473542923,0.3919763052,0.120435119044,0.984692122463,200375,-0.990572240203,0.419259767075,0.377193451928,0.444143655067,0.0420663151478,0.100855078874,20522,0.37167755772,-0.0783688038959,-0.883837043589,
PKIS2,419,ordinary_cluster_resample_with_replacement,ok,644,338,338,221,702,,0.403128312696,0.27100567419,0.353165208628,0.132122638506,0.96094156961,195542,-0.608123018335,0.388009088179,0.364888742701,0.432073055941,0.023120345478,0.0197454420365,4017,0.655866907575,-0.109002293028,-0.941196127574,
PKIS2,420,ordinary_cluster_resample_with_replacement,ok,644,338,338,218,649,,0.439013109386,0.313863237377,0.372471176707,0.125149872008,0.988535063148,201157,-1.13537403705,0.402133024221,0.367187280758,0.428609159153,0.0349457434626,0.0776647501106,15803,0.43105381379,-0.0902041285459,-0.910870313037,
PKIS2,421,ordinary_cluster_resample_with_replacement,ok,644,338,338,216,627,,0.412797376044,0.287964467086,0.353276930047,0.124832908959,0.979242223205,199266,-0.911318350262,0.388991824383,0.363602788391,0.426858418938,0.0253890359929,0.0322915130965,6570,0.598628046655,-0.0994438729656,-0.946950710109,
PKIS2,422,ordinary_cluster_resample_with_replacement,ok,644,338,338,207,662,,0.414020221301,0.303028362429,0.363646209527,0.110991858872,0.970141038872,197414,-0.83100958193,0.396479348378,0.380247515323,0.43315305209,0.0162318330548,0.0134011499337,2722,0.69319216765,-0.0947600258171,-0.956739888938,
PKIS2,423,ordinary_cluster_resample_with_replacement,ok,644,338,338,214,684,,0.431383139928,0.317920000728,0.374357808578,0.113463139201,0.986913361836,200827,-1.01041010491,0.406473441973,0.373618288839,0.441622756981,0.0328551531345,0.0393827706521,8011,0.516867728959,-0.0806079860663,-0.947530591184,
PKIS2,424,ordinary_cluster_resample_with_replacement,ok,644,338,338,199,584,,0.391315660925,0.283684554503,0.344630241149,0.107631106422,0.971743083198,197740,-0.766016798636,0.413438416417,0.387062119161,0.446177511075,0.0263762972563,0.0440807902108,8969,0.553816757327,-0.0812548091657,-0.927662292987,
PKIS2,425,ordinary_cluster_resample_with_replacement,ok,644,338,338,209,658,,0.439280897978,0.313980692795,0.373079313078,0.125300205183,0.993523023244,202172,-1.12018833239,0.415259356634,0.388756567102,0.441354796636,0.0265027895316,0.0697626418989,14189,0.496127725846,-0.0987974156513,-0.923760381346,
PKIS2,426,ordinary_cluster_resample_with_replacement,ok,644,338,338,210,639,,0.440082826684,0.320363989233,0.376414164541,0.119718837451,0.984534866578,200343,-1.1359226228,0.410550380532,0.385548328721,0.441819986711,0.0250020518107,0.0371418742936,7547,0.555690151953,-0.0947167856407,-0.947392992285,
PKIS2,427,ordinary_cluster_resample_with_replacement,ok,644,338,338,214,573,,0.386803786065,0.273208922139,0.333524934298,0.113594863926,0.965492161777,196468,-0.88332848707,0.384395031654,0.354390243427,0.420016836243,0.0300047882276,0.0373237014104,7594,0.542795276431,-0.0835900756986,-0.928168460367,
PKIS2,428,ordinary_cluster_resample_with_replacement,ok,644,338,338,206,614,,0.422557839193,0.304279001279,0.362071406211,0.118278837914,0.989891395155,201433,-1.04661560725,0.401427150538,0.374894688436,0.441856596523,0.0265324621018,0.0129785247432,2640,0.603767830697,-0.091746375812,-0.976912870411,
PKIS2,429,ordinary_cluster_resample_with_replacement,ok,644,338,338,211,639,,0.445723702156,0.320225368412,0.380687601119,0.125498333744,0.994815470048,202435,-1.0756483531,0.423095202154,0.399604580346,0.452519374738,0.0234906218087,0.0591970121382,12045,0.556067030432,-0.102007711935,-0.935618457909,
PKIS2,430,ordinary_cluster_resample_with_replacement,ok,644,338,338,222,652,,0.43610233551,0.313536562256,0.373689920179,0.122565773254,0.986122168166,200666,-1.0375549676,0.398399919942,0.377590480905,0.431921578282,0.0208094390371,0.0321047717333,6530,0.616988427591,-0.101756334217,-0.954017396432,
PKIS2,431,ordinary_cluster_resample_with_replacement,ok,644,338,338,215,625,,0.438188340102,0.327252910072,0.376766532415,0.11093543003,0.993400167084,202147,-1.24050321468,0.414546921255,0.395794683826,0.445477136694,0.0187522374292,0.027583665045,5566,0.622558139814,-0.0921831926012,-0.965816502039,
PKIS2,432,ordinary_cluster_resample_with_replacement,ok,644,338,338,215,651,,0.412319991807,0.305098478096,0.358983359643,0.107221513712,0.983360361689,200104,-0.989825543515,0.405500345537,0.369494496874,0.436089406886,0.0360058486631,0.0688633348076,14010,0.459330320346,-0.0712156650486,-0.914497026881,
PKIS2,433,ordinary_cluster_resample_with_replacement,ok,644,338,338,209,602,,0.407898842189,0.294538353247,0.351118388533,0.113360488942,0.984102412895,200255,-1.00354221003,0.400772356212,0.373371602207,0.434805930413,0.0274007540043,0.0330433927957,6723,0.553983012357,-0.0859597349379,-0.951059020099,
PKIS2,434,ordinary_cluster_resample_with_replacement,ok,644,338,338,209,669,,0.416374846601,0.295998329767,0.359300980599,0.120376516833,0.983217848543,200075,-0.901603096416,0.409209461701,0.365482238565,0.433766033467,0.0437272231359,0.113892574574,23176,0.359625176096,-0.0766492936975,-0.869325273969,
PKIS2,435,ordinary_cluster_resample_with_replacement,ok,644,338,338,228,631,,0.438235151756,0.315071202716,0.376429135765,0.12316394904,0.985807656396,200602,-1.00730277115,0.421552325941,0.37436011629,0.439439356329,0.0471922096511,0.176170819205,35846,0.274850019414,-0.0759717393884,-0.809636837191,
PKIS2,436,ordinary_cluster_resample_with_replacement,ok,644,338,338,219,699,,0.402121672424,0.282763314369,0.340389633469,0.119358358055,0.988431863974,201136,-1.07124730365,0.401056002087,0.373955558533,0.427456613314,0.0271004435531,0.0745098039216,15157,0.493459639918,-0.0922579145018,-0.913922060052,
PKIS2,437,ordinary_cluster_resample_with_replacement,ok,644,338,338,214,605,,0.433399890744,0.322412346613,0.374627967493,0.11098754413,0.991906236179,201843,-1.12556208778,0.407604100695,0.386895256022,0.441855330002,0.0207088446727,0.0227333038479,4603,0.623202023341,-0.0902786994575,-0.969172932331,
PKIS2,438,ordinary_cluster_resample_with_replacement,ok,644,338,338,203,619,,0.414094223206,0.28962762568,0.353636619068,0.124466597526,0.990043736793,201464,-0.94451733949,0.405553555502,0.37871647678,0.439155316405,0.0268370787224,0.0400609366554,8149,0.555963038192,-0.0976295188038,-0.949982800138,
PKIS2,439,ordinary_cluster_resample_with_replacement,ok,644,338,338,215,659,,0.432886829982,0.297185833632,0.36249726086,0.13570099635,0.985016462725,200441,-1.07775273193,0.386846101316,0.360302092376,0.422325847471,0.0265440089398,0.0330630497813,6725,0.572034797,-0.109156987411,-0.951953412944,
PKIS2,440,ordinary_cluster_resample_with_replacement,ok,644,338,338,209,647,,0.435884950068,0.324925239711,0.38171706758,0.110959710357,0.98517371861,200473,-0.953797131061,0.425506009333,0.398952398787,0.45132380201,0.0265536105465,0.0855472013367,17401,0.492975003296,-0.0844060998107,-0.899626517274,
PKIS2,441,ordinary_cluster_resample_with_replacement,ok,644,338,338,205,654,,0.425132951199,0.297530777858,0.36379484368,0.127602173341,0.98715415991,200876,-0.925661695479,0.4150396359,0.373185853364,0.430840421363,0.0418537825359,0.244601700329,49773,0.274059558701,-0.0857483908051,-0.74255245958,
PKIS2,442,ordinary_cluster_resample_with_replacement,ok,644,338,338,204,664,,0.410427535684,0.279995291697,0.34578441852,0.130432243987,0.993405081331,202148,-0.982580561355,0.406532688375,0.373036679074,0.429898018065,0.0334960093013,0.100525824365,20455,0.410917683339,-0.0969362346853,-0.892879256966,
PKIS2,443,ordinary_cluster_resample_with_replacement,ok,644,338,338,207,634,,0.415116449046,0.296660170666,0.360952710649,0.11845627838,0.985104919161,200459,-0.842457591682,0.409855237662,0.386561415231,0.443717838782,0.023293822431,0.0329008796501,6692,0.592454863617,-0.0951624559489,-0.952204039511,
PKIS2,444,ordinary_cluster_resample_with_replacement,ok,644,338,338,210,624,,0.409541067171,0.27665198366,0.340022008348,0.132889083511,0.993773649811,202223,-1.09703379738,0.400060156622,0.38510963454,0.438295283795,0.014950522082,0.0128261831048,2605,0.718899321692,-0.117938561429,-0.980947466706,
PKIS2,445,ordinary_cluster_resample_with_replacement,ok,644,338,338,213,634,,0.432628513458,0.302649080824,0.362865018511,0.129979432635,0.995311808934,202536,-1.15855531984,0.40845486802,0.385711390658,0.444646599133,0.0227434773622,0.0319278588628,6482,0.614093545261,-0.107235955273,-0.963383950071,
PKIS2,446,ordinary_cluster_resample_with_replacement,ok,644,338,338,220,627,,0.402129953865,0.284223006443,0.344396244847,0.117906947422,0.993341196128,202135,-0.959458233431,0.412371265651,0.383069680525,0.449371725132,0.0293015851256,0.0245417465232,4993,0.558059102103,-0.0886053622966,-0.968799449604,
PKIS2,447,ordinary_cluster_resample_with_replacement,ok,644,338,338,209,620,,0.425283883475,0.282588490493,0.351705086438,0.142695392981,0.993139712025,202094,-1.06456048696,0.390552269171,0.357439191197,0.421906963212,0.0331130779749,0.078161088997,15904,0.486362302591,-0.109582315007,-0.914978623028,
PKIS2,448,ordinary_cluster_resample_with_replacement,ok,644,338,338,214,603,,0.45096352924,0.32516892371,0.38691545407,0.12579460553,0.992132291513,201889,-1.0372740751,0.413971670153,0.388153435335,0.450609325826,0.025818234818,0.0301046734483,6124,0.586616496618,-0.0999763707115,-0.962027618065,
PKIS2,449,ordinary_cluster_resample_with_replacement,ok,644,338,338,209,648,,0.414946424545,0.295290223579,0.353205016203,0.119656200966,0.990068308025,201469,-1.0660732007,0.392677919622,0.361605714829,0.427398181904,0.0310722047933,0.0335643029141,6829,0.527723975488,-0.0885839961729,-0.956504005111,
PKIS2,450,ordinary_cluster_resample_with_replacement,ok,644,338,338,215,673,,0.405843776738,0.295108720372,0.348043352225,0.110735056366,0.990810359231,201620,-1.0919207802,0.398617628446,0.385690124621,0.440751193669,0.0129275038251,0.00442773600668,896,0.765215168382,-0.0978075525411,-0.986382623225,
PKIS2,451,ordinary_cluster_resample_with_replacement,ok,644,338,338,215,600,,0.426134896591,0.318629856454,0.370852552702,0.107505040137,0.971777482923,197747,-1.05858846558,0.403016977987,0.373620583418,0.433302742597,0.0293963945692,0.0546660769571,11121,0.507450886936,-0.0781086455677,-0.917111405966,
PKIS2,452,ordinary_cluster_resample_with_replacement,ok,644,338,338,216,595,,0.419244597052,0.303458660343,0.368513808895,0.11578593671,0.977178239717,198846,-0.779812040797,0.402600514265,0.3851973033,0.440056230793,0.017403210965,0.0153717627402,3123,0.682764287228,-0.0983827257445,-0.961806476977,
PKIS2,453,ordinary_cluster_resample_with_replacement,ok,644,338,338,215,656,,0.429923638849,0.307680650846,0.364459964884,0.122242988002,0.990564646911,201570,-1.15294936324,0.401595813321,0.38325739224,0.433205387365,0.0183384210811,0.0196766425869,3997,0.632849706271,-0.103904566921,-0.970888004325,
PKIS2,454,ordinary_cluster_resample_with_replacement,ok,644,338,338,209,621,,0.412468633958,0.297679588802,0.363337827546,0.114789045156,0.980362671384,199494,-0.748280906595,0.412554816048,0.389365924611,0.449555696875,0.0231888914374,0.0291955378643,5934,0.614737013198,-0.091600153719,-0.95116713352,
PKIS2,455,ordinary_cluster_resample_with_replacement,ok,644,338,338,215,628,,0.41448917584,0.286563341179,0.355183992423,0.127925834661,0.981655118188,199756,-0.864246875292,0.406396303118,0.379037038672,0.437712727282,0.0273592644467,0.0399233377562,8119,0.533720607384,-0.100566570214,-0.941731780431,
PKIS2,456,ordinary_cluster_resample_with_replacement,ok,644,338,338,212,608,,0.393511471563,0.261124355404,0.325085013503,0.132387116159,0.991935721657,201849,-1.06982104459,0.390879970828,0.353295988862,0.423538858045,0.0375839819659,0.059722836503,12153,0.464942386281,-0.0948031341931,-0.932212885154,
PKIS2,457,ordinary_cluster_resample_with_replacement,ok,644,338,338,212,640,,0.419475840929,0.303198946806,0.36243743196,0.116276894123,0.984431667404,200321,-0.962860694688,0.413304338499,0.379392411593,0.438145913568,0.0339119269055,0.101287532557,20608,0.422810117424,-0.0823649672173,-0.883144134847,
PKIS2,458,ordinary_cluster_resample_with_replacement,ok,644,338,338,210,659,,0.411368288712,0.289524807938,0.350916244554,0.121843480774,0.98517371861,200473,-0.984698314438,0.392430112162,0.364880041031,0.422770260042,0.0275500711318,0.0492063492063,10010,0.524097997861,-0.0942934096421,-0.935967369404,
PKIS2,459,ordinary_cluster_resample_with_replacement,ok,644,338,338,210,629,,0.421086681866,0.302585091662,0.365740591425,0.118501590204,0.977738463807,198960,-0.876346330071,0.398507464294,0.375038156168,0.441490342117,0.0234693081268,0.0159614723082,3247,0.646824136914,-0.0950322820769,-0.961776991498,
PKIS2,460,ordinary_cluster_resample_with_replacement,ok,644,338,338,207,620,,0.405924237768,0.283159120249,0.349361411431,0.12276511752,0.978451029535,199105,-0.854393787995,0.408242674091,0.372591704269,0.43566257862,0.0356509698223,0.113145609121,23021,0.434747493372,-0.0871141476977,-0.865305420414,
PKIS2,461,ordinary_cluster_resample_with_replacement,ok,644,338,338,206,573,,0.431077326225,0.319314073289,0.370575265996,0.111763252937,0.983227677036,200077,-1.18027024018,0.402043097064,0.380898571625,0.433802373973,0.0211445254387,0.0356626861271,7256,0.600321252909,-0.0906187274979,-0.947564990909,
PKIS2,462,ordinary_cluster_resample_with_replacement,ok,644,338,338,222,643,,0.407403427319,0.295633211925,0.357109390205,0.111770215394,0.967737972382,196925,-0.81810611071,0.400836553114,0.389904517607,0.450378692456,0.0109320355076,0.00183792815372,369,0.819228033539,-0.100838179886,-0.965900044228,
PKIS2,463,ordinary_cluster_resample_with_replacement,ok,644,338,338,217,620,,0.404355923425,0.295881898249,0.350442004208,0.108474025175,0.986176224876,200677,-0.98815642435,0.406047975623,0.384517505561,0.435387680004,0.0215304700618,0.0408865300506,8317,0.57675651209,-0.0869435551134,-0.945289694825,
PKIS2,464,ordinary_cluster_resample_with_replacement,ok,644,338,338,205,640,,0.422253481071,0.318038862554,0.37016241575,0.104214618517,0.973920094354,198183,-0.999376714106,0.396841342893,0.366445829294,0.426080105805,0.0303955135993,0.0540468819107,10995,0.490301293528,-0.0738191049179,-0.919873212443,
PKIS2,465,ordinary_cluster_resample_with_replacement,ok,644,338,338,217,621,,0.453164125656,0.324634748444,0.381186638479,0.128529377211,0.993007027372,202067,-1.27276890536,0.408963958408,0.381224987072,0.43243144986,0.0277389713368,0.0969285959998,19717,0.458291593947,-0.100790405875,-0.896078431373,
PKIS2,466,ordinary_cluster_resample_with_replacement,ok,644,338,338,203,630,,0.412102793986,0.279701876779,0.345102095979,0.132400917207,0.994230674726,202316,-1.02447207099,0.406268159888,0.370889733701,0.43680719261,0.0353784261863,0.0654135338346,13308,0.463292020472,-0.0970224910204,-0.928817140891,
PKIS2,467,ordinary_cluster_resample_with_replacement,ok,644,338,338,208,641,,0.436861071564,0.313667844679,0.374593502148,0.123193226884,0.993041427097,202074,-1.02202539953,0.409390019103,0.384377146261,0.448529269035,0.0250128728421,0.0246056317264,5002,0.610100620829,-0.0981803540421,-0.968435795371,
PKIS2,468,ordinary_cluster_resample_with_replacement,ok,644,338,338,201,690,,0.412751175496,0.307043823781,0.363959423244,0.105707351715,0.970018182712,197389,-0.857265015439,0.414971824421,0.38917096763,0.448850946996,0.0258008567912,0.0326404245909,6641,0.567679864086,-0.0799064949241,-0.937377758121,
PKIS2,469,ordinary_cluster_resample_with_replacement,ok,644,338,338,201,731,,0.425707957305,0.296613758423,0.358382328129,0.129094198882,0.993021770112,202070,-1.08996581104,0.400968546849,0.370730571711,0.428024254637,0.0302379751372,0.0538453978082,10954,0.472228462314,-0.0988562237447,-0.939176372303,
PKIS2,470,ordinary_cluster_resample_with_replacement,ok,644,338,338,206,655,,0.403675562588,0.290363770393,0.355952825572,0.113311792195,0.974008550789,198201,-0.727602141643,0.404283845755,0.378197921511,0.443251291244,0.0260859242446,0.0272593247825,5544,0.599007332728,-0.0872258679509,-0.946749226006,
PKIS2,471,ordinary_cluster_resample_with_replacement,ok,644,338,338,229,652,,0.426146296444,0.312317197038,0.368637496693,0.113829099406,0.985660229004,200572,-1.02110251727,0.419701516973,0.383614578815,0.435085245973,0.0360869381574,0.199100692909,40514,0.298883419431,-0.0777421612485,-0.786559536095,
PKIS2,472,ordinary_cluster_resample_with_replacement,ok,644,338,338,216,628,,0.399983373666,0.280770862917,0.339804073062,0.119212510749,0.990923386899,201643,-1.01941433399,0.389679441642,0.371097588299,0.425406474694,0.0185818533428,0.0175930021131,3577,0.657848750431,-0.100630657406,-0.973330384785,
PKIS2,473,ordinary_cluster_resample_with_replacement,ok,644,338,338,222,631,,0.393279317728,0.288740321917,0.350666669936,0.104538995811,0.938852032041,191047,-0.688118210687,0.403409895276,0.361069877803,0.428866916891,0.0423400174723,0.109263354465,22233,0.375488693284,-0.0621989783384,-0.829588677576,
PKIS2,474,ordinary_cluster_resample_with_replacement,ok,644,338,338,203,623,,0.384177811679,0.268628214329,0.329796486778,0.115549597349,0.973787409701,198156,-0.889044642334,0.39029774856,0.355123644189,0.420824122014,0.0351741043706,0.0956263207037,19458,0.464629397908,-0.0803754929789,-0.878161088997,
PKIS2,475,ordinary_cluster_resample_with_replacement,ok,644,338,338,213,600,,0.422438084406,0.300082052063,0.359856265623,0.122356032343,0.992264976166,201916,-1.04697017418,0.414046942456,0.383238081352,0.447698446149,0.0308088611046,0.0380510098776,7740,0.522049538483,-0.0915471712381,-0.954213966288,
PKIS2,476,ordinary_cluster_resample_with_replacement,ok,644,338,338,216,682,,0.444373550516,0.32746492564,0.373835520474,0.116908624876,0.99582289056,202640,-1.52118018531,0.404184040814,0.359636894726,0.423080561978,0.0445471460877,0.146926138877,29895,0.297847239652,-0.0723614787888,-0.848896751683,
PKIS2,477,ordinary_cluster_resample_with_replacement,ok,644,338,338,194,629,,0.425134250565,0.315539033206,0.376202942979,0.109595217359,0.951403017347,193601,-0.806596669577,0.396078308784,0.361087183151,0.430035086956,0.0349911256332,0.0559830949924,11385,0.492499065202,-0.0746040917261,-0.895419922355,
PKIS2,478,ordinary_cluster_resample_with_replacement,ok,644,338,338,214,656,,0.417581990616,0.291194982089,0.359720843779,0.126387008527,0.979684505381,199356,-0.844369489275,0.403374118913,0.365344054091,0.433788384447,0.0380300648224,0.0783527446066,15943,0.444365009859,-0.0883569437046,-0.901331760774,
PKIS2,479,ordinary_cluster_resample_with_replacement,ok,644,338,338,220,663,,0.405292341371,0.286562476571,0.349659723874,0.1187298648,0.985940341049,200629,-0.881696426934,0.396209815873,0.365702541121,0.428597473304,0.030507274752,0.0512801611873,10430,0.514948602484,-0.0882225900481,-0.934660179861,
PKIS2,480,ordinary_cluster_resample_with_replacement,ok,644,338,338,207,623,,0.411531421106,0.292047096218,0.352366035835,0.119484324888,0.99520860976,202515,-0.980875752237,0.418082936933,0.390422233907,0.446102318776,0.0276607030267,0.0578849083493,11776,0.503220889629,-0.0918236218614,-0.93732370141,
PKIS2,481,ordinary_cluster_resample_with_replacement,ok,644,338,338,217,656,,0.428811731916,0.313743927143,0.365663490853,0.115067804773,0.984908349305,200419,-1.21627064157,0.425551035301,0.387233583316,0.442516890872,0.0383174519854,0.188834832178,38425,0.306889300244,-0.0767503527871,-0.796073517126,
PKIS2,482,ordinary_cluster_resample_with_replacement,ok,644,338,338,220,618,,0.438264319443,0.319370433263,0.380863826823,0.11889388618,0.977576293675,198927,-0.933441615371,0.402946996708,0.380410345067,0.440314297905,0.0225366516414,0.0217799400462,4427,0.623786902643,-0.0963572345384,-0.955796353629,
PKIS2,483,ordinary_cluster_resample_with_replacement,ok,644,338,338,215,655,,0.44093086703,0.312315693671,0.373518700411,0.128615173359,0.993724507347,202213,-1.10145187647,0.40202681555,0.364285840009,0.426400602482,0.0377409755408,0.113288122266,23051,0.392399261656,-0.090874197818,-0.88043638508,
PKIS2,484,ordinary_cluster_resample_with_replacement,ok,644,338,338,220,602,,0.41334753507,0.289266799256,0.354960716569,0.124080735814,0.987906039609,201029,-0.888770542054,0.412539885693,0.394340069172,0.454295413375,0.0181998165207,0.0202958376333,4127,0.696443798923,-0.105880919293,-0.967610201976,
PKIS2,485,ordinary_cluster_resample_with_replacement,ok,644,338,338,215,630,,0.399777981812,0.292294242459,0.350328039897,0.107483739353,0.972735760971,197942,-0.852088681031,0.395151113423,0.368395349777,0.431621490985,0.0267557636469,0.0199764116173,4062,0.576824346141,-0.0807279757057,-0.952759349354,
PKIS2,486,ordinary_cluster_resample_with_replacement,ok,644,338,338,221,629,,0.429715681045,0.298584333823,0.358698926449,0.131131347222,0.994112732812,202292,-1.18135633118,0.395346100122,0.370225302593,0.430813574781,0.0251207975286,0.031942601602,6497,0.585385147626,-0.106010549694,-0.96217013121,
PKIS2,487,ordinary_cluster_resample_with_replacement,ok,644,338,338,209,701,,0.416914357594,0.306948475473,0.366797891942,0.109965882121,0.978834340754,199183,-0.837376011468,0.413702858531,0.39833913512,0.451107725065,0.0153637234116,0.00898815666618,1828,0.708847186794,-0.0946021587097,-0.969846184088,
PKIS2,488,ordinary_cluster_resample_with_replacement,ok,644,338,338,212,732,,0.417450081178,0.298179387219,0.358451579434,0.119270693959,0.985738856946,200588,-0.978867692983,0.403433344957,0.370064600637,0.432322113374,0.0333687443194,0.0772814388913,15723,0.464020600042,-0.0859019496397,-0.908457418055,
PKIS2,489,ordinary_cluster_resample_with_replacement,ok,644,338,338,217,609,,0.423548665784,0.296226382599,0.363884405554,0.127322283185,0.989704653791,201395,-0.881850483127,0.40003039319,0.381081897613,0.440971307173,0.0189484955768,0.0122856160008,2495,0.683608575938,-0.108373787608,-0.977419037791,
PKIS2,490,ordinary_cluster_resample_with_replacement,ok,644,338,338,220,645,,0.409230165231,0.290803162299,0.351262884188,0.118427002932,0.99410290432,202290,-0.958775185083,0.416102254037,0.393673343672,0.45157584436,0.0224289103643,0.0211902304782,4309,0.612643493844,-0.0959980925677,-0.972912673841,
PKIS2,491,ordinary_cluster_resample_with_replacement,ok,644,338,338,226,677,,0.39079072971,0.268853503545,0.333157591246,0.121937226165,0.986466165414,200736,-0.896259328538,0.386890134084,0.368154132665,0.426019209081,0.0187360014187,0.0211410880142,4299,0.676212275536,-0.103201224746,-0.965325077399,
PKIS2,492,ordinary_cluster_resample_with_replacement,ok,644,338,338,216,668,,0.437118696459,0.296143709724,0.362522212852,0.140974986736,0.994766327584,202425,-1.12380484782,0.397003730364,0.365052630764,0.428711628487,0.0319510995994,0.0530886038626,10780,0.498089810676,-0.109023887136,-0.941677723721,
PKIS2,493,ordinary_cluster_resample_with_replacement,ok,644,338,338,208,726,,0.429098662473,0.31159898997,0.372376227414,0.117499672503,0.99226006192,201915,-0.933284193961,0.418353892226,0.396991384497,0.451149375829,0.0213625077291,0.0424148606811,8628,0.605552067132,-0.0961371647739,-0.949845201238,
PKIS2,494,ordinary_cluster_resample_with_replacement,ok,644,338,338,217,584,,0.407813418018,0.283542008469,0.352223348209,0.124271409549,0.987065703474,200858,-0.809391168259,0.402238177391,0.374651397334,0.43918507087,0.0275867800562,0.0362278244631,7371,0.57252115764,-0.0966846294927,-0.950837879011,
PKIS2,495,ordinary_cluster_resample_with_replacement,ok,644,338,338,222,640,,0.408383325787,0.286759038303,0.351165731554,0.121624287484,0.981728831884,199772,-0.888379628664,0.412997997901,0.376335923966,0.439377163266,0.036662073935,0.103911740135,21142,0.41844300109,-0.0849622135491,-0.877817091749,
PKIS2,496,ordinary_cluster_resample_with_replacement,ok,644,338,338,212,590,,0.423388420302,0.294766572769,0.359504516957,0.128621847533,0.990549904172,201567,-0.986807723756,0.384188011105,0.360177601414,0.420660952144,0.0240104096905,0.015111307681,3074,0.603024478624,-0.104611437843,-0.975438596491,
PKIS2,497,ordinary_cluster_resample_with_replacement,ok,644,338,338,213,635,,0.398791228898,0.286196576335,0.348011201279,0.112594652563,0.965462676299,196462,-0.821488889804,0.377575826976,0.354302037695,0.421228074606,0.0232737892806,0.0122610447688,2490,0.65224611594,-0.0893208632825,-0.95320163153,
PKIS2,498,ordinary_cluster_resample_with_replacement,ok,644,338,338,207,682,,0.424085821662,0.312765915484,0.365081702502,0.111319906177,0.9845053811,200337,-1.127845389,0.408171198475,0.37949157837,0.435985977023,0.0286796201054,0.058862843383,11977,0.492345776055,-0.0826402860717,-0.925642537717,
PKIS2,499,ordinary_cluster_resample_with_replacement,ok,644,338,338,215,649,,0.409019353956,0.293828919515,0.351546497254,0.115190434441,0.985247432306,200488,-0.995760025857,0.398518404584,0.383308439355,0.438967646895,0.0152099652287,0.00604452307239,1229,0.726730474599,-0.0999804692125,-0.979202909234,
DAVIS,0,positive_exp1_cluster_multiplier,ok,67,64,,64,67,,0.325458480335,0.193200964273,0.278718096039,0.132257516062,0.888746375743,180851,-0.546561645974,0.263111242458,0.238260031736,0.333252943491,0.0248512107225,0.00556292692516,1131,0.738388788561,-0.10740630534,-0.883183448818,42.6414498568
DAVIS,1,positive_exp1_cluster_multiplier,ok,67,64,,64,67,,0.302495803027,0.180797189019,0.265140501429,0.121698614008,0.867772372107,176583,-0.442895832886,0.283544047176,0.249821744807,0.34574540265,0.033722302369,0.0231215293135,4705,0.648446450778,-0.087976311639,-0.844650842793,36.902570516
DAVIS,2,positive_exp1_cluster_multiplier,ok,67,64,,64,67,,0.278113914553,0.161147208114,0.250677531842,0.11696670644,0.773423755467,157384,-0.30644793371,0.277468940477,0.263565215696,0.353512255687,0.0139037247805,0.00516978721313,1047,0.845423209236,-0.103062981659,-0.768253968254,37.0372417311
DAVIS,3,positive_exp1_cluster_multiplier,ok,67,64,,64,67,,0.309681652088,0.208107533973,0.290571431589,0.101574118114,0.713813946631,145253,-0.231740447041,0.261625443911,0.245678680631,0.346555763421,0.0159467632801,0.0015234163841,309,0.841918869589,-0.0856273548342,-0.712290530247,33.5244332267
DAVIS,4,positive_exp1_cluster_multiplier,ok,67,64,,64,67,,0.290883965203,0.175975379851,0.266287234274,0.114908585352,0.749977885891,152613,-0.272353292779,0.23441742986,0.222179164064,0.31168691602,0.0122382657959,0.00251117991056,506,0.863271442658,-0.102670319556,-0.747466705981,35.7761244978
DAVIS,5,positive_exp1_cluster_multiplier,ok,67,64,,64,67,,0.285301699117,0.175103343371,0.263346610768,0.110198355746,0.692250233427,140865,-0.248801851928,0.250535514552,0.232215378421,0.321577923954,0.0183201361317,0.00924369747899,1881,0.794990887711,-0.0918782196143,-0.683006535948,30.6968702062
DAVIS,6,positive_exp1_cluster_multiplier,ok,67,64,,64,67,,0.275980546371,0.1608737351,0.251711200618,0.115106811271,0.741839893852,150957,-0.267173303601,0.22646876669,0.217922437811,0.327630588708,0.00854632887894,0.000221141088014,40,0.922099417326,-0.106560482392,-0.741618752764,35.2781829882
DAVIS,7,positive_exp1_cluster_multiplier,ok,67,64,,64,67,,0.283768803043,0.172407737755,0.26352017176,0.111361065288,0.70117450489,142679,-0.222237848252,0.252472133264,0.23449403642,0.329945853155,0.0179780968431,0.00441790751388,896,0.811652648863,-0.0933829684449,-0.696756597376,36.4457132181
DAVIS,8,positive_exp1_cluster_multiplier,ok,67,64,,64,67,,0.413385183632,0.261415203397,0.354262832462,0.151969980236,0.953550543024,194038,-0.636767484167,0.25991430954,0.216051598136,0.318459761006,0.0438627114032,0.0696938424493,14179,0.571687352119,-0.108107268833,-0.883856700575,30.9545873209
DAVIS,9,positive_exp1_cluster_multiplier,ok,67,64,,64,67,,0.284829390944,0.139763997893,0.251815051621,0.145065393051,0.776676986584,158046,-0.294636580595,0.224314145734,0.203844531106,0.306755436096,0.020469614628,0.0031254607106,633,0.801093823535,-0.124595778423,-0.773551525874,33.672518837
DAVIS,10,positive_exp1_cluster_multiplier,ok,67,64,,64,67,,0.34292169635,0.20889181457,0.296740694975,0.13402988178,0.888933117106,180889,-0.525686851801,0.239969807679,0.23637938345,0.33006844233,0.00359042422931,0.000142513145609,24,0.961677230274,-0.130439457551,-0.888790603961,38.1974356556
DAVIS,11,positive_exp1_cluster_multiplier,ok,67,64,,64,67,,0.301210907153,0.170228593327,0.260846118603,0.130982313827,0.848680524842,172698,-0.445441303186,0.24477276046,0.20336951611,0.313280926406,0.0414032443498,0.0237849525775,4833,0.623303492893,-0.089579069477,-0.824895572264,36.7689615848
DAVIS,12,positive_exp1_cluster_multiplier,ok,67,64,,64,67,,0.293961275613,0.167292398003,0.257418573877,0.12666887761,0.834124527004,169736,-0.405461580748,0.272000124741,0.249918148625,0.351304930528,0.0220819761155,0.00542041377955,1100,0.782200640941,-0.104586901495,-0.828704113224,38.1341687499
DAVIS,13,positive_exp1_cluster_multiplier,ok,67,64,,64,67,,0.324884268422,0.216296386593,0.304743301591,0.108587881829,0.697592019264,141953,-0.227718138394,0.236529062713,0.214127758372,0.310248729236,0.0224013043404,0.00595606663718,1207,0.766946753253,-0.0861865774881,-0.691635952627,37.6035325116
DAVIS,14,positive_exp1_cluster_multiplier,ok,67,64,,64,67,,0.336768254723,0.191850645457,0.290222342755,0.144917609266,0.886928104575,180481,-0.473163656274,0.244082920282,0.238285070323,0.343898184564,0.00579784995838,0.000122856160008,23,0.945102935369,-0.139119759308,-0.886805248415,36.475797135
DAVIS,15,positive_exp1_cluster_multiplier,ok,67,64,,64,67,,0.310254879945,0.176495950202,0.272807262367,0.133758929743,0.846901567645,172336,-0.388818475592,0.264234045343,0.238011900251,0.338664086063,0.0262221450921,0.00960243746621,1947,0.739477638956,-0.107536784651,-0.837299130178,39.1798527237
DAVIS,16,positive_exp1_cluster_multiplier,ok,67,64,,64,67,,0.285638582502,0.187600353667,0.263877327237,0.0980382288343,0.736650449654,149901,-0.285292588916,0.231247666188,0.227378038345,0.320201869951,0.00386962784245,7.8627942405e-05,15,0.958312129811,-0.0941686009918,-0.736571821711,38.1774921961
DAVIS,17,positive_exp1_cluster_multiplier,ok,67,64,,64,67,,0.333881860978,0.194437183854,0.286171195758,0.139444677123,0.8894196275,180988,-0.520097881141,0.276967980586,0.244055556717,0.344249470097,0.0329124238684,0.0133667502089,2717,0.671512742059,-0.106532253255,-0.876052877291,34.1729282196
DAVIS,18,positive_exp1_cluster_multiplier,ok,67,64,,64,67,,0.277386593757,0.178492915872,0.26482398719,0.0988936778851,0.641682637967,130576,-0.145516630063,0.240477788609,0.22486854636,0.332341354474,0.0156092422486,0.00122364735368,247,0.854761008645,-0.0832844356364,-0.640458990614,31.3633851067
DAVIS,19,positive_exp1_cluster_multiplier,ok,67,64,,64,67,,0.304581856562,0.201980677183,0.284341517055,0.102601179379,0.719656985601,146443,-0.24575198042,0.257046204751,0.228648664823,0.326370381141,0.0283975399287,0.00918964076859,1867,0.709403999455,-0.0742036394507,-0.710467344833,25.8711983604
DAVIS,20,positive_exp1_cluster_multiplier,ok,67,64,,64,67,,0.284133989495,0.168658793739,0.243366467421,0.115475195757,0.924099464347,188045,-0.545693903516,0.280840561375,0.261559669661,0.356893105462,0.0192808917145,0.00346454371222,702,0.797753101497,-0.0961943040425,-0.920634920635,34.6063351284
DAVIS,21,positive_exp1_cluster_multiplier,ok,67,64,,64,67,,0.320161128082,0.197812566062,0.278972647555,0.122348562019,0.906624404148,184488,-0.507496786222,0.270321021185,0.247853012488,0.34109406285,0.0224680086968,0.0046390486019,943,0.759033080283,-0.0998805533226,-0.901985355546,37.5312054127
DAVIS,22,positive_exp1_cluster_multiplier,ok,67,64,,64,67,,0.302951323867,0.175523362184,0.263000265343,0.127427961683,0.876185561944,178294,-0.456704079386,0.264593553327,0.241315441467,0.330270593945,0.0232781118605,0.0127573836552,2596,0.738316317697,-0.104149849823,-0.863428178289,37.1216957421
DAVIS,23,positive_exp1_cluster_multiplier,ok,67,64,,64,67,,0.262535205517,0.157848642505,0.236377030612,0.104686563012,0.7676446017,156208,-0.333104696733,0.257432058271,0.226441479399,0.326474126664,0.0309905788725,0.0151899356234,3090,0.69019535402,-0.0736959841396,-0.752454666077,33.8332221748
DAVIS,24,positive_exp1_cluster_multiplier,ok,67,64,,64,67,,0.29322605077,0.188414620065,0.265665643441,0.104811430705,0.788402378495,160432,-0.35676430064,0.224275517841,0.214516659661,0.31297006903,0.00975885818034,0.000363654233623,71,0.900878413019,-0.0950525725247,-0.788038724262,27.6249483425
DAVIS,25,positive_exp1_cluster_multiplier,ok,67,64,,64,67,,0.321801829169,0.203727108009,0.286129448311,0.11807472116,0.816590495847,166168,-0.432904948173,0.269847791622,0.239000766554,0.33878388234,0.0308470250683,0.00822153422773,1672,0.690859271879,-0.0872276960916,-0.80836896162,40.1431732143
DAVIS,26,positive_exp1_cluster_multiplier,ok,67,64,,64,67,,0.293871319504,0.171512279534,0.248729281774,0.12235903997,0.889277114355,180959,-0.584612668455,0.269817972415,0.245851954636,0.338981893022,0.0239660177782,0.00823136272053,1674,0.742660435584,-0.0983930221918,-0.881045751634,33.1473025973
DAVIS,27,positive_exp1_cluster_multiplier,ok,67,64,,64,67,,0.295561616504,0.163751009824,0.26023621953,0.131810606681,0.811401051649,165112,-0.366122404485,0.241567866705,0.212219535869,0.319490406845,0.0293483308354,0.00907661310138,1847,0.726409130749,-0.102462275845,-0.802324438547,31.484687216
DAVIS,28,positive_exp1_cluster_multiplier,ok,67,64,,64,67,,0.276676510326,0.172376076455,0.238624916927,0.104300433871,0.849491375498,172862,-0.574373726801,0.23952598537,0.221177350079,0.314423155864,0.018348635291,0.00121873310728,245,0.803222942454,-0.0859517985804,-0.84827264239,33.794383136
DAVIS,29,positive_exp1_cluster_multiplier,ok,67,64,,64,67,,0.296491928535,0.188127443234,0.271791029831,0.1083644853,0.767811686078,156242,-0.295240733851,0.240620834467,0.204530659093,0.312788179278,0.0360901753748,0.00740085507887,1499,0.666626620368,-0.0722743099256,-0.760410830999,34.254397099
DAVIS,30,positive_exp1_cluster_multiplier,ok,67,64,,64,67,,0.268527298823,0.150506136607,0.239294060395,0.118021162216,0.816610152833,166172,-0.329247910991,0.289746005152,0.259883676783,0.365601636238,0.0298623283692,0.00717971399086,1460,0.71752833177,-0.0881588338469,-0.809430438842,37.6415279911
DAVIS,31,positive_exp1_cluster_multiplier,ok,67,64,,64,67,,0.334337087168,0.200131020733,0.286437398746,0.134206066435,0.91038871689,185255,-0.554995928735,0.259471206409,0.242249326553,0.338030131709,0.0172218798561,0.0015479876161,313,0.820194872782,-0.116984186579,-0.908840729274,34.7526442933
DAVIS,32,positive_exp1_cluster_multiplier,ok,67,64,,64,67,,0.303667781568,0.191303708875,0.276407085054,0.112364072694,0.778863826232,158491,-0.320324501081,0.256315619993,0.236704083456,0.346097937511,0.0196115365372,0.00169541500811,344,0.820725426428,-0.0927525361565,-0.777168411224,38.5872757982
DAVIS,33,positive_exp1_cluster_multiplier,ok,67,64,,64,67,,0.335669809389,0.215053226425,0.29620753181,0.120616582964,0.834414467541,169795,-0.486262280127,0.249665009234,0.23545793578,0.317377085364,0.014207073454,0.00179861418252,364,0.82657201001,-0.10640950951,-0.832615853359,38.1719479906
DAVIS,34,positive_exp1_cluster_multiplier,ok,67,64,,64,67,,0.288648421293,0.166830770061,0.260097968447,0.121817651232,0.783448818124,159423,-0.30611461844,0.275373114519,0.246285764079,0.342970127706,0.0290873504397,0.0208904614477,4250,0.699151451707,-0.0927303007926,-0.762558356676,34.0055796861
DAVIS,35,positive_exp1_cluster_multiplier,ok,67,64,,64,67,,0.302500774202,0.187053462405,0.272440268969,0.115447311797,0.807558110964,164330,-0.352050936711,0.274312721725,0.255335583758,0.348483648956,0.0189771379672,0.00536635706914,1089,0.796269112762,-0.0964701738298,-0.802191753895,39.6723070246
DAVIS,36,positive_exp1_cluster_multiplier,ok,67,64,,64,67,,0.329293235783,0.215155292778,0.306388419094,0.114137943005,0.725111799106,147553,-0.251058114667,0.230375804142,0.215830662333,0.304579179193,0.0145451418087,0.00225563909774,455,0.836108339347,-0.0995928011963,-0.722856160008,35.5581749726
DAVIS,37,positive_exp1_cluster_multiplier,ok,67,64,,64,67,,0.302187879315,0.196063487362,0.279723750088,0.106124391953,0.716482382427,145796,-0.268516120975,0.255970779506,0.234802663559,0.334134600175,0.0211681159466,0.00794633642931,1616,0.786895165162,-0.0849562760062,-0.708536045997,37.2630338221
DAVIS,38,positive_exp1_cluster_multiplier,ok,67,64,,64,67,,0.304439901972,0.183336961717,0.280055234654,0.121102940255,0.737770897833,150129,-0.252120582562,0.255203436272,0.240575771255,0.348565593167,0.0146276650168,0.00131210378888,260,0.864545891846,-0.106475275238,-0.736458794044,30.5368296432
DAVIS,39,positive_exp1_cluster_multiplier,ok,67,64,,64,67,,0.304819619092,0.164685432583,0.257883903496,0.140134186509,0.901985355546,183544,-0.503610361159,0.263172981811,0.246600938961,0.349521488334,0.0165720428498,0.00235883827215,479,0.838982176535,-0.123562143659,-0.899626517274,31.0099983616
DAVIS,40,positive_exp1_cluster_multiplier,ok,67,64,,64,67,,0.295021224887,0.181404467634,0.264921774095,0.113616757254,0.798889380314,162566,-0.360397767454,0.241538803518,0.222811207255,0.331145884933,0.0187275962632,0.00348911494422,705,0.827132025824,-0.0948891609904,-0.795400265369,35.5085698111
DAVIS,41,positive_exp1_cluster_multiplier,ok,67,64,,64,67,,0.315470484916,0.197992148502,0.269164521121,0.117478336413,0.90528281488,184216,-0.650617115745,0.23441340615,0.21178729842,0.300277681253,0.0226261077293,0.00506167379232,1028,0.744309980304,-0.094852228684,-0.900221141088,30.1228265957
DAVIS,42,positive_exp1_cluster_multiplier,ok,67,64,,64,67,,0.323760964574,0.193833954911,0.286461946123,0.129927009663,0.837765983586,170476,-0.402675454394,0.240729564249,0.21724086131,0.307804034991,0.0234887029393,0.00830999066293,1686,0.740637369645,-0.106438306724,-0.829455992923,36.2565800336
DAVIS,43,positive_exp1_cluster_multiplier,ok,67,64,,64,67,,0.338506985769,0.199264539803,0.279856628114,0.139242445967,0.918836306452,186974,-0.727743366435,0.217869860509,0.200944961762,0.286424922828,0.0169248987473,0.00230478156175,466,0.802001562282,-0.122317547219,-0.916531524891,34.5484631364
DAVIS,44,positive_exp1_cluster_multiplier,ok,67,64,,64,67,,0.32009445328,0.174034749543,0.261964574344,0.146059703737,0.915032679739,186199,-0.661093992484,0.224701029058,0.205953789943,0.302774330805,0.0187472391152,0.00250626566416,509,0.806371262252,-0.127312464622,-0.912526414074,36.7790416028
DAVIS,45,positive_exp1_cluster_multiplier,ok,67,64,,64,67,,0.347635459942,0.194601205272,0.285445503418,0.15303425467,0.947579733648,192823,-0.684577434058,0.223227886674,0.216795219468,0.315057270269,0.00643266720568,0.000171998624011,30,0.93453558975,-0.146601587464,-0.947407735024,34.1710501494
DAVIS,46,positive_exp1_cluster_multiplier,ok,67,64,,64,67,,0.330193480314,0.191296110192,0.285851439031,0.138897370121,0.873630153816,177774,-0.4689533824,0.255369008732,0.244495817348,0.349553595289,0.0108731913839,0.000113027667207,20,0.896502747374,-0.128024178738,-0.873517126149,36.5977392909
DAVIS,47,positive_exp1_cluster_multiplier,ok,67,64,,64,67,,0.304351551806,0.178729048522,0.267827242207,0.125622503284,0.823470440808,167568,-0.409933221855,0.270931594991,0.244618681308,0.347017533762,0.0263129136827,0.0062509214212,1269,0.743035072637,-0.0993095896012,-0.817219519387,33.6030295729
DAVIS,48,positive_exp1_cluster_multiplier,ok,67,64,,64,67,,0.29997144796,0.181258394325,0.259588675754,0.118713053635,0.859791635953,174959,-0.515544837443,0.267275625205,0.232878184641,0.333761751721,0.0343974405638,0.0202270381837,4115,0.659038220401,-0.0843156130712,-0.839564597769,36.5150219853
DAVIS,49,positive_exp1_cluster_multiplier,ok,67,64,,64,67,,0.350749949478,0.196684852749,0.295292981197,0.154065096729,0.919312988353,187070,-0.562397534103,0.256101240663,0.233898755399,0.347271694964,0.0222024852635,0.00198044129933,400,0.80416415638,-0.131862611465,-0.917332547054,32.8149213425
DAVIS,50,positive_exp1_cluster_multiplier,ok,67,64,,64,67,,0.34657814364,0.20644777476,0.296672359199,0.14013036888,0.897061280653,182543,-0.553128448877,0.245864588565,0.228036893395,0.328249658061,0.0178276951704,0.00208364047373,421,0.822101553332,-0.12230267371,-0.894977640179,33.8491839186
DAVIS,51,positive_exp1_cluster_multiplier,ok,67,64,,64,67,,0.327315797108,0.196396313643,0.274149984278,0.130919483465,0.905223843924,184204,-0.683772385217,0.257703587591,0.199010745228,0.304114784509,0.0586928423631,0.0778465772274,15840,0.441573865623,-0.0722266411016,-0.827377266696,33.1606869061
DAVIS,52,positive_exp1_cluster_multiplier,ok,67,64,,64,67,,0.33700331234,0.213838087289,0.306679864057,0.123165225052,0.780008845644,158724,-0.326614260717,0.263750916335,0.21750921003,0.326154046397,0.0462417063052,0.0448375841565,9121,0.574377321082,-0.0769235187464,-0.735171261487,30.8831260509
DAVIS,53,positive_exp1_cluster_multiplier,ok,67,64,,64,67,,0.261134371829,0.143427649502,0.225742533435,0.117706722327,0.827893262568,168468,-0.429956730813,0.254752560442,0.212155495576,0.319572252572,0.0425970648667,0.0259963634577,5287,0.60344115706,-0.0751096574601,-0.801896899111,31.5071424561
DAVIS,54,positive_exp1_cluster_multiplier,ok,67,64,,64,67,,0.316352879982,0.18850111776,0.284314763967,0.127851762222,0.792112634527,161187,-0.334379467677,0.242836315624,0.230516051111,0.330811218627,0.0123202645134,0.00139073173129,281,0.877159938823,-0.115531497708,-0.790721902796,36.3679317798
DAVIS,55,positive_exp1_cluster_multiplier,ok,67,64,,64,67,,0.303042978562,0.168797818336,0.270645685105,0.134245160225,0.807174799744,164252,-0.318094963451,0.257168565945,0.227775888685,0.335603258927,0.0293926772601,0.00665388962603,1353,0.727409866401,-0.104852482965,-0.800520910118,29.7135008988
DAVIS,56,positive_exp1_cluster_multiplier,ok,67,64,,64,67,,0.357441600092,0.229704608072,0.32296060713,0.127736992021,0.799321833997,162654,-0.369745574659,0.241657629552,0.239841231584,0.326858998518,0.00181639796807,0.000137598899209,21,0.979126125249,-0.125920594053,-0.799184235098,35.8107515531
DAVIS,57,positive_exp1_cluster_multiplier,ok,67,64,,64,67,,0.300313728942,0.156759917225,0.260699341019,0.143553811717,0.862189788196,175447,-0.381129570247,0.261518305661,0.231199943114,0.32508960435,0.030318362547,0.0115140793159,2342,0.677085185439,-0.11323544917,-0.85067570888,31.3477460472
DAVIS,58,positive_exp1_cluster_multiplier,ok,67,64,,64,67,,0.292688695614,0.170974720878,0.254569440024,0.121713974736,0.870942061035,177228,-0.456000761525,0.28200925042,0.24530081612,0.339088057652,0.0367084343001,0.0396874539289,8075,0.608598848838,-0.0850055404363,-0.831254607106,30.649573885
DAVIS,59,positive_exp1_cluster_multiplier,ok,67,64,,64,67,,0.298179968546,0.184294434307,0.267261930078,0.113885534239,0.826920241781,168270,-0.372652424673,0.286386895899,0.264127010815,0.353164623745,0.0222598850845,0.0093862106246,1906,0.74999458822,-0.0916256491547,-0.817534031156,40.2852328653
DAVIS,60,positive_exp1_cluster_multiplier,ok,67,64,,64,67,,0.301415436045,0.172589946179,0.255953714632,0.128825489866,0.886073025702,180307,-0.545341486543,0.271263182617,0.256610747739,0.339667806167,0.0146524348788,0.00122364735368,247,0.823585916044,-0.114173054987,-0.884849378348,37.9519344746
DAVIS,61,positive_exp1_cluster_multiplier,ok,67,64,,64,67,,0.337423474314,0.201990033287,0.297206479595,0.135433441027,0.857103543172,174412,-0.422374456077,0.23541090542,0.221771061274,0.316649560023,0.0136398441456,0.00127770406408,255,0.856238828338,-0.121793596882,-0.855825839108,32.7940145266
DAVIS,62,positive_exp1_cluster_multiplier,ok,67,64,,64,67,,0.294600587827,0.193202714161,0.27254778139,0.101397873666,0.760484544695,154751,-0.277935443334,0.266673522038,0.2394148793,0.337362421161,0.0272586427384,0.00852621750455,1732,0.72170161476,-0.0741392309277,-0.751958327191,38.7267623794
DAVIS,63,positive_exp1_cluster_multiplier,ok,67,64,,64,67,,0.309463522547,0.184810411653,0.26818796988,0.124653110894,0.863541205956,175722,-0.495043912835,0.255543178356,0.224857340574,0.321266663156,0.0306858377819,0.0274706373778,5587,0.681712961358,-0.093967273112,-0.836070568578,37.4904116123
DAVIS,64,positive_exp1_cluster_multiplier,ok,67,64,,64,67,,0.314658348921,0.211048312924,0.291333275828,0.103610035997,0.747692761315,152148,-0.290528540448,0.266071123968,0.251827555254,0.334406061265,0.0142435687142,0.0031205464642,633,0.827514817084,-0.0893664672829,-0.744572214851,38.5782429052
DAVIS,65,positive_exp1_cluster_multiplier,ok,67,64,,64,67,,0.335622568991,0.172605768566,0.270374124234,0.163016800426,0.943034055728,191898,-0.667377949757,0.250233706385,0.205462378386,0.303182250568,0.0447713279996,0.03812963782,7757,0.54184008841,-0.118245472426,-0.904904417908,29.2654600287
DAVIS,66,positive_exp1_cluster_multiplier,ok,67,64,,64,67,,0.337070065092,0.201666568691,0.28552661319,0.135403496402,0.911283109735,185437,-0.61463659135,0.259696780583,0.238623386928,0.329666737527,0.0210733936549,0.00454076367389,921,0.768534511128,-0.114330102747,-0.906742346061,34.8807878326
DAVIS,67,positive_exp1_cluster_multiplier,ok,67,64,,64,67,,0.293968063203,0.184049452758,0.265650376887,0.109918610445,0.804658705587,163739,-0.347026539435,0.272873084506,0.238580077527,0.325577840042,0.0342930069797,0.0222173079758,4519,0.605817368305,-0.0756256034655,-0.782441397612,42.0910078148
DAVIS,68,positive_exp1_cluster_multiplier,ok,67,64,,64,67,,0.258137103433,0.163443604866,0.248911691754,0.094693498567,0.616271069831,125405,-0.107939840639,0.260181614579,0.233049969101,0.340028656244,0.0271316454788,0.00670794633643,1362,0.746382702917,-0.0675618530882,-0.609563123495,30.872247346
DAVIS,69,positive_exp1_cluster_multiplier,ok,67,64,,64,67,,0.294962123363,0.211400761857,0.29349663919,0.0835613615066,0.514713253723,104738,-0.0178508863201,0.259512205751,0.243664296306,0.34156391519,0.015847909445,0.00182318541452,368,0.838120825947,-0.0677134520616,-0.512890068308,29.1129547904
DAVIS,70,positive_exp1_cluster_multiplier,ok,67,64,,64,67,,0.325635591704,0.211741399064,0.300185550514,0.11389419264,0.762779497764,155218,-0.287752675256,0.265259240742,0.237817289116,0.342145743582,0.027441951626,0.00830507641653,1689,0.736965799346,-0.0864522410136,-0.754474421347,37.5536514367
DAVIS,71,positive_exp1_cluster_multiplier,ok,67,64,,64,67,,0.280234209907,0.176738345674,0.256468108666,0.103495864234,0.742636001769,151119,-0.298083179347,0.255534053891,0.247906464633,0.343552007304,0.00762758925839,0.000211312595214,38,0.920251492695,-0.0958682749754,-0.742424689174,38.0997295063
DAVIS,72,positive_exp1_cluster_multiplier,ok,67,64,,64,67,,0.352180536829,0.219999549967,0.31390586814,0.132180986862,0.804255737383,163657,-0.407583530421,0.23125949948,0.224755716849,0.316023077763,0.00650378263112,0.000186741363212,36,0.928739227627,-0.125677204231,-0.804068996019,36.795677124
DAVIS,73,positive_exp1_cluster_multiplier,ok,67,64,,64,67,,0.290369249391,0.19237027509,0.275722811542,0.0979989743014,0.663039952823,134922,-0.175716762471,0.274257905597,0.218354028359,0.328761534021,0.0559038772379,0.100476681901,20446,0.493658724532,-0.0420950970635,-0.562563270922,40.1656109021
DAVIS,74,positive_exp1_cluster_multiplier,ok,67,64,,64,67,,0.324113475442,0.209586929585,0.288656117082,0.114526545858,0.833598702639,169629,-0.448434585989,0.272606346984,0.231374148647,0.327403479905,0.0412321983368,0.0412698412698,8397,0.570629121367,-0.0732943475209,-0.792328861369,39.9374631648
DAVIS,75,positive_exp1_cluster_multiplier,ok,67,64,,64,67,,0.367890569207,0.206190488673,0.299238187468,0.161700080534,0.945790947958,192459,-0.737819232799,0.275555924566,0.250587424549,0.344723262204,0.0249685000166,0.0117155634183,2384,0.734760951424,-0.136731580518,-0.93407538454,36.235384843
DAVIS,76,positive_exp1_cluster_multiplier,ok,67,64,,64,67,,0.342374245981,0.204411067399,0.29571915429,0.137963178582,0.876588530149,178376,-0.510963412774,0.240373704923,0.224101442237,0.32278603031,0.0162722626853,0.000963192294462,195,0.835108368966,-0.121690915897,-0.875625337854,32.6324707618
DAVIS,77,positive_exp1_cluster_multiplier,ok,67,64,,64,67,,0.366190977067,0.207405728625,0.308859879413,0.158785248443,0.916020443265,186400,-0.565093662602,0.260059178869,0.224186631687,0.331404455525,0.0358725471821,0.00994643471424,2023,0.665423659072,-0.122912701261,-0.906074008551,38.5779719124
DAVIS,78,positive_exp1_cluster_multiplier,ok,67,64,,64,67,,0.282022103578,0.171042267795,0.249284688402,0.110979835783,0.799552803578,162701,-0.418410050743,0.231106746743,0.223153598732,0.314512494637,0.00795314801124,0.000491424640031,97,0.912946101937,-0.103026687771,-0.799061378938,34.6240315479
DAVIS,79,positive_exp1_cluster_multiplier,ok,67,64,,64,67,,0.339552499482,0.210279076838,0.305696150612,0.129273422643,0.825617966485,168005,-0.354824849798,0.28508162502,0.263386669021,0.360303778692,0.0216949559989,0.00332203056661,675,0.776149370604,-0.107578466644,-0.822295935918,31.7621690358
DAVIS,80,positive_exp1_cluster_multiplier,ok,67,64,,64,67,,0.297813624413,0.205306280465,0.272973257203,0.0925073439489,0.768072141137,156295,-0.367097340648,0.233851419741,0.200786748278,0.284087860855,0.0330646714631,0.0452700378397,9205,0.603070470009,-0.0594426724857,-0.722802103297,31.6397183459
DAVIS,81,positive_exp1_cluster_multiplier,ok,67,64,,64,67,,0.2668879967,0.164471398785,0.246377090103,0.102416597915,0.726895670549,147915,-0.250421017954,0.231068557499,0.217854541441,0.307933480508,0.0132140160579,0.0015873015873,316,0.853306264541,-0.0892025818569,-0.725308368962,35.1306191712
DAVIS,82,positive_exp1_cluster_multiplier,ok,67,64,,64,67,,0.294550845284,0.178186145002,0.265672377248,0.116364700282,0.811327337953,165097,-0.330091573196,0.257268953551,0.233052517614,0.324457692857,0.0242164359368,0.0123839009288,2519,0.735064936175,-0.0921482643448,-0.798943437024,35.4902062214
DAVIS,83,positive_exp1_cluster_multiplier,ok,67,64,,64,67,,0.261398686948,0.155375167427,0.243899799319,0.10602351952,0.702068897735,142864,-0.197672526342,0.269390007288,0.239331802843,0.349053434192,0.0300582044444,0.00585286746277,1190,0.726050332329,-0.075965315076,-0.696216030272,35.7598738627
DAVIS,84,positive_exp1_cluster_multiplier,ok,67,64,,64,67,,0.320785871379,0.175356595449,0.261599949532,0.145429275929,0.952135240061,193750,-0.686266466284,0.255119481321,0.227205838753,0.329421531796,0.0279136425683,0.00443265025308,899,0.726914314843,-0.117515633361,-0.947702589808,36.5286071763
DAVIS,85,positive_exp1_cluster_multiplier,ok,67,64,,64,67,,0.328394652433,0.213506981649,0.298834950855,0.114887670784,0.77036217996,156761,-0.346424529411,0.245255523906,0.219216015775,0.327666036687,0.0260395081305,0.0031844316674,645,0.75989393168,-0.0888481626532,-0.767177748292,35.4359584588
DAVIS,86,positive_exp1_cluster_multiplier,ok,67,64,,64,67,,0.314418520072,0.185417665713,0.260995966321,0.12900085436,0.884028699199,179891,-0.706850422952,0.250463665657,0.210849102039,0.311648567298,0.0396145636174,0.0247628876112,5038,0.606996291939,-0.0893862907422,-0.859265811588,29.0946387513
DAVIS,87,positive_exp1_cluster_multiplier,ok,67,64,,64,67,,0.273519098388,0.176879735494,0.25979865908,0.0966393628934,0.640385276918,130312,-0.165468130971,0.265158413367,0.237142002686,0.337976516133,0.0280164106813,0.00978426458303,1990,0.722154550822,-0.0686229522122,-0.630601012335,34.8657589665
DAVIS,88,positive_exp1_cluster_multiplier,ok,67,64,,64,67,,0.315850828581,0.197034421522,0.294957057536,0.118816407058,0.703218831392,143098,-0.213370185845,0.237243256595,0.221601191834,0.330662699341,0.0156420647609,0.000506167379232,98,0.856575751441,-0.103174342297,-0.702712664013,30.0274055381
DAVIS,89,positive_exp1_cluster_multiplier,ok,67,64,,64,67,,0.282851968049,0.185196312637,0.261111301481,0.0976556554118,0.740979900732,150782,-0.286381739618,0.254768575837,0.219633208879,0.322610831508,0.0351353669578,0.0212197159566,4317,0.658805805953,-0.062520288454,-0.719760184776,38.0737444392
DAVIS,90,positive_exp1_cluster_multiplier,ok,67,64,,64,67,,0.321093892757,0.178217065115,0.275663607836,0.142876827642,0.879089881567,178886,-0.466207252229,0.243344402129,0.232858282538,0.336859002361,0.0104861195913,0.000270283552017,50,0.899172624871,-0.132390708051,-0.878819598015,37.3999833649
DAVIS,91,positive_exp1_cluster_multiplier,ok,67,64,,64,67,,0.359189389103,0.203513817721,0.303702983658,0.155675571382,0.907676052877,184703,-0.553816422423,0.250297126094,0.220654331735,0.319218751999,0.0296427943583,0.00795616492211,1616,0.699254616635,-0.126032777023,-0.899719887955,39.687716681
DAVIS,92,positive_exp1_cluster_multiplier,ok,67,64,,64,67,,0.311514528249,0.201047824407,0.281359504245,0.110466703842,0.824993857192,167878,-0.3754749504,0.280777173929,0.2494109815,0.351581599639,0.0313661924288,0.00882107228856,1794,0.693001833599,-0.0791005114134,-0.816172784903,37.567343084
DAVIS,93,positive_exp1_cluster_multiplier,ok,67,64,,64,67,,0.324462061846,0.213841031755,0.292737766072,0.110621030091,0.811577964519,165147,-0.402098972145,0.237127551535,0.222079071249,0.320369764033,0.0150484802859,0.00104673448327,209,0.846898217321,-0.0955725498053,-0.810531230036,40.4791028899
DAVIS,94,positive_exp1_cluster_multiplier,ok,67,64,,64,67,,0.320777393738,0.182841958465,0.27805835799,0.137935435272,0.886824905401,180460,-0.448652080535,0.260015672021,0.227181202269,0.327626270096,0.0328344697523,0.0201778957197,4103,0.673110183881,-0.10510096552,-0.866647009681,32.4903669429
DAVIS,95,positive_exp1_cluster_multiplier,ok,67,64,,64,67,,0.31058192741,0.178086815365,0.264578257807,0.132495112044,0.888082952479,180716,-0.531886950944,0.275480720523,0.217497844733,0.324706722185,0.0579828757893,0.101547987616,20657,0.459159752741,-0.0745122362549,-0.786534964863,32.5876811563
DAVIS,96,positive_exp1_cluster_multiplier,ok,67,64,,64,67,,0.284246192915,0.189886599079,0.258951728814,0.0943595938355,0.784800235884,159699,-0.36624073823,0.253233159873,0.234028032043,0.308134800215,0.0192051278298,0.00556292692516,1130,0.740845157554,-0.0751544660057,-0.779237308959,32.3245142117
DAVIS,97,positive_exp1_cluster_multiplier,ok,67,64,,64,67,,0.299749788163,0.18834769669,0.276550083581,0.111402091473,0.733323504841,149224,-0.263028081197,0.252478548143,0.217944809267,0.32637956532,0.0345337388761,0.027657378741,5627,0.681525184976,-0.0768683525966,-0.7056661261,34.141632934
DAVIS,98,positive_exp1_cluster_multiplier,ok,67,64,,64,67,,0.318548750794,0.205339477007,0.282003394472,0.113209273787,0.825224826773,167925,-0.476695654618,0.230509505775,0.213588306408,0.304342190461,0.0169211993665,0.00356774288663,725,0.813548482876,-0.0962880744206,-0.821657083886,26.0949614801
DAVIS,99,positive_exp1_cluster_multiplier,ok,67,64,,64,67,,0.275504892974,0.174291793516,0.258829324496,0.101213099458,0.672912673841,136930,-0.197256393521,0.262480289111,0.204129948584,0.314553800608,0.0583503405273,0.128738512949,26194,0.471578472788,-0.0428627589307,-0.544174160892,29.9828901876
DAVIS,100,positive_exp1_cluster_multiplier,ok,67,64,,64,67,,0.26382908814,0.183437866646,0.26697570109,0.0803912214948,0.464548626468,94531,0.0376669202657,0.26139314086,0.230417066412,0.341519040549,0.0309760744488,0.00927809720379,1885,0.721192402841,-0.049415147046,-0.455270529264,37.8203431401
DAVIS,101,positive_exp1_cluster_multiplier,ok,67,64,,64,67,,0.286796676289,0.159814278376,0.238527558176,0.126982397913,0.906870116468,184539,-0.613227122981,0.280216921579,0.252982221504,0.344156681141,0.0272347000752,0.0093272396678,1895,0.701290249667,-0.0997476978383,-0.8975428768,28.6948446425
DAVIS,102,positive_exp1_cluster_multiplier,ok,67,64,,64,67,,0.338931696676,0.216636545439,0.306193875613,0.122295151236,0.812836011598,165404,-0.365551552274,0.271417308182,0.241327473859,0.328558587284,0.0300898343234,0.0456779202909,9295,0.655056170418,-0.0922053169129,-0.767158091307,34.8266617148
DAVIS,103,positive_exp1_cluster_multiplier,ok,67,64,,64,67,,0.394800004868,0.227628607954,0.320736245647,0.167171396914,0.952892034007,193904,-0.795463842237,0.235826113729,0.203485734719,0.31740444763,0.0323403790101,0.00906187036218,1841,0.716110038608,-0.134831017904,-0.943830163644,30.1631768941
DAVIS,104,positive_exp1_cluster_multiplier,ok,67,64,,64,67,,0.323518334801,0.212364700603,0.291170468793,0.111153634197,0.836576735958,170235,-0.410475866813,0.264423952381,0.246653949216,0.339228428663,0.0177700031647,0.00105164872967,212,0.808046415482,-0.0933836310325,-0.835525087228,34.5821704381
DAVIS,105,positive_exp1_cluster_multiplier,ok,67,64,,64,67,,0.32668223016,0.203386878922,0.292284767938,0.123295351237,0.846434714237,172241,-0.386932272545,0.248440643581,0.195044967339,0.309821532602,0.053395676242,0.0481252149983,9792,0.534785902335,-0.0698996749955,-0.798309499238,35.6774270562
DAVIS,106,positive_exp1_cluster_multiplier,ok,67,64,,64,67,,0.279893705679,0.156304446105,0.243352938491,0.123589259575,0.853737284387,173727,-0.419774842587,0.263757550419,0.242818611841,0.33022390158,0.0209389385778,0.00659983291562,1338,0.760438542789,-0.102650320997,-0.847137451472,32.8437422295
DAVIS,107,positive_exp1_cluster_multiplier,ok,67,64,,64,67,,0.32535696484,0.200683623259,0.289717439855,0.124673341581,0.854720133668,173927,-0.400292005296,0.27315725429,0.233807480703,0.333561560633,0.0393497735871,0.0151801071306,3088,0.605532188613,-0.0853235679935,-0.839540026537,35.9586460511
DAVIS,108,positive_exp1_cluster_multiplier,ok,67,64,,64,67,,0.299318398852,0.18224111759,0.265955682513,0.117077281262,0.820605435157,166984,-0.39852941205,0.278627819265,0.242795279181,0.341994964972,0.0358325400838,0.0362867954199,7381,0.638783734061,-0.0812447411786,-0.784318639737,39.5549335933
DAVIS,109,positive_exp1_cluster_multiplier,ok,67,64,,64,67,,0.311429220724,0.171610795956,0.270565353782,0.139818424769,0.864833652759,175985,-0.412955884397,0.242031303107,0.212792769663,0.321187781068,0.0292385334441,0.00498304584992,1011,0.730259418167,-0.110579891325,-0.859850606909,39.06691346
DAVIS,110,positive_exp1_cluster_multiplier,ok,67,64,,64,67,,0.274873041421,0.164065875122,0.252119152664,0.110807166298,0.771870853605,157068,-0.258410469116,0.284068161558,0.239792498356,0.347507272757,0.0442756632016,0.0367683915672,7479,0.58895459376,-0.0665315030967,-0.735102462037,34.3055071888
DAVIS,111,positive_exp1_cluster_multiplier,ok,67,64,,64,67,,0.368197131505,0.218374874539,0.322869206045,0.149822256966,0.878367487346,178739,-0.433783582394,0.240982332953,0.222041906046,0.31968609521,0.0189404269068,0.00325814536341,662,0.80602607212,-0.13088183006,-0.875109341982,28.7012024248
DAVIS,112,positive_exp1_cluster_multiplier,ok,67,64,,64,67,,0.315361836333,0.179098116677,0.276134083489,0.136263719656,0.820605435157,166984,-0.404259926832,0.248665190873,0.218596135093,0.323331331947,0.0300690557807,0.0133028650057,2706,0.71290400282,-0.106194663875,-0.807302570151,34.4499829524
DAVIS,113,positive_exp1_cluster_multiplier,ok,67,64,,64,67,,0.30959475229,0.179825723266,0.260897206251,0.129769029024,0.932035972284,189659,-0.600674173539,0.270201322708,0.249722012775,0.337453173067,0.0204793099327,0.00594623814438,1205,0.76656743323,-0.109289719091,-0.926089734139,32.9116896102
DAVIS,114,positive_exp1_cluster_multiplier,ok,67,64,,64,67,,0.344810964263,0.218355704289,0.304148888803,0.126455259973,0.865113764804,176042,-0.473954611775,0.251462263885,0.207764877536,0.305991147049,0.0436973863492,0.0639392599145,13008,0.555135438151,-0.0827578736242,-0.80117450489,34.9715741347
DAVIS,115,positive_exp1_cluster_multiplier,ok,67,64,,64,67,,0.336028684804,0.193085222986,0.290836196699,0.142943461818,0.871546513342,177350,-0.462322638732,0.230936779857,0.207522620441,0.310613534013,0.0234141594165,0.00795616492211,1616,0.772878534053,-0.119529302402,-0.86359034842,32.8542851914
DAVIS,116,positive_exp1_cluster_multiplier,ok,67,64,,64,67,,0.30341619171,0.173324015501,0.273980065442,0.130092176209,0.793601651187,161490,-0.292442692574,0.254093878796,0.22862045112,0.330753261153,0.0254734276767,0.00887021475257,1802,0.750585265711,-0.104618748532,-0.784731436434,34.1643921648
DAVIS,117,positive_exp1_cluster_multiplier,ok,67,64,,64,67,,0.296633169816,0.190691396901,0.26217275319,0.105941772915,0.804014939309,163609,-0.48208957432,0.200310873249,0.191779057099,0.276805362021,0.00853181614996,0.000589709568038,117,0.899656745547,-0.0974099567647,-0.803425229741,29.9655104224
DAVIS,118,positive_exp1_cluster_multiplier,ok,67,64,,64,67,,0.30093911816,0.171713091067,0.260530785378,0.129226027093,0.850985306403,173167,-0.454958137515,0.262833460264,0.22995971124,0.332444800247,0.0328737490236,0.00794142218291,1615,0.679233834483,-0.0963522780691,-0.84304388422,37.4033854906
DAVIS,119,positive_exp1_cluster_multiplier,ok,67,64,,64,67,,0.288554071034,0.175651539221,0.249002758949,0.112902531813,0.875866135928,178230,-0.539204558973,0.253158260477,0.252638221099,0.34104106126,0.000520039378601,7.8627942405e-05,9,0.994117390599,-0.112382492434,-0.875787507986,32.4192827628
DAVIS,120,positive_exp1_cluster_multiplier,ok,67,64,,64,67,,0.295153137041,0.180764089098,0.266887646416,0.114389047943,0.781674775173,159063,-0.328196970783,0.275496841906,0.250047187643,0.357242523573,0.0254496542632,0.00613297950759,1245,0.762586179311,-0.0889393936795,-0.775541795666,39.1438196508
DAVIS,121,positive_exp1_cluster_multiplier,ok,67,64,,64,67,,0.339563178932,0.241539447315,0.313690174485,0.0980237316168,0.817357118286,166324,-0.35859658609,0.265800299552,0.235625409885,0.320366583911,0.0301748896674,0.0232345569807,4726,0.643917021282,-0.0678488419494,-0.794122561305,31.9969246904
DAVIS,122,positive_exp1_cluster_multiplier,ok,67,64,,64,67,,0.360151648558,0.20867907781,0.304119913003,0.151472570748,0.926271561256,188486,-0.58708345795,0.260589633668,0.220117428823,0.314766905424,0.0404722048457,0.0638704604649,12990,0.572399063378,-0.111000365903,-0.862401100791,33.9262471999
DAVIS,123,positive_exp1_cluster_multiplier,ok,67,64,,64,67,,0.335359365717,0.174552903517,0.284624912773,0.160806462199,0.875070028011,178067,-0.460920567242,0.222570981392,0.209092939811,0.306996877927,0.0134780415815,0.00140056022409,284,0.862334020052,-0.147328420618,-0.873669467787,33.7278955059
DAVIS,124,positive_exp1_cluster_multiplier,ok,67,64,,64,67,,0.29088881061,0.184915422508,0.262882694121,0.105973388102,0.771816796894,157057,-0.359203495383,0.241680971819,0.215139388298,0.299533251264,0.0265415835204,0.0161482136714,3285,0.685503393402,-0.0794318045813,-0.755668583223,32.6909466295
DAVIS,125,positive_exp1_cluster_multiplier,ok,67,64,,64,67,,0.363041581949,0.22828480967,0.327886045551,0.134756772279,0.788294265074,160410,-0.352962853187,0.257570694358,0.233543366647,0.338091108872,0.0240273277107,0.0046783625731,951,0.770178416106,-0.110729444568,-0.783615902501,38.851413782
DAVIS,126,positive_exp1_cluster_multiplier,ok,67,64,,64,67,,0.339376760272,0.217407883022,0.296652934935,0.12196887725,0.897100594624,182551,-0.539135558691,0.277368280536,0.268317895064,0.344377520002,0.00905038547166,0.00109587694727,222,0.881009333413,-0.112918491778,-0.896004717677,31.7593273285
DAVIS,127,positive_exp1_cluster_multiplier,ok,67,64,,64,67,,0.287476105293,0.169645027515,0.25079319786,0.117831077779,0.848867266205,172736,-0.452048484597,0.244365805018,0.22869662799,0.321625294199,0.015669177028,0.00275689223058,560,0.831384892658,-0.102161900751,-0.846110373974,36.6353583421
DAVIS,128,positive_exp1_cluster_multiplier,ok,67,64,,64,67,,0.241287404668,0.12999237389,0.204645731698,0.111295030778,0.882333284191,179546,-0.490824177844,0.256568442239,0.238789660304,0.330629283789,0.0177787819353,0.00392156862745,796,0.806414908287,-0.0935162488422,-0.878411715563,29.0301286387
DAVIS,129,positive_exp1_cluster_multiplier,ok,67,64,,64,67,,0.286657425676,0.200002847849,0.272009419806,0.0866545778271,0.686264681311,139647,-0.203425957835,0.261111120879,0.25693979047,0.33681098314,0.00417133040887,0.000727308467247,143,0.947774281697,-0.0824832474182,-0.685537372844,32.1678896403
DAVIS,130,positive_exp1_cluster_multiplier,ok,67,64,,64,67,,0.309436312632,0.1803828056,0.285219427276,0.129053507031,0.729839304143,148514,-0.230996430148,0.254316661492,0.224329524275,0.340203502295,0.0299871372166,0.0031598604354,642,0.741209046854,-0.0990663698146,-0.726679443707,37.4796290411
DAVIS,131,positive_exp1_cluster_multiplier,ok,67,64,,64,67,,0.257013455564,0.159753138703,0.235536061981,0.0972603168602,0.749712516586,152559,-0.283406771003,0.258057592122,0.235760934178,0.333391261243,0.0222966579444,0.00350385768342,708,0.771621599409,-0.0749636589157,-0.746208658902,32.0832933381
DAVIS,132,positive_exp1_cluster_multiplier,ok,67,64,,64,67,,0.30958601588,0.200321355347,0.285423954658,0.109264660534,0.781429062853,159013,-0.283916841764,0.278323268936,0.250588476926,0.349834349531,0.0277347920106,0.00800039313971,1627,0.720544630397,-0.0815298685229,-0.773428669713,35.0830301813
DAVIS,133,positive_exp1_cluster_multiplier,ok,67,64,,64,67,,0.293064767462,0.177255307341,0.270299949037,0.115809460121,0.739087915868,150397,-0.244665549901,0.265598530681,0.218087570342,0.326640555433,0.0475109603392,0.0467983684702,9522,0.562324699785,-0.0682984997821,-0.692289547398,36.7961660794
DAVIS,134,positive_exp1_cluster_multiplier,ok,67,64,,64,67,,0.31042495589,0.165990326727,0.259500616262,0.144434629163,0.917077006241,186616,-0.544585412802,0.263245013136,0.232705721984,0.334794834932,0.0305392911523,0.00897341392697,1821,0.700856533373,-0.11389533801,-0.908103592314,38.8902074687
DAVIS,135,positive_exp1_cluster_multiplier,ok,67,64,,64,67,,0.338330289237,0.202947304526,0.301708118321,0.135382984711,0.810452602093,164919,-0.37081682003,0.253765705475,0.2319439142,0.329046299703,0.0218217912744,0.00648189100201,1317,0.775270286498,-0.113561193437,-0.803970711091,36.382567892
DAVIS,136,positive_exp1_cluster_multiplier,ok,67,64,,64,67,,0.293432398607,0.165139796432,0.257377470666,0.128292602175,0.862224187921,175453,-0.390891555326,0.254217428701,0.245131833073,0.325543071128,0.00908559562748,0.000815764902452,165,0.887010872519,-0.119207006547,-0.861408423018,32.4398547701
DAVIS,137,positive_exp1_cluster_multiplier,ok,67,64,,64,67,,0.253522405186,0.155190577609,0.231106378417,0.0983318275771,0.764745196324,155618,-0.295274850949,0.262361180944,0.225965149726,0.322993238155,0.0363960312178,0.0238144380559,4846,0.62489180394,-0.0619357963593,-0.740930758268,34.8157551491
DAVIS,138,positive_exp1_cluster_multiplier,ok,67,64,,64,67,,0.30656875258,0.158293846064,0.253217055981,0.148274906516,0.905951152391,184352,-0.562051121597,0.264613187325,0.23301634526,0.331849898334,0.0315968420648,0.0120743034056,2456,0.680302477426,-0.116678064452,-0.893876848985,34.8852060658
DAVIS,139,positive_exp1_cluster_multiplier,ok,67,64,,64,67,,0.309122001607,0.186274605689,0.279863954248,0.122847395919,0.799164578112,162621,-0.31262155159,0.254363133344,0.236030395322,0.324984343185,0.0183327380223,0.00232935279375,471,0.793907539097,-0.104514657896,-0.796835225318,33.7063333725
DAVIS,140,positive_exp1_cluster_multiplier,ok,67,64,,64,67,,0.306840467504,0.18105171538,0.268471856568,0.125788752125,0.864637082903,175945,-0.43889898157,0.270489995564,0.244411374186,0.346981213716,0.0260786213772,0.00950906678461,1934,0.745747663282,-0.0997101307476,-0.855128016119,36.2370724905
DAVIS,141,positive_exp1_cluster_multiplier,ok,67,64,,64,67,,0.269849140227,0.166175913507,0.252208942302,0.10367322672,0.686122168166,139619,-0.205039833791,0.261311496514,0.254436696753,0.347416177135,0.00687479976081,0.000589709568038,115,0.926061107972,-0.0967984269593,-0.685532458597,35.0676498522
DAVIS,142,positive_exp1_cluster_multiplier,ok,67,64,,64,67,,0.332243589655,0.200611042058,0.28719531351,0.131632547597,0.883193277311,179720,-0.520282441478,0.263430323561,0.24357529614,0.34638883192,0.0198550274208,0.00360214261143,733,0.806883137807,-0.111777520176,-0.879591134699,29.8511881914
DAVIS,143,positive_exp1_cluster_multiplier,ok,67,64,,64,67,,0.301276450632,0.183912333436,0.27358230357,0.117364117196,0.749402919062,152495,-0.30884528032,0.249712401733,0.221116670036,0.322577080019,0.0285957316973,0.009415696103,1913,0.718158721201,-0.0887683854989,-0.739987222959,29.3003059373
DAVIS,144,positive_exp1_cluster_multiplier,ok,67,64,,64,67,,0.320060829301,0.203371201499,0.285542334665,0.116689627802,0.846478942454,172249,-0.420080547822,0.266643139638,0.233392518511,0.327307005931,0.0332506211277,0.0262617327633,5344,0.645947903873,-0.0834390066744,-0.820217209691,34.444019476
DAVIS,145,positive_exp1_cluster_multiplier,ok,67,64,,64,67,,0.290441030554,0.178472115358,0.264225216816,0.111968915195,0.76057300113,154768,-0.305712718172,0.252251207598,0.212235751457,0.317389394972,0.0400154561407,0.0212934296526,4330,0.619457255089,-0.0719534590547,-0.739279571478,38.6595122639
DAVIS,146,positive_exp1_cluster_multiplier,ok,67,64,,64,67,,0.276050136366,0.177497344219,0.251495982632,0.098552792147,0.785812570642,159905,-0.331818993704,0.288908870193,0.267035464409,0.364948970512,0.021873405784,0.00406899601946,827,0.776604815265,-0.076679386363,-0.781743574623,34.0193475475
DAVIS,147,positive_exp1_cluster_multiplier,ok,67,64,,64,67,,0.300605202706,0.184936605344,0.273106526315,0.115668597362,0.771001031992,156891,-0.311882738335,0.234092936712,0.194193676213,0.29213720045,0.0398992604989,0.0562926925156,11454,0.592629928218,-0.0757693368633,-0.714708339476,36.3598420632
DAVIS,148,positive_exp1_cluster_multiplier,ok,67,64,,64,67,,0.30449775238,0.194753197559,0.281286010475,0.109744554822,0.719573443412,146426,-0.268242082087,0.233078662781,0.216913536827,0.320001131246,0.0161651259536,0.00238832375055,479,0.843190385374,-0.0935794288681,-0.717185119662,39.2849107486
DAVIS,149,positive_exp1_cluster_multiplier,ok,67,64,,64,67,,0.308078293738,0.169991047045,0.273687480605,0.138087246692,0.804968303111,163802,-0.331648948296,0.260801804858,0.238742328346,0.334969547645,0.0220594765128,0.00280603469458,570,0.770756375657,-0.11602777018,-0.802162268416,37.2301059391
DAVIS,150,positive_exp1_cluster_multiplier,ok,67,64,,64,67,,0.25246317914,0.154606104905,0.232940654036,0.0978570742345,0.698987665242,142236,-0.249219856633,0.240533106599,0.217089804303,0.317058781386,0.0234433022966,0.00523367241633,1064,0.765494226504,-0.0744137719379,-0.693753992825,32.1910725226
DAVIS,151,positive_exp1_cluster_multiplier,ok,67,64,,64,67,,0.331327034471,0.206178660251,0.298103099213,0.12514837422,0.818674136321,166592,-0.361426576357,0.241796317205,0.22859267923,0.330043229574,0.0132036379743,0.000457024915229,90,0.869851489917,-0.111944736246,-0.818217111406,33.8224453466
DAVIS,152,positive_exp1_cluster_multiplier,ok,67,64,,64,67,,0.276229401552,0.168782420901,0.252708851163,0.107446980651,0.751633986928,152950,-0.280252005421,0.27026071998,0.24896594424,0.345613203966,0.0212947757399,0.00883581502777,1795,0.779664981703,-0.0861522049116,-0.7427981719,36.6648606797
DAVIS,153,positive_exp1_cluster_multiplier,ok,67,64,,64,67,,0.333650434905,0.207198281839,0.291769732965,0.126452153066,0.893508280505,181820,-0.495210870599,0.281445250319,0.257612032868,0.343220036738,0.0238332174509,0.0167821514571,3412,0.721600593712,-0.102618935615,-0.876726129048,30.4719075915
DAVIS,154,positive_exp1_cluster_multiplier,ok,67,64,,64,67,,0.302600164556,0.189127056568,0.268418419648,0.113473107988,0.804698019559,163748,-0.431090393462,0.26599563321,0.246947399466,0.335809733215,0.019048233744,0.00253083689616,514,0.785643332329,-0.0944248742443,-0.802167182663,35.8247989507
DAVIS,155,positive_exp1_cluster_multiplier,ok,67,64,,64,67,,0.306011414671,0.196022955096,0.288648089165,0.109988459575,0.671718511966,136688,-0.187458033718,0.251639686763,0.221903982099,0.330631996618,0.0297357046643,0.0111749963143,2273,0.726512943368,-0.0802527549109,-0.660543515652,35.9176918208
DAVIS,156,positive_exp1_cluster_multiplier,ok,67,64,,64,67,,0.354203832516,0.213357054932,0.308530194291,0.140846777583,0.888825003686,180867,-0.479900511135,0.251106721682,0.238274452769,0.328115296363,0.0128322689131,0.00115484790407,232,0.857166647154,-0.12801450867,-0.887670155782,31.5138614296
DAVIS,157,positive_exp1_cluster_multiplier,ok,67,64,,64,67,,0.283436527367,0.194410400301,0.265014141105,0.0890261270659,0.715666617524,145630,-0.260926489895,0.240250101631,0.217817098159,0.306368152792,0.0224330034722,0.0047471620227,966,0.74666588032,-0.0665931235938,-0.710919455501,34.5030031105
DAVIS,158,positive_exp1_cluster_multiplier,ok,67,64,,64,67,,0.30888439192,0.164191422269,0.271016894284,0.144692969651,0.834733893557,169860,-0.354480040412,0.250738410369,0.226226586099,0.344750305328,0.0245118242701,0.00104182023687,211,0.793190557725,-0.120181145381,-0.833692073321,29.6833656009
DAVIS,159,positive_exp1_cluster_multiplier,ok,67,64,,64,67,,0.333956548424,0.203603117805,0.295518178048,0.130353430619,0.863551034449,175724,-0.418194475148,0.239443300417,0.198739910295,0.307613114729,0.0407033901219,0.0202909233869,4122,0.626139504815,-0.0896500404969,-0.843260111062,30.3872189748
DAVIS,160,positive_exp1_cluster_multiplier,ok,67,64,,64,67,,0.284089627669,0.173476254339,0.25448172455,0.11061337333,0.814585483316,165759,-0.36550498433,0.248073192254,0.227596906583,0.320684252931,0.0204762856704,0.00265369305617,533,0.780031481467,-0.0901370876594,-0.81193179026,34.5175293368
DAVIS,161,positive_exp1_cluster_multiplier,ok,67,64,,64,67,,0.315052141661,0.185919311347,0.269816788989,0.129132830313,0.907430340557,184653,-0.539174167614,0.263455355549,0.228548515865,0.328611743217,0.0349068396845,0.022649761659,4608,0.651152170401,-0.0942259906288,-0.884780578898,39.3360914036
DAVIS,162,positive_exp1_cluster_multiplier,ok,67,64,,64,67,,0.307054646433,0.176570470875,0.266069705906,0.130484175558,0.888328664799,180766,-0.457936210441,0.282794378542,0.257652242379,0.354327034458,0.0251421361633,0.0151063934346,3073,0.739930796616,-0.105342039395,-0.873222271365,34.1914361057
DAVIS,163,positive_exp1_cluster_multiplier,ok,67,64,,64,67,,0.287359963212,0.161375940552,0.254079572938,0.12598402266,0.811170082068,165063,-0.358997694241,0.273135198464,0.236620742966,0.345114418187,0.0365144554982,0.0219027962062,4456,0.663441620688,-0.0894695671618,-0.789267285862,36.7830643936
DAVIS,164,positive_exp1_cluster_multiplier,ok,67,64,,64,67,,0.297900885707,0.18166944591,0.259655904327,0.116231439796,0.868814192344,176795,-0.490405413403,0.280703917253,0.247107688671,0.337507834214,0.0335962285827,0.0241092928399,4905,0.628360901625,-0.0826352112135,-0.844704899504,42.0749312445
DAVIS,165,positive_exp1_cluster_multiplier,ok,67,64,,64,67,,0.280977566067,0.173053125912,0.252457923888,0.107924440156,0.837800383311,170484,-0.359167744347,0.269619181084,0.254568550282,0.349216559491,0.0150506308018,0.00230478156175,465,0.840983123389,-0.0928738093538,-0.835495601749,31.7419988888
DAVIS,166,positive_exp1_cluster_multiplier,ok,67,64,,64,67,,0.345635102423,0.200680199867,0.297947172638,0.144954902556,0.886426851442,180379,-0.490278749579,0.254366856541,0.219788401776,0.325148948772,0.0345784547641,0.0300063885203,6103,0.67180832152,-0.110376447792,-0.856420462922,25.8223255107
DAVIS,167,positive_exp1_cluster_multiplier,ok,67,64,,64,67,,0.334778233412,0.188017064317,0.284581679125,0.146761169095,0.913641948007,185917,-0.519823481782,0.262831575453,0.235090505928,0.324853386361,0.0277410695246,0.0238832375055,4859,0.690951656288,-0.11902009957,-0.889758710502,33.4284777634
DAVIS,168,positive_exp1_cluster_multiplier,ok,67,64,,64,67,,0.299994658356,0.188312216061,0.27048111083,0.111682442295,0.817327632808,166318,-0.359181507914,0.261416740843,0.250688734478,0.343235113409,0.010728006365,0.00104673448327,213,0.884079674549,-0.10095443593,-0.816280898324,34.8774087282
DAVIS,169,positive_exp1_cluster_multiplier,ok,67,64,,64,67,,0.331160180164,0.182486591,0.280787191545,0.148673589164,0.924984028699,188225,-0.512438259169,0.259853226534,0.245619084372,0.347954317615,0.0142341421625,0.00100250626566,199,0.86090673064,-0.134439447002,-0.923981522434,34.9399356292
DAVIS,170,positive_exp1_cluster_multiplier,ok,67,64,,64,67,,0.344191087069,0.215622776693,0.302238786885,0.128568310376,0.859064327485,174811,-0.484348102511,0.265401776,0.230388800505,0.328396343733,0.0350129754948,0.028836797877,5867,0.642752237821,-0.0935553348808,-0.830227529608,30.6020126024
DAVIS,171,positive_exp1_cluster_multiplier,ok,67,64,,64,67,,0.312396261157,0.176195874077,0.262869412736,0.13620038708,0.911789277114,185540,-0.571418326608,0.251179575901,0.232484457328,0.320814900202,0.0186951185733,0.00252100840336,510,0.788350222586,-0.117505268506,-0.909268268711,31.052318162
DAVIS,172,positive_exp1_cluster_multiplier,ok,67,64,,64,67,,0.294371516109,0.190044147528,0.269127549071,0.104327368581,0.751997641162,153024,-0.319206894815,0.264401305595,0.242187550468,0.332606502378,0.0222137551275,0.0113224237063,2303,0.754324124995,-0.0821136134532,-0.740675217455,35.9190991636
DAVIS,173,positive_exp1_cluster_multiplier,ok,67,64,,64,67,,0.306770878661,0.181363805497,0.275817826532,0.125407073164,0.779256965944,158571,-0.327704970001,0.250726727334,0.225542824054,0.32780737803,0.0251839032798,0.00404933903386,822,0.753737709689,-0.100223169885,-0.77520762691,33.3721338099
DAVIS,174,positive_exp1_cluster_multiplier,ok,67,64,,64,67,,0.331670506312,0.21026113396,0.291629813388,0.121409372352,0.884520123839,179991,-0.492089747621,0.260789666239,0.24276638641,0.333654983298,0.0180232798283,0.00405916752666,821,0.801699218103,-0.103386092523,-0.880460956312,37.3324159922
DAVIS,175,positive_exp1_cluster_multiplier,ok,67,64,,64,67,,0.329598244718,0.200566077189,0.290914387353,0.129032167529,0.827721263944,168433,-0.428163595926,0.266907625036,0.249045458568,0.349973536158,0.0178621664672,0.00291414811539,592,0.823020839257,-0.111170001062,-0.824807115829,36.9087355942
DAVIS,176,positive_exp1_cluster_multiplier,ok,67,64,,64,67,,0.284517338776,0.154705904724,0.246587706815,0.129811434052,0.868784706865,176789,-0.412808968687,0.291749246249,0.256220142491,0.346273766533,0.0355291037575,0.046734483267,9507,0.605467252033,-0.0942823302945,-0.822050223598,38.9780098633
DAVIS,177,positive_exp1_cluster_multiplier,ok,67,64,,64,67,,0.363216479412,0.230548977978,0.326410980785,0.132667501434,0.858376332989,174670,-0.383942516836,0.267344392429,0.233162868668,0.33067406278,0.0341815237609,0.0243500909136,4952,0.64946051505,-0.0984859776736,-0.834026242076,32.4179269681
DAVIS,178,positive_exp1_cluster_multiplier,ok,67,64,,64,67,,0.319950472404,0.196107887053,0.278957526791,0.123842585351,0.872303307288,177505,-0.49478725246,0.253599362757,0.230545104221,0.32531691168,0.0230542585358,0.006187036218,1256,0.756739275594,-0.100788326815,-0.86611627107,37.8556083868
DAVIS,179,positive_exp1_cluster_multiplier,ok,67,64,,64,67,,0.340439622501,0.207553915426,0.298562812473,0.132885707075,0.861526364932,175312,-0.460139737829,0.250914936022,0.242983554118,0.345451676825,0.00793138190416,0.000176912870411,34,0.922596592046,-0.124954325171,-0.861349452062,39.8383992501
DAVIS,180,positive_exp1_cluster_multiplier,ok,67,64,,64,67,,0.303272575458,0.218212140604,0.305285716393,0.0850604348537,0.481502776549,97981,0.0231199984255,0.248545340817,0.226292231024,0.333220783996,0.0222531097928,0.00575458253477,1170,0.791888048849,-0.0628073250609,-0.475748194014,32.124511791
DAVIS,181,positive_exp1_cluster_multiplier,ok,67,64,,64,67,,0.318685526488,0.190818500224,0.278448716815,0.127867026264,0.854390879159,173860,-0.459165927435,0.242367224553,0.232956740323,0.325434731972,0.00941048423012,0.000245712320016,48,0.898240823981,-0.118456542034,-0.854145166839,34.0861900374
DAVIS,182,positive_exp1_cluster_multiplier,ok,67,64,,64,67,,0.260533818641,0.136192198552,0.241904173098,0.124341620089,0.676028306059,137564,-0.176230229578,0.261314723332,0.214396984786,0.319874386035,0.0469177385459,0.0711189739054,14469,0.555186817362,-0.0774238815431,-0.604909332154,29.5574669961
DAVIS,183,positive_exp1_cluster_multiplier,ok,67,64,,64,67,,0.297358238393,0.189452378406,0.27160758642,0.107905859988,0.755039559684,153643,-0.313439069728,0.22550630215,0.212862773581,0.316828575159,0.0126435285686,0.000702737235245,138,0.878387619998,-0.0952623314189,-0.754336822448,38.5758860279
DAVIS,184,positive_exp1_cluster_multiplier,ok,67,64,,64,67,,0.36266030993,0.219299531947,0.316557945629,0.143360777983,0.860179861418,175038,-0.47401929103,0.228206821816,0.202488525675,0.298873132682,0.0257182961406,0.00953855226301,1936,0.733170088675,-0.117642481842,-0.850641309155,30.4707348882
DAVIS,185,positive_exp1_cluster_multiplier,ok,67,64,,64,67,,0.343364582415,0.217479040661,0.306113659221,0.125885541754,0.852263010467,173427,-0.420275100175,0.255276090094,0.245621822636,0.330986749647,0.0096542674583,0.000211312595214,39,0.886905924993,-0.116231274296,-0.852051697872,31.6276239786
DAVIS,186,positive_exp1_cluster_multiplier,ok,67,64,,64,67,,0.327488036776,0.168028543358,0.270399794532,0.159459493417,0.933190820188,189894,-0.55765892855,0.232718386684,0.206577645536,0.301732056054,0.0261407411485,0.00921421200059,1875,0.725280825071,-0.133318752269,-0.923976608187,33.4872303319
DAVIS,187,positive_exp1_cluster_multiplier,ok,67,64,,64,67,,0.324109787696,0.186231741767,0.268456008574,0.13787804593,0.906467148263,184457,-0.676853455598,0.234331177698,0.181463354534,0.277433678271,0.0528678231642,0.0822497420021,16734,0.449123217417,-0.0850102227656,-0.824217406261,30.3173494972
DAVIS,188,positive_exp1_cluster_multiplier,ok,67,64,,64,67,,0.363515720835,0.21328137297,0.314216095686,0.150234347864,0.894206103494,181962,-0.488430778054,0.267022167609,0.243176098337,0.346951728161,0.0238460692726,0.00547938473635,1112,0.770215133235,-0.126388278592,-0.888726718758,31.2181615706
DAVIS,189,positive_exp1_cluster_multiplier,ok,67,64,,64,67,,0.344458773504,0.221234933736,0.310647992327,0.123223839768,0.787365472505,160221,-0.378141422625,0.242573997017,0.22954245593,0.333725524409,0.0130315410878,0.000859993120055,172,0.874916900817,-0.11019229868,-0.786505479385,28.1843965409
DAVIS,190,positive_exp1_cluster_multiplier,ok,67,64,,64,67,,0.299718470742,0.166199553895,0.253272004422,0.133518916846,0.881689517912,179415,-0.533423212951,0.262309214531,0.230575169885,0.333378035314,0.0317340446456,0.0166740380363,3390,0.691311671974,-0.101784872201,-0.865015479876,32.7746110693
DAVIS,191,positive_exp1_cluster_multiplier,ok,67,64,,64,67,,0.278665193358,0.166891216687,0.248143604697,0.111773976671,0.826325617966,168149,-0.375639281606,0.284906548607,0.240334175402,0.339216405267,0.0445723732049,0.0680279129196,13842,0.549237782501,-0.067201603466,-0.758297705047,44.82067846
DAVIS,192,positive_exp1_cluster_multiplier,ok,67,64,,64,67,,0.325374222122,0.200199487883,0.290628170773,0.125174734239,0.810029976903,164833,-0.384237061067,0.25443582544,0.2234719893,0.321723142476,0.0309638361399,0.0178387144331,3629,0.684850150465,-0.0942108980994,-0.79219126247,35.3020348509
DAVIS,193,positive_exp1_cluster_multiplier,ok,67,64,,64,67,,0.314551882726,0.184195968954,0.289559090712,0.130355913771,0.720074696545,146528,-0.237206259617,0.244681940789,0.223047447684,0.32664719984,0.0216344931055,0.00704702933805,1433,0.79117234689,-0.108721420666,-0.713027667207,33.6772867893
DAVIS,194,positive_exp1_cluster_multiplier,ok,67,64,,64,67,,0.320330502875,0.185862871654,0.285263102843,0.13446763122,0.814673939751,165778,-0.352789924248,0.245948863453,0.226261247648,0.346739708976,0.0196876158054,0.00115484790407,234,0.836588087295,-0.114780015415,-0.813519091847,33.9593309628
DAVIS,195,positive_exp1_cluster_multiplier,ok,67,64,,64,67,,0.318049559166,0.195581324713,0.291631824048,0.122468234454,0.733888643177,149339,-0.275040060191,0.240647747543,0.229673896533,0.340272249089,0.0109738510097,0.000280112044818,57,0.900777445992,-0.111494383444,-0.733608531132,35.347452387
DAVIS,196,positive_exp1_cluster_multiplier,ok,67,64,,64,67,,0.334563868695,0.206940674378,0.286334267529,0.127623194317,0.875885792914,178234,-0.607474724997,0.220023881202,0.203032396734,0.300456112153,0.0169914844678,0.000653594771242,131,0.825591906501,-0.110631709849,-0.875232198142,33.9907198893
DAVIS,197,positive_exp1_cluster_multiplier,ok,67,64,,64,67,,0.362201495063,0.215465707533,0.304053798005,0.14673578753,0.918497223451,186905,-0.656382779537,0.265557259846,0.226740138063,0.313296288786,0.0388171217831,0.0592461546022,12053,0.55153826205,-0.107918665747,-0.859251068849,28.8873513632
DAVIS,198,positive_exp1_cluster_multiplier,ok,67,64,,64,67,,0.274815397763,0.18851540457,0.266205795578,0.0862999931925,0.615892672859,125328,-0.110819395712,0.268840265068,0.253495817959,0.3518681296,0.0153444471098,0.000958278048061,192,0.844016605347,-0.0709555460828,-0.614934394811,33.6631549766
DAVIS,199,positive_exp1_cluster_multiplier,ok,67,64,,64,67,,0.321973054809,0.195985084141,0.286438793947,0.125987970668,0.798191557325,162423,-0.392844704074,0.254987592856,0.207396435209,0.313130470391,0.0475911576468,0.0635461202025,12931,0.549897461447,-0.078396813021,-0.734645437122,30.9211295365
DAVIS,200,positive_exp1_cluster_multiplier,ok,67,64,,64,67,,0.345421101157,0.187192548271,0.278747415303,0.158228552885,0.940861958819,191456,-0.728237482234,0.231760424631,0.193677258997,0.303189292716,0.0380831656345,0.0344046390486,6998,0.652246750051,-0.120145387251,-0.90645731977,33.7438325314
DAVIS,201,positive_exp1_cluster_multiplier,ok,67,64,,64,67,,0.325424696221,0.196054921101,0.300084011806,0.12936977512,0.73161826134,148877,-0.243592289847,0.234683460904,0.22382405615,0.320795105127,0.0108594047549,0.00118924762888,237,0.88801394984,-0.118510370365,-0.730429013711,36.5759568274
DAVIS,202,positive_exp1_cluster_multiplier,ok,67,64,,64,67,,0.255150565189,0.173362734702,0.253355066347,0.081787830487,0.521209887464,106061,-0.0224458870629,0.264746881991,0.251170017531,0.346291906271,0.0135768644602,0.0016118728193,327,0.857268767051,-0.0682109660267,-0.519598014644,33.0544927681
DAVIS,203,positive_exp1_cluster_multiplier,ok,67,64,,64,67,,0.328465815675,0.217254665189,0.304691501397,0.111211150486,0.732802594722,149118,-0.271902727822,0.265396913883,0.237646081622,0.328858877007,0.027750832261,0.0199321833997,4055,0.695757243884,-0.0834603182249,-0.712870411322,38.1747364232
DAVIS,204,positive_exp1_cluster_multiplier,ok,67,64,,64,67,,0.294893445686,0.186827811481,0.268151900134,0.108065634205,0.774254263109,157553,-0.328826870296,0.28648882644,0.236300244284,0.343454081989,0.0501885821556,0.0768538994545,15638,0.531621235126,-0.0578770520495,-0.697400363654,34.9441847933
DAVIS,205,positive_exp1_cluster_multiplier,ok,67,64,,64,67,,0.286412947154,0.16520295779,0.249045523161,0.121209989365,0.847147279965,172386,-0.44568559929,0.261795285858,0.20584454134,0.311502739831,0.0559507445182,0.0670401493931,13641,0.470455247987,-0.0652592448465,-0.780107130572,28.4578695122
DAVIS,206,positive_exp1_cluster_multiplier,ok,67,64,,64,67,,0.371225951609,0.246967961648,0.333654716944,0.124257989961,0.840650646223,171064,-0.433413784335,0.293676407431,0.250549127709,0.34889424755,0.0431272797221,0.0677772863531,13785,0.561470057777,-0.0811307102384,-0.77287335987,31.5614422092
DAVIS,207,positive_exp1_cluster_multiplier,ok,67,64,,64,67,,0.328405478125,0.188142070896,0.294919737408,0.140263407229,0.77853948597,158424,-0.31360247709,0.232587638434,0.211393688339,0.305162263692,0.0211939500954,0.00876701557816,1777,0.773975982724,-0.119069457134,-0.769772470392,35.9778958041
DAVIS,208,positive_exp1_cluster_multiplier,ok,67,64,,64,67,,0.327542052103,0.214900349434,0.308627294008,0.112641702669,0.686834733894,139764,-0.201807048989,0.246244143042,0.227657474707,0.319933077485,0.0185866683344,0.00599046636198,1208,0.798574403473,-0.0940550343345,-0.680844267532,36.1086451924
DAVIS,209,positive_exp1_cluster_multiplier,ok,67,64,,64,67,,0.323763340514,0.201185840629,0.28889192295,0.122577499885,0.837795469065,170483,-0.397594062363,0.256248048961,0.251806179497,0.334346087187,0.00444186946448,0.000240798073615,48,0.946185189822,-0.118135630421,-0.837554670991,32.270852577
DAVIS,210,positive_exp1_cluster_multiplier,ok,67,64,,64,67,,0.315778566703,0.189769543586,0.275304494823,0.126009023117,0.845378151261,172026,-0.47318752504,0.249379632286,0.233454699903,0.335434595089,0.0159249323835,0.00100742051206,204,0.84384243233,-0.110084090734,-0.844370730748,38.7787926872
DAVIS,211,positive_exp1_cluster_multiplier,ok,67,64,,64,67,,0.357958420476,0.230652387569,0.324808714057,0.127306032907,0.776170819205,157943,-0.352070940489,0.229765144515,0.217717282673,0.31594428161,0.0120478618415,0.000742051206447,146,0.877346737944,-0.115258171066,-0.775428767998,38.0268632111
DAVIS,212,positive_exp1_cluster_multiplier,ok,67,64,,64,67,,0.298651266599,0.174734942427,0.276087020316,0.123916324172,0.707553196717,143980,-0.222632300714,0.257384689457,0.249818158311,0.342593779,0.00756653114584,0.000555309843236,108,0.918442678263,-0.116349793026,-0.706997886874,31.2516211969
DAVIS,213,positive_exp1_cluster_multiplier,ok,67,64,,64,67,,0.290831954543,0.171608730659,0.257571282449,0.119223223883,0.828021032975,168494,-0.386920483405,0.268895571752,0.246151359451,0.347303262873,0.0227442123007,0.00375448424984,764,0.775147955389,-0.0964790115825,-0.824266548725,36.7097131048
DAVIS,214,positive_exp1_cluster_multiplier,ok,67,64,,64,67,,0.276950962912,0.16727150248,0.259756265227,0.109679460432,0.686515307878,139699,-0.185919249558,0.262203922666,0.22624838217,0.346162164066,0.0359555404959,0.00815273477812,1656,0.700155062016,-0.0737239199359,-0.678362573099,32.23916928
DAVIS,215,positive_exp1_cluster_multiplier,ok,67,64,,64,67,,0.348971645326,0.218153387341,0.320053954214,0.130818257985,0.742272347536,151045,-0.283783417493,0.230999977837,0.216037934633,0.321751821047,0.0149620432045,0.00230969580815,468,0.858466624282,-0.115856214781,-0.739962651727,34.1623568968
DAVIS,216,positive_exp1_cluster_multiplier,ok,67,64,,64,67,,0.29341576557,0.182834305967,0.268682498718,0.110581459603,0.762523956951,155165,-0.288104688748,0.250738770506,0.229740303105,0.325050455184,0.0209984674007,0.00105164872967,210,0.7796827836,-0.0895829922024,-0.761472308222,34.9899437662
DAVIS,217,positive_exp1_cluster_multiplier,ok,67,64,,64,67,,0.311422007871,0.190990766378,0.281487408771,0.120431241494,0.811464936852,165124,-0.330781323028,0.262832003358,0.229860648041,0.325803432442,0.0329713553168,0.0326649958229,6644,0.656343564317,-0.0874598861767,-0.778799941029,31.0114318802
DAVIS,218,positive_exp1_cluster_multiplier,ok,67,64,,64,67,,0.327013911802,0.190330417575,0.279702720829,0.136683494226,0.886082854194,180309,-0.52937195585,0.286573678029,0.252361309166,0.35083175867,0.0342123688631,0.0168362081675,3425,0.65256207283,-0.102471125363,-0.869246646027,35.4557751965
DAVIS,219,positive_exp1_cluster_multiplier,ok,67,64,,64,67,,0.334700182274,0.19659742401,0.291027784873,0.138102758264,0.852523465527,173480,-0.46248258507,0.248127029098,0.221702954675,0.341858012398,0.0264240744227,0.0046783625731,951,0.78008354435,-0.111678683842,-0.847845102953,30.9235175142
DAVIS,220,positive_exp1_cluster_multiplier,ok,67,64,,64,67,,0.274783091704,0.168022950257,0.244962153782,0.106760141447,0.817656887316,166385,-0.387590936169,0.238931338021,0.214731224884,0.302215487371,0.0242001131374,0.00359722836503,730,0.723377525862,-0.0825600283098,-0.814059658951,33.2463987177
DAVIS,221,positive_exp1_cluster_multiplier,ok,67,64,,64,67,,0.261728295158,0.164644778096,0.24039474071,0.0970835170626,0.755447442135,153726,-0.281631220816,0.269036837747,0.244926522351,0.343263233995,0.0241103153955,0.00406899601946,827,0.754818775283,-0.0729732016671,-0.751378446115,34.5103748193
DAVIS,222,positive_exp1_cluster_multiplier,ok,67,64,,64,67,,0.319306305376,0.19265398588,0.295732019268,0.126652319496,0.708206791489,144113,-0.228703297237,0.267168726629,0.236769240883,0.335564229967,0.0303994857454,0.0224237063246,4562,0.692297291317,-0.0962528337508,-0.685783085164,39.0135465975
DAVIS,223,positive_exp1_cluster_multiplier,ok,67,64,,64,67,,0.345548782268,0.206025757542,0.300574017582,0.139523024726,0.869531672318,176941,-0.475680511385,0.25670412008,0.224169322847,0.319667741222,0.0325347972331,0.0208855472013,4249,0.659315852695,-0.106988227493,-0.848646125117,36.3527596323
DAVIS,224,positive_exp1_cluster_multiplier,ok,67,64,,64,67,,0.330126587839,0.183877263977,0.278184473249,0.146249323863,0.89336576736,181791,-0.550775651107,0.265216824546,0.243104396326,0.329252677123,0.0221124282202,0.0121922453192,2476,0.743321305828,-0.124136895642,-0.88117352204,26.674165163
DAVIS,225,positive_exp1_cluster_multiplier,ok,67,64,,64,67,,0.338231961688,0.207976784297,0.299561778074,0.130255177391,0.859943977591,174990,-0.422232748176,0.262582417181,0.225268871818,0.330840359423,0.0373135453631,0.0315199764116,6407,0.646556601508,-0.0929416320279,-0.828424001179,29.6643399987
DAVIS,226,positive_exp1_cluster_multiplier,ok,67,64,,64,67,,0.296417278097,0.183154019285,0.279631479433,0.113263258812,0.661231510148,134553,-0.173986738848,0.235060285421,0.215878086368,0.31493345682,0.0191821990531,0.00194604157452,395,0.80634872228,-0.0940810597592,-0.659285468573,35.861708094
DAVIS,227,positive_exp1_cluster_multiplier,ok,67,64,,64,67,,0.311737974551,0.173534431727,0.268529761483,0.138203542823,0.871177944862,177276,-0.45484565587,0.247333511348,0.232115107196,0.333012055423,0.0152184041514,0.000329254508821,66,0.849168835937,-0.122985138672,-0.870848690353,33.9137775622
DAVIS,228,positive_exp1_cluster_multiplier,ok,67,64,,64,67,,0.359712636442,0.218198946379,0.314817950808,0.141513690063,0.861511622193,175309,-0.464656885041,0.230544048694,0.217200948216,0.320924568181,0.013343100478,0.000570052582436,111,0.871359093691,-0.128170589585,-0.86094156961,34.4281639737
DAVIS,229,positive_exp1_cluster_multiplier,ok,67,64,,64,67,,0.338389752995,0.19672064097,0.293373681694,0.141669112024,0.860037348273,175008,-0.4657491473,0.249447311012,0.224913202548,0.321375828972,0.0245341084636,0.00981375006143,1986,0.745662031263,-0.117135003561,-0.850223598211,32.239046692
DAVIS,230,positive_exp1_cluster_multiplier,ok,67,64,,64,67,,0.29314408543,0.18186871011,0.273760190138,0.11127537532,0.71772077252,146048,-0.210943335408,0.270033114935,0.234474858743,0.333056471366,0.0355582561923,0.0138974888201,2827,0.639301333724,-0.0757171191275,-0.703823283699,35.023310717
DAVIS,231,positive_exp1_cluster_multiplier,ok,67,64,,64,67,,0.28482801062,0.177321074906,0.259616877533,0.107506935714,0.744120104182,151421,-0.306347739269,0.226043603986,0.206517686111,0.314557517913,0.0195259178753,0.00145953118089,295,0.819271119275,-0.0879810178386,-0.742660573001,33.1218018609
DAVIS,232,positive_exp1_cluster_multiplier,ok,67,64,,64,67,,0.296324778023,0.193678117217,0.275508463429,0.102646660806,0.714934394811,145482,-0.254383802063,0.267668563852,0.239116733533,0.344372035314,0.0285518303184,0.0177600864907,3613,0.728737366808,-0.0740948304876,-0.69717430832,35.3531223955
DAVIS,233,positive_exp1_cluster_multiplier,ok,67,64,,64,67,,0.243867862718,0.142535231539,0.221024953743,0.101332631178,0.788957688338,160545,-0.291030574868,0.257313022707,0.238530201402,0.336628981978,0.0187828213058,0.00320900289941,648,0.808531551611,-0.0825498098727,-0.785748685439,31.0172759801
DAVIS,234,positive_exp1_cluster_multiplier,ok,67,64,,64,67,,0.269471639983,0.163002241963,0.253987781093,0.10646939802,0.652091011843,132694,-0.170179338801,0.2769055382,0.238163148002,0.342785622725,0.0387423901975,0.0317263747604,6455,0.629693425814,-0.0677270078225,-0.620364637083,36.5580748846
DAVIS,235,positive_exp1_cluster_multiplier,ok,67,64,,64,67,,0.250673610113,0.151033437729,0.227849024733,0.0996401723847,0.774549117893,157613,-0.297134816908,0.278774024358,0.2515633005,0.348721637365,0.0272107238583,0.0148017101577,3012,0.719934235843,-0.0724294485265,-0.759747407735,33.6903577807
DAVIS,236,positive_exp1_cluster_multiplier,ok,67,64,,64,67,,0.304413330007,0.190942264343,0.268136463156,0.113471065664,0.87957639196,178985,-0.46994291551,0.27387778043,0.256610234561,0.337402654278,0.0172675458696,0.00383802643865,776,0.786272698229,-0.0962035197947,-0.875738365522,34.3005119844
DAVIS,237,positive_exp1_cluster_multiplier,ok,67,64,,64,67,,0.330226376272,0.184028975988,0.269699837324,0.146197400285,0.945677920291,192436,-0.70650088027,0.236603305645,0.22867185918,0.325535899933,0.00793144646507,0.000275197798418,51,0.918117741079,-0.138265953819,-0.945402722493,30.1175563414
DAVIS,238,positive_exp1_cluster_multiplier,ok,67,64,,64,67,,0.267124369532,0.185548409726,0.262153887428,0.0815759598061,0.552533294019,112435,-0.0648841604164,0.235474705607,0.223294446777,0.312660576237,0.0121802588309,0.00207381198093,419,0.863703856209,-0.0693957009751,-0.550459482038,33.4499450762
DAVIS,239,positive_exp1_cluster_multiplier,ok,67,64,,64,67,,0.337734793717,0.20357402795,0.309933414022,0.134160765767,0.768912477272,156465,-0.261390938043,0.278571934986,0.25380655811,0.353573801705,0.0247653768761,0.00610840827559,1243,0.751768456422,-0.109395388891,-0.762804068996,40.9731432714
DAVIS,240,positive_exp1_cluster_multiplier,ok,67,64,,64,67,,0.302360599234,0.194608658131,0.266201392227,0.107751941103,0.874480318443,177948,-0.5050681115,0.248050434706,0.217189476919,0.308972307217,0.0308609577867,0.0153029632906,3113,0.663761101214,-0.0768909833163,-0.859177355153,29.7637328477
DAVIS,241,positive_exp1_cluster_multiplier,ok,67,64,,64,67,,0.310248995797,0.195758685431,0.283531188227,0.114490310366,0.773492554917,157398,-0.304398378975,0.269791765478,0.234970343979,0.336145442168,0.0348214214988,0.0279669762642,5688,0.655830119049,-0.0796688888674,-0.745525578653,31.9978088491
DAVIS,242,positive_exp1_cluster_multiplier,ok,67,64,,64,67,,0.318060145389,0.203748194481,0.285248921287,0.114311950908,0.818983733844,166655,-0.402588116554,0.253325222836,0.227423093678,0.328551937507,0.0259021291583,0.00428030861467,869,0.743870015937,-0.0884098217502,-0.81470342523,37.8863044044
DAVIS,243,positive_exp1_cluster_multiplier,ok,67,64,,64,67,,0.328520441583,0.197245575963,0.295760517976,0.13127486562,0.803130374957,163429,-0.332537612435,0.255933330839,0.220978261731,0.336609567096,0.0349550691078,0.00743525480368,1512,0.697702373959,-0.0963197965121,-0.795695120153,38.8823797711
DAVIS,244,positive_exp1_cluster_multiplier,ok,67,64,,64,67,,0.29563818695,0.189292793222,0.273380274474,0.106345393728,0.75239569512,153104,-0.264699478981,0.257390934608,0.229281791018,0.323100489721,0.0281091435899,0.00713548577326,1451,0.700388686068,-0.0782362501382,-0.745260209347,29.8934422848
DAVIS,245,positive_exp1_cluster_multiplier,ok,67,64,,64,67,,0.296892921583,0.181009033039,0.265969206905,0.115883888544,0.820069782299,166876,-0.363978947673,0.284261348089,0.243700428907,0.343464935434,0.0405609191815,0.0395203695513,8035,0.593433370308,-0.0753229693621,-0.780549412748,36.5988878219
DAVIS,246,positive_exp1_cluster_multiplier,ok,67,64,,64,67,,0.349600516349,0.200785574708,0.298996747547,0.148814941642,0.903842940685,183923,-0.515254704111,0.265436862868,0.2354557739,0.345850892281,0.0299810889681,0.00837387586614,1703,0.728420156545,-0.118833852673,-0.895469064819,37.3646815659
DAVIS,247,positive_exp1_cluster_multiplier,ok,67,64,,64,67,,0.297721278431,0.176003964646,0.25714450452,0.121717313785,0.884308811244,179948,-0.500080156895,0.236943344227,0.23005429552,0.3313725926,0.00688904870766,8.35421888053e-05,15,0.932005877456,-0.114828265078,-0.884225269055,38.4873950318
DAVIS,248,positive_exp1_cluster_multiplier,ok,67,64,,64,67,,0.291920355733,0.184691691831,0.265410296496,0.107228663902,0.775930021131,157894,-0.32842563802,0.246763603474,0.218409134102,0.326894802049,0.0283544693728,0.0078333087621,1591,0.73863396051,-0.0788741945289,-0.768096712369,26.8932111856
DAVIS,249,positive_exp1_cluster_multiplier,ok,67,64,,64,67,,0.327058206878,0.18363321578,0.285108979795,0.143424991098,0.84414958966,171776,-0.413391586548,0.25688151161,0.234162480535,0.346916627773,0.0227190310748,0.00138581748489,281,0.798508244429,-0.120705960023,-0.842763772176,41.909166325
DAVIS,250,positive_exp1_cluster_multiplier,ok,67,64,,64,67,,0.339565657398,0.201516627663,0.289968836613,0.138049029735,0.912310187233,185646,-0.560718848907,0.251102364189,0.217405883426,0.307596142074,0.0336964807633,0.0368715907416,7503,0.626384475791,-0.104352548971,-0.875438596491,31.2237612159
DAVIS,251,positive_exp1_cluster_multiplier,ok,67,64,,64,67,,0.301314704355,0.191611013901,0.265869090005,0.109703690454,0.862715612561,175554,-0.477330092685,0.251112168783,0.231323161772,0.326304137373,0.0197890070113,0.00412305272986,836,0.791652940116,-0.0899146834423,-0.858592559831,35.0620029442
DAVIS,252,positive_exp1_cluster_multiplier,ok,67,64,,64,67,,0.266785731108,0.145148067958,0.230295305738,0.12163766315,0.859840778417,174969,-0.428556772027,0.273350403176,0.235204553987,0.326967632876,0.0381458491894,0.0367585630744,7477,0.584300683333,-0.083491813961,-0.823082215342,32.6333404883
DAVIS,253,positive_exp1_cluster_multiplier,ok,67,64,,64,67,,0.307784616885,0.180674562651,0.269653099773,0.127110054234,0.856292692516,174247,-0.428547359225,0.277551648758,0.25261977073,0.358610832309,0.0249318780278,0.00178387144331,363,0.764773768124,-0.102178176206,-0.854508821072,38.8645448014
DAVIS,254,positive_exp1_cluster_multiplier,ok,67,64,,64,67,,0.350887124518,0.218269147462,0.313294377195,0.132617977056,0.830350385768,168968,-0.395608065657,0.246425129798,0.225170511573,0.316416032954,0.0212546182252,0.0109931691975,2232,0.767061244174,-0.11136335883,-0.819357216571,33.706813562
DAVIS,255,positive_exp1_cluster_multiplier,ok,67,64,,64,67,,0.33682701724,0.201792991744,0.29616533592,0.135034025495,0.868706078923,176773,-0.430864377426,0.232262825641,0.182699705826,0.289800285254,0.0495631198151,0.0658558160106,13400,0.537228275702,-0.0854709056804,-0.802850262912,30.4098479001
DAVIS,256,positive_exp1_cluster_multiplier,ok,67,64,,64,67,,0.347265382381,0.195699507243,0.290292922153,0.151565875137,0.903341687552,183820,-0.602287804942,0.246327544179,0.227194772053,0.322480989965,0.0191327721263,0.00515504447393,1042,0.799207350804,-0.132433103011,-0.898186643078,34.5488553616
DAVIS,257,positive_exp1_cluster_multiplier,ok,67,64,,64,67,,0.349606159226,0.199646207257,0.300557632934,0.149959951969,0.905946238144,184351,-0.486055230741,0.263988446218,0.233351000196,0.327294704807,0.0306374460211,0.0329057938965,6693,0.673874410765,-0.119322505948,-0.873040444248,28.3053207851
DAVIS,258,positive_exp1_cluster_multiplier,ok,67,64,,64,67,,0.344165284586,0.208703260333,0.309313814153,0.135462024253,0.812152931348,165264,-0.346399747441,0.24009061159,0.225295852281,0.334543767607,0.0147947593093,0.00109587694727,223,0.864576278045,-0.120667264944,-0.811057054401,30.8685887886
DAVIS,259,positive_exp1_cluster_multiplier,ok,67,64,,64,67,,0.367291913763,0.215836841905,0.31058614865,0.151455071858,0.902147525677,183578,-0.598482110958,0.25519445803,0.238945247295,0.342735061169,0.0162492107346,0.0016167870657,328,0.843441180515,-0.135205861123,-0.900530738611,35.9018800688
DAVIS,260,positive_exp1_cluster_multiplier,ok,67,64,,64,67,,0.28887102677,0.196170356027,0.273274903006,0.0927006707429,0.661835962455,134677,-0.202272425889,0.231117229274,0.207220680794,0.310843481869,0.0238965484799,0.00280603469458,568,0.769389089737,-0.0688041222629,-0.659029927761,34.4993383064
DAVIS,261,positive_exp1_cluster_multiplier,ok,67,64,,64,67,,0.284538872378,0.171987363385,0.260786029523,0.112551508993,0.77053909283,156797,-0.267490987066,0.291902818276,0.264600644798,0.350542351668,0.0273021734775,0.0171507199371,3487,0.682317532757,-0.0852493355152,-0.753388372893,32.2325231481
DAVIS,262,positive_exp1_cluster_multiplier,ok,67,64,,64,67,,0.257146955159,0.170399735576,0.253617570167,0.0867472195832,0.542277261782,110348,-0.0424114014628,0.27223188934,0.238860338007,0.341059647056,0.0333715513324,0.0142611430537,2899,0.673465978948,-0.0533756682508,-0.528016118728,33.5305909434
DAVIS,263,positive_exp1_cluster_multiplier,ok,67,64,,64,67,,0.322991308618,0.193921167546,0.292104459664,0.129070141072,0.810624600717,164954,-0.314583553752,0.294741128938,0.254702845337,0.344854384414,0.0400382836015,0.0544154503907,11070,0.555877980438,-0.0890318574708,-0.756209150327,34.3674943148
DAVIS,264,positive_exp1_cluster_multiplier,ok,67,64,,64,67,,0.328728112875,0.186728362,0.288850152743,0.141999750875,0.846665683817,172287,-0.39049413295,0.240788472839,0.212671187179,0.31060284047,0.0281172856602,0.00573492554917,1166,0.712888685984,-0.113882465215,-0.840930758268,31.509735748
DAVIS,265,positive_exp1_cluster_multiplier,ok,67,64,,64,67,,0.269941998153,0.153239029801,0.238771400715,0.116702968352,0.829878618114,168872,-0.364430415127,0.277916609036,0.248324971716,0.354483871928,0.0295916373205,0.00643274853801,1306,0.721251470565,-0.0871113310318,-0.823445869576,37.8302836763
DAVIS,266,positive_exp1_cluster_multiplier,ok,67,64,,64,67,,0.333498229605,0.192327632631,0.290464560797,0.141170596973,0.854656248464,173914,-0.438506376876,0.247562856999,0.230354069472,0.318371961233,0.0172087875274,0.0046193916163,937,0.804485347433,-0.123961809446,-0.850036856848,36.1938009325
DAVIS,267,positive_exp1_cluster_multiplier,ok,67,64,,64,67,,0.248518831487,0.14379083008,0.219700122818,0.104728001407,0.798437269645,162474,-0.379646649698,0.255840579444,0.224766516124,0.33018285236,0.0310740633206,0.0165413533835,3363,0.705225352823,-0.0736539380862,-0.781895916261,38.8570526427
DAVIS,268,positive_exp1_cluster_multiplier,ok,67,64,,64,67,,0.283562533065,0.176359615371,0.255823359037,0.107202917694,0.810708142906,164971,-0.349079627365,0.271496200547,0.24019027341,0.342669296299,0.0313059271365,0.0140350877193,2855,0.69451380142,-0.0758969905571,-0.796673055187,35.6252783567
DAVIS,269,positive_exp1_cluster_multiplier,ok,67,64,,64,67,,0.339630546122,0.215729440968,0.305047846903,0.123901105155,0.805902009927,163993,-0.387184465028,0.265759372657,0.244390871291,0.344211680065,0.0213685013656,0.00844758956214,1718,0.785931394185,-0.102532603789,-0.797454420365,31.6200212138
DAVIS,270,positive_exp1_cluster_multiplier,ok,67,64,,64,67,,0.258619937095,0.161816370892,0.240881316105,0.0968035662024,0.714968794535,145489,-0.224355065855,0.271802545665,0.222550814218,0.333566706802,0.0492517314477,0.0414418398939,8432,0.556354227298,-0.0475518347548,-0.673526954642,34.7197368938
DAVIS,271,positive_exp1_cluster_multiplier,ok,67,64,,64,67,,0.308596968098,0.205622842864,0.29029330414,0.102974125234,0.683748587154,139136,-0.216175318778,0.238734596496,0.226139152941,0.317821723186,0.0125954435554,0.00166101528331,333,0.862618995936,-0.0903786816784,-0.682087571871,34.9226878904
DAVIS,272,positive_exp1_cluster_multiplier,ok,67,64,,64,67,,0.26603531284,0.174902329764,0.253938508999,0.091132983076,0.622851245761,126741,-0.153054005875,0.247882994775,0.192862942466,0.309415819339,0.0550200523091,0.0694137304044,14122,0.527939131274,-0.036112930767,-0.553437515357,32.4072864371
DAVIS,273,positive_exp1_cluster_multiplier,ok,67,64,,64,67,,0.347246589253,0.210372745588,0.309264421171,0.136873843665,0.864912280702,176001,-0.384078516798,0.267159722895,0.230950914923,0.322352074282,0.0362088079718,0.0636149196521,12944,0.603847388527,-0.100665035693,-0.80129736105,30.565699956
DAVIS,274,positive_exp1_cluster_multiplier,ok,67,64,,64,67,,0.245577341685,0.115738769991,0.231981643412,0.129838571694,0.634925549167,129201,-0.116959413276,0.257175506358,0.231232439043,0.343429436654,0.0259430673154,0.00911101282618,1847,0.768772178688,-0.103895504379,-0.625814536341,29.1954735857
DAVIS,275,positive_exp1_cluster_multiplier,ok,67,64,,64,67,,0.280939359165,0.165247274213,0.25216439517,0.115692084952,0.80714040002,164245,-0.331062093153,0.26161093475,0.238118498901,0.342110892101,0.0234924358489,0.00217701115534,442,0.774094670522,-0.0921996491034,-0.804963388864,39.1411610969
DAVIS,276,positive_exp1_cluster_multiplier,ok,67,64,,64,67,,0.301025454127,0.184182647093,0.26925816802,0.116842807034,0.816983635559,166248,-0.373401017842,0.277131266137,0.243043058074,0.342371891636,0.0340882080628,0.0201385817485,4097,0.65681457397,-0.0827545989715,-0.796845053811,34.0134101809
DAVIS,277,positive_exp1_cluster_multiplier,ok,67,64,,64,67,,0.328297332534,0.198611563447,0.293096801307,0.129685769087,0.804535849427,163715,-0.372550591234,0.257527178652,0.228956886239,0.331420769947,0.0285702924122,0.0107769423559,2192,0.721167192007,-0.101115476675,-0.793758907072,39.8106846069
DAVIS,278,positive_exp1_cluster_multiplier,ok,67,64,,64,67,,0.280472709515,0.183872016293,0.254711834116,0.0966006932226,0.800358739987,162865,-0.363649656227,0.263956630451,0.254764444377,0.344868003775,0.00919218607381,0.000904221337658,173,0.897981987224,-0.0874085071488,-0.79945451865,36.3101189066
DAVIS,279,positive_exp1_cluster_multiplier,ok,67,64,,64,67,,0.319587432527,0.184774851009,0.281908547213,0.134812581518,0.82096908939,167059,-0.387907459378,0.231825865689,0.188572332438,0.289165232068,0.0432535332514,0.0727062754927,14790,0.570014052575,-0.0915590482661,-0.748262813897,29.4267026379
DAVIS,280,positive_exp1_cluster_multiplier,ok,67,64,,64,67,,0.325583500511,0.198226017719,0.287144583223,0.127357482792,0.835525087228,170021,-0.432293493163,0.262233407477,0.232814015683,0.335279255356,0.0294193917938,0.0141726866185,2883,0.71288417528,-0.0979380909982,-0.821352400609,42.3592911382
DAVIS,281,positive_exp1_cluster_multiplier,ok,67,64,,64,67,,0.305141024623,0.170072417933,0.270526301166,0.13506860669,0.807484397268,164314,-0.34458322907,0.248284056692,0.239333971186,0.328843314643,0.00895008550594,0.000687994496044,135,0.900009483253,-0.126118521184,-0.806796402772,37.1861636522
DAVIS,282,positive_exp1_cluster_multiplier,ok,67,64,,64,67,,0.328581616675,0.197841746158,0.285716541088,0.130739870516,0.851796157059,173331,-0.487797162097,0.251241278976,0.215798367736,0.322459681498,0.0354429112399,0.00963683719102,1958,0.667706031459,-0.0952969592765,-0.842159319868,30.4151611618
DAVIS,283,positive_exp1_cluster_multiplier,ok,67,64,,64,67,,0.258987038023,0.156006127406,0.236105400897,0.102980910617,0.75725588481,154094,-0.285665975827,0.28138750589,0.240015243974,0.350239059344,0.0413722619154,0.0261093911249,5312,0.624652242562,-0.0616086487015,-0.731146493685,34.7815856518
DAVIS,284,positive_exp1_cluster_multiplier,ok,67,64,,64,67,,0.284951642063,0.169394837237,0.260381679576,0.115556804826,0.778062804069,158328,-0.270038632571,0.267205609088,0.2528389799,0.35414178737,0.0143666291875,0.00168067226891,340,0.85818133232,-0.101190175638,-0.7763821318,29.7061657983
DAVIS,285,positive_exp1_cluster_multiplier,ok,67,64,,64,67,,0.273795426152,0.156112889044,0.243993907635,0.117682537108,0.802363752519,163273,-0.339112119942,0.253664474422,0.244103017982,0.340583580634,0.00956145644037,0.000491424640031,95,0.900897588307,-0.108121080668,-0.801872327879,38.2298774034
DAVIS,286,positive_exp1_cluster_multiplier,ok,67,64,,64,67,,0.335336292907,0.208677906355,0.28568196219,0.126658386552,0.906167379232,184396,-0.644827472755,0.252609061446,0.224132907056,0.314619356611,0.0284761543902,0.0101331760774,2055,0.685299240601,-0.0981822321622,-0.896034203155,36.4510374322
DAVIS,287,positive_exp1_cluster_multiplier,ok,67,64,,64,67,,0.329314267665,0.205264146671,0.289715559401,0.124050120995,0.867634773208,176555,-0.468893378859,0.261576374593,0.214634660665,0.320649966051,0.0469417139275,0.0496044031648,10094,0.55721757574,-0.077108407067,-0.818030370043,36.1808598696
DAVIS,288,positive_exp1_cluster_multiplier,ok,67,64,,64,67,,0.368399024576,0.212706300359,0.307186462609,0.155692724217,0.909887463757,185153,-0.647887985253,0.232727006207,0.220804508749,0.320639198953,0.0119224974575,0.00206889773453,416,0.880577608513,-0.143770226759,-0.907818566023,40.3407311173
DAVIS,289,positive_exp1_cluster_multiplier,ok,67,64,,64,67,,0.311634575548,0.215610781968,0.295166233849,0.09602379358,0.689984765836,140404,-0.20700456486,0.244924653749,0.228069164614,0.32240022657,0.0168554891351,0.00117941913608,235,0.821315600762,-0.0791683044449,-0.6888053467,28.8672522971
DAVIS,290,positive_exp1_cluster_multiplier,ok,67,64,,64,67,,0.336721627781,0.210147062489,0.305266423315,0.126574565292,0.788918374367,160537,-0.330691924259,0.266680986107,0.239627836738,0.333195040109,0.0270531493695,0.0136714334857,2781,0.710869317509,-0.099521415923,-0.775246940882,43.6891064269
DAVIS,291,positive_exp1_cluster_multiplier,ok,67,64,,64,67,,0.265837879465,0.162772939498,0.241725652565,0.103064939968,0.769934640523,156674,-0.305400865456,0.261310527864,0.232716402255,0.334961242777,0.0285941256095,0.0130424099464,2651,0.720336738134,-0.0744708143582,-0.756892230576,40.3693649339
DAVIS,292,positive_exp1_cluster_multiplier,ok,67,64,,64,67,,0.272874004731,0.168292046199,0.257064273178,0.104581958532,0.674018379282,137156,-0.178093217789,0.266870027067,0.237185627836,0.340540786834,0.0296843992309,0.0170720919947,3473,0.712792283244,-0.0748975593014,-0.656946287287,34.9670231109
DAVIS,293,positive_exp1_cluster_multiplier,ok,67,64,,64,67,,0.327592257793,0.199347760199,0.28391298468,0.128244497594,0.866701066391,176365,-0.51651578271,0.245601916562,0.20428742387,0.298404476926,0.0413144926925,0.0337412157846,6865,0.561030744684,-0.0869300049011,-0.832959850607,35.6802896032
DAVIS,294,positive_exp1_cluster_multiplier,ok,67,64,,64,67,,0.296940409689,0.185238628991,0.263294836743,0.111701780697,0.819082018772,166675,-0.431042884545,0.274098814674,0.238470553498,0.335460558376,0.0356282611759,0.0260307631825,5292,0.63266048681,-0.0760735195215,-0.79305125559,36.8925258486
DAVIS,295,positive_exp1_cluster_multiplier,ok,67,64,,64,67,,0.317374535676,0.212356893958,0.28554270255,0.105017641717,0.813936802791,165628,-0.434945431877,0.248487411034,0.233116057757,0.324437056201,0.0153713532768,0.0015578161089,314,0.831677779058,-0.0896462884405,-0.812378986682,30.1796482075
DAVIS,296,positive_exp1_cluster_multiplier,ok,67,64,,64,67,,0.335462882252,0.199654375607,0.292237623443,0.135808506645,0.864681311121,175954,-0.466879914228,0.255083502855,0.240263773724,0.325047851309,0.0148197291313,0.00477173325471,968,0.825206223227,-0.120988777514,-0.859909577866,28.9265136762
DAVIS,297,positive_exp1_cluster_multiplier,ok,67,64,,64,67,,0.259338494713,0.156794644851,0.23742237415,0.102543849862,0.729048110472,148354,-0.271818650396,0.270667772596,0.247814658171,0.336768165785,0.0228531144248,0.0172588333579,3509,0.743089226746,-0.0796907354375,-0.711789277114,37.6337482087
DAVIS,298,positive_exp1_cluster_multiplier,ok,67,64,,64,67,,0.371246593725,0.21673745369,0.308165725198,0.154509140035,0.921720969089,187561,-0.689949262808,0.247928358941,0.221801273064,0.323795326358,0.026127085877,0.00418202368667,850,0.743837164684,-0.128382054158,-0.917538945403,38.1678516011
DAVIS,299,positive_exp1_cluster_multiplier,ok,67,64,,64,67,,0.329490169323,0.195546778752,0.294676359226,0.133943390571,0.787242616345,160195,-0.351194970562,0.261386787649,0.232243891465,0.337858383082,0.029142896184,0.0103444886727,2104,0.724063471427,-0.104800494387,-0.776898127672,37.6591168562
DAVIS,300,positive_exp1_cluster_multiplier,ok,67,64,,64,67,,0.288746919216,0.164987094107,0.252604302686,0.123759825109,0.850464396285,173061,-0.412505911976,0.234203160808,0.227219615563,0.315013540583,0.00698354524502,0.000658509017642,129,0.920455256518,-0.116776279864,-0.849805887267,36.0846207518
DAVIS,301,positive_exp1_cluster_multiplier,ok,67,64,,64,67,,0.29211291148,0.185478479832,0.277494590933,0.106634431649,0.652651235933,132808,-0.158866967672,0.25633229495,0.224607996848,0.324159356205,0.0317242981019,0.0173522040395,3529,0.681327323837,-0.0749101335468,-0.635299031893,31.6659520897
DAVIS,302,positive_exp1_cluster_multiplier,ok,67,64,,64,67,,0.322556191443,0.19166993299,0.28431648708,0.130886258453,0.879021082117,178872,-0.412748263968,0.259969321665,0.251120291087,0.340540165475,0.00884903057758,0.000491424640031,97,0.901039554818,-0.122037227875,-0.878529657477,29.9756869353
DAVIS,303,positive_exp1_cluster_multiplier,ok,67,64,,64,67,,0.398515218909,0.235511158814,0.325301657691,0.163004060096,0.968932134257,197168,-0.815382051935,0.233759401468,0.195906643637,0.295998648652,0.0378527578309,0.0379871246744,7729,0.621820365919,-0.125151302265,-0.930945009583,34.4417406897
DAVIS,304,positive_exp1_cluster_multiplier,ok,67,64,,64,67,,0.343124239613,0.210298368477,0.304278205037,0.132825871135,0.860317460317,175066,-0.41334435127,0.257215037806,0.234799541378,0.323201145129,0.0224154964278,0.0109341982407,2224,0.746435636043,-0.110410374708,-0.849383262077,31.7626540163
DAVIS,305,positive_exp1_cluster_multiplier,ok,67,64,,64,67,,0.347471316112,0.2030426548,0.307307735806,0.144428661312,0.843402624208,171623,-0.385206436497,0.259786996103,0.242923764943,0.333056432809,0.0168632311607,0.00334660179861,680,0.812906556969,-0.127565430152,-0.840056022409,35.9616895067
DAVIS,306,positive_exp1_cluster_multiplier,ok,67,64,,64,67,,0.321528907155,0.175302517802,0.280150661924,0.146226389353,0.83720084525,170362,-0.394649286132,0.226088269157,0.179599492976,0.295949429588,0.046488776181,0.039933166249,8123,0.600440038604,-0.0997376131718,-0.797267679001,21.1872423363
DAVIS,307,positive_exp1_cluster_multiplier,ok,67,64,,64,67,,0.239567564794,0.149538494631,0.228563693422,0.0900290701623,0.638345864662,129897,-0.139245095741,0.292605849855,0.258142271334,0.351872621955,0.0344635785213,0.0347682932822,7074,0.632311430686,-0.055565491641,-0.603577571379,35.0284477871
DAVIS,308,positive_exp1_cluster_multiplier,ok,67,64,,64,67,,0.317149190823,0.191163679543,0.283694697454,0.12598551128,0.812634527495,165363,-0.361548960818,0.243431071727,0.217907235886,0.331187975014,0.0255238358405,0.00398053958425,809,0.774685122669,-0.100461675439,-0.808653987911,36.4389248336
DAVIS,309,positive_exp1_cluster_multiplier,ok,67,64,,64,67,,0.353606830473,0.204444669567,0.317074022822,0.149162160905,0.80375448425,163556,-0.324363113119,0.244350785139,0.228801068401,0.339430621528,0.0155497167381,0.000796107916851,159,0.859443373867,-0.133612444167,-0.802958376333,31.294266023
DAVIS,310,positive_exp1_cluster_multiplier,ok,67,64,,64,67,,0.368259402171,0.222394533377,0.315583052083,0.145864868795,0.914575654823,186107,-0.56526652445,0.278782117173,0.248333549889,0.352737481932,0.0304485672839,0.0134404639049,2735,0.708358040852,-0.115416301511,-0.901135190918,35.42047316
DAVIS,311,positive_exp1_cluster_multiplier,ok,67,64,,64,67,,0.348580387591,0.23051572852,0.315715252737,0.118064659072,0.777704064082,158255,-0.385743173519,0.237478415233,0.229314293087,0.320360853838,0.00816412214538,0.000304683276819,55,0.910330252147,-0.109900536926,-0.777399380805,27.9420517134
DAVIS,312,positive_exp1_cluster_multiplier,ok,67,64,,64,67,,0.26127307235,0.15380144817,0.249526163779,0.107471624179,0.606260749914,123368,-0.122715523321,0.259795908255,0.240770752655,0.347691422499,0.0190251555995,0.00334168755221,680,0.822062884311,-0.0884464685799,-0.602919062362,33.9041701603
DAVIS,313,positive_exp1_cluster_multiplier,ok,67,64,,64,67,,0.281140731065,0.174583060798,0.254507526818,0.106557670268,0.767354661163,156149,-0.333229680141,0.259086543652,0.244241036786,0.336634922915,0.0148455068664,0.00191655609612,385,0.839323709735,-0.0917121634011,-0.765438105067,34.7124135852
DAVIS,314,positive_exp1_cluster_multiplier,ok,67,64,,64,67,,0.314249005748,0.18804538819,0.279831439112,0.126203617558,0.830831981916,169066,-0.37497600442,0.24173056809,0.21662565618,0.324657338268,0.0251049119101,0.00360214261143,730,0.76761528262,-0.101098705648,-0.827229839304,38.4778277504
DAVIS,315,positive_exp1_cluster_multiplier,ok,67,64,,64,67,,0.287522381043,0.164100788972,0.257965715663,0.123421592071,0.789326256819,160620,-0.314885084583,0.263554328117,0.242237088852,0.348353315473,0.0213172392646,0.00219666814094,444,0.799114235934,-0.102104352807,-0.787129588678,31.4592598075
DAVIS,316,positive_exp1_cluster_multiplier,ok,67,64,,64,67,,0.319401933065,0.200381902481,0.289627943486,0.119020030584,0.787144331417,160176,-0.333616922881,0.261209679047,0.239063830604,0.338037365554,0.022145848443,0.00370042753944,751,0.776244746091,-0.0968741821408,-0.783443903877,34.8163882671
DAVIS,317,positive_exp1_cluster_multiplier,ok,67,64,,64,67,,0.344912026417,0.214973226585,0.312793256891,0.129938799832,0.807341884122,164285,-0.328345528269,0.238641979566,0.205737349168,0.302801069662,0.032904630398,0.0227922748047,4636,0.660999699678,-0.0970341694343,-0.784549609317,34.2641317696
DAVIS,318,positive_exp1_cluster_multiplier,ok,67,64,,64,67,,0.27119021562,0.166378807028,0.25422799812,0.104811408592,0.691650695366,140744,-0.19308336581,0.260585100695,0.241753274315,0.338206773693,0.0188318263794,0.00201975527053,406,0.804757458248,-0.0859795822123,-0.689630940095,38.4799654476
DAVIS,319,positive_exp1_cluster_multiplier,ok,67,64,,64,67,,0.314618200038,0.197926110408,0.280518077443,0.11669208963,0.830350385768,168968,-0.412874566609,0.274557655431,0.227542083517,0.330203662074,0.0470155719139,0.0525824364834,10700,0.542033421121,-0.069676517716,-0.777767949285,34.6418979244
DAVIS,320,positive_exp1_cluster_multiplier,ok,67,64,,64,67,,0.279161043524,0.156018963686,0.255530573038,0.123142079838,0.709243697479,144323,-0.237464459071,0.253831454477,0.219822507049,0.332768708305,0.0340089474282,0.0225072485134,4577,0.698892507672,-0.0891331324093,-0.686736448966,27.3289968067
DAVIS,321,positive_exp1_cluster_multiplier,ok,67,64,,64,67,,0.378996247073,0.211990801826,0.313755395001,0.167005445248,0.933790358249,190016,-0.641095788194,0.25877502023,0.223006404508,0.326383544752,0.0357686157216,0.0151702786378,3087,0.653998788927,-0.131236829526,-0.918620079611,33.5918100946
DAVIS,322,positive_exp1_cluster_multiplier,ok,67,64,,64,67,,0.32518555634,0.20370187666,0.290132294281,0.12148367968,0.851540616246,173280,-0.405566269646,0.281994379429,0.263411726759,0.342162156587,0.0185826526708,0.00484053270431,978,0.764031095305,-0.102901027009,-0.846700083542,27.067468062
DAVIS,323,positive_exp1_cluster_multiplier,ok,67,64,,64,67,,0.272846078828,0.174725499558,0.253481074152,0.0981205792698,0.720605435157,146636,-0.245887415287,0.25110077384,0.226513546083,0.317043680111,0.024587227757,0.00691434468524,1402,0.728408357935,-0.0735333515128,-0.713691090471,30.7335281837
DAVIS,324,positive_exp1_cluster_multiplier,ok,67,64,,64,67,,0.376925862857,0.217256643482,0.324680178514,0.159669219375,0.893237996953,181765,-0.486352309372,0.23402152581,0.225250057777,0.319587771906,0.00877146803255,0.00106639146887,212,0.907020557859,-0.150897751343,-0.892171605484,35.7353175008
DAVIS,325,positive_exp1_cluster_multiplier,ok,67,64,,64,67,,0.313507944123,0.213527581679,0.293848987723,0.0999803624434,0.711828591086,144850,-0.244753638769,0.241106500814,0.235153988902,0.312960303309,0.00595251191152,0.000452110668829,91,0.923495773358,-0.0940278505319,-0.711376480417,32.0137990405
DAVIS,326,positive_exp1_cluster_multiplier,ok,67,64,,64,67,,0.306049216436,0.169977508609,0.254771515301,0.136071707827,0.903233574131,183799,-0.604732611846,0.249076604438,0.220679997909,0.325747521682,0.0283966065289,0.00611332252199,1241,0.729729934531,-0.107675101298,-0.897120251609,36.3702839106
DAVIS,327,positive_exp1_cluster_multiplier,ok,67,64,,64,67,,0.286894341531,0.162403829458,0.255922747202,0.124490512074,0.776912870411,158093,-0.331179990916,0.252570240507,0.224599138394,0.330502373767,0.0279711021124,0.00766131013809,1558,0.735880570466,-0.0965194099612,-0.769251560273,38.0077225137
DAVIS,328,positive_exp1_cluster_multiplier,ok,67,64,,64,67,,0.32777408437,0.18902223257,0.278752263002,0.1387518518,0.910521401543,185282,-0.546325696448,0.284712893757,0.256404599527,0.347811266112,0.0283082942295,0.0215145707406,4377,0.690303833548,-0.110443557571,-0.889006830802,34.9317183326
DAVIS,329,positive_exp1_cluster_multiplier,ok,67,64,,64,67,,0.306656215711,0.190866112169,0.286391550126,0.115790103543,0.705100987764,143481,-0.21213894455,0.272805194524,0.240449322332,0.345712370206,0.0323558721921,0.0132733795272,2698,0.692618892904,-0.0834342313504,-0.691827608236,36.3595936318
DAVIS,330,positive_exp1_cluster_multiplier,ok,67,64,,64,67,,0.319457247111,0.19962691655,0.275987422452,0.119830330561,0.901189247629,183383,-0.56927104065,0.281963647631,0.249737714001,0.352407111125,0.0322259336303,0.0146297115337,2976,0.686119383837,-0.0876043969304,-0.886559536095,37.5129585999
DAVIS,331,positive_exp1_cluster_multiplier,ok,67,64,,64,67,,0.322298406252,0.188903527875,0.289097131824,0.133394878377,0.819347388078,166729,-0.33137119656,0.27419237746,0.252558492334,0.349585978102,0.0216338851266,0.00197552705293,401,0.777033435885,-0.11176099325,-0.817371861025,35.5346337456
DAVIS,332,positive_exp1_cluster_multiplier,ok,67,64,,64,67,,0.292429679241,0.186107016933,0.27155499469,0.106322662308,0.73702393238,149977,-0.244296999172,0.257313149421,0.227634216923,0.327390967909,0.029678932498,0.0119416187528,2427,0.702486977526,-0.0766437298097,-0.725082313627,34.5181794354
DAVIS,333,positive_exp1_cluster_multiplier,ok,67,64,,64,67,,0.279756533399,0.176273146076,0.262330097285,0.103483387323,0.712698412698,145027,-0.202498878583,0.313906208482,0.281492994164,0.370052257606,0.0324132143184,0.0350680623126,7135,0.633994084206,-0.0710701730042,-0.677630350386,33.3850558605
DAVIS,334,positive_exp1_cluster_multiplier,ok,67,64,,64,67,,0.287820458567,0.174668541774,0.260682679922,0.113151916793,0.766794437073,156035,-0.315503697757,0.259800172848,0.221661400742,0.319323624208,0.0381387721061,0.041063442921,8355,0.609482860897,-0.0750131446866,-0.725730994152,35.2175537452
DAVIS,335,positive_exp1_cluster_multiplier,ok,67,64,,64,67,,0.304781374989,0.181260161884,0.266539496996,0.123521213105,0.8472357364,172404,-0.448430770982,0.259905600436,0.235701163122,0.332367800693,0.024204437314,0.00490441790751,997,0.7496091938,-0.0993167757909,-0.842331318492,37.9632693438
DAVIS,336,positive_exp1_cluster_multiplier,ok,67,64,,64,67,,0.330137307794,0.17608938747,0.278453905427,0.154047920324,0.874937343358,178041,-0.504895674782,0.242412047659,0.216941750701,0.318777483255,0.0254702969582,0.00677183153963,1377,0.74988841029,-0.128577623366,-0.868165511819,25.5847157384
DAVIS,337,positive_exp1_cluster_multiplier,ok,67,64,,64,67,,0.293107586714,0.180128324458,0.267598182008,0.112979262255,0.746125116713,151829,-0.291636518225,0.25780020754,0.211141847242,0.3058016941,0.0466583602984,0.0647353678313,13166,0.507094487824,-0.0663209019571,-0.681389748882,28.5944227066
DAVIS,338,positive_exp1_cluster_multiplier,ok,67,64,,64,67,,0.242210027493,0.145513396315,0.219721707233,0.096696631178,0.746090716989,151822,-0.303043149502,0.247226525454,0.224638515512,0.327547462837,0.0225880099425,0.00302226153619,614,0.78050489749,-0.0741086212355,-0.743068455452,29.4337171926
DAVIS,339,positive_exp1_cluster_multiplier,ok,67,64,,64,67,,0.273719908526,0.157654602925,0.251819318621,0.116065305601,0.726876013563,147912,-0.232577454765,0.27450591755,0.241173200814,0.349226451757,0.033332716736,0.0126296132488,2567,0.691515836451,-0.0827325888647,-0.714246400315,42.6007844282
DAVIS,340,positive_exp1_cluster_multiplier,ok,67,64,,64,67,,0.269665667668,0.165971073886,0.253459422952,0.103694593781,0.686613592806,139718,-0.185238890539,0.250385898728,0.211582548017,0.313749096611,0.038803350711,0.037982210428,7728,0.620195149538,-0.0648912430701,-0.648631382378,31.3420598739
DAVIS,341,positive_exp1_cluster_multiplier,ok,67,64,,64,67,,0.271446485474,0.162991808464,0.249561309763,0.10845467701,0.74686716792,151980,-0.252804687365,0.265533224915,0.249181492171,0.346856768658,0.0163517327437,0.00114010516487,229,0.832590873228,-0.0921029442665,-0.745727062755,34.6056002374
DAVIS,342,positive_exp1_cluster_multiplier,ok,67,64,,64,67,,0.281040367253,0.182428748901,0.259440108881,0.0986116183516,0.737421986338,150058,-0.280481455951,0.247919722402,0.236493147519,0.32518871124,0.0114265748827,0.00078627942405,158,0.871170840983,-0.0871850434689,-0.736635706914,42.4073338408
DAVIS,343,positive_exp1_cluster_multiplier,ok,67,64,,64,67,,0.299286776919,0.196628965829,0.273049466285,0.10265781109,0.789370485036,160629,-0.343328170804,0.276564471082,0.245721089249,0.340696478385,0.030843381833,0.0142562288073,2898,0.675248692177,-0.0718144292566,-0.775114256229,30.2491028895
DAVIS,344,positive_exp1_cluster_multiplier,ok,67,64,,64,67,,0.306194933734,0.166674595228,0.261848009146,0.139520338506,0.891272298393,181365,-0.465959166149,0.278040477373,0.24808622614,0.333413099473,0.0299542512325,0.0137844611529,2804,0.64894704256,-0.109566087274,-0.87748783724,36.9016508253
DAVIS,345,positive_exp1_cluster_multiplier,ok,67,64,,64,67,,0.314137346902,0.181496786104,0.27134241607,0.132640560797,0.851452159811,173262,-0.476316219813,0.24391304592,0.199321100325,0.303873143217,0.0445919455946,0.0341687552214,6950,0.573495224378,-0.0880486152029,-0.81728340459,42.6799965491
DAVIS,346,positive_exp1_cluster_multiplier,ok,67,64,,64,67,,0.306605165121,0.162169254588,0.273252450453,0.144435910533,0.807818566023,164383,-0.300249865955,0.258946612721,0.24239104665,0.351126393957,0.016555566071,0.00211804019854,431,0.847744395167,-0.127880344462,-0.805700525824,34.0786366629
DAVIS,347,positive_exp1_cluster_multiplier,ok,67,64,,64,67,,0.360467352137,0.208031651375,0.312764100283,0.152435700762,0.862194702442,175447,-0.455477288564,0.241309458526,0.22416019291,0.327217245663,0.0171492656162,0.00404442478746,820,0.833594449307,-0.135286435146,-0.858150277655,33.9392628879
DAVIS,348,positive_exp1_cluster_multiplier,ok,67,64,,64,67,,0.308305383382,0.19581866721,0.281863830536,0.112486716171,0.74606123151,151816,-0.307298537467,0.241545941827,0.224755799916,0.319109776541,0.0167901419111,0.00291906236179,591,0.822051570991,-0.0956965742602,-0.743142169148,31.5558132668
DAVIS,349,positive_exp1_cluster_multiplier,ok,67,64,,64,67,,0.31013502734,0.202850449112,0.279226061073,0.107284578228,0.805361442823,163882,-0.404696806658,0.246547295421,0.235286655288,0.336094524348,0.0112606401334,0.000481596147231,93,0.888296020555,-0.096023938095,-0.804879846676,35.2699916501
DAVIS,350,positive_exp1_cluster_multiplier,ok,67,64,,64,67,,0.306921209904,0.215885701696,0.283229710851,0.0910355082082,0.774323062558,157567,-0.351798168089,0.256442567035,0.218055230064,0.317822165708,0.0383873369711,0.0184333382476,3750,0.615229868259,-0.0526481712371,-0.755889724311,40.2270707024
DAVIS,351,positive_exp1_cluster_multiplier,ok,67,64,,64,67,,0.349174117044,0.206783477986,0.294332139534,0.142390639058,0.912796697626,185745,-0.626417086678,0.238887720416,0.212581741605,0.321806905899,0.0263059788113,0.00496830311072,1008,0.759158258252,-0.116084660247,-0.907828394516,37.7956234667
DAVIS,352,positive_exp1_cluster_multiplier,ok,67,64,,64,67,,0.270151040889,0.162593295772,0.244760178009,0.107557745117,0.741677723721,150924,-0.309015776041,0.219540670816,0.199402518465,0.3006207997,0.0201381523504,0.0031696889282,643,0.801042340329,-0.0874195927661,-0.738508034793,29.6997305993
DAVIS,353,positive_exp1_cluster_multiplier,ok,67,64,,64,67,,0.31493122939,0.183670390812,0.271180738719,0.131260838578,0.873246842597,177696,-0.4999464831,0.27091832953,0.237372730806,0.333286302434,0.0335455987245,0.0438793061084,8928,0.650251803211,-0.0977152398537,-0.829367536488,37.6517422346
DAVIS,354,positive_exp1_cluster_multiplier,ok,67,64,,64,67,,0.348738600792,0.240021135819,0.318479844035,0.108717464973,0.800393139712,162872,-0.385664733012,0.270173974609,0.221893740033,0.32076585355,0.0482802345762,0.0688289350828,14005,0.511690072568,-0.0604372303971,-0.731564204629,39.471590339
DAVIS,355,positive_exp1_cluster_multiplier,ok,67,64,,64,67,,0.333881676621,0.213274693622,0.295398533097,0.120606982999,0.846876996413,172330,-0.468598932659,0.248638011323,0.217473740001,0.320726561824,0.0311642713217,0.0177306010123,3605,0.698175112589,-0.0894427116771,-0.8291463954,38.8369748401
DAVIS,356,positive_exp1_cluster_multiplier,ok,67,64,,64,67,,0.327359351489,0.191025527418,0.277242244555,0.136333824072,0.879871246744,179045,-0.581292220339,0.245790775461,0.218266751254,0.308533170354,0.0275240242069,0.00677674578603,1379,0.695080136318,-0.108809799865,-0.873094500958,31.7391926423
DAVIS,357,positive_exp1_cluster_multiplier,ok,67,64,,64,67,,0.285557430577,0.178250508264,0.259717002647,0.107306922313,0.783704358937,159476,-0.317190866324,0.265981985587,0.248218663446,0.345994969677,0.0177633221409,0.00263403607057,535,0.818326925759,-0.0895436001725,-0.781070322866,38.5058333705
DAVIS,358,positive_exp1_cluster_multiplier,ok,67,64,,64,67,,0.309279314527,0.189205803942,0.270900370721,0.120073510585,0.877615607647,178586,-0.46978575589,0.275864874817,0.237570985435,0.326325003885,0.0382938893828,0.0765197306993,15570,0.568539092074,-0.0817796212019,-0.801095876947,39.9229889177
DAVIS,359,positive_exp1_cluster_multiplier,ok,67,64,,64,67,,0.317707161889,0.187711587954,0.265287377719,0.129995573935,0.864607597425,175939,-0.675723499913,0.239077734077,0.216216137396,0.31453044764,0.0228615966813,0.00689960194604,1403,0.767464201045,-0.107133977254,-0.857707995479,30.5890431039
DAVIS,360,positive_exp1_cluster_multiplier,ok,67,64,,64,67,,0.329324049842,0.184912032583,0.281810845996,0.14441201726,0.914909823579,186175,-0.490338345468,0.259317879065,0.225166415776,0.321728294362,0.0341514632896,0.021986338395,4473,0.646325612244,-0.11026055397,-0.892923485184,34.4253893279
DAVIS,361,positive_exp1_cluster_multiplier,ok,67,64,,64,67,,0.269913061881,0.172071973217,0.252955181967,0.097841088664,0.688525234655,140108,-0.209658842373,0.243435657308,0.221080900829,0.31981532921,0.0223547564793,0.00269300702737,547,0.773587016749,-0.0754863321847,-0.685832227628,35.2643169235
DAVIS,362,positive_exp1_cluster_multiplier,ok,67,64,,64,67,,0.365942273494,0.220023372552,0.31270709029,0.145918900942,0.911573050273,185496,-0.574374706837,0.246400523576,0.226163726322,0.319525447676,0.0202367972542,0.00257015086736,522,0.783243100485,-0.125682103688,-0.909002899405,32.8305639482
DAVIS,363,positive_exp1_cluster_multiplier,ok,67,64,,64,67,,0.271625253592,0.171913327892,0.258300557415,0.0997119256999,0.66801317018,135934,-0.154243818796,0.247494771315,0.242958082318,0.328329218377,0.00453668899713,0.000103199174407,17,0.946859217218,-0.0951752367028,-0.667909971006,31.2435306333
DAVIS,364,positive_exp1_cluster_multiplier,ok,67,64,,64,67,,0.316973936464,0.206517905937,0.297726251807,0.110456030528,0.6949481547,141415,-0.211029862161,0.245892950428,0.222095209493,0.321267853372,0.0237977409345,0.00714040001966,1450,0.760037244106,-0.0866582895931,-0.687807754681,36.7739496796
DAVIS,365,positive_exp1_cluster_multiplier,ok,67,64,,64,67,,0.308104120155,0.197827763654,0.277085643388,0.110276356501,0.815538847118,165954,-0.391361425145,0.261403458995,0.244875295063,0.340014898128,0.0165281639319,0.000761708192049,154,0.826274617514,-0.0937481925691,-0.814777138926,36.3807295886
DAVIS,366,positive_exp1_cluster_multiplier,ok,67,64,,64,67,,0.288623203326,0.170475665535,0.26273218094,0.118147537791,0.75295591921,153219,-0.2806416682,0.229479262513,0.212500938649,0.322062233088,0.0169783238638,0.00222123937294,449,0.845033559061,-0.101169213928,-0.750734679837,35.472111474
DAVIS,367,positive_exp1_cluster_multiplier,ok,67,64,,64,67,,0.35445287243,0.202711183992,0.314945063817,0.151741688438,0.815140793159,165873,-0.352013212719,0.237655285577,0.198550796933,0.305225118034,0.0391044886442,0.0306452405524,6233,0.633421724735,-0.112637199794,-0.784495552607,29.1773187897
DAVIS,368,positive_exp1_cluster_multiplier,ok,67,64,,64,67,,0.328323571042,0.200552370341,0.289756542609,0.127771200701,0.856970858519,174385,-0.43234556695,0.251392152887,0.243381109543,0.318828031938,0.00801104334401,0.000515995872033,103,0.893818818718,-0.119760157357,-0.856454862647,34.2149794967
DAVIS,369,positive_exp1_cluster_multiplier,ok,67,64,,64,67,,0.3248105868,0.207052999177,0.288362432777,0.117757587623,0.835195832719,169954,-0.448264763511,0.264715583714,0.248632530115,0.346341448349,0.0160830535995,0.000855078873655,173,0.835398304576,-0.101674534024,-0.834340753845,39.5102245454
DAVIS,370,positive_exp1_cluster_multiplier,ok,67,64,,64,67,,0.312943171494,0.200545273559,0.284336322793,0.112397897935,0.812708241191,165378,-0.341406975587,0.284361191719,0.262224236807,0.357022620544,0.0221369549114,0.0047471620227,963,0.766483836129,-0.0902609430236,-0.807961079169,44.0462458174
DAVIS,371,positive_exp1_cluster_multiplier,ok,67,64,,64,67,,0.332297491539,0.189018834532,0.295663346865,0.143278657008,0.848700181827,172702,-0.343516453617,0.277916985305,0.25194207533,0.353693921762,0.0259749099748,0.00537127131554,1090,0.744722961935,-0.117303747033,-0.843328910512,24.5790239516
DAVIS,372,positive_exp1_cluster_multiplier,ok,67,64,,64,67,,0.280092743721,0.185833668631,0.255982122623,0.0942590750899,0.782819794585,159296,-0.343708517095,0.235370601023,0.231502670816,0.325508510867,0.00386793020715,2.94854784019e-05,4,0.958854362611,-0.0903911448827,-0.782790309106,37.1325639705
DAVIS,373,positive_exp1_cluster_multiplier,ok,67,64,,64,67,,0.308122439439,0.204706253902,0.288404051944,0.103416185537,0.692338689862,140884,-0.235590277839,0.231398230432,0.215684230374,0.317449247697,0.0157140000577,0.00273723524498,556,0.845585443102,-0.087702185479,-0.689601454617,29.7021590892
DAVIS,374,positive_exp1_cluster_multiplier,ok,67,64,,64,67,,0.311040548337,0.205312205605,0.291266791395,0.105728342732,0.70775468082,144021,-0.230048888724,0.270698233591,0.246725811821,0.345757861802,0.0239724217697,0.00565138336036,1150,0.757932691746,-0.0817559209622,-0.702103297459,37.1579625481
DAVIS,375,positive_exp1_cluster_multiplier,ok,67,64,,64,67,,0.286974863069,0.173186241542,0.256401760757,0.113788621527,0.827156125608,168318,-0.367396641884,0.286039236403,0.256389875563,0.347597647259,0.02964936084,0.025313283208,5148,0.674925060785,-0.0841392606869,-0.8018428424,37.3950930264
DAVIS,376,positive_exp1_cluster_multiplier,ok,67,64,,64,67,,0.253599967706,0.17092595946,0.245962578098,0.0826740082464,0.592417317804,120551,-0.101782166451,0.251355296526,0.233211332943,0.323423278527,0.0181439635833,0.00424590888987,863,0.798874046383,-0.0645300446631,-0.588171408914,31.8777103646
DAVIS,377,positive_exp1_cluster_multiplier,ok,67,64,,64,67,,0.297130943044,0.169500434204,0.263659611824,0.12763050884,0.836114796796,170141,-0.355476036064,0.264013802008,0.245564741072,0.347243942229,0.0184490609356,0.00093862106246,190,0.81855619708,-0.109181447904,-0.835176175733,38.8174159303
DAVIS,378,positive_exp1_cluster_multiplier,ok,67,64,,64,67,,0.310178666354,0.194289654454,0.288251777487,0.1158890119,0.694206103494,141263,-0.233358806288,0.239678509153,0.215839107126,0.310952956376,0.0238394020267,0.00998083443904,2031,0.749359297151,-0.0920496098729,-0.684225269055,29.0363956825
DAVIS,379,positive_exp1_cluster_multiplier,ok,67,64,,64,67,,0.299397787157,0.194810464531,0.284771050513,0.104587322626,0.649181777974,132102,-0.162590499874,0.243416586139,0.225677353566,0.328561898355,0.017739232573,0.00659000442282,1334,0.827581172571,-0.0868480900529,-0.642591773552,37.3553095858
DAVIS,380,positive_exp1_cluster_multiplier,ok,67,64,,64,67,,0.312998059383,0.206923676774,0.28845207109,0.106074382609,0.741225613052,150832,-0.301072877734,0.284525699994,0.259659657916,0.3535955564,0.0248660420778,0.00825101970613,1678,0.735287121547,-0.0812083405312,-0.732974593346,36.9217770815
DAVIS,381,positive_exp1_cluster_multiplier,ok,67,64,,64,67,,0.307107429367,0.181752151748,0.282169145201,0.125355277619,0.733357904565,149231,-0.248347249889,0.266895596819,0.242431759873,0.34192895703,0.0244638369453,0.0108359133127,2204,0.754125365897,-0.100891440674,-0.722521991253,37.8200815835
DAVIS,382,positive_exp1_cluster_multiplier,ok,67,64,,64,67,,0.325914385409,0.20731998789,0.285564827933,0.118594397519,0.866337412158,176291,-0.515683301965,0.229229851199,0.217978190029,0.310445952986,0.011251661171,0.000525824364834,105,0.878318012558,-0.107342736348,-0.865811587793,35.1376853087
DAVIS,383,positive_exp1_cluster_multiplier,ok,67,64,,64,67,,0.288638287243,0.162923094242,0.254729918104,0.125715193,0.817622487592,166378,-0.369344757966,0.260983837257,0.22145660757,0.332677783426,0.0395272296873,0.0118138483464,2401,0.644606978994,-0.0861879633129,-0.805808639245,35.5746805784
DAVIS,384,positive_exp1_cluster_multiplier,ok,67,64,,64,67,,0.296266557101,0.182893117323,0.264295465588,0.113373439778,0.820605435157,166984,-0.392753921649,0.265991989688,0.248955982979,0.341823480387,0.0170360067093,0.00339083001622,689,0.816555768328,-0.0963374330686,-0.81721460514,33.9330346966
DAVIS,385,positive_exp1_cluster_multiplier,ok,67,64,,64,67,,0.339644948326,0.214962695683,0.299650496244,0.124682252643,0.873300899307,177708,-0.472257536696,0.250177203523,0.207315795999,0.311391980375,0.0428614075247,0.0229544449359,4670,0.588172762276,-0.0818208451181,-0.850346454371,39.6756495219
DAVIS,386,positive_exp1_cluster_multiplier,ok,67,64,,64,67,,0.276744852382,0.187249781474,0.257063168046,0.0894950709086,0.739245171753,150429,-0.281918487306,0.27214134699,0.230908149981,0.331288467282,0.0412331970084,0.0265221878225,5396,0.589230258311,-0.0482618739002,-0.71272298393,30.5591958419
DAVIS,387,positive_exp1_cluster_multiplier,ok,67,64,,64,67,,0.326034511612,0.199264773588,0.294505373284,0.126769738023,0.77669664357,158050,-0.331047246961,0.244680345538,0.22322544466,0.32005054583,0.0214549008779,0.00882598653496,1795,0.778415920887,-0.105314837146,-0.767870657035,34.9562953209
DAVIS,388,positive_exp1_cluster_multiplier,ok,67,64,,64,67,,0.349025753275,0.199475879821,0.30172700432,0.149549873454,0.865816502039,176185,-0.462574364701,0.240167063717,0.226417235976,0.329191564177,0.0137498277408,0.000697822988845,141,0.866213401911,-0.135800045713,-0.865118679051,37.7475945558
DAVIS,389,positive_exp1_cluster_multiplier,ok,67,64,,64,67,,0.311869064062,0.190859382534,0.266515926416,0.121009681528,0.896279915475,182384,-0.599460870381,0.263670490025,0.242315253644,0.32953894022,0.0213552363813,0.00757776794928,1540,0.755167005436,-0.0996544451467,-0.888702147526,35.3498335873
DAVIS,390,positive_exp1_cluster_multiplier,ok,67,64,,64,67,,0.300593706247,0.180273659698,0.27288378511,0.120320046549,0.757663767261,154176,-0.299210491435,0.235335948017,0.219958620976,0.31706095536,0.0153773270411,0.00137598899209,277,0.841637926228,-0.104942719508,-0.756287778269,32.910027694
DAVIS,391,positive_exp1_cluster_multiplier,ok,67,64,,64,67,,0.337512381579,0.194069137613,0.282551012229,0.143443243965,0.919779841761,187166,-0.62115963963,0.259340996631,0.215409227529,0.326216336846,0.0439317691022,0.0197405277901,4008,0.60352932792,-0.0995114748633,-0.900039313971,38.1035517232
DAVIS,392,positive_exp1_cluster_multiplier,ok,67,64,,64,67,,0.298467358011,0.190306247768,0.269944563078,0.108161110243,0.809479581306,164719,-0.358154172669,0.292576061587,0.253867740602,0.351471073375,0.0387083209845,0.0298737038675,6079,0.603411892968,-0.0694527892586,-0.779605877439,32.9651786563
DAVIS,393,positive_exp1_cluster_multiplier,ok,67,64,,64,67,,0.300161421451,0.185057954088,0.267889912005,0.115103467363,0.824330433928,167742,-0.389602156678,0.261440056161,0.237003456652,0.33475986249,0.0244365995086,0.00863924517175,1755,0.75002559373,-0.0906668678542,-0.815691188756,37.3044314549
DAVIS,394,positive_exp1_cluster_multiplier,ok,67,64,,64,67,,0.337277170698,0.217241512843,0.314578044828,0.120035657855,0.730817239176,148713,-0.233202533594,0.260273042003,0.23171921941,0.322944654085,0.0285538225934,0.0150081085066,3053,0.686997133034,-0.091481835262,-0.71580913067,36.6780452318
DAVIS,395,positive_exp1_cluster_multiplier,ok,67,64,,64,67,,0.262426476836,0.172979255067,0.255358852774,0.0894472217693,0.582308712959,118494,-0.0857933791742,0.2704977761,0.245169217509,0.345379433692,0.0253285585912,0.0101970612807,2074,0.747245744437,-0.0641186631781,-0.572111651678,36.3175911552
DAVIS,396,positive_exp1_cluster_multiplier,ok,67,64,,64,67,,0.324753040951,0.193249032797,0.275626339805,0.131504008154,0.888171408914,180734,-0.596362067793,0.23969211209,0.201794081411,0.298887589412,0.0378980306799,0.0427195439579,8692,0.609674926163,-0.0936059774741,-0.845451864957,31.0854448251
DAVIS,397,positive_exp1_cluster_multiplier,ok,67,64,,64,67,,0.331176246879,0.215057318112,0.297974772831,0.116118928767,0.818300653595,166516,-0.4004159819,0.263151089616,0.228097057314,0.321155018047,0.0350540323026,0.056592461546,11515,0.62330968757,-0.0810648964648,-0.761708192049,38.4874136219
DAVIS,398,positive_exp1_cluster_multiplier,ok,67,64,,64,67,,0.342744681026,0.227594556547,0.301681533094,0.115150124479,0.868691336184,176770,-0.554255954908,0.251457645897,0.238867531865,0.320099907486,0.0125901140314,0.00106147722247,212,0.845011130904,-0.102560010448,-0.867629858961,38.8881181912
DAVIS,399,positive_exp1_cluster_multiplier,ok,67,64,,64,67,,0.330388826627,0.216654994843,0.304691639859,0.113733831784,0.754150081085,153462,-0.291891936168,0.25077546245,0.234565403245,0.319489695021,0.0162100592049,0.00563664062116,1146,0.809123410205,-0.0975237725792,-0.748513440464,35.0054896711
DAVIS,400,positive_exp1_cluster_multiplier,ok,67,64,,64,67,,0.331785165983,0.203837817674,0.288519360643,0.127947348309,0.87434763379,177921,-0.510923677382,0.239239542567,0.226248189435,0.323244801863,0.0129913531325,0.000874735859256,175,0.866063846899,-0.114955995176,-0.873472897931,39.4185018174
DAVIS,401,positive_exp1_cluster_multiplier,ok,67,64,,64,67,,0.323537628326,0.182537305237,0.280204491874,0.141000323088,0.875212541157,178097,-0.443681628838,0.260670470366,0.232714023258,0.353110099978,0.0279564471075,0.00209838321293,426,0.767796028996,-0.113043875981,-0.873114157944,37.4373561772
DAVIS,402,positive_exp1_cluster_multiplier,ok,67,64,,64,67,,0.330212604523,0.201149170401,0.292130848948,0.129063434122,0.83270922404,169448,-0.418565102147,0.257490862737,0.219460417962,0.324873291174,0.0380304447755,0.0138090323849,2809,0.639223904856,-0.0910329893464,-0.818900191656,40.6757515077
DAVIS,403,positive_exp1_cluster_multiplier,ok,67,64,,64,67,,0.314755493476,0.204607114084,0.285161831938,0.110148379392,0.776028306059,157914,-0.367373411841,0.255008620401,0.250736285268,0.352749763659,0.00427233513303,7.8627942405e-05,15,0.958119895523,-0.105876044259,-0.775949678117,29.7782345879
DAVIS,404,positive_exp1_cluster_multiplier,ok,67,64,,64,67,,0.335304284452,0.209679391535,0.294807529113,0.125624892917,0.870141038872,177065,-0.475715274542,0.259763995489,0.225858740391,0.324011410805,0.0339052550974,0.0287090274706,5840,0.654566147265,-0.0917196378198,-0.841432011401,28.3568480073
DAVIS,405,positive_exp1_cluster_multiplier,ok,67,64,,64,67,,0.309772551093,0.192533072326,0.276311623074,0.117239478766,0.823037987125,167480,-0.399397312559,0.272944252247,0.233289536956,0.339241382523,0.039654715291,0.0314315199764,6396,0.625728885811,-0.0775847634753,-0.791606467148,35.9732715676
DAVIS,406,positive_exp1_cluster_multiplier,ok,67,64,,64,67,,0.276458205492,0.141899355597,0.243464484472,0.134558849895,0.792550002457,161275,-0.324852844531,0.236442010381,0.206483021413,0.315392380659,0.0299589889687,0.00749914000688,1526,0.724918141323,-0.104599860926,-0.78505086245,31.8274752949
DAVIS,407,positive_exp1_cluster_multiplier,ok,67,64,,64,67,,0.26956029764,0.171249970738,0.241526518776,0.098310326902,0.778559142955,158429,-0.39890660038,0.242465363244,0.227229760878,0.320507992135,0.0152356023659,0.00180352842892,360,0.836664973589,-0.0830747245361,-0.776755614527,32.7569952337
DAVIS,408,positive_exp1_cluster_multiplier,ok,67,64,,64,67,,0.350417764498,0.1942671096,0.29553571753,0.156150654898,0.915411076711,186277,-0.541945308518,0.256880705653,0.244737510868,0.344834811718,0.0121431947851,0.000329254508821,65,0.878686091614,-0.144007460113,-0.915081822203,33.0958182579
DAVIS,409,positive_exp1_cluster_multiplier,ok,67,64,,64,67,,0.389280456401,0.242711435284,0.332244414772,0.146569021117,0.944994840041,192296,-0.637039468092,0.261798184554,0.24118227821,0.335595721824,0.0206159063447,0.00438350778908,891,0.781642258183,-0.125953114772,-0.940611332252,33.4628666601
DAVIS,410,positive_exp1_cluster_multiplier,ok,67,64,,64,67,,0.328319635989,0.198701002745,0.287016518242,0.129618633244,0.861074254263,175220,-0.467676800788,0.252954441052,0.224866749278,0.3191768893,0.028087691774,0.0200943535309,4088,0.702177392936,-0.10153094147,-0.840979900732,39.5581487696
DAVIS,411,positive_exp1_cluster_multiplier,ok,67,64,,64,67,,0.318980083056,0.197034524926,0.281616741333,0.121945558131,0.85227283896,173429,-0.441739922534,0.260274203912,0.242496976938,0.334684880197,0.0177772269741,0.0015086736449,305,0.807163127205,-0.104168331157,-0.850764165315,36.4865591943
DAVIS,412,positive_exp1_cluster_multiplier,ok,67,64,,64,67,,0.270991316351,0.165991999374,0.250870244723,0.104999316977,0.711912133274,144866,-0.23705805351,0.260439809071,0.246504406472,0.342958896611,0.0139354025993,0.00164627254411,332,0.855523547123,-0.0910639143777,-0.71026586073,38.1701869333
DAVIS,413,positive_exp1_cluster_multiplier,ok,67,64,,64,67,,0.31144570767,0.195023496724,0.286557736425,0.116422210946,0.719642242862,146440,-0.271897940342,0.255932680098,0.219335288844,0.325290884617,0.0365973912537,0.0209936606221,4272,0.654596899891,-0.0798248196922,-0.69864858224,29.201929111
DAVIS,414,positive_exp1_cluster_multiplier,ok,67,64,,64,67,,0.331239096905,0.180617895462,0.279716013826,0.150621201442,0.90749422576,184666,-0.519919892825,0.256977876498,0.228101308014,0.330583265262,0.0288765684838,0.0122708732616,2497,0.71822778117,-0.121744632959,-0.895223352499,36.3104958567
DAVIS,415,positive_exp1_cluster_multiplier,ok,67,64,,64,67,,0.319608323014,0.172585476694,0.273106251262,0.147022846321,0.898147329107,182764,-0.462611554195,0.282602258164,0.248210071917,0.339836355834,0.0343921862477,0.055953609514,11385,0.624647156064,-0.112630660073,-0.842193719593,33.4578025478
DAVIS,416,positive_exp1_cluster_multiplier,ok,67,64,,64,67,,0.316165381106,0.19724615665,0.282595840777,0.118919224456,0.849840286992,172933,-0.393317686791,0.274018344073,0.23919710558,0.330134861383,0.0348212384928,0.0340016708438,6918,0.617087114307,-0.0840979859635,-0.815838616148,36.9470066092
DAVIS,417,positive_exp1_cluster_multiplier,ok,67,64,,64,67,,0.301939734981,0.190941252993,0.277105908166,0.110998481988,0.746390486019,151882,-0.28821361572,0.253177000232,0.229598725758,0.330644687075,0.0235782744745,0.00443265025308,901,0.766657923117,-0.0874202075134,-0.741957835766,40.2195824841
DAVIS,418,positive_exp1_cluster_multiplier,ok,67,64,,64,67,,0.306788623604,0.171872390778,0.247020625807,0.134916232826,0.924861172539,188200,-0.795334684493,0.23467811444,0.227133987595,0.317810562169,0.00754412684475,0.000452110668829,90,0.916801810388,-0.127372105981,-0.92440906187,30.8426597475
DAVIS,419,positive_exp1_cluster_multiplier,ok,67,64,,64,67,,0.281139703681,0.16727801163,0.25131312332,0.113861692051,0.810654086196,164960,-0.354929978218,0.261241168468,0.238218315652,0.327140287859,0.0230228528158,0.00443265025308,899,0.741089269116,-0.0908388392354,-0.806221435943,33.1474442389
DAVIS,420,positive_exp1_cluster_multiplier,ok,67,64,,64,67,,0.366783926831,0.201812991779,0.311207287421,0.164970935051,0.908108506561,184790,-0.508039647622,0.241793185273,0.22198759559,0.330863284772,0.0198055896833,0.00147427392009,299,0.818089880008,-0.145165345368,-0.90663423264,35.0211329929
DAVIS,421,positive_exp1_cluster_multiplier,ok,67,64,,64,67,,0.326665687446,0.201083062058,0.294751352918,0.125582625388,0.796260258489,162030,-0.340716524609,0.23632736912,0.208775943001,0.309262005456,0.0275514261187,0.0105607155143,2146,0.725818432472,-0.0980311992694,-0.785699542975,34.1693741971
DAVIS,422,positive_exp1_cluster_multiplier,ok,67,64,,64,67,,0.255744621762,0.158242940669,0.234232055996,0.0975016810928,0.733004078825,149158,-0.283100621368,0.268502616868,0.227954444235,0.329108375115,0.0405481726329,0.0251068848592,5108,0.599143876266,-0.0569535084599,-0.707897193965,37.2661055849
DAVIS,423,positive_exp1_cluster_multiplier,ok,67,64,,64,67,,0.269108312445,0.15310423843,0.232485400067,0.116004074015,0.840419676643,171016,-0.46135520851,0.247892146397,0.219199330581,0.318018752375,0.0286928158161,0.00722885645486,1470,0.709643961732,-0.087311258199,-0.833190820188,34.5323912898
DAVIS,424,positive_exp1_cluster_multiplier,ok,67,64,,64,67,,0.315155982205,0.1625061018,0.264696603482,0.152649880406,0.921716054843,187560,-0.493777581015,0.262906805288,0.247313570029,0.346724810132,0.0155932352597,0.00133176077449,260,0.843144143021,-0.137056645146,-0.920384294069,33.1982560389
DAVIS,425,positive_exp1_cluster_multiplier,ok,67,64,,64,67,,0.311980849671,0.206408969953,0.29512043334,0.105571879717,0.678578799941,138084,-0.190059048599,0.2614251812,0.234698131587,0.331902306008,0.0267270496138,0.0117008206791,2380,0.725042162307,-0.0788448301035,-0.666877979262,32.3951303761
DAVIS,426,positive_exp1_cluster_multiplier,ok,67,64,,64,67,,0.288303452635,0.186423784796,0.262659804854,0.101879667839,0.771988795518,157092,-0.336371806417,0.265833552813,0.232589610257,0.335755556986,0.0332439425559,0.0170278637771,3464,0.67776244381,-0.0686357252835,-0.754960931741,37.5644805527
DAVIS,427,positive_exp1_cluster_multiplier,ok,67,64,,64,67,,0.332012269338,0.206706083998,0.291044531085,0.12530618534,0.898496240602,182835,-0.485754002697,0.271598466151,0.258072896428,0.348271133256,0.0135255697234,0.000805936409652,163,0.850046184947,-0.111780615617,-0.897690304192,33.1825310762
DAVIS,428,positive_exp1_cluster_multiplier,ok,67,64,,64,67,,0.31683290867,0.195246178049,0.277509978926,0.121586730622,0.880333185906,179138,-0.478010125044,0.270377054008,0.23544172826,0.32727782597,0.0349353257482,0.0416384097499,8466,0.619590481094,-0.0866514048736,-0.838694776156,35.5354462819
DAVIS,429,positive_exp1_cluster_multiplier,ok,67,64,,64,67,,0.260330028228,0.149249718343,0.222878399923,0.111080309885,0.872180451128,177480,-0.508655424793,0.247977191825,0.221231827899,0.317925972048,0.0267453639266,0.00668828935083,1359,0.723402444255,-0.0843349459584,-0.865492161777,30.7258325477
DAVIS,430,positive_exp1_cluster_multiplier,ok,67,64,,64,67,,0.279523120524,0.16845510351,0.252376282588,0.111068017014,0.773109243697,157320,-0.323480177871,0.24969489977,0.238550786794,0.335367645711,0.0111441129757,0.000353825740823,69,0.884894912928,-0.0999239040386,-0.772755417957,37.4417984632
DAVIS,431,positive_exp1_cluster_multiplier,ok,67,64,,64,67,,0.310111379625,0.179811916388,0.272890984246,0.130299463236,0.827903091061,168470,-0.399879330927,0.27780736328,0.248945805231,0.349409415418,0.0288615580491,0.0078873654725,1602,0.712716296027,-0.101437905187,-0.820015725588,39.3052107866
DAVIS,432,positive_exp1_cluster_multiplier,ok,67,64,,64,67,,0.351489368294,0.225403591353,0.310379108448,0.12608577694,0.883237505529,179730,-0.483789463733,0.292574152244,0.255139915431,0.343196657445,0.0374342368129,0.0585237603813,11906,0.574885057555,-0.0886515401275,-0.824713745147,39.5477058316
DAVIS,433,positive_exp1_cluster_multiplier,ok,67,64,,64,67,,0.348747342441,0.222901941568,0.30440828053,0.125845400873,0.888348321785,180769,-0.543995258222,0.255523305009,0.204566349121,0.304025614283,0.0509569558886,0.072318050027,14713,0.487660040462,-0.0748884449846,-0.816030271758,33.1187359516
DAVIS,434,positive_exp1_cluster_multiplier,ok,67,64,,64,67,,0.298018239929,0.148782494027,0.259031377792,0.149235745901,0.828060346946,168502,-0.353625912614,0.252498118821,0.223270234859,0.345220857435,0.0292278839621,0.00370534178584,753,0.760330178357,-0.120007861939,-0.82435500516,35.7841058173
DAVIS,435,positive_exp1_cluster_multiplier,ok,67,64,,64,67,,0.369451521121,0.192863138028,0.302028656139,0.176588383093,0.96057300113,195467,-0.61762052843,0.276160578951,0.23625906488,0.339264700204,0.0399015140709,0.0352351466903,7163,0.612627853364,-0.136686869022,-0.92533785444,33.5534131932
DAVIS,436,positive_exp1_cluster_multiplier,ok,67,64,,64,67,,0.305579899438,0.188182680962,0.272009527775,0.117397218476,0.858892328861,174775,-0.400472795282,0.290495960702,0.266247442159,0.360047267361,0.0242485185429,0.009341982407,1898,0.741486527392,-0.0931486999335,-0.849550346454,41.2672809157
DAVIS,437,positive_exp1_cluster_multiplier,ok,67,64,,64,67,,0.322707352558,0.193517015026,0.283690449695,0.129190337532,0.841780922895,171294,-0.432687331975,0.248705665545,0.231801057057,0.328342130075,0.0169046084871,0.00265369305617,538,0.824897238464,-0.112285729044,-0.839127229839,34.6918804029
DAVIS,438,positive_exp1_cluster_multiplier,ok,67,64,,64,67,,0.270265795163,0.176885453904,0.252016085629,0.0933803412585,0.72539191115,147610,-0.242906376734,0.244044633535,0.235364425066,0.333603177258,0.00868020846899,0.000186741363212,36,0.911641706808,-0.0847001327895,-0.725205169787,32.1516273686
DAVIS,439,positive_exp1_cluster_multiplier,ok,67,64,,64,67,,0.28839116916,0.167218769579,0.246406548288,0.121172399581,0.903366258784,183826,-0.530190662694,0.264221297396,0.238291150673,0.33390209808,0.025930146723,0.0093862106246,1910,0.728795211988,-0.0952422528577,-0.89398004816,24.2286544727
DAVIS,440,positive_exp1_cluster_multiplier,ok,67,64,,64,67,,0.316092990161,0.19430319272,0.280716181159,0.121789797441,0.837672612905,170457,-0.4093922643,0.266368786876,0.229175565967,0.328742918643,0.0371932209086,0.0417612659099,8497,0.626451643945,-0.0845965765324,-0.795911346995,33.4535233447
DAVIS,441,positive_exp1_cluster_multiplier,ok,67,64,,64,67,,0.293383149032,0.166939643168,0.255172649636,0.126443505864,0.840228021033,170978,-0.433063554402,0.257085318709,0.216162182401,0.322224516519,0.0409231363077,0.0148164528969,3008,0.614159572785,-0.0855203695567,-0.825411568136,33.9373929866
DAVIS,442,positive_exp1_cluster_multiplier,ok,67,64,,64,67,,0.32317030395,0.188456481759,0.279080284802,0.134713822191,0.885439087916,180178,-0.486516981922,0.233443670092,0.217117312612,0.321279691463,0.0163263574793,0.00115976215047,231,0.843260516327,-0.118387464712,-0.884279325765,33.3880910801
DAVIS,443,positive_exp1_cluster_multiplier,ok,67,64,,64,67,,0.318046519863,0.196202641017,0.275862465759,0.121843878846,0.879999017151,179070,-0.529552434261,0.24028758382,0.221387537368,0.316612306767,0.0189000464522,0.00131701803528,257,0.801521740913,-0.102943832394,-0.878681999115,32.7860262407
DAVIS,444,positive_exp1_cluster_multiplier,ok,67,64,,64,67,,0.314689540368,0.188256737061,0.279149955845,0.126432803307,0.807548282471,164328,-0.391003696404,0.246946614529,0.230335824454,0.320225224129,0.0166107900746,0.00375448424984,759,0.815208577044,-0.109822013233,-0.803793798221,39.1189300453
DAVIS,445,positive_exp1_cluster_multiplier,ok,67,64,,64,67,,0.328765241448,0.219385607735,0.306431675,0.109379633714,0.71666912379,145835,-0.256571803306,0.271517571127,0.233557791818,0.334246763748,0.0379597793092,0.0522679247137,10635,0.622999633608,-0.0714198544044,-0.664401199076,31.0296911968
DAVIS,446,positive_exp1_cluster_multiplier,ok,67,64,,64,67,,0.282117650049,0.189299136032,0.269870554358,0.0928185140162,0.647825445968,131826,-0.152002980024,0.258635615529,0.233215412913,0.334321945437,0.025420202616,0.00590200992678,1200,0.748580017716,-0.0673983114002,-0.641923436041,30.2958523336
DAVIS,447,positive_exp1_cluster_multiplier,ok,67,64,,64,67,,0.319931983293,0.196287235097,0.289550445907,0.123644748196,0.798343898963,162454,-0.32576122055,0.261715371315,0.243457224666,0.34344613712,0.0182581466492,0.00333185905941,677,0.817398287459,-0.105386601547,-0.795012039904,39.1226925377
DAVIS,448,positive_exp1_cluster_multiplier,ok,67,64,,64,67,,0.292717949661,0.176254135024,0.268359672866,0.116463814638,0.754862646813,153607,-0.264460502231,0.251912619061,0.235355349991,0.324538558779,0.0165572690698,0.00370042753944,751,0.814345443556,-0.0999065455678,-0.751162219274,35.4746106924
DAVIS,449,positive_exp1_cluster_multiplier,ok,67,64,,64,67,,0.295330886294,0.154553640314,0.243260899008,0.14077724598,0.898751781414,182887,-0.586986770337,0.246781886312,0.219194293351,0.30765715021,0.0275875929604,0.00590200992678,1200,0.68814490126,-0.11318965302,-0.892849771488,32.1900562949
DAVIS,450,positive_exp1_cluster_multiplier,ok,67,64,,64,67,,0.28321168775,0.159225410959,0.26119182252,0.123986276791,0.722423706325,147006,-0.215952144368,0.243803553486,0.214534431399,0.323039521137,0.0292691220876,0.00675217455403,1371,0.730251160033,-0.0947171547036,-0.715671531771,28.8799254548
DAVIS,451,positive_exp1_cluster_multiplier,ok,67,64,,64,67,,0.276857688298,0.160636867286,0.242601935828,0.116220821013,0.85011548479,172989,-0.417931114791,0.260796333229,0.25574707705,0.353081984531,0.00504925617905,0.000186741363212,36,0.948124919315,-0.111171564834,-0.849928743427,35.7800857648
DAVIS,452,positive_exp1_cluster_multiplier,ok,67,64,,64,67,,0.258383094997,0.167074574957,0.242176152061,0.0913085200401,0.680608383704,138496,-0.215800300889,0.26009278125,0.236165098279,0.341723344247,0.0239276829708,0.0031254607106,635,0.77332246523,-0.0673808370693,-0.677482922994,37.6321989468
DAVIS,453,positive_exp1_cluster_multiplier,ok,67,64,,64,67,,0.271847968883,0.153627520215,0.235294812846,0.118220448668,0.888485920684,180798,-0.447586235073,0.260561055416,0.251260380773,0.355136197949,0.00930067464283,0.000339083001622,64,0.910463523699,-0.108919774025,-0.888146837682,37.4277974066
DAVIS,454,positive_exp1_cluster_multiplier,ok,67,64,,64,67,,0.297364978922,0.191885435157,0.267827215033,0.105479543765,0.792540173964,161274,-0.388952746934,0.230900442241,0.195387172713,0.294447586656,0.0355132695279,0.0142955427785,2908,0.641498878167,-0.0699662742376,-0.778244631186,31.1184259103
DAVIS,455,positive_exp1_cluster_multiplier,ok,67,64,,64,67,,0.324093802852,0.211734552935,0.299105175766,0.112359249916,0.751059020099,152832,-0.286007198715,0.264300246749,0.225876699576,0.32940559285,0.0384235471729,0.0366307926679,7447,0.62886160609,-0.0739357027436,-0.714428227431,30.8789435381
DAVIS,456,positive_exp1_cluster_multiplier,ok,67,64,,64,67,,0.319114970255,0.187193159737,0.280502569792,0.131921810518,0.844070961718,171760,-0.41381035889,0.258300788546,0.203740451749,0.304508811607,0.0545603367964,0.0681851688044,13872,0.458556863747,-0.077361473722,-0.775885792914,35.4464781941
DAVIS,457,positive_exp1_cluster_multiplier,ok,67,64,,64,67,,0.349298043421,0.186009408256,0.294904498632,0.163288635165,0.858543417367,174704,-0.499504106209,0.224013931315,0.207315975745,0.303793255705,0.01669795557,0.00146935967369,298,0.826923441696,-0.146590679595,-0.857074057693,34.1236092885
DAVIS,458,positive_exp1_cluster_multiplier,ok,67,64,,64,67,,0.346839422856,0.199437710354,0.290076448177,0.147401712502,0.915927072583,186382,-0.626255131555,0.236939675495,0.234049409987,0.312983623409,0.00289026550843,0.000245712320016,49,0.963383868881,-0.144511446993,-0.915681360263,34.8617814514
DAVIS,459,positive_exp1_cluster_multiplier,ok,67,64,,64,67,,0.356884196227,0.215064470924,0.315071719491,0.141819725302,0.826138876603,168111,-0.418094461499,0.228558505099,0.192267139101,0.293295248306,0.0362913659978,0.0268563565777,5462,0.640779518856,-0.105528359305,-0.799282520026,27.1996059918
DAVIS,460,positive_exp1_cluster_multiplier,ok,67,64,,64,67,,0.364992490894,0.219464083853,0.310913203873,0.14552840704,0.928217602831,188883,-0.591359293658,0.253038938811,0.236534081658,0.325073513433,0.0165048571531,0.00180352842892,366,0.813587496303,-0.129023549887,-0.926414074402,32.6535064799
DAVIS,461,positive_exp1_cluster_multiplier,ok,67,64,,64,67,,0.293590203428,0.175984306327,0.267645691007,0.117605897101,0.799169492358,162623,-0.283047354262,0.258045375008,0.241877942833,0.33799435039,0.0161674321752,0.000697822988845,140,0.831793212148,-0.101438464926,-0.79847166937,37.5574870756
DAVIS,462,positive_exp1_cluster_multiplier,ok,67,64,,64,67,,0.355871842881,0.207870996341,0.301461329952,0.14800084654,0.929003882255,189043,-0.581368938748,0.248363584937,0.236417177697,0.336072244029,0.0119464072402,0.00144478844169,291,0.880122429496,-0.1360544393,-0.927559093813,38.5410670354
DAVIS,463,positive_exp1_cluster_multiplier,ok,67,64,,64,67,,0.323720223241,0.189054316313,0.281683391446,0.134665906928,0.840645731977,171062,-0.453818973521,0.245096417153,0.220571761084,0.317161104905,0.0245246560694,0.00951889527741,1936,0.74609356375,-0.110141250858,-0.8311268367,32.7530855656
DAVIS,464,positive_exp1_cluster_multiplier,ok,67,64,,64,67,,0.265900281698,0.159523075505,0.244740127524,0.106377206194,0.742591773552,151109,-0.248308920257,0.273014582184,0.235335043058,0.341444294644,0.0376795391255,0.0289350828051,5885,0.644898643968,-0.0686976670681,-0.713656690746,35.5991417305
DAVIS,465,positive_exp1_cluster_multiplier,ok,67,64,,64,67,,0.267006605887,0.13501924043,0.231964307518,0.131987365458,0.834842006978,169882,-0.361465512599,0.269132680167,0.229068662944,0.335400252218,0.0400640172233,0.0357462283159,7273,0.62321622862,-0.0919233482342,-0.799095778662,31.4246441248
DAVIS,466,positive_exp1_cluster_multiplier,ok,67,64,,64,67,,0.341612740911,0.218547511131,0.310875140697,0.12306522978,0.766258784215,155926,-0.332918762869,0.224244162774,0.204535751564,0.309732410207,0.0197084112097,0.00263403607057,531,0.812651737575,-0.10335681857,-0.763624748145,34.1165287969
DAVIS,467,positive_exp1_cluster_multiplier,ok,67,64,,64,67,,0.30325027457,0.171414923632,0.270462739223,0.131835350938,0.812703326945,165377,-0.33102734423,0.264670273861,0.249654825031,0.345604496735,0.0150154488296,0.00184284240012,370,0.843507032771,-0.116819902108,-0.810860484545,29.6866768235
DAVIS,468,positive_exp1_cluster_multiplier,ok,67,64,,64,67,,0.275985169865,0.177906368316,0.26756286211,0.0980788015489,0.597488820089,121583,-0.0939397404319,0.268880974117,0.233239900514,0.336168083295,0.035641073603,0.0314610054548,6399,0.653728719968,-0.0624377279459,-0.566027814635,26.905299125
DAVIS,469,positive_exp1_cluster_multiplier,ok,67,64,,64,67,,0.274927366682,0.170262854129,0.248864220425,0.104664512553,0.782298884466,159190,-0.331586427622,0.271509132799,0.249986307214,0.349098016245,0.0215228255847,0.00290431962259,590,0.782842755965,-0.083141686968,-0.779394564843,33.5673278936
DAVIS,470,positive_exp1_cluster_multiplier,ok,67,64,,64,67,,0.28688350968,0.162458741655,0.261316468433,0.124424768025,0.768032827166,156287,-0.258624612168,0.261683529743,0.240358448223,0.34017112502,0.0213250815192,0.00225563909774,458,0.786348966848,-0.103099686506,-0.765777188068,31.66212126
DAVIS,471,positive_exp1_cluster_multiplier,ok,67,64,,64,67,,0.338681144056,0.199169491606,0.28879813359,0.13951165245,0.918551280161,186916,-0.556552117287,0.260142494019,0.216373354849,0.316623804759,0.0437691391701,0.0378544400216,7696,0.563402067427,-0.0957425132795,-0.88069684014,34.9024103429
DAVIS,472,positive_exp1_cluster_multiplier,ok,67,64,,64,67,,0.349773016704,0.200932838695,0.301224882909,0.148840178008,0.90129736105,183405,-0.484067646398,0.293161804958,0.255385112702,0.348129042272,0.0377766922564,0.0473635068062,9637,0.592677467608,-0.111063485752,-0.853933854243,26.1651867338
DAVIS,473,positive_exp1_cluster_multiplier,ok,67,64,,64,67,,0.256791108755,0.184746206269,0.260400890523,0.0720449024864,0.453177060298,92217,0.0477139228461,0.261063336575,0.245225027085,0.33697251691,0.0158383094898,0.00169541500811,344,0.827370650467,-0.0562065929966,-0.45148164529,33.6553843835
DAVIS,474,positive_exp1_cluster_multiplier,ok,67,64,,64,67,,0.33639818538,0.197531776197,0.284877050398,0.138866409184,0.866386554622,176301,-0.589856010568,0.245240382488,0.228339121861,0.31998518816,0.0169012606267,0.00250135141776,507,0.815581166663,-0.121965148557,-0.863885203204,34.124589067
DAVIS,475,positive_exp1_cluster_multiplier,ok,67,64,,64,67,,0.377670078475,0.228462599975,0.333373523926,0.1492074785,0.878446115288,178755,-0.422230144211,0.238323958981,0.21310403477,0.308378875943,0.0252199242107,0.00852130325815,1732,0.73529292833,-0.123987554289,-0.86992481203,35.780535507
DAVIS,476,positive_exp1_cluster_multiplier,ok,67,64,,64,67,,0.260944158844,0.164562009951,0.238841756006,0.0963821488928,0.73930414271,150440,-0.297556252025,0.245007097334,0.211962142945,0.30310440867,0.0330449543891,0.0273477812178,5564,0.637435451859,-0.0633371945037,-0.711956361492,34.0747317888
DAVIS,477,positive_exp1_cluster_multiplier,ok,67,64,,64,67,,0.337750579175,0.209501981207,0.292429358349,0.128248597968,0.886726620473,180440,-0.546516993392,0.251730485066,0.23813745611,0.331478764308,0.0135930289554,0.00182809966092,370,0.854372847157,-0.114655569013,-0.884898520812,38.8380322088
DAVIS,478,positive_exp1_cluster_multiplier,ok,67,64,,64,67,,0.242054140112,0.168417769181,0.236789332768,0.0736363709314,0.565826330532,115140,-0.0770028805492,0.248134726133,0.239253736155,0.329376726302,0.00888098997838,0.000255540812816,50,0.901456998221,-0.064755380953,-0.565570789719,35.0321914845
DAVIS,479,positive_exp1_cluster_multiplier,ok,67,64,,64,67,,0.248133363421,0.148687713521,0.223347804021,0.0994456498996,0.825323111701,167945,-0.331978694833,0.292945605685,0.253627676495,0.351131304497,0.0393179291896,0.0330139073173,6717,0.596754192687,-0.06012772071,-0.792309204384,31.5632780759
DAVIS,480,positive_exp1_cluster_multiplier,ok,67,64,,64,67,,0.293674333897,0.180072884201,0.272408463022,0.113601449697,0.741540124822,150896,-0.230310690056,0.275939975469,0.244525881961,0.338347961333,0.0314140935082,0.0195636149197,3980,0.665173765937,-0.0821873561884,-0.721976509902,29.4357279967
DAVIS,481,positive_exp1_cluster_multiplier,ok,67,64,,64,67,,0.296769517006,0.179644948601,0.275719942362,0.117124568405,0.722644847413,147051,-0.219095248618,0.248369267647,0.222732176389,0.328186582727,0.0256370912577,0.00603469457959,1225,0.756889331154,-0.0914874771475,-0.716610152833,35.1232381525
DAVIS,482,positive_exp1_cluster_multiplier,ok,67,64,,64,67,,0.280063566235,0.181069753898,0.256326224655,0.0989938123372,0.78813700919,160378,-0.315419276786,0.272667517261,0.239677952559,0.332799495186,0.0329895647015,0.0321981424149,6549,0.645736488349,-0.0660042476358,-0.755938866775,34.8665192737
DAVIS,483,positive_exp1_cluster_multiplier,ok,67,64,,64,67,,0.327766561407,0.213229749026,0.300673865118,0.11453681238,0.800447196422,162883,-0.309828694028,0.268074105928,0.248809297066,0.34180370989,0.0192648088618,0.00210329745933,426,0.792839071973,-0.0952720035186,-0.798343898963,40.7494782972
DAVIS,484,positive_exp1_cluster_multiplier,ok,67,64,,64,67,,0.352125033943,0.20567508837,0.303380252909,0.146449945573,0.897130080102,182557,-0.49889666798,0.244677424033,0.231948590632,0.328865551139,0.0127288334013,0.000820679148853,164,0.868662478325,-0.133721112172,-0.896309400953,32.8691311282
DAVIS,485,positive_exp1_cluster_multiplier,ok,67,64,,64,67,,0.257233004831,0.157526472075,0.241315893095,0.0997065327563,0.681399577375,138658,-0.189965648916,0.285250511505,0.252505401568,0.357171446472,0.0327451099374,0.0111553393287,2269,0.687146772696,-0.0669614228189,-0.670244238046,34.2856623211
DAVIS,486,positive_exp1_cluster_multiplier,ok,67,64,,64,67,,0.304490920774,0.187193407084,0.25883333374,0.11729751369,0.864008059364,175817,-0.637320404484,0.23780328205,0.222122756617,0.321615682328,0.0156805254324,0.00239815224335,483,0.842395574153,-0.101616988258,-0.861609907121,28.1592148337
DAVIS,487,positive_exp1_cluster_multiplier,ok,67,64,,64,67,,0.271136334756,0.141423808776,0.243820574279,0.129712525981,0.751093419824,152839,-0.266763899652,0.250233632439,0.212777868057,0.313120995983,0.0374557643812,0.0330581355349,6724,0.626723173222,-0.0922567615994,-0.718035284289,28.0384181301
DAVIS,488,positive_exp1_cluster_multiplier,ok,67,64,,64,67,,0.293969407779,0.174646197283,0.261489022056,0.119323210496,0.84883286648,172729,-0.374013464063,0.274270844076,0.246396639795,0.345084306503,0.0278742042817,0.00657034743722,1336,0.717551288712,-0.0914490062147,-0.842262519043,39.364110187
DAVIS,489,positive_exp1_cluster_multiplier,ok,67,64,,64,67,,0.313258093268,0.192081368909,0.286995733473,0.12117672436,0.760224089636,154697,-0.276695312839,0.258449317081,0.226646894829,0.330091103277,0.0318024222517,0.0151260504202,3078,0.692564497047,-0.089374302108,-0.745098039216,33.8078480603
DAVIS,490,positive_exp1_cluster_multiplier,ok,67,64,,64,67,,0.355102048526,0.208875915593,0.306440932027,0.146226132933,0.88217111406,179513,-0.498755786423,0.25946328424,0.234324812119,0.332201913695,0.0251384721211,0.00760725342769,1548,0.743162887781,-0.121087660812,-0.874563860632,34.1377173845
DAVIS,491,positive_exp1_cluster_multiplier,ok,67,64,,64,67,,0.320308104246,0.182276000968,0.275250134756,0.138032103278,0.867448031844,176516,-0.484629086123,0.246397597765,0.221494257509,0.32386431277,0.0249033402559,0.00490441790751,997,0.756732179226,-0.113128763022,-0.862543613937,35.1094039913
DAVIS,492,positive_exp1_cluster_multiplier,ok,67,64,,64,67,,0.346168701979,0.194968573132,0.296330579943,0.151200128847,0.918222025652,186849,-0.491684444736,0.253005304972,0.245840278793,0.356887873817,0.00716502617903,0.000147427392009,25,0.935477880655,-0.144035102668,-0.91807459826,34.7312233604
DAVIS,493,positive_exp1_cluster_multiplier,ok,67,64,,64,67,,0.303215110209,0.181944074171,0.273033769106,0.121271036039,0.803887168903,163583,-0.331336504364,0.232014478687,0.21306297997,0.30390258351,0.0189514987169,0.0047078480515,951,0.791374048562,-0.102319537322,-0.799179320851,27.4339286686
DAVIS,494,positive_exp1_cluster_multiplier,ok,67,64,,64,67,,0.332754382554,0.19913196518,0.289690496444,0.133622417374,0.86666175242,176357,-0.475536490143,0.244202346751,0.223355119056,0.319757078868,0.0208472276945,0.00326305960981,659,0.783746847729,-0.11277518968,-0.86339869281,34.1387227018
DAVIS,495,positive_exp1_cluster_multiplier,ok,67,64,,64,67,,0.372903639511,0.242927661356,0.325383188029,0.129975978155,0.913956459777,185980,-0.576316147618,0.256111635407,0.219839521213,0.31588133797,0.0362721141944,0.0302521008403,6153,0.622329986883,-0.0937038639601,-0.883704358937,33.8201736331
DAVIS,496,positive_exp1_cluster_multiplier,ok,67,64,,64,67,,0.285115469266,0.152145902092,0.240617167597,0.132969567174,0.849476632758,172860,-0.502968974333,0.242353141359,0.221479502165,0.322685760728,0.0208736391945,0.00530738611234,1080,0.793751498269,-0.112095927979,-0.844169246646,30.8370932699
DAVIS,497,positive_exp1_cluster_multiplier,ok,67,64,,64,67,,0.321524251428,0.190206130308,0.283555735271,0.13131812112,0.826409160155,168166,-0.406734620581,0.24723459538,0.210754604147,0.310244621923,0.0364799912331,0.0347928645142,7073,0.633330136544,-0.0948381298867,-0.791616295641,33.8996823888
DAVIS,498,positive_exp1_cluster_multiplier,ok,67,64,,64,67,,0.338133190758,0.221023383974,0.297340376757,0.117109806785,0.875708880043,178198,-0.534518100276,0.291234304908,0.252063887473,0.340977239463,0.0391704174344,0.063270922404,12874,0.559454046464,-0.0779393893503,-0.812437957639,28.7297695851
DAVIS,499,positive_exp1_cluster_multiplier,ok,67,64,,64,67,,0.347791169008,0.203606411913,0.299074223088,0.144184757095,0.896304486707,182389,-0.510297086733,0.264699105627,0.230988487664,0.335093281974,0.0337106179631,0.0139810310089,2845,0.676185730094,-0.110474139132,-0.882323455698,29.4373760045
PKIS2,0,positive_exp1_cluster_multiplier,ok,644,338,,338,644,,0.433216309249,0.32274491219,0.379143479589,0.110471397059,0.984028699199,200240,-0.958762467794,0.425490696405,0.393657521747,0.445544215806,0.031833174658,0.112826183105,22954,0.386486743184,-0.0786382224009,-0.871202516094,355.560250378
PKIS2,1,positive_exp1_cluster_multiplier,ok,644,338,,338,644,,0.424591098065,0.309334747568,0.366127784114,0.115256350497,0.985778170917,200596,-1.02940989788,0.424568888997,0.388019640585,0.445836458452,0.0365492484123,0.145220895376,29550,0.367843998324,-0.0787071020844,-0.840557275542,308.630843857
PKIS2,2,positive_exp1_cluster_multiplier,ok,644,338,,338,644,,0.421141835797,0.318152596763,0.373265283812,0.102989239034,0.970573492555,197502,-0.868702916662,0.393336441259,0.373976711206,0.436290458392,0.019359730053,0.00534670008354,1083,0.689318474219,-0.0836295089814,-0.965226792471,340.57489376
PKIS2,3,positive_exp1_cluster_multiplier,ok,644,338,,338,644,,0.407545803591,0.292993720005,0.349821813526,0.114552083586,0.991798122758,201821,-1.01576502901,0.412389403576,0.395940072763,0.445972299694,0.0164493308137,0.0140547447049,2859,0.671225291723,-0.0981027527723,-0.977743378053,310.07358059
PKIS2,4,positive_exp1_cluster_multiplier,ok,644,338,,338,644,,0.421119457247,0.301097689654,0.364585305353,0.120021767593,0.97952233525,199323,-0.890475272571,0.390872867902,0.366903473255,0.432720355696,0.0239693946473,0.0144478844169,2939,0.635816924805,-0.0960523729455,-0.965074450833,338.733417618
PKIS2,5,positive_exp1_cluster_multiplier,ok,644,338,,338,644,,0.42277137044,0.293078866855,0.352175273235,0.129692503584,0.99292839943,202051,-1.19459204932,0.400342154134,0.374039576195,0.429086292964,0.0263025779383,0.0713155437614,14504,0.522177170911,-0.103389925646,-0.921612855669,335.444077338
PKIS2,6,positive_exp1_cluster_multiplier,ok,644,338,,338,644,,0.432449975253,0.297339022101,0.363307668355,0.135110953152,0.985930512556,200627,-1.04810862165,0.386954121305,0.349663894246,0.418938330952,0.037290227059,0.068843677822,14006,0.461702919114,-0.0978207260927,-0.917086834734,300.954821244
PKIS2,7,positive_exp1_cluster_multiplier,ok,644,338,,338,644,,0.415896243064,0.29900365254,0.360543216998,0.116892590524,0.980480613298,199518,-0.899470552849,0.410711285811,0.379114394038,0.440294591396,0.0315968917728,0.0633593788393,12891,0.483543807682,-0.0852956987509,-0.917121234459,308.663260175
PKIS2,8,positive_exp1_cluster_multiplier,ok,644,338,,338,644,,0.426757430524,0.306847221759,0.365780091925,0.119910208766,0.993645879404,202197,-1.03469147909,0.413338812416,0.384262574152,0.442040743971,0.0290762382643,0.0464494569758,9449,0.496760829297,-0.0908339705015,-0.947196422429,298.059795924
PKIS2,9,positive_exp1_cluster_multiplier,ok,644,338,,338,644,,0.441592898819,0.30208714965,0.369089705311,0.13950574917,0.993989876652,202267,-1.08209594086,0.400715538778,0.375856855793,0.431301182182,0.0248586829852,0.0547201336675,11132,0.551646045601,-0.114647066185,-0.939269742985,287.532155623
PKIS2,10,positive_exp1_cluster_multiplier,ok,644,338,,338,644,,0.438461626172,0.320928282744,0.379331223815,0.117533343428,0.988947859846,201241,-1.01245590158,0.416719055854,0.38991532322,0.443390918755,0.0268037326338,0.0476288761118,9685,0.498767010155,-0.0907296107941,-0.941318983734,338.074235287
PKIS2,11,positive_exp1_cluster_multiplier,ok,644,338,,338,644,,0.413491289851,0.284677319895,0.351648305661,0.128813969957,0.988785689714,201208,-0.923429504323,0.399230845283,0.381311090935,0.439596235135,0.0179197543477,0.0170180352843,3458,0.692550227102,-0.110894215609,-0.97176765443,333.226271797
PKIS2,12,positive_exp1_cluster_multiplier,ok,644,338,,338,644,,0.392473709796,0.279684521701,0.338871981946,0.112789188095,0.971851196619,197762,-0.905626422035,0.403895152389,0.37387507438,0.432054587424,0.0300200780085,0.0698756695661,14219,0.484009465911,-0.0827691100861,-0.901975527053,314.934646922
PKIS2,13,positive_exp1_cluster_multiplier,ok,644,338,,338,644,,0.433261032004,0.305334265322,0.367123969186,0.127926766682,0.986289252543,200700,-1.07035733598,0.393599081436,0.369823390631,0.433013535102,0.023775690805,0.0170032925451,3455,0.623743686555,-0.104151075877,-0.969285959998,309.931779733
PKIS2,14,positive_exp1_cluster_multiplier,ok,644,338,,338,644,,0.394580693495,0.285727908973,0.337666118543,0.108852784521,0.983984470981,200231,-1.09581318692,0.394932981359,0.376226041766,0.432943491619,0.0187069395931,0.0139318885449,2832,0.670173118826,-0.0901458449283,-0.970052582436,345.363905518
PKIS2,15,positive_exp1_cluster_multiplier,ok,644,338,,338,644,,0.4184284829,0.290407763133,0.3488423823,0.128020719767,0.989650597081,201384,-1.1908368976,0.398396576793,0.356234658246,0.419603131713,0.0421619185468,0.147840188707,30083,0.334654659648,-0.0858588012203,-0.841810408374,331.232609066
PKIS2,16,positive_exp1_cluster_multiplier,ok,644,338,,338,644,,0.419406435446,0.29525742664,0.357590543891,0.124149008807,0.983438989631,200120,-0.991702232806,0.393430865823,0.364361768562,0.419950274767,0.0290690972612,0.0619342473832,12602,0.477066407325,-0.0950799115454,-0.921504742248,305.206722298
PKIS2,17,positive_exp1_cluster_multiplier,ok,644,338,,338,644,,0.423894124651,0.299996397107,0.360707846042,0.123897727544,0.989340999558,201321,-1.04076380514,0.408341230131,0.367761579686,0.432126521529,0.0405796504448,0.112536242567,22893,0.369537992533,-0.0833180770996,-0.876804756991,312.637605768
PKIS2,18,positive_exp1_cluster_multiplier,ok,644,338,,338,644,,0.398048592991,0.268931621919,0.340687911371,0.129116971072,0.985773256671,200595,-0.799381936528,0.406360403031,0.376404218438,0.441509661347,0.0299561845935,0.0503071404,10236,0.539882024377,-0.0991607864783,-0.935466116271,343.171164851
PKIS2,19,positive_exp1_cluster_multiplier,ok,644,338,,338,644,,0.420361631473,0.30352428181,0.369488660189,0.116837349663,0.970563664062,197500,-0.77121883862,0.406601892418,0.37659803223,0.442158417877,0.0300038601884,0.0355398299671,7229,0.542347716655,-0.0868334894749,-0.935023834095,341.897146573
PKIS2,20,positive_exp1_cluster_multiplier,ok,644,338,,338,644,,0.39768031845,0.290294455491,0.347173694782,0.107385862959,0.973536783134,198105,-0.887962361983,0.406211060753,0.382574176551,0.43882552207,0.0236368842017,0.0362425672023,7370,0.579798776655,-0.0837489787578,-0.937294215932,314.225399584
PKIS2,21,positive_exp1_cluster_multiplier,ok,644,338,,338,644,,0.430702434968,0.313416960243,0.365833421767,0.117285474725,0.989080544499,201268,-1.23756948322,0.400310614182,0.381188464317,0.430897808576,0.019122149865,0.0318099169492,6470,0.615320818448,-0.0981633248601,-0.957270627549,350.463348772
PKIS2,22,positive_exp1_cluster_multiplier,ok,644,338,,338,644,,0.423572445808,0.315060315575,0.372360991843,0.108512130233,0.970824119121,197553,-0.893732104064,0.401205035648,0.380514396128,0.439397197554,0.0206906395206,0.0190377905548,3873,0.648613194017,-0.0878214907124,-0.951786328567,323.619987601
PKIS2,23,positive_exp1_cluster_multiplier,ok,644,338,,338,644,,0.427381261174,0.296351612302,0.365102044807,0.131029648872,0.987222959359,200890,-0.905873811948,0.401893542275,0.38107538933,0.441084198523,0.020818152945,0.0211853162318,4304,0.653081718749,-0.110211495927,-0.966037643127,370.401644289
PKIS2,24,positive_exp1_cluster_multiplier,ok,644,338,,338,644,,0.390125621593,0.267378960736,0.341929652011,0.122746660856,0.959752321981,195300,-0.646485884411,0.393906871589,0.357692487108,0.430351999679,0.0362143844805,0.0518158140449,10541,0.501587841714,-0.0865322763757,-0.907936507937,285.021864441
PKIS2,25,positive_exp1_cluster_multiplier,ok,644,338,,338,644,,0.428546946368,0.302256717615,0.361713452171,0.126290228753,0.997130080102,202906,-1.12406937071,0.41055269451,0.374151112537,0.434250201765,0.036401581973,0.118787163988,24169,0.394307260887,-0.0898886467799,-0.878342916114,322.326514048
PKIS2,26,positive_exp1_cluster_multiplier,ok,644,338,,338,644,,0.408581042193,0.302876583577,0.357055721017,0.105704458616,0.973757924222,198150,-0.951017746157,0.396219223217,0.358212030277,0.428884475877,0.0380071929395,0.0661408423018,13456,0.46220634341,-0.0676972656768,-0.90761708192,321.946287912
PKIS2,27,positive_exp1_cluster_multiplier,ok,644,338,,338,644,,0.422211652437,0.303227364506,0.365335359701,0.118984287932,0.984082755909,200251,-0.915764428676,0.408340078193,0.38281355707,0.442941598454,0.0255265211222,0.0376726129048,7663,0.575463951018,-0.0934577668095,-0.946410143005,335.01084529
PKIS2,28,positive_exp1_cluster_multiplier,ok,644,338,,338,644,,0.428131213669,0.309665785752,0.369566826315,0.118465427917,0.989149343948,201282,-0.977685642913,0.410518726944,0.37961916869,0.437338042584,0.0308995582542,0.0480072730847,9766,0.464654173421,-0.0875658696626,-0.941142070863,344.27548867
PKIS2,29,positive_exp1_cluster_multiplier,ok,644,338,,338,644,,0.422691418348,0.299719799122,0.356084192,0.122971619226,0.995429750848,202560,-1.18172525146,0.388665423755,0.369032069735,0.423141624541,0.0196333540207,0.0180795125068,3671,0.637155506248,-0.103338265205,-0.977350238341,364.441776258
PKIS2,30,positive_exp1_cluster_multiplier,ok,644,338,,338,644,,0.421391201116,0.302060502479,0.361474007397,0.119330698637,0.992284633152,201919,-1.008477682,0.415868010641,0.382104535804,0.445934409576,0.0337634748375,0.0650793650794,13240,0.471039611358,-0.0855672237994,-0.927205268072,298.065618391
PKIS2,31,positive_exp1_cluster_multiplier,ok,644,338,,338,644,,0.439562092211,0.313803957933,0.377497382502,0.125758134277,0.989336085311,201320,-0.974428838281,0.405592922594,0.384262907525,0.440212111553,0.0213300150684,0.0173571182859,3531,0.618761063018,-0.104428119209,-0.971978967025,354.394935138
PKIS2,32,positive_exp1_cluster_multiplier,ok,644,338,,338,644,,0.4452146267,0.303423679401,0.367394999447,0.141790947299,0.997936016512,203070,-1.21647680862,0.419159444349,0.394884468163,0.449095254212,0.024274976186,0.050405425328,10234,0.552211322596,-0.117515971113,-0.947530591184,325.189459541
PKIS2,33,positive_exp1_cluster_multiplier,ok,644,338,,338,644,,0.444105839094,0.334770588839,0.386102678461,0.109335250256,0.988589119858,201168,-1.12995907745,0.426458085287,0.40052775227,0.455274264884,0.025930333017,0.0457516339869,9309,0.526356442094,-0.0834049172388,-0.942837485872,297.421322851
PKIS2,34,positive_exp1_cluster_multiplier,ok,644,338,,338,644,,0.416464479398,0.311249157478,0.363407813362,0.10521532192,0.979871246744,199394,-1.01721689596,0.409642531278,0.372107411802,0.432897810069,0.0375351194761,0.113868003342,23164,0.382548551321,-0.0676802024443,-0.866003243403,339.114626048
PKIS2,35,positive_exp1_cluster_multiplier,ok,644,338,,338,644,,0.439243078952,0.311549936809,0.372101383074,0.127693142143,0.99175389454,201812,-1.10883719579,0.405741447989,0.382152672432,0.436227148095,0.0235887755574,0.0498697724704,10145,0.563772458854,-0.104104366585,-0.94188412207,340.066417167
PKIS2,36,positive_exp1_cluster_multiplier,ok,644,338,,338,644,,0.425003709009,0.311906798492,0.372057169369,0.113096910517,0.973792323947,198157,-0.880236295592,0.408568947682,0.375026853346,0.443412002821,0.0335420943363,0.0394663128409,8028,0.509512012566,-0.0795548161806,-0.934326011106,322.979765968
PKIS2,37,positive_exp1_cluster_multiplier,ok,644,338,,338,644,,0.413746483678,0.298941519272,0.361930556122,0.114804964406,0.982485625829,199926,-0.822618191146,0.417952811436,0.382595786658,0.44240704579,0.0353570247788,0.110998083444,22584,0.40885670538,-0.079447939627,-0.871487542385,381.63032117
PKIS2,38,positive_exp1_cluster_multiplier,ok,644,338,,338,644,,0.417619567827,0.296745868966,0.354525383641,0.120873698861,0.987665241535,200980,-1.09198189948,0.391030466268,0.366077442106,0.424980298676,0.0249530241612,0.0166543810507,3388,0.576369880605,-0.0959206746995,-0.971010860485,360.378451656
PKIS2,39,positive_exp1_cluster_multiplier,ok,644,338,,338,644,,0.391066609726,0.284077805574,0.347955623535,0.106988804152,0.948857437712,193083,-0.674897602443,0.395225333337,0.376734862767,0.435728444176,0.0184904705701,0.0159025013514,3229,0.686568095572,-0.0884983335817,-0.932954936361,311.014724063
PKIS2,40,positive_exp1_cluster_multiplier,ok,644,338,,338,644,,0.403375275833,0.292994906468,0.356984756301,0.110380369365,0.960966140842,195547,-0.724966844781,0.393519848959,0.373085259554,0.432606664273,0.0204345894049,0.0126541844808,2574,0.656685027823,-0.0899457799598,-0.948311956361,316.363125685
PKIS2,41,positive_exp1_cluster_multiplier,ok,644,338,,338,644,,0.415465476752,0.309613392096,0.368443607196,0.105852084656,0.977600864907,198932,-0.799280938802,0.395500478861,0.384484235051,0.438328366854,0.0110162438105,0.00128261831048,256,0.795404931947,-0.0948358408456,-0.976318246597,372.079709221
PKIS2,42,positive_exp1_cluster_multiplier,ok,644,338,,338,644,,0.418234947947,0.296422663456,0.36272408488,0.121812284491,0.98092780972,199609,-0.837249969512,0.413203953858,0.381214632832,0.440845063841,0.0319893210263,0.0731682146543,14882,0.46354033528,-0.0898229634648,-0.907759595066,330.059947963
PKIS2,43,positive_exp1_cluster_multiplier,ok,644,338,,338,644,,0.438519419832,0.305449607682,0.363855205483,0.13306981215,0.995292151948,202532,-1.27837428537,0.405947566483,0.385497537812,0.442326847042,0.0204500286705,0.0116221927367,2362,0.640149969306,-0.11261978348,-0.983669959212,324.699972194
PKIS2,44,positive_exp1_cluster_multiplier,ok,644,338,,338,644,,0.410474547512,0.272922693229,0.341523573257,0.137551854283,0.991439382771,201748,-1.00510334892,0.3829357528,0.357477704021,0.419063675562,0.025458048779,0.0410192147034,8342,0.586625847704,-0.112093805504,-0.950420168067,283.192331552
PKIS2,45,positive_exp1_cluster_multiplier,ok,644,338,,338,644,,0.422942102726,0.311085893045,0.372416637695,0.111856209681,0.980878667256,199599,-0.823819526721,0.413951150974,0.393223605347,0.454402882156,0.0207275456272,0.0180303700428,3668,0.661199891395,-0.091128664054,-0.962848297214,336.406754789
PKIS2,46,positive_exp1_cluster_multiplier,ok,644,338,,338,644,,0.459634954835,0.334314575495,0.391463666243,0.12532037934,0.995660720429,202607,-1.19286742273,0.405608986851,0.394793346637,0.450042041297,0.0108156402143,0.00165610103691,334,0.804237180971,-0.114504739126,-0.994004619392,316.556629493
PKIS2,47,positive_exp1_cluster_multiplier,ok,644,338,,338,644,,0.408130145766,0.304863983251,0.365487282401,0.103266162515,0.953236031255,193974,-0.703407171231,0.415375841601,0.380944697559,0.442296997296,0.034431144042,0.094058676102,19133,0.438796195257,-0.0688350184729,-0.859177355153,362.326510875
PKIS2,48,positive_exp1_cluster_multiplier,ok,644,338,,338,644,,0.416391343269,0.298475150479,0.357526294873,0.117916192791,0.981537176274,199733,-0.996848562386,0.394519996631,0.363862277004,0.43198852488,0.0306577196276,0.0284141726866,5779,0.549986670578,-0.0872584731631,-0.953123003587,326.923191329
PKIS2,49,positive_exp1_cluster_multiplier,ok,644,338,,338,644,,0.449167781216,0.330293882262,0.387064538404,0.118873898955,0.986589021574,200761,-1.09393209508,0.409127114879,0.380069491644,0.435865763253,0.0290576232347,0.0639834881321,13019,0.479219266866,-0.0898162757199,-0.922605533441,327.167851211
PKIS2,50,positive_exp1_cluster_multiplier,ok,644,338,,338,644,,0.413503937984,0.304795709511,0.362723258421,0.108708228473,0.960376431274,195427,-0.876623998755,0.376639971177,0.353467694999,0.418795783335,0.023172276178,0.0146002260553,2968,0.645293827383,-0.0855359522949,-0.945776205219,344.064211776
PKIS2,51,positive_exp1_cluster_multiplier,ok,644,338,,338,644,,0.414872850973,0.295959425147,0.361854490276,0.118913425827,0.977109440267,198832,-0.804587727363,0.406994921968,0.37192786116,0.438890798283,0.0350670608077,0.0664258685931,13516,0.476321345589,-0.0838463650193,-0.910683571674,310.050683642
PKIS2,52,positive_exp1_cluster_multiplier,ok,644,338,,338,644,,0.441965684225,0.307229761587,0.367434004546,0.134735922638,0.996574770259,202793,-1.23798051459,0.409768716761,0.37675902584,0.439564461932,0.0330096909217,0.0709961177453,14446,0.474413474765,-0.101726231717,-0.925578652514,349.386423472
PKIS2,53,positive_exp1_cluster_multiplier,ok,644,338,,338,644,,0.398399857085,0.284076855991,0.352829668016,0.114323001094,0.932065457762,189666,-0.66281200326,0.382820023845,0.357872871009,0.420694310423,0.024947152836,0.0231067865743,4699,0.602887914244,-0.0893758482581,-0.908958671188,325.127463174
PKIS2,54,positive_exp1_cluster_multiplier,ok,644,338,,338,644,,0.417752261747,0.306612705172,0.361088843139,0.111139556575,0.982008943928,199829,-1.04015116934,0.403892738702,0.373813095799,0.431230830647,0.0300796429031,0.061919504644,12595,0.476126270342,-0.0810599136722,-0.920089439284,330.214637918
PKIS2,55,positive_exp1_cluster_multiplier,ok,644,338,,338,644,,0.414459444064,0.297577677318,0.351549116681,0.116881766746,0.993036512851,202073,-1.1656225612,0.407864903873,0.374720408816,0.429293601165,0.0331444950566,0.0999852572608,20341,0.392659772496,-0.0837372716894,-0.89305125559,332.876818338
PKIS2,56,positive_exp1_cluster_multiplier,ok,644,338,,338,644,,0.437116838612,0.320808339035,0.374910662017,0.116308499577,0.988731633004,201197,-1.1497875353,0.418008174538,0.392168410762,0.447738680377,0.0258397637758,0.0501498845152,10197,0.535007406748,-0.0904687358015,-0.938581748489,343.168320782
PKIS2,57,positive_exp1_cluster_multiplier,ok,644,338,,338,644,,0.427139579718,0.299570593696,0.357037865851,0.127568986022,0.996604255737,202799,-1.21985455789,0.400086724367,0.375111257931,0.437026633848,0.024975466436,0.0231166150671,4701,0.596619320057,-0.102593519586,-0.97348764067,347.504197092
PKIS2,58,positive_exp1_cluster_multiplier,ok,644,338,,338,644,,0.397644099833,0.269732729217,0.335516252071,0.127911370616,0.992127377267,201888,-0.944428712031,0.399698957999,0.376303121319,0.435118903251,0.0233958366804,0.0237849525775,4837,0.602218385751,-0.104515533935,-0.968342424689,332.230125691
PKIS2,59,positive_exp1_cluster_multiplier,ok,644,338,,338,644,,0.392697226233,0.284636402933,0.34431467564,0.108060823301,0.969605386014,197305,-0.810723038683,0.397470216706,0.375304507121,0.432517453774,0.0221657095845,0.0210182318541,4276,0.612575284416,-0.085895113716,-0.94858715416,339.632997812
PKIS2,60,positive_exp1_cluster_multiplier,ok,644,338,,338,644,,0.415224226776,0.285896913669,0.356817441194,0.129327313107,0.97669664357,198748,-0.823552610499,0.383115540618,0.365657821711,0.42996027852,0.0174577189076,0.00757776794928,1537,0.728506191306,-0.1118695942,-0.96911887562,319.775434415
PKIS2,61,positive_exp1_cluster_multiplier,ok,644,338,,338,644,,0.434986851469,0.319806766159,0.375134348086,0.11518008531,0.987370386751,200920,-1.08178418971,0.41365584157,0.373865183418,0.43999262166,0.0397906581527,0.0861319966583,17524,0.398273104019,-0.0753894271575,-0.901238390093,317.328083467
PKIS2,62,positive_exp1_cluster_multiplier,ok,644,338,,338,644,,0.406472770445,0.297467245212,0.358877831271,0.109005525233,0.980741068357,199571,-0.775028252111,0.409703686885,0.38982903276,0.449080044899,0.019874654125,0.0110521401543,2246,0.664568529595,-0.0891308711076,-0.969688928203,321.322040999
PKIS2,63,positive_exp1_cluster_multiplier,ok,644,338,,338,644,,0.414184095996,0.304316352807,0.359429078161,0.109867743189,0.971733254705,197738,-0.99350952951,0.402499822116,0.376060268586,0.437038669408,0.0264395535297,0.0350926335446,7140,0.566411168986,-0.0834281896594,-0.936640621161,347.488693425
PKIS2,64,positive_exp1_cluster_multiplier,ok,644,338,,338,644,,0.394219978243,0.290566562428,0.354073046291,0.103653415816,0.950474224778,193412,-0.632170599129,0.39187097772,0.354914194736,0.421329258871,0.0369567829838,0.0577374809573,11746,0.443548184959,-0.0666966328318,-0.89273674382,288.73700031
PKIS2,65,positive_exp1_cluster_multiplier,ok,644,338,,338,644,,0.406968899761,0.313323281028,0.366739982693,0.0936456187323,0.951142562288,193548,-0.753114958704,0.415136382586,0.376552035783,0.43663627179,0.0385843468034,0.115843530395,23570,0.357829118466,-0.0550612719288,-0.835299031893,304.412503532
PKIS2,66,positive_exp1_cluster_multiplier,ok,644,338,,338,644,,0.413870088529,0.278917592524,0.346833065034,0.134952496005,0.992161776991,201895,-0.987065553943,0.395627334997,0.366316528571,0.435925012896,0.0293108064268,0.0318541451668,6479,0.578919054039,-0.105641689578,-0.960307631825,320.691037442
PKIS2,67,positive_exp1_cluster_multiplier,ok,644,338,,338,644,,0.426486029473,0.320578514509,0.374287079248,0.105907514964,0.991925893164,201846,-0.971892480804,0.415396657372,0.400373264987,0.451054167829,0.0150233923849,0.012275787508,2487,0.70356896696,-0.0908841225786,-0.979650105656,302.480878444
PKIS2,68,positive_exp1_cluster_multiplier,ok,644,338,,338,644,,0.429896989669,0.308098809851,0.36796805158,0.121798179819,0.98954248366,201362,-1.03440324782,0.413270363735,0.36799602588,0.430213729801,0.0452743378548,0.205558012679,41824,0.272323872442,-0.076523841964,-0.783984470981,322.956543931
PKIS2,69,positive_exp1_cluster_multiplier,ok,644,338,,338,644,,0.422845753651,0.302515075275,0.364765827189,0.120330678377,0.991581895916,201777,-0.932999597209,0.420709253965,0.392302895838,0.452921091104,0.0284063581271,0.0536193424738,10910,0.5313889171,-0.0919243202494,-0.937962553442,298.520625622
PKIS2,70,positive_exp1_cluster_multiplier,ok,644,338,,338,644,,0.411434215784,0.290773302444,0.358044158767,0.120660913341,0.965831244779,196537,-0.793658055454,0.391740588291,0.35983705332,0.429880645463,0.0319035349707,0.0273723524498,5567,0.544518863263,-0.0887573783699,-0.938458892329,349.545236273
PKIS2,71,positive_exp1_cluster_multiplier,ok,644,338,,338,644,,0.42337351891,0.289185720081,0.354225857517,0.134187798829,0.991690009337,201799,-1.06315367893,0.395208070606,0.358425448948,0.421732376903,0.036782621658,0.0885645486265,18017,0.418979520155,-0.0974051771708,-0.903125460711,351.107364943
PKIS2,72,positive_exp1_cluster_multiplier,ok,644,338,,338,644,,0.41357284899,0.311255234483,0.371628799699,0.102317614507,0.938355693154,190946,-0.694741964312,0.393170121465,0.37852569402,0.43526327566,0.0146444274445,0.00732714138287,1488,0.741891934391,-0.0876731870624,-0.931028551772,310.311983146
PKIS2,73,positive_exp1_cluster_multiplier,ok,644,338,,338,644,,0.43703308353,0.323041345123,0.380387763704,0.113991738407,0.98075089685,199573,-0.987774323626,0.404485258731,0.37758935304,0.433610214509,0.0268959056906,0.0393434566809,8003,0.519894821588,-0.0870958327168,-0.941407440169,295.473745189
PKIS2,74,positive_exp1_cluster_multiplier,ok,644,338,,338,644,,0.426168524134,0.309779325986,0.369654699027,0.116389198149,0.979935131948,199407,-0.943857586799,0.414713824796,0.380530043486,0.441461362433,0.03418378131,0.0684063098924,13920,0.438978477726,-0.0822054168388,-0.911528822055,348.17109458
PKIS2,75,positive_exp1_cluster_multiplier,ok,644,338,,338,644,,0.410833041355,0.296018195728,0.352832745773,0.114814845626,0.990363162809,201529,-1.02087045548,0.423848387573,0.388108482755,0.441045924454,0.0357399048176,0.191134699494,38891,0.324865281153,-0.0790749408089,-0.799228463315,308.60747136
PKIS2,76,positive_exp1_cluster_multiplier,ok,644,338,,338,644,,0.399857543065,0.2913345603,0.348432925798,0.108522982766,0.971566170328,197704,-0.9006320377,0.401783895319,0.366031137198,0.433986061009,0.0357527581208,0.0700280112045,14249,0.4738753851,-0.0727702246449,-0.901538159123,353.575035778
PKIS2,77,positive_exp1_cluster_multiplier,ok,644,338,,338,644,,0.384526343368,0.278915034388,0.334020563977,0.10561130898,0.980284043442,199478,-0.916528336939,0.411718718009,0.381655088313,0.443521817171,0.0300636296954,0.0676003734827,13733,0.514058198154,-0.0755476792851,-0.912683669959,304.68754798
PKIS2,78,positive_exp1_cluster_multiplier,ok,644,338,,338,644,,0.423246765974,0.306764664573,0.371820918018,0.116482101401,0.979777876063,199375,-0.790482778079,0.403261123038,0.377433371948,0.43473378398,0.0258277510894,0.0416777237211,8478,0.549257148883,-0.0906543503116,-0.938100152342,294.144589151
PKIS2,79,positive_exp1_cluster_multiplier,ok,644,338,,338,644,,0.428171091016,0.305956828924,0.366816378074,0.122214262092,0.990073222271,201470,-1.00813617254,0.40069775653,0.375647025266,0.432045793425,0.0250507312644,0.0284633151506,5791,0.555828396934,-0.0971635308279,-0.961609907121,277.555750485
PKIS2,80,positive_exp1_cluster_multiplier,ok,644,338,,338,644,,0.421098767743,0.302275792119,0.360347739071,0.118822975624,0.986082854194,200658,-1.04613383674,0.403919077631,0.377491085661,0.434592617546,0.0264279919694,0.0351909184727,7154,0.537175429501,-0.0923949836542,-0.950891935722,341.856090244
PKIS2,81,positive_exp1_cluster_multiplier,ok,644,338,,338,644,,0.409962757858,0.299233365543,0.359201167018,0.110729392316,0.960833456189,195520,-0.846480771221,0.401190144896,0.377624626113,0.431896269687,0.023565518783,0.0587252444838,11943,0.565785791055,-0.0871638735327,-0.902108211706,299.389905361
PKIS2,82,positive_exp1_cluster_multiplier,ok,644,338,,338,644,,0.400024278404,0.293486928964,0.356599891224,0.10653734944,0.955693154455,194473,-0.688042291567,0.397955405613,0.375195125212,0.436139669312,0.0227602804011,0.0228414172687,4647,0.62654113281,-0.0837770690386,-0.932851737186,306.946953832
PKIS2,83,positive_exp1_cluster_multiplier,ok,644,338,,338,644,,0.434230240899,0.306813162998,0.368558851321,0.127417077901,0.994407587596,202352,-1.06357854875,0.401104524687,0.374701663154,0.435243234182,0.0264028615338,0.0265664160401,5403,0.563888728269,-0.101014216367,-0.967841171556,341.244860673
PKIS2,84,positive_exp1_cluster_multiplier,ok,644,338,,338,644,,0.42026792969,0.290100937507,0.358086195075,0.130166992183,0.98764558455,200976,-0.914635567168,0.388739513669,0.36451103174,0.42718554608,0.0242284819289,0.0226399331662,4604,0.613423698862,-0.105938510254,-0.965005651383,267.222394438
PKIS2,85,positive_exp1_cluster_multiplier,ok,644,338,,338,644,,0.416181531731,0.3194848034,0.370415821683,0.0966967283306,0.975379625534,198480,-0.898582270495,0.417382122208,0.405266950528,0.449058266283,0.0121151716803,0.0112585385031,2289,0.72334305395,-0.0845815566503,-0.964121087031,334.791984037
PKIS2,86,positive_exp1_cluster_multiplier,ok,644,338,,338,644,,0.406912553935,0.277315938416,0.351133957888,0.12959661552,0.977753206546,198963,-0.755623036832,0.394361270968,0.35553220222,0.424790426358,0.0388290687487,0.0617081920487,12554,0.439358007928,-0.0907675467709,-0.916045014497,318.34175652
PKIS2,87,positive_exp1_cluster_multiplier,ok,644,338,,338,644,,0.420500974347,0.296291913148,0.36105413828,0.124209061199,0.9802054155,199462,-0.917924545451,0.392230747297,0.365784136782,0.424809358711,0.0264466105148,0.0387193473881,7876,0.551943903797,-0.0977624506843,-0.941486068111,341.425341472
PKIS2,88,positive_exp1_cluster_multiplier,ok,644,338,,338,644,,0.419115673238,0.306929711656,0.372819535238,0.112185961582,0.967851000049,196947,-0.702629563751,0.399482432531,0.379358588922,0.440105695157,0.0201238436094,0.0193424738316,3933,0.66872753524,-0.0920621179728,-0.948508526218,328.292943001
PKIS2,89,positive_exp1_cluster_multiplier,ok,644,338,,338,644,,0.42597108869,0.296073083212,0.360527897199,0.129898005478,0.989144429702,201281,-1.0153344249,0.41601821505,0.368799243155,0.427676953975,0.0472189718949,0.292358346848,59491,0.198016172213,-0.0826790335826,-0.696786082854,299.116515427
PKIS2,90,positive_exp1_cluster_multiplier,ok,644,338,,338,644,,0.421669992067,0.317822108471,0.373510012003,0.103847883596,0.971133716645,197616,-0.86481941336,0.417456710858,0.393935700582,0.447354444253,0.0235210102757,0.0464003145118,9435,0.55968619516,-0.0803268733206,-0.924733402133,291.632071601
PKIS2,91,positive_exp1_cluster_multiplier,ok,644,338,,338,644,,0.425630366171,0.306645516218,0.361511280928,0.118984849952,0.989773453241,201409,-1.16865381503,0.403611926268,0.369356475458,0.428912688286,0.0342554508095,0.0736055825839,14977,0.424821539463,-0.0847293991428,-0.916167870657,309.033905089
PKIS2,92,positive_exp1_cluster_multiplier,ok,644,338,,338,644,,0.422398988401,0.287281535131,0.362956753073,0.13511745327,0.990240306649,201504,-0.785491432262,0.400257534338,0.376536028246,0.441129272353,0.0237215060916,0.0297803331859,6057,0.632755616791,-0.111395947178,-0.960459973463,319.631212378
PKIS2,93,positive_exp1_cluster_multiplier,ok,644,338,,338,644,,0.433129926988,0.308054471468,0.367844477989,0.12507545552,0.991021671827,201663,-1.09191239136,0.395181689547,0.367840218943,0.430560894348,0.0273414706036,0.0283994299474,5774,0.564075634913,-0.0977339849162,-0.962622241879,354.365962212
PKIS2,94,positive_exp1_cluster_multiplier,ok,644,338,,338,644,,0.404649459721,0.27656403158,0.340287750825,0.128085428142,0.995847461792,202645,-1.01001180814,0.404180566113,0.372394465603,0.429847945261,0.0317861005095,0.0974495061182,19829,0.446750645931,-0.0962993276322,-0.898397955673,325.348939727
PKIS2,95,positive_exp1_cluster_multiplier,ok,644,338,,338,644,,0.405184649309,0.30033303133,0.357069092067,0.104851617979,0.971541599096,197699,-0.848059534208,0.394213726783,0.377460008963,0.436145240962,0.0167537178203,0.0136272052681,2766,0.714515607256,-0.0880979001585,-0.957914393828,343.404608593
PKIS2,96,positive_exp1_cluster_multiplier,ok,644,338,,338,644,,0.435524318317,0.302709709037,0.368607145181,0.13281460928,0.995203695513,202514,-1.01547460798,0.423282331229,0.388663146857,0.446501318012,0.0346191843714,0.141574524547,28806,0.401447457964,-0.0981954249083,-0.853629170967,323.872784513
PKIS2,97,positive_exp1_cluster_multiplier,ok,644,338,,338,644,,0.415437939132,0.299755694147,0.364962118551,0.115682244985,0.967718315396,196921,-0.774092753021,0.413373178148,0.385823885539,0.451259443209,0.0275492926095,0.028591085557,5815,0.57898589711,-0.0881329523755,-0.939127229839,362.998030578
PKIS2,98,positive_exp1_cluster_multiplier,ok,644,338,,338,644,,0.406074345037,0.304100293821,0.368599470056,0.101974051217,0.917288318836,186658,-0.581013234113,0.385362411712,0.360538656453,0.424548127971,0.0248237552581,0.028468229397,5790,0.612186217608,-0.0771502959585,-0.888820089439,292.550718065
PKIS2,99,positive_exp1_cluster_multiplier,ok,644,338,,338,644,,0.419895342219,0.305467056001,0.365722062159,0.114428286218,0.975212541157,198445,-0.899066874516,0.41806181669,0.379898195815,0.442458493557,0.038163620875,0.143830163644,29267,0.389970600327,-0.0762646653429,-0.831382377512,329.063815913
PKIS2,100,positive_exp1_cluster_multiplier,ok,644,338,,338,644,,0.424475765025,0.304203954138,0.368366462013,0.120271810887,0.984972234508,200432,-0.874487373848,0.411200592614,0.388106439588,0.452678664322,0.0230941530266,0.01937195931,3939,0.642351597428,-0.0971776578606,-0.965600275198,348.935422667
PKIS2,101,positive_exp1_cluster_multiplier,ok,644,338,,338,644,,0.436679119185,0.329637464582,0.379823656269,0.107041654603,0.989439284486,201341,-1.13289056222,0.409681196686,0.372602539982,0.430601729281,0.0370786567036,0.108536045997,22083,0.360703879631,-0.0699629978997,-0.880903238488,307.211823151
PKIS2,102,positive_exp1_cluster_multiplier,ok,644,338,,338,644,,0.400783028205,0.292861072429,0.350459533886,0.107921955776,0.972956902059,197987,-0.873695113497,0.405980393952,0.388081460238,0.442048265348,0.0178989337136,0.0133028650057,2706,0.668334383008,-0.0900230220623,-0.959654037053,343.884550888
PKIS2,103,positive_exp1_cluster_multiplier,ok,644,338,,338,644,,0.41079563027,0.290228080183,0.353499398329,0.120567550087,0.984357953708,200307,-0.905564063147,0.404039696961,0.377208122589,0.434834434252,0.0268315743719,0.0512703326945,10430,0.534386748038,-0.0937359757153,-0.933087621013,346.750313798
PKIS2,104,positive_exp1_cluster_multiplier,ok,644,338,,338,644,,0.440195195981,0.323884294965,0.380829067132,0.116310901016,0.98382230085,200198,-1.0425211409,0.406872753403,0.385513187979,0.439254822491,0.021359565424,0.0280701754386,5707,0.60255087851,-0.0949513355924,-0.955752125412,341.724211672
PKIS2,105,positive_exp1_cluster_multiplier,ok,644,338,,338,644,,0.423778651451,0.298592836462,0.357381773364,0.125185814989,0.994127475552,202295,-1.1294111033,0.389905210992,0.373250103191,0.432953167049,0.0166551078015,0.00328271659541,665,0.721034286597,-0.108530707187,-0.990844758956,309.531271011
PKIS2,106,positive_exp1_cluster_multiplier,ok,644,338,,338,644,,0.407726332534,0.29039464171,0.353650438065,0.117331690825,0.984097498649,200254,-0.854876510686,0.396224244022,0.359194657379,0.421248193433,0.0370295866433,0.0752665978672,15315,0.403263875073,-0.0803021041812,-0.908830900781,289.215776496
PKIS2,107,positive_exp1_cluster_multiplier,ok,644,338,,338,644,,0.4363787146,0.314122978464,0.370872990218,0.122255736135,0.99305125559,202076,-1.15428565312,0.412014934412,0.386405265718,0.440315564834,0.0256096686944,0.0526217504546,10705,0.524957770332,-0.0966460674408,-0.940429505135,324.148562188
PKIS2,108,positive_exp1_cluster_multiplier,ok,644,338,,338,644,,0.414129341317,0.27868671133,0.3481345902,0.135442629987,0.991793208511,201820,-0.950277419431,0.386635969991,0.353492803759,0.417178428521,0.0331431662321,0.0616295641063,12540,0.47958167395,-0.102299463755,-0.930163644405,316.392304409
PKIS2,109,positive_exp1_cluster_multiplier,ok,644,338,,338,644,,0.405796220893,0.287768158011,0.353118807274,0.118028062882,0.97417072092,198234,-0.806073301705,0.402433569651,0.365703789906,0.434104570367,0.0367297797459,0.0756499090864,15393,0.463021043066,-0.0812982831357,-0.898520811834,341.329233972
PKIS2,110,positive_exp1_cluster_multiplier,ok,644,338,,338,644,,0.433558135415,0.313288128097,0.369870011381,0.120270007318,0.987571870854,200961,-1.1255921567,0.412022230392,0.377981755392,0.435852317906,0.0340404749994,0.127598407784,25962,0.411782545031,-0.0862295323185,-0.859973463069,335.292106831
PKIS2,111,positive_exp1_cluster_multiplier,ok,644,338,,338,644,,0.439665123723,0.328505853085,0.384042081435,0.111159270638,0.98873654725,201198,-1.00156319473,0.426367705409,0.389088096648,0.450236375265,0.0372796087615,0.0936950218684,19063,0.390340830447,-0.0738796618766,-0.895041525382,334.337626585
PKIS2,112,positive_exp1_cluster_multiplier,ok,644,338,,338,644,,0.429225562744,0.31746830674,0.371344509161,0.111757256003,0.97780234901,198973,-1.07433432541,0.4061451554,0.376701808253,0.439917017764,0.0294433471467,0.0411027568922,8361,0.534236343205,-0.0823139088567,-0.936699592118,314.433762332
PKIS2,113,positive_exp1_cluster_multiplier,ok,644,338,,338,644,,0.403938183939,0.301565646526,0.358735072661,0.102372537413,0.974003636542,198200,-0.79068681172,0.415903262739,0.388469484182,0.453951483824,0.0274337785567,0.0276131505234,5618,0.581048552173,-0.0749387588566,-0.946390486019,251.36163251
PKIS2,114,positive_exp1_cluster_multiplier,ok,644,338,,338,644,,0.399987360209,0.291017669201,0.347218034009,0.108969691008,0.967570888004,196891,-0.938949887261,0.406833222412,0.381652705969,0.436244960872,0.0251805164433,0.0507641653152,10327,0.538752951529,-0.0837891745647,-0.916806722689,337.862280544
PKIS2,115,positive_exp1_cluster_multiplier,ok,644,338,,338,644,,0.421122824763,0.310953642917,0.362340210696,0.110169181847,0.987788097695,201005,-1.14392956384,0.404548198317,0.375414169017,0.432634918799,0.0291340292996,0.0613740232935,12484,0.490848522421,-0.0810351525472,-0.926414074402,290.354809111
PKIS2,116,positive_exp1_cluster_multiplier,ok,644,338,,338,644,,0.436405252584,0.326398944236,0.381362880648,0.110006308348,0.979080053074,199233,-1.00142703613,0.409161518627,0.380340710131,0.446684197754,0.0288208084959,0.0240552361295,4890,0.565581950411,-0.0811854998518,-0.955024816944,322.947948092
PKIS2,117,positive_exp1_cluster_multiplier,ok,644,338,,338,644,,0.417292448488,0.301579750501,0.367254598114,0.115712697988,0.967325175684,196841,-0.76190280134,0.403058532148,0.374848199089,0.439218622057,0.0282103330587,0.0373040444248,7588,0.561750074674,-0.0875023649288,-0.93002113126,353.916060651
PKIS2,118,positive_exp1_cluster_multiplier,ok,644,338,,338,644,,0.4228608806,0.299392101815,0.358965467887,0.123468778785,0.995218438252,202517,-1.07254998207,0.410561379309,0.376627438686,0.438753358932,0.0339339406229,0.0848936065654,17272,0.453787718735,-0.0895348381623,-0.910324831687,322.45421458
PKIS2,119,positive_exp1_cluster_multiplier,ok,644,338,,338,644,,0.427528770562,0.314248064002,0.374427889322,0.11328070656,0.984814978623,200400,-0.882370145768,0.411547266118,0.387178998544,0.445278194431,0.0243682675739,0.0216128556686,4397,0.580574787621,-0.0889124389857,-0.963202122954,331.083048904
PKIS2,120,positive_exp1_cluster_multiplier,ok,644,338,,338,644,,0.428478574245,0.316497747826,0.381076618537,0.111980826419,0.964278342916,196221,-0.734016485371,0.413708439231,0.377042068052,0.438443425433,0.0366663711788,0.137490785788,27977,0.402841032458,-0.0753144552406,-0.826787557128,313.347829619
PKIS2,121,positive_exp1_cluster_multiplier,ok,644,338,,338,644,,0.423938081664,0.304979127895,0.364784706122,0.118958953769,0.982667452946,199963,-0.989094617842,0.423889151895,0.386785730838,0.443211652427,0.037103421057,0.120856061723,24591,0.342440140762,-0.081855532712,-0.861811391223,304.494626599
PKIS2,122,positive_exp1_cluster_multiplier,ok,644,338,,338,644,,0.386809790476,0.272954848013,0.336432140652,0.113854942463,0.970376922699,197462,-0.793632616169,0.39243774381,0.36662278515,0.421607849608,0.0258149586598,0.034753550543,7065,0.530509622672,-0.0880399838036,-0.935623372156,347.798586152
PKIS2,123,positive_exp1_cluster_multiplier,ok,644,338,,338,644,,0.423792092127,0.3119507425,0.368763605082,0.111841349627,0.98099660917,199623,-0.968592050188,0.40811896431,0.377645596048,0.439155514681,0.0304733682621,0.0421003489115,8564,0.504577978005,-0.0813679813645,-0.938896260258,363.550617422
PKIS2,124,positive_exp1_cluster_multiplier,ok,644,338,,338,644,,0.420094466342,0.295362648918,0.356524656173,0.124731817425,0.989984765836,201452,-1.03936762417,0.389199981334,0.35072868557,0.415258609811,0.0384712957637,0.0950759251069,19347,0.403822393774,-0.0862605216611,-0.894908840729,302.292927138
PKIS2,125,positive_exp1_cluster_multiplier,ok,644,338,,338,644,,0.392816613861,0.28394740295,0.346515990834,0.108869210911,0.956961030026,194732,-0.739997890195,0.40659998518,0.373665373921,0.43453956774,0.0329346112593,0.0686028797484,13957,0.458972526897,-0.0759345996514,-0.888358150278,342.324803342
PKIS2,126,positive_exp1_cluster_multiplier,ok,644,338,,338,644,,0.431002912842,0.308151737806,0.369948949349,0.122851175036,0.983075335397,200046,-0.987972789846,0.391171375664,0.360405553275,0.417732146151,0.030765822389,0.065787016561,13384,0.463323723855,-0.0920853526471,-0.917288318836,302.407292001
PKIS2,127,positive_exp1_cluster_multiplier,ok,644,338,,338,644,,0.438928871881,0.321117866079,0.374703797824,0.117811005802,0.990687503071,201595,-1.19854357225,0.413862850056,0.390197952519,0.445128016285,0.0236648975366,0.037662784412,7661,0.569181320499,-0.0941461082656,-0.953024718659,359.151963036
PKIS2,128,positive_exp1_cluster_multiplier,ok,644,338,,338,644,,0.412321823522,0.290425753587,0.352248557295,0.121896069935,0.982495454322,199928,-0.971700774215,0.382827545016,0.356996960652,0.414335272083,0.0258305843636,0.0267482431569,5442,0.549505666994,-0.0960654855715,-0.955747211165,298.839989523
PKIS2,129,positive_exp1_cluster_multiplier,ok,644,338,,338,644,,0.420455050391,0.312068616723,0.371360061336,0.108386433668,0.97232787852,197858,-0.828028215104,0.420188069036,0.389671691622,0.453471230266,0.0305163774142,0.0630694383016,12831,0.521683415543,-0.077870056254,-0.909258440218,294.665907847
PKIS2,130,positive_exp1_cluster_multiplier,ok,644,338,,338,644,,0.407193391005,0.289563699288,0.363043115578,0.117629691716,0.969192589316,197221,-0.600852288386,0.420839048879,0.39247865527,0.458388735385,0.0283603936088,0.0440169050076,8956,0.569710830889,-0.0892692981073,-0.925175684309,334.635260133
PKIS2,131,positive_exp1_cluster_multiplier,ok,644,338,,338,644,,0.405519237246,0.294284753495,0.35454390746,0.11123448375,0.976583615903,198725,-0.845935039428,0.395369524157,0.375411321411,0.427964954822,0.0199582027455,0.0270971546513,5511,0.620231724235,-0.0912762810049,-0.949486461251,276.242463306
PKIS2,132,positive_exp1_cluster_multiplier,ok,644,338,,338,644,,0.413622368179,0.306346353984,0.357466022117,0.107276014195,0.98806820974,201062,-1.09852720318,0.406982052102,0.374809769911,0.431685851539,0.0321722821906,0.0845741805494,17205,0.434344257382,-0.0751037320046,-0.903494029191,336.568694759
PKIS2,133,positive_exp1_cluster_multiplier,ok,644,338,,338,644,,0.415059264535,0.292612838194,0.355661034797,0.122446426342,0.986092682687,200660,-0.942108306646,0.39649924837,0.374601570395,0.432159216156,0.0218976779748,0.0215243992334,4379,0.619552230023,-0.100548748367,-0.964568283454,309.765114367
PKIS2,134,positive_exp1_cluster_multiplier,ok,644,338,,338,644,,0.43106943812,0.304560166528,0.36415740811,0.126509271592,0.991011843334,201661,-1.12273703001,0.399757722331,0.365440670372,0.42581635143,0.0343170519589,0.0805690697332,16392,0.431608035602,-0.0921922196331,-0.910442773601,309.934624226
PKIS2,135,positive_exp1_cluster_multiplier,ok,644,338,,338,644,,0.40133837598,0.293075917619,0.356453783802,0.108262458361,0.946419971497,192587,-0.708206111725,0.386385210675,0.363855473473,0.428801993403,0.0225297372017,0.0139269742985,2833,0.65310324208,-0.0857327211593,-0.932492997199,329.081473304
PKIS2,136,positive_exp1_cluster_multiplier,ok,644,338,,338,644,,0.443067945049,0.325723781856,0.381171943124,0.117344163193,0.989965108851,201448,-1.11628592384,0.423825949428,0.370602606653,0.436559226474,0.0532233427748,0.27048503612,55040,0.193055330618,-0.0641208204185,-0.719480072731,319.125562989
PKIS2,137,positive_exp1_cluster_multiplier,ok,644,338,,338,644,,0.422708964218,0.308847928093,0.367497329027,0.113861036126,0.981409405868,199706,-0.941384469603,0.40144176258,0.368080621316,0.434183369331,0.0333611412642,0.0403410487002,8208,0.495313852059,-0.0804998948614,-0.941068357167,337.265692471
PKIS2,138,positive_exp1_cluster_multiplier,ok,644,338,,338,644,,0.436725081341,0.318103445316,0.381065655294,0.118621636025,0.985807656396,200602,-0.884013221038,0.408435936114,0.397425423571,0.448576831829,0.0110105125428,0.00415253820827,838,0.784746639087,-0.107611123482,-0.981655118188,334.530579942
PKIS2,139,positive_exp1_cluster_multiplier,ok,644,338,,338,644,,0.427119683922,0.29009615342,0.354387897969,0.137023530501,0.994618900192,202395,-1.13127721862,0.399949903248,0.381411648629,0.440001683629,0.0185382546191,0.0100742051206,2047,0.683593726831,-0.118485275882,-0.984544695071,356.186364795
PKIS2,140,positive_exp1_cluster_multiplier,ok,644,338,,338,644,,0.427899058398,0.299263174488,0.363594768673,0.12863588391,0.981124379576,199649,-0.999575566858,0.393623015923,0.372680244943,0.43710081543,0.0209427709798,0.0110619686471,2248,0.674905533722,-0.10769311293,-0.970062410929,333.355937315
PKIS2,141,positive_exp1_cluster_multiplier,ok,644,338,,338,644,,0.451337875479,0.314727113862,0.376698430229,0.136610761618,0.99261388766,201987,-1.20441923177,0.40190977758,0.37428976281,0.437411298198,0.02762001477,0.0363752518551,7401,0.562431195624,-0.108990746848,-0.956238635805,330.639290404
PKIS2,142,positive_exp1_cluster_multiplier,ok,644,338,,338,644,,0.422895792226,0.306960836281,0.368145877435,0.115934955945,0.985463659148,200532,-0.894825168996,0.403194891391,0.375213406962,0.428802506668,0.0279814844299,0.0545383065507,11091,0.477851193934,-0.0879534715148,-0.930925352597,299.237186254
PKIS2,143,positive_exp1_cluster_multiplier,ok,644,338,,338,644,,0.418289697623,0.30734394302,0.363188053353,0.110945754603,0.975074942258,198418,-0.98670466665,0.410480567318,0.383381704696,0.440351589483,0.0270988626218,0.0440169050076,8950,0.524330043436,-0.0838468919815,-0.93105803725,338.185981211
PKIS2,144,positive_exp1_cluster_multiplier,ok,644,338,,338,644,,0.402018722943,0.264692260574,0.331846884212,0.13732646237,0.993233082707,202113,-1.0449293724,0.39996338739,0.362928357366,0.420444633152,0.037035030024,0.160420659492,32641,0.356094783288,-0.100291432346,-0.832812423215,311.707419507
PKIS2,145,positive_exp1_cluster_multiplier,ok,644,338,,338,644,,0.417469479055,0.30335357349,0.359308694778,0.114115905565,0.984412010418,200318,-1.03941842925,0.398519575917,0.372845732762,0.431220273487,0.0256738431557,0.03751535702,7633,0.560187663378,-0.088442062409,-0.946896653398,314.320253263
PKIS2,146,positive_exp1_cluster_multiplier,ok,644,338,,338,644,,0.427645065022,0.312412907895,0.363977299834,0.115232157127,0.996456828345,202769,-1.23472347474,0.421327013167,0.388684683323,0.44349385916,0.0326423298442,0.101557816109,20663,0.404436769108,-0.082589827283,-0.894899012236,325.669772136
PKIS2,147,positive_exp1_cluster_multiplier,ok,644,338,,338,644,,0.395591719133,0.278152797719,0.338150235099,0.117438921414,0.982249742002,199878,-0.957398958054,0.39138858226,0.363108758055,0.423596981359,0.0282798242056,0.0332399626517,6757,0.532473882337,-0.0891590972085,-0.94900977935,298.932970959
PKIS2,148,positive_exp1_cluster_multiplier,ok,644,338,,338,644,,0.437296322894,0.305813732417,0.373791008562,0.131482590477,0.991237898668,201707,-0.934213871655,0.409439881845,0.384889316114,0.444777307483,0.0245505657304,0.0274804658706,5591,0.590058621613,-0.106932024747,-0.963757432798,353.855053288
PKIS2,149,positive_exp1_cluster_multiplier,ok,644,338,,338,644,,0.433235571785,0.323209581004,0.376819082729,0.11002599078,0.98666273527,200776,-1.05235988474,0.407933222849,0.373076674019,0.430566155556,0.0348565488295,0.124404147624,25308,0.393688238301,-0.0751694419508,-0.862258587646,317.57819004
PKIS2,150,positive_exp1_cluster_multiplier,ok,644,338,,338,644,,0.429341849297,0.319466909376,0.375556285709,0.109874939921,0.986023883238,200646,-0.958926040967,0.410781171614,0.389636030677,0.444559821482,0.0211451409363,0.0196422428621,3989,0.615009440781,-0.0887297989845,-0.966381640375,363.112055971
PKIS2,151,positive_exp1_cluster_multiplier,ok,644,338,,338,644,,0.411163017461,0.287779573458,0.34859526718,0.123383444003,0.994672956902,202406,-1.02880928345,0.402979978469,0.379237620442,0.432619126796,0.0237423580269,0.0403410487002,8204,0.555232520618,-0.099641085976,-0.954331908202,348.507140458
PKIS2,152,positive_exp1_cluster_multiplier,ok,644,338,,338,644,,0.419711418306,0.310952553816,0.369929077464,0.10875886449,0.966111356823,196593,-0.844104361582,0.400554855046,0.363788530958,0.422569325516,0.0367663240884,0.0807558110964,16432,0.374518082575,-0.0719925404013,-0.885355545727,297.448665273
PKIS2,153,positive_exp1_cluster_multiplier,ok,644,338,,338,644,,0.398642615373,0.272072306848,0.339590004054,0.126570308525,0.988510491916,201152,-0.874624191328,0.3978784787,0.373255230366,0.431694002612,0.0246232483342,0.0397660818713,8089,0.578648773962,-0.101947060191,-0.948744410045,333.318810464
PKIS2,154,positive_exp1_cluster_multiplier,ok,644,338,,338,644,,0.389816174033,0.282922000342,0.340832374422,0.106894173691,0.967010663915,196777,-0.84585534786,0.393322786057,0.354837022929,0.420273272443,0.0384857631278,0.0567497174308,11541,0.41185866529,-0.0684084105635,-0.910260946484,299.873504514
PKIS2,155,positive_exp1_cluster_multiplier,ok,644,338,,338,644,,0.409320425382,0.302447138546,0.358506953823,0.106873286836,0.969659442724,197316,-0.906415251433,0.413651420488,0.37806263794,0.437427770464,0.0355887825473,0.127313381493,25904,0.400510349519,-0.0712845042889,-0.842346061232,326.650993404
PKIS2,156,positive_exp1_cluster_multiplier,ok,644,338,,338,644,,0.438542989447,0.318411151374,0.378496801776,0.120131838074,0.98887414615,201226,-0.999343225373,0.411591738703,0.382629158597,0.445874666524,0.0289625801057,0.0335348174357,6823,0.542061071921,-0.0911692579681,-0.955339328714,292.450290908
PKIS2,157,positive_exp1_cluster_multiplier,ok,644,338,,338,644,,0.432597892017,0.308513678658,0.368337861446,0.124084213359,0.990456533491,201548,-1.0741480715,0.422267148814,0.387010966558,0.448295828213,0.0352561822556,0.103371173031,21034,0.424716295282,-0.0888280311033,-0.88708536046,314.277216688
PKIS2,158,positive_exp1_cluster_multiplier,ok,644,338,,338,644,,0.441781916568,0.322889789348,0.379852897768,0.118892127219,0.986446508428,200732,-1.08717765793,0.401472742222,0.392795214328,0.454225787169,0.00867752789328,0.000850164627254,170,0.858742520345,-0.110214599326,-0.985596343801,313.346658829
PKIS2,159,positive_exp1_cluster_multiplier,ok,644,338,,338,644,,0.393475735429,0.296515440255,0.354816166218,0.0969602951745,0.938881517519,191053,-0.663106137575,0.411884400416,0.380199654569,0.447748618494,0.0316847458465,0.037711926876,7673,0.53093661241,-0.0652755493281,-0.901169590643,320.329640762
PKIS2,160,positive_exp1_cluster_multiplier,ok,644,338,,338,644,,0.420512774946,0.302661725481,0.360492218456,0.117851049464,0.992441889036,201952,-1.03787039333,0.413616099771,0.382283336178,0.445053129286,0.0313327635922,0.0519878126689,10576,0.500830542195,-0.0865182858722,-0.940454076367,312.126814571
PKIS2,161,positive_exp1_cluster_multiplier,ok,644,338,,338,644,,0.438082710257,0.316889618705,0.37744115796,0.121193091552,0.985959998034,200633,-1.00148655249,0.391168572782,0.370412715752,0.431402030525,0.0207558570294,0.0116811636935,2372,0.659680435715,-0.100437234522,-0.974278834341,312.661237234
PKIS2,162,positive_exp1_cluster_multiplier,ok,644,338,,338,644,,0.434262740657,0.316453648407,0.375752379552,0.11780909225,0.977060297803,198822,-0.986705111133,0.405376357454,0.378968254841,0.437533103472,0.0264081026133,0.0465035136862,9462,0.549079298752,-0.0914009896372,-0.930556784117,334.582036767
PKIS2,163,positive_exp1_cluster_multiplier,ok,644,338,,338,644,,0.420577010784,0.301872704168,0.362380878888,0.118704306616,0.984883778073,200414,-0.961789579092,0.411452790901,0.376313763992,0.432502393935,0.0351390269088,0.146680426557,29843,0.374623888423,-0.0835652797072,-0.838203351516,322.452441207
PKIS2,164,positive_exp1_cluster_multiplier,ok,644,338,,338,644,,0.413132800947,0.284745345693,0.351778461783,0.128387455254,0.990810359231,201620,-0.915284007997,0.405946273278,0.37397095623,0.437456143993,0.0319753170483,0.0717627401838,14596,0.496334213146,-0.0964121382054,-0.919047619048,294.32876711
PKIS2,165,positive_exp1_cluster_multiplier,ok,644,338,,338,644,,0.439211581362,0.32333533514,0.380047593458,0.115876246221,0.990879158681,201634,-1.04323103431,0.414267042045,0.377642006126,0.442218742676,0.0366250359189,0.06199321834,12614,0.432844738283,-0.0792512103025,-0.928885940341,327.854422377
PKIS2,166,positive_exp1_cluster_multiplier,ok,644,338,,338,644,,0.422606466168,0.306228119172,0.358895692242,0.116378346996,0.989965108851,201448,-1.20967742032,0.410051305849,0.380139543712,0.438847905813,0.0299117621376,0.0514570740577,10470,0.490502526951,-0.0864665848579,-0.938508034793,331.74517232
PKIS2,167,positive_exp1_cluster_multiplier,ok,644,338,,338,644,,0.414296009457,0.290269518473,0.355098916834,0.124026490984,0.990928301145,201644,-0.913121116664,0.395955035032,0.372734951142,0.430858531137,0.0232200838908,0.0315543761364,6418,0.60050492601,-0.100806407093,-0.959373925009,320.696563413
PKIS2,168,positive_exp1_cluster_multiplier,ok,644,338,,338,644,,0.439929652378,0.310736695713,0.367188828212,0.129192956664,0.995891690009,202654,-1.28853988232,0.407830137435,0.378356348897,0.435200168748,0.0294737885374,0.0717725686766,14590,0.481495286296,-0.099719168127,-0.924119121333,347.897725889
PKIS2,169,positive_exp1_cluster_multiplier,ok,644,338,,338,644,,0.433956520279,0.308431157204,0.365620203719,0.125525363076,0.993660622144,202200,-1.19491966948,0.405293048406,0.38171242805,0.438487351796,0.0235806203559,0.0356823431127,7260,0.584664869631,-0.10194474272,-0.957978279031,323.018151854
PKIS2,170,positive_exp1_cluster_multiplier,ok,644,338,,338,644,,0.396600563044,0.285705329941,0.342825586984,0.110895233104,0.986913361836,200827,-0.941434420003,0.401271113486,0.391161442411,0.440113056645,0.0101096710751,0.0106491719495,2164,0.793476247245,-0.100785562028,-0.976264189886,290.156549558
PKIS2,171,positive_exp1_cluster_multiplier,ok,644,338,,338,644,,0.424282326378,0.3140985032,0.376063613399,0.110183823178,0.966804265566,196735,-0.77815907733,0.404439724878,0.373172792977,0.432596515705,0.0312669319009,0.0700624109293,14256,0.473830812584,-0.0789168912768,-0.896741854637,383.559758523
PKIS2,172,positive_exp1_cluster_multiplier,ok,644,338,,338,644,,0.404372487383,0.297315782447,0.352659147348,0.107056704936,0.980284043442,199478,-0.934409032209,0.404032399059,0.380185590058,0.439071966396,0.0238468090005,0.0292987370387,5955,0.595036908646,-0.0832098959352,-0.950985306403,338.447209117
PKIS2,173,positive_exp1_cluster_multiplier,ok,644,338,,338,644,,0.397803521386,0.285299633681,0.352316355611,0.112503887705,0.94748144872,192803,-0.678743520497,0.410738606941,0.392619732329,0.454522539127,0.0181188746119,0.0156223893066,3174,0.707301242885,-0.0943850130928,-0.931859059413,333.828390932
PKIS2,174,positive_exp1_cluster_multiplier,ok,644,338,,338,644,,0.417248548693,0.297628491866,0.357451292959,0.119620056826,0.988225465625,201094,-0.999572982888,0.40699559271,0.39151584909,0.439726921734,0.0154797436202,0.0208806329549,4246,0.678917253417,-0.104140313206,-0.96734483267,339.466431826
PKIS2,175,positive_exp1_cluster_multiplier,ok,644,338,,338,644,,0.412198017897,0.30427675644,0.366977493802,0.107921261457,0.963600176913,196083,-0.721211998425,0.387771320188,0.369094542502,0.4271059374,0.0186767776864,0.0103150031943,2094,0.67804984315,-0.089244483771,-0.953285173719,278.065901262
PKIS2,176,positive_exp1_cluster_multiplier,ok,644,338,,338,644,,0.42194365077,0.316751205829,0.373778930154,0.105192444941,0.968740478648,197128,-0.844584299762,0.418407969782,0.389744587286,0.447958158886,0.0286633824962,0.0703670942061,14312,0.507616837308,-0.0765290624449,-0.898373384441,326.906122971
PKIS2,177,positive_exp1_cluster_multiplier,ok,644,338,,338,644,,0.416824963385,0.295097898529,0.356954922939,0.121727064857,0.98229397022,199887,-0.967877795888,0.402515168198,0.372747606987,0.434565638628,0.0297675612111,0.0662342129834,13471,0.518464751778,-0.0919595036457,-0.916059757236,308.405367642
PKIS2,178,positive_exp1_cluster_multiplier,ok,644,338,,338,644,,0.430829286284,0.316131730374,0.369476591359,0.11469755591,0.985601258047,200560,-1.1501144401,0.393789064654,0.374944114067,0.427081240797,0.0188449505868,0.0139957737481,2847,0.638550266022,-0.095852605323,-0.971605484299,303.744814846
PKIS2,179,positive_exp1_cluster_multiplier,ok,644,338,,338,644,,0.425722371457,0.311873925646,0.371686697966,0.113848445812,0.980613297951,199545,-0.903413625462,0.411973587176,0.376279176402,0.437847860004,0.0356944107737,0.0784166298098,15956,0.420250544833,-0.0781540350379,-0.902196668141,369.780652519
PKIS2,180,positive_exp1_cluster_multiplier,ok,644,338,,338,644,,0.425958696636,0.313548521317,0.371722476008,0.112410175319,0.986888790604,200822,-0.932311047377,0.406733143483,0.393681465321,0.447308744711,0.0130516781617,0.00481596147231,969,0.756622407286,-0.0993584971571,-0.982072829132,317.00295447
PKIS2,181,positive_exp1_cluster_multiplier,ok,644,338,,338,644,,0.445111035603,0.321449708122,0.380694761031,0.123661327481,0.989571969139,201368,-1.08728529065,0.403616586757,0.378601294814,0.440657011048,0.0250152919433,0.0210968597966,4290,0.596889803847,-0.0986460355379,-0.968475109342,347.981964363
PKIS2,182,positive_exp1_cluster_multiplier,ok,644,338,,338,644,,0.403663454523,0.298534394997,0.358240283006,0.105129059526,0.962877782692,195936,-0.760782110959,0.409632277441,0.380805314782,0.44191616764,0.0288269626593,0.046685340803,9497,0.52828407212,-0.0763020968664,-0.916192441889,318.20743371
PKIS2,183,positive_exp1_cluster_multiplier,ok,644,338,,338,644,,0.405467074749,0.295823316095,0.351921954078,0.109643758654,0.983149049093,200061,-0.954481652265,0.414941592433,0.380786695176,0.439261096014,0.0341548972571,0.0898225957049,18275,0.415900004657,-0.0754888613968,-0.893326453388,357.323857081
PKIS2,184,positive_exp1_cluster_multiplier,ok,644,338,,338,644,,0.412209563211,0.299633037507,0.356914177666,0.112576525704,0.985011548479,200440,-0.965333186297,0.403323815357,0.37617324305,0.437201576043,0.0271505723072,0.0416629809819,8477,0.555115288664,-0.0854259533964,-0.943348567497,261.608757906
PKIS2,185,positive_exp1_cluster_multiplier,ok,644,338,,338,644,,0.413438718322,0.310327909228,0.364380136608,0.103110809094,0.980500270284,199521,-0.907614433171,0.412554391584,0.399321107615,0.454040185665,0.0132332839684,0.00669811784363,1358,0.758159595518,-0.0898775251257,-0.97380215244,319.266295908
PKIS2,186,positive_exp1_cluster_multiplier,ok,644,338,,338,644,,0.421020007537,0.297671754221,0.354404475319,0.123348253316,0.986574278834,200758,-1.17419949069,0.401882501217,0.368670398848,0.425098094394,0.0332121023693,0.0831293921077,16915,0.411421961361,-0.0901361509467,-0.903444886727,356.947950636
PKIS2,187,positive_exp1_cluster_multiplier,ok,644,338,,338,644,,0.406847358491,0.296558721753,0.354967785989,0.110288636738,0.981886087768,199804,-0.888210985429,0.408455212419,0.38566981641,0.438551179612,0.0227853960083,0.0556636689764,11324,0.569122378304,-0.0875032407295,-0.926222418792,286.225580365
PKIS2,188,positive_exp1_cluster_multiplier,ok,644,338,,338,644,,0.430877692288,0.306809622769,0.368743138408,0.124068069519,0.993547594476,202177,-1.00324603309,0.413046350963,0.390306853642,0.448679542472,0.0227394973207,0.0200697822989,4061,0.610442866748,-0.101328572198,-0.973477812178,325.619386467
PKIS2,189,positive_exp1_cluster_multiplier,ok,644,338,,338,644,,0.426510804521,0.297369613924,0.362564340808,0.129141190597,0.987449014694,200936,-0.980853310826,0.409263345007,0.371726566311,0.429390607317,0.0375367786959,0.15320163153,31175,0.349043562665,-0.0916044119012,-0.834247383164,310.522634353
PKIS2,190,positive_exp1_cluster_multiplier,ok,644,338,,338,644,,0.405238633102,0.300845942505,0.360501513645,0.104392690598,0.944803184432,192258,-0.749923579691,0.406689954682,0.376585420603,0.434785514227,0.0301045340791,0.0756646518256,15392,0.482740796373,-0.0742881565184,-0.869138532606,327.045045438
PKIS2,191,positive_exp1_cluster_multiplier,ok,644,338,,338,644,,0.432609439713,0.296334057851,0.359632121047,0.136275381861,0.99507101086,202487,-1.1529155077,0.40435564622,0.372414670427,0.437402753821,0.0319409757924,0.0549805887267,11185,0.508510266433,-0.104334406069,-0.940090422134,337.384837524
PKIS2,192,positive_exp1_cluster_multiplier,ok,644,338,,338,644,,0.414229159557,0.297978970485,0.362251055573,0.116250189072,0.964774681803,196322,-0.808719740667,0.385530149927,0.347884389258,0.416497632932,0.0376457606682,0.0668779792619,13606,0.451333902133,-0.0786044284041,-0.897896702541,332.606007681
PKIS2,193,positive_exp1_cluster_multiplier,ok,644,338,,338,644,,0.427437031353,0.296594180324,0.361031096904,0.13084285103,0.981370091896,199699,-1.030557295,0.404096361487,0.364990469603,0.424588742524,0.039105891884,0.174760430488,35561,0.343841860383,-0.0917369591459,-0.806609661408,313.641372021
PKIS2,194,positive_exp1_cluster_multiplier,ok,644,338,,338,644,,0.411111112306,0.29814554959,0.362442728022,0.112965562716,0.971064917195,197602,-0.756928771548,0.39691826131,0.368180536405,0.433652012153,0.0287377249049,0.0222615361934,4529,0.561064958802,-0.0842278378113,-0.948803381002,343.707338855
PKIS2,195,positive_exp1_cluster_multiplier,ok,644,338,,338,644,,0.410468627199,0.298613931737,0.354612031757,0.111854695461,0.980981866431,199620,-0.997473046809,0.404683482529,0.37382910947,0.434261359217,0.030854373059,0.0607843137255,12368,0.489438616165,-0.0810003224025,-0.920197552705,322.164088029
PKIS2,196,positive_exp1_cluster_multiplier,ok,644,338,,338,644,,0.436129617457,0.315372906321,0.381771288202,0.120756711136,0.982986878962,200028,-0.818669487347,0.397189860023,0.38243706502,0.431325270535,0.014752795003,0.0284485724114,5784,0.69823406591,-0.106003916133,-0.954538306551,277.797927461
PKIS2,197,positive_exp1_cluster_multiplier,ok,644,338,,338,644,,0.446531386386,0.330585455546,0.389481000279,0.11594593084,0.986913361836,200827,-0.968670658625,0.418530380454,0.383114223687,0.449407815372,0.0354161567669,0.0521499828001,10609,0.465768019706,-0.0805297740728,-0.934763379036,336.777680017
PKIS2,198,positive_exp1_cluster_multiplier,ok,644,338,,338,644,,0.404798053334,0.288653858249,0.351797567001,0.116144195085,0.977974347634,199008,-0.839362897427,0.402043532044,0.377989586517,0.43531022552,0.0240539455273,0.031942601602,6495,0.580361525172,-0.0920902495578,-0.946031746032,346.470761576
PKIS2,199,positive_exp1_cluster_multiplier,ok,644,338,,338,644,,0.434879328129,0.29682107205,0.363509474381,0.138058256079,0.991906236179,201843,-1.07019888399,0.387308043403,0.363166701408,0.427941130084,0.0241413419952,0.0148803381002,3025,0.627301351959,-0.113916914084,-0.977025898079,335.138124121
PKIS2,200,positive_exp1_cluster_multiplier,ok,644,338,,338,644,,0.419562691764,0.287098760097,0.351131105693,0.132463931668,0.994152046784,202300,-1.06870340971,0.40248032531,0.372660934713,0.429440294731,0.0298193905971,0.0664946680427,13530,0.474819888999,-0.102644541071,-0.927657378741,321.575275226
PKIS2,201,positive_exp1_cluster_multiplier,ok,644,338,,338,644,,0.415595830669,0.297199144321,0.359741365144,0.118396686348,0.987301587302,200906,-0.893068151237,0.393603051678,0.376031008959,0.440047255109,0.0175720427184,0.0031991744066,648,0.725506511623,-0.100824643629,-0.984102412895,377.253293082
PKIS2,202,positive_exp1_cluster_multiplier,ok,644,338,,338,644,,0.428124402869,0.317505861036,0.370538369403,0.110618541833,0.985129490393,200464,-1.08586290255,0.401532713126,0.387128678175,0.439055301944,0.0144040349502,0.00877684407096,1783,0.722607905064,-0.0962145068831,-0.976352646322,372.500360833
PKIS2,203,positive_exp1_cluster_multiplier,ok,644,338,,338,644,,0.440978678589,0.324829584987,0.377431472766,0.116149093602,0.988569462873,201164,-1.20807842657,0.398515573873,0.382063134009,0.437841362143,0.016452439864,0.0110767113863,2247,0.705038320249,-0.0996966537381,-0.977492751487,306.052591767
PKIS2,204,positive_exp1_cluster_multiplier,ok,644,338,,338,644,,0.401559336206,0.286635089849,0.343012149476,0.114924246357,0.988323750553,201114,-1.03849308775,0.391876529462,0.35166443037,0.411664732843,0.0402120990922,0.144930954838,29491,0.329801727083,-0.0747121472643,-0.843392795715,310.004525678
PKIS2,205,positive_exp1_cluster_multiplier,ok,644,338,,338,644,,0.438219859732,0.310153985843,0.369315772513,0.128065873889,0.989301685587,201313,-1.16467218279,0.400407335474,0.373990674113,0.430290447124,0.0264166613611,0.0532606024866,10831,0.530785650664,-0.101649212528,-0.9360410831,308.42671946
PKIS2,206,positive_exp1_cluster_multiplier,ok,644,338,,338,644,,0.377000988889,0.274631892801,0.338161797718,0.102369096088,0.93026684358,189300,-0.611352893121,0.396535461234,0.365990169101,0.426663182235,0.0305452921335,0.0628433829672,12785,0.496558839666,-0.0718238039546,-0.867423460612,321.224836182
PKIS2,207,positive_exp1_cluster_multiplier,ok,644,338,,338,644,,0.423290646546,0.310191185165,0.366524087817,0.113099461382,0.983257162514,200083,-1.00769809571,0.400761568812,0.374220836612,0.432535319328,0.0265407321996,0.0464052287582,9436,0.544868942272,-0.0865587291821,-0.936851933756,337.919886407
PKIS2,208,positive_exp1_cluster_multiplier,ok,644,338,,338,644,,0.428843494265,0.316972299223,0.372250204172,0.111871195042,0.989596540371,201373,-1.02379585739,0.418634473283,0.40051383809,0.454501876179,0.0181206351927,0.021470342523,4366,0.664358331323,-0.0937505598494,-0.968126197848,325.942787757
PKIS2,209,positive_exp1_cluster_multiplier,ok,644,338,,338,644,,0.433632082789,0.314826032733,0.372981451264,0.118806050056,0.991144527987,201688,-1.04290594164,0.408699876674,0.387767330655,0.442510846752,0.0209325460191,0.022404049339,4558,0.617625108657,-0.0978735040373,-0.968740478648,297.32431762
PKIS2,210,positive_exp1_cluster_multiplier,ok,644,338,,338,644,,0.428933875259,0.30389329233,0.363222358803,0.125040582929,0.990392648287,201535,-1.10757711795,0.395359255664,0.37232571123,0.433559108956,0.0230335444341,0.0267187576785,5434,0.623840170732,-0.102007038495,-0.963673890609,313.89859582
PKIS2,211,positive_exp1_cluster_multiplier,ok,644,338,,338,644,,0.432950526623,0.294553561383,0.361780629036,0.13839696524,0.993169197504,202100,-1.05864944094,0.383091916874,0.357320920986,0.417735683879,0.0257709958875,0.027829377365,5658,0.57343214384,-0.112625969353,-0.965339820139,343.882697593
PKIS2,212,positive_exp1_cluster_multiplier,ok,644,338,,338,644,,0.419069558474,0.306899443236,0.371508183589,0.112170115238,0.965148164529,196398,-0.736144593192,0.388519282699,0.366930172957,0.435460408902,0.0215891097419,0.0103887168903,2111,0.684969569354,-0.0905810054962,-0.954759447639,337.618204464
PKIS2,213,positive_exp1_cluster_multiplier,ok,644,338,,338,644,,0.454179396441,0.337922095379,0.392413577573,0.116257301062,0.994058676102,202281,-1.13349493134,0.427965143619,0.407205313726,0.458886269466,0.020759829893,0.0359133126935,7305,0.598307933827,-0.0954974711686,-0.958145363409,337.913690259
PKIS2,214,positive_exp1_cluster_multiplier,ok,644,338,,338,644,,0.413957792392,0.301934191559,0.365248451165,0.112023600833,0.968878077547,197157,-0.769326555026,0.397801929652,0.367315246645,0.432247643145,0.0304866830067,0.034778121775,7076,0.530485787529,-0.0815369178266,-0.934099955772,292.024593393
PKIS2,215,positive_exp1_cluster_multiplier,ok,644,338,,338,644,,0.412339122432,0.280504124293,0.349122751531,0.131834998139,0.981257064229,199676,-0.921271285164,0.392840591584,0.361280163542,0.420868465752,0.0315604280418,0.0606123151015,12333,0.470358663167,-0.100274570098,-0.920644749128,321.243299299
PKIS2,216,positive_exp1_cluster_multiplier,ok,644,338,,338,644,,0.459049885118,0.317196081833,0.375282955135,0.141853803286,0.997749275149,203032,-1.44209741754,0.411830567626,0.377115228751,0.42973150101,0.0347153388746,0.157049486461,31951,0.340216678519,-0.107138464411,-0.840699788687,265.702128324
PKIS2,217,positive_exp1_cluster_multiplier,ok,644,338,,338,644,,0.429210894368,0.317807387162,0.370878621541,0.111403507206,0.98849083493,201148,-1.09913163902,0.417165907543,0.391516871845,0.447490028208,0.0256490356979,0.0452700378397,9209,0.541761848632,-0.0857544715077,-0.943220797091,327.683423418
PKIS2,218,positive_exp1_cluster_multiplier,ok,644,338,,338,644,,0.428027750263,0.321959290198,0.374731825217,0.106068460065,0.983463560863,200125,-1.0099178489,0.409270133441,0.386857119195,0.445448465395,0.0224130142457,0.0205759496781,4184,0.617468863593,-0.0836554458197,-0.962887611185,322.024464848
PKIS2,219,positive_exp1_cluster_multiplier,ok,644,338,,338,644,,0.404380832515,0.307909565411,0.361269481447,0.0964712671039,0.954150081085,194159,-0.807935136909,0.396101768006,0.36357983718,0.424746965957,0.0325219308265,0.0709322325421,14433,0.4683103249,-0.0639493362774,-0.883217848543,308.881287076
PKIS2,220,positive_exp1_cluster_multiplier,ok,644,338,,338,644,,0.424926075468,0.301492864559,0.362055191763,0.123433210909,0.989218143398,201296,-1.03811868877,0.392479515424,0.365194951268,0.426628569967,0.0272845641553,0.034950120399,7109,0.555869168492,-0.0961486467541,-0.954268022999,315.745179612
PKIS2,221,positive_exp1_cluster_multiplier,ok,644,338,,338,644,,0.418593970087,0.3037076908,0.360244649914,0.114886279287,0.992456631776,201955,-1.03205621753,0.41856596089,0.384083471568,0.444604287136,0.0344824893217,0.0873114157944,17756,0.430237530703,-0.0804037899653,-0.905145215981,347.731030009
PKIS2,222,positive_exp1_cluster_multiplier,ok,644,338,,338,644,,0.41749916948,0.307250084332,0.363054163083,0.110249085148,0.977659835864,198944,-0.975645644843,0.402188079537,0.379721854806,0.439870460557,0.0224662247312,0.0168509509067,3428,0.626488021618,-0.0877828604169,-0.960808884957,339.042467444
PKIS2,223,positive_exp1_cluster_multiplier,ok,644,338,,338,644,,0.403066100065,0.293173456612,0.352166712651,0.109892643453,0.979094795813,199236,-0.862800103461,0.416088736067,0.37579371387,0.440414527735,0.0402950221967,0.117927170868,23994,0.376438955394,-0.069597621256,-0.861167624945,330.883456434
PKIS2,224,positive_exp1_cluster_multiplier,ok,644,338,,338,644,,0.428524878904,0.310866138641,0.366036985533,0.117658740263,0.992908742444,202047,-1.132625234,0.407296740936,0.380909768713,0.436006216344,0.0263869722223,0.0478451029535,9733,0.521076705356,-0.0912717680407,-0.945063639491,325.452113709
PKIS2,225,positive_exp1_cluster_multiplier,ok,644,338,,338,644,,0.416017766703,0.30510156286,0.36554494495,0.110916203843,0.969109047128,197203,-0.83504297754,0.411662627704,0.382548176842,0.43902404009,0.0291144508611,0.0549068750307,11170,0.484479754944,-0.0818017529814,-0.914202172097,350.113150217
PKIS2,226,positive_exp1_cluster_multiplier,ok,644,338,,338,644,,0.428066138903,0.301093945985,0.358879679462,0.126972192919,0.996039117401,202684,-1.19729309082,0.404476595721,0.372024168217,0.427002748157,0.0324524275043,0.103086146739,20962,0.409725978016,-0.0945197654146,-0.892952970662,337.094835559
PKIS2,227,positive_exp1_cluster_multiplier,ok,644,338,,338,644,,0.394938181119,0.285369668163,0.342835628671,0.109568512956,0.98462823726,200362,-0.906668086393,0.411634710023,0.375073204456,0.437962359619,0.0365615055667,0.0855816010615,17414,0.418635765229,-0.0730070073896,-0.899046636198,289.82741034
PKIS2,228,positive_exp1_cluster_multiplier,ok,644,338,,338,644,,0.42372622378,0.312829292221,0.368528340797,0.110896931558,0.98025947221,199473,-0.991002259366,0.404393419281,0.370910761242,0.434375696387,0.0334826580399,0.0570150867364,11599,0.472422717158,-0.0774142735185,-0.923244385473,332.216294076
PKIS2,229,positive_exp1_cluster_multiplier,ok,644,338,,338,644,,0.42721321867,0.292312552849,0.357384624931,0.13490066582,0.990938129638,201646,-1.07309620709,0.387985113076,0.364442740893,0.424674445482,0.0235423721833,0.0267187576785,5432,0.609136544554,-0.111358293637,-0.964219371959,337.599725639
PKIS2,230,positive_exp1_cluster_multiplier,ok,644,338,,338,644,,0.445286169577,0.334321929718,0.385547447397,0.110964239859,0.988879060396,201227,-1.16619069726,0.418001757182,0.389269177629,0.439008804204,0.0287325795528,0.0837780726326,17040,0.42234026407,-0.0822316603066,-0.905100987764,335.235987564
PKIS2,231,positive_exp1_cluster_multiplier,ok,644,338,,338,644,,0.400062481643,0.288569473822,0.349578302982,0.111493007821,0.97669664357,198748,-0.827489715097,0.401619551929,0.381665421034,0.440172661659,0.0199541308948,0.0119661899848,2430,0.658945958115,-0.0915388769261,-0.964730453585,316.38891246
PKIS2,232,positive_exp1_cluster_multiplier,ok,644,338,,338,644,,0.393321497524,0.297721503957,0.351404754037,0.0955999935677,0.956174750602,194572,-0.780816053872,0.405868742827,0.378397448455,0.435796234921,0.0274712943715,0.0357020000983,7258,0.521395902891,-0.0681286991961,-0.920472750504,303.888422758
PKIS2,233,positive_exp1_cluster_multiplier,ok,644,338,,338,644,,0.41195363251,0.293337904175,0.354005568886,0.118615728334,0.985709371468,200582,-0.955172148131,0.397968392097,0.379291570781,0.434722849266,0.0186768213157,0.0127033269448,2584,0.663063493642,-0.0999389070188,-0.973006044523,332.344629346
PKIS2,234,positive_exp1_cluster_multiplier,ok,644,338,,338,644,,0.420350073944,0.310005498911,0.364221999027,0.110344575033,0.990633446361,201584,-1.03525817412,0.418454923616,0.390652055624,0.447026729172,0.0278028679919,0.0608285419431,12375,0.506819884854,-0.082541707041,-0.929804904418,300.405325916
PKIS2,235,positive_exp1_cluster_multiplier,ok,644,338,,338,644,,0.446555205572,0.334920919471,0.38266523046,0.111634286101,0.992825200256,202030,-1.33816938161,0.422602746792,0.374825298047,0.43738301251,0.0477774487455,0.227711435451,46330,0.236266075968,-0.0638568373551,-0.765113764804,310.917426508
PKIS2,236,positive_exp1_cluster_multiplier,ok,644,338,,338,644,,0.424423102041,0.315353395298,0.369862754524,0.109069706744,0.98666273527,200776,-1.00093540432,0.411347354037,0.393513610379,0.446263552979,0.0178337436579,0.0145019411273,2946,0.661919183626,-0.0912359630857,-0.972160794142,346.407288494
PKIS2,237,positive_exp1_cluster_multiplier,ok,644,338,,338,644,,0.407999155506,0.280181223335,0.347558874003,0.127817932172,0.99415696103,202301,-0.897037532536,0.401869621123,0.381506627096,0.435439337212,0.0203629940266,0.034556980687,7009,0.622437033427,-0.107454938145,-0.959599980343,315.776985779
PKIS2,238,positive_exp1_cluster_multiplier,ok,644,338,,338,644,,0.411742823507,0.287544215063,0.358966821196,0.124198608444,0.965919701214,196555,-0.738925743083,0.382697714441,0.355701344899,0.421287916159,0.0269963695416,0.0202565236621,4119,0.58838571642,-0.0972022389023,-0.945663177552,300.784949879
PKIS2,239,positive_exp1_cluster_multiplier,ok,644,338,,338,644,,0.420272742628,0.302328872414,0.362832723911,0.117943870214,0.98727701607,200901,-0.949361359582,0.410602614958,0.372112833982,0.433911573882,0.0384897809765,0.140748931151,28640,0.377175310715,-0.0794540892376,-0.846528084918,295.290492595
PKIS2,240,positive_exp1_cluster_multiplier,ok,644,338,,338,644,,0.436927397848,0.308882718741,0.364413583351,0.128044679107,0.996009631923,202678,-1.3058290197,0.408917966994,0.375469023363,0.429728010983,0.0334489436313,0.114777138926,23355,0.383531741043,-0.094595735476,-0.881232492997,286.653513104
PKIS2,241,positive_exp1_cluster_multiplier,ok,644,338,,338,644,,0.44149235431,0.324241568474,0.376686731725,0.117250785836,0.991223155929,201704,-1.23568349428,0.406007033173,0.379965672088,0.433355268852,0.0260413610843,0.0649909086442,13218,0.512239037889,-0.091209424752,-0.926232247285,347.552687053
PKIS2,242,positive_exp1_cluster_multiplier,ok,644,338,,338,644,,0.39229511024,0.287282818925,0.345179174127,0.105012291315,0.960229003882,195397,-0.813797966188,0.381902537581,0.357599580361,0.431526434075,0.0243029572197,0.0130817239176,2657,0.671256708506,-0.0807093340951,-0.947147279965,322.591677626
PKIS2,243,positive_exp1_cluster_multiplier,ok,644,338,,338,644,,0.428239878557,0.29497000232,0.356435115694,0.133269876237,0.994255245958,202321,-1.16821980667,0.401282881616,0.374574621249,0.440938575342,0.0267082603664,0.025018428424,5090,0.597548688419,-0.10656161587,-0.969236817534,327.086130732
PKIS2,244,positive_exp1_cluster_multiplier,ok,644,338,,338,644,,0.423457167295,0.307762618892,0.363469809663,0.115694548403,0.991090471276,201677,-1.0768332921,0.415355055479,0.396328299472,0.449901070403,0.0190267560071,0.0340557275542,6923,0.644842787177,-0.0966677923954,-0.957034743722,335.30048181
PKIS2,245,positive_exp1_cluster_multiplier,ok,644,338,,338,644,,0.420270842803,0.288673905221,0.345991863397,0.131596937582,0.995773748096,202630,-1.29591112053,0.40850599923,0.376634534573,0.434126197814,0.0318714646569,0.0842154405622,17132,0.445633282113,-0.0997254729254,-0.911558307534,341.256296357
PKIS2,246,positive_exp1_cluster_multiplier,ok,644,338,,338,644,,0.431103552195,0.310523248153,0.374573001635,0.120580304042,0.975546709912,198514,-0.882603717999,0.395813230211,0.382963897758,0.443076948839,0.0128493324528,0.00333185905941,675,0.786247208855,-0.107730971589,-0.972214850853,325.981843038
PKIS2,247,positive_exp1_cluster_multiplier,ok,644,338,,338,644,,0.406017827514,0.298346265228,0.359573467541,0.107671562286,0.959128212689,195173,-0.758557605433,0.394618293803,0.366321727104,0.432769850591,0.0282965666986,0.0323996265173,6592,0.574155518416,-0.0793749955874,-0.926728586171,308.867052815
PKIS2,248,positive_exp1_cluster_multiplier,ok,644,338,,338,644,,0.422930454417,0.308025259546,0.369046620405,0.114905194871,0.97655904467,198720,-0.883032322658,0.40388619572,0.377632978786,0.44331751204,0.0262532169348,0.0262420757777,5339,0.600313564941,-0.0886519779367,-0.950316968893,339.081767333
PKIS2,249,positive_exp1_cluster_multiplier,ok,644,338,,338,644,,0.440440170806,0.331321074839,0.383310688222,0.109119095967,0.983262076761,200084,-1.09886338572,0.420617033657,0.388666690413,0.442200404792,0.0319503432437,0.122433534817,24911,0.403173427918,-0.0771687527234,-0.860828541943,343.811673079
PKIS2,250,positive_exp1_cluster_multiplier,ok,644,338,,338,644,,0.436916636494,0.320943666177,0.382447329519,0.115972970317,0.985532458597,200546,-0.885627034488,0.410217697661,0.380357536538,0.435936345425,0.0298601611228,0.0641161727849,13042,0.462741974486,-0.0861128091946,-0.921416285813,311.404526773
PKIS2,251,positive_exp1_cluster_multiplier,ok,644,338,,338,644,,0.413580815245,0.293271295308,0.358414327578,0.120309519938,0.980991694924,199622,-0.846851700696,0.402863332514,0.371776715815,0.437911674499,0.0310866166994,0.0361393680279,7353,0.529951823995,-0.0892229032381,-0.944852326896,341.135265593
PKIS2,252,positive_exp1_cluster_multiplier,ok,644,338,,338,644,,0.413531579382,0.29763039085,0.357353536592,0.115901188531,0.984711779449,200379,-0.940641054521,0.412488244718,0.382244919659,0.442556739538,0.0302433250591,0.0649319376874,13210,0.498550613796,-0.0856578634723,-0.919779841761,271.869488847
PKIS2,253,positive_exp1_cluster_multiplier,ok,644,338,,338,644,,0.428718142745,0.31498283576,0.374281567369,0.113735306985,0.983689616197,200171,-0.918005729601,0.402538178076,0.373799641809,0.43594914627,0.0287385362668,0.0300309597523,6110,0.537590258908,-0.0849967707179,-0.953658656445,320.762730147
PKIS2,254,positive_exp1_cluster_multiplier,ok,644,338,,338,644,,0.405207558641,0.29399122368,0.353006450654,0.111216334961,0.972042852229,197801,-0.884536257236,0.393163115241,0.352800156223,0.419659927891,0.0403629590174,0.0995184038528,20250,0.39630426472,-0.0708533759434,-0.872524448376,317.190393656
PKIS2,255,positive_exp1_cluster_multiplier,ok,644,338,,338,644,,0.422921252888,0.30962704129,0.373489519928,0.113294211599,0.972431077694,197880,-0.774034049631,0.412994484053,0.38084329724,0.445267830245,0.0321511868137,0.0406850459482,8278,0.500948081207,-0.0811430247849,-0.931746031746,308.424249163
PKIS2,256,positive_exp1_cluster_multiplier,ok,644,338,,338,644,,0.441848516454,0.324294372674,0.381921738337,0.117554143779,0.993355938867,202138,-1.03990139801,0.401231812974,0.380158370057,0.439628222447,0.0210734429164,0.0161383851786,3279,0.645644943285,-0.0964807008629,-0.977217553688,322.830472098
PKIS2,257,positive_exp1_cluster_multiplier,ok,644,338,,338,644,,0.436989236597,0.313448564729,0.371868831033,0.123540671868,0.991444297017,201749,-1.11468861209,0.41563918964,0.392697576429,0.445970849875,0.0229416132111,0.0411961275738,8380,0.569359798503,-0.100599058657,-0.950248169443,324.300294628
PKIS2,258,positive_exp1_cluster_multiplier,ok,644,338,,338,644,,0.44259953262,0.325280586506,0.384922390104,0.117318946114,0.982446311858,199918,-0.967058992784,0.409426892741,0.380917802359,0.439023334115,0.0285090903818,0.0583271905253,11869,0.509356690828,-0.0888098557326,-0.924119121333,291.926766625
PKIS2,259,positive_exp1_cluster_multiplier,ok,644,338,,338,644,,0.404824653453,0.299829232804,0.353459329239,0.104995420649,0.974264091602,198253,-0.957770498795,0.414782452067,0.375179179063,0.435038050708,0.0396032730043,0.149825544253,30487,0.338389249314,-0.0653921476445,-0.824438547349,341.528550069
PKIS2,260,positive_exp1_cluster_multiplier,ok,644,338,,338,644,,0.43554817845,0.306074720912,0.370759609809,0.129473457538,0.991955378643,201853,-1.00160284335,0.402477452101,0.377981414993,0.437681589472,0.0244960371079,0.0303700427539,6177,0.589682319666,-0.10497742043,-0.961585335889,340.061012403
PKIS2,261,positive_exp1_cluster_multiplier,ok,644,338,,338,644,,0.422962277706,0.30060312749,0.356524044387,0.122359150215,0.984470981375,200330,-1.18807482077,0.391430947415,0.357767724634,0.419763087555,0.0336632227809,0.0605386014055,12316,0.457004182333,-0.0886959274345,-0.92393237997,342.487036871
PKIS2,262,positive_exp1_cluster_multiplier,ok,644,338,,338,644,,0.41820703222,0.292309364912,0.359258093158,0.125897667308,0.980401985356,199502,-0.880508720725,0.385384902657,0.357278558624,0.421906953392,0.0281063440331,0.0421347486363,8571,0.565108430528,-0.0977913232754,-0.938267236719,306.3689331
PKIS2,263,positive_exp1_cluster_multiplier,ok,644,338,,338,644,,0.427755352772,0.302035945715,0.371590479478,0.125719407057,0.983483217849,200129,-0.807494066254,0.398425340126,0.367436362796,0.443119067163,0.0309889773296,0.0204924074893,4163,0.590540829787,-0.0947304297272,-0.962990810359,325.648918061
PKIS2,264,positive_exp1_cluster_multiplier,ok,644,338,,338,644,,0.418454827805,0.297204600388,0.359976482879,0.121250227417,0.986210624601,200684,-0.931600943055,0.398806078303,0.383169717578,0.446134658578,0.0156363607252,0.00370534178584,749,0.751665601892,-0.105613866692,-0.982505282815,366.879961012
PKIS2,265,positive_exp1_cluster_multiplier,ok,644,338,,338,644,,0.414900469182,0.279911037725,0.34395525642,0.134989431457,0.995842547545,202644,-1.1077535835,0.406096039873,0.380448656313,0.441492342543,0.0256473835603,0.0331367634773,6740,0.579851985617,-0.109342047897,-0.962705784068,303.492954785
PKIS2,266,positive_exp1_cluster_multiplier,ok,644,338,,338,644,,0.418956887128,0.310331219683,0.369518751742,0.108625667444,0.975753108261,198556,-0.835279554104,0.415609424629,0.375847296947,0.441286333531,0.0397621276813,0.110801513588,22546,0.39237907896,-0.0688635397629,-0.864951594673,353.867895005
PKIS2,267,positive_exp1_cluster_multiplier,ok,644,338,,338,644,,0.414101060737,0.30369485952,0.359609934601,0.110406201217,0.982121971596,199852,-0.974533720234,0.408221354137,0.38302430732,0.43468160303,0.0251970468171,0.0608383704359,12377,0.512226753821,-0.0852091544,-0.92128360116,322.166929448
PKIS2,268,positive_exp1_cluster_multiplier,ok,644,338,,338,644,,0.427025994597,0.302162384052,0.358367931895,0.124863610544,0.992392746572,201942,-1.22155312665,0.401715994628,0.37714412206,0.438469058466,0.0245718725679,0.0199076121677,4048,0.599316786809,-0.100291737976,-0.972485134405,282.130436817
PKIS2,269,positive_exp1_cluster_multiplier,ok,644,338,,338,644,,0.431925743069,0.299611854017,0.367911029907,0.132313889052,0.98825986535,201101,-0.937269188517,0.393451682347,0.372303851612,0.434643105194,0.0211478307343,0.0143692564745,2921,0.660762208094,-0.111166058318,-0.973890608875,321.493954211
PKIS2,270,positive_exp1_cluster_multiplier,ok,644,338,,338,644,,0.427544100355,0.303043406775,0.365251157488,0.12450069358,0.990412305273,201539,-1.0013694781,0.40559308406,0.376124913019,0.436795134777,0.0294681710408,0.0428669713499,8723,0.514289379745,-0.0950325225391,-0.947545333923,278.991743177
PKIS2,271,positive_exp1_cluster_multiplier,ok,644,338,,338,644,,0.423629559811,0.305419968471,0.363972438169,0.11820959134,0.989232886137,201299,-1.01886601796,0.412197902297,0.380117782642,0.438197356745,0.0320801196548,0.0816747751732,16619,0.4476522917,-0.0861294716854,-0.907558110964,310.149224928
PKIS2,272,positive_exp1_cluster_multiplier,ok,644,338,,338,644,,0.418543412796,0.302430130519,0.361343862829,0.116113282277,0.982721509656,199974,-0.970903518136,0.398128572329,0.368942710335,0.430128603504,0.0291858619938,0.0423214899995,8609,0.522996879148,-0.086927420283,-0.940400019657,378.485365213
PKIS2,273,positive_exp1_cluster_multiplier,ok,644,338,,338,644,,0.423531001747,0.300816587611,0.361231329503,0.122714414136,0.988702147526,201191,-1.03119984119,0.392020016291,0.370418641379,0.43884555873,0.0216013749119,0.0061772077252,1254,0.684314656453,-0.101113039224,-0.9825249398,368.166372123
PKIS2,274,positive_exp1_cluster_multiplier,ok,644,338,,338,644,,0.404546390215,0.287695755877,0.350921002945,0.116850634338,0.981871345029,199801,-0.848164139431,0.405782034847,0.373756063769,0.433232637144,0.0320259710784,0.0592707258342,12056,0.461536378763,-0.08482466326,-0.922600619195,315.43739676
PKIS2,275,positive_exp1_cluster_multiplier,ok,644,338,,338,644,,0.431136204356,0.32274666814,0.377299355797,0.108389536216,0.979758219077,199371,-0.986878023254,0.400326926259,0.380150144971,0.441181202364,0.0201767812886,0.0110865398791,2255,0.669401413801,-0.0882127549274,-0.968671679198,340.210256287
PKIS2,276,positive_exp1_cluster_multiplier,ok,644,338,,338,644,,0.40412720246,0.30576859699,0.359072090911,0.0983586054695,0.954076367389,194145,-0.845256253084,0.412257999011,0.37631411314,0.437388214722,0.0359438858712,0.087109931692,17723,0.41147090272,-0.0624147195982,-0.866966435697,342.317626598
PKIS2,277,positive_exp1_cluster_multiplier,ok,644,338,,338,644,,0.414809817902,0.302044228855,0.360171973625,0.112765589048,0.98352253182,200137,-0.939961536321,0.401859824254,0.379319592008,0.434815280258,0.0225402322453,0.019421101774,3949,0.593838134888,-0.0902253568023,-0.964101430046,332.394719042
PKIS2,278,positive_exp1_cluster_multiplier,ok,644,338,,338,644,,0.431675559767,0.298475599541,0.359939841804,0.133199960225,0.992112634527,201885,-1.16711302901,0.404214722586,0.358088452277,0.424535885565,0.0461262703095,0.16390486019,33352,0.305823144301,-0.087073689916,-0.828207774338,332.525016246
PKIS2,279,positive_exp1_cluster_multiplier,ok,644,338,,338,644,,0.438626184906,0.324463472105,0.38363653156,0.114162712801,0.977871148459,198987,-0.929302183329,0.416503391797,0.386535316269,0.447932410344,0.0299680755272,0.0694677871148,14133,0.511897493214,-0.0841946372737,-0.908403361345,300.544937503
PKIS2,280,positive_exp1_cluster_multiplier,ok,644,338,,338,644,,0.419132050205,0.305022386799,0.362658026311,0.114109663407,0.980421642341,199506,-0.979845532585,0.404025446604,0.375891128406,0.434849854422,0.0281343181973,0.0554228709027,11263,0.522813328941,-0.0859753452095,-0.924998771438,327.281968714
PKIS2,281,positive_exp1_cluster_multiplier,ok,644,338,,338,644,,0.407787784037,0.296969821353,0.353811637388,0.110817962684,0.979541992235,199327,-0.949585189461,0.398668812486,0.36075331829,0.422758221813,0.0379154941963,0.0778072632562,15832,0.388508133353,-0.0729024684876,-0.901734728979,335.152327798
PKIS2,282,positive_exp1_cluster_multiplier,ok,644,338,,338,644,,0.425110077613,0.30174592308,0.362436136707,0.123364154534,0.987807754681,201009,-1.03268611463,0.412957379993,0.381425777159,0.439246483212,0.0315316028345,0.0789326256819,16061,0.454665897622,-0.0918325516994,-0.908875128999,332.399219234
PKIS2,283,positive_exp1_cluster_multiplier,ok,644,338,,338,644,,0.436379016816,0.314100455803,0.376535293305,0.122278561013,0.982126885842,199853,-0.958498907092,0.415200492448,0.38015947938,0.442091656873,0.0350410130684,0.0902550493882,18365,0.434203438559,-0.0872375479448,-0.891871836454,347.055724907
PKIS2,284,positive_exp1_cluster_multiplier,ok,644,338,,338,644,,0.451689044436,0.336706085441,0.390555743938,0.114982958995,0.989689911052,201392,-1.13525883365,0.410438810597,0.394124054424,0.447558354513,0.0163147561726,0.0128753255688,2619,0.694676338131,-0.0986682028222,-0.976814585483,339.457088409
PKIS2,285,positive_exp1_cluster_multiplier,ok,644,338,,338,644,,0.423000602355,0.302132836788,0.364355229217,0.120867765567,0.981168607794,199658,-0.942512347239,0.38600095875,0.373118512471,0.43168878458,0.0128824462794,0.00345962946582,697,0.780051452462,-0.107985319288,-0.977708978328,344.759201202
PKIS2,286,positive_exp1_cluster_multiplier,ok,644,338,,338,644,,0.39656613453,0.286918950767,0.346999349481,0.109647183763,0.972160794142,197825,-0.825007591674,0.389567007257,0.380333540822,0.435708349929,0.00923346643498,0.000859993120055,170,0.833255110333,-0.100413717328,-0.971300801022,321.090220494
PKIS2,287,positive_exp1_cluster_multiplier,ok,644,338,,338,644,,0.395916628926,0.293795431285,0.349450725244,0.10212119764,0.964140744017,196193,-0.834887400235,0.388054583015,0.366483235572,0.422059885687,0.0215713474431,0.0254656248464,5174,0.611863122406,-0.0805498501973,-0.93867511917,313.52706624
PKIS2,288,positive_exp1_cluster_multiplier,ok,644,338,,338,644,,0.430134257371,0.313389496308,0.372258766328,0.116744761063,0.985463659148,200532,-0.983118883965,0.410878055513,0.383898503774,0.439785918342,0.0269795517389,0.0610201975527,12414,0.517251747153,-0.089765209324,-0.924443461595,366.220698167
PKIS2,289,positive_exp1_cluster_multiplier,ok,644,338,,338,644,,0.428620307849,0.317675316471,0.369151733492,0.110944991378,0.99083984471,201626,-1.15525861742,0.413139321534,0.389563571167,0.439079192301,0.0235757503666,0.0648483954986,13185,0.523872470405,-0.0873692410109,-0.925991449211,281.367721585
PKIS2,290,positive_exp1_cluster_multiplier,ok,644,338,,338,644,,0.441490865616,0.318912920055,0.376811974378,0.122577945561,0.991616295641,201784,-1.11709754147,0.404748597406,0.38131586595,0.440499123621,0.0234327314566,0.0289498255443,5886,0.604064859239,-0.0991452141045,-0.962666470097,307.615300941
PKIS2,291,positive_exp1_cluster_multiplier,ok,644,338,,338,644,,0.445090623922,0.331691275183,0.384891210176,0.113399348739,0.985674971743,200575,-1.13156931023,0.413324183211,0.390282887836,0.443544114319,0.0230412953752,0.0389798024473,7929,0.567390822616,-0.090358053364,-0.946695169296,315.163469621
PKIS2,292,positive_exp1_cluster_multiplier,ok,644,338,,338,644,,0.447318007187,0.330876630069,0.381304945943,0.116441377118,0.985994397759,200640,-1.30904750834,0.422955350443,0.391353217773,0.441267097059,0.0316021326696,0.1440267335,29305,0.366866828993,-0.084839244448,-0.841967664259,352.817823634
PKIS2,293,positive_exp1_cluster_multiplier,ok,644,338,,338,644,,0.434246841274,0.305260953338,0.366246855024,0.128985887936,0.988643176569,201179,-1.11501157433,0.399564093062,0.3722364425,0.435473579218,0.027327650562,0.0319770013268,6504,0.567854397268,-0.101658237374,-0.956666175242,356.694797194
PKIS2,294,positive_exp1_cluster_multiplier,ok,644,338,,338,644,,0.416025138149,0.311798357218,0.363752284279,0.10422678093,0.972465477419,197887,-1.0061386468,0.405972408312,0.380130888796,0.430821064489,0.0258415195153,0.0761462479729,15492,0.490206550636,-0.078385261415,-0.896319229446,344.492064893
PKIS2,295,positive_exp1_cluster_multiplier,ok,644,338,,338,644,,0.394787184949,0.284239784893,0.345746604401,0.110547400056,0.97103051747,197595,-0.797319401987,0.389136648924,0.362536997196,0.433959786118,0.0265996517277,0.0207479483021,4221,0.627574726088,-0.083947748328,-0.950282569168,329.127683821
PKIS2,296,positive_exp1_cluster_multiplier,ok,644,338,,338,644,,0.408811204138,0.301728339892,0.363342377167,0.107082864246,0.961531279178,195662,-0.737962142755,0.407357969841,0.392835630015,0.445876027544,0.0145223398262,0.016266155585,3307,0.726202281605,-0.0925605244202,-0.945265123593,316.765686881
PKIS2,297,positive_exp1_cluster_multiplier,ok,644,338,,338,644,,0.403623152245,0.304778262287,0.361570781445,0.0988448899579,0.959501695415,195248,-0.740456162584,0.418853212616,0.381941856152,0.446158299469,0.0369113564634,0.0872622733304,17756,0.42520397336,-0.0619335334945,-0.872239422085,278.319575557
PKIS2,298,positive_exp1_cluster_multiplier,ok,644,338,,338,644,,0.437143448191,0.313935962503,0.380896162634,0.123207485689,0.979586220453,199336,-0.840010714529,0.402994438511,0.373530321603,0.438461876271,0.0294641169087,0.0397611676249,8090,0.546228069551,-0.0937433687799,-0.939825052828,328.507346141
PKIS2,299,positive_exp1_cluster_multiplier,ok,644,338,,338,644,,0.407009405601,0.287940795097,0.346206247987,0.119068610504,0.984829721362,200403,-1.04355419203,0.411479081018,0.383689496771,0.441637834223,0.0277895842472,0.0471571084574,9593,0.52044207877,-0.0912790262567,-0.937672612905,336.919604724
PKIS2,300,positive_exp1_cluster_multiplier,ok,644,338,,338,644,,0.397606641251,0.282392471376,0.349454667368,0.115214169875,0.961393680279,195634,-0.71801964088,0.387649400017,0.373740763526,0.43182559078,0.0139086364909,0.00326305960981,661,0.760546133156,-0.101305533384,-0.958130620669,286.966772853
PKIS2,301,positive_exp1_cluster_multiplier,ok,644,338,,338,644,,0.418232572204,0.296264579048,0.361433485056,0.121967993156,0.979183252248,199254,-0.871567295316,0.397677527443,0.363278345379,0.428793781111,0.0343991820641,0.0810260946484,16485,0.474945382259,-0.0875688110923,-0.8981571576,322.705237491
PKIS2,302,positive_exp1_cluster_multiplier,ok,644,338,,338,644,,0.403964012979,0.302410140713,0.357683303138,0.101553872266,0.966209641751,196613,-0.837308882112,0.419735704412,0.379728381072,0.441282939528,0.0400073233399,0.125524595803,25543,0.350051006084,-0.0615465489262,-0.840685045948,326.624333156
PKIS2,303,positive_exp1_cluster_multiplier,ok,644,338,,338,644,,0.405283642123,0.303179729826,0.359335157803,0.102103912298,0.957663767261,194875,-0.818237630371,0.40072920134,0.371248611348,0.428756094561,0.029480589992,0.0583615902501,11871,0.487360803418,-0.0726233223057,-0.899302177011,323.998789562
PKIS2,304,positive_exp1_cluster_multiplier,ok,644,338,,338,644,,0.416521005006,0.299153797644,0.36472702287,0.117367207362,0.962391272298,195837,-0.78986479554,0.394322211133,0.358406005877,0.422637828261,0.0359162052562,0.0967123691582,19677,0.440834715208,-0.0814510021053,-0.86567890314,323.093146056
PKIS2,305,positive_exp1_cluster_multiplier,ok,644,338,,338,644,,0.389158210487,0.2682269843,0.331781670528,0.120931226187,0.994260160204,202322,-0.902790075194,0.419049655687,0.394775691566,0.453719909232,0.0242739641201,0.0456926630301,9297,0.588187525742,-0.0966572620671,-0.948567497174,298.729170264
PKIS2,306,positive_exp1_cluster_multiplier,ok,644,338,,338,644,,0.430894603182,0.295528438064,0.360530633648,0.135366165118,0.988033810015,201055,-1.08248604378,0.389137101012,0.365473843638,0.426202933217,0.0236632573734,0.0166248955723,3383,0.610347239887,-0.111702907745,-0.971408914443,317.751697574
PKIS2,307,positive_exp1_cluster_multiplier,ok,644,338,,338,644,,0.425699781913,0.3115738542,0.370537483669,0.114125927713,0.985301489017,200498,-0.93553091527,0.405934067696,0.3743985866,0.435565670461,0.0315354810963,0.0494176618016,10055,0.484437068014,-0.0825904466163,-0.935883827215,321.660882577
PKIS2,308,positive_exp1_cluster_multiplier,ok,644,338,,338,644,,0.430996158596,0.327538519325,0.381323134818,0.103457639271,0.978421544056,199099,-0.923554502036,0.41073494111,0.394573269706,0.450888155024,0.0161616714034,0.00799547889331,1622,0.713012442228,-0.0872959678672,-0.970426065163,303.565775658
PKIS2,309,positive_exp1_cluster_multiplier,ok,644,338,,338,644,,0.429324868572,0.295276075376,0.361423529142,0.134048793196,0.989522826675,201358,-1.02651478724,0.397829172132,0.372260537328,0.430832984795,0.0255686348037,0.0505233672416,10276,0.563469926398,-0.108480158392,-0.938999459433,340.993183351
PKIS2,310,positive_exp1_cluster_multiplier,ok,644,338,,338,644,,0.448530116513,0.324209454675,0.382499182697,0.124320661838,0.98241682638,199912,-1.13280565989,0.39371589957,0.364013661028,0.427630936861,0.0297022385419,0.0516929578849,10516,0.533110493132,-0.0946184232961,-0.930723868495,335.934062078
PKIS2,311,positive_exp1_cluster_multiplier,ok,644,338,,338,644,,0.402275638889,0.27717985725,0.339216283523,0.125095781639,0.98782249742,201012,-1.01648916862,0.390475615309,0.368331531728,0.426993150286,0.022144083581,0.0213524006094,4340,0.622511548004,-0.102951698058,-0.966470096811,344.643028723
PKIS2,312,positive_exp1_cluster_multiplier,ok,644,338,,338,644,,0.411847805011,0.295642003347,0.361540068731,0.116205801664,0.972657133029,197926,-0.763417499241,0.409959119181,0.388130219564,0.446676084479,0.0218288996165,0.0293429652563,5966,0.627148738033,-0.0943769020473,-0.943314167772,298.282718387
PKIS2,313,positive_exp1_cluster_multiplier,ok,644,338,,338,644,,0.420999028878,0.30784543971,0.365187074563,0.113153589168,0.983080249644,200047,-0.973323388092,0.399198521112,0.379264440392,0.433406881746,0.0199340807199,0.0234802693007,4775,0.631821539232,-0.0932195084483,-0.959599980343,330.341391354
PKIS2,314,positive_exp1_cluster_multiplier,ok,644,338,,338,644,,0.418867563023,0.302636397959,0.369347667074,0.116231165065,0.967079463364,196791,-0.74230181207,0.399119248522,0.3642515611,0.434715683276,0.0348676874224,0.0573050272741,11660,0.505171052369,-0.0813634776423,-0.90977443609,324.061699356
PKIS2,315,positive_exp1_cluster_multiplier,ok,644,338,,338,644,,0.432376464302,0.313531386855,0.375106115772,0.118845077447,0.982372598162,199903,-0.930095016841,0.403065374372,0.383115866792,0.445471199347,0.0199495075797,0.0146051403017,2969,0.680067337268,-0.0988955698677,-0.96776745786,373.549177148
PKIS2,316,positive_exp1_cluster_multiplier,ok,644,338,,338,644,,0.424560759278,0.32116677881,0.37596755682,0.103393980468,0.965315248907,196432,-0.886724682065,0.390559494742,0.371120740331,0.435583471398,0.0194387544117,0.00956312349501,1943,0.698449722968,-0.0839552260564,-0.955752125412,305.071333738
PKIS2,317,positive_exp1_cluster_multiplier,ok,644,338,,338,644,,0.414480388664,0.298055008881,0.361178156299,0.116425379782,0.971492456632,197689,-0.844416581637,0.401117613341,0.364988702854,0.430243258473,0.036128910487,0.0762101331761,15507,0.446338877884,-0.0802964692954,-0.895282323456,341.797231684
PKIS2,318,positive_exp1_cluster_multiplier,ok,644,338,,338,644,,0.417874769772,0.305819080304,0.36758787154,0.112055689468,0.974386947762,198278,-0.814114979852,0.397617959069,0.376856628517,0.437240685415,0.0207613305517,0.0156174750602,3173,0.656178607097,-0.0912943589158,-0.958769472701,346.210692654
PKIS2,319,positive_exp1_cluster_multiplier,ok,644,338,,338,644,,0.40429062711,0.291177470916,0.343364450638,0.113113156194,0.993891591724,202247,-1.16745933174,0.411401873134,0.388488574444,0.439875175147,0.0229132986907,0.0481547004767,9794,0.554099738509,-0.0901998575029,-0.945736891248,303.150585815
PKIS2,320,positive_exp1_cluster_multiplier,ok,644,338,,338,644,,0.419848734324,0.302464310409,0.369244928979,0.117384423915,0.977817091749,198976,-0.757761854097,0.40424613296,0.378398830516,0.444650062947,0.0258473024439,0.0332694481301,6769,0.609859296262,-0.0915371214711,-0.944547643619,305.899126193
PKIS2,321,positive_exp1_cluster_multiplier,ok,644,338,,338,644,,0.437725427034,0.308220870075,0.373998351117,0.129504556959,0.989606368863,201375,-0.968828159862,0.404438621798,0.36894865557,0.435990147529,0.0354899662276,0.0523956951202,10661,0.470626843311,-0.0940145907317,-0.937210673743,344.10685286
PKIS2,322,positive_exp1_cluster_multiplier,ok,644,338,,338,644,,0.405076292272,0.301665192484,0.356337819065,0.103411099787,0.982058086392,199839,-0.891460247186,0.415258147788,0.370842944822,0.433958231219,0.0444152029662,0.17355644012,35316,0.296284537366,-0.0589958968213,-0.808501646273,306.115205483
PKIS2,323,positive_exp1_cluster_multiplier,ok,644,338,,338,644,,0.426310069574,0.299286209419,0.362103525268,0.127023860155,0.984392353433,200314,-1.02211537435,0.384481478094,0.371769496095,0.432907314491,0.012711981999,0.00252100840336,510,0.792076617509,-0.114311878156,-0.981871345029,305.452200261
PKIS2,324,positive_exp1_cluster_multiplier,ok,644,338,,338,644,,0.407165754453,0.29577881111,0.358876175059,0.111386943344,0.979129195538,199243,-0.765318491464,0.414577185239,0.380253533565,0.440994604865,0.0343236516737,0.0794535358003,16168,0.434918565986,-0.0770632916698,-0.899675659738,333.007777373
PKIS2,325,positive_exp1_cluster_multiplier,ok,644,338,,338,644,,0.428391006301,0.312654099321,0.375907199159,0.11573690698,0.976568873163,198722,-0.829742847014,0.398661245274,0.368496075062,0.440242393404,0.0301651702123,0.0326846528085,6651,0.579557935384,-0.0855717367676,-0.943884220355,297.815094261
PKIS2,326,positive_exp1_cluster_multiplier,ok,644,338,,338,644,,0.44281127873,0.313586478768,0.380909971646,0.129224799961,0.978392058578,199093,-0.919460717751,0.392763508,0.360949548434,0.426947351019,0.0318139595659,0.053830655069,10951,0.517954260298,-0.0974108403956,-0.924561403509,316.024044179
PKIS2,327,positive_exp1_cluster_multiplier,ok,644,338,,338,644,,0.420143268863,0.302271903928,0.360756867879,0.117871364936,0.990220649663,201500,-1.01541314163,0.422514732545,0.386903134091,0.444597496137,0.0356115984538,0.142464003145,28987,0.382754272844,-0.0822597664819,-0.847756646518,331.413722187
PKIS2,328,positive_exp1_cluster_multiplier,ok,644,338,,338,644,,0.430874924502,0.318851967822,0.376793312535,0.112022956679,0.979846675512,199389,-0.933385516601,0.414591856178,0.380160411294,0.443729780004,0.0344314448841,0.0709666322669,14440,0.458364215622,-0.0775915117953,-0.908880043245,314.939129687
PKIS2,329,positive_exp1_cluster_multiplier,ok,644,338,,338,644,,0.422097367486,0.289613181973,0.358864065388,0.132484185513,0.989861909676,201427,-0.913104627382,0.400316061042,0.376889155683,0.441248048246,0.0234269053594,0.0223008501646,4535,0.635995828608,-0.109057280154,-0.967561059512,319.849948903
PKIS2,330,positive_exp1_cluster_multiplier,ok,644,338,,338,644,,0.415422680317,0.29566195366,0.359746619716,0.119760726657,0.98468229397,200373,-0.868789119575,0.387078798823,0.367828141701,0.438722295846,0.0192506571223,0.0047127622979,958,0.728459174746,-0.100510069535,-0.979969531672,339.72150435
PKIS2,331,positive_exp1_cluster_multiplier,ok,644,338,,338,644,,0.428313100678,0.278189101869,0.344282349756,0.150123998809,0.998029387193,203089,-1.27139690677,0.390776806607,0.370142297159,0.428124663425,0.0206345094476,0.0207921765197,4228,0.644124398909,-0.129489489361,-0.977237210674,338.989579268
PKIS2,332,positive_exp1_cluster_multiplier,ok,644,338,,338,644,,0.432759677428,0.31554161964,0.368292617515,0.117218057789,0.990820187724,201622,-1.22210123998,0.408042655879,0.389350354417,0.439260339153,0.0186923014627,0.0306108408276,6226,0.625479719912,-0.0985257563262,-0.960209346897,317.832349191
PKIS2,333,positive_exp1_cluster_multiplier,ok,644,338,,338,644,,0.435330046578,0.323201069403,0.374351455171,0.112128977175,0.990456533491,201548,-1.19214333363,0.413306008866,0.386936139378,0.443419528356,0.0263698694872,0.0693547594476,14106,0.533139389038,-0.085759107688,-0.921101774043,313.258682213
PKIS2,334,positive_exp1_cluster_multiplier,ok,644,338,,338,644,,0.408803781681,0.292299545842,0.356437043632,0.116504235839,0.978991596639,199215,-0.816476162212,0.408036177462,0.374688920579,0.440246791012,0.0333472568831,0.058715415991,11947,0.491330992561,-0.0831569789559,-0.920276180648,356.354524556
PKIS2,335,positive_exp1_cluster_multiplier,ok,644,338,,338,644,,0.442654922108,0.32667498745,0.386749383398,0.115979934659,0.983375104428,200107,-0.930605091046,0.427042800052,0.396842977316,0.454416248791,0.0301998227367,0.0735711828591,14968,0.475454113297,-0.0857801119222,-0.909803921569,303.837599667
PKIS2,336,positive_exp1_cluster_multiplier,ok,644,338,,338,644,,0.43025891758,0.297420104701,0.360975779953,0.132838812879,0.994972725932,202467,-1.09011724528,0.401824949965,0.372849373808,0.432286852421,0.0289755761567,0.0363064524055,7383,0.51250327516,-0.103863236722,-0.958666273527,328.562029583
PKIS2,337,positive_exp1_cluster_multiplier,ok,644,338,,338,644,,0.419047708576,0.304867829997,0.363869502576,0.11417987858,0.981655118188,199757,-0.935197318774,0.412065629462,0.374961774666,0.435305840619,0.0371038547965,0.127431323407,25930,0.385128360009,-0.0770760237831,-0.854223794781,338.818046662
PKIS2,338,positive_exp1_cluster_multiplier,ok,644,338,,338,644,,0.424205003429,0.29908850986,0.366042673381,0.125116493569,0.974804658706,198363,-0.868688771384,0.379618363673,0.356518742614,0.426964755507,0.0230996210594,0.0107032286599,2175,0.672094699037,-0.10201687251,-0.964101430046,315.639093881
PKIS2,339,positive_exp1_cluster_multiplier,ok,644,338,,338,644,,0.424173081348,0.297948820162,0.355331362742,0.126224261186,0.986190967615,200680,-1.19969794841,0.392679667321,0.360864153923,0.416818559202,0.0318155133983,0.0950808393533,19345,0.431402885266,-0.0944087477878,-0.891110128262,318.76749867
PKIS2,340,positive_exp1_cluster_multiplier,ok,644,338,,338,644,,0.404357729398,0.300263435635,0.354102993425,0.104094293763,0.989468769964,201347,-0.933416581323,0.425782964737,0.405343505155,0.455664616982,0.0204394595818,0.0315150621652,6412,0.593819396275,-0.0836548341813,-0.957953707799,321.983675862
PKIS2,341,positive_exp1_cluster_multiplier,ok,644,338,,338,644,,0.421811299465,0.294208416041,0.351077939192,0.127602883424,0.995660720429,202607,-1.24378324896,0.411697745743,0.380254888693,0.432214337638,0.0314428570503,0.124571232002,25346,0.394857765269,-0.0961600263734,-0.871089488427,294.174177362
PKIS2,342,positive_exp1_cluster_multiplier,ok,644,338,,338,644,,0.425819806263,0.309878737831,0.366916029423,0.115941068431,0.989134601209,201279,-1.03272394596,0.422296088148,0.393895216242,0.449205394962,0.0284008719054,0.0662833554474,13483,0.486516359868,-0.0875401965258,-0.922851245761,324.394077597
PKIS2,343,positive_exp1_cluster_multiplier,ok,644,338,,338,644,,0.418843356393,0.298338210841,0.369404114519,0.120505145551,0.972087080446,197810,-0.6956816042,0.40451557103,0.374297357772,0.444720064982,0.030218213258,0.0324635117205,6605,0.570902419752,-0.0902869322932,-0.939623568726,352.973434351
PKIS2,344,positive_exp1_cluster_multiplier,ok,644,338,,338,644,,0.427860738323,0.306778758538,0.363876158683,0.121081979785,0.987439186201,200934,-1.12062159535,0.405248835134,0.383298208199,0.435980366245,0.0219506269349,0.0350336625878,7126,0.583338501137,-0.0991313528501,-0.952405523613,358.68148869
PKIS2,345,positive_exp1_cluster_multiplier,ok,644,338,,338,644,,0.431062474116,0.307435218379,0.365291600346,0.123627255737,0.994997297164,202472,-1.13679548451,0.407910523515,0.384695878103,0.442766223821,0.0232146454114,0.0305223843924,6206,0.600232353974,-0.100412610326,-0.964474912772,280.437454919
PKIS2,346,positive_exp1_cluster_multiplier,ok,644,338,,338,644,,0.42351260915,0.306051964719,0.363890408055,0.117460644431,0.986505479385,200744,-1.03084034866,0.403795683709,0.375230827942,0.437346254521,0.0285648557671,0.0296034203155,6019,0.540132663651,-0.0888957886644,-0.956902059069,340.549212948
PKIS2,347,positive_exp1_cluster_multiplier,ok,644,338,,338,644,,0.450064314394,0.317353190263,0.375686460881,0.132711124131,0.993699936115,202208,-1.27505028818,0.420635882521,0.374625794822,0.433446184191,0.046010087699,0.254931446263,51861,0.217786753999,-0.0867010364322,-0.738768489852,319.753381045
PKIS2,348,positive_exp1_cluster_multiplier,ok,644,338,,338,644,,0.413053498844,0.309884103764,0.362730579078,0.10316939508,0.980225072485,199466,-0.952247419843,0.424198424884,0.394476808449,0.446024760262,0.0297216164351,0.104506363949,21265,0.423418091518,-0.0734477786445,-0.875718708536,307.315956827
PKIS2,349,positive_exp1_cluster_multiplier,ok,644,338,,338,644,,0.422767636264,0.312959852687,0.371732055192,0.109807783577,0.977374809573,198886,-0.868362574422,0.415041348236,0.386219747837,0.444941571824,0.0288216003998,0.0602732320999,12258,0.509184176468,-0.0809861831775,-0.917101577473,339.531826118
PKIS2,350,positive_exp1_cluster_multiplier,ok,644,338,,338,644,,0.440847119956,0.31709867229,0.372388531498,0.123748447666,0.991817779743,201825,-1.23817621239,0.417364875565,0.37433778591,0.435040894877,0.0430270896558,0.162622241879,33089,0.291188039828,-0.0807213580101,-0.829195537864,341.135492136
PKIS2,351,positive_exp1_cluster_multiplier,ok,644,338,,338,644,,0.42163459702,0.306017304937,0.366251119679,0.115617292084,0.97724212492,198859,-0.919474842795,0.407856035816,0.384033093238,0.4475882726,0.0238229425777,0.0184235097548,3748,0.625161272191,-0.0917943495058,-0.958818615165,300.647648614
PKIS2,352,positive_exp1_cluster_multiplier,ok,644,338,,338,644,,0.43683757012,0.311471870727,0.371406629638,0.125365699393,0.991124871001,201684,-1.09170273928,0.409205205849,0.384348667262,0.43310898109,0.0248565385873,0.0622536733992,12665,0.490230135209,-0.100509160806,-0.928871197602,307.297774319
PKIS2,353,positive_exp1_cluster_multiplier,ok,644,338,,338,644,,0.443532042893,0.339363178354,0.389514780563,0.10416886454,0.987360558258,200918,-1.07707949401,0.424685963891,0.387846139762,0.440049792119,0.0368398241289,0.185429259423,37730,0.294305619139,-0.0673290404107,-0.801931298835,334.635677552
PKIS2,354,positive_exp1_cluster_multiplier,ok,644,338,,338,644,,0.400597878221,0.282871687683,0.343797200045,0.117726190538,0.979679591135,199355,-0.932297094848,0.391843748452,0.364642134519,0.428030600176,0.0272016139334,0.0312939210772,6365,0.570874390927,-0.0905245766041,-0.948385670057,309.787141655
PKIS2,355,positive_exp1_cluster_multiplier,ok,644,338,,338,644,,0.435894391087,0.325563845227,0.37736259969,0.11033054586,0.991090471276,201677,-1.12998453349,0.414860791631,0.386312379807,0.439576261543,0.0285484118238,0.0652366209642,13272,0.464019314896,-0.081782134036,-0.925853850312,258.156260311
PKIS2,356,positive_exp1_cluster_multiplier,ok,644,338,,338,644,,0.410304122541,0.296030022301,0.36075270529,0.11427410024,0.976490245221,198706,-0.765595846191,0.412491271951,0.375161345916,0.439129746497,0.0373299260353,0.0997985158976,20305,0.416431774188,-0.0769441742049,-0.876691729323,337.364524988
PKIS2,357,positive_exp1_cluster_multiplier,ok,644,338,,338,644,,0.433106235583,0.311491407596,0.372996877806,0.121614827987,0.982942650745,200018,-0.977301003806,0.419767859318,0.386419855578,0.446179354248,0.0333480037398,0.0936360509116,19053,0.441963127509,-0.0882668242472,-0.889306599833,318.493381559
PKIS2,358,positive_exp1_cluster_multiplier,ok,644,338,,338,644,,0.443917592184,0.327738771722,0.377422117828,0.116178820462,0.995896604256,202655,-1.3383855873,0.422743993735,0.40796624107,0.453037222798,0.0147777526656,0.0224433633102,4564,0.672122680736,-0.101401067796,-0.973453240946,340.687905368
PKIS2,359,positive_exp1_cluster_multiplier,ok,644,338,,338,644,,0.38119855222,0.276270836178,0.336433460704,0.104927716043,0.947014595312,192708,-0.744068129813,0.380843736945,0.348871182602,0.418900980249,0.0319725543431,0.0324389404885,6596,0.543443570919,-0.0729551616996,-0.914575654823,295.856748314
PKIS2,360,positive_exp1_cluster_multiplier,ok,644,338,,338,644,,0.415881250238,0.296852941669,0.358754758135,0.119028308569,0.981085065605,199641,-0.922856474423,0.407113071048,0.394042035142,0.450631681556,0.0130710359062,0.00604943731879,1224,0.769020717842,-0.105957272663,-0.975035628286,311.511752723
PKIS2,361,positive_exp1_cluster_multiplier,ok,644,338,,338,644,,0.429968684079,0.315821576438,0.373186545123,0.114147107642,0.988653005062,201181,-0.989839971294,0.412080689314,0.395435949149,0.455502487752,0.0166447401646,0.00765639589169,1553,0.722894966955,-0.0975023674773,-0.98099660917,337.318980961
PKIS2,362,positive_exp1_cluster_multiplier,ok,644,338,,338,644,,0.409913768663,0.300879117784,0.359281241659,0.109034650879,0.971462971153,197682,-0.866963795926,0.389161608581,0.368461523932,0.432911851245,0.0207000846489,0.0117401346504,2387,0.678821109032,-0.08833456623,-0.959722836503,319.370726275
PKIS2,363,positive_exp1_cluster_multiplier,ok,644,338,,338,644,,0.42298087152,0.319978006904,0.370332220049,0.103002864616,0.985792913657,200599,-1.04556596523,0.412718218479,0.383505692617,0.437584504464,0.0292125258625,0.0604550592167,12299,0.459815686321,-0.0737903387536,-0.92533785444,318.963582903
PKIS2,364,positive_exp1_cluster_multiplier,ok,644,338,,338,644,,0.422658455367,0.31156033421,0.364320650184,0.111098121157,0.993483709273,202164,-1.10571371885,0.421461507072,0.395382399298,0.448571996752,0.0260791077738,0.056789031402,11553,0.509695334767,-0.0850190133829,-0.936694677871,324.960382581
PKIS2,365,positive_exp1_cluster_multiplier,ok,644,338,,338,644,,0.430754723777,0.301010536311,0.369499119099,0.129744187466,0.985547201337,200549,-0.894391476443,0.402812300253,0.372821671207,0.433788151617,0.029990629046,0.0480318443167,9774,0.50808003276,-0.0997535584198,-0.93751535702,345.714261208
PKIS2,366,positive_exp1_cluster_multiplier,ok,644,338,,338,644,,0.428980142401,0.314921664777,0.370088064865,0.114058477624,0.985286746277,200496,-1.067535265,0.415036818674,0.389632850098,0.442946208406,0.0254039685758,0.0481694432159,9801,0.523497123756,-0.0886545090481,-0.937117303062,313.753135423
PKIS2,367,positive_exp1_cluster_multiplier,ok,644,338,,338,644,,0.415166534435,0.309645120957,0.365399272565,0.105521413478,0.963850803479,196134,-0.892619839696,0.394498133641,0.35811342538,0.418634470406,0.0363847082613,0.0893360853113,18172,0.398808988746,-0.0691367052165,-0.874514718168,347.736312285
PKIS2,368,positive_exp1_cluster_multiplier,ok,644,338,,338,644,,0.398380028023,0.289375974159,0.35191739663,0.109004053864,0.954764361885,194285,-0.742909731768,0.391502439545,0.351515216316,0.421570803114,0.039987223228,0.0742051206447,15097,0.429207218779,-0.0690168306364,-0.88055924124,296.431453196
PKIS2,369,positive_exp1_cluster_multiplier,ok,644,338,,338,644,,0.39620696997,0.295822041108,0.350569025617,0.100384928862,0.963487149246,196060,-0.833615673319,0.396707423894,0.363223339489,0.423657665933,0.0334840844049,0.0710550887021,14454,0.445942622765,-0.0669008444569,-0.892432060544,312.08525908
PKIS2,370,positive_exp1_cluster_multiplier,ok,644,338,,338,644,,0.433279132196,0.311068219241,0.370492854627,0.122210912955,0.98966533982,201387,-1.05656984115,0.404903828477,0.383765240332,0.439337015622,0.0211385881456,0.0286844562386,5834,0.619616468337,-0.10107232481,-0.960980883582,298.394853182
PKIS2,371,positive_exp1_cluster_multiplier,ok,644,338,,338,644,,0.41310032024,0.287557282459,0.35414046568,0.125543037781,0.984667551231,200370,-0.885506695651,0.396798085221,0.369982796098,0.428912908036,0.0268152891234,0.044193817878,8992,0.544964564951,-0.0987277486578,-0.940473733353,322.854631436
PKIS2,372,positive_exp1_cluster_multiplier,ok,644,338,,338,644,,0.414609489927,0.303527411669,0.367010740484,0.111082078258,0.964415941815,196249,-0.749783452319,0.396915296854,0.369343148573,0.428272848849,0.0275721482802,0.039957737481,8128,0.53211796172,-0.0835099299776,-0.924458204334,313.389721298
PKIS2,373,positive_exp1_cluster_multiplier,ok,644,338,,338,644,,0.393557570626,0.2613084132,0.339237334996,0.132249157426,0.973512211902,198100,-0.697048469009,0.391735675727,0.356967792737,0.425692988807,0.0347678829896,0.0498845152096,10150,0.4941028185,-0.0974812744367,-0.923627696693,268.549336943
PKIS2,374,positive_exp1_cluster_multiplier,ok,644,338,,338,644,,0.426484790442,0.307288652525,0.371969216721,0.119196137916,0.979119367045,199241,-0.842843200259,0.405109243245,0.376016476606,0.434316479826,0.0290927666392,0.0395252837977,8040,0.500981731863,-0.0901033712772,-0.939594083247,333.771978551
PKIS2,375,positive_exp1_cluster_multiplier,ok,644,338,,338,644,,0.443716114413,0.314133609557,0.370204478485,0.129582504856,0.995056268121,202484,-1.31104863067,0.414795053102,0.374740675886,0.433607228258,0.0400543772158,0.169600471768,34511,0.319573244875,-0.0895281276401,-0.825455796354,350.546126276
PKIS2,376,positive_exp1_cluster_multiplier,ok,644,338,,338,644,,0.427075359934,0.302611680553,0.365404820928,0.124463679381,0.978681999115,199152,-0.982122229244,0.387202562372,0.360078980142,0.424002861035,0.02712358223,0.022379478107,4549,0.575689369122,-0.0973400971514,-0.956302521008,343.091670018
PKIS2,377,positive_exp1_cluster_multiplier,ok,644,338,,338,644,,0.460153902034,0.350759815179,0.398526468601,0.109394086855,0.988918374367,201235,-1.29017691254,0.42274850444,0.395924935305,0.449413086294,0.0268235691345,0.0546365914787,11115,0.498513808406,-0.0825705177204,-0.934281782889,322.783460849
PKIS2,378,positive_exp1_cluster_multiplier,ok,644,338,,338,644,,0.426806103973,0.318654715466,0.371900743924,0.108151388507,0.985758513932,200592,-1.03116348091,0.403555908944,0.376628913683,0.440722790321,0.0269269952609,0.0154946189002,3152,0.579881937666,-0.0812243932457,-0.970263895032,322.560424634
PKIS2,379,positive_exp1_cluster_multiplier,ok,644,338,,338,644,,0.418146705186,0.293389400748,0.356422740901,0.124757304438,0.988756204236,201202,-0.979227249171,0.394508380547,0.366920532693,0.433511237257,0.0275878478535,0.0250380854096,5090,0.585710227363,-0.0971694565844,-0.963718118826,358.510112687
PKIS2,380,positive_exp1_cluster_multiplier,ok,644,338,,338,644,,0.420475345276,0.303648001732,0.370153323651,0.116827343544,0.975993906334,198605,-0.75666157493,0.395824031666,0.370429322718,0.439404797698,0.0253947089482,0.0114944223303,2334,0.631829879311,-0.0914326345955,-0.964499484004,339.169215658
PKIS2,381,positive_exp1_cluster_multiplier,ok,644,338,,338,644,,0.438064029696,0.317291855574,0.384715102042,0.120772174122,0.983979556735,200230,-0.791254210516,0.416402550124,0.396834767733,0.453497999615,0.0195677823905,0.0229151309647,4662,0.654665261045,-0.101204391731,-0.96106442577,321.554586305
PKIS2,382,positive_exp1_cluster_multiplier,ok,644,338,,338,644,,0.445414779395,0.31357687932,0.375106446433,0.131837900075,0.991380411814,201736,-1.14267556657,0.381517868531,0.364397848113,0.426072762527,0.0171200204182,0.00655560469802,1331,0.722415173481,-0.114717879657,-0.984824807116,330.858933244
PKIS2,383,positive_exp1_cluster_multiplier,ok,644,338,,338,644,,0.42977846296,0.310898972602,0.36884940191,0.118879490358,0.987149245663,200875,-1.05139964926,0.395824345914,0.378973228283,0.435796182695,0.0168511176319,0.0047569905155,965,0.703445239587,-0.102028372726,-0.982392255148,311.686800837
PKIS2,384,positive_exp1_cluster_multiplier,ok,644,338,,338,644,,0.430890176739,0.305146202451,0.369294834613,0.125743974289,0.984952577522,200428,-0.960197280114,0.404316666335,0.378428729931,0.441501140949,0.025887936404,0.0397759103641,8091,0.589552135616,-0.0998560378847,-0.945176667158,322.163483633
PKIS2,385,positive_exp1_cluster_multiplier,ok,644,338,,338,644,,0.437166187666,0.320089302192,0.373167919054,0.117076885474,0.990009337068,201457,-1.20572600408,0.41402521513,0.374271663798,0.429146495561,0.0397535513315,0.198933608531,40476,0.275559485939,-0.0773233341428,-0.791075728537,351.634139811
PKIS2,386,positive_exp1_cluster_multiplier,ok,644,338,,338,644,,0.417972535512,0.298966403167,0.358205809948,0.119006132344,0.986461251167,200734,-1.00890148654,0.395165746357,0.378668858888,0.434369375437,0.0164968874685,0.0122954444936,2497,0.703828824389,-0.102509244876,-0.974165806674,334.826057878
PKIS2,387,positive_exp1_cluster_multiplier,ok,644,338,,338,644,,0.419920223179,0.289821588218,0.358961326354,0.130098634961,0.986245024326,200691,-0.881676709636,0.405444106333,0.376925821269,0.437248695964,0.0285182850639,0.0679247137451,13821,0.527239290106,-0.101580349897,-0.91832031058,294.77095514
PKIS2,388,positive_exp1_cluster_multiplier,ok,644,338,,338,644,,0.416762571263,0.293288474837,0.358889754303,0.123474096426,0.978912968696,199199,-0.882190369312,0.377291251426,0.355500881068,0.418529869562,0.0217903703586,0.013135780628,2671,0.654280183147,-0.101683726067,-0.965777188068,315.739637705
PKIS2,389,positive_exp1_cluster_multiplier,ok,644,338,,338,644,,0.425700801943,0.312221860841,0.367971065746,0.113478941102,0.981959801464,199819,-1.03552573162,0.394419855488,0.367812187761,0.429467344192,0.0266076677272,0.0225416482382,4584,0.568443756088,-0.086871273375,-0.959418153226,342.255601915
PKIS2,390,positive_exp1_cluster_multiplier,ok,644,338,,338,644,,0.417015626262,0.287046981216,0.351873862654,0.129968645045,0.993464052288,202160,-1.00485727777,0.402745927942,0.368314055908,0.432232452037,0.0344318720336,0.0763870460465,15541,0.461315143705,-0.0955367730119,-0.917077006241,313.325297667
PKIS2,391,positive_exp1_cluster_multiplier,ok,644,338,,338,644,,0.42859671075,0.312589508411,0.370782517401,0.116007202339,0.978819598015,199180,-0.993490358247,0.390997915077,0.367946387399,0.429173938273,0.0230515276786,0.0151997641162,3090,0.623510538156,-0.0929556746602,-0.963619833898,363.963749631
PKIS2,392,positive_exp1_cluster_multiplier,ok,644,338,,338,644,,0.434042381286,0.3046233169,0.367832969034,0.129419064386,0.994564843481,202384,-1.047457311,0.409165489175,0.392015387263,0.451667338639,0.017150101912,0.0133274362377,2697,0.712497219013,-0.112268962474,-0.981237407244,301.840713972
PKIS2,393,positive_exp1_cluster_multiplier,ok,644,338,,338,644,,0.425838117448,0.306164020265,0.363310658077,0.119674097182,0.978799941029,199176,-1.09415814763,0.39761367839,0.372937003394,0.427060659828,0.0246766749961,0.0423067472603,8608,0.544068589926,-0.0949974221863,-0.936493193769,319.87682936
PKIS2,394,positive_exp1_cluster_multiplier,ok,644,338,,338,644,,0.422568569116,0.313230717296,0.372352023573,0.10933785182,0.978038232837,199021,-0.849381529372,0.408562080693,0.371469539829,0.43298363532,0.0370925408644,0.101194161875,20585,0.397007457101,-0.0722453109551,-0.876844070962,345.567416637
PKIS2,395,positive_exp1_cluster_multiplier,ok,644,338,,338,644,,0.410615340807,0.289540156773,0.356654917609,0.121075184034,0.98045112782,199512,-0.804002316722,0.403921750587,0.372043960308,0.437214777039,0.0318777902791,0.0444690156764,9048,0.510857898088,-0.0891973937552,-0.935982112143,344.971312379
PKIS2,396,positive_exp1_cluster_multiplier,ok,644,338,,338,644,,0.43589393301,0.293141382011,0.365269826277,0.142752551,0.991930807411,201848,-0.97914362984,0.384014009226,0.354860950046,0.419938776071,0.0291530591803,0.03690107622,7502,0.552027764891,-0.113599491819,-0.955029731191,353.3864968
PKIS2,397,positive_exp1_cluster_multiplier,ok,644,338,,338,644,,0.44131274541,0.326067533128,0.381720554376,0.115245212283,0.98603371173,200648,-1.07078087942,0.412841535623,0.388295300002,0.444751089276,0.0245462356212,0.0436335937884,8876,0.56521313515,-0.0906989766617,-0.942400117942,324.064039396
PKIS2,398,positive_exp1_cluster_multiplier,ok,644,338,,338,644,,0.423414338352,0.315675128669,0.366644342298,0.107739209683,0.989458941471,201345,-1.11380953345,0.413328842808,0.383761827792,0.438065413899,0.029567015016,0.0886480908153,18034,0.455523711487,-0.0781721946673,-0.900810850656,337.571296654
PKIS2,399,positive_exp1_cluster_multiplier,ok,644,338,,338,644,,0.391485738973,0.274940011938,0.339660181063,0.116545727035,0.975414025259,198487,-0.800763635363,0.38588225593,0.357513859874,0.430554706343,0.0283683960568,0.0216521696398,4403,0.611609155314,-0.0881773309784,-0.953761855619,331.725194034
PKIS2,400,positive_exp1_cluster_multiplier,ok,644,338,,338,644,,0.400609949611,0.288490315215,0.346958260992,0.112119634396,0.984146641113,200264,-0.917625682006,0.394690435702,0.377476376796,0.430547608762,0.0172140589062,0.00871787311416,1772,0.675642372179,-0.0949055754897,-0.975428767998,292.406877947
PKIS2,401,positive_exp1_cluster_multiplier,ok,644,338,,338,644,,0.399287139247,0.283136853502,0.346428016192,0.116150285745,0.970317951742,197450,-0.835173834838,0.383092496735,0.36099086856,0.421946778902,0.0221016281747,0.0131456091208,2672,0.637416157827,-0.0940486575703,-0.957172342621,339.448803307
PKIS2,402,positive_exp1_cluster_multiplier,ok,644,338,,338,644,,0.417843528186,0.319984867909,0.372882865379,0.0978586602768,0.971261487051,197641,-0.849950186373,0.418954399406,0.383826366323,0.443839940261,0.0351280330831,0.085060690943,17304,0.414665203581,-0.0627306271937,-0.886200796108,342.551066259
PKIS2,403,positive_exp1_cluster_multiplier,ok,644,338,,338,644,,0.437403873313,0.320830243412,0.376323895909,0.116573629901,0.99083984471,201626,-1.10066601594,0.417022326582,0.388094172319,0.445423609822,0.0289281542637,0.0690205906924,14042,0.495404882318,-0.0876454756373,-0.921819254017,359.749394465
PKIS2,404,positive_exp1_cluster_multiplier,ok,644,338,,338,644,,0.441070184355,0.320826501569,0.379371440492,0.120243682786,0.987119760185,200869,-1.05386981349,0.408763490193,0.37981808552,0.43964830044,0.0289454046735,0.0599046636198,12189,0.516207576519,-0.0912982781129,-0.927215096565,294.606401618
PKIS2,405,positive_exp1_cluster_multiplier,ok,644,338,,338,644,,0.439746073121,0.323037645284,0.376541583788,0.116708427837,0.992913656691,202048,-1.18130535995,0.412665817306,0.386257361949,0.440512164576,0.0264084553576,0.0683178534572,13897,0.513251286913,-0.0902999724799,-0.924595803234,325.712857381
PKIS2,406,positive_exp1_cluster_multiplier,ok,644,338,,338,644,,0.397810113192,0.283837374806,0.345472468556,0.113972738386,0.988530148902,201156,-0.849153322454,0.411094399919,0.391463435732,0.446987056201,0.019630964187,0.0317853457172,6465,0.64643940685,-0.0943417741988,-0.956744803184,331.59287266
PKIS2,407,positive_exp1_cluster_multiplier,ok,644,338,,338,644,,0.418717697627,0.296009842969,0.360215605237,0.122707854658,0.983301390732,200092,-0.911165763371,0.395920593502,0.368887570205,0.429974301303,0.0270330232967,0.0356135436631,7244,0.557464889497,-0.0956748313608,-0.947687847069,299.840762809
PKIS2,408,positive_exp1_cluster_multiplier,ok,644,338,,338,644,,0.440261517638,0.314378192584,0.374190226769,0.125883325054,0.992264976166,201916,-1.10464878462,0.407117791623,0.386815650346,0.438089188365,0.0203021412777,0.0295198781267,6006,0.604042512727,-0.105581183776,-0.962745098039,332.905228829
PKIS2,409,positive_exp1_cluster_multiplier,ok,644,338,,338,644,,0.423941230566,0.302920519227,0.362925245095,0.12102071134,0.986878962111,200820,-1.0168529993,0.410390455714,0.37785897789,0.43911501157,0.0325314778244,0.065516733009,13321,0.468926147025,-0.0884892335153,-0.921362229102,350.760103438
PKIS2,410,positive_exp1_cluster_multiplier,ok,644,338,,338,644,,0.384294985435,0.274066113369,0.337319114859,0.110228872066,0.969231903288,197229,-0.742666268325,0.419959183216,0.380751333165,0.446653069594,0.0392078500513,0.133942699887,27255,0.405055888117,-0.0710210220147,-0.835289203401,337.367838593
PKIS2,411,positive_exp1_cluster_multiplier,ok,644,338,,338,644,,0.406641250296,0.293581131555,0.357233138539,0.113060118741,0.971458056907,197682,-0.776222370651,0.404137038686,0.381463250288,0.441276993334,0.0226737883972,0.0281881173522,5735,0.620926776311,-0.0903863303436,-0.943269939555,314.836224616
PKIS2,412,positive_exp1_cluster_multiplier,ok,644,338,,338,644,,0.430832003289,0.314823007065,0.374088075266,0.116008996224,0.981910659,199809,-0.957459929531,0.40520539896,0.365303970216,0.422978607635,0.0399014287439,0.14058676102,28605,0.308163336089,-0.0761075674802,-0.84132389798,349.940445039
PKIS2,413,positive_exp1_cluster_multiplier,ok,644,338,,338,644,,0.414682229287,0.291401057981,0.357852193447,0.123281171306,0.981153865055,199655,-0.85521542168,0.400327425556,0.364545274685,0.431930511014,0.035782150871,0.05553589857,11300,0.468991238729,-0.087499020435,-0.925617966485,354.885368062
PKIS2,414,positive_exp1_cluster_multiplier,ok,644,338,,338,644,,0.406084782517,0.298397959244,0.358265786891,0.107686823273,0.970524350091,197491,-0.798742788988,0.39589088473,0.365884764146,0.424613946337,0.0300061205834,0.0510393631137,10383,0.489076478437,-0.0776807026895,-0.919484986977,285.960143173
PKIS2,415,positive_exp1_cluster_multiplier,ok,644,338,,338,644,,0.412195515404,0.291805718194,0.355273607928,0.12038979721,0.983198191557,200070,-0.896861510837,0.412338796291,0.375050781162,0.438286457105,0.0372880151287,0.103135289203,20986,0.410332623589,-0.0831017820812,-0.880062902354,332.700569383
PKIS2,416,positive_exp1_cluster_multiplier,ok,644,338,,338,644,,0.435993850058,0.308025307885,0.363049358771,0.127968542173,0.995297066195,202533,-1.32568377125,0.411249265898,0.384284503511,0.437226587051,0.0269647623869,0.0760971055089,15482,0.4906743259,-0.101003779786,-0.919199960686,374.817530158
PKIS2,417,positive_exp1_cluster_multiplier,ok,644,338,,338,644,,0.406255532692,0.268960570282,0.338886325192,0.13729496241,0.995223352499,202518,-0.963439116057,0.41139529945,0.384237477979,0.443187847964,0.0271578214708,0.0581011351909,11818,0.539310415223,-0.110137140939,-0.937122217308,303.164228889
PKIS2,418,positive_exp1_cluster_multiplier,ok,644,338,,338,644,,0.415881520306,0.295842765675,0.356311123139,0.120038754631,0.987606270578,200968,-0.98514991418,0.389841933297,0.370114646714,0.429816858957,0.0197272865833,0.00706177207725,1434,0.669571933065,-0.100311468047,-0.980544498501,332.566744895
PKIS2,419,positive_exp1_cluster_multiplier,ok,644,338,,338,644,,0.442585283034,0.3310717631,0.382972387365,0.111513519934,0.987449014694,200936,-1.14859689095,0.396820136295,0.384541317754,0.435603476429,0.0122788185407,0.0115681360263,2347,0.75953193403,-0.0992347013932,-0.975880878667,294.58548875
PKIS2,420,positive_exp1_cluster_multiplier,ok,644,338,,338,644,,0.420007817064,0.317278581363,0.375627144013,0.102729235702,0.952002555408,193723,-0.760612961767,0.407003155289,0.37819416526,0.443440973549,0.0288089900294,0.0360803970711,7337,0.558461313513,-0.0739202456724,-0.915922158337,346.195280737
PKIS2,421,positive_exp1_cluster_multiplier,ok,644,338,,338,644,,0.403410448374,0.30429838172,0.354829973498,0.099112066654,0.967531574033,196882,-0.961388176507,0.417647909849,0.396622715445,0.446850294625,0.0210251944043,0.053142660573,10813,0.581401398443,-0.0780868722497,-0.91438891346,321.534637425
PKIS2,422,positive_exp1_cluster_multiplier,ok,644,338,,338,644,,0.43749697703,0.316839256946,0.376351785183,0.120657720084,0.986377708978,200718,-1.02743394809,0.401323641614,0.371953394401,0.437175160251,0.0293702472137,0.0272740675217,5543,0.54968641479,-0.0912874728706,-0.959103641457,332.31653078
PKIS2,423,positive_exp1_cluster_multiplier,ok,644,338,,338,644,,0.428151599744,0.300471213855,0.358498716925,0.127680385889,0.991763723033,201814,-1.20034258125,0.412482967484,0.386017905019,0.438148369957,0.0264650624646,0.0916900093371,18655,0.492330204686,-0.101215323425,-0.900073713696,353.89623398
PKIS2,424,positive_exp1_cluster_multiplier,ok,644,338,,338,644,,0.415172978604,0.300245945584,0.365960345511,0.11492703302,0.972146051403,197822,-0.748886593323,0.411702014399,0.377236167006,0.443442176407,0.0344658473932,0.0791586810163,16107,0.479415120997,-0.0804611856265,-0.892987370387,313.554905591
PKIS2,425,positive_exp1_cluster_multiplier,ok,644,338,,338,644,,0.434682650603,0.322481984454,0.379762434281,0.112200666149,0.98690844759,200826,-0.958795129726,0.42968466164,0.392903837243,0.453435202959,0.0367808243969,0.0948891837437,19306,0.392367511251,-0.0754198417519,-0.892019263846,332.22937828
PKIS2,426,positive_exp1_cluster_multiplier,ok,644,338,,338,644,,0.423857336037,0.307370966989,0.368010492527,0.116486369048,0.984387439186,200313,-0.920964387734,0.403246516274,0.377238853929,0.43607986255,0.0260076623454,0.0310875227284,6325,0.558001078592,-0.0904787067024,-0.953299916458,288.070105533
PKIS2,427,positive_exp1_cluster_multiplier,ok,644,338,,338,644,,0.414154564499,0.296357997127,0.357599371589,0.117796567371,0.980107130572,199442,-0.923480137513,0.407234099563,0.375901424164,0.434904020594,0.0313326753989,0.0593493537766,12076,0.468961074688,-0.0864638919721,-0.920757776795,339.371320659
PKIS2,428,positive_exp1_cluster_multiplier,ok,644,338,,338,644,,0.378976969082,0.268509614166,0.331548157174,0.110467354916,0.97250479139,197895,-0.752377984076,0.390686746469,0.378457647234,0.437995049641,0.0122290992345,0.0031156322178,631,0.794598038543,-0.0982382556817,-0.969389159172,342.312549425
PKIS2,429,positive_exp1_cluster_multiplier,ok,644,338,,338,644,,0.420304864034,0.306581837759,0.367205428393,0.113723026274,0.979266794437,199271,-0.875887341639,0.416612349666,0.38078072028,0.442945917371,0.0358316293859,0.102589807853,20875,0.423606277098,-0.0778913968885,-0.876676986584,351.177164973
PKIS2,430,positive_exp1_cluster_multiplier,ok,644,338,,338,644,,0.436863002577,0.307304886944,0.367855244875,0.129558115633,0.993925991449,202254,-1.13967547114,0.421358216919,0.380628690186,0.443509077102,0.0407295267335,0.150105656298,30544,0.35226978187,-0.0888285889,-0.843820335152,364.762116092
PKIS2,431,positive_exp1_cluster_multiplier,ok,644,338,,338,644,,0.420503668939,0.306290386017,0.37333203116,0.114213282922,0.951879699248,193698,-0.703616948517,0.398332516053,0.375518927779,0.439712034449,0.0228135882745,0.0216963978574,4408,0.644609998519,-0.0913996946472,-0.930183301391,311.464355548
PKIS2,432,positive_exp1_cluster_multiplier,ok,644,338,,338,644,,0.407788827848,0.282303340388,0.349679725674,0.125485487461,0.987542385375,200955,-0.86245502675,0.410518124035,0.384698024053,0.446714631878,0.0258200999828,0.0386308909529,7860,0.583658299151,-0.0996653874778,-0.948911494422,326.62378274
PKIS2,433,positive_exp1_cluster_multiplier,ok,644,338,,338,644,,0.425666660979,0.306122511924,0.362918745854,0.119544149055,0.988363064524,201122,-1.10479006765,0.401760320964,0.38295139996,0.441630938005,0.0188089210035,0.0124527003784,2531,0.679463717162,-0.100735228051,-0.975910364146,381.521200621
PKIS2,434,positive_exp1_cluster_multiplier,ok,644,338,,338,644,,0.41704846827,0.277918548447,0.344892435088,0.139129919823,0.992132291513,201889,-1.07737562804,0.396615914621,0.370110767057,0.42802901847,0.0265051475643,0.0590397562534,12011,0.542369686282,-0.112624772259,-0.93309253526,319.588356013
PKIS2,435,positive_exp1_cluster_multiplier,ok,644,338,,338,644,,0.459310711023,0.327903209842,0.381798079808,0.13140750118,0.997159565581,202912,-1.438219097,0.421210986231,0.380024283145,0.437470599732,0.0411867030856,0.200801022163,40858,0.283040140215,-0.0902207980948,-0.796358543417,294.880919866
PKIS2,436,positive_exp1_cluster_multiplier,ok,644,338,,338,644,,0.413292564793,0.302367907823,0.362721210328,0.11092465697,0.959860435402,195322,-0.837921909281,0.396131253365,0.369841188554,0.42671460029,0.0262900648115,0.0559241240356,11377,0.537744193485,-0.0846345921584,-0.903936311367,303.314275099
PKIS2,437,positive_exp1_cluster_multiplier,ok,644,338,,338,644,,0.441482108341,0.316854225559,0.372526977001,0.124627882781,0.989439284486,201341,-1.23857954844,0.401374646591,0.36911542411,0.427915234349,0.0322592224806,0.0573345127525,11664,0.45137199679,-0.0923686603009,-0.932104771733,354.580031261
PKIS2,438,positive_exp1_cluster_multiplier,ok,644,338,,338,644,,0.410959179882,0.28511248555,0.344648873711,0.125846694332,0.994353530886,202341,-1.11377777893,0.40456364952,0.384695557932,0.438676440118,0.0198680915876,0.0335643029141,6819,0.63194207314,-0.105978602745,-0.960789227972,348.780183916
PKIS2,439,positive_exp1_cluster_multiplier,ok,644,338,,338,644,,0.398795842788,0.284594552849,0.345678111818,0.114201289938,0.973929922846,198185,-0.869591292099,0.399246441035,0.362891469658,0.428972670034,0.0363549713768,0.0680180844268,13838,0.449843962124,-0.0778463185616,-0.90591183842,328.211956793
PKIS2,440,positive_exp1_cluster_multiplier,ok,644,338,,338,644,,0.445261353796,0.32002093853,0.379317217795,0.125240415265,0.990495847462,201556,-1.11211254431,0.408241071137,0.376958733663,0.435058564809,0.0312823374741,0.0896063688633,18231,0.461576103465,-0.0939580777914,-0.900889478598,339.584380587
PKIS2,441,positive_exp1_cluster_multiplier,ok,644,338,,338,644,,0.420094565727,0.305487609149,0.368841375118,0.114606956578,0.987955182073,201039,-0.808999904346,0.417149673305,0.397309558653,0.455014838738,0.0198401146524,0.0117008206791,2374,0.656181988494,-0.0947668419251,-0.976254361394,277.044491675
PKIS2,442,positive_exp1_cluster_multiplier,ok,644,338,,338,644,,0.435446856897,0.316576366189,0.375369340122,0.118870490708,0.979777876063,199375,-1.02184857741,0.384671455427,0.364724835718,0.42728235838,0.0199466197092,0.0094009533638,1912,0.681147544526,-0.098923870999,-0.970376922699,351.105984407
PKIS2,443,positive_exp1_cluster_multiplier,ok,644,338,,338,644,,0.435482517692,0.312845035911,0.371594968818,0.122637481781,0.99089390142,201637,-1.08744888227,0.410027816655,0.365576206018,0.427917620177,0.0444516106369,0.19034842007,38723,0.286964993704,-0.0781858711442,-0.80054548135,342.211619902
PKIS2,444,positive_exp1_cluster_multiplier,ok,644,338,,338,644,,0.434886593809,0.316166155361,0.370769861799,0.118720438447,0.988097695218,201068,-1.17421941096,0.403831261422,0.383347098688,0.441062269931,0.0204841627337,0.0165167821515,3358,0.645081833902,-0.0982362757137,-0.971580913067,331.108567846
PKIS2,445,positive_exp1_cluster_multiplier,ok,644,338,,338,644,,0.421563164327,0.298017555438,0.361426152976,0.123545608889,0.985832227628,200607,-0.948404690933,0.398137470753,0.36889921244,0.425552482995,0.0292382583122,0.0539731682147,10982,0.483908730673,-0.0943073505763,-0.931859059413,312.354494728
PKIS2,446,positive_exp1_cluster_multiplier,ok,644,338,,338,644,,0.4111723014,0.301835440438,0.358048366694,0.109336860961,0.983620816748,200157,-0.945048376662,0.406820694868,0.388434828617,0.445606211297,0.0183858662515,0.0137156617033,2788,0.678407878393,-0.0909509947096,-0.969905155044,343.876673681
PKIS2,447,positive_exp1_cluster_multiplier,ok,644,338,,338,644,,0.405490104149,0.291111125027,0.347937072385,0.114378979123,0.987149245663,200875,-1.01279493683,0.397399310913,0.373152617723,0.429139181655,0.0242466931899,0.0321883139221,6542,0.566919426964,-0.0901322859329,-0.954960931741,332.748382603
PKIS2,448,positive_exp1_cluster_multiplier,ok,644,338,,338,644,,0.419645906365,0.292366928431,0.355917667347,0.127278977934,0.989463855718,201346,-1.00279304547,0.416055599019,0.380960322852,0.440212999506,0.0350952761669,0.103238488378,21005,0.407701421292,-0.0921837017675,-0.88622536734,347.166483045
PKIS2,449,positive_exp1_cluster_multiplier,ok,644,338,,338,644,,0.417672664802,0.292708162477,0.357390162316,0.124964502325,0.983910757285,200216,-0.931982663424,0.388849274665,0.363963840756,0.428297408558,0.0248854339091,0.0200108113421,4067,0.613181193596,-0.100079068416,-0.963899945943,333.354236159
PKIS2,450,positive_exp1_cluster_multiplier,ok,644,338,,338,644,,0.443368907119,0.32178611647,0.381521745011,0.12158279065,0.982534768293,199936,-1.03534797606,0.41267689865,0.374453763273,0.438076547916,0.0382231353772,0.0890608875129,18120,0.399222533384,-0.0833596552727,-0.89347388078,335.374456317
PKIS2,451,positive_exp1_cluster_multiplier,ok,644,338,,338,644,,0.437292316946,0.316640385628,0.376319090626,0.120651931318,0.984220354809,200279,-1.02169151163,0.403590259111,0.372125245367,0.437887132864,0.0314650137441,0.0424246891739,8632,0.521531164302,-0.0891869175741,-0.941795665635,350.135999437
PKIS2,452,positive_exp1_cluster_multiplier,ok,644,338,,338,644,,0.404001950237,0.301788352134,0.354363414418,0.102213598102,0.973345127525,198066,-0.944146020217,0.420017205492,0.391288553529,0.452499102358,0.0287286519629,0.04409553295,8972,0.530658481058,-0.0734849461394,-0.929249594575,305.157248029
PKIS2,453,positive_exp1_cluster_multiplier,ok,644,338,,338,644,,0.424647002309,0.31418374854,0.367290028972,0.110463253769,0.979861418252,199392,-1.08004124693,0.406776748819,0.378838937521,0.435634725379,0.0279378112979,0.0546218487395,11112,0.508100647048,-0.0825254424707,-0.925239569512,327.588904989
PKIS2,454,positive_exp1_cluster_multiplier,ok,644,338,,338,644,,0.409445677695,0.29067011741,0.353457638665,0.118775560286,0.98806820974,201062,-0.891706471462,0.402703253268,0.392839714671,0.441543256733,0.00986353859668,0.00793159369011,1583,0.797478003054,-0.108912021689,-0.98013661605,310.640222211
PKIS2,455,positive_exp1_cluster_multiplier,ok,644,338,,338,644,,0.418799108074,0.303426020624,0.35961003488,0.115373087449,0.987222959359,200890,-1.05348601337,0.411999969453,0.394455211874,0.442958469522,0.0175447575791,0.0342326404246,6959,0.638276717282,-0.0978283298703,-0.952990318935,309.980267714
PKIS2,456,positive_exp1_cluster_multiplier,ok,644,338,,338,644,,0.404276265542,0.296071069317,0.35727366378,0.108205196225,0.971865939358,197765,-0.767983811369,0.409646379997,0.382405047202,0.437940707075,0.0272413327951,0.0719445673006,14639,0.509480343669,-0.0809638634296,-0.899921372058,324.804037434
PKIS2,457,positive_exp1_cluster_multiplier,ok,644,338,,338,644,,0.412964986309,0.294371443862,0.361743945084,0.118593542448,0.958464789425,195038,-0.760266285138,0.389186768823,0.367371852653,0.434662433345,0.0218149161695,0.00714040001966,1448,0.675810255386,-0.0967786262782,-0.951324389405,352.517810965
PKIS2,458,positive_exp1_cluster_multiplier,ok,644,338,,338,644,,0.429038245458,0.307778079373,0.362230570344,0.121260166086,0.995184038528,202509,-1.22689841957,0.402948186621,0.373732902213,0.429826170273,0.0292152844078,0.0674185463659,13696,0.4791659424,-0.0920448816778,-0.927765492162,350.316826335
PKIS2,459,positive_exp1_cluster_multiplier,ok,644,338,,338,644,,0.392996122079,0.278553927682,0.33566091044,0.114442194398,0.988240208364,201097,-1.00399651443,0.413722916236,0.369470483657,0.428171248303,0.0442524325792,0.209789178829,42689,0.246135329815,-0.0701897618185,-0.778451029535,332.954766517
PKIS2,460,positive_exp1_cluster_multiplier,ok,644,338,,338,644,,0.427503045513,0.305497175844,0.364645920726,0.122005869669,0.989006830802,201252,-1.06269583426,0.398799650986,0.373682022316,0.432112619996,0.0251176286698,0.0330384785493,6720,0.570128842299,-0.096888240999,-0.955968352253,325.487319098
PKIS2,461,positive_exp1_cluster_multiplier,ok,644,338,,338,644,,0.425293299259,0.29653283087,0.365722165489,0.128760468389,0.978613199666,199138,-0.860987233056,0.38317070046,0.366204569691,0.428131811816,0.0169661307685,0.0077792520517,1580,0.726031223314,-0.111794337621,-0.970833947614,352.212680516
PKIS2,462,positive_exp1_cluster_multiplier,ok,644,338,,338,644,,0.405583485885,0.302415022587,0.355996345677,0.103168463298,0.975527052926,198510,-0.925455687695,0.394430817459,0.386041739658,0.439233144242,0.00838907780077,0.00284043441938,555,0.842285085977,-0.0947793854975,-0.972686618507,326.063739598
PKIS2,463,positive_exp1_cluster_multiplier,ok,644,338,,338,644,,0.438006817025,0.301839925371,0.367910961195,0.136166891654,0.994196275001,202309,-1.0609165568,0.410428644137,0.371749135782,0.437493704701,0.038679508355,0.104206594919,21188,0.411669906875,-0.097487383299,-0.889989680083,342.516843837
PKIS2,464,positive_exp1_cluster_multiplier,ok,644,338,,338,644,,0.423979061472,0.292011181679,0.352069348268,0.131967879793,0.99261388766,201987,-1.19733447237,0.39907583445,0.368599274548,0.423032023934,0.0304765599024,0.105710354317,21508,0.440106181548,-0.101491319891,-0.886903533343,315.892063562
PKIS2,465,positive_exp1_cluster_multiplier,ok,644,338,,338,644,,0.428777580579,0.317350107361,0.373152446227,0.111427473218,0.974495061182,198300,-0.996824424966,0.394865805506,0.370104367382,0.425266272921,0.0247614381239,0.0478647599391,9733,0.551113438121,-0.0866660350943,-0.926630301243,305.927252195
PKIS2,466,positive_exp1_cluster_multiplier,ok,644,338,,338,644,,0.433623693611,0.326328115319,0.38419776924,0.107295578291,0.961216767409,195598,-0.854090546987,0.398120393891,0.369011867102,0.435612466475,0.0291085267894,0.0238832375055,4859,0.562938966563,-0.078187051502,-0.937333529903,294.525633781
PKIS2,467,positive_exp1_cluster_multiplier,ok,644,338,,338,644,,0.422564352508,0.316283467728,0.370888484629,0.10628088478,0.978529657477,199121,-0.946357510929,0.403214904913,0.387744758779,0.439573503648,0.015470146134,0.0122610447688,2494,0.701514166065,-0.0908107386459,-0.966268612708,310.765591553
PKIS2,468,positive_exp1_cluster_multiplier,ok,644,338,,338,644,,0.421790706944,0.319883068408,0.366386665367,0.101907638537,0.991611381395,201783,-1.19139260616,0.415567837309,0.396585277469,0.44243599666,0.0189825598404,0.0456189493341,9282,0.585992102731,-0.0829250786962,-0.945992432061,335.636531188
PKIS2,469,positive_exp1_cluster_multiplier,ok,644,338,,338,644,,0.425181114128,0.301932387801,0.368863169251,0.123248726327,0.986937933068,200832,-0.841435639267,0.421116031413,0.392610610064,0.451643991139,0.0285054213493,0.0397611676249,8090,0.517130463643,-0.0947433049774,-0.947176765443,319.277776263
PKIS2,470,positive_exp1_cluster_multiplier,ok,644,338,,338,644,,0.418035508825,0.283244284541,0.35363836236,0.134791224284,0.990318934591,201520,-0.91480914958,0.399862338527,0.371335178264,0.435518728465,0.0285271602622,0.037220502236,7573,0.555537825923,-0.106264064022,-0.953098432355,325.857644321
PKIS2,471,positive_exp1_cluster_multiplier,ok,644,338,,338,644,,0.41850221864,0.29593190477,0.355430458083,0.12257031387,0.983753501401,200184,-1.06005536345,0.411852461307,0.369749160726,0.427438241513,0.0421033005809,0.19520860976,39722,0.270168634923,-0.0804670132891,-0.788544891641,335.45989476
PKIS2,472,positive_exp1_cluster_multiplier,ok,644,338,,338,644,,0.441184069389,0.323680724948,0.382601768463,0.117503344441,0.986136910905,200669,-0.994250906488,0.417453126959,0.391211749118,0.451846327155,0.0262413778408,0.0355398299671,7217,0.56722090447,-0.0912619665999,-0.950597080938,331.404840774
PKIS2,473,positive_exp1_cluster_multiplier,ok,644,338,,338,644,,0.393618653385,0.282028865127,0.345706490073,0.111589788257,0.981871345029,199801,-0.752417561944,0.397396437752,0.382990222173,0.441343449085,0.0144062155789,0.00407391026586,824,0.753120498362,-0.0971835726785,-0.977797434763,360.178480505
PKIS2,474,positive_exp1_cluster_multiplier,ok,644,338,,338,644,,0.441284692495,0.325264694728,0.383698298807,0.116019997767,0.988461349452,201142,-0.985501315471,0.413709417065,0.388850940863,0.448116120873,0.0248584762017,0.0258882500369,5253,0.580555121951,-0.0911615215651,-0.962573099415,336.455937315
PKIS2,475,positive_exp1_cluster_multiplier,ok,644,338,,338,644,,0.391296269147,0.274339658795,0.342325908691,0.116956610351,0.968416138385,197063,-0.720298009245,0.395994871534,0.37234388761,0.435628673999,0.023650983924,0.0320015725588,6505,0.626276941525,-0.0933056264274,-0.936414565826,310.162786555
PKIS2,476,positive_exp1_cluster_multiplier,ok,644,338,,338,644,,0.423205660214,0.302679746698,0.372725001429,0.120525913516,0.971330286501,197656,-0.720686347398,0.391974372809,0.367094465548,0.439923014375,0.0248799072603,0.0107621996167,2187,0.658377001038,-0.0956460062557,-0.960568086884,326.57829728
PKIS2,477,positive_exp1_cluster_multiplier,ok,644,338,,338,644,,0.408070676957,0.280602577286,0.345231528076,0.127468099671,0.98215637132,199859,-0.972306499064,0.393497653251,0.364355524032,0.430193093599,0.0291421292187,0.0267482431569,5440,0.557363228769,-0.0983259704525,-0.955408128164,338.180676237
PKIS2,478,positive_exp1_cluster_multiplier,ok,644,338,,338,644,,0.429114080351,0.314390150778,0.376537530231,0.114723929573,0.97810211804,199034,-0.845997861575,0.401925519408,0.37025141349,0.430425543747,0.0316741059179,0.0606614575655,12339,0.473625862429,-0.0830498236552,-0.917440660475,326.572579982
PKIS2,479,positive_exp1_cluster_multiplier,ok,644,338,,338,644,,0.408555312695,0.291034669006,0.351962667201,0.117520643689,0.984323553983,200300,-0.928844655527,0.403361478516,0.373294801152,0.431445198349,0.0300666773643,0.0733549560175,14916,0.482949750762,-0.0874539663244,-0.910968597966,329.243897567
PKIS2,480,positive_exp1_cluster_multiplier,ok,644,338,,338,644,,0.434804561682,0.317366611615,0.373024825622,0.117437950067,0.985458744901,200531,-1.10998416248,0.401593780881,0.371091015347,0.428701054938,0.0305027655346,0.0643717135977,13088,0.470530384094,-0.0869351845329,-0.921087031304,300.499904402
PKIS2,481,positive_exp1_cluster_multiplier,ok,644,338,,338,644,,0.416619875314,0.29216413988,0.352285259822,0.124455735434,0.997808246105,203044,-1.07008345078,0.413223427043,0.386515043305,0.441773559474,0.0267083837388,0.0487640670303,9916,0.516664840275,-0.0977473516948,-0.949044179075,310.437406744
PKIS2,482,positive_exp1_cluster_multiplier,ok,644,338,,338,644,,0.414184596636,0.308987197661,0.366515594145,0.105197398975,0.969536586564,197291,-0.828616916249,0.410632528456,0.385529897066,0.44082697961,0.0251026313903,0.0590888987174,12021,0.54604058233,-0.0800947675842,-0.910447687847,357.757031336
PKIS2,483,positive_exp1_cluster_multiplier,ok,644,338,,338,644,,0.444948387372,0.327149906933,0.381657093383,0.117798480439,0.995405179616,202555,-1.16115503498,0.428029064935,0.405044151763,0.459343788026,0.022984913172,0.0439333628188,8935,0.576702262598,-0.0948135672669,-0.951471816797,292.629691069
PKIS2,484,positive_exp1_cluster_multiplier,ok,644,338,,338,644,,0.44067070656,0.347921256767,0.394966530379,0.0927494497933,0.975251855128,198454,-0.971493471574,0.418747136839,0.385762510257,0.44328956938,0.0329846265826,0.0794387930611,16158,0.426624147223,-0.0597648232107,-0.895813062067,350.639963501
PKIS2,485,positive_exp1_cluster_multiplier,ok,644,338,,338,644,,0.441446168097,0.310112857542,0.37141526485,0.131333310554,0.991744066047,201810,-1.14238422801,0.404719283443,0.370371363224,0.426681284826,0.0343479202192,0.124964371714,25426,0.390020102282,-0.0969853903352,-0.866779694334,337.760048385
PKIS2,486,positive_exp1_cluster_multiplier,ok,644,338,,338,644,,0.466865241104,0.333307003416,0.391142120478,0.133558237689,0.996702540665,202819,-1.30929311589,0.426171195418,0.393150767092,0.447545694586,0.0330204283258,0.117750257998,23946,0.392950228142,-0.100537809363,-0.878952282667,309.108214862
PKIS2,487,positive_exp1_cluster_multiplier,ok,644,338,,338,644,,0.397645347668,0.277472916179,0.342531211997,0.120172431488,0.975816993464,198569,-0.847150005677,0.372901123097,0.361452660158,0.42163301119,0.011448462939,0.00200992677773,406,0.809764105015,-0.108723968549,-0.973807066686,304.572473203
PKIS2,488,positive_exp1_cluster_multiplier,ok,644,338,,338,644,,0.429336577323,0.305445985571,0.362656511588,0.123890591753,0.993970219667,202263,-1.16552093427,0.393354157671,0.367873857826,0.428883733248,0.0254802998452,0.0288318836306,5864,0.582357779473,-0.0984102919074,-0.965138336036,345.860510059
PKIS2,489,positive_exp1_cluster_multiplier,ok,644,338,,338,644,,0.419240695054,0.299773999612,0.365021306668,0.119466695442,0.98124232149,199672,-0.830982776641,0.39813120577,0.369505878958,0.439757618057,0.0286253268118,0.0185316231756,3768,0.592532125483,-0.09084136863,-0.962710698314,325.008003169
PKIS2,490,positive_exp1_cluster_multiplier,ok,644,338,,338,644,,0.410045646821,0.281996401096,0.352232554585,0.128049245725,0.981424148607,199710,-0.823124407651,0.390492575657,0.359990998299,0.422784620915,0.0305015773578,0.0465280849182,9463,0.514256765462,-0.0975476683671,-0.934896063689,333.138311827
PKIS2,491,positive_exp1_cluster_multiplier,ok,644,338,,338,644,,0.372899220785,0.276695635776,0.332301252315,0.0962035850082,0.951997641162,193722,-0.730105536049,0.38859642124,0.344164931433,0.419698777184,0.0444314898076,0.0651334217898,13251,0.411767144047,-0.0517720952006,-0.886864219372,308.852221
PKIS2,492,positive_exp1_cluster_multiplier,ok,644,338,,338,644,,0.403938885227,0.282783366943,0.352133750445,0.121155518284,0.972219765099,197837,-0.747005743376,0.39218598483,0.351246471533,0.429810188972,0.0409395132967,0.0487640670303,9922,0.478900507368,-0.0802160049873,-0.923455698069,324.514081227
PKIS2,493,positive_exp1_cluster_multiplier,ok,644,338,,338,644,,0.408413532288,0.299646996823,0.366321398763,0.108766535464,0.972691532753,197933,-0.631308752676,0.411975951413,0.39103700828,0.448861039821,0.0209389431334,0.0134945206153,2743,0.637885104592,-0.087827592331,-0.959197012138,340.287082886
PKIS2,494,positive_exp1_cluster_multiplier,ok,644,338,,338,644,,0.412261458599,0.278967930283,0.351454189448,0.133293528316,0.986613592806,200766,-0.838879945686,0.398348252347,0.358913355768,0.426782139827,0.0394348965792,0.0968155683326,19694,0.418953836794,-0.0938586317369,-0.889798024473,320.680638794
PKIS2,495,positive_exp1_cluster_multiplier,ok,644,338,,338,644,,0.437452731949,0.315134984373,0.366807560066,0.122317747576,0.995370779891,202548,-1.3671695466,0.405552497876,0.392025956251,0.44315139203,0.0135265416251,0.00616737923239,1252,0.735424423891,-0.108791205951,-0.989203400659,338.880380765
PKIS2,496,positive_exp1_cluster_multiplier,ok,644,338,,338,644,,0.413742170533,0.291391309953,0.352049707781,0.12235086058,0.980863924517,199596,-1.01704734975,0.388359687199,0.36117069012,0.425489242017,0.0271889970788,0.0269448130129,5480,0.577275975953,-0.0951618635013,-0.953919111504,334.863770002
PKIS2,497,positive_exp1_cluster_multiplier,ok,644,338,,338,644,,0.430715355912,0.305540672202,0.370888663942,0.12517468371,0.985822399135,200604,-0.915509266264,0.411836804434,0.385467300337,0.4472732364,0.0263695040966,0.0450931249693,9175,0.573349976128,-0.0988051796133,-0.940729274166,378.033219068
PKIS2,498,positive_exp1_cluster_multiplier,ok,644,338,,338,644,,0.419043425853,0.304699172468,0.361279265811,0.114344253385,0.991812865497,201824,-1.02092726661,0.403082897511,0.377718811871,0.433913154162,0.0253640856403,0.0289203400659,5880,0.548636310951,-0.0889801677447,-0.962892525431,369.879864136
PKIS2,499,positive_exp1_cluster_multiplier,ok,644,338,,338,644,,0.429132237909,0.279797959653,0.350977003136,0.149334278256,0.997557619539,202993,-1.09800906206,0.400085619455,0.357523657929,0.425157337429,0.0425619615258,0.149432404541,30405,0.370698713421,-0.10677231673,-0.848125214998,274.449652068
