dataset,calibration_ligands,repetition,geometry_spearman,oas_geometry_spearman,empirical_pr,oas_pr,reference_top10_pair_roc_auc,reference_top10_pair_average_precision,experimental_pair_roc_auc,experimental_pair_average_precision
DOCKSTRING-58,50,0,0.7293656819623641,0.7333789453396699,11.784441322795066,16.837752316842327,0.9196044433281209,0.6536717127633201,0.7146666666666667,0.2635836282378033
DOCKSTRING-58,50,1,0.7156971894214967,0.7157732729006396,13.441863476403885,19.75553779060156,0.8507871431928116,0.513164006312507,0.6944761904761905,0.15773490864772508
DOCKSTRING-58,50,2,0.8207766624505874,0.8218549319594987,12.31037416686987,17.12487546687557,0.9371460286337009,0.6805017717364072,0.6815238095238095,0.16266192368640311
DOCKSTRING-58,50,3,0.7083222833794259,0.7129169847970293,14.15249270907097,22.917005126110368,0.9075927111269557,0.5347160410631195,0.7047619047619048,0.1893180033297676
DOCKSTRING-58,50,4,0.767235540938818,0.768297614446442,13.33550578562619,19.079370911592292,0.9279093509208319,0.6446887256024258,0.6521904761904762,0.21634626021823272
DOCKSTRING-58,50,5,0.7647826172229031,0.7685396591159381,13.948368848445543,21.069088628217578,0.9107607295354924,0.5959800380601772,0.6289523809523809,0.21498333021240074
DOCKSTRING-58,50,6,0.7819032624639428,0.7830808360968866,13.123601863239283,18.824248687487923,0.9130861036614515,0.63497091431396,0.7131428571428572,0.22260548763196944
DOCKSTRING-58,50,7,0.7582408939563574,0.7599934840851252,13.536805123731133,20.26366821788397,0.9207347209956166,0.6016772607263225,0.7436190476190476,0.18110194772492372
DOCKSTRING-58,50,8,0.7315752299397792,0.7338647642713194,11.318458409283515,16.0365475547269,0.8722705212241029,0.588974574739724,0.6377142857142857,0.19371878353282793
DOCKSTRING-58,50,9,0.8156333666554015,0.8157498391784364,11.787694278482139,16.607282932272966,0.9410513607894929,0.7322801213403117,0.7794285714285715,0.23532844806638148
DOCKSTRING-58,50,10,0.8079643501568888,0.8089339768041486,11.229994141960864,15.148393721217245,0.9412498683368309,0.7252217890093311,0.7539047619047619,0.24563764575048744
DOCKSTRING-58,50,11,0.808469093648441,0.8084562346185479,11.766389460607126,16.45500245294223,0.9402937911700602,0.7448173743919453,0.7531428571428571,0.29053849875469223
DOCKSTRING-58,50,12,0.7968958259328598,0.7973825747530345,11.960317640704258,16.749086105354735,0.9127579585321784,0.5943067923560689,0.7512380952380953,0.23464436741914968
DOCKSTRING-58,50,13,0.7762516603757406,0.7797194431736115,13.823688057501283,21.913467769668838,0.9039628588327756,0.6485524501401434,0.6567619047619048,0.26046260595937715
DOCKSTRING-58,50,14,0.7609562295572974,0.7621836664697942,13.605825129802712,19.523833834020873,0.9055306633393021,0.5517114577834812,0.6655238095238095,0.22370763680245837
DOCKSTRING-58,50,15,0.794917618279602,0.7982629267882132,12.929481809179544,19.070158659412552,0.9460545612172969,0.6942857269584535,0.6803809523809524,0.2263085975097597
DOCKSTRING-58,50,16,0.7761707839854555,0.7781791386247048,13.536851291476268,19.850925901103434,0.9188306690109462,0.6128747706746216,0.7142857142857143,0.2016081221838279
DOCKSTRING-58,50,17,0.8163799183590819,0.818106662900494,11.476726022068265,15.181086398397186,0.9474400628742272,0.7195743302293869,0.7577142857142857,0.28420440975595007
DOCKSTRING-58,50,18,0.6125634682793052,0.6128770851401842,11.559179789011038,17.082298660054047,0.8105346740019932,0.5102502067817329,0.5935238095238096,0.1351651351563117
DOCKSTRING-58,50,19,0.7400204243903894,0.7411465114240976,11.263058388285366,15.492773041785856,0.8855138104536505,0.5814834005446938,0.7485714285714286,0.2801864099258129
DOCKSTRING-58,50,20,0.7894541459241968,0.7916402739948953,12.006768887195785,18.00962302718064,0.9053686163618833,0.6136746975308776,0.6110476190476191,0.2894702960925896
DOCKSTRING-58,50,21,0.7695940411170455,0.7710528900879573,12.169982668987576,17.783640024854947,0.9430283339140016,0.7212947504210658,0.7013333333333334,0.24895545408678893
DOCKSTRING-58,50,22,0.8192712792010436,0.8199727339680695,12.7564314134852,19.4857657976457,0.9339739590507288,0.6481076327957312,0.7550476190476191,0.22947956493002453
DOCKSTRING-58,50,23,0.7786772985054974,0.7831260446201642,12.251497973791984,17.57109437850575,0.9002317271777088,0.580863148490086,0.6807619047619048,0.21270018340771488
DOCKSTRING-58,50,24,0.7175025387683677,0.719736696909812,14.551158819304945,21.814811390675757,0.9133372764764506,0.5942043931450064,0.6643809523809524,0.24974899376382426
DOCKSTRING-58,50,25,0.7649092680400538,0.7673702578747197,12.1014040385996,18.268874088087678,0.9430607433094854,0.7187567001790961,0.6476190476190476,0.23291806538266094
DOCKSTRING-58,50,26,0.7995694254799582,0.8009819075521725,12.67161566945785,19.066399737375157,0.9368421905510408,0.6592965391441254,0.7318095238095238,0.22761731415325798
DOCKSTRING-58,50,27,0.7723018685323495,0.7735752631925927,13.497793420264358,19.9493605474888,0.920617236936988,0.6286433050553214,0.7127619047619047,0.2640389542522875
DOCKSTRING-58,50,28,0.8137597953726632,0.814973411484849,12.901511954275614,18.56517852378685,0.9317539154600919,0.6434626717549166,0.6902857142857143,0.26012444725328815
DOCKSTRING-58,50,29,0.8058971521717565,0.805695087395201,11.444890880023312,15.970284037498073,0.9320172417983974,0.6630916112634845,0.692952380952381,0.23968279022623987
DOCKSTRING-58,50,30,0.8036445902079836,0.8046834962072053,13.35592806284842,18.642434152101906,0.9249357888851978,0.6255492343301253,0.688,0.22678594583228595
DOCKSTRING-58,50,31,0.7451002699062551,0.7471571833242974,13.921661945578796,21.39027108339572,0.8948112557830515,0.5094806337280378,0.6255238095238095,0.2293688531013912
DOCKSTRING-58,50,32,0.7354652405782883,0.7360739137250807,14.457878686838962,21.904965560930354,0.9088728822485639,0.6297045461229962,0.7653333333333333,0.41252750208891753
DOCKSTRING-58,50,33,0.7245873381883043,0.7252496951280764,13.443121567887554,18.95107595925179,0.9286588181913937,0.6780556887883915,0.6620952380952381,0.2090029469001236
DOCKSTRING-58,50,34,0.7596130268370451,0.7629213629778889,12.574831505558318,17.655391290999063,0.9274799264306722,0.696199307648984,0.6045714285714285,0.20902401372491689
DOCKSTRING-58,50,35,0.7398505018749182,0.7403433507638192,15.03006314539301,22.22002958407164,0.8877946216608195,0.5546529046490198,0.5942857142857143,0.14895776285969017
DOCKSTRING-58,50,36,0.7199765709538074,0.7208014538100378,13.61433093766322,18.881968322697418,0.9231451697847206,0.5980123582112619,0.6426666666666667,0.18684476627495208
DOCKSTRING-58,50,37,0.8240299624748533,0.8268579341444551,12.524069155572311,18.074711517985627,0.9388637265943397,0.6855999443069966,0.6068571428571429,0.26009548059186977
DOCKSTRING-58,50,38,0.6835468515911357,0.6851752484652841,14.598827442015528,21.09347464038817,0.8664206253392859,0.49106189037001224,0.736,0.22113815356479777
DOCKSTRING-58,50,39,0.7901662519000744,0.7911393775850137,12.71615918241105,19.28393242470593,0.9235016731350418,0.6206329868983704,0.6495238095238095,0.20282274710058745
DOCKSTRING-58,50,40,0.7408389494659307,0.7434154925624036,12.9116621374117,17.919461065452676,0.9278728903509127,0.6561255063550081,0.7062857142857143,0.16154782023305989
DOCKSTRING-58,50,41,0.6812027885964698,0.6821619340716368,13.909442852685507,20.111988093137292,0.8761555975077174,0.5482932974310307,0.6521904761904762,0.1491963191893033
DOCKSTRING-58,50,42,0.768672750075333,0.7723102428427263,13.270149438976842,20.40199264856954,0.9298498634754215,0.6693576810170795,0.6548571428571428,0.25244172813008514
DOCKSTRING-58,50,43,0.7535577070035075,0.7548512191377902,14.082203299967983,20.77285675126396,0.8970677599436077,0.6017324399165191,0.7371428571428571,0.24463240997177313
DOCKSTRING-58,50,44,0.7830919788182447,0.7845609954559748,13.351004506560425,20.376896740571162,0.9144229912251561,0.5787670604891759,0.7348571428571429,0.17991968182425994
DOCKSTRING-58,50,45,0.7583730443999294,0.7630490977793778,12.611043626578027,18.312210828426227,0.9167645700488571,0.6058868200869154,0.6350476190476191,0.2947208570422016
DOCKSTRING-58,50,46,0.7898520877333776,0.7940665258510791,12.505144122534936,17.433038051016165,0.9421168196660212,0.7215143253598265,0.5824761904761905,0.23619393999904587
DOCKSTRING-58,50,47,0.7761474225288747,0.77739934739148,13.079601298906827,18.314676005322493,0.9620242908419151,0.7708063185984452,0.6510476190476191,0.2549092981146375
DOCKSTRING-58,50,48,0.8093982170083615,0.8127191943195012,12.584006018951008,18.00332607226928,0.9358739598609637,0.6459206568739821,0.6815238095238095,0.21068900239809435
DOCKSTRING-58,50,49,0.8451645034173961,0.8471055925775468,11.681176843169986,16.370968409864624,0.9487202339958354,0.7497927871837564,0.7413333333333333,0.2998888185249591
DOCKSTRING-58,50,50,0.6766226864287143,0.6789462971894713,15.743109009421454,25.35569138630599,0.8466670987919398,0.43069494864653374,0.5969523809523809,0.16092760091817984
DOCKSTRING-58,50,51,0.7553940083541504,0.7608532643292992,12.890157286020395,19.327560480622665,0.932843681383233,0.6774522895038527,0.6281904761904762,0.13673104965282057
DOCKSTRING-58,50,52,0.7675410916809456,0.7711015763943195,13.225286078481739,20.322055870483034,0.9370123398773305,0.6514718147504954,0.6217142857142857,0.19699432353355123
DOCKSTRING-58,50,53,0.7764140800192243,0.7771876595970997,14.101414078083865,20.76896613525633,0.9427163934824706,0.6607958748129292,0.6460952380952381,0.17731628721240197
DOCKSTRING-58,50,54,0.7587268351019273,0.7611794506262165,13.86669506446864,19.490190186302208,0.9281969843057503,0.6663807819850108,0.708952380952381,0.3851038857770063
DOCKSTRING-58,50,55,0.750279207000205,0.7546007762464981,12.885928321542371,19.698004712469555,0.917955615332885,0.6367718524583218,0.6548571428571428,0.18183277531395048
DOCKSTRING-58,50,56,0.8070577035310381,0.8082057970409043,11.865591927967094,16.67314806023027,0.9225334424449648,0.6279659863464824,0.6430476190476191,0.2533427021090546
DOCKSTRING-58,50,57,0.7536925195850862,0.7567766649161204,12.703231243605881,18.630145951302122,0.8829048541172085,0.5539910268041098,0.5394285714285715,0.09695533235503513
DOCKSTRING-58,50,58,0.7871821652311907,0.790912508696251,13.038932139733017,17.819380472046873,0.9390338759206294,0.7044129087174325,0.668952380952381,0.2985862126922047
DOCKSTRING-58,50,59,0.7651445112391932,0.7667637872353202,13.87778870362697,21.371908368931038,0.9227360011667383,0.6107985259586957,0.6228571428571429,0.21606942670922363
DOCKSTRING-58,50,60,0.7644246340520683,0.7668896569461097,12.958868174425163,20.106462645754053,0.9026300224435063,0.6379940633192506,0.6796190476190476,0.20141410829719877
DOCKSTRING-58,50,61,0.7939487435136356,0.7948014672323145,12.620546555285511,17.783165051373043,0.9130293872193549,0.5746127578131359,0.7363809523809524,0.25261773939628573
DOCKSTRING-58,50,62,0.7609411441085921,0.7634801090813439,13.651190183265692,21.005334224120194,0.9279377091418802,0.6439678300533758,0.6723809523809524,0.2527420695822182
DOCKSTRING-58,50,63,0.7953729740631613,0.7942280528015786,10.795698664008816,14.880536285009512,0.9187658502199788,0.5977765494573475,0.7352380952380952,0.21024456733803526
DOCKSTRING-58,50,64,0.7784552331551743,0.7813215534275609,12.994815792253837,19.136877770919725,0.929525769520584,0.6180338246974021,0.7394285714285714,0.26275247880058006
DOCKSTRING-58,50,65,0.738391775117927,0.7419629482356935,13.559808813148504,20.26584732503032,0.9340063684462125,0.7056786352255286,0.6571428571428571,0.20952688979505338
DOCKSTRING-58,50,66,0.7494335982571573,0.7518269108049491,13.460154056753723,21.329380360384892,0.9094927119371906,0.5810948091836283,0.6594285714285715,0.2476127183332571
DOCKSTRING-58,50,67,0.7634968311338538,0.7692332523396884,13.441089913596377,20.349472015411738,0.955785482211293,0.74773750992277,0.6297142857142857,0.2763884592200079
DOCKSTRING-58,50,68,0.8052027193915089,0.8071641651398915,12.276818716241305,17.92658275128648,0.9334189481530696,0.68302634156794,0.6068571428571429,0.27881559870212064
DOCKSTRING-58,50,69,0.7118011398212215,0.7146801411162693,12.998064954118343,18.480054845022504,0.890391424473955,0.5022691496084356,0.7554285714285714,0.19435461892017944
DOCKSTRING-58,50,70,0.7885255353313775,0.7907421823434774,12.839645073397172,19.19015259407523,0.915622138858055,0.598460284399399,0.6506666666666666,0.21033383096554525
DOCKSTRING-58,50,71,0.4425390078007604,0.4409452107502276,7.300384853776408,9.840163615794994,0.7181759992221745,0.3598732498440893,0.6293333333333333,0.21224491636883375
DOCKSTRING-58,50,72,0.7334007738085961,0.7345542633287339,12.767528155257068,17.423834101759503,0.9225982612359322,0.6324048303752091,0.6998095238095238,0.20387264310659733
DOCKSTRING-58,50,73,0.8047872239437943,0.8063566526013145,12.223103616015733,17.33262954125108,0.9363925101887037,0.7135184871207589,0.6986666666666667,0.23801166831362675
DOCKSTRING-58,50,74,0.7627022493594277,0.7648415083916249,12.981074717136355,18.629975424752512,0.9032417497832622,0.5826760024083807,0.6114285714285714,0.20601903570550675
DOCKSTRING-58,50,75,0.763619642839807,0.7661346060613077,12.621571486723404,19.405888369589192,0.9090025198304988,0.5915752885596666,0.68,0.21526955759739358
DOCKSTRING-58,50,76,0.7569277877424335,0.7606144795832904,12.31444384664503,18.78441981575379,0.9120935659247615,0.605652324707782,0.6243809523809524,0.21609726924993541
DOCKSTRING-58,50,77,0.654189404721552,0.6605578631875841,11.86381783009389,19.14238381404768,0.8972054998744136,0.6307022471478063,0.6308571428571429,0.20885714260428254
DOCKSTRING-58,50,78,0.7584193501916667,0.7615472853017712,14.006520384619016,21.939657501558223,0.9285777947026843,0.6446544376376251,0.6472380952380953,0.215086243935089
DOCKSTRING-58,50,79,0.7600344496599027,0.7621647658213107,13.862554678005196,22.34125087948457,0.9260215036339035,0.586125264424116,0.6773333333333333,0.25826491768701254
DOCKSTRING-58,50,80,0.749822541402237,0.749411894658976,14.60545897923389,20.495253583166228,0.8955566718791778,0.5463003191431862,0.664,0.1656845918460663
DOCKSTRING-58,50,81,0.8147073836618725,0.8154584758783807,12.111285726075753,17.072731400185504,0.9410149002195737,0.7335744213309949,0.699047619047619,0.20506369040239056
DOCKSTRING-58,50,82,0.809197443448444,0.8100414766946475,11.9057185132675,16.289884847498694,0.9274758752562368,0.656000717074707,0.6129523809523809,0.23982797385351864
DOCKSTRING-58,50,83,0.8089251269222117,0.8112703350081758,11.681650273796611,17.233527749321365,0.9410311049173156,0.7153027727677762,0.6876190476190476,0.2633961552251226
DOCKSTRING-58,50,84,0.744061759773863,0.7447036060295907,13.621687158702656,20.539674046606684,0.9294933601251003,0.6245367993675202,0.6152380952380953,0.18427422768248886
DOCKSTRING-58,50,85,0.8129690553662589,0.813126610364343,11.256026454844495,15.360630805994939,0.9304372837685645,0.6348091435002089,0.7112380952380952,0.1798241202024397
DOCKSTRING-58,50,86,0.8320191050539224,0.8331455666998651,12.820999571766052,18.189771508701458,0.9455157550173795,0.7429886790529825,0.6289523809523809,0.24722455475787217
DOCKSTRING-58,50,87,0.8010168315083598,0.8009202267178749,11.976425197767115,16.599571788971062,0.914775443401042,0.6273098012176149,0.6708571428571428,0.22008762787872807
DOCKSTRING-58,50,88,0.7609003857661145,0.7624994805244173,13.103039239667238,18.262421567552995,0.8995956927913402,0.6146032225726608,0.7554285714285714,0.3175314153957461
DOCKSTRING-58,50,89,0.8136275652243605,0.814583012400021,11.36369328503755,15.512031626736908,0.945009358212946,0.7028571931217723,0.6754285714285714,0.16771221436500702
DOCKSTRING-58,50,90,0.7757015276968546,0.778518457604424,11.245670374117818,15.507111675873462,0.9309760899684819,0.6430632812194316,0.7337142857142858,0.31027499388828633
DOCKSTRING-58,50,91,0.7868352424201583,0.7871490319746207,13.517425543990212,19.843577857297948,0.9202526312377959,0.5856069576020148,0.7474285714285714,0.2975657467632261
DOCKSTRING-58,50,92,0.8197893493235759,0.8204744779049213,12.119314516752334,16.494176881862465,0.9237001806823798,0.6168959262982242,0.7017142857142857,0.3680748233855167
DOCKSTRING-58,50,93,0.7508695772839944,0.7504035862325296,12.615646177241004,18.388789666480818,0.9055428168626085,0.5865613394654887,0.6422857142857142,0.210730434743279
DOCKSTRING-58,50,94,0.7618072954175767,0.7636105299322586,11.968499559104814,17.659574022264703,0.8944020871650692,0.6553129349351994,0.716952380952381,0.20127245360106008
DOCKSTRING-58,50,95,0.7532535192122752,0.7588859523127339,13.2980149149698,18.442593555099403,0.9374377131930547,0.669982624430801,0.668952380952381,0.22047760180549963
DOCKSTRING-58,50,96,0.7888107135443274,0.7926582575022968,13.218570837097417,20.474476254671472,0.9432673532056943,0.6687862557219956,0.72,0.27326428888488585
DOCKSTRING-58,50,97,0.7971601188495306,0.8017744860810326,12.438707139384526,18.931687439574283,0.9242957033243937,0.5941098395649156,0.6933333333333334,0.14367652891314944
DOCKSTRING-58,50,98,0.7856877387252995,0.7876214259727886,13.185836945847386,19.14766539020881,0.9359873927451569,0.6919406566267444,0.6243809523809524,0.1834929847148248
DOCKSTRING-58,50,99,0.809501578103189,0.8107508355141388,11.747336835675963,16.74429208092935,0.9232059374012527,0.6225666784134599,0.7222857142857143,0.3294674479725293
DOCKSTRING-58,100,0,0.8680754263508335,0.8686709800989455,14.46881400017898,17.306833090821065,0.96366501648828,0.7680016116473102,0.7687619047619048,0.2801762638674516
DOCKSTRING-58,100,1,0.8974387368317754,0.8979659969097625,13.815892856426219,16.46506289383097,0.9600392153685353,0.781369141783803,0.6552380952380953,0.2175479543599689
DOCKSTRING-58,100,2,0.8656499104349968,0.8658540448777274,14.103389872016919,16.76146753497031,0.9685264258108426,0.8305999704483876,0.7466666666666667,0.27839423793630963
DOCKSTRING-58,100,3,0.8742723496090092,0.8740803674808928,13.564523950679815,16.11880353255829,0.9592654410513608,0.7451377562468947,0.6982857142857143,0.29732474235169465
DOCKSTRING-58,100,4,0.8630000150748213,0.8641754313663865,13.737972289007734,16.617852513984346,0.9344195882386304,0.7049096743243057,0.664,0.27667963169640897
DOCKSTRING-58,100,5,0.8316160754260958,0.8313740440407213,14.655643016833139,17.335620478401253,0.9329368583952488,0.7163565831502579,0.6796190476190476,0.1835533121630228
DOCKSTRING-58,100,6,0.8424131279940384,0.8440604600553869,15.055047262506607,18.3642387556616,0.9636407094416671,0.7742257188288783,0.7093333333333334,0.29204071764936707
DOCKSTRING-58,100,7,0.8963603318248221,0.8970343814485943,13.327941770388014,15.488217768379004,0.9551291919527471,0.7564635670347701,0.6636190476190477,0.33440161690712883
DOCKSTRING-58,100,8,0.8883959667897168,0.8890864409016707,14.708331592413934,17.79152476461845,0.9623564871456235,0.7809078578114944,0.7142857142857143,0.35463175111638573
DOCKSTRING-58,100,9,0.8676946795088983,0.8693101163938278,14.621992876111955,17.37489984810278,0.9581513680816068,0.7755791600110706,0.6613333333333333,0.23814325754541432
DOCKSTRING-58,100,10,0.8597266480561788,0.8606890401707115,15.198803463767442,18.387585527150197,0.9511914504014714,0.7660424972262486,0.630095238095238,0.22705980396803788
DOCKSTRING-58,100,11,0.8790094302439633,0.8798204152519763,15.005924039280655,18.20915241132434,0.961047957802967,0.778436692627538,0.7569523809523809,0.22869541874022195
DOCKSTRING-58,100,12,0.8725590884512143,0.8735544384719092,15.851048808752722,20.000063079731753,0.9603390022767601,0.7598174404149436,0.6552380952380953,0.24140098120326794
DOCKSTRING-58,100,13,0.8417013195824888,0.8425105776546693,16.83322570887383,20.427454774850982,0.9400709765761094,0.6764479481219676,0.6838095238095238,0.1905707383328158
DOCKSTRING-58,100,14,0.8789000115895992,0.8796431891263448,14.672971487981231,17.83438684972844,0.9516330284149375,0.7468149406046146,0.6994285714285714,0.2497510478523602
DOCKSTRING-58,100,15,0.8674207688880511,0.8682148299249031,14.448173608186089,17.505186357117857,0.9629439074387665,0.8006986664484846,0.6982857142857143,0.25152607785274034
DOCKSTRING-58,100,16,0.8812149159369349,0.8820527906642762,14.814166872948217,18.08665318415427,0.9549792984986347,0.7538163634990845,0.6826666666666666,0.27237659832943767
DOCKSTRING-58,100,17,0.8540868980614379,0.8551141034061864,14.946902496304078,17.90447128710164,0.9607724779413552,0.8031554226630824,0.6628571428571428,0.27437862399776464
DOCKSTRING-58,100,18,0.8801771656563091,0.8799508015641745,14.739879490404645,18.07096345322844,0.9708153393668825,0.8261819963948751,0.696,0.23743773694885817
DOCKSTRING-58,100,19,0.8777634035314327,0.8785969024690565,15.056307571661854,18.11061129747962,0.9618662950389318,0.7992110899722431,0.7196190476190476,0.28038393685292495
DOCKSTRING-58,100,20,0.8495120723468577,0.8512624759091786,15.719068049117144,19.0393841714149,0.9705277059819641,0.8170445897471326,0.6628571428571428,0.3514377381859646
DOCKSTRING-58,100,21,0.8666541183081017,0.8669235229548375,16.272907875698547,20.15749127532345,0.9584106432454769,0.7661724123265492,0.692952380952381,0.21190542537533244
DOCKSTRING-58,100,22,0.8768272927234506,0.8771185763187754,14.028023883176893,16.42402567886253,0.9561298320383079,0.7443222413821964,0.712,0.2609462185762352
DOCKSTRING-58,100,23,0.8963136248526067,0.8971498045260076,13.583637860155324,16.108573053383154,0.9763370901224265,0.8407702414679028,0.7146666666666667,0.2735012367275051
DOCKSTRING-58,100,24,0.8606672754655698,0.8615498326649657,16.72505225068345,20.853049846116175,0.9601850576482123,0.7499153859140105,0.6464761904761904,0.25640320883991047
DOCKSTRING-58,100,25,0.8671887909260478,0.8678143667894064,15.495273567642094,18.97203117220489,0.9569117087043534,0.7438280798309009,0.6731428571428572,0.30429261536211677
DOCKSTRING-58,100,26,0.8654711061556967,0.8654661192963766,14.828648857287948,17.756479023543775,0.9544040317287982,0.7700090500668184,0.7024761904761905,0.2843096794332871
DOCKSTRING-58,100,27,0.8759318499259179,0.87667417196522,13.587937218669664,16.124147680642036,0.9610195995819188,0.806686005738144,0.6289523809523809,0.17945127678775835
DOCKSTRING-58,100,28,0.8742528113226797,0.8749904414101656,14.867254547766029,17.793681840237642,0.9495831341505903,0.7485680053654312,0.656,0.15831232073434495
DOCKSTRING-58,100,29,0.8936670212978107,0.8933649855343088,13.408393096632148,15.945759093915102,0.9652611792158546,0.7766024504511667,0.7413333333333333,0.2709680566205004
DOCKSTRING-58,100,30,0.8573311755101838,0.8571193920701263,14.938300811511603,17.929735688400353,0.9458033884022978,0.7062813223568891,0.6883809523809524,0.2612692709630919
DOCKSTRING-58,100,31,0.8211256416436727,0.822738612995598,15.965389272550496,19.677320921038923,0.937008288702895,0.7401066054767392,0.6525714285714286,0.23658661709242076
DOCKSTRING-58,100,32,0.8682217934615457,0.8689744106952355,15.729117226693552,19.327321126324104,0.9585078714319282,0.7682888143501211,0.7127619047619047,0.24887299696042828
DOCKSTRING-58,100,33,0.8950623429414959,0.8957770738598393,14.191985596854938,16.963395248860436,0.9640174686641657,0.796306351830856,0.5958095238095238,0.23595544899361054
DOCKSTRING-58,100,34,0.7977412752664461,0.799227027240808,16.923097474955313,21.204518803870005,0.936153490897011,0.7223083175448209,0.7428571428571429,0.37092660359415563
DOCKSTRING-58,100,35,0.8779344312858369,0.8782131666997184,14.393097316040691,17.232171458775795,0.9720833569651842,0.810956554427679,0.6015238095238096,0.18623592343756387
DOCKSTRING-58,100,36,0.8017088837739824,0.8025593784170247,17.66718647747524,21.98562959787271,0.9574019008110451,0.7569539280115499,0.6994285714285714,0.24972477993675898
DOCKSTRING-58,100,37,0.8425639798242671,0.8442443202714406,16.735698351672042,20.618156530454634,0.9545944369272652,0.7555999740282018,0.6876190476190476,0.3138840053931316
DOCKSTRING-58,100,38,0.8576465857275044,0.8581405690804061,16.027609349524514,19.20508868579577,0.9557206634203256,0.7621413023511331,0.6083809523809524,0.212285641954939
DOCKSTRING-58,100,39,0.8600248075129423,0.8609514653398583,14.119861254405729,16.983287687662354,0.9306357913159025,0.7219973952464805,0.6476190476190476,0.2165998459648031
DOCKSTRING-58,100,40,0.8778584142273029,0.8783821779244346,14.077957322233877,16.445486412911333,0.9750528678263829,0.8448877629368007,0.7272380952380952,0.2855048098117326
DOCKSTRING-58,100,41,0.8808635641996977,0.8818541691320889,14.928941079322927,17.683624487495823,0.9679916707853606,0.8081169140213846,0.7013333333333334,0.21386932502118436
DOCKSTRING-58,100,42,0.8703755693820354,0.8711062465601762,15.408998139522424,19.053449095412446,0.9712366615081712,0.8260692516193276,0.7123809523809523,0.25721514655299244
DOCKSTRING-58,100,43,0.8613613522313532,0.8625974689890279,15.4965917526635,18.78230037964185,0.9656257849150469,0.8035543592908576,0.6662857142857143,0.19723869138032654
DOCKSTRING-58,100,44,0.8605299495281482,0.8616442668299501,15.581420771367288,18.947613503695287,0.9553722624188752,0.7280187809101011,0.7234285714285714,0.27478964962922975
DOCKSTRING-58,100,45,0.8760178805554577,0.8770731047698865,15.023063416443168,18.40376234377528,0.9590912405506357,0.7867582416733219,0.6632380952380953,0.3033690463210807
DOCKSTRING-58,100,46,0.8848612878113331,0.8854113886083267,13.731834372224094,16.26475593882042,0.9679714149131833,0.82110108128367,0.7036190476190476,0.3428381203561593
DOCKSTRING-58,100,47,0.8693693184109994,0.8697722072271351,14.644746751355237,17.592671043445232,0.9500692750828466,0.7193120292837688,0.7283809523809524,0.24290342972470333
DOCKSTRING-58,100,48,0.8375980270549843,0.8386098334457532,17.06077384920143,21.293504572872845,0.9302995438377586,0.6628275103641355,0.7020952380952381,0.28239801200167086
DOCKSTRING-58,100,49,0.8594129036677306,0.859715980906381,14.01325843096829,16.51895125345949,0.9631748243815882,0.806215676221678,0.7078095238095238,0.3549143890237604
DOCKSTRING-58,100,50,0.8268745100716252,0.8287946873672535,16.7157831488842,21.735024822492875,0.9387786519311948,0.5955032373270948,0.7066666666666667,0.2476497911024871
DOCKSTRING-58,100,51,0.865109740847454,0.8655069679708824,14.25297787133639,16.960665788352795,0.9696810105249511,0.7910530159648707,0.716952380952381,0.22775028770040026
DOCKSTRING-58,100,52,0.8855201696248448,0.88593117238257,13.911063180439697,16.54121791159534,0.9674001993177822,0.8122407648652534,0.7036190476190476,0.2547039760806694
DOCKSTRING-58,100,53,0.8536263694408533,0.8536001306434928,14.921687561164623,17.686576295824896,0.9620283420163506,0.7591622537519644,0.7554285714285714,0.27803512954783793
DOCKSTRING-58,100,54,0.8786793410720639,0.8786975350052683,13.887490542634733,16.6098030451469,0.9678255726335064,0.8029025780755632,0.7222857142857143,0.30160286238763007
DOCKSTRING-58,100,55,0.8694989289304851,0.8703912260479778,15.418269185606496,19.094425696802134,0.9474562675719691,0.7008627793768134,0.6114285714285714,0.21090597589583857
DOCKSTRING-58,100,56,0.8598615244015422,0.8605885112506495,15.600889264725996,19.26606011616267,0.9411526401503796,0.6785770474898247,0.7032380952380952,0.1852698285181508
DOCKSTRING-58,100,57,0.8790285886044096,0.8796749594320189,15.373620533155862,19.23123221400595,0.9655245055541601,0.7889106186073437,0.6582857142857143,0.18342680345675458
DOCKSTRING-58,100,58,0.8569290013798003,0.8579344606171778,15.575095463153712,19.364211250204477,0.9516735401592922,0.7212904892624662,0.7238095238095238,0.28954038586389863
DOCKSTRING-58,100,59,0.8416326459864807,0.8430588505565045,16.74737947668905,20.532746442382987,0.9284967712139749,0.6981869423833283,0.7078095238095238,0.33534670665723904
DOCKSTRING-58,100,60,0.8664933007297058,0.8670909028893979,15.667451401227014,19.141718381229875,0.9668938025133487,0.7850211458486813,0.6857142857142857,0.1843694054370872
DOCKSTRING-58,100,61,0.854148233508569,0.854807197683636,14.904124681970137,18.22916190155964,0.9489389974153507,0.714965505870849,0.7264761904761905,0.29847684171340144
DOCKSTRING-58,100,62,0.8669452265530188,0.8688714932900757,14.708751486808737,17.666510787061856,0.9651963604248872,0.8017753764719038,0.6975238095238095,0.26658084301967405
DOCKSTRING-58,100,63,0.8492710664956854,0.8496633838077002,14.248323699863404,17.02088092682631,0.9607805802902262,0.7941553807882412,0.7196190476190476,0.3272720529951061
DOCKSTRING-58,100,64,0.8603496016338961,0.8603348721996545,16.92560622585816,21.279784102937416,0.9496722599881706,0.7059273421720822,0.699047619047619,0.32175626685798986
DOCKSTRING-58,100,65,0.8563226396701996,0.8578304565708557,16.010448219837087,19.911566483266764,0.9568874016577406,0.7523356173355151,0.6525714285714286,0.19481963026618315
DOCKSTRING-58,100,66,0.845551012911364,0.8463784011529639,15.534950282305331,18.623767856508795,0.957158830344917,0.784773187630598,0.5851428571428572,0.15409918620082072
DOCKSTRING-58,100,67,0.8158104997921805,0.8168996357127163,16.07490167582268,20.77716089232101,0.9558016869090349,0.7591123180915467,0.580952380952381,0.21978262113173594
DOCKSTRING-58,100,68,0.8628585444914012,0.8630885192078385,14.410513075463474,16.90319425484054,0.9679309031688287,0.7965893292269023,0.7215238095238096,0.2001431526685973
DOCKSTRING-58,100,69,0.8526652446315396,0.8530928950506927,15.57410007543707,19.05825614176616,0.9565592565284676,0.7869830671146297,0.7260952380952381,0.31378719947726
DOCKSTRING-58,100,70,0.8695343523696517,0.8707329202286732,14.43590899330051,17.721246927125183,0.9594031809821667,0.7350997126704162,0.6605714285714286,0.19469925280957304
DOCKSTRING-58,100,71,0.8369643478773335,0.8371347645621353,13.565137290656368,15.923092090761203,0.9550117078941185,0.7634509834630172,0.7664761904761904,0.3380988364625128
DOCKSTRING-58,100,72,0.8465761167080452,0.8486144403260537,15.256339723329939,18.500865356273216,0.9639648033965047,0.7799686194318398,0.6876190476190476,0.23206876842989035
DOCKSTRING-58,100,73,0.8785982521358303,0.8786518748218499,12.155331814057837,13.985093503939893,0.9688221615446317,0.8017317202658596,0.7798095238095238,0.3116802966235876
DOCKSTRING-58,100,74,0.8631090166077612,0.8633219185708733,14.813182467988092,17.64101018131323,0.9637743981980376,0.7869195288409541,0.6891428571428572,0.24520087270842275
DOCKSTRING-58,100,75,0.8357649856278289,0.8367060992360774,16.240969091861817,19.67434745067008,0.9517505124735661,0.7091085937048613,0.64,0.21372807456068507
DOCKSTRING-58,100,76,0.8690574975633863,0.8699126868150696,14.708157182895004,18.087945181924376,0.9577138412425762,0.7490606681955548,0.7382857142857143,0.1862066058216589
DOCKSTRING-58,100,77,0.8694797014926055,0.8700018099881621,15.25767854452317,18.231372749402837,0.9606347380105492,0.7710833043440849,0.6815238095238095,0.2901415201089502
DOCKSTRING-58,100,78,0.8684443290697801,0.8691462434674201,14.342312021894388,17.331937488153624,0.9639810080942465,0.8090180090991965,0.6441904761904762,0.22217243258754749
DOCKSTRING-58,100,79,0.8818658007091287,0.8823953270582932,14.501789729434325,17.42879676885845,0.9493684219055104,0.7467716172970597,0.6967619047619048,0.3103084559770186
DOCKSTRING-58,100,80,0.8607768429020978,0.8619215383336103,15.02846547027109,17.94079816795859,0.9564012607254844,0.7512965955855598,0.6979047619047619,0.22227592829118079
DOCKSTRING-58,100,81,0.885315726990489,0.8860739076143846,14.798284324527133,17.52020981759595,0.9635313277319095,0.8041554416220474,0.7192380952380952,0.270938102918216
DOCKSTRING-58,100,82,0.8654078418540817,0.865942078752833,14.633798164270669,17.976163766016352,0.953589745667269,0.7552028472780246,0.7154285714285714,0.26892004791800245
DOCKSTRING-58,100,83,0.8629069465175571,0.8637447070014511,13.978286446271394,16.60355467580213,0.9689112873822121,0.8423900906426133,0.7142857142857143,0.3167049757682184
DOCKSTRING-58,100,84,0.8705380713870745,0.8705212536888877,13.934984907126518,16.40098244387096,0.9624051012388491,0.8151531970260012,0.6678095238095239,0.3162770439717907
DOCKSTRING-58,100,85,0.8588242124969355,0.8595779907628699,15.536734620210318,19.06685232116063,0.9690895390573727,0.8254181234307957,0.6636190476190477,0.24296740158293523
DOCKSTRING-58,100,86,0.8412827315912214,0.8425981997219995,14.880827291922543,17.9440603481472,0.9611492371638538,0.8026464342004289,0.7260952380952381,0.2316505432310853
DOCKSTRING-58,100,87,0.8259657273589905,0.8266828972420945,15.054860226810847,18.499637163888274,0.9383978415342608,0.6496336648137043,0.7135238095238096,0.24568507298851278
DOCKSTRING-58,100,88,0.8971790455348928,0.8982274363970729,14.200541530826143,17.389837596842113,0.9648560617723078,0.76864356420348,0.6815238095238095,0.2522553345444142
DOCKSTRING-58,100,89,0.814040053146902,0.8157590822703782,16.349576425796677,20.136220217627415,0.9541771659604119,0.7550840134928534,0.6232380952380953,0.26662752976553494
DOCKSTRING-58,100,90,0.862939338520131,0.8641675140297994,13.97344373099775,16.805354320671793,0.9534479545620276,0.7672090837801364,0.6251428571428571,0.27424390099358514
DOCKSTRING-58,100,91,0.8654957614857399,0.8660352588967203,14.555461944559939,17.683485210425133,0.9654313285421444,0.7979905066326151,0.7276190476190476,0.2556372701409279
DOCKSTRING-58,100,92,0.8474504536928772,0.8480751581178463,13.949252060242866,16.682331648174628,0.9434496560552904,0.7364284534282004,0.7078095238095238,0.32129886103736655
DOCKSTRING-58,100,93,0.8703187186544208,0.8706636275925896,14.536409012246816,17.152276270054315,0.953192730572593,0.7469763880527451,0.6887619047619048,0.2391191164259317
DOCKSTRING-58,100,94,0.7323204665154023,0.7335593676250043,13.616901916028077,16.267653127036183,0.8741583685110313,0.6144264019953888,0.595047619047619,0.1812494468582207
DOCKSTRING-58,100,95,0.888536807705764,0.8883256034534168,13.257763389506941,15.884216726464336,0.9638311146401342,0.7686939285104651,0.716952380952381,0.3483363202892564
DOCKSTRING-58,100,96,0.8628458422141451,0.8627415618580896,16.8219570733116,21.02549894844458,0.9541528589137991,0.7357526725836888,0.7123809523809523,0.22648640481917917
DOCKSTRING-58,100,97,0.8401490221284297,0.8404630507970842,14.920862379616542,17.842735085253224,0.9529820695019486,0.7406402298584827,0.6811428571428572,0.27387634477924266
DOCKSTRING-58,100,98,0.8631660187743643,0.8643372346266192,15.01187580289399,18.21515810901307,0.953650513283801,0.7421463243572495,0.8045714285714286,0.2975994636576839
DOCKSTRING-58,100,99,0.8680882109896446,0.8685490478018548,14.771427969677662,17.84562895632884,0.9451065863993972,0.698384999828504,0.7375238095238095,0.22189787867966554
DOCKSTRING-58,200,0,0.908930862474636,0.9089082077333345,17.30977682799023,19.05803015891977,0.9629114980432828,0.7848911998616827,0.6773333333333333,0.2600651985782561
DOCKSTRING-58,200,1,0.8895626527564412,0.8901186915558751,18.793106995841676,20.87512620987978,0.9695878335129354,0.8127692305484516,0.7866666666666666,0.3006156204362325
DOCKSTRING-58,200,2,0.9190165184388047,0.9185789421238497,15.935338391082544,17.438161595013746,0.9643172555723905,0.7778950374465158,0.7097142857142857,0.2531888446779598
DOCKSTRING-58,200,3,0.928824241350048,0.9289264201580363,15.658030644034994,17.073666530171757,0.981016196595393,0.8645708094698032,0.7306666666666667,0.22320375836720707
DOCKSTRING-58,200,4,0.9344345590445498,0.9343452312959817,15.212887833538352,16.60655120791757,0.9819763249365991,0.8610205110521083,0.72,0.25870132269666596
DOCKSTRING-58,200,5,0.9197400461025977,0.9200205376773799,17.095880349542213,18.84072061217595,0.9757415674804125,0.8420229581116501,0.6944761904761905,0.2587147210744131
DOCKSTRING-58,200,6,0.9223575813420917,0.9223777705503889,17.271487175652684,19.170463149765787,0.9779048946289529,0.87203678492239,0.6887619047619048,0.24620458799295447
DOCKSTRING-58,200,7,0.9371380026996629,0.9374283484359893,15.627384563270937,17.187938103893572,0.981802124435874,0.8739608976303108,0.6700952380952381,0.24301399222534392
DOCKSTRING-58,200,8,0.9274356547561107,0.9276603211374804,16.40129152592972,18.19005868710217,0.9828068156958703,0.8937898067091317,0.6521904761904762,0.22151831622827983
DOCKSTRING-58,200,9,0.9236351259619824,0.9238497415768053,16.321518875667696,17.920192916357966,0.9857115077661014,0.904850957655848,0.7066666666666667,0.27808416260318325
DOCKSTRING-58,200,10,0.9284381383502069,0.9285740535138943,16.73171293401912,18.3711803625232,0.9809837871999093,0.8789483910832194,0.7676190476190476,0.3185588275899903
DOCKSTRING-58,200,11,0.8736444118287962,0.8741870469493436,17.407406786855304,19.5557028897609,0.9347315286701615,0.7082972558417108,0.7024761904761905,0.1734558898416677
DOCKSTRING-58,200,12,0.8993118750521435,0.899296136024646,17.399254486910493,19.00329864719969,0.9733230163424377,0.8311925556506272,0.712,0.27891988564236103
DOCKSTRING-58,200,13,0.9096597728645784,0.9097540210518579,18.316289105339507,20.487020800021536,0.9742507352881601,0.8410785003223445,0.7036190476190476,0.24762751074571943
DOCKSTRING-58,200,14,0.9283879695358528,0.9283556067583469,17.019151720190564,18.79282868546645,0.9778724852334691,0.8424912424034225,0.6628571428571428,0.27877007083820143
DOCKSTRING-58,200,15,0.9303834173223704,0.9303805107565226,15.842508461080484,17.38770369837742,0.9719658729065556,0.8539906243971311,0.7020952380952381,0.26884294335861203
DOCKSTRING-58,200,16,0.9323015594905403,0.9324002605154438,15.785491632246622,17.139101982764057,0.9745140616264655,0.8442822363095969,0.7081904761904761,0.2493786605807249
DOCKSTRING-58,200,17,0.9273470443501193,0.9273905232807395,15.957351457467743,17.35318239336518,0.9753972176533977,0.8523290851739826,0.659047619047619,0.2723509793045516
DOCKSTRING-58,200,18,0.9039823676982104,0.9042126240380296,16.678007447886255,18.38443324154187,0.9602944393579699,0.8031301188682994,0.667047619047619,0.2285273462416307
DOCKSTRING-58,200,19,0.9034987512739538,0.9037971923540994,16.723957458663897,18.346694992902606,0.9755997763751711,0.8779052050551889,0.668952380952381,0.26288077413714367
DOCKSTRING-58,200,20,0.919241588657477,0.9193065878653979,16.08045333641972,17.714648176493544,0.980566516233056,0.8946301201837438,0.7234285714285714,0.30250910654800134
DOCKSTRING-58,200,21,0.9065040208034447,0.906830600310367,17.722670240411087,19.5183290934393,0.9780102251642752,0.8616471770822711,0.7127619047619047,0.2129825108544968
DOCKSTRING-58,200,22,0.9165062604532422,0.916999324544916,15.63767069886891,17.216394825596527,0.9840100145032045,0.8939850526933791,0.7074285714285714,0.2750570959271911
DOCKSTRING-58,200,23,0.9409004804553346,0.9409100131411314,14.494608938244872,15.756066688384129,0.9810891177352314,0.8739536167559762,0.6472380952380953,0.22794664682310142
DOCKSTRING-58,200,24,0.9038271639896832,0.9043137879391131,17.485729215672475,19.254719502423388,0.9706775994360766,0.7911593408972335,0.6982857142857143,0.24748391367409997
DOCKSTRING-58,200,25,0.909971277550093,0.9102446142968786,16.166695931389725,17.602967030236893,0.9739428460310644,0.8548207291540615,0.7249523809523809,0.2969337502058332
DOCKSTRING-58,200,26,0.9299760676981376,0.9299974631046933,16.917496298350112,18.691474630335808,0.9817859197381321,0.8726308356926397,0.6792380952380952,0.26290265893989834
DOCKSTRING-58,200,27,0.90284807373406,0.9033903767515625,18.103629909454856,20.17649379443253,0.965548812600773,0.7787520641701535,0.7264761904761905,0.24555550814620455
DOCKSTRING-58,200,28,0.9255906709034655,0.9259650732488334,16.822986967223617,18.63695945206084,0.982770355125951,0.8972481573952352,0.7561904761904762,0.3171633922261925
DOCKSTRING-58,200,29,0.9205970632494392,0.9206922174138247,16.346540325333724,18.1116703033856,0.974975895512109,0.8418118395062898,0.6765714285714286,0.24793389337686392
DOCKSTRING-58,200,30,0.923465543520029,0.9237047028782721,16.82675179225071,18.564669979907144,0.9842328290971553,0.8960943101139578,0.7036190476190476,0.3047335929812426
DOCKSTRING-58,200,31,0.9119416714829135,0.9123699967354535,17.41394269547233,19.259206381176817,0.9693123536513235,0.8406649810522219,0.6834285714285714,0.18245998648464576
DOCKSTRING-58,200,32,0.9082072816743558,0.9084037777470565,15.30445573995777,16.693092213344926,0.9746801597783198,0.8108147383857389,0.7710476190476191,0.3276611587911129
DOCKSTRING-58,200,33,0.9200709907719404,0.9203420665611974,15.614048745789576,17.145321045688988,0.9769002033689567,0.8645226748006858,0.6567619047619048,0.24394532047700643
DOCKSTRING-58,200,34,0.9075541970515933,0.9080445485255977,17.52585488952832,19.296251942535505,0.975615981072913,0.858713687255014,0.7188571428571429,0.2786186173181759
DOCKSTRING-58,200,35,0.9334832432307661,0.9337691042475761,16.3331502206612,17.89231452431638,0.9801411429173318,0.8745623937502435,0.6643809523809524,0.25399936341193186
DOCKSTRING-58,200,36,0.9234666461021376,0.9237627677746185,17.107825500988916,18.82232778433129,0.9843908249001385,0.8939757868539597,0.7222857142857143,0.3184541129966076
DOCKSTRING-58,200,37,0.9314859542649685,0.931747144010789,16.743048836663295,18.50531958189021,0.9853469020669092,0.8930526730831854,0.6544761904761904,0.20577435026171897
DOCKSTRING-58,200,38,0.921466285847382,0.92145745722004,16.95827231472936,18.603647689276713,0.9781925280138712,0.8654649668561164,0.7542857142857143,0.28231948340494384
DOCKSTRING-58,200,39,0.9111447596735253,0.9119893933620338,17.712842109035055,20.074798611098114,0.975745618654848,0.8586920816027874,0.6777142857142857,0.27981814634437036
DOCKSTRING-58,200,40,0.912448628109156,0.9124335586013967,15.777633391646857,17.23606595494292,0.9750083049075927,0.8364196572796174,0.7276190476190476,0.27478260226271006
DOCKSTRING-58,200,41,0.9321506970330142,0.932282371905026,16.169126876844324,17.68150471104083,0.9810121454209575,0.8713128043294158,0.6510476190476191,0.24703286847823963
DOCKSTRING-58,200,42,0.9022166820821814,0.9026020996213382,17.69327098864399,19.464817365417225,0.9709692839954303,0.837360922886172,0.6499047619047619,0.20924186773695558
DOCKSTRING-58,200,43,0.9379157162962396,0.9382198270395652,15.264368568603714,16.60462448653723,0.9781601186183875,0.8591704208456672,0.7207619047619047,0.32388569890711066
DOCKSTRING-58,200,44,0.8944011629749145,0.8947468849013368,17.035430591496766,18.769496741193993,0.9732541463770347,0.8490980096113018,0.6773333333333333,0.2960230858320223
DOCKSTRING-58,200,45,0.9175576747815416,0.9178765202727573,17.199917327034093,18.79322820187951,0.9796955137294302,0.8879560229796805,0.803047619047619,0.34311596152765833
DOCKSTRING-58,200,46,0.859761423230202,0.8602267075663876,16.63487660300352,18.460299079266285,0.9269735296262387,0.7133228493052257,0.6038095238095238,0.23157732391759753
DOCKSTRING-58,200,47,0.9192020923065694,0.919267614908889,15.874049988760941,17.383548121673684,0.9844718483888479,0.8896231886009369,0.7127619047619047,0.29174095466781896
DOCKSTRING-58,200,48,0.9218353718872095,0.9221980762349288,16.93900769117079,18.897275222383545,0.9824219541245007,0.8879985466650694,0.7024761904761905,0.3064839989351024
DOCKSTRING-58,200,49,0.9123907465336902,0.9126963318145348,15.488885547184202,17.120268473180207,0.9787596924348368,0.8742563736565058,0.6544761904761904,0.25471781207297545
DOCKSTRING-58,200,50,0.9333652616314959,0.933325539450518,15.713763399354997,17.14824893160841,0.9808257913969259,0.8585801824814533,0.7001904761904761,0.31244206071236
DOCKSTRING-58,200,51,0.907310927586068,0.9078217764599952,17.54164523229091,19.626289001354593,0.9747692856159,0.8318504791268344,0.6582857142857143,0.17659640779776337
DOCKSTRING-58,200,52,0.9186051516961424,0.9188380781444415,16.791834471549855,18.468108656392445,0.9786624642483857,0.863795358456648,0.68,0.24882800306117633
DOCKSTRING-58,200,53,0.9141521254374348,0.9146621533526351,17.640203963952985,19.559656432629733,0.9788447670979817,0.8488540826863579,0.7733333333333333,0.3264362619029553
DOCKSTRING-58,200,54,0.9272852306746037,0.9271012455878052,15.536857072300648,16.942520183111636,0.9790594793430616,0.8516119893768073,0.6902857142857143,0.2794308729768206
DOCKSTRING-58,200,55,0.9286536360307169,0.9286442840089765,15.674538266613686,17.329117404170354,0.9824098006011943,0.8665615664808461,0.7249523809523809,0.29049478250518057
DOCKSTRING-58,200,56,0.9212067884986774,0.9217092391508085,15.076720265382843,16.565484876628126,0.9754134223511396,0.8530321745614118,0.6971428571428572,0.28586329760666845
DOCKSTRING-58,200,57,0.92709083614997,0.9274246369054976,16.242268085709306,18.115196865077856,0.9795739784963661,0.8765526360901033,0.6925714285714286,0.3051831834884388
DOCKSTRING-58,200,58,0.927068497570767,0.9276083430257385,16.770294234484112,18.56232970461925,0.9812795229336985,0.8766902105992534,0.7348571428571429,0.25574063617541876
DOCKSTRING-58,200,59,0.9284288394649536,0.9287884087599303,16.422918651366512,18.22927863147873,0.98146587695773,0.8810085354288179,0.7272380952380952,0.2621159090019051
DOCKSTRING-58,200,60,0.9342695888496821,0.9344203795729507,15.632044161646034,17.160403377056266,0.9802788828481377,0.8749020474255194,0.6971428571428572,0.2100688796221114
DOCKSTRING-58,200,61,0.9232664543867547,0.9237318184276709,16.515216236060162,18.063972579403053,0.9751419936639631,0.8636393077419838,0.6137142857142858,0.2343460345299936
DOCKSTRING-58,200,62,0.931095552523316,0.9310354046766728,15.22509424558626,16.656768293806792,0.9808136378736195,0.8627795246650682,0.7352380952380952,0.2771580844478663
DOCKSTRING-58,200,63,0.8967096245231816,0.8968214157216975,16.77642539483535,18.583905943237955,0.9678984937733449,0.8283940991201083,0.6937142857142857,0.33109027094282445
DOCKSTRING-58,200,64,0.9286012939340379,0.9287162706649592,15.061586426869715,16.48356584995933,0.9823004188914366,0.8946312682259393,0.7516190476190476,0.3592407463273556
DOCKSTRING-58,200,65,0.896163819811175,0.8966285276164749,17.133725551733324,18.869755780245217,0.9734850633198564,0.8421665477906759,0.6457142857142857,0.1946605205745947
DOCKSTRING-58,200,66,0.9222541485130065,0.9226751674985617,17.141454517793814,18.910009031789823,0.976470778878797,0.8631168009777468,0.6853333333333333,0.22007420664075453
DOCKSTRING-58,200,67,0.9391520907658769,0.9390080058672884,15.079453206209292,16.53686198396312,0.977439009568874,0.8627863274420292,0.7055238095238096,0.30692006354904106
DOCKSTRING-58,200,68,0.9118568337675106,0.9120286107463837,16.35400325481429,18.119368042387215,0.9800317612075741,0.8773666110727336,0.6819047619047619,0.2502081571194583
DOCKSTRING-58,200,69,0.9024224185899997,0.9027094725209465,17.169432874757398,18.97020584930011,0.9790756840408035,0.8891627999291077,0.7539047619047619,0.2576951856243945
DOCKSTRING-58,200,70,0.9014635706791609,0.901901436587971,16.978246554968997,18.71399734645342,0.977439009568874,0.8801520514519827,0.6891428571428572,0.2511378671688886
DOCKSTRING-58,200,71,0.9235460267003089,0.9236408647025958,16.715556676099993,18.562849264824056,0.9758225909691219,0.8578178675390103,0.6803809523809524,0.23020240489019478
DOCKSTRING-58,200,72,0.9140674710429125,0.9141520537031771,15.690608108132913,17.092387459592995,0.9834104406867551,0.8990420062957324,0.6678095238095239,0.3076237295083716
DOCKSTRING-58,200,73,0.9292751150709153,0.9296367779434863,15.599967862321044,17.16988129998279,0.9735053191920338,0.8385298902536527,0.7371428571428571,0.3241292823776048
DOCKSTRING-58,200,74,0.8985501714791488,0.898354589354027,15.74247734339421,17.206805036531005,0.9758468980157348,0.8626578842069895,0.704,0.28735513258768036
DOCKSTRING-58,200,75,0.9187060472579657,0.9186259014943792,16.97752765078837,18.677581222295057,0.9674285575388305,0.8015984410575284,0.7417142857142857,0.2802216398333861
DOCKSTRING-58,200,76,0.9323641941247824,0.9326621490060706,15.631980748672278,17.249464768944694,0.9793673686001572,0.8516097263248135,0.6891428571428572,0.25892022490271227
DOCKSTRING-58,200,77,0.9278840921690414,0.9280675591750902,15.464499989459538,16.905298358361918,0.9804004180812017,0.8843181820615841,0.6864761904761905,0.2855101127097876
DOCKSTRING-58,200,78,0.9260049149869076,0.9260397672088371,16.44622926287455,18.01680810769026,0.9791405028317709,0.8791297824056354,0.7466666666666667,0.3457465613431372
DOCKSTRING-58,200,79,0.9126594710333904,0.9128386818068176,17.118716376721373,18.884090094186146,0.978026429862017,0.8595717373717735,0.7287619047619047,0.22484428764426087
DOCKSTRING-58,200,80,0.917906319214758,0.9182008946154624,16.82657082232825,18.483104905277607,0.9798616118812844,0.8805154591006064,0.7333333333333333,0.28924503246372024
DOCKSTRING-58,200,81,0.925019033888225,0.9250815781904392,16.51552337439849,18.22308210504505,0.9790432746453197,0.8717900611397854,0.683047619047619,0.2738997404151708
DOCKSTRING-58,200,82,0.9183094683996806,0.9186359894564667,17.041205971369187,18.954058480581452,0.9835927435363512,0.8879250680194554,0.7192380952380952,0.25065533057846584
DOCKSTRING-58,200,83,0.8810145541847929,0.8815937950313463,16.944335552975915,18.707103534751198,0.9394754539340955,0.7496972832045631,0.7051428571428572,0.28080576436110916
DOCKSTRING-58,200,84,0.9305380312158902,0.9308013118824806,15.227756469637518,16.761218514037935,0.9732257881559864,0.8304372484057916,0.7142857142857143,0.23093787636857013
DOCKSTRING-58,200,85,0.9157178079726102,0.9157721001783681,16.907152029129765,18.675739211118774,0.9712812244269614,0.8001158722113814,0.7542857142857143,0.2674234422994585
DOCKSTRING-58,200,86,0.9211036107247306,0.9209017664645969,17.353531089591467,19.120155185532717,0.9850957292519101,0.8927684171973693,0.6491428571428571,0.2839452468577667
DOCKSTRING-58,200,87,0.9107558802922301,0.9108717762843791,17.837880155650993,19.840580119240954,0.9731123552717933,0.852170054224376,0.6918095238095238,0.329903535500754
DOCKSTRING-58,200,88,0.9113934862562821,0.9116817968651502,17.087967877711172,18.863153454365392,0.9665332479885919,0.8060197761774939,0.708952380952381,0.2651111343444232
DOCKSTRING-58,200,89,0.9148406175584176,0.9150590775980868,16.853372255166477,18.358354491579185,0.98042877630225,0.8620492228142502,0.6902857142857143,0.27157131292350134
DOCKSTRING-58,200,90,0.9184359066708827,0.9184398281436352,15.131694254969856,16.443145814709457,0.9808217402224905,0.8826339429940028,0.675047619047619,0.3165717500277314
DOCKSTRING-58,200,91,0.9367342690133815,0.9366651145321645,15.341174878603676,16.749414864527935,0.9848769658323948,0.8926387239429314,0.6940952380952381,0.2591490786585227
DOCKSTRING-58,200,92,0.9257288895338713,0.9258908947127552,15.7807017101202,17.481608444942605,0.975433678223317,0.8489078443336319,0.6921904761904762,0.26468344386770837
DOCKSTRING-58,200,93,0.9184027388755962,0.918446786366629,16.33304873218917,17.875543519207916,0.9788447670979817,0.8692073162749485,0.6952380952380952,0.30107582143313216
DOCKSTRING-58,200,94,0.9304309000872985,0.9309435715427351,15.436378515550139,16.924220006182804,0.9870159859343224,0.9052875481593693,0.6586666666666666,0.2190145730694825
DOCKSTRING-58,200,95,0.930018449360298,0.9300538249766261,16.288746194488834,18.02365710892171,0.9790270699475778,0.8718026242722624,0.6613333333333333,0.29596058375570755
DOCKSTRING-58,200,96,0.9115081361978072,0.9114876334842358,15.463172223158226,17.08912862885885,0.9817980732614385,0.8729646582275548,0.745904761904762,0.2879394428938954
DOCKSTRING-58,200,97,0.9133716274889309,0.9134769254087156,17.519846001874342,19.285764213450335,0.9767503099148444,0.8641033892460942,0.7180952380952381,0.2036788661548736
DOCKSTRING-58,200,98,0.9074917191699882,0.9077361443541092,16.820028360964052,18.598247402819986,0.9769852780321016,0.8504350746736977,0.7531428571428571,0.37224730830994673
DOCKSTRING-58,200,99,0.9141268696650866,0.9140000381838796,16.68065512445192,18.410860439502247,0.9702562772947878,0.8276707932049895,0.6765714285714286,0.2538467738820255
DOCKSTRING-58,500,0,0.9659567970284121,0.9659451654513722,18.02208605290572,18.732229826634914,0.9930562870176064,0.9488285598339485,0.6819047619047619,0.2781969189329443
DOCKSTRING-58,500,1,0.9588756480851435,0.9588424962308031,18.82977526635304,19.55950917949749,0.9844434901677996,0.9034367324079575,0.7306666666666667,0.28147631267359946
DOCKSTRING-58,500,2,0.9694969464081491,0.9695757079662448,16.75570176427055,17.378116500150714,0.9912413608705164,0.9396484874059708,0.6739047619047619,0.22525795932963472
DOCKSTRING-58,500,3,0.9689527995545419,0.9689260665878506,17.775989301371364,18.485569767869492,0.9900017014932629,0.9258940513991509,0.7066666666666667,0.23532753565332212
DOCKSTRING-58,500,4,0.9639713229605348,0.9640925299445757,18.32019091020532,19.089086480294277,0.9889119355701218,0.9211716473494802,0.708952380952381,0.2695421527480682
DOCKSTRING-58,500,5,0.959955493090899,0.9599986452321233,17.681661642564755,18.372877331608276,0.9915897618719667,0.9468760194277552,0.7158095238095238,0.319850196250726
DOCKSTRING-58,500,6,0.9669404649924043,0.9669898473867483,17.84715212206354,18.558888063496607,0.9941987182084087,0.9548383698918816,0.7489523809523809,0.32047828958606706
DOCKSTRING-58,500,7,0.966491304923248,0.9665987814390062,16.901298668078905,17.5187277392502,0.9895844305264097,0.9334339065446038,0.7295238095238096,0.2491383429883654
DOCKSTRING-58,500,8,0.9555442533656957,0.9556968932387172,18.69750049189116,19.501788566019467,0.9832808031048201,0.8960998100204006,0.6925714285714286,0.2348927218296063
DOCKSTRING-58,500,9,0.9450818171983584,0.9452430598686514,18.025448873311095,18.810114064619714,0.9773903954756484,0.8795927764170746,0.6708571428571428,0.22848206228146345
DOCKSTRING-58,500,10,0.9608501946344359,0.9608980599820713,17.516572694214336,18.205600952757067,0.9871496746906928,0.9208003033921156,0.6780952380952381,0.27811830429834805
DOCKSTRING-58,500,11,0.9663340953123304,0.9663675155059309,17.712909913677944,18.405012270137433,0.9900746226331013,0.9309124403264062,0.7321904761904762,0.2279206107570472
DOCKSTRING-58,500,12,0.9687180452110844,0.9687769921731176,18.22624220709755,18.946309226639183,0.9936680143573622,0.9483158995149539,0.7367619047619047,0.34005919065430235
DOCKSTRING-58,500,13,0.9727701699582764,0.972765701179706,17.24162730179263,17.9055363486253,0.9918814464313205,0.9375682000940555,0.7295238095238096,0.30638649352746383
DOCKSTRING-58,500,14,0.9609444029693497,0.9609704743867759,16.569128497776298,17.15083340313989,0.9908119363803567,0.9376596357451589,0.7131428571428572,0.3011483365819559
DOCKSTRING-58,500,15,0.9604739750212068,0.9604948709447834,18.338472279736283,19.064633595403464,0.9900867761564077,0.9247141226034713,0.68,0.2792302414911024
DOCKSTRING-58,500,16,0.956862505848401,0.9569664514445874,18.021765760154093,18.79069663204192,0.9939637500911515,0.9543431833108993,0.7291428571428571,0.3049591274299127
DOCKSTRING-58,500,17,0.9632751924695224,0.9633124889698615,16.433915826108713,17.068659802902527,0.9907592711126956,0.9393154520106864,0.6773333333333333,0.2105262363657799
DOCKSTRING-58,500,18,0.9663510139698427,0.9663873938657782,16.98202229197478,17.64478381825382,0.9936882702295395,0.9521774755974199,0.691047619047619,0.2645250933388627
DOCKSTRING-58,500,19,0.9679835820582334,0.9680773998399665,18.18434636824751,18.945481731977342,0.9893697182813298,0.9286840063341856,0.7196190476190476,0.29634382613228955
DOCKSTRING-58,500,20,0.9597693745741409,0.9598453252120659,18.2187563223951,18.93004752886779,0.988551381045365,0.9276457589559435,0.7051428571428572,0.2690715586133419
DOCKSTRING-58,500,21,0.9611280267280355,0.9612801246088881,18.37215208639575,19.073048848561786,0.9883042594048015,0.9189693403208291,0.6857142857142857,0.22678106819838253
DOCKSTRING-58,500,22,0.9623281939953208,0.9623669862877734,17.40875137090665,18.084689658240702,0.9877695043793195,0.9171921539180482,0.7020952380952381,0.22982873737068796
DOCKSTRING-58,500,23,0.9659649401950696,0.9660456093530546,17.269384345840994,17.9565654564604,0.991038802148743,0.9371600740186148,0.6788571428571428,0.3393638733684501
DOCKSTRING-58,500,24,0.9607683936692742,0.960933119436301,18.078519781721038,18.776893395360776,0.9856102284052146,0.9054601923649716,0.7085714285714285,0.2713865025695876
DOCKSTRING-58,500,25,0.9654481134663367,0.96545892408465,15.89228548962379,16.48514068675215,0.9932142828205897,0.956284234287657,0.7078095238095238,0.26447474122994147
DOCKSTRING-58,500,26,0.9665987309593435,0.9666860209236289,17.17363626504079,17.868210114285798,0.9877492485071422,0.9224900391619678,0.6971428571428572,0.33249814924615334
DOCKSTRING-58,500,27,0.9663594121916388,0.9664532937371566,17.189422760031107,17.91612553942828,0.9924891225966408,0.9459510337241565,0.7017142857142857,0.2742495062743528
DOCKSTRING-58,500,28,0.9638709561067588,0.9640753456046276,17.866456864790482,18.64879120660301,0.9895479699564904,0.9335417324143837,0.7276190476190476,0.28480221031249386
DOCKSTRING-58,500,29,0.967583618405716,0.9675653660223759,15.824560464561317,16.449117618508346,0.9941744111617958,0.9547734336124541,0.6857142857142857,0.2932034288212655
DOCKSTRING-58,500,30,0.9707351859684857,0.9706762602610475,16.54404612930615,17.175683979185663,0.993959698916716,0.9528983132595824,0.707047619047619,0.23541912466564047
DOCKSTRING-58,500,31,0.9661846064329974,0.9662864717357114,17.634660985899426,18.367801043991832,0.9916383759651923,0.9409512756573355,0.7093333333333334,0.28967909634817257
DOCKSTRING-58,500,32,0.9697636623486344,0.969756321542933,16.58753419340812,17.23625095249074,0.9941136435452638,0.9539275226265668,0.6826666666666666,0.3195927065497886
DOCKSTRING-58,500,33,0.9661557984864825,0.9661758096875477,17.070600938287864,17.759590611815266,0.9892117224783464,0.9273422552551318,0.7249523809523809,0.2948516122855443
DOCKSTRING-58,500,34,0.9483691617699489,0.9484601925429306,18.573110556341177,19.385248629015827,0.9827055363349835,0.8877932981813949,0.6784761904761905,0.25907961377015115
DOCKSTRING-58,500,35,0.9534726397384801,0.953568296042669,17.240713540399554,17.898915008799886,0.9832038307905462,0.9068803951775847,0.708952380952381,0.24751796590980707
DOCKSTRING-58,500,36,0.9679589984624478,0.9679297946491036,16.739951562261087,17.374839306748267,0.9913385890569676,0.9314369174622882,0.6940952380952381,0.3285707515028803
DOCKSTRING-58,500,37,0.9437926383446037,0.9440418458125692,19.26637642833458,20.144427351091025,0.9708355952390598,0.8526941795136489,0.6811428571428572,0.27736129965974377
DOCKSTRING-58,500,38,0.9687934033771776,0.9689388193447696,17.615992123708534,18.302394405835447,0.9928415747725265,0.947635798653766,0.7024761904761905,0.35136056140133154
DOCKSTRING-58,500,39,0.9618149991454855,0.9619241228923457,17.780349663706588,18.524515690276754,0.9926066066552693,0.9496651276191538,0.688,0.29832850515842096
DOCKSTRING-58,500,40,0.96881121207085,0.9688624037625818,17.31467346738693,18.010345936669733,0.993623451438572,0.9561675968688959,0.7043809523809523,0.31250180831319363
DOCKSTRING-58,500,41,0.9680218881518284,0.9679176981278013,15.455359043149162,15.992138166489271,0.9937044749272814,0.9560273042583889,0.6765714285714286,0.22176186629126124
DOCKSTRING-58,500,42,0.9686686468757942,0.9686853025076951,18.007296427353037,18.73473061209495,0.9915695059997893,0.9384093664625827,0.7310476190476191,0.2878416758385359
DOCKSTRING-58,500,43,0.9644214368296357,0.9646058974879942,17.228292168449205,17.951965681980898,0.9918247299892239,0.9374300973199358,0.7032380952380952,0.24526110543698498
DOCKSTRING-58,500,44,0.9693617299892677,0.9693945364564417,17.441880144305635,18.13615646295265,0.9871213164696445,0.9146486349603663,0.7234285714285714,0.2634492573050036
DOCKSTRING-58,500,45,0.9643875065257583,0.9644305364530621,16.70916247821006,17.32919259629287,0.9843503131557838,0.9121722207780392,0.688,0.30704213576117456
DOCKSTRING-58,500,46,0.9639790808876605,0.9640079685389062,18.047017465897195,18.78547938746216,0.9904108701112453,0.9251203057586244,0.692952380952381,0.2673936078560433
DOCKSTRING-58,500,47,0.9559171333507064,0.956100124785195,18.50656671520983,19.289763355532724,0.991686990058418,0.931107166373806,0.7093333333333334,0.24469909197427525
DOCKSTRING-58,500,48,0.9670773233287387,0.9670422240221439,16.433469330056518,17.030939150652834,0.9922744103515609,0.9463326971352974,0.7413333333333333,0.29666065765396427
DOCKSTRING-58,500,49,0.9690497151934767,0.9690605603505066,16.088681143505852,16.68338224543439,0.9927321930627689,0.948487288948223,0.7139047619047619,0.3107736846375548
DOCKSTRING-58,500,50,0.9641775350399132,0.964137780977043,17.201375276839254,17.821814573494066,0.9928253700747847,0.9505826937777306,0.7340952380952381,0.34079627797526746
DOCKSTRING-58,500,51,0.9650357318167697,0.9649704881810078,17.250320394093528,17.92594402668525,0.9911643885562424,0.933617045065536,0.7127619047619047,0.3014036609669948
DOCKSTRING-58,500,52,0.9546436536720838,0.9546941014529954,17.16329615903409,17.835520048751874,0.9795982855429789,0.881496438561965,0.696,0.21579828097611956
DOCKSTRING-58,500,53,0.9658845500036423,0.9658868215884685,17.269738140102344,17.988968464054015,0.9928861376913167,0.950365264354406,0.700952380952381,0.22693076675281992
DOCKSTRING-58,500,54,0.9734020212407687,0.9733678810477672,17.51922914186545,18.21901253558611,0.9912616167426938,0.9412422528026768,0.6895238095238095,0.31635542328531785
DOCKSTRING-58,500,55,0.9731533610786209,0.9731165507771394,17.061742855097627,17.738848281140594,0.9922379497816417,0.9447485626376739,0.7161904761904762,0.31736569282594973
DOCKSTRING-58,500,56,0.9700385825627378,0.9700406256606692,17.00050579276225,17.65645968653939,0.9929266494356714,0.9508051161976213,0.7081904761904761,0.2734609454603502
DOCKSTRING-58,500,57,0.9534569857293621,0.9535724114635997,17.312452431859942,17.963556592558703,0.9839897586310271,0.8924652815544641,0.707047619047619,0.21893425632097446
DOCKSTRING-58,500,58,0.9688977448401933,0.9689643700246214,17.60892686311295,18.290483510218227,0.9919503163967234,0.9445652713690498,0.6822857142857143,0.30011117594211
DOCKSTRING-58,500,59,0.9613736076307523,0.9614386280932682,17.292720368966286,17.97449557716335,0.9889605496633475,0.9249196863210478,0.7196190476190476,0.25076274987034847
DOCKSTRING-58,500,60,0.9682362354273915,0.9682031898460254,17.41828075371742,18.074168533660195,0.9923999967590604,0.9463869780997527,0.7154285714285714,0.2969204890495914
DOCKSTRING-58,500,61,0.9613853534512395,0.961456604166875,18.26816958052257,18.993986884700735,0.9880287795431896,0.9185323258245792,0.7112380952380952,0.2748600636422801
DOCKSTRING-58,500,62,0.9684640767138691,0.9684164717350207,17.321191055647528,18.02540876797877,0.9929104447379296,0.946240911252767,0.7028571428571428,0.2624547280817645
DOCKSTRING-58,500,63,0.9713666706092168,0.9714006221676891,16.929401617704656,17.584580002749036,0.9942837928715534,0.9586855936060452,0.6868571428571428,0.22265293963489802
DOCKSTRING-58,500,64,0.9610655647873766,0.9611407847986032,17.660808864261757,18.3750025605188,0.9835603341408674,0.90549554912719,0.659047619047619,0.27313829520864996
DOCKSTRING-58,500,65,0.9713169800232473,0.9713760996788637,16.904480105768233,17.544996953317092,0.9943931745813112,0.955644868979306,0.672,0.2604187501851573
DOCKSTRING-58,500,66,0.9610984589297543,0.9612340393335725,17.661116151288237,18.423532929008392,0.9898720639113279,0.9246886327975871,0.6716190476190477,0.26345630298633993
DOCKSTRING-58,500,67,0.9688582670870562,0.9688980344340484,17.42763539426146,18.124212051281837,0.99096993218334,0.939019399059698,0.7154285714285714,0.30475620106938484
DOCKSTRING-58,500,68,0.9658479389639876,0.9658536272249383,16.918917214671605,17.548865239748167,0.9900017014932629,0.9272603227911412,0.7371428571428571,0.2922393149075701
DOCKSTRING-58,500,69,0.9709830969061648,0.9709603890283759,16.954363672808366,17.571504357088088,0.9951102324563891,0.9632308530877042,0.7013333333333334,0.27030866224511046
DOCKSTRING-58,500,70,0.9662893065673015,0.9662287575401803,17.357862732799667,18.01855371121159,0.9906012753097123,0.9344147460431703,0.700952380952381,0.26512820694060196
DOCKSTRING-58,500,71,0.9631876527637474,0.9632045023438265,17.086194259280596,17.737754287721486,0.9926228113530112,0.9419690635850972,0.7257142857142858,0.26269919392564645
DOCKSTRING-58,500,72,0.9707033784672707,0.9707420007229642,17.449562870337044,18.16826490998678,0.9869876277132741,0.9112671919550729,0.684952380952381,0.19844411975097118
DOCKSTRING-58,500,73,0.9689288775080215,0.9689448078268728,17.41544607925041,18.101220898541353,0.9937409354972007,0.9488528717689431,0.684952380952381,0.2985404957295375
DOCKSTRING-58,500,74,0.9636684370132382,0.9637897476134291,18.030423406165784,18.746204440215,0.9915046872088218,0.9377873443474666,0.7321904761904762,0.2990366966676206
DOCKSTRING-58,500,75,0.9637712215771801,0.9638356628519857,17.49088533821815,18.211234120073463,0.9863353886291636,0.9172067835337828,0.7135238095238096,0.19878324927572882
DOCKSTRING-58,500,76,0.9705580767431261,0.9705586559308361,17.53606587122589,18.207658752877112,0.9900219573654402,0.9306503429859434,0.7055238095238096,0.2636609889408837
DOCKSTRING-58,500,77,0.9655632203816515,0.9656507042941153,16.93220168125372,17.574659567870945,0.9879396537056092,0.9192398985595639,0.7302857142857143,0.32816000462288775
DOCKSTRING-58,500,78,0.9659001747876922,0.9659859105097282,17.530354377381347,18.260419796449742,0.9908362434269695,0.9357000250204054,0.7222857142857143,0.30229877033478275
DOCKSTRING-58,500,79,0.964775875796777,0.964882475560497,17.838402995984463,18.5692837478866,0.9918206788147884,0.9367043300164646,0.700952380952381,0.27916502696046686
DOCKSTRING-58,500,80,0.9664688335028272,0.9665292629728522,17.314648796903487,17.94604857668305,0.98919956895504,0.9204159713432223,0.7295238095238096,0.2333879965827196
DOCKSTRING-58,500,81,0.9671010779953246,0.9670919783718981,17.657200628991276,18.351244596751386,0.9916221712674504,0.9294542842032542,0.7405714285714285,0.2845027883099245
DOCKSTRING-58,500,82,0.972125929903802,0.9721748314129371,16.405599166201096,17.073562339312534,0.9932669480882508,0.9514497289176556,0.6891428571428572,0.24336071218847236
DOCKSTRING-58,500,83,0.9654993423536098,0.9655201506019823,17.232181386615114,17.88377314067865,0.9919624699200298,0.9427319882596699,0.6792380952380952,0.24237000907967673
DOCKSTRING-58,500,84,0.9660015113823589,0.9660630859436822,17.362151562193883,18.037264105870765,0.9929550076567197,0.9494463965587117,0.7116190476190476,0.27061534612213883
DOCKSTRING-58,500,85,0.9713601348212959,0.9713535326127659,16.575424892848066,17.218945839878543,0.9936599120084912,0.9514917833022398,0.7062857142857143,0.3361235792645988
DOCKSTRING-58,500,86,0.9705312003079194,0.9706085537491056,17.600352818014873,18.327903857919754,0.9922541544793836,0.9500816691217492,0.7436190476190476,0.23969100420854808
DOCKSTRING-58,500,87,0.9636008261469731,0.9636201332895835,17.052541824462264,17.7279952447198,0.9910590580209203,0.9332934136301511,0.7409523809523809,0.28679965927754886
DOCKSTRING-58,500,88,0.9554606484167948,0.9555893237341064,18.80359919600365,19.56420477965621,0.9879599095777866,0.9080215828744946,0.7028571428571428,0.27969814868657594
DOCKSTRING-58,500,89,0.9675492098734543,0.967542841465468,16.7168886493117,17.305236083277453,0.9926228113530112,0.9434479100259258,0.6940952380952381,0.22781549392986675
DOCKSTRING-58,500,90,0.9608222793809053,0.960876741623422,18.32520258714587,19.103669557152248,0.9879599095777866,0.9211001532545212,0.707047619047619,0.34052299610806913
DOCKSTRING-58,500,91,0.9653597926542004,0.9654156444158566,17.932427905609806,18.646827990825233,0.9929550076567197,0.9484058360905183,0.7192380952380952,0.2675475094922758
DOCKSTRING-58,500,92,0.9695022839682844,0.9695872917204462,17.086215683762482,17.812569694601798,0.9918368835125303,0.9475329155055378,0.7112380952380952,0.2465593852715233
DOCKSTRING-58,500,93,0.9639155376194877,0.9638359072798268,17.551186462267577,18.251473783309763,0.9881786729973019,0.9210310643496318,0.692952380952381,0.3032316971083023
DOCKSTRING-58,500,94,0.968147595796332,0.9680813452241385,17.092988946928426,17.736589601633955,0.9874170522034338,0.9078182259229213,0.7192380952380952,0.2349555372745677
DOCKSTRING-58,500,95,0.9649639736476818,0.9650432320319327,17.675718408315458,18.361309564072208,0.9925741972597856,0.942085292192806,0.7028571428571428,0.2886879808829605
DOCKSTRING-58,500,96,0.9603848465344657,0.9603501909175385,16.66082155519925,17.29214021880001,0.9879882677988349,0.9107719972274759,0.7348571428571429,0.29443373085867497
DOCKSTRING-58,500,97,0.959089591523404,0.9591287717122129,17.442049408928984,18.139131091925428,0.9932102316461542,0.9474768498435471,0.6735238095238095,0.24966992187843998
DOCKSTRING-58,500,98,0.9544850253169589,0.9544976425758356,18.74016352083424,19.49456858499608,0.9864569238622276,0.9231222662332934,0.7432380952380953,0.29448195605787925
DOCKSTRING-58,500,99,0.9686179865489339,0.9686348228448913,16.749475021190605,17.395006067669247,0.9916424271396278,0.9427179842344379,0.7245714285714285,0.32433807699736505
DOCKSTRING-58,1000,0,0.977549440964037,0.9775568800722395,18.039516600390183,18.400913165526152,0.9933479715769602,0.9498674443665227,0.6887619047619048,0.2621513027215325
DOCKSTRING-58,1000,1,0.984292679044496,0.9843138645619276,18.00773353151506,18.36146614776681,0.9961837936817883,0.9666097945130957,0.7161904761904762,0.26634147221075744
DOCKSTRING-58,1000,2,0.9783607341636755,0.9783934954648353,18.20486242626377,18.568873957290705,0.9943688675346983,0.9566823444246744,0.6940952380952381,0.30394193232491207
DOCKSTRING-58,1000,3,0.9834826478364276,0.9834860645125522,17.704131566812546,18.033007103591785,0.9961675889840464,0.9694458967019184,0.7196190476190476,0.27487114783539407
DOCKSTRING-58,1000,4,0.9795933359427245,0.9796207649973975,17.66567498130994,18.010433345160056,0.9927402954116399,0.9454001969657415,0.7161904761904762,0.2988098965026821
DOCKSTRING-58,1000,5,0.9823861392282979,0.9824153058461012,17.79092392012277,18.145411747563944,0.9961392307629982,0.9695881028153212,0.6975238095238095,0.315613442212749
DOCKSTRING-58,1000,6,0.981589644540334,0.9816270659114179,18.242908756010422,18.60151430262333,0.9958232391570316,0.9630981731162406,0.7078095238095238,0.2948311331778013
DOCKSTRING-58,1000,7,0.9811887908516568,0.9812420894051045,17.57872814088411,17.902903257714755,0.9933763297980085,0.9500752838596876,0.7005714285714286,0.249371032610863
DOCKSTRING-58,1000,8,0.9824512686206125,0.9824735354655576,17.552782637467104,17.882917793609725,0.9948631108158255,0.9616976200724486,0.7123809523809523,0.29934990761523966
DOCKSTRING-58,1000,9,0.9819170343786854,0.9818981656120942,17.48517765220254,17.799395069014658,0.9960379514021115,0.9719363490854277,0.6811428571428572,0.2963413620381187
DOCKSTRING-58,1000,10,0.9861674830937366,0.9861872047009467,17.98658907171771,18.34367142351967,0.996499785287755,0.9710723988764521,0.7188571428571429,0.2798456826852604
DOCKSTRING-58,1000,11,0.9801569785734714,0.980172414722992,17.77699015168896,18.115606765199132,0.991998930489949,0.945475812233609,0.6933333333333334,0.2877663524830734
DOCKSTRING-58,1000,12,0.9827544096230474,0.9827560143449597,18.009987576221665,18.361568941736373,0.9956085269119518,0.968194522369972,0.7432380952380953,0.33780987274873797
DOCKSTRING-58,1000,13,0.9803958403673865,0.9803571437206108,17.790576858290233,18.145595063989138,0.9928213189003492,0.9369574718632855,0.7257142857142858,0.2739337767531734
DOCKSTRING-58,1000,14,0.9832571844077503,0.9832728835828822,18.438663317986784,18.78858465504079,0.994279741697118,0.9590906207107088,0.7272380952380952,0.3124537397601361
DOCKSTRING-58,1000,15,0.9816539157783808,0.9816019642348826,18.236847209135306,18.59860483678462,0.9940690806264736,0.9580296805546643,0.7184761904761905,0.2924961165560241
DOCKSTRING-58,1000,16,0.9822126751659576,0.9821911362908865,18.148434332684584,18.506295798687155,0.9954424287600976,0.967018902407038,0.7139047619047619,0.2857119595446484
DOCKSTRING-58,1000,17,0.9797666326251304,0.9797876587331004,18.013332786666577,18.383168250854183,0.9965159899854968,0.9725312982950929,0.6815238095238095,0.25164503526096416
DOCKSTRING-58,1000,18,0.9803949450175777,0.9803844665023094,17.19808658507023,17.515621590962002,0.9964390176712229,0.9735628025634533,0.72,0.2758721195302595
DOCKSTRING-58,1000,19,0.9788529454147306,0.9788785146923529,18.055164716395673,18.404905510701095,0.9918895487801914,0.9439955001394038,0.7104761904761905,0.3162857678977705
DOCKSTRING-58,1000,20,0.9766769345311876,0.976687761090447,19.010121909118702,19.417375143169224,0.994668654442923,0.9612578169819588,0.6784761904761905,0.24137663530047943
DOCKSTRING-58,1000,21,0.9840552253674907,0.9840628717079933,17.46249010353105,17.79385472955871,0.9969697215222693,0.9768614849512421,0.7074285714285714,0.30935193690149726
DOCKSTRING-58,1000,22,0.9786016071736298,0.9786176809609962,18.44871626799964,18.81157432810297,0.9933520227513957,0.9543885887333542,0.6998095238095238,0.30831823263780794
DOCKSTRING-58,1000,23,0.9808822889664087,0.980929981620461,18.71074012184342,19.089688099286008,0.9959933884833213,0.9713785117250198,0.7260952380952381,0.25178010278678903
DOCKSTRING-58,1000,24,0.9819708483560587,0.9819639538968495,18.357239253848086,18.718967382613823,0.9941865646851022,0.9576427456862132,0.7436190476190476,0.3131824660939199
DOCKSTRING-58,1000,25,0.981048866540013,0.9810564172348387,18.94076926212289,19.345507762127628,0.9949481854789703,0.9628036211424735,0.7272380952380952,0.2731820521821099
DOCKSTRING-58,1000,26,0.9821987693472674,0.9822241287357655,17.589856967307547,17.937670675372676,0.9956166292608227,0.9708379248032931,0.700952380952381,0.31609932275132013
DOCKSTRING-58,1000,27,0.983007830814445,0.9829949531867814,18.415682353154807,18.771311558559358,0.9954626846322749,0.9684827641746391,0.707047619047619,0.2622096832143924
DOCKSTRING-58,1000,28,0.9812547969960094,0.981294590911245,17.808015010399586,18.14513172446614,0.9948307014203418,0.9639498293510418,0.7196190476190476,0.24582139450359453
DOCKSTRING-58,1000,29,0.9782046032234474,0.9782310226848644,18.48993334785152,18.857282043909265,0.9953411493992108,0.9643251698162123,0.6857142857142857,0.29207268136044123
DOCKSTRING-58,1000,30,0.9812337735448636,0.9812702384591786,18.257304032411426,18.637075744197517,0.994348611662521,0.9570262389936542,0.6986666666666667,0.3056199395913792
DOCKSTRING-58,1000,31,0.9777893043807351,0.977791937293674,17.37907679546087,17.727070150890132,0.9964268641479165,0.9694268533163777,0.6891428571428572,0.2746173324375018
DOCKSTRING-58,1000,32,0.9839275277615429,0.9839470075977365,17.51383722512396,17.857003461019982,0.9939637500911515,0.9617737496569331,0.7074285714285714,0.27135365642460585
DOCKSTRING-58,1000,33,0.9835048296629934,0.9835126407266062,17.444054587228553,17.783017636079578,0.9966456275674318,0.9708307578450536,0.6998095238095238,0.3246495954239073
DOCKSTRING-58,1000,34,0.9818063377918052,0.9817915233391844,18.129434305443695,18.491429174574744,0.9959204673434828,0.9688546758360828,0.6925714285714286,0.3111761002728876
DOCKSTRING-58,1000,35,0.98210921045498,0.9821294049769259,17.62886250166294,17.977093719044014,0.9936031955663946,0.9511576510119972,0.7272380952380952,0.3301938385828098
DOCKSTRING-58,1000,36,0.9840049954461765,0.9839725370229936,17.844475150732496,18.200478988917368,0.9941825135106668,0.9539860611066511,0.7081904761904761,0.2323820247541946
DOCKSTRING-58,1000,37,0.9844018187323025,0.9844145608619239,17.922680517852367,18.272820754591837,0.9963255847870297,0.9707270322531887,0.7291428571428571,0.3284751694734446
DOCKSTRING-58,1000,38,0.9813571458407565,0.9813608919631015,17.43002994724006,17.76267116473233,0.9944782492444559,0.9602661533403171,0.7028571428571428,0.2586523960504223
DOCKSTRING-58,1000,39,0.9776213957381275,0.9776381868680707,18.71668083713607,19.07228019577192,0.9949360319556639,0.9635219347986843,0.7116190476190476,0.3091151655788702
DOCKSTRING-58,1000,40,0.9832551492802919,0.9832523117918776,17.49992175756803,17.844805181901307,0.9956368851330001,0.9682553894141548,0.7104761904761905,0.30582409734972227
DOCKSTRING-58,1000,41,0.9839514285534683,0.9840059758143646,17.926642959395746,18.298468151593518,0.9955558616442907,0.9673883418720964,0.6918095238095238,0.30479893545042547
DOCKSTRING-58,1000,42,0.9797441372932902,0.9797307336144037,17.75285085141446,18.093376199175378,0.9961230260652563,0.9716731559838612,0.704,0.31038363659081036
DOCKSTRING-58,1000,43,0.9803103384458941,0.9803262714215696,17.613137422955432,17.963108008600344,0.995965030262273,0.9685823652912142,0.700952380952381,0.30783610741789574
DOCKSTRING-58,1000,44,0.9827713628192766,0.9827794156539059,17.221796262061556,17.551842527490386,0.9947415755827614,0.959366104402917,0.7020952380952381,0.27910699210429707
DOCKSTRING-58,1000,45,0.977272267762878,0.9773402293299582,18.772074893579315,19.151032937574122,0.9928901888657522,0.9473622270692738,0.6918095238095238,0.2616114091803093
DOCKSTRING-58,1000,46,0.98228994093194,0.9822982089693423,17.343552505896024,17.663241787647195,0.9952803817826787,0.9687828636475122,0.7100952380952381,0.3059611662648224
DOCKSTRING-58,1000,47,0.9808436773380124,0.9808491557098389,17.59108947125168,17.93646780883067,0.9924405085034151,0.9443944596422685,0.6872380952380952,0.2895692037331875
DOCKSTRING-58,1000,48,0.981777766302658,0.9817813981815557,17.470986047280025,17.80896553117877,0.9958191879825962,0.9683607002119595,0.6838095238095238,0.32390292117032554
DOCKSTRING-58,1000,49,0.9820790953508809,0.9821253905153208,18.122435996616396,18.473663869097763,0.9950292089676798,0.9625605255558632,0.6967619047619048,0.34622089464977107
DOCKSTRING-58,1000,50,0.9848229758727244,0.9848274526217677,17.46270143247577,17.799777371067492,0.9964592735434002,0.9728929753862117,0.7104761904761905,0.318912657296055
DOCKSTRING-58,1000,51,0.9875254391596494,0.9875242462455126,17.48564725396174,17.825306413339927,0.9961959472050947,0.9692689765183666,0.7238095238095238,0.3080741180894282
DOCKSTRING-58,1000,52,0.9845770628669629,0.9845806336389001,17.60686520481786,17.946718530343094,0.9963417894847716,0.9734490959022173,0.691047619047619,0.2993486812710953
DOCKSTRING-58,1000,53,0.9810039821493072,0.980972017895455,17.942131516241535,18.29803472125871,0.9957260109705803,0.9662375271020384,0.7158095238095238,0.3243950779660703
DOCKSTRING-58,1000,54,0.9808771214430322,0.9808808011447682,17.957348457785436,18.318297381091984,0.9953614052713882,0.9610404539948869,0.7085714285714285,0.288489178786227
DOCKSTRING-58,1000,55,0.982180227370072,0.982216915457633,17.83527546944243,18.19218814728914,0.9961837936817883,0.9698379750078804,0.6815238095238095,0.3095976182327678
DOCKSTRING-58,1000,56,0.9787569357529018,0.9788003854584542,18.270939666558732,18.64288142589837,0.9956571410051774,0.966342798863852,0.6659047619047619,0.20940453109840573
DOCKSTRING-58,1000,57,0.9839656957002713,0.9839614819768394,17.6907491914908,18.035730509744024,0.9968765445102535,0.9764378000877157,0.7386666666666667,0.2727749397488867
DOCKSTRING-58,1000,58,0.9767197280011237,0.9767196243849736,17.866622069904604,18.224617788372317,0.9967144975328348,0.9740181202827873,0.7005714285714286,0.31590713146348637
DOCKSTRING-58,1000,59,0.9826365236694542,0.9826579376737805,18.121133961251044,18.458163180633065,0.9979339010379109,0.9845583719472093,0.7257142857142858,0.32579828997228866
DOCKSTRING-58,1000,60,0.9849198197774016,0.9849238687777233,17.273069796714516,17.6073051238848,0.9957138574472739,0.969630894466428,0.729904761904762,0.32195314049704277
DOCKSTRING-58,1000,61,0.9869950121470275,0.9870085619512537,17.768840648038466,18.110432591150765,0.9958191879825962,0.9672566350874449,0.7272380952380952,0.3181100462547606
DOCKSTRING-58,1000,62,0.9793855802483941,0.9793818872625362,18.948553731263246,19.326269714686276,0.9914115101968061,0.9441965089707035,0.6815238095238095,0.24609808127010555
DOCKSTRING-58,1000,63,0.9802029735167588,0.9801905502060603,18.133133125123795,18.48852894740058,0.9950575671887281,0.9630511859618827,0.7139047619047619,0.27211192713496035
DOCKSTRING-58,1000,64,0.9855570298746242,0.985558430021061,17.14825514306188,17.484612450706436,0.9951385906774374,0.9686207621374406,0.7047619047619048,0.3360658705029643
DOCKSTRING-58,1000,65,0.982603706574983,0.982585581719212,18.26263346907972,18.632334730466603,0.9934289950656695,0.9473873206674793,0.7028571428571428,0.30657840203236625
DOCKSTRING-58,1000,66,0.9839817907422327,0.9839535991789689,18.17114616017979,18.539423412870256,0.9952236653405823,0.9632502204379806,0.6986666666666667,0.32686564243398136
DOCKSTRING-58,1000,67,0.9795129643490675,0.97954823900607,18.42235881058826,18.79942383740343,0.9902083113894719,0.9292801009658426,0.6636190476190477,0.24729951546467388
DOCKSTRING-58,1000,68,0.9817688978229507,0.9818062554302501,17.79940907380325,18.152496959248033,0.9959164161690474,0.9671115395520982,0.7420952380952381,0.2881642990094677
DOCKSTRING-58,1000,69,0.98481432259579,0.9848605619669185,17.4647015274932,17.83718415222035,0.9966658834396092,0.9746967381890694,0.6975238095238095,0.30385337972494464
DOCKSTRING-58,1000,70,0.9823190517564315,0.9823472300355737,17.286969567602554,17.621607416571234,0.9969818750455757,0.9781631048650926,0.7436190476190476,0.3394868771746452
DOCKSTRING-58,1000,71,0.9837074337748934,0.9837178697809721,18.81381287234707,19.19372884476034,0.9951061812819536,0.9611604389684683,0.7173333333333334,0.27378378689726046
DOCKSTRING-58,1000,72,0.9847856235790738,0.9847913091832001,17.845840038441874,18.20166139337843,0.9948995713857447,0.9625106731197343,0.7196190476190476,0.2850346397272169
DOCKSTRING-58,1000,73,0.9821106371696603,0.9821527504925605,18.047222553977495,18.40749240936084,0.995973132611144,0.9676120381139176,0.7097142857142857,0.24795890076065993
DOCKSTRING-58,1000,74,0.9818452337004077,0.9818595194449812,17.662231460570734,17.989060629495114,0.993692321403975,0.9541884653940499,0.7074285714285714,0.2213664744585838
DOCKSTRING-58,1000,75,0.9852723059786396,0.9852749123233349,17.107928438489974,17.437507276097065,0.9968360327658988,0.9761513357651989,0.7093333333333334,0.24807482893895497
DOCKSTRING-58,1000,76,0.978656911629468,0.9786681420260297,17.77054488156257,18.113912619835332,0.9922784615259964,0.9444168658933986,0.7310476190476191,0.2790034968255046
DOCKSTRING-58,1000,77,0.9792659301634269,0.9793413972593187,18.117265050045717,18.468094244973354,0.9957908297615479,0.9682597270792926,0.7222857142857143,0.2817145209458452
DOCKSTRING-58,1000,78,0.9824327797799045,0.9824627115631228,17.937855144414087,18.323616546282093,0.9960784631464662,0.9672294447066974,0.7173333333333334,0.3264773941571395
DOCKSTRING-58,1000,79,0.9797276623254456,0.9797424741212422,18.272124369000565,18.62446066440492,0.9947010638384067,0.9555572716489245,0.6937142857142857,0.2412913433081206
DOCKSTRING-58,1000,80,0.9757977010190637,0.9758316339797654,18.072633839877785,18.427939419651715,0.9926997836672852,0.943992771688524,0.7180952380952381,0.320089499740287
DOCKSTRING-58,1000,81,0.9823902094832146,0.9824062965547029,18.26227686336894,18.628043225899365,0.9962162030772721,0.9710346525826686,0.7097142857142857,0.32407448720684007
DOCKSTRING-58,1000,82,0.9834999198515796,0.9835033816937181,17.291916659286507,17.639081862746707,0.9966861393117865,0.975120284041095,0.6921904761904762,0.3006138122097975
DOCKSTRING-58,1000,83,0.9817858031963413,0.9817999826679406,17.457159536726444,17.80140497433925,0.9945106586399397,0.9595405610220806,0.7146666666666667,0.31753158512088836
DOCKSTRING-58,1000,84,0.9801036428244826,0.9800927710992091,18.32145809010608,18.693552708687836,0.9943080999181663,0.959004745750383,0.7211428571428572,0.30655638703007126
DOCKSTRING-58,1000,85,0.9805889755572743,0.9805743842778997,18.028333958651373,18.378533681403407,0.9968522374636407,0.9747035691542205,0.7177142857142857,0.3211077843610311
DOCKSTRING-58,1000,86,0.9855604306098026,0.9855420241306497,16.668777855217392,16.980776871412367,0.9965119388110614,0.9726481361851631,0.7036190476190476,0.2840979462355875
DOCKSTRING-58,1000,87,0.9809923983951059,0.9810000606765548,18.588543957956524,18.957440106621224,0.9920840051530939,0.9487754029851753,0.6891428571428572,0.25644679919256685
DOCKSTRING-58,1000,88,0.9789514365505098,0.9789403177405711,18.416753569475137,18.800424347317538,0.9954140705390493,0.9649323567706668,0.6838095238095238,0.3127547779797279
DOCKSTRING-58,1000,89,0.982340816461573,0.982358399325175,18.009957790893385,18.377730287893357,0.9954140705390493,0.9616306553316771,0.7036190476190476,0.27041147703800217
DOCKSTRING-58,1000,90,0.9840619922991307,0.984020559123266,17.510980034962277,17.822759451548254,0.9948307014203418,0.9620738137853019,0.7146666666666667,0.23135042405927042
DOCKSTRING-58,1000,91,0.9812660752154095,0.9812882968943407,17.436511502528525,17.762197136750025,0.9932102316461542,0.9523188236580902,0.6971428571428572,0.3415881597623455
DOCKSTRING-58,1000,92,0.9837815618313088,0.9837561253949043,17.65814035001122,18.0090288778562,0.9960257978788051,0.9713141229868573,0.7093333333333334,0.3278703245529136
DOCKSTRING-58,1000,93,0.9856422050067206,0.9856296116592631,17.65223360889885,17.992551451931337,0.9967266510561412,0.9761985603690527,0.7116190476190476,0.34376274042218086
DOCKSTRING-58,1000,94,0.984549397354922,0.9845525483486107,17.707330357146006,18.05306269794185,0.9950292089676798,0.9633090142384064,0.7161904761904762,0.3376855135005151
DOCKSTRING-58,1000,95,0.9818675058590016,0.981865832059656,18.423749403956883,18.781554816835246,0.9948793155135673,0.9615727612325624,0.736,0.3197786927546819
DOCKSTRING-58,1000,96,0.986186822118239,0.9861902759899046,17.731744478580787,18.07873358635726,0.996163537809611,0.9715023216964116,0.7051428571428572,0.261954431007691
DOCKSTRING-58,1000,97,0.9832751764223033,0.983273290077009,17.572211973524315,17.913794800417982,0.9949481854789703,0.9621005004989598,0.6857142857142857,0.2626897132191954
DOCKSTRING-58,1000,98,0.9786111079775344,0.9785867369276975,17.649186714384943,18.002063146526872,0.9944782492444559,0.9571807731924459,0.7226666666666667,0.32495828704166446
DOCKSTRING-58,1000,99,0.9815640805763604,0.9816024451200913,17.87195702537528,18.230529787684013,0.9963823012291263,0.9720256452785524,0.7211428571428572,0.3093978231263718
DOCKSTRING-58,2000,0,0.9911229121817368,0.9911272374917918,18.050656383069263,18.222547313624275,0.9965565017298514,0.9736793665040118,0.7074285714285714,0.25727015933250896
DOCKSTRING-58,2000,1,0.9915349006212988,0.99151879495204,17.84392293604086,18.014832225629263,0.9980878456664587,0.9836381830017286,0.7108571428571429,0.2444211709372008
DOCKSTRING-58,2000,2,0.9896924460654426,0.9896927941094334,18.800923217659037,18.99002078341276,0.9937206796250233,0.9573592684202513,0.6933333333333334,0.3038971946320264
DOCKSTRING-58,2000,3,0.9916892621165045,0.9916813554072147,17.87873032622591,18.055588593990752,0.998497014284441,0.9882285272637973,0.7093333333333334,0.3058486596079695
DOCKSTRING-58,2000,4,0.9910673340729896,0.991076173327629,18.267342637881526,18.449119748936777,0.9976098070830733,0.9814553324372004,0.7112380952380952,0.27830226814897097
DOCKSTRING-58,2000,5,0.9918324038424461,0.9918318671639257,18.100487471819545,18.273739100027186,0.9983592743536351,0.986615879577921,0.7131428571428572,0.3004546987380581
DOCKSTRING-58,2000,6,0.9876477938918129,0.9876591305613491,18.272372180599746,18.457041131866607,0.9951912559450985,0.9612125459096579,0.6994285714285714,0.27163764146855834
DOCKSTRING-58,2000,7,0.989889035126996,0.9898794838434286,17.492878386081834,17.65682011978393,0.9969008515568664,0.9772604747487037,0.7245714285714285,0.23501168798875385
DOCKSTRING-58,2000,8,0.9914467790709893,0.9914333753921027,18.377777889324932,18.554917280791283,0.9978204681537177,0.9821486029407077,0.7059047619047619,0.27772614091732906
DOCKSTRING-58,2000,9,0.9906149220508191,0.9906255573187246,18.589918757085943,18.78078291972109,0.9979339010379109,0.9837651828657629,0.7177142857142857,0.29943811332496006
DOCKSTRING-58,2000,10,0.9920497878682503,0.99205140321746,17.66566632870357,17.839795649277498,0.9980432827476685,0.9836167511966172,0.7131428571428572,0.3104439436593231
DOCKSTRING-58,2000,11,0.9904755689564123,0.990484878468963,17.740066393451407,17.91430366852372,0.9973869924891225,0.979293912387301,0.7112380952380952,0.30667723041769707
DOCKSTRING-58,2000,12,0.9903750905160131,0.9903742615868134,18.37505566677762,18.55273972744504,0.9969373121267856,0.9767184997265224,0.7260952380952381,0.2961054962806987
DOCKSTRING-58,2000,13,0.9902921391459046,0.9902825958328103,17.94562931216853,18.115820032176114,0.9975936023853315,0.9820521883328126,0.7188571428571429,0.326740237615249
DOCKSTRING-58,2000,14,0.9910102150061149,0.9910148617919171,17.974695043066276,18.149104104813162,0.9985699354242795,0.9881930765930538,0.6906666666666667,0.2978649244982821
DOCKSTRING-58,2000,15,0.9911626210785929,0.99117320852366,18.182965076679938,18.365454297907565,0.9978083146304113,0.9812725294826291,0.7074285714285714,0.272581786604406
DOCKSTRING-58,2000,16,0.9911417092140703,0.9911413585132551,17.99556188137651,18.172871372585718,0.9976786770484763,0.9815667057675781,0.7276190476190476,0.31124925021226185
DOCKSTRING-58,2000,17,0.9921425508907132,0.9921544508070133,17.92263375768571,18.093970394062318,0.9967590604516249,0.9728058708138586,0.6815238095238095,0.21982735932103606
DOCKSTRING-58,2000,18,0.9920641161220135,0.992060648966226,17.826722891785845,17.99399971259133,0.9976948817462182,0.9834903617691174,0.712,0.3075446219175395
DOCKSTRING-58,2000,19,0.9908475217097221,0.990862352103289,18.36293784018141,18.548423897625113,0.9966375252185609,0.972014119785171,0.699047619047619,0.3029813370990317
DOCKSTRING-58,2000,20,0.9921911521786961,0.9921938036894054,17.373250293295683,17.536451740673467,0.9964349664967874,0.9751326177704244,0.7318095238095238,0.3130022190330487
DOCKSTRING-58,2000,21,0.9921191814636594,0.9921342004917558,18.087902902028805,18.265025970681513,0.9965402970321096,0.9741105807240388,0.7074285714285714,0.33839538829193005
DOCKSTRING-58,2000,22,0.9908415837072816,0.990830233753624,18.013500730211067,18.18565279783235,0.9982012785506519,0.9851877503718185,0.7314285714285714,0.3102147658320837
DOCKSTRING-58,2000,23,0.9911532371749601,0.9911666275697248,17.948870916881322,18.12043484349091,0.996544348206545,0.9739751597723106,0.7059047619047619,0.29881184046402265
DOCKSTRING-58,2000,24,0.9911140516725024,0.9911172876845706,17.81349707198076,17.986272095872078,0.9975125788966221,0.9792061876638135,0.7100952380952381,0.2540169066451946
DOCKSTRING-58,2000,25,0.990582960453791,0.9905953890781382,18.481980454580224,18.666115168252237,0.9973748389658161,0.9809438412844135,0.72,0.2987680736440487
DOCKSTRING-58,2000,26,0.9918056974439983,0.9917981839447138,17.845313838693517,18.024207166387246,0.9979055428168626,0.9815041212595553,0.7013333333333334,0.2537859547035099
DOCKSTRING-58,2000,27,0.9857326672192896,0.9857577954640685,18.478346555463425,18.662162344346243,0.9924486108522861,0.9500105327135298,0.7032380952380952,0.24306553661827876
DOCKSTRING-58,2000,28,0.9900388003160622,0.9900314967059016,17.7380309310021,17.906653444786397,0.9972533037327521,0.9780939815913599,0.7192380952380952,0.3025562634475525
DOCKSTRING-58,2000,29,0.9915130163590612,0.9915228280114157,17.328964766865703,17.492840243254097,0.9977840075837986,0.9814648169977459,0.7146666666666667,0.29782816981729165
DOCKSTRING-58,2000,30,0.9909752591680353,0.990990830815598,18.02669070316255,18.200918095830442,0.9976138582575088,0.9792619190838094,0.7131428571428572,0.3075732035687712
DOCKSTRING-58,2000,31,0.9916185533930381,0.9916197835027158,17.963226575576343,18.143068692005418,0.9986914706573435,0.9888432294173353,0.7241904761904762,0.32035928077351894
DOCKSTRING-58,2000,32,0.9908825599093568,0.9908798738599307,17.971910982458418,18.144265525411257,0.9947577802805033,0.9606195371004048,0.6712380952380952,0.2586400796012223
DOCKSTRING-58,2000,33,0.9903895223859265,0.9904049133694329,18.460584373605066,18.646196089011195,0.9982498926438774,0.9850604752583583,0.7104761904761905,0.2733452422957274
DOCKSTRING-58,2000,34,0.990959743313784,0.9909516081175995,17.787637869962563,17.95313838444857,0.998428144319038,0.9869575648432417,0.7161904761904762,0.3042918286395632
DOCKSTRING-58,2000,35,0.9901999792225707,0.9902008426904871,18.13821838229792,18.31612131640022,0.9969535168245275,0.9768057021153879,0.7104761904761905,0.2672762939886468
DOCKSTRING-58,2000,36,0.9908292427581383,0.9908404014204424,18.104884717645724,18.281333589815148,0.997536885943235,0.9809445408262316,0.7036190476190476,0.28523169152952355
DOCKSTRING-58,2000,37,0.9911449558534359,0.9911467412394045,17.74457266549236,17.91246031491807,0.997269508430494,0.9776741244256719,0.7059047619047619,0.2720798959590274
DOCKSTRING-58,2000,38,0.9903371723187743,0.9903390320958251,17.607390983140483,17.776204060752185,0.9980027710033139,0.9845119145792813,0.72,0.3297648894669919
DOCKSTRING-58,2000,39,0.991721991535772,0.9917264550006937,17.912865798755753,18.085524867379846,0.9976867793973473,0.9826239358576137,0.7238095238095238,0.29065364074341254
DOCKSTRING-58,2000,40,0.9904522420385481,0.9904302940125259,18.15986397516111,18.341710327903332,0.9981931762017809,0.9862750901318172,0.7184761904761905,0.3090041067762789
DOCKSTRING-58,2000,41,0.9899493742649927,0.9899475383993613,18.125908501797912,18.299399587375557,0.9968076745448505,0.97551986949453,0.72,0.2686301337252627
DOCKSTRING-58,2000,42,0.9874820505610572,0.9875053243424342,18.565756682524537,18.746536953705746,0.99434050931365,0.9603619423445653,0.7100952380952381,0.2687617345171034
DOCKSTRING-58,2000,43,0.9898444722120374,0.9898451868977898,17.49835735232089,17.66038926042177,0.9983268649581514,0.9866816973837239,0.7131428571428572,0.30170004233055053
DOCKSTRING-58,2000,44,0.9916493167622804,0.9916476642175297,17.763635368726458,17.93305929478548,0.9975247324199286,0.9794868309363326,0.7287619047619047,0.2936691669431563
DOCKSTRING-58,2000,45,0.9891195656564025,0.9891348025440964,17.590770305411635,17.758117767922915,0.9971236661508172,0.9797349896776938,0.7234285714285714,0.3162666543706841
DOCKSTRING-58,2000,46,0.9908148932497802,0.9908085726646324,17.38315785053334,17.541701437780503,0.9977353934905729,0.9816189912668761,0.72,0.24633680070972758
DOCKSTRING-58,2000,47,0.9928925883479516,0.9928862651059792,18.061500888483646,18.24287942596472,0.9972776107793649,0.9761849354233108,0.7032380952380952,0.3039955988729941
DOCKSTRING-58,2000,48,0.9922093700233195,0.9922212619691464,17.803639855518433,17.97495131228522,0.9973667366169453,0.9810879099906575,0.7078095238095238,0.28544323854150255
DOCKSTRING-58,2000,49,0.9902373182320995,0.9902374749847366,18.181919860428362,18.355031134855075,0.9982863532137967,0.9856903048860848,0.7154285714285714,0.3147187683558805
DOCKSTRING-58,2000,50,0.9912965250262412,0.9913026676041571,17.87645017208977,18.050937938886165,0.9989304899490362,0.9906507840292553,0.6994285714285714,0.304753669502305
DOCKSTRING-58,2000,51,0.9912010121905676,0.9912207125431829,17.991952062210217,18.170550823506137,0.9980635386198459,0.985057395106697,0.6994285714285714,0.2799862455513346
DOCKSTRING-58,2000,52,0.9909790796814623,0.9909733409408488,17.808698427839914,17.98543636798314,0.9974720671522674,0.9799706069234597,0.7100952380952381,0.2890064730194292
DOCKSTRING-58,2000,53,0.9917865204857816,0.9917756275059134,17.894197058360973,18.063767308407876,0.9976624723507345,0.981759234910476,0.7104761904761905,0.3117141940015075
DOCKSTRING-58,2000,54,0.9910680646996881,0.9910854164195709,17.92266321623971,18.098919889865385,0.9982215344228291,0.9857174494994612,0.7085714285714285,0.26944432204762
DOCKSTRING-58,2000,55,0.9922889312855472,0.9922876188143144,18.238280589345212,18.419544290568616,0.9989021317279879,0.9909666925862176,0.6944761904761905,0.3113578294269438
DOCKSTRING-58,2000,56,0.988325626833471,0.9883427872620001,17.92355622424224,18.09987860949167,0.99434050931365,0.9582413338630407,0.6887619047619048,0.24447334201097823
DOCKSTRING-58,2000,57,0.9904412560698272,0.9904411205717851,18.59784938010735,18.7863415650571,0.9967671628004958,0.9727970871687135,0.7013333333333334,0.3030124071096523
DOCKSTRING-58,2000,58,0.9916483071690244,0.9916566177156166,17.716326031730762,17.878772772172642,0.9967793163238022,0.9753701796793055,0.6986666666666667,0.3179083714162673
DOCKSTRING-58,2000,59,0.9882430235073534,0.9882508637960342,18.44334237091635,18.62811448410633,0.9956733457029193,0.9659453073807328,0.7127619047619047,0.2742594816214356
DOCKSTRING-58,2000,60,0.9904927559531848,0.9905047063491476,17.940280259158214,18.115320717275555,0.996293175391546,0.9728660114187673,0.7234285714285714,0.32192427673967516
DOCKSTRING-58,2000,61,0.9921040933581299,0.9921184269255419,18.132292785290613,18.31077430028703,0.9983673767025061,0.9867332773706068,0.7180952380952381,0.3012625541263849
DOCKSTRING-58,2000,62,0.9903750533204723,0.9903835445311208,18.33629739172979,18.513050833215186,0.99537760996913,0.9695795118880953,0.7276190476190476,0.27752412115908126
DOCKSTRING-58,2000,63,0.9908991012978103,0.9908983919257067,18.26730643183396,18.443151446243753,0.9972492525583166,0.9788753754742698,0.7420952380952381,0.321309541546909
DOCKSTRING-58,2000,64,0.9900037036662915,0.9899988071389996,17.749708980101197,17.926317119613675,0.9975490394665414,0.9817776007205786,0.6918095238095238,0.2908698103256692
DOCKSTRING-58,2000,65,0.992367379338369,0.9923550091641578,17.799486370740173,17.970724667999534,0.9981810226784745,0.984490196069408,0.7184761904761905,0.3205398083876715
DOCKSTRING-58,2000,66,0.9913113421356864,0.9913082044261193,17.551101187076455,17.714467746605223,0.9986631124362952,0.9890047318728272,0.7100952380952381,0.30995817471982207
DOCKSTRING-58,2000,67,0.9902482191824407,0.9902619629348453,18.072471258114124,18.246877312798674,0.9957989321104188,0.965811112678652,0.7047619047619048,0.25928687706636977
DOCKSTRING-58,2000,68,0.9909826717079944,0.9909687154096412,18.085357682593784,18.260802187680927,0.9986469077385534,0.9890424334153071,0.7142857142857143,0.31524402474768887
DOCKSTRING-58,2000,69,0.9907787126156717,0.9907776817678207,17.900303202298623,18.070840189990466,0.9969251586034792,0.9756844641448137,0.7146666666666667,0.3109416509610988
DOCKSTRING-58,2000,70,0.9925834535497646,0.9925839928851093,17.968822712437376,18.144980945003958,0.9982823020393612,0.9860973109712401,0.7409523809523809,0.31669492315323616
DOCKSTRING-58,2000,71,0.9917730105339205,0.9917737730425114,17.771368790307672,17.94163133889042,0.9973181225237197,0.9780243941336705,0.7104761904761905,0.281489133329813
DOCKSTRING-58,2000,72,0.9913061639850125,0.9913097905502612,18.005860232572886,18.178116574289767,0.998375479051377,0.9868929704340338,0.700952380952381,0.27518654225576333
DOCKSTRING-58,2000,73,0.9910901747919962,0.9910950633488151,18.058070520548036,18.23319097148845,0.9978285705025887,0.9820070678754464,0.7013333333333334,0.2577219475737429
DOCKSTRING-58,2000,74,0.9919592007849364,0.9919566342926064,17.916757585498797,18.09169578264233,0.9980878456664587,0.9842965743376829,0.7020952380952381,0.3003284934135998
DOCKSTRING-58,2000,75,0.992858211697582,0.9928704277759807,17.66267164785981,17.829847429299004,0.9981769715040391,0.9857589194693204,0.7127619047619047,0.3123331833157635
DOCKSTRING-58,2000,76,0.9906218404214475,0.9906203313452121,18.21160128266656,18.38827744848884,0.9973262248725906,0.9795286748958943,0.7226666666666667,0.3088092445216362
DOCKSTRING-58,2000,77,0.9916189598871648,0.9916210826898268,17.322532964236597,17.486479956664432,0.9983957349235544,0.9874433703211323,0.700952380952381,0.3078860453056068
DOCKSTRING-58,2000,78,0.9894562012435203,0.9894603219780995,18.182410368390073,18.354538878357157,0.9984159907957317,0.9864229155952697,0.7127619047619047,0.30800262832321307
DOCKSTRING-58,2000,79,0.9914758659840619,0.9914813257581179,17.8500921970195,18.023282605198993,0.9972330478605748,0.9779450782495859,0.7165714285714285,0.3066376651810483
DOCKSTRING-58,2000,80,0.9916769769606727,0.9916750746744323,18.326441766411865,18.502204572485326,0.9972289966861393,0.977979078791396,0.7066666666666667,0.26221545291688425
DOCKSTRING-58,2000,81,0.9858451013693,0.9858526706618964,18.25353304989975,18.42975419661899,0.9941055411963928,0.9567006870002552,0.7032380952380952,0.2534288260081007
DOCKSTRING-58,2000,82,0.9882614751525203,0.9882749691634352,18.403235319966548,18.589896575440864,0.9949927483977605,0.9649875260496673,0.7055238095238096,0.24819119338370565
DOCKSTRING-58,2000,83,0.9897804719700751,0.9897832935175436,18.21880767153592,18.395818133887133,0.9960744119720307,0.9706798409873869,0.6944761904761905,0.2928865962849431
DOCKSTRING-58,2000,84,0.9899753154980253,0.9899620579444783,18.016206695863573,18.185194395646523,0.9974842206755739,0.9792004389190968,0.708952380952381,0.301534520637842
DOCKSTRING-58,2000,85,0.9911688778999562,0.9911619489020304,18.178091163101627,18.35562008125018,0.9981040503642006,0.9839702510419869,0.7180952380952381,0.31143114329837235
DOCKSTRING-58,2000,86,0.9908299786984857,0.9908461614156509,18.020051873040316,18.196394272519402,0.9987360335761337,0.9894156037082013,0.699047619047619,0.30215364459956223
DOCKSTRING-58,2000,87,0.9907908197642715,0.9907876209477444,17.78424719286184,17.960564749112066,0.9981810226784745,0.9864063640383843,0.7047619047619048,0.3068042099464265
DOCKSTRING-58,2000,88,0.9915065363644517,0.9914851542420179,18.16532249100756,18.341620395785892,0.998039231573233,0.9844011784120292,0.6933333333333334,0.3097244382862625
DOCKSTRING-58,2000,89,0.9913102129853342,0.9913151360808697,18.23049729891868,18.407860763097705,0.998428144319038,0.9871623484901856,0.7123809523809523,0.31234042686329283
DOCKSTRING-58,2000,90,0.9906455791470872,0.9906487965613848,18.24493292931901,18.423152116088954,0.9960744119720307,0.9678752520400634,0.6876190476190476,0.2915908872048141
DOCKSTRING-58,2000,91,0.9911104862142139,0.9911250190434527,17.43589998001934,17.60174684523653,0.9975773976875897,0.9811155520225506,0.7161904761904762,0.29226289664255395
DOCKSTRING-58,2000,92,0.9915244778993421,0.9915325254203227,18.16538475021673,18.34278412923605,0.9990196157866166,0.991309908911803,0.696,0.2833406238887774
DOCKSTRING-58,2000,93,0.9910550010943194,0.9910538081801825,18.43140812501221,18.61271203267238,0.9971236661508172,0.9777664011023537,0.7142857142857143,0.2703674700068016
DOCKSTRING-58,2000,94,0.98489077005987,0.9849280825011553,18.63980080100078,18.83381676247111,0.9882799523581887,0.9291263716117988,0.6845714285714286,0.24097045433443373
DOCKSTRING-58,2000,95,0.9917377863565808,0.9917426324042101,18.31567619354399,18.500154127519966,0.9969292097779147,0.9759952253493055,0.7036190476190476,0.2550326531128891
DOCKSTRING-58,2000,96,0.9921923424360084,0.9921898290801658,18.036469061794254,18.212992171991445,0.9984848607611346,0.9879371697160126,0.7013333333333334,0.3103753462624174
DOCKSTRING-58,2000,97,0.988534655146669,0.9885262250429809,17.799720199849524,17.96258306775923,0.9952196141661468,0.9641780287863295,0.7104761904761905,0.2700602384174256
DOCKSTRING-58,2000,98,0.9918576782125645,0.9918549124584078,17.893460671044938,18.064094633682814,0.9983471208303287,0.9864342981318506,0.7055238095238096,0.3056472041613142
DOCKSTRING-58,2000,99,0.990729104391257,0.9907239182701102,18.1027945045081,18.288019023760565,0.9974112995357354,0.9802455359912714,0.712,0.34859442457469597
DOCKSTRING-58,5000,0,0.9962595313773108,0.996258218906078,17.722481384475614,17.789718201843403,0.999412579706857,0.9949549421451888,0.7085714285714285,0.30583024893508687
DOCKSTRING-58,5000,1,0.996982421403258,0.9969836515129358,18.221832204995977,18.291654218118367,0.9992626862527447,0.9939424403151775,0.7196190476190476,0.2864222601568241
DOCKSTRING-58,5000,2,0.9961512737551913,0.99615206548885,18.34551009167897,18.418395110118432,0.9989588481700845,0.9910667487959469,0.7013333333333334,0.26336035880858033
DOCKSTRING-58,5000,3,0.9962774994804446,0.9962796275967556,18.37901975371031,18.449829146562863,0.9990722810542776,0.9921943753578338,0.7192380952380952,0.2867529547929937
DOCKSTRING-58,5000,4,0.9960883574975671,0.9960853685701642,18.18066987267647,18.25169978027616,0.998383581400248,0.9867087312126361,0.7154285714285714,0.30834671780844114
DOCKSTRING-58,5000,5,0.9965921976688374,0.996594413460352,17.945539738784657,18.015369065496486,0.9986995730062145,0.9896465784656077,0.7226666666666667,0.3180461189614956
DOCKSTRING-58,5000,6,0.9964773351813636,0.9964764371747306,18.091605679580123,18.1614396979095,0.9990155646121811,0.9914413090151347,0.716952380952381,0.3017485794825509
DOCKSTRING-58,5000,7,0.9961220885396176,0.9961220141485354,18.21056177255914,18.28218350668568,0.9989385922979072,0.9911508636552901,0.7116190476190476,0.3011644570514173
DOCKSTRING-58,5000,8,0.9962571296080911,0.9962619570579498,18.28091044170089,18.353017950863567,0.9993234538692767,0.993946844865603,0.7104761904761905,0.30230923431248075
DOCKSTRING-58,5000,9,0.9962877176269259,0.9962839210249181,18.05048909968089,18.120776898448323,0.9993072491715348,0.9942595879099558,0.7116190476190476,0.3001333543769276
DOCKSTRING-58,5000,10,0.9966048680642012,0.9966040391350015,18.21111705421605,18.282977561864158,0.9991978674617772,0.9936179255798648,0.7196190476190476,0.2698272902018478
DOCKSTRING-58,5000,11,0.9961315893435221,0.9961370066083883,18.437260198607394,18.509711684579578,0.9986995730062145,0.9892349291448158,0.6998095238095238,0.294768924053857
DOCKSTRING-58,5000,12,0.9964125963422297,0.9964148785543534,18.14267933360108,18.214269672464916,0.9990074622633102,0.9918158758406314,0.7196190476190476,0.306223903892003
DOCKSTRING-58,5000,13,0.996823673491037,0.9968229083256219,18.054389662955156,18.125967838123938,0.9991087416241968,0.9923061993631002,0.707047619047619,0.3044572898752708
DOCKSTRING-58,5000,14,0.996296524999673,0.9963013657336535,18.189160184866132,18.261182434104203,0.999274839776051,0.9937473941092624,0.7127619047619047,0.2807577168471825
DOCKSTRING-58,5000,15,0.9961014928371935,0.9961006213988041,18.407528284908704,18.478163352660374,0.9997042642662107,0.9973931790810465,0.7055238095238096,0.2812923323808759
DOCKSTRING-58,5000,16,0.9964464203731327,0.996447097863344,17.936831385130255,18.007891162106247,0.99896289934452,0.9917668696322564,0.7051428571428572,0.3000161739965393
DOCKSTRING-58,5000,17,0.9960886842869631,0.9960924091547132,18.136665008603515,18.2071220782624,0.9981486132829908,0.9852044821754304,0.7013333333333334,0.25310552082679943
DOCKSTRING-58,5000,18,0.9966015736019972,0.9966010661485447,18.25679388238776,18.328234553273237,0.9988049035415367,0.990611450753807,0.6906666666666667,0.3043587009331946
DOCKSTRING-58,5000,19,0.9966817964134901,0.9966771230594441,18.138083276371262,18.208315890285345,0.9989710016933909,0.9912171437583812,0.7108571428571429,0.30825220269960624
DOCKSTRING-58,5000,20,0.9963702226505424,0.9963712694393395,18.085121583461266,18.15575934273193,0.9993882726602442,0.9944777007492447,0.7238095238095238,0.3086524682516005
DOCKSTRING-58,5000,21,0.9962831585163274,0.9962874997673286,18.6009901901545,18.67430035520942,0.9991978674617772,0.9929426278075062,0.7043809523809523,0.31639533122287866
DOCKSTRING-58,5000,22,0.996431932709908,0.9964325092407937,18.043248066124445,18.11266204212446,0.9990682298798421,0.9922041459991946,0.7165714285714285,0.31163642389237023
DOCKSTRING-58,5000,23,0.9954321511061839,0.9954377729465257,17.97215736940388,18.039237159159548,0.9975652441642833,0.9805862607279796,0.7173333333333334,0.26500439154653316
DOCKSTRING-58,5000,24,0.9962851856733125,0.9962824969670623,18.22495283188724,18.296638804745157,0.9990722810542776,0.9920608684424226,0.7085714285714285,0.30428408881858715
DOCKSTRING-58,5000,25,0.9949343631808013,0.9949352053941228,18.510938763564656,18.58124640680453,0.9972046896395265,0.9787870101916519,0.7131428571428572,0.27776152194017706
DOCKSTRING-58,5000,26,0.9960576472648118,0.9960605006941723,18.502531418937078,18.574983640659454,0.9980108733521847,0.9846493172079874,0.7131428571428572,0.2658209300720607
DOCKSTRING-58,5000,27,0.9962957412364875,0.9963003109743833,17.80581090002514,17.875334172933798,0.9989791040422619,0.9913785520292108,0.7066666666666667,0.27157456787646533
DOCKSTRING-58,5000,28,0.996575486243625,0.9965805820327438,18.259014253776236,18.33081275535811,0.999230276857261,0.9937477662772898,0.7142857142857143,0.30043043955557663
DOCKSTRING-58,5000,29,0.9960249683252071,0.9960201408753484,18.156189473129164,18.226039524488954,0.9984646048889573,0.9869531135405417,0.7139047619047619,0.3072423129752896
DOCKSTRING-58,5000,30,0.9966170602311806,0.9966177005258509,18.130497491602497,18.20168311739194,0.9989426434723426,0.9911625036177908,0.7093333333333334,0.30046379989072186
DOCKSTRING-58,5000,31,0.9964833210066424,0.9964856377574827,18.04918512762885,18.118456123209633,0.9992262256828255,0.9938872120101409,0.7165714285714285,0.30877675170687646
DOCKSTRING-58,5000,32,0.9958067952225684,0.995813357578733,18.492803397694107,18.565958180623475,0.9992019186362127,0.9940001789078048,0.7024761904761905,0.28460893010958604
DOCKSTRING-58,5000,33,0.9960554208459996,0.9960573311027131,18.524115821140278,18.597856706173143,0.9988697223325042,0.990522280469899,0.7249523809523809,0.3162617633905114
DOCKSTRING-58,5000,34,0.9965776037326384,0.9965754809299764,18.421490367574183,18.49302999515129,0.9986793171340371,0.9887559334480559,0.7203809523809523,0.2815393085767201
DOCKSTRING-58,5000,35,0.9964671117212337,0.9964693434536944,18.067163709872997,18.137353844472187,0.9986712147851662,0.9898751526780082,0.7116190476190476,0.27824443998335974
DOCKSTRING-58,5000,36,0.9965640884671287,0.9965614900929064,18.053033185233076,18.121523559671544,0.9990682298798421,0.9922053153828946,0.7013333333333334,0.3075822526595439
DOCKSTRING-58,5000,37,0.9964699678074187,0.9964732011626624,18.29268404124258,18.36633892925545,0.9996678036962916,0.9970160619071473,0.7066666666666667,0.30275004917083537
DOCKSTRING-58,5000,38,0.9964342361766264,0.9964336915276331,18.304054864297182,18.37657913372733,0.9994611938000827,0.9953090923945141,0.6963809523809524,0.29997482274204873
DOCKSTRING-58,5000,39,0.9963689420612019,0.9963698506951323,18.031050560520583,18.100726787190975,0.9991978674617772,0.9932058800849337,0.7135238095238096,0.31491854374936923
DOCKSTRING-58,5000,40,0.9957655294266385,0.9957732660991693,18.12985102430574,18.200814317632354,0.9993072491715348,0.9942914792327723,0.7017142857142857,0.26619759407867716
DOCKSTRING-58,5000,41,0.9964775610114339,0.9964736475091546,18.20802492136034,18.278354364658124,0.9989426434723426,0.9911363851385394,0.699047619047619,0.3022065875668991
DOCKSTRING-58,5000,42,0.9961592867374554,0.9961535559673148,17.997501407489494,18.0661886621031,0.9988778246813751,0.9910918622442201,0.7013333333333334,0.29662879221327965
DOCKSTRING-58,5000,43,0.9965073015032987,0.9965049023909033,17.82684227095361,17.895344491907533,0.9989750528678264,0.9920277975490772,0.7036190476190476,0.2844565428017301
DOCKSTRING-58,5000,44,0.9969496919839904,0.9969537011319469,18.082105008287485,18.153842257310167,0.9992181233339545,0.9936316100985614,0.7074285714285714,0.29478972270837633
DOCKSTRING-58,5000,45,0.9961274818930643,0.9961260631488573,18.355619621799594,18.425483535939584,0.9973707877913808,0.9806944677430515,0.7211428571428572,0.2762880766066302
DOCKSTRING-58,5000,46,0.9960044045046754,0.996002361406744,18.514797933965276,18.588641140769482,0.9987927500182303,0.9901723048946979,0.7161904761904762,0.30024450739740427
DOCKSTRING-58,5000,47,0.9967105591939909,0.9967088110035633,17.89614830267402,17.96342563406959,0.9990965881008904,0.9927160503300656,0.7180952380952381,0.29198927185901946
DOCKSTRING-58,5000,48,0.9968896211852538,0.99689063077851,18.235659772961405,18.306521186210166,0.9991938162873417,0.9935812848652946,0.7062857142857143,0.28338934177327363
DOCKSTRING-58,5000,49,0.9972815213758442,0.9972834156916116,17.814100940662332,17.883626200520734,0.9994773984978245,0.9956866115071459,0.6918095238095238,0.2564234169577934
DOCKSTRING-58,5000,50,0.9968285567342071,0.9968285779888021,18.046874530481386,18.1163228239207,0.9987117265295209,0.9898896399035761,0.6971428571428572,0.27210634118329696
DOCKSTRING-58,5000,51,0.9967741981078405,0.9967774792859228,17.75985888138346,17.82729467577043,0.9994368867534699,0.9952442724234692,0.7085714285714285,0.3074813255722809
DOCKSTRING-58,5000,52,0.9963103431431595,0.9963090652106432,18.103400302268085,18.174940764892952,0.9996313431263724,0.9967180462256224,0.7043809523809523,0.2771894961954569
DOCKSTRING-58,5000,53,0.9966164943275924,0.996621797349011,18.155086653156513,18.225378700266884,0.9993315562181476,0.9943233534099966,0.7047619047619048,0.2936777475887676
DOCKSTRING-58,5000,54,0.9967229081136073,0.99671855092166,17.972449942663385,18.041808098988675,0.9990763322287131,0.9924853471323406,0.7196190476190476,0.3087307224177181
DOCKSTRING-58,5000,55,0.9964182048984497,0.9964144720602266,17.80936619365265,17.87622306235319,0.9992424303805674,0.9937658912938455,0.7059047619047619,0.30859557984046576
DOCKSTRING-58,5000,56,0.9944975945404513,0.9945021775624688,18.34256793493583,18.413863738697373,0.9963620453569489,0.9734879446997649,0.7013333333333334,0.24174420326008786
DOCKSTRING-58,5000,57,0.9966405439016818,0.9966405810972228,17.986118122282235,18.05594577861953,0.999084434577584,0.9922883240941827,0.6979047619047619,0.269558857325988
DOCKSTRING-58,5000,58,0.9950591356231309,0.9950593508259038,18.285141556264765,18.355605696301016,0.9979663104333947,0.9840090284837729,0.7024761904761905,0.2906098998463563
DOCKSTRING-58,5000,59,0.9956249834180949,0.9956257698381049,18.186405193061486,18.25669971878074,0.9981405109341198,0.9852462666041233,0.7062857142857143,0.3089426640138838
DOCKSTRING-58,5000,60,0.9959357069972479,0.9959367245609771,18.399219970307037,18.471023104518697,0.998772494146053,0.9892888402160601,0.7108571428571429,0.3146613411384129
DOCKSTRING-58,5000,61,0.9966186543257954,0.9966181601564648,18.122759396511594,18.193008846674577,0.9992464815550028,0.9935214268241885,0.7180952380952381,0.30502733262699583
DOCKSTRING-58,5000,62,0.9965408970473068,0.9965418189653591,18.115365054068644,18.184714017213583,0.999230276857261,0.9936641675944646,0.7177142857142857,0.3070926290292678
DOCKSTRING-58,5000,63,0.9965893468963012,0.996591429846598,17.90409321979728,17.974043368023334,0.9993194026948412,0.9941383851703692,0.7192380952380952,0.3117456730636834
DOCKSTRING-58,5000,64,0.9958462251528671,0.9958445433830484,18.11730356588354,18.18654932811612,0.9993194026948412,0.9946803986398604,0.7165714285714285,0.3088680060006897
DOCKSTRING-58,5000,65,0.996136499154936,0.9961335341389521,18.20021628734271,18.270752947558233,0.9993599144391959,0.9944535706055265,0.7028571428571428,0.2991811148842645
DOCKSTRING-58,5000,66,0.9964373552884229,0.9964450281971691,18.345507403068382,18.418507890932737,0.9990601275309712,0.9918358949459999,0.704,0.3030870591181687
DOCKSTRING-58,5000,67,0.9952062971243261,0.9952052264241097,18.267705917715336,18.33872705193544,0.9987076753550854,0.9895528789649438,0.7020952380952381,0.3163498848320245
DOCKSTRING-58,5000,68,0.9961028796995084,0.9960996383737916,18.17941316485772,18.249482325502278,0.9993558632647604,0.9946418993951621,0.707047619047619,0.30614853388130303
DOCKSTRING-58,5000,69,0.9964452008907524,0.9964461600043457,18.317173088112554,18.3890502171511,0.9993599144391959,0.9946739757148548,0.716952380952381,0.2895165084153742
DOCKSTRING-58,5000,70,0.9957365780116082,0.9957379808148693,18.31029835607992,18.380184386610576,0.9989912575655683,0.9912909976907709,0.7207619047619047,0.31956142648959524
DOCKSTRING-58,5000,71,0.9961310978310158,0.9961356303733708,18.029129126719305,18.099438353783178,0.9990641787054066,0.9922685914858667,0.7112380952380952,0.3041007341802541
DOCKSTRING-58,5000,72,0.9958337938716955,0.9958347343875183,18.1610582813303,18.234051919896725,0.9995017055444373,0.9958425355047211,0.700952380952381,0.27273148329920066
DOCKSTRING-58,5000,73,0.9960158288494152,0.996014707669536,17.769852775503026,17.835663579169058,0.9985010654588765,0.9876353508654224,0.7112380952380952,0.30367473595006306
DOCKSTRING-58,5000,74,0.9962471824576944,0.996249286662586,17.994547030652964,18.065048070451013,0.9993882726602442,0.9947350552974888,0.7196190476190476,0.3070098744980333
DOCKSTRING-58,5000,75,0.9970786223564405,0.9970781972645432,17.824625381232433,17.891894858939935,0.9992667374271801,0.9936914224998176,0.7135238095238096,0.3055534555992774
DOCKSTRING-58,5000,76,0.996493711846707,0.9964973676370236,18.477413706456115,18.5528108500392,0.9988130058904077,0.9893988782631987,0.7222857142857143,0.31638681010671815
DOCKSTRING-58,5000,77,0.9963655785215645,0.9963631395568036,18.070120595139354,18.138490340999454,0.998894029379117,0.9904571635245604,0.712,0.2533620384490044
DOCKSTRING-58,5000,78,0.9965763417410682,0.9965734564298153,18.213315481960624,18.284619491799884,0.9994490402767763,0.9950710691428165,0.7108571428571429,0.2832377071895738
DOCKSTRING-58,5000,79,0.996498326750617,0.996497792728921,18.499530606945918,18.571624923011576,0.9989791040422619,0.9915488674264192,0.7112380952380952,0.30580555450572844
DOCKSTRING-58,5000,80,0.9962297510330809,0.9962317037989842,17.959165855472154,18.02967386304351,0.9992059698106481,0.9934651154178454,0.7059047619047619,0.301039542561992
DOCKSTRING-58,5000,81,0.9963584396345142,0.99635990620156,17.936725854923036,18.004868088609037,0.9990074622633102,0.991379245046344,0.7123809523809523,0.31110795586929985
DOCKSTRING-58,5000,82,0.9965134148561465,0.9965131172918186,18.247805892000567,18.31933429590721,0.9990560763565357,0.9924550044106034,0.6956190476190476,0.26409101439488475
DOCKSTRING-58,5000,83,0.9966567478734417,0.9966572951792597,17.999448854720377,18.06810690549513,0.9984889119355701,0.9880261071987384,0.7032380952380952,0.2960449668107836
DOCKSTRING-58,5000,84,0.9961554954490963,0.9961571825325637,18.095966947109456,18.16741292087994,0.9991452021941161,0.9930087141682338,0.7108571428571429,0.30671713674092543
DOCKSTRING-58,5000,85,0.9967059017808911,0.9967053039954105,18.30231181441004,18.375168681788015,0.9993113003459703,0.994268539183876,0.7116190476190476,0.3072783522239174
DOCKSTRING-58,5000,86,0.9967213538713577,0.9967158595585852,18.10151434509837,18.171878848511312,0.9991046904497614,0.9921358334247562,0.7131428571428572,0.3048105265512058
DOCKSTRING-58,5000,87,0.9967263805830433,0.9967208889270952,18.141670820892333,18.2113590238645,0.9991249463219387,0.9923212301373914,0.7112380952380952,0.3177547251561213
DOCKSTRING-58,5000,88,0.9964954653507834,0.9964992566391423,18.19223178824479,18.263417662148704,0.999084434577584,0.992351631679634,0.7085714285714285,0.2757655608966308
DOCKSTRING-58,5000,89,0.9971604100374802,0.9971660265641733,18.234914638942417,18.30559669330619,0.9994328355790344,0.9953705536740415,0.7074285714285714,0.2986330609736418
DOCKSTRING-58,5000,90,0.9964823140702107,0.9964823778339953,18.172002281917006,18.242367150635637,0.9990884857520195,0.9923282783547522,0.7180952380952381,0.3240224314180484
DOCKSTRING-58,5000,91,0.9961024413234894,0.9961003875982605,18.339780254545303,18.41039122626651,0.9981931762017809,0.985661087173177,0.7135238095238096,0.2828880036681277
DOCKSTRING-58,5000,92,0.9960859079055089,0.9960875604502596,18.253968537143933,18.32428860642591,0.9991776115895998,0.9929103145305191,0.7051428571428572,0.30393304982593083
DOCKSTRING-58,5000,93,0.9956199939019504,0.9956207989197309,17.985690962421963,18.056824620086243,0.9986104471686342,0.9884662683683089,0.7154285714285714,0.30793244713341106
DOCKSTRING-58,5000,94,0.9966166989030678,0.9966145495321621,17.980934554356708,18.051429473498015,0.9989345411234717,0.9909966213602477,0.7059047619047619,0.3010141791306039
DOCKSTRING-58,5000,95,0.9959936549933225,0.9959939977236647,17.77670711795034,17.845295841750605,0.99922217450839,0.9931437143000627,0.7085714285714285,0.3012472113730602
DOCKSTRING-58,5000,96,0.9969793182324077,0.9969802082685677,18.153823125334615,18.22415218743733,0.9985618330754086,0.9887360883648367,0.704,0.30245960034766256
DOCKSTRING-58,5000,97,0.9968340962129938,0.9968358656580163,17.999633904876912,18.068930279168267,0.9995665243354048,0.9963219858997273,0.7154285714285714,0.3080525613488021
DOCKSTRING-58,5000,98,0.9966174268729419,0.9966162684975218,18.225364184255316,18.294132488947557,0.9991492533685515,0.9927701657822123,0.7192380952380952,0.2928509915290155
DOCKSTRING-58,5000,99,0.9969644479864753,0.9969641052561331,18.12178030030075,18.192381853294133,0.998894029379117,0.9909636981599479,0.707047619047619,0.30577089771712057
Docking-44,50,0,0.8230914887578525,0.8229450659793724,7.438151686580406,10.44703701725205,0.9470468179850331,0.6897850543622994,,
Docking-44,50,1,0.8134036729650785,0.8124012510004993,8.495931587651292,12.316133781411278,0.936198899127961,0.647055548552774,,
Docking-44,50,2,0.8178527425549845,0.8178953086347305,7.07775772127264,9.979747907083992,0.9401447213804193,0.5969910765723231,,
Docking-44,50,3,0.7388130888781658,0.7401623613160656,8.086469436047606,11.636447415057033,0.9058568866349187,0.6112967242176219,,
Docking-44,50,4,0.8683151348459174,0.8692973864703438,7.124375368921914,10.723415157989702,0.961939513884594,0.7690109779099177,,
Docking-44,50,5,0.7435091494569405,0.7430861392944837,7.034917447902465,10.083012165064304,0.9335147504483889,0.5805036665155143,,
Docking-44,50,6,0.8329799448632482,0.8310518134294562,6.564232025516404,9.50309825799749,0.9527861958067908,0.7200605687347605,,
Docking-44,50,7,0.7189802723655034,0.7211449623423789,8.631508394452712,13.616892726924478,0.9182262353887067,0.5543700251234541,,
Docking-44,50,8,0.8519947357254888,0.850831177831988,6.067418651107907,8.439148099665967,0.9449316593481353,0.6729813457690771,,
Docking-44,50,9,0.865517736876495,0.8634356985183339,6.96480073895922,10.334418942216102,0.9550992640237491,0.6731078002582485,,
Docking-44,50,10,0.8646598808284424,0.8641840847582356,6.977530621414743,10.146613026765605,0.9565341084791885,0.7195562905496233,,
Docking-44,50,11,0.8698820995424713,0.8724209542902599,6.621245313713234,9.9230275934516,0.9669119920836168,0.7975477389075415,,
Docking-44,50,12,0.7401680452980764,0.7440204101730095,6.338422355041843,9.240439799706628,0.8420681551116334,0.5703306420415997,,
Docking-44,50,13,0.8718346253229974,0.8705723986046178,6.972581281441146,10.185874460808911,0.9609004885892758,0.6669326974967431,,
Docking-44,50,14,0.8613895642161155,0.8657675627691098,5.760774824364967,8.75936657202723,0.9559527490877605,0.7846498222986812,,
Docking-44,50,15,0.8163605767937684,0.8152872964100585,7.866298039584972,11.441469823295611,0.9473189436576164,0.6974755093761745,,
Docking-44,50,16,0.8319505771385635,0.8288410846157462,8.332604569330018,12.624964547483081,0.9400333972416353,0.5883714281809383,,
Docking-44,50,17,0.8366352981023544,0.8333955984504839,7.277908136341043,10.610311802485645,0.9425196363411467,0.5619757748353825,,
Docking-44,50,18,0.8461718009076864,0.8417534191508307,7.800663601483647,12.709212948020408,0.9534665099882491,0.6541884548896718,,
Docking-44,50,19,0.7986955119540271,0.7974174664727449,7.768631742784967,11.25769624806625,0.9307440163275403,0.5822020690490628,,
Docking-44,50,20,0.8943550298084812,0.893311884451591,6.58426161801629,9.238913201355741,0.9633619889912796,0.7047389539819108,,
Docking-44,50,21,0.7980607628307831,0.8014896356096227,7.643846793984478,11.679950932734984,0.9093945203785021,0.6950442291985152,,
Docking-44,50,22,0.7875789471968346,0.7850648695077858,6.760800751332596,9.936594022035013,0.9348011627187829,0.5857610396010998,,
Docking-44,50,23,0.8816047100224795,0.8860334250034895,6.051820432433946,8.974830354933223,0.9686189622116396,0.7799354723450674,,
Docking-44,50,24,0.7102145940632225,0.7174920471204942,6.606472295094491,9.951893923387347,0.9011194260622178,0.5146296080518151,,
Docking-44,50,25,0.7326156632755193,0.7348490287956411,7.13566833211274,10.305593465652676,0.9324633558043169,0.655761428721234,,
Docking-44,50,26,0.8412903092748871,0.8406371899753692,5.423534554308474,8.006937054571265,0.9374853113983549,0.6070995874804452,,
Docking-44,50,27,0.8499243062981673,0.8483591417654921,5.82276006719204,8.3035681016356,0.9699672212258025,0.7921055451401398,,
Docking-44,50,28,0.8621492758964823,0.8604839967380179,6.0104491866276195,8.521054165342207,0.9557301008101924,0.7347618927023439,,
Docking-44,50,29,0.8808637937539486,0.8818196665990187,7.737208570044739,11.605609648537186,0.9474673758426618,0.6599759923951681,,
Docking-44,50,30,0.8304016140807967,0.8314336324404838,5.60112206009365,8.062423313692907,0.9424330508998702,0.7230415303231823,,
Docking-44,50,31,0.8441762838118525,0.8456663659188154,6.640042322159466,9.702928923027407,0.9554950831838703,0.6700440964021281,,
Docking-44,50,32,0.864707762352712,0.8646515178623917,6.346313389047756,9.215041747629943,0.9594656441338364,0.7336995606310089,,
Docking-44,50,33,0.865806967931179,0.8653598610868813,6.633852090996107,9.96053736096099,0.9668501453398478,0.7441934194939394,,
Docking-44,50,34,0.8761085120359204,0.8736823021884782,6.281047464133824,9.435388819922064,0.9632877728987569,0.7005898479607946,,
Docking-44,50,35,0.7303598736667668,0.7294573253611587,7.619439192257032,11.01094743328802,0.9216401756447523,0.5422428929283939,,
Docking-44,50,36,0.8305321330492618,0.8315355047065957,6.767402337659561,9.667541800780134,0.9211577710433546,0.4823335358543416,,
Docking-44,50,37,0.8259299503080352,0.8271748132409705,7.365270776626544,10.951609780452745,0.9500402003834498,0.6442438596835708,,
Docking-44,50,38,0.6298604947410231,0.6356611897389381,7.8530163720316555,11.020005507359183,0.8305399220731029,0.6140686216766372,,
Docking-44,50,39,0.8425689217369186,0.8458600890662971,6.17734273908252,9.255869534025104,0.9407137114230936,0.6837283886750011,,
Docking-44,50,40,0.8213291424951255,0.820915473340512,6.753519347533449,10.464275427172337,0.9525140701342074,0.6843180642201654,,
Docking-44,50,41,0.8160908073533008,0.8169873740120049,7.467960446243813,10.679235936809617,0.9306945389325252,0.6079070265333566,,
Docking-44,50,42,0.7597123394819913,0.7566986950548257,7.5986501768860455,10.38299803892198,0.9068959119302369,0.57186827559231,,
Docking-44,50,43,0.8688103074832281,0.8707691976226637,5.82088086986102,8.34802128097561,0.9422598800173171,0.6353582977275329,,
Docking-44,50,44,0.893903231198484,0.8944555980188701,6.199543805926566,9.132949251624105,0.9718102541901169,0.805010221417127,,
Docking-44,50,45,0.8028530967407713,0.8027709979282877,6.68104698612111,9.63963492076429,0.9226915702888243,0.5627131754737023,,
Docking-44,50,46,0.7433414507258469,0.7428313097967575,8.458621438506594,13.165313334421478,0.8912857938029562,0.4104305743099178,,
Docking-44,50,47,0.8183738403870521,0.8140631566235063,7.22044819677656,10.531979919443907,0.9425938524336693,0.6293716327961754,,
Docking-44,50,48,0.8252274753342997,0.8262934558408638,7.489627458986418,10.811626393440292,0.9069330199764982,0.6189307137422693,,
Docking-44,50,49,0.7816488813664717,0.7795740294893065,7.755350198319376,11.966739452435313,0.9506957758674006,0.6498661054994995,,
Docking-44,50,50,0.7142940347282086,0.7154267488689531,6.57396408858712,10.073026640808969,0.8928443317459336,0.5711932248539932,,
Docking-44,50,51,0.8768263663624778,0.8787230303646894,6.497026388719086,9.699510347576268,0.9578823674933514,0.7647662883992,,
Docking-44,50,52,0.8701420743904965,0.8724022722745739,6.748755180886773,10.658963389957327,0.9455996041808399,0.6455146737687061,,
Docking-44,50,53,0.7508241649888465,0.7507154322556694,9.749658450668647,14.061996595109724,0.9029871977240398,0.5310248432746967,,
Docking-44,50,54,0.8738002341843111,0.8753545693846766,5.9188783515673284,8.568070303771808,0.9660956150658668,0.7567092580869553,,
Docking-44,50,55,0.8249586130630308,0.8231280731906944,7.911027467267553,12.106372540390208,0.9359638815016389,0.5946629121915425,,
Docking-44,50,56,0.8424251212444035,0.8386420414170223,6.506837185409774,9.248354096324558,0.9190055043601955,0.5115243433313922,,
Docking-44,50,57,0.8964682946314044,0.8971684166350308,7.112966068234745,11.004425597610924,0.9574494402869689,0.7717775658753996,,
Docking-44,50,58,0.7823305481467118,0.778278478477393,8.400742005072498,11.510074784272694,0.9096542767023317,0.48431958952021553,,
Docking-44,50,59,0.7699945495431852,0.7715050996551941,6.698094410274789,9.862718894226218,0.9009833632259262,0.5560966086367463,,
Docking-44,50,60,0.6982439011564032,0.7051050485985777,8.412152878025939,12.561561492794954,0.8970622796709753,0.5799509048663786,,
Docking-44,50,61,0.8506966191256851,0.8541163635144626,7.918468184678273,12.421504830601297,0.9442760838641846,0.7204644833712817,,
Docking-44,50,62,0.9063755461486359,0.9075150215348144,6.449047490550344,9.922998780924344,0.969348753788113,0.7763251532320311,,
Docking-44,50,63,0.7806606339206225,0.7834534676950138,7.210202702173928,10.59550569365575,0.8719277630032779,0.6142380492852063,,
Docking-44,50,64,0.7632855797340952,0.7660799018329529,8.871629545974521,12.839916612153843,0.8864493784402251,0.45457683889192013,,
Docking-44,50,65,0.7482611852101796,0.7457771575008381,7.396367332971675,10.791917673975188,0.935667017131548,0.5690890684872797,,
Docking-44,50,66,0.6812146910523669,0.6841614601001649,7.389155178253466,10.58464588371099,0.8658173047189065,0.49329348778516285,,
Docking-44,50,67,0.8570574344057312,0.8586767314254359,7.011640565527402,10.372995045052866,0.9562001360628363,0.7311340836413407,,
Docking-44,50,68,0.8045617924501055,0.8047836945408222,7.407889868600332,10.771227357920159,0.9168779763745439,0.5526150850639087,,
Docking-44,50,69,0.853167861419132,0.8539801747385057,6.3472138963540745,9.046146373743321,0.9345290370461995,0.5860406111613374,,
Docking-44,50,70,0.869154365576359,0.8702586881560874,6.0445569656315215,9.274688293171597,0.9587976993011318,0.6493359577025353,,
Docking-44,50,71,0.9090640271161378,0.9112461234020134,6.064338225355527,8.883260745189583,0.9668748840373554,0.7774850121180896,,
Docking-44,50,72,0.8639690714836216,0.8632643427614081,7.050815284866601,10.21731622705982,0.9617168656070257,0.7665193415290164,,
Docking-44,50,73,0.6776435911525913,0.6839602244577564,7.914856064254916,11.817028917997847,0.8127651679139093,0.47773129670528774,,
Docking-44,50,74,0.8161231110814862,0.8131165539136855,7.926471725465345,11.744376468809303,0.9476158080277074,0.6764997121324333,,
Docking-44,50,75,0.7843643222685975,0.7831447041535201,6.962273094203661,10.40095385250429,0.9155668254066424,0.5156312671336909,,
Docking-44,50,76,0.7932703566553422,0.7917013508280912,7.4009780346130265,11.636052041904021,0.9221473189436576,0.5638002678365298,,
Docking-44,50,77,0.8439686554614969,0.8447747319926293,7.531202629907137,11.407311236996321,0.9215783289009833,0.682116507645414,,
Docking-44,50,78,0.8824327570576433,0.8827531862280517,6.818582033614314,10.146577038846793,0.962409549137238,0.7292787145858226,,
Docking-44,50,79,0.7402702294036003,0.7444409114456509,7.503628863048168,11.057600831846456,0.8826396190240584,0.5772475248392098,,
Docking-44,50,80,0.8065179469074265,0.8053658987231344,7.430390509464069,10.354186233559211,0.9379058692559836,0.6389007799663746,,
Docking-44,50,81,0.6388307113485766,0.6398489945996146,9.222757422091327,13.892128641943767,0.8977920712474489,0.497102867284221,,
Docking-44,50,82,0.887330138325939,0.8873517828160394,6.393410045563999,9.080045199515576,0.9596140763188818,0.6959199957587138,,
Docking-44,50,83,0.8811746551242142,0.8832631995864725,5.745091308254379,8.133454462815113,0.958674005813594,0.6875141402001447,,
Docking-44,50,84,0.8953098253901278,0.8935397965382492,6.418599245818908,9.426185109753414,0.9525264394829612,0.6831517778202424,,
Docking-44,50,85,0.8363664216565667,0.8348241206226028,7.672817549596738,12.042100903822142,0.9582163399097038,0.6966889281748994,,
Docking-44,50,86,0.8508446152757441,0.850712211096288,6.264440301892923,9.225860443998219,0.9678025851938895,0.7324726086654645,,
Docking-44,50,87,0.8744784140329435,0.8728341556857555,6.036801422909355,8.7354595004683,0.9591440410662379,0.7583221181670784,,
Docking-44,50,88,0.824513306382612,0.8217052208260675,7.9694112097627485,11.212965965603795,0.9098521862823923,0.5296348967286942,,
Docking-44,50,89,0.8417452262790048,0.8417689969469148,7.758314819213371,12.215051511099807,0.9570659904756015,0.703636909343271,,
Docking-44,50,90,0.8051573490290613,0.8040740472606093,6.104230628820192,8.267859754055191,0.9349990722988435,0.5750872943464318,,
Docking-44,50,91,0.7201259136673296,0.7212940357558613,6.913499768963439,10.070243638654333,0.8633929123631641,0.5839401112476212,,
Docking-44,50,92,0.8326481477288186,0.834649192886957,6.658587508081561,9.39553573028535,0.9563238295503742,0.6763757981048509,,
Docking-44,50,93,0.8161230827324488,0.8234791051470405,7.531943933410544,11.320167389234177,0.9313130063702146,0.6830091174889754,,
Docking-44,50,94,0.7120201867825943,0.715436458414283,8.500238618918361,14.165042807386678,0.9483084915579195,0.6698299982606635,,
Docking-44,50,95,0.9059443289398348,0.905295249378155,6.400272550256214,9.390305478723675,0.9673820273362608,0.7715013830753962,,
Docking-44,50,96,0.8307583725427097,0.8347939855957831,6.340906028691924,9.571329400738223,0.9171377326983734,0.5998278082518448,,
Docking-44,50,97,0.7809720197480812,0.7837101965782499,7.542646180454769,11.258323746031463,0.9537386356608325,0.6568150382976609,,
Docking-44,50,98,0.5535820940108653,0.5540282795114454,10.806916090329619,14.746635278760895,0.8338177994928567,0.34049272835134925,,
Docking-44,50,99,0.7269100651237631,0.7249126769914568,7.591339698680163,10.794267381520108,0.9455006493908096,0.6349885539237716,,
Docking-44,100,0,0.8840700131925788,0.8854092784202554,7.859931973988604,9.8084781880781,0.9480858432803513,0.6669873996085164,,
Docking-44,100,1,0.9094203603424889,0.9095583067587684,7.1731181388498255,8.977954983530987,0.9822994619333292,0.863859684017045,,
Docking-44,100,2,0.7544105166707754,0.7575509521679802,9.010304494897662,10.94051790289935,0.8702702702702703,0.5478251972083927,,
Docking-44,100,3,0.9024946196184623,0.9023782042961336,7.081171035692473,8.836840293901432,0.9744201867771661,0.7343271998390483,,
Docking-44,100,4,0.9218930438301278,0.9213945543554345,6.727680194707512,8.513681960602034,0.974135691755829,0.807541255630669,,
Docking-44,100,5,0.9319311686787926,0.9327389745012102,7.134090672875854,8.923364982990657,0.9784402251221473,0.8291525536066444,,
Docking-44,100,6,0.8835537205223608,0.8835798725094174,8.266066142172264,10.296002725563854,0.9814459768693178,0.8318147747307879,,
Docking-44,100,7,0.8338842933327351,0.8344600339345064,9.084763446302441,11.10290128349646,0.9545550126785824,0.7830321248663821,,
Docking-44,100,8,0.9447996756019641,0.9447930844507548,6.861416520885688,8.495540915403442,0.9826086956521739,0.8476131490800521,,
Docking-44,100,9,0.8986577758415383,0.9000641574154011,6.890617384400918,8.292274328686887,0.9725153070690828,0.8221370538866088,,
Docking-44,100,10,0.9301380070123468,0.9302281853005065,7.268666551241192,9.042707805423925,0.9769064258766776,0.8150721102193688,,
Docking-44,100,11,0.9023235898754671,0.9024125066314599,7.141021521833129,8.584766904008776,0.9642031047065373,0.7194934928582097,,
Docking-44,100,12,0.8396508844385859,0.8366702382910235,9.28558453300871,11.76685681601468,0.9541839322159689,0.7309918680642178,,
Docking-44,100,13,0.9413205258051895,0.9412014598478583,6.824299086078208,8.475260460259875,0.9817057331931474,0.8711158185601751,,
Docking-44,100,14,0.870119423509566,0.8696241374761056,9.449654540570897,11.835929224998265,0.9596388150163894,0.7077861428087955,,
Docking-44,100,15,0.8830950897943357,0.8817503815514668,8.753244335496635,10.818541106102872,0.9682726204465335,0.7673624990621654,,
Docking-44,100,16,0.9005095633174511,0.8999367001429818,7.507972789854784,9.175841597306244,0.9696085101119426,0.7940076915975445,,
Docking-44,100,17,0.9061577688428697,0.9068924341486408,8.39855523549449,10.316507984394873,0.9687921330941925,0.80022957592898,,
Docking-44,100,18,0.9253033054658749,0.925314687604415,7.173613835729575,8.651353188133323,0.9749149607273178,0.8180248185220451,,
Docking-44,100,19,0.9061295898996347,0.9068715976061078,6.239911335173171,7.722991113517695,0.9679881254251964,0.8438533446824544,,
Docking-44,100,20,0.9323038734742768,0.931935350161818,7.011180099720255,8.553119651135805,0.9762137423464654,0.8319052081548033,,
Docking-44,100,21,0.9165720995931452,0.9154786063457263,8.031404790585192,10.062528582238505,0.9725771538128517,0.7666044854143174,,
Docking-44,100,22,0.9250419131659767,0.9251390794918702,7.3869267615240135,9.247258371188186,0.980555383759045,0.8291538498904183,,
Docking-44,100,23,0.9332694133411207,0.933334105844604,6.518590940694074,8.097238885494589,0.9737027645494465,0.7953873616218149,,
Docking-44,100,24,0.8470953558500524,0.8468422981671673,10.315127685761542,12.936965905320697,0.9102603747912672,0.6180522657850365,,
Docking-44,100,25,0.9180425074681108,0.9175323098409465,7.213019687154634,8.862816464607587,0.9738511967344919,0.7981336395136738,,
Docking-44,100,26,0.8971319172493012,0.8970633551022046,8.715560948012186,11.10031679466781,0.964388644937844,0.7103964981727173,,
Docking-44,100,27,0.9361112767757985,0.9356836315457172,7.639673269315116,9.604389513528012,0.9847362236378254,0.869218001230487,,
Docking-44,100,28,0.9352859228991937,0.9355686903733365,7.300239389582276,9.201264100698994,0.9706599047560146,0.7934734361278956,,
Docking-44,100,29,0.6524871088953503,0.6562933640608549,9.828181755178345,12.02099997125333,0.8342507266992393,0.6200794560716182,,
Docking-44,100,30,0.9315351184509603,0.9315632690451578,7.152677317164784,8.79898499428283,0.9819531201682231,0.844659560228726,,
Docking-44,100,31,0.9044253449891817,0.9030273405558883,9.199539033202603,11.483435659726421,0.95820397056095,0.7008303529398048,,
Docking-44,100,32,0.8583706468679823,0.8559106733169256,8.724357648070814,11.10437369200445,0.9691508442080524,0.7923197390112446,,
Docking-44,100,33,0.8666280836266838,0.8677250071076352,8.630281262495767,10.587347919348293,0.924287216278063,0.6820128627124102,,
Docking-44,100,34,0.9251148268903233,0.9236696921822533,8.444112632837014,10.532480658096217,0.9792813408374049,0.8106468020230212,,
Docking-44,100,35,0.9039340703445218,0.9043433170492918,6.864566464817455,8.399067054529134,0.9715257591687798,0.7450495014161124,,
Docking-44,100,36,0.9309120207821122,0.9322620728185423,5.906432938610463,7.128013858133688,0.9736780258519389,0.8137118448240397,,
Docking-44,100,37,0.9308872720724097,0.9302877182791722,6.683862800816735,8.129314964302678,0.9733440534355866,0.8083646526963997,,
Docking-44,100,38,0.8950703468961859,0.895775685122705,6.004994160430905,7.068222064957987,0.9618405590945637,0.7405696413697628,,
Docking-44,100,39,0.9273752232176631,0.9278870509144813,6.564456569526036,8.10528800871501,0.9739625208732761,0.8016017876177246,,
Docking-44,100,40,0.9094168308873251,0.911934055319532,7.240308310044603,9.25469666675566,0.9733069453893253,0.8340413959226264,,
Docking-44,100,41,0.8905601851305541,0.890473649693708,7.45674738082639,9.528909317406779,0.9757065990475602,0.8174482661639232,,
Docking-44,100,42,0.8969189592799031,0.897233165836589,7.528276759712417,9.382911995128229,0.9776238481043973,0.8237233622110796,,
Docking-44,100,43,0.8526617885769183,0.8540391123873846,8.185879116335114,10.416739773274475,0.9350485496938586,0.6711550340820075,,
Docking-44,100,44,0.9243816640835377,0.9238929975503241,7.254092547161759,8.781079494651324,0.9704248871296927,0.7659346847263094,,
Docking-44,100,45,0.8597316132838343,0.8607646096853139,8.707267718716087,10.70071115909523,0.9206753664419568,0.6485857698938476,,
Docking-44,100,46,0.8729393306147313,0.8726675625671229,8.814848372271276,10.778373705778902,0.9615436947244728,0.7017058633309208,,
Docking-44,100,47,0.8715382786599111,0.8741559153828006,8.972677373172314,11.411199758663903,0.9334776424021275,0.6400971576604555,,
Docking-44,100,48,0.9021217163797158,0.9022246659092512,8.24949319509509,10.222965783088947,0.9656997959057456,0.7887125877169663,,
Docking-44,100,49,0.9363394723528313,0.937436324961189,6.994947291028754,8.80143622415976,0.9778588657307192,0.8409975270660695,,
Docking-44,100,50,0.9270910666406846,0.9275015465285842,7.6982128510941115,9.465463518268031,0.9649576349805182,0.7776675592819794,,
Docking-44,100,51,0.907890291918189,0.9085160260475207,8.508556421981158,10.628823663778732,0.969818789040757,0.8266016855670829,,
Docking-44,100,52,0.8981769619917012,0.8992204617115594,9.369292066726791,11.646675615449071,0.9349867029500897,0.7263343543419687,,
Docking-44,100,53,0.9496982191807957,0.9486020469493368,6.770393372283752,8.031286334283052,0.9787865668872534,0.8296796769974719,,
Docking-44,100,54,0.9147119633257006,0.9162956964779119,6.851362518270092,8.490788533948713,0.9736038097594162,0.7888533025722686,,
Docking-44,100,55,0.9033267347405015,0.9049937290157323,8.533931836546754,10.608688828348038,0.9688416104892077,0.8329858734796234,,
Docking-44,100,56,0.8979733166811085,0.8980735588775666,8.332730059659465,10.3035035927795,0.972094749211454,0.8045569191738556,,
Docking-44,100,57,0.9471450056455335,0.9471310862681408,6.954210063842326,8.623313156497915,0.9836724596449997,0.8659480621844448,,
Docking-44,100,58,0.7907901135425016,0.7909454237442253,9.376120485609615,11.278428310079047,0.8971612344610056,0.5374251503443338,,
Docking-44,100,59,0.9243176094333972,0.9245511346294724,7.08330487745093,8.803547824155858,0.9861586987445111,0.8820869809602979,,
Docking-44,100,60,0.9174723941502752,0.9171025951311306,7.783075767803952,9.503806111363978,0.9752736718411775,0.8179320197566353,,
Docking-44,100,61,0.9065733090339557,0.9082494742228048,8.072214343267248,10.033500756126665,0.946354134454821,0.7430632051277404,,
Docking-44,100,62,0.9204188371841425,0.9211669541081883,7.4330378643575905,9.288482263580416,0.968705547652916,0.7556756456087637,,
Docking-44,100,63,0.9235848151640984,0.9240189948473143,7.409963077737745,9.24069665629891,0.9776114787556435,0.8383007887928305,,
Docking-44,100,64,0.9191492255415046,0.918058567197832,8.269479847261401,10.185306579592446,0.9803822128764921,0.8560806656697552,,
Docking-44,100,65,0.9225224491598106,0.9228699941845492,6.22069312159043,7.523149053538269,0.9765724534603253,0.7905695499429001,,
Docking-44,100,66,0.848735333492584,0.8502091149030074,8.938995807356696,11.274610889258398,0.9633743583400334,0.7646282165014882,,
Docking-44,100,67,0.9277842998282083,0.9280123394855351,7.267153613415829,8.956307096382709,0.9759539860226359,0.8269014668821166,,
Docking-44,100,68,0.9144128242824245,0.9127520951444723,6.984653971305411,8.264302210811714,0.9567814954542644,0.733746608853174,,
Docking-44,100,69,0.9077119481235293,0.9070395231295012,7.13633024697277,8.795901285137308,0.9800977178551549,0.8549734658360764,,
Docking-44,100,70,0.9089025368242478,0.9098124700541144,7.685865115535375,9.506327621206623,0.9508565774011998,0.7607573163467921,,
Docking-44,100,71,0.9182902922300283,0.9181634444619143,8.414153919554968,10.407499273872846,0.9490011750881316,0.7978189751256681,,
Docking-44,100,72,0.9215794326032285,0.9218112710315749,7.794182624493601,9.74080211076819,0.9727874327416661,0.8124363466020874,,
Docking-44,100,73,0.9162386865635802,0.916205787505608,8.105504405745611,9.978316991526517,0.9747665285422723,0.8056537101339688,,
Docking-44,100,74,0.916898949820538,0.9177466852622176,8.401139275488458,10.775306980459431,0.9697445729482342,0.7969841422679236,,
Docking-44,100,75,0.8385610623915183,0.8411036166886955,8.636806405673768,10.79571748910673,0.9157523656379492,0.6361801320187346,,
Docking-44,100,76,0.8886869374332844,0.8908575523589889,8.475184638694238,10.891238324527162,0.9675180901725524,0.7244542430229396,,
Docking-44,100,77,0.830757677991292,0.831055186964914,8.30132784752533,10.28724824845346,0.9241016760467562,0.6915945891950707,,
Docking-44,100,78,0.9145890844228312,0.9147491289138104,7.401677856876913,9.118361589450211,0.9615931721194879,0.7604297437502975,,
Docking-44,100,79,0.897453735522545,0.8981049554365532,8.03525356468581,9.866833672393389,0.9423712041561012,0.7645140562888492,,
Docking-44,100,80,0.9088296089253826,0.9087920889743044,8.027150539239972,9.975302146871446,0.9616921269095182,0.7327916268660075,,
Docking-44,100,81,0.8997692565532254,0.8988366866169474,6.758681494634923,8.198750715023515,0.9639433483827077,0.6890223096945518,,
Docking-44,100,82,0.9094866120430325,0.9094526073725994,8.20218026731746,10.172567102427594,0.9643515368915827,0.7564712510303002,,
Docking-44,100,83,0.9116047670749174,0.9104890765311677,7.771700044452847,9.629461858982689,0.9661945698558971,0.7581740893688904,,
Docking-44,100,84,0.8704730494028399,0.8702866686560602,7.372399212562196,8.901875788980718,0.9572886387531696,0.7269981391243409,,
Docking-44,100,85,0.8351317218535605,0.8351055556919852,9.101716049793058,11.311289670310295,0.9209227534170326,0.6419950460894503,,
Docking-44,100,86,0.9231342639117497,0.9228442249094982,7.349938563659139,9.18724220400272,0.9814583462180716,0.809285832733582,,
Docking-44,100,87,0.9271750364896406,0.9284621961864661,7.2694078236769295,9.021624289299352,0.9783660090296246,0.8248276650866115,,
Docking-44,100,88,0.9280086541106651,0.9281432978640807,6.815897635475813,8.36047128490573,0.9812356979405035,0.8411827922286578,,
Docking-44,100,89,0.935018095367792,0.9350041476413617,7.127097205389539,8.803018497981364,0.9740243676170449,0.782331841811385,,
Docking-44,100,90,0.8989068079611041,0.89796883753319,8.719542213196117,10.734331895316357,0.9656255798132228,0.7124884887643186,,
Docking-44,100,91,0.9309830492954679,0.9320529419692012,7.977771855275445,10.271488275770741,0.9702393468983858,0.7911383447810774,,
Docking-44,100,92,0.7432527891111913,0.7445819053834573,10.90479227436439,13.40393999151457,0.9145525388088317,0.5776296487135724,,
Docking-44,100,93,0.9065973773667592,0.9065084180872102,7.9110657063852665,9.982427861997598,0.9765724534603253,0.8099229562113694,,
Docking-44,100,94,0.9488663166765374,0.9487015378963021,6.5542397619344905,7.96065573119821,0.9776362174531511,0.8145849443247408,,
Docking-44,100,95,0.9273900072406983,0.92741353694179,7.726482803824947,9.786423934346125,0.9816191477518709,0.8477021391630825,,
Docking-44,100,96,0.8917007236056375,0.8905063077848618,8.699265840017217,10.683666007897974,0.9606654709629538,0.7476460529687114,,
Docking-44,100,97,0.7910475653261929,0.7934633143788125,9.74786697432079,12.033799918819776,0.8882429340095244,0.6308912792399066,,
Docking-44,100,98,0.9229917958239954,0.9228200431805449,7.159049355403219,8.886141309548375,0.9740491063145525,0.8178343575764693,,
Docking-44,100,99,0.9211951188769046,0.9196675309933824,8.050405615700267,9.69965479220831,0.9792071247448821,0.8601326036358957,,
Docking-44,200,0,0.9511012272192005,0.9510693629010958,8.074506484754414,8.998715794750964,0.9881996412888862,0.8965415828721897,,
Docking-44,200,1,0.9224564242515667,0.9229272025421431,8.953970667843244,10.155293996837408,0.9821262910507762,0.8721323443358461,,
Docking-44,200,2,0.9525222510709114,0.9529006398484063,7.3878087023621,8.288226649599837,0.9911559156410416,0.9282756927873319,,
Docking-44,200,3,0.9369680980839841,0.9365665623174032,9.215331901093457,10.171355156617667,0.9770795967592306,0.8555131870324063,,
Docking-44,200,4,0.9597848634070729,0.9597018715999094,8.08468380905824,9.010586166926684,0.9887191539365452,0.9093512819903564,,
Docking-44,200,5,0.9314215522068962,0.9312562773185056,8.4123499975672,9.420638927403923,0.982249984538314,0.867030748830922,,
Docking-44,200,6,0.9579348760950391,0.9574817025567253,8.316194942382918,9.228060976277586,0.9879646236625642,0.9094205074937267,,
Docking-44,200,7,0.9375040933352368,0.9370456893995117,8.493805005001606,9.446139484691333,0.9775620013606283,0.8192322424725842,,
Docking-44,200,8,0.9524051978952398,0.9528918516467937,8.483741098957974,9.56366159678997,0.9735048549693859,0.8223391633408883,,
Docking-44,200,9,0.9637806460625152,0.9637025869878696,8.113367164208622,9.120198369832062,0.9875811738511967,0.9140191912608912,,
Docking-44,200,10,0.9421200962322249,0.9423345000025336,8.220563933070336,9.17580923426438,0.9804069515739996,0.8490269312901791,,
Docking-44,200,11,0.9319887313993549,0.9316766226714409,9.00291745446503,10.010663770083108,0.9760529408126662,0.8277043889040614,,
Docking-44,200,12,0.9492104598167806,0.9486374265480869,8.445849197800896,9.41715596185071,0.9796771599975261,0.852851073416211,,
Docking-44,200,13,0.9556855500668274,0.9554607847233273,8.921009209327842,9.997508901988946,0.9782794235883481,0.8585916581752593,,
Docking-44,200,14,0.9564254315954911,0.956232105334534,8.63077208996459,9.680685047464275,0.9892139278866968,0.9137680511066141,,
Docking-44,200,15,0.9327555728626428,0.9329883468092254,9.173692972659747,10.21414322625733,0.9701280227596017,0.8461906413928199,,
Docking-44,200,16,0.9555398218397653,0.95603215957333,7.929260190853081,8.880303859148135,0.9943100995732574,0.9476320786011276,,
Docking-44,200,17,0.9329098908480552,0.9321001289420532,9.37319792345586,10.497433984666166,0.9839816933638444,0.8710673258907253,,
Docking-44,200,18,0.9321802574964334,0.9326890943697995,9.020155258054247,10.079385065421999,0.9671222710124312,0.7886911088434322,,
Docking-44,200,19,0.9545185194162379,0.9545857775076113,7.839275178687335,8.775789348863247,0.9909827447584885,0.9220497537833106,,
Docking-44,200,20,0.9513250428699459,0.9508939532318131,9.452580764490934,10.617770195008605,0.9843032964314429,0.8768887352672837,,
Docking-44,200,21,0.9470336081028352,0.9472110730773337,8.78607756131423,9.937229132478363,0.9813099140330261,0.8469009235685616,,
Docking-44,200,22,0.9529143607825369,0.9529852050271488,7.573342720912283,8.448809468603693,0.9742841239408745,0.8527981605971836,,
Docking-44,200,23,0.9580978830604331,0.9579944232482233,8.452461166374128,9.444522080208753,0.9846743768940566,0.8653136182690404,,
Docking-44,200,24,0.9386456948992249,0.9386090679428267,9.149229901378446,10.229269182721854,0.9814954542643329,0.8669792286224124,,
Docking-44,200,25,0.9513685869914841,0.9514653280818159,9.183606544650432,10.216949750653546,0.9727503246954048,0.8437290684999936,,
Docking-44,200,26,0.8875142511497216,0.8875041163688299,10.28335584081951,11.614441461598217,0.9748902220298101,0.8448120765763588,,
Docking-44,200,27,0.9373229288113499,0.9375108687551897,8.567586992196716,9.57713038695242,0.9757560764425753,0.8182324792619843,,
Docking-44,200,28,0.9247367074286844,0.9255018054261687,9.524675482583223,10.701774796412112,0.9483208609066732,0.782237582396954,,
Docking-44,200,29,0.942624383085079,0.9427152275756188,9.241176998385148,10.511495862039542,0.9807904013853671,0.8801856861599902,,
Docking-44,200,30,0.9568933608078027,0.9574883362314908,8.291791558299314,9.317777910817894,0.9800977178551549,0.8622284680917582,,
Docking-44,200,31,0.9311476438069595,0.9313130462660187,9.882604168495837,11.11990699869838,0.9683963139340713,0.7823854304987633,,
Docking-44,200,32,0.9349562377680546,0.9348903404304792,8.73217916070382,9.685501321425928,0.9798503308800791,0.83372721462347,,
Docking-44,200,33,0.9536738031470479,0.9538754923740557,7.391352285982809,8.185420477995622,0.9853670604242687,0.8926930249541994,,
Docking-44,200,34,0.9213415700044221,0.9217257561600773,9.103748936849094,10.190183764752792,0.954468427237306,0.7266464220230062,,
Docking-44,200,35,0.9604750774221071,0.960476395652349,8.010485210884326,9.114074085307983,0.9793184488836663,0.8267404348407509,,
Docking-44,200,36,0.8958774581671858,0.8955953994189794,9.594087138118985,10.746129951978698,0.9763621745315109,0.830649497953379,,
Docking-44,200,37,0.9545501427675245,0.9549234428927952,9.262783106273838,10.454856386717452,0.9827076504422042,0.8829318325262447,,
Docking-44,200,38,0.9610497265859361,0.9610312430135125,7.9826541276984555,8.973835237327647,0.9890036489578824,0.8986570147375404,,
Docking-44,200,39,0.9586892581563635,0.9590718992894774,7.569657942891386,8.398623441716648,0.9895850083493104,0.9169935022918125,,
Docking-44,200,40,0.945437954180372,0.9452148756046007,8.270994258719861,9.250240517219975,0.9852309975879769,0.8883607757258914,,
Docking-44,200,41,0.9482831344524327,0.9478906278542828,8.55674401495523,9.602115017532494,0.9824726328158823,0.865624225440652,,
Docking-44,200,42,0.9506677846109588,0.9502992471239812,9.16847459060491,10.206679036761562,0.9864926711608634,0.8789475018518504,,
Docking-44,200,43,0.9595558598824726,0.9600786870058253,8.421378342609794,9.50589126212265,0.9884470282639619,0.9213481885655326,,
Docking-44,200,44,0.9381800903079849,0.9381991833847141,8.272118305819253,9.210913185820406,0.9740367369657987,0.8193413594925627,,
Docking-44,200,45,0.9366663367547431,0.9363090963591932,9.933194670174748,11.10303794021726,0.9819407508194694,0.8706629557943883,,
Docking-44,200,46,0.9353694675125876,0.9359739823873807,8.389341066377044,9.467020160735677,0.9799987630651246,0.8603388929589629,,
Docking-44,200,47,0.9211405469797945,0.9215502189201261,9.603552351435829,10.839073044923222,0.9667635598985713,0.8119604299263408,,
Docking-44,200,48,0.9194802997754791,0.9193901781853943,9.714443264386865,10.923422571321867,0.9640051951264766,0.7782052321897888,,
Docking-44,200,49,0.9429546777205232,0.9434486738727793,8.74765842622107,9.944526603897662,0.9778959737769807,0.8563026686786962,,
Docking-44,200,50,0.9649764793351637,0.9649067123539754,8.159675292584218,9.042805113555254,0.9833879646236625,0.886761830411218,,
Docking-44,200,51,0.9460684934715533,0.9454529508211883,7.94738512134455,8.816192596814808,0.9797266373925413,0.8373829235538167,,
Docking-44,200,52,0.9531638039631456,0.9532997375977655,8.164159788950984,9.21852111228545,0.9852681056342384,0.8988974846275061,,
Docking-44,200,53,0.9619623104508052,0.9623792822682828,7.826809099898011,8.799975348521038,0.9922815263776362,0.945067565972485,,
Docking-44,200,54,0.9477030847969674,0.9478805922950221,8.982499138243336,10.220301152438537,0.9894118374667574,0.9018599947444668,,
Docking-44,200,55,0.9289290481353543,0.928213603476981,8.376815546083503,9.366700032969213,0.9725771538128517,0.8015835709535591,,
Docking-44,200,56,0.9461259853195217,0.9464864149817859,7.799666790928315,8.652645525349254,0.9884717669614694,0.9182934876449564,,
Docking-44,200,57,0.9268435086710667,0.9268646428784931,9.645892208415885,10.811584694607818,0.970635166058507,0.8131549602067537,,
Docking-44,200,58,0.9575849072275976,0.9575965019839187,8.888699097539444,9.995026558543397,0.9859978972107118,0.8925455883286949,,
Docking-44,200,59,0.9292380101201101,0.9291935730038919,10.441681380864186,11.79054184541008,0.9720081637701775,0.815640514126859,,
Docking-44,200,60,0.9290576251947533,0.9289059294953057,8.373168798358327,9.359844607277013,0.9776114787556435,0.8550992980959097,,
Docking-44,200,61,0.9580232683938387,0.9576535969453628,7.589334464399108,8.474849501378504,0.9817799492856701,0.8727240596335148,,
Docking-44,200,62,0.9523281593859427,0.952111402645525,8.152568371695155,9.240413766723323,0.9914527800111325,0.9248915520737446,,
Docking-44,200,63,0.9083988311266618,0.9081605432922935,8.910131892193753,9.93348941755879,0.9648215721442266,0.793945567536037,,
Docking-44,200,64,0.9506827245537,0.950586904807086,8.907572731289479,9.961919433321896,0.9784402251221473,0.831665257965045,,
Docking-44,200,65,0.9473649374781469,0.9482589527234795,7.939689775559891,9.031908400077478,0.9868019048797081,0.9128067418566691,,
Docking-44,200,66,0.9514211177578972,0.9515765980538455,6.850385694029586,7.651841858375822,0.9840930175026285,0.8518359643341927,,
Docking-44,200,67,0.9301306787861635,0.9306541721118965,8.463291138479736,9.45417000366989,0.9807038159440905,0.8552331007976783,,
Docking-44,200,68,0.9405954282995612,0.9403853335829464,8.484958714736726,9.47409384337624,0.977116704805492,0.825127455512759,,
Docking-44,200,69,0.8993010863740952,0.9001363907628488,9.72457307304096,10.820566830047227,0.9624342878347455,0.8374996698635403,,
Docking-44,200,70,0.9514107278356682,0.9513516059180456,8.878348717752734,9.88770216130037,0.9764858680190488,0.8567421061223444,,
Docking-44,200,71,0.9592654381682154,0.9592728089179552,8.385747472801809,9.564388016435789,0.9860226359082195,0.8797164077997928,,
Docking-44,200,72,0.9628346103334436,0.9628552059091584,8.20610599425995,9.149534058844607,0.984476467313996,0.8645583994159253,,
Docking-44,200,73,0.9117318699843685,0.9119886413911608,8.775278246575459,9.950287221840648,0.9821881377945452,0.8518765609597067,,
Docking-44,200,74,0.9463295739320392,0.9468957892572242,8.148826267526903,9.166805051027369,0.9724781990228214,0.8450532970078547,,
Docking-44,200,75,0.9596966128534604,0.9599700960178355,8.575314379388617,9.62758390363037,0.9848104397303482,0.8705335309466287,,
Docking-44,200,76,0.939023176507521,0.9389626938361006,9.645570984845527,10.83887613083893,0.9863566083245717,0.9130888937364314,,
Docking-44,200,77,0.9433992048024117,0.9442529502400329,8.75533305995344,9.908410094067012,0.9848722864741172,0.8819748091336508,,
Docking-44,200,78,0.8994847739623162,0.9002299000629099,9.66128641467616,10.826099026133281,0.9676665223575979,0.8241515806852068,,
Docking-44,200,79,0.9477505269111564,0.948064336581318,8.779712960138102,9.804920620102571,0.980444059620261,0.8575783701611945,,
Docking-44,200,80,0.9533774706584802,0.9535956590252899,8.310843123156458,9.311045031743207,0.9914404106623786,0.941688159304121,,
Docking-44,200,81,0.9600980210493728,0.9607567534583077,7.91923069688255,8.86831024553318,0.9891768198404354,0.9296778582072188,,
Docking-44,200,82,0.9489323699338187,0.9491763559247166,7.393913126383517,8.358720998516633,0.9882862267301626,0.9215770065861724,,
Docking-44,200,83,0.9558592587938625,0.9556903552286768,8.177539172230553,9.067834793754677,0.9795287278124807,0.8615046971134936,,
Docking-44,200,84,0.8692493773754056,0.8705026174489103,9.55616121395869,10.83580046503073,0.958612159069825,0.7834767062903335,,
Docking-44,200,85,0.9166285850502839,0.9170807805468054,9.268132865098353,10.475949414808118,0.9737398725957078,0.8285636825463206,,
Docking-44,200,86,0.9535735184270338,0.9534268263326978,8.648326561381301,9.770806893045435,0.9873090481786134,0.9044320949400313,,
Docking-44,200,87,0.9410767949556289,0.9411887878281139,7.453215595423826,8.315293129064191,0.9848104397303482,0.8547906154418291,,
Docking-44,200,88,0.9280397530047586,0.927563475000915,8.987714009417287,10.039706795460322,0.974259385243367,0.8198487721440755,,
Docking-44,200,89,0.9545600365815979,0.9546617387534848,7.899055533283742,8.855665203299667,0.9900797822994619,0.9142591076069767,,
Docking-44,200,90,0.9609754804568291,0.9607318913524554,7.870452745528024,8.769430095196261,0.9896344857443256,0.9157054882807164,,
Docking-44,200,91,0.9503015717450528,0.9499220206570221,9.0153797750828,10.109352772503815,0.9789349990722989,0.8199654411517909,,
Docking-44,200,92,0.9402385422669794,0.9410870573071894,9.433022500043146,10.750880585491695,0.9839074772713217,0.8831256486847505,,
Docking-44,200,93,0.928680469600388,0.9282003361274498,8.762889982440816,9.791561086082828,0.9823860473746058,0.8475449842345986,,
Docking-44,200,94,0.9581607754000374,0.9581967786776115,8.043124427699915,9.03319626943916,0.9890160183066361,0.9041476866081996,,
Docking-44,200,95,0.9488303559225195,0.9491525852568066,8.780597497328465,9.905000633985475,0.9856144473993445,0.8821183133905028,,
Docking-44,200,96,0.9314594265209425,0.9306185798953656,7.707292046086629,8.453983695883123,0.966491434225988,0.754146290159535,,
Docking-44,200,97,0.9225009889384534,0.922232892091196,9.48390224314175,10.498825835215113,0.9622734863009462,0.7612085345223107,,
Docking-44,200,98,0.9485305790259009,0.9487467404365318,9.12018556789981,10.150306636482796,0.9826086956521739,0.8837854846252037,,
Docking-44,200,99,0.9581027023968012,0.9583851013334571,8.205548323347903,9.147908824812214,0.9863937163708331,0.9034504469173527,,
Docking-44,500,0,0.9663144830306736,0.96640960822587,10.029666645076436,10.497882055490013,0.9842414496876739,0.8964609103654276,,
Docking-44,500,1,0.9765367348776399,0.9766360699048992,9.659431262146612,10.147477463772473,0.9913167171748407,0.9322300599712595,,
Docking-44,500,2,0.9765261890357049,0.976589308167609,9.133087339128771,9.576123168761782,0.9870245531572762,0.9121978943454421,,
Docking-44,500,3,0.9693396088180105,0.9691563181163141,9.250808473586417,9.679633026154375,0.994099820644443,0.9494260638473071,,
Docking-44,500,4,0.9815640114355764,0.9815255843152996,8.426695697600922,8.842176484278886,0.9953491248685756,0.9620374962896503,,
Docking-44,500,5,0.9666789524307757,0.9668245672616881,9.65228488554426,10.118392963702348,0.9878409301750263,0.9242074335152297,,
Docking-44,500,6,0.9814976179898456,0.9813386507622894,8.830637715967296,9.244754445840446,0.9938648030181211,0.9486041048252359,,
Docking-44,500,7,0.9744702034429693,0.9744085584610128,9.565486569364898,10.016317500913157,0.994099820644443,0.948445102179445,,
Docking-44,500,8,0.9763530898129752,0.976571419924972,8.938175583414274,9.367440119677179,0.990772465829674,0.9242600853314431,,
Docking-44,500,9,0.9746434869344422,0.9746166262214493,9.14075422711957,9.566249093611647,0.9882985960789165,0.9231374393084462,,
Docking-44,500,10,0.9844413962141914,0.9846343681121804,8.314385364820346,8.698872157851516,0.9955841424948977,0.9666012963823919,,
Docking-44,500,11,0.973703787215243,0.9736893150316199,9.382413352259062,9.816124194338546,0.9851567814954543,0.8994187442800596,,
Docking-44,500,12,0.9699917075521799,0.9701613907158956,9.044777438933169,9.503680521110075,0.9923062650751437,0.9384800588101366,,
Docking-44,500,13,0.9749587707545517,0.9749801459287963,8.903305382916589,9.33940400000956,0.9931350114416476,0.9309544555180772,,
Docking-44,500,14,0.9774442584393223,0.9776856930168488,8.86406929110674,9.309668011316413,0.9869998144597687,0.9071013364062102,,
Docking-44,500,15,0.9788428582024025,0.9787166766366685,8.847708107718068,9.253795772795149,0.9922196796338673,0.9343504782424153,,
Docking-44,500,16,0.979333083932676,0.9793774501763006,9.33550300265093,9.814443800299687,0.9900303049044468,0.9123257766612017,,
Docking-44,500,17,0.9811547930798438,0.9810526656723948,9.652620130462376,10.105002191910357,0.9956583585874204,0.963272005699157,,
Docking-44,500,18,0.977180555692871,0.9774717995292145,8.873902897219967,9.339950224724792,0.9887562619828066,0.9070194337286194,,
Docking-44,500,19,0.9794604278089456,0.9795118529628977,8.834441124446444,9.275621079631303,0.992467066608943,0.9496269366249331,,
Docking-44,500,20,0.965219345539082,0.9654985410345052,8.672161097526162,9.139906097038827,0.9897334405343559,0.9177923661925842,,
Docking-44,500,21,0.9839760042407325,0.984109273065831,8.471454758234337,8.892552623389781,0.9940750819469355,0.9476695864356188,,
Docking-44,500,22,0.9744981414193858,0.9746234158159209,8.86241237060028,9.251072300115837,0.9843156657801967,0.8933754775918946,,
Docking-44,500,23,0.9685485572767318,0.9686020660849373,9.980418611909524,10.484072131922913,0.9840806481538747,0.8871092492083535,,
Docking-44,500,24,0.9821956279901811,0.982266373013162,9.092694876775369,9.524284590530653,0.9948914589646856,0.9579932804814665,,
Docking-44,500,25,0.9794827243269077,0.9794900525530913,8.694743114026094,9.08493435535519,0.9920465087513143,0.9410684690519765,,
Docking-44,500,26,0.9788156998245158,0.9788255085914768,9.382426100302679,9.81779797172003,0.9935555692992764,0.9489579265322267,,
Docking-44,500,27,0.9807995654659538,0.9809008424022789,8.219016487866009,8.631447664796742,0.9934195064629847,0.9355946037614711,,
Docking-44,500,28,0.974527879559681,0.9744329102841908,9.941615031122248,10.410212260151194,0.9862823922320489,0.8982109622138701,,
Docking-44,500,29,0.9817562320840727,0.9817985855460376,8.449934473241878,8.860493701116988,0.9948296122209166,0.9512212047123279,,
Docking-44,500,30,0.971689219566236,0.9717515732741291,8.637223627748693,9.03205513512101,0.9949038283134393,0.9647638024046042,,
Docking-44,500,31,0.9777221640535408,0.9776853244793619,9.320140529325506,9.773121977498146,0.9940627125981817,0.948800795507191,,
Docking-44,500,32,0.9671202902459499,0.9669565745546197,9.135366368434598,9.566048472496314,0.9900797822994619,0.9137288660985112,,
Docking-44,500,33,0.9838520338999205,0.984012021692825,9.034202351000806,9.469998459426344,0.9950769991959924,0.9554106805061157,,
Docking-44,500,34,0.9799028003639875,0.9799055076970646,8.595036207799561,9.004905696635573,0.9936297853917991,0.9556398647441361,,
Docking-44,500,35,0.9622236035290724,0.9621482376129854,10.036350721032411,10.493250305164159,0.9846620075453028,0.9016922988782494,,
Docking-44,500,36,0.9793255147396744,0.9792691001551291,9.107483333819575,9.533922538432826,0.9926526068402498,0.9498027787960005,,
Docking-44,500,37,0.9750086792349997,0.9749859149579195,9.750173194055856,10.204866821024323,0.9898695033706475,0.9212454301864988,,
Docking-44,500,38,0.9743946532581388,0.9745453142177191,9.480817292862412,9.943521459255214,0.9848970251716247,0.8943865170077361,,
Docking-44,500,39,0.9835274657700432,0.9835732069419846,8.080898578225428,8.472564739658457,0.9953243861710681,0.9615768167790854,,
Docking-44,500,40,0.9780215015400789,0.9781945582392524,8.892617515581229,9.352789170740012,0.9934071371142309,0.9521409480964316,,
Docking-44,500,41,0.9756043350355867,0.9755230158216333,8.778303374738023,9.174284925200263,0.9922691570288824,0.9385806338702334,,
Docking-44,500,42,0.96797226386873,0.9676426921337407,10.177205812222203,10.645966413098407,0.987098769249799,0.9025726524825525,,
Docking-44,500,43,0.9666183988867615,0.9668454888513334,9.476609486982872,9.963990363203273,0.981903642773208,0.885008863258084,,
Docking-44,500,44,0.9652962139541543,0.9651056658988684,9.362484495886136,9.791113777817326,0.9880264704063331,0.9334113058347556,,
Docking-44,500,45,0.9784071618456823,0.9785048242797313,8.443932609845403,8.850589855469075,0.9944461624095491,0.9618276714490452,,
Docking-44,500,46,0.9722188646330979,0.9721314078525344,9.541344448721283,10.00322704602099,0.9913538252211022,0.9144206838282875,,
Docking-44,500,47,0.9756981420005411,0.9758603410183674,9.388933063339264,9.849000346481885,0.9938276949718597,0.9580002948691756,,
Docking-44,500,48,0.9607477526389143,0.9606246894673011,9.45174068733314,9.891057462418614,0.9829797761147876,0.8886940515746234,,
Docking-44,500,49,0.9758664927594961,0.9759183431490102,9.451867256196637,9.888393742086592,0.9825468489084049,0.8769114262057073,,
Docking-44,500,50,0.9817734966478855,0.9818170691184614,9.44847669850928,9.901313193849541,0.9942482528294885,0.956182900192065,,
Docking-44,500,51,0.979724073857322,0.9796716564870586,9.006882109933025,9.46779901955831,0.9932092275341703,0.9338087939149259,,
Docking-44,500,52,0.9839677404963129,0.9839220560224463,8.284771675414989,8.662884183020754,0.9934195064629847,0.9409615939049355,,
Docking-44,500,53,0.9741610146659136,0.9743427319960312,8.553263739939341,8.989799601690372,0.9905250788545983,0.9302301228806704,,
Docking-44,500,54,0.9799916745964238,0.9799105113021763,8.801232328064982,9.20637594905037,0.9932710742779393,0.9360088904029875,,
Docking-44,500,55,0.9807914292922026,0.980730379640033,8.563059569262721,8.975646987553912,0.9927886696765416,0.9514121217546541,,
Docking-44,500,56,0.9825269998890488,0.9825999419624329,8.948225494294004,9.37192971369945,0.9924175892139279,0.942161604306185,,
Docking-44,500,57,0.960288044647466,0.9599559498481431,8.912254622333244,9.302503707316173,0.9883604428226854,0.899300906502668,,
Docking-44,500,58,0.9830567441775416,0.983044922628921,9.773997825341526,10.238116386652518,0.9884222895664543,0.9095585103451007,,
Docking-44,500,59,0.9841099250936926,0.984215185069781,8.016278753495213,8.417479566320873,0.9954109716123446,0.9524727779820233,,
Docking-44,500,60,0.9733634995440942,0.9734023802489703,10.286426999610981,10.797487545563392,0.9857999876306512,0.8931458738646118,,
Docking-44,500,61,0.9773529461896641,0.9773479567590712,8.786225365373124,9.194720892311746,0.9938153256231059,0.9511787621287164,,
Docking-44,500,62,0.9771093003872158,0.9772493021087112,9.503382285206563,9.95241819493025,0.9918362298224999,0.9406587525548409,,
Docking-44,500,63,0.9838715380376929,0.9837806085000405,8.335803550572365,8.746482486494932,0.9972787432741667,0.9757697218930718,,
Docking-44,500,64,0.9747534386762302,0.9749011088123584,9.261131597246392,9.729279304570417,0.9885212443564846,0.9191103345170376,,
Docking-44,500,65,0.981632516884598,0.9817214194660719,8.399718364698566,8.823275377350484,0.9920217700538067,0.9265460471021136,,
Docking-44,500,66,0.9740678880778582,0.9741169744362199,8.229310283145637,8.629862957840828,0.9901416290432309,0.9142998106268759,,
Docking-44,500,67,0.9674922154429041,0.9676502188031865,8.999463533063457,9.408791375430932,0.9842290803389202,0.9055358886977884,,
Docking-44,500,68,0.9731088826641487,0.9730936734055516,9.680152966837115,10.135762413835563,0.982311831282083,0.9052938571430906,,
Docking-44,500,69,0.9748691310981037,0.9749252763667928,10.012534914707995,10.523494302511407,0.9898571340218938,0.9226294612073082,,
Docking-44,500,70,0.9835445602396314,0.9835145244344428,8.42360945475247,8.828058538760068,0.9918485991712537,0.928447716996182,,
Docking-44,500,71,0.9731308248191427,0.9731186063839975,9.186059548540396,9.619864298202776,0.9858247263281589,0.8977774064959955,,
Docking-44,500,72,0.9783688197725179,0.9785015641404236,8.9194223179957,9.383005012986738,0.9930484260003711,0.9379818091167794,,
Docking-44,500,73,0.9754674091846557,0.9754343116834213,9.085179120975342,9.521715662267631,0.9921454635413446,0.9376781501082925,,
Docking-44,500,74,0.9780667607783837,0.978063217148701,8.995948386229948,9.448948939327437,0.9890902343991589,0.9199251879423324,,
Docking-44,500,75,0.9694197231978718,0.9694806169303357,9.408094106801746,9.858373392193533,0.9928999938153257,0.9384555634474148,,
Docking-44,500,76,0.9701342465125278,0.9704589989111488,7.767303422975476,8.174061324333877,0.9932092275341703,0.9524836671014122,,
Docking-44,500,77,0.9800829584970444,0.9801483455519454,8.907889412536411,9.347910536171804,0.994223514131981,0.9551133366319274,,
Docking-44,500,78,0.9633596345071995,0.9631724599873711,9.139882612777958,9.557533869020732,0.9862576535345414,0.8894402691876702,,
Docking-44,500,79,0.9741226725927494,0.9742177410898708,8.796307866989661,9.23509371214531,0.9892262972354505,0.9166833784772722,,
Docking-44,500,80,0.978288577821988,0.9782599736431911,8.95107316963237,9.380144401683205,0.9905621869008596,0.9276122465313483,,
Docking-44,500,81,0.9801019665266613,0.9800676641913348,8.91808877165559,9.328305556799824,0.9950769991959924,0.9592648405720826,,
Docking-44,500,82,0.9740613536247239,0.9740073345338441,8.6164455316813,9.000990122335876,0.9877790834312573,0.9088826938501718,,
Docking-44,500,83,0.9793438423923921,0.9792986398521626,8.670787348603612,9.080854190883837,0.9915764734986703,0.9306237559475586,,
Docking-44,500,84,0.9791351367786129,0.9791115929030026,8.861461710312026,9.293374167268995,0.9944832704558105,0.953733676082671,,
Docking-44,500,85,0.9759240554800586,0.9757355769045069,8.647243095325235,9.038821033610104,0.9907353577834127,0.9231069566261592,,
Docking-44,500,86,0.9815015868550898,0.9815966128286551,8.364551452100766,8.767541118571888,0.9954851877048674,0.9583406656068766,,
Docking-44,500,87,0.9820363772722505,0.9820354559285331,8.938869446060556,9.368009024456375,0.993456614509246,0.9449427654449866,,
Docking-44,500,88,0.9790768086340393,0.9790311383346917,8.106790685419043,8.509208465825933,0.993988496505659,0.9404034669100491,,
Docking-44,500,89,0.9719727524643906,0.9719371602478598,8.921287829706488,9.338413284168745,0.9850825654029315,0.881273905128489,,
Docking-44,500,90,0.9774657470097168,0.9773783327527095,9.358316403686196,9.809592317180263,0.9932834436266931,0.9487202469952467,,
Docking-44,500,91,0.9805157632519433,0.9805074286349305,8.51622582654374,8.9460378008887,0.9926402374914961,0.9265957446626075,,
Docking-44,500,92,0.9605166371110232,0.9603440623454865,9.661086364162285,10.094113198861892,0.9911559156410416,0.9286890239044022,,
Docking-44,500,93,0.9786737845429919,0.978787761848099,9.207881506467299,9.656214980203758,0.9924918053064506,0.9536667194022463,,
Docking-44,500,94,0.9779504588522048,0.9781045642198363,9.58174055199558,10.10738326512784,0.9893994681180036,0.9204132814798686,,
Docking-44,500,95,0.9789796848317022,0.9789502585308189,8.183638341913884,8.56100411846319,0.9948914589646856,0.9557571194275644,,
Docking-44,500,96,0.9757714242623747,0.9756358591652418,9.620897949787766,10.057944981508705,0.9927268229327726,0.9444711238940733,,
Docking-44,500,97,0.9701409794089245,0.9702829088649669,9.690366908255388,10.14412383929707,0.9831405776485868,0.8905895067746826,,
Docking-44,500,98,0.9773030377092163,0.9773095579878319,9.295752254623102,9.747628203278454,0.9888923248190983,0.9214771835545853,,
Docking-44,500,99,0.9747787260176444,0.9747355362590744,8.180159256780703,8.567177892337973,0.9887686313315603,0.8978255182146846,,
Docking-44,1000,0,0.9889297150464607,0.9888832509740638,9.259479927907593,9.487541890043062,0.9949656750572082,0.9633217420178625,,
Docking-44,1000,1,0.9900485381588497,0.990079580354868,8.787382110820667,9.007531090626237,0.9969571402065681,0.974817920244271,,
Docking-44,1000,2,0.9855644858567182,0.9855387307561858,9.968052011808663,10.201810254018678,0.9950275218009772,0.9577946527768845,,
Docking-44,1000,3,0.9874006388384716,0.9873597311774172,9.462553817900256,9.682138347205234,0.9946440719896098,0.9611990281920444,,
Docking-44,1000,4,0.9885361170103684,0.9885361311848871,9.419915227370556,9.634296940587168,0.9961655018863257,0.9695363897006727,,
Docking-44,1000,5,0.989422903251149,0.9894262767866068,8.850790585781759,9.070979587711157,0.9973653287154431,0.9764379964787645,,
Docking-44,1000,6,0.9878013383084474,0.9878040031179689,9.557909354582174,9.796474440139706,0.9940503432494279,0.9569386740750064,,
Docking-44,1000,7,0.988089123562221,0.9881126390887939,8.735935130314699,8.952450907388162,0.996202609932587,0.9669969286157445,,
Docking-44,1000,8,0.9914938713101822,0.99147871874966,8.950088554488136,9.165731157089489,0.9966602758364772,0.972833635806594,,
Docking-44,1000,9,0.9874951545293628,0.9874715539556775,9.916451107847227,10.169042795295786,0.9922567876801286,0.9403210341926882,,
Docking-44,1000,10,0.9825795306554617,0.9825233995612913,9.57394058710292,9.79795457353638,0.9950151524522234,0.9583896172483081,,
Docking-44,1000,11,0.9884265338060676,0.9885408938231804,9.072589946556063,9.296833168428655,0.9969200321603068,0.9745912254937895,,
Docking-44,1000,12,0.9887322923495905,0.9887506483513456,8.937917011758088,9.151706344565104,0.996845816067784,0.9675261076290781,,
Docking-44,1000,13,0.9902686117366503,0.9902591289836199,8.971372327779903,9.183717438741906,0.9985156781495454,0.9890059353980707,,
Docking-44,1000,14,0.9874266632548598,0.9874400723495783,9.339324942581412,9.565499094229537,0.996202609932587,0.9683817942339656,,
Docking-44,1000,15,0.986550493728608,0.9865257733679431,8.643894543651408,8.83938570966146,0.9948296122209166,0.9630617053883544,,
Docking-44,1000,16,0.9909231768370784,0.9909534394345672,8.930252023198806,9.14895697436232,0.9967097532314924,0.9714749891216016,,
Docking-44,1000,17,0.9846403355845657,0.9846246585668504,9.054496358186494,9.26469977679046,0.9930360566516173,0.9450347616668906,,
Docking-44,1000,18,0.9894907283232715,0.9895121176720351,8.562366275725427,8.770992816575427,0.9964747356051704,0.9678860480860234,,
Docking-44,1000,19,0.98723079975505,0.9873826797232409,9.902011151893758,10.152372071546983,0.9936050466942915,0.9486137453862213,,
Docking-44,1000,20,0.9901227984624756,0.9901380218955915,9.066938681009987,9.27750735000456,0.9949038283134393,0.9589336093508248,,
Docking-44,1000,21,0.9834990458599897,0.9834726529061145,8.503569603606225,8.69477809938712,0.9948667202671779,0.9573254276861032,,
Docking-44,1000,22,0.9863198034362789,0.9863504629202916,9.637214343794406,9.868406421085975,0.9957696827262045,0.9679389351132671,,
Docking-44,1000,23,0.9895147683070374,0.9895424936656733,9.464980809134088,9.682772441684577,0.9948667202671779,0.9612889790501729,,
Docking-44,1000,24,0.9861468317842177,0.9862585695153656,8.931909601468696,9.15458295501386,0.9949038283134393,0.9559109072151638,,
Docking-44,1000,25,0.9886386838278981,0.9886509589611183,9.329981923009598,9.552647713418141,0.9961531325375719,0.969514684234564,,
Docking-44,1000,26,0.9905401246429216,0.9905159996120434,8.793812028186919,9.00358325100211,0.9977982559218257,0.9795202145902289,,
Docking-44,1000,27,0.9900555261965835,0.9900519683923822,9.509962615365206,9.743507656880949,0.995151215288515,0.9607933065367563,,
Docking-44,1000,28,0.9863722916791356,0.9863393075740511,9.535282614803549,9.758506633203256,0.9974519141567196,0.9784107910033085,,
Docking-44,1000,29,0.9863552255585848,0.9862681940135833,9.808137800852057,10.037972394667598,0.9964005195126476,0.9703656148217442,,
Docking-44,1000,30,0.990845911535482,0.9908619003926092,8.89018312313342,9.103673971441243,0.995856268167481,0.9654184165496023,,
Docking-44,1000,31,0.9894843781388805,0.9894893392204361,8.54462069580391,8.752132930137591,0.9939390191106439,0.9505140275989115,,
Docking-44,1000,32,0.9888866953821153,0.9888577084913127,9.302756715168705,9.539864509533277,0.9959057455624961,0.964816526183603,,
Docking-44,1000,33,0.9888371270901168,0.9888342071392584,9.236922070798842,9.454452351186362,0.994508009153318,0.9536732483552338,,
Docking-44,1000,34,0.9807121228599089,0.9807680413362982,9.794369013962044,10.019942916557214,0.9846743768940566,0.9111520409127093,,
Docking-44,1000,35,0.9885262940688885,0.9885120203285277,9.493243373368728,9.717728649825954,0.9985898942420681,0.9893788079570612,,
Docking-44,1000,36,0.9872091836139869,0.9872470154044769,8.514894201681932,8.720801923479398,0.9951141072422537,0.9608143097959653,,
Docking-44,1000,37,0.9871840663667976,0.9871527832039605,9.096182484393879,9.304029217768385,0.9970684643453522,0.9773032001250085,,
Docking-44,1000,38,0.9911471200584924,0.9911312871210711,9.112246751986627,9.3332915746154,0.9986146329395758,0.9864962848579001,,
Docking-44,1000,39,0.9847388343152198,0.9846630715126085,9.772485726955829,10.009127255432492,0.9915022574061476,0.9397314357155562,,
Docking-44,1000,40,0.9870305138053965,0.987063965669599,8.361709667412986,8.564919851230773,0.9947801348259014,0.9533647370623324,,
Docking-44,1000,41,0.9883457107002697,0.9883700199998915,8.995708048438198,9.203613458617276,0.9952996474735605,0.9597244188542636,,
Docking-44,1000,42,0.9881616120510055,0.9881387202032569,8.858030861166004,9.062619058134972,0.9958315294699734,0.9610806497577429,,
Docking-44,1000,43,0.9838865346785092,0.983859617267441,9.781482947138619,10.003543276132818,0.9957696827262045,0.9685463321526132,,
Docking-44,1000,44,0.9885571236471262,0.9886892301616891,9.446212277501775,9.677844813075495,0.9926402374914961,0.9511655478710551,,
Docking-44,1000,45,0.9690026238097256,0.9689626516669074,8.97115414301584,9.158263332386634,0.9913290865235945,0.9328008714754692,,
Docking-44,1000,46,0.9883188358127578,0.9884049743630793,9.184287647404574,9.410874276103563,0.9951017378934999,0.9671959627321752,,
Docking-44,1000,47,0.9882209607609278,0.9882203796056598,8.8898792572582,9.09941512069341,0.9948790896159317,0.9600886673810919,,
Docking-44,1000,48,0.9847763259172603,0.9848945555779864,9.198404676833208,9.428011958520804,0.9939761271569052,0.9553456764234376,,
Docking-44,1000,49,0.9856259749189686,0.9856349190402873,10.02167732263727,10.255487636488184,0.9932958129754469,0.9497015136060462,,
Docking-44,1000,50,0.9889971999301338,0.9889429682214731,9.596400407767103,9.826754498555752,0.9942606221782423,0.9542798952890703,,
Docking-44,1000,51,0.9881842204083799,0.9882526833338452,8.561202217392362,8.783817627944684,0.9940874512956893,0.935086928346143,,
Docking-44,1000,52,0.9903674648302726,0.9903766924419659,9.471431844610672,9.702735517945419,0.9962768260251098,0.9685813347753689,,
Docking-44,1000,53,0.9867985903299377,0.9867806737382631,9.9350651078208,10.17918963682544,0.9966850145339848,0.9746313634215067,,
Docking-44,1000,54,0.9900995097282025,0.9901311047304513,9.29145443631702,9.519655003909135,0.9949409363597007,0.9634043496350834,,
Docking-44,1000,55,0.9854080842170525,0.9854687369826977,9.735620762698108,9.969265849062339,0.9926526068402498,0.9515630386480114,,
Docking-44,1000,56,0.9867913188018294,0.9867836503871963,8.488240122695185,8.687207949823055,0.9951264765910075,0.9556574752061557,,
Docking-44,1000,57,0.9890323669111024,0.9890515025113881,9.13316574355927,9.360713309400522,0.9964005195126476,0.970135274412777,,
Docking-44,1000,58,0.9850593910562967,0.985111907648191,9.861664731271668,10.112100064629185,0.9954975570536211,0.9634799437303628,,
Docking-44,1000,59,0.9887841427391045,0.9888504086141668,8.787984185025483,9.0096776758124,0.9960047003525264,0.970535858756327,,
Docking-44,1000,60,0.9863184993805557,0.986256712653412,9.576838409372105,9.801175722049713,0.9961531325375719,0.9688643816521253,,
Docking-44,1000,61,0.9874255718169177,0.9874057416652146,8.804591756141509,9.008990430855835,0.9961655018863257,0.969723738519087,,
Docking-44,1000,62,0.9899443979697409,0.9899810532751766,8.394145909716723,8.597337864549685,0.9968087080215227,0.9740003916037532,,
Docking-44,1000,63,0.9856979814741165,0.9856219777046868,9.89789152566637,10.129033117391614,0.9899437194631703,0.9243309556246843,,
Docking-44,1000,64,0.9897088741665249,0.9897197318478722,9.384827291991284,9.61777479425572,0.9950646298472385,0.9548358053126781,,
Docking-44,1000,65,0.9910951279237911,0.991116077862474,8.589983928136038,8.787627397026133,0.9976127156905189,0.9793226141492426,,
Docking-44,1000,66,0.990204231072579,0.9902393980535477,8.783275262087267,8.99397617949009,0.9979961655018863,0.9830130917799725,,
Docking-44,1000,67,0.9888678432722047,0.9888941228299298,9.167319506294843,9.39278220100745,0.9951759539860227,0.963874534611945,,
Docking-44,1000,68,0.9868633820550521,0.986874877589742,9.36801341805042,9.591997508984006,0.9947553961283938,0.9601118736639169,,
Docking-44,1000,69,0.9856289090443456,0.9855771720509814,9.43213699299981,9.663643854880268,0.9965489516976931,0.972481785406541,,
Docking-44,1000,70,0.9886588399935319,0.9887091311859858,8.427834718527324,8.64339894125152,0.9976993011317954,0.9795748212086552,,
Docking-44,1000,71,0.9843365898227026,0.9842986446360626,9.403280574231973,9.614426602121165,0.997662193085534,0.9832487462039191,,
Docking-44,1000,72,0.9892227732212013,0.9891786621189139,9.24751391731849,9.460492518879555,0.9948790896159317,0.9608717507719604,,
Docking-44,1000,73,0.9891526377025257,0.9891487680589127,8.243700099568139,8.435726947841795,0.9951141072422537,0.9486122527103442,,
Docking-44,1000,74,0.9897790238597193,0.9897618868665747,8.73605322290272,8.951589774723137,0.99555940379739,0.9638483486817571,,
Docking-44,1000,75,0.9911942078097132,0.9912621462779857,8.3648888067532,8.57145680021655,0.9960665470962954,0.9626325756116921,,
Docking-44,1000,76,0.9889510193481115,0.988981437865306,9.159019144946273,9.383567430737012,0.9976498237367802,0.9785611009199775,,
Docking-44,1000,77,0.9868019638653954,0.9868630560411211,9.126014271513341,9.342923245551367,0.9921454635413446,0.9404979544505313,,
Docking-44,1000,78,0.9803843938123546,0.9803855277738532,8.256761281440061,8.442305879855205,0.9969324015090606,0.9741074420473923,,
Docking-44,1000,79,0.9818869778448372,0.9818260415888174,9.76795844214735,9.988083304464269,0.9951141072422537,0.9605329612687378,,
Docking-44,1000,80,0.9788643325982781,0.9788836808163445,10.307627065982356,10.562680797140167,0.9921454635413446,0.9391823938132726,,
Docking-44,1000,81,0.9852354385789222,0.9851710295658134,9.706276143956893,9.932783345700841,0.9962273486300947,0.968373046285067,,
Docking-44,1000,82,0.9880770326977443,0.9881045170895616,9.184607884533113,9.405995735085925,0.995621250541159,0.9641657783992315,,
Docking-44,1000,83,0.9910493867518496,0.9910788272272518,8.64093821897122,8.851573823839098,0.9966973838827385,0.9696663153025055,,
Docking-44,1000,84,0.9835122990350021,0.9836051421326831,9.737866761078152,9.980345803177245,0.9905003401570908,0.9342522234674521,,
Docking-44,1000,85,0.9853778641431202,0.9854150013821925,8.87812937974966,9.094528532336039,0.9971303110891212,0.9768459950316889,,
Docking-44,1000,86,0.9884242658830708,0.9884059949284278,9.243791273740815,9.468597987219017,0.9966355371389697,0.9704303623855992,,
Docking-44,1000,87,0.9883293107820993,0.9883250867755174,9.150869283611188,9.370001260364791,0.9960541777475416,0.9623661002952895,,
Docking-44,1000,88,0.9857700447273394,0.9858029012617553,9.075050704818738,9.29911293403419,0.9928134083740491,0.9341456028995461,,
Docking-44,1000,89,0.9871161278985251,0.9871145687014647,9.027791203553587,9.2349497814282,0.9964499969076628,0.9725258064672968,,
Docking-44,1000,90,0.9855692910185677,0.9855321537794953,9.207101951424372,9.41882747054715,0.9944214237120416,0.950689085073169,,
Docking-44,1000,91,0.9626749343799512,0.9627250413036614,10.589623502796805,10.840771562376586,0.984006432061352,0.897200165057775,,
Docking-44,1000,92,0.9867197516567621,0.9866963495263389,9.229514421114573,9.458989994802147,0.9971797884841364,0.9751245889258301,,
Docking-44,1000,93,0.9874674433452458,0.9874354656309912,9.29765044361758,9.515780022996653,0.9950646298472385,0.9515193334332678,,
Docking-44,1000,94,0.9758380728494428,0.9757590640820423,9.845315191153356,10.071573296904663,0.9879151462675491,0.8996263343796398,,
Docking-44,1000,95,0.9900692754797515,0.9900675178394289,8.588286682833905,8.796205604208213,0.9943472076195188,0.9476317739451579,,
Docking-44,1000,96,0.9910843836385937,0.9911393240731909,9.335331258746406,9.565204219832339,0.9961778712350795,0.970749728324453,,
Docking-44,1000,97,0.978898195523524,0.9787810998242962,9.763378850928875,9.983655084051176,0.9953862329148371,0.9644163958978507,,
Docking-44,1000,98,0.989416708986464,0.9894215566718696,9.258007691868078,9.479426862450726,0.9953738635660833,0.9573203509146428,,
Docking-44,1000,99,0.9823746946852959,0.9823807046812376,10.113358784074965,10.35842507106269,0.9926649761890036,0.9451653175892767,,
Docking-44,2000,0,0.9941763139327048,0.9941717213886364,9.490302784248412,9.605003045490076,0.9989733440534356,0.990656759677173,,
Docking-44,2000,1,0.9949567345849363,0.9949801508898778,9.202336185458629,9.317699595561436,0.999010452099697,0.9919465960846129,,
Docking-44,2000,2,0.9951129094323022,0.9951176011980019,9.079552094928442,9.188291855091244,0.9981940750819469,0.9839692974790946,,
Docking-44,2000,3,0.9939300600188102,0.9939072815672111,9.711708685669105,9.828482629038998,0.9985156781495454,0.9873542163108978,,
Docking-44,2000,4,0.993941031096307,0.9939324980360317,9.60412587451461,9.718503101788913,0.9984909394520378,0.9873876177720968,,
Docking-44,2000,5,0.9921738229736559,0.9921751695529352,9.638960688238361,9.754291614677618,0.9970560949965984,0.9760903252881853,,
Docking-44,2000,6,0.9954492991108004,0.9954509575294918,9.211182619870904,9.321359392752353,0.997959057455625,0.9842014164320319,,
Docking-44,2000,7,0.9899277854337897,0.9899158079654627,9.772860682789835,9.89068778519443,0.9964252582101553,0.9715595563373812,,
Docking-44,2000,8,0.9952737476963305,0.9952571635094165,9.038713002739676,9.147960173748773,0.997897210711856,0.9805232334155344,,
Docking-44,2000,9,0.9938347505548702,0.9938456507597736,9.292222667317828,9.398271163205429,0.9987878038221287,0.9896539534662621,,
Docking-44,2000,10,0.9952177583473474,0.9952172197156356,9.145215116843552,9.256443186808166,0.9982806605232235,0.9876267188510272,,
Docking-44,2000,11,0.9954388666650151,0.9954534380702696,9.557147438219332,9.67237993913665,0.9982806605232235,0.9858921277041744,,
Docking-44,2000,12,0.9931879105671495,0.9932180455939694,9.201019435281841,9.316077996863166,0.9979219494093636,0.9840957163315253,,
Docking-44,2000,13,0.9925417367818092,0.9925373143319657,9.368108027404485,9.478857947231402,0.9972045271816439,0.9768828346212438,,
Docking-44,2000,14,0.9947273341738113,0.9947196515846597,8.728787919914858,8.834441570280399,0.9984414620570227,0.9867160375587606,,
Docking-44,2000,15,0.9949830991897738,0.9949812565023388,9.143986610058429,9.252828573899773,0.9986022635908219,0.9897029274195114,,
Docking-44,2000,16,0.9930296945890864,0.9930499358018327,9.149060342343361,9.263549802633321,0.9987259570783599,0.9885861934586462,,
Docking-44,2000,17,0.9928825205611139,0.9928918190454006,9.042970457813043,9.14845298825413,0.9970684643453522,0.9752110591771691,,
Docking-44,2000,18,0.9959098292243352,0.9959188867418034,9.139455320292663,9.254294345101497,0.9994557486548333,0.9949374841645426,,
Docking-44,2000,19,0.9956412646179597,0.9956601025533515,9.317468634570071,9.430623192104937,0.9985033088007916,0.9862973008806492,,
Docking-44,2000,20,0.992117294992961,0.9920924470616275,9.433021885477773,9.544507848577316,0.9982806605232235,0.9852528025286412,,
Docking-44,2000,21,0.9964042222631156,0.9964245768720117,8.90724987175759,9.013573511714881,0.999010452099697,0.9914572552226895,,
Docking-44,2000,22,0.993674436748035,0.9936573281039278,9.783793410423657,9.904817365901776,0.9987012183808522,0.9893275760305718,,
Docking-44,2000,23,0.9955139490907275,0.9955139349162088,9.346645042431398,9.460618078010238,0.9991588842847424,0.9915034200974799,,
Docking-44,2000,24,0.9948989450720743,0.9948915459732973,9.786871247010943,9.900857432637642,0.9981198589894242,0.9855650582915497,,
Docking-44,2000,25,0.9942254286401041,0.9942295959486104,9.217454661973598,9.324157291575043,0.9974148061104583,0.9784169220861927,,
Docking-44,2000,26,0.9960441044402636,0.9960492072670062,8.99874944192896,9.109308876576133,0.9986393716370833,0.9870671878567838,,
Docking-44,2000,27,0.9941457961938793,0.9941639395778537,9.026335806252808,9.137588557299145,0.9969200321603068,0.9750686470433807,,
Docking-44,2000,28,0.9954593771936173,0.9954811917779427,8.788715761671925,8.892573637810537,0.9983548766157462,0.9863712009906861,,
Docking-44,2000,29,0.9948443306514079,0.9948378670708671,9.534890149971222,9.64930165971104,0.9983796153132538,0.9883866762163547,,
Docking-44,2000,30,0.9925455497273475,0.992593020190574,9.040229079376424,9.152874209805278,0.9972787432741667,0.9799430078705397,,
Docking-44,2000,31,0.9908158757302931,0.9908178034648407,9.446487150332946,9.56093434289808,0.9992578390747727,0.9941168237458438,,
Docking-44,2000,32,0.9945456735417688,0.9945155526894678,9.747574907459937,9.866024590977203,0.9984414620570227,0.9858781275609662,,
Docking-44,2000,33,0.9951743559709965,0.9951770349550364,9.246498086643898,9.356425635404177,0.9975756076442576,0.9814127612857934,,
Docking-44,2000,34,0.9957812096413798,0.9957816207024232,9.287118674807969,9.400979890558082,0.9982435524769621,0.9863275806037483,,
Docking-44,2000,35,0.9959712615885105,0.9959864566725889,8.931900322818207,9.04151669338403,0.9992578390747727,0.9940472359750786,,
Docking-44,2000,36,0.9937326798454961,0.9937253232702755,9.348878539026941,9.46121069521301,0.9958438988187271,0.9646750847398782,,
Docking-44,2000,37,0.9937907386742139,0.9938262033200762,8.785354402395303,8.89116257927567,0.9978601026655947,0.9820918245958488,,
Docking-44,2000,38,0.9966866353742903,0.9966901223058978,8.976105641152639,9.084377821807895,0.9991094068897273,0.9925159307881173,,
Docking-44,2000,39,0.9946374393760262,0.9946305505599234,9.602796040351205,9.717056307043162,0.9992207310285114,0.993497106299781,,
Docking-44,2000,40,0.9935608421549336,0.993539991437882,8.960733707742568,9.068413055444072,0.9975508689467499,0.9794400885947426,,
Docking-44,2000,41,0.9937175131104552,0.9936920698493349,9.434722450066971,9.5455753743332,0.9970189869503371,0.9751907031871341,,
Docking-44,2000,42,0.9942336356864487,0.994258426919707,8.762685036079366,8.872567123138822,0.9984909394520378,0.9876779524683227,,
Docking-44,2000,43,0.995626707387224,0.9956556942780267,9.1439145994142,9.257376405850815,0.9983796153132538,0.9859697920974042,,
Docking-44,2000,44,0.9947765622773601,0.9947553288483029,9.647789047548034,9.76587015176768,0.9981445976869318,0.9835304664889395,,
Docking-44,2000,45,0.9896238128796266,0.9896029763370937,10.164255510490216,10.284949059385443,0.9968581854165378,0.97442559754734,,
Docking-44,2000,46,0.9947150165170349,0.9947116146325397,9.383508173174357,9.496022860422384,0.9976498237367802,0.9809091244231921,,
Docking-44,2000,47,0.99513123708502,0.99512677211162,9.136768266415212,9.243673820653958,0.9992578390747727,0.99358988220774,,
Docking-44,2000,48,0.9943034877147495,0.9943495265515842,8.49000832528312,8.594272755032282,0.9992578390747727,0.9935564736211986,,
Docking-44,2000,49,0.9942649613728417,0.994279688697802,9.307430907882111,9.418529410949038,0.997489022202981,0.9793946289632431,,
Docking-44,2000,50,0.9947906659234964,0.9947808004584605,9.272857894987249,9.381491870454207,0.9974642835054734,0.979116261229714,,
Docking-44,2000,51,0.9948518856698911,0.9948620629743389,8.950962210573174,9.059276678446448,0.9982559218257159,0.9850156988909011,,
Docking-44,2000,52,0.9935326632116984,0.9935435917656392,9.176643884836425,9.291470387827692,0.996610798441462,0.9746009186734861,,
Docking-44,2000,53,0.9949394983701606,0.9949801650643966,9.054136385346034,9.16727336696546,0.9992083616797576,0.9932732233048918,,
Docking-44,2000,54,0.9941643222898594,0.9941589076237045,8.731037094478092,8.838480449853705,0.9955470344486362,0.9586816092866173,,
Docking-44,2000,55,0.9926716178969315,0.9926757285073631,9.54524144015267,9.660913956245432,0.997489022202981,0.9798325736447792,,
Docking-44,2000,56,0.9963026051383409,0.9963104011236424,9.181662782922515,9.29273585241765,0.9998144597686932,0.9984378166352841,,
Docking-44,2000,57,0.9956756094768421,0.9956647376209761,9.212069818412216,9.324665034732979,0.9988496505658977,0.9904362485502062,,
Docking-44,2000,58,0.9930367251503764,0.9930393190873039,9.386953807011679,9.499462256564485,0.9981817057331931,0.9841234699539987,,
Docking-44,2000,59,0.9960361383607372,0.9960454793685805,9.153936315414938,9.263311289876127,0.998305399220731,0.9865463700262748,,
Docking-44,2000,60,0.9941013307286237,0.9941060933669169,8.862978600902014,8.966896585769883,0.9986764796833447,0.9894873244060316,,
Docking-44,2000,61,0.994292289844953,0.9942832748510406,9.276452906337745,9.387090693764947,0.9976993011317954,0.9807238144984459,,
Docking-44,2000,62,0.9934451922566163,0.9934746185574994,8.735253971984333,8.840044572084182,0.9989980827509432,0.9909867068818665,,
Docking-44,2000,63,0.99504139898531,0.9950339148394205,9.586661144102942,9.69979235663011,0.997897210711856,0.9846946132568289,,
Docking-44,2000,64,0.9921843121175161,0.9921761334202088,9.590118547689634,9.70335053147682,0.9964747356051704,0.9694411163951168,,
Docking-44,2000,65,0.9949778546178436,0.9949969902181293,9.30835702830435,9.422901391742236,0.9988001731708825,0.99064046705548,,
Docking-44,2000,66,0.9940578716541977,0.9940933504745787,9.218905318744666,9.331952487378159,0.998948605355928,0.9912324677346273,,
Docking-44,2000,67,0.9957069351632354,0.995736857572274,8.753799555378809,8.86156891731142,0.9986888490320984,0.9890927551375032,,
Docking-44,2000,68,0.9949577551502846,0.9949946655970573,9.14616221019567,9.262585255888014,0.9986764796833447,0.9892364378584299,,
Docking-44,2000,69,0.9928394016751373,0.9928515067141327,9.755974279946255,9.877068626323444,0.9976745624342879,0.982701595397425,,
Docking-44,2000,70,0.9944882525663941,0.9945009812842133,8.6504575999326,8.755996050899585,0.9982188137794545,0.983777924959707,,
Docking-44,2000,71,0.9959442733048488,0.9959532316006862,9.560710926910447,9.67750085270069,0.9988249118683902,0.9904779013477218,,
Docking-44,2000,72,0.9942752662479585,0.9942880658383715,9.315947485985467,9.43488167045294,0.9981445976869318,0.985029934303802,,
Docking-44,2000,73,0.9947029256525585,0.9947060015231227,9.322501716556616,9.433984299944266,0.9970066176015833,0.971987873264542,,
Docking-44,2000,74,0.9932942619811801,0.9933048928702276,9.515283771327365,9.628423363283302,0.9957573133774507,0.9645847536668506,,
Docking-44,2000,75,0.9923478860636591,0.9923583752075193,8.785058799650692,8.893241272194738,0.9975013915517348,0.9800861474592277,,
Docking-44,2000,76,0.9916969354655067,0.9917048873705143,9.554347028807074,9.675672896397199,0.9986764796833447,0.9881581869315434,,
Docking-44,2000,77,0.994969378255643,0.9950030994357016,8.538039879559452,8.640818923412967,0.9968952934627991,0.970728038689391,,
Docking-44,2000,78,0.991262911701997,0.9912374967899144,9.540050402473632,9.651685703613088,0.9955965118436514,0.9708932371015294,,
Docking-44,2000,79,0.9913088796662382,0.9912976534474041,9.525783987349525,9.63415582466471,0.9975879769930113,0.9789698493893738,,
Docking-44,2000,80,0.9946744773934675,0.9946975676844784,8.847995797399662,8.954876862327396,0.9985033088007916,0.9885071758031969,,
Docking-44,2000,81,0.9959315871105854,0.9959354425796801,9.014486400952517,9.123483831331948,0.9980703815944091,0.9828228292860868,,
Docking-44,2000,82,0.9937164074979944,0.9937185053267663,9.450469844033435,9.562542120921702,0.995621250541159,0.9691142927247295,,
Docking-44,2000,83,0.9946900551895518,0.99465413695909,9.132557148603444,9.24191045536456,0.9985280474982993,0.9878145255047659,,
Docking-44,2000,84,0.9948282567471681,0.9948396955837833,8.748608678758245,8.853585796791757,0.9976127156905189,0.9811673921572669,,
Docking-44,2000,85,0.993809363991825,0.9938015680065234,9.549875490640774,9.665113548745412,0.9980332735481476,0.9853069822508392,,
Docking-44,2000,86,0.9948728639576112,0.9948685407293986,9.217942805395753,9.328962764566812,0.9982806605232235,0.9862901567514807,,
Docking-44,2000,87,0.9913738981836522,0.9913613962581325,10.133236244225776,10.254064977922352,0.9926897148865113,0.94804556750658,,
Docking-44,2000,88,0.9959449395072291,0.9959675336900845,8.898756156301129,9.007634915500969,0.9994433793060795,0.9943769174091828,,
Docking-44,2000,89,0.9947421040223277,0.9947346907490321,9.023280220881885,9.131347523898881,0.9987259570783599,0.989270510992349,,
Docking-44,2000,90,0.9922244968781153,0.9922048509951557,9.869750213918806,9.98635421030797,0.9970066176015833,0.9749861382157832,,
Docking-44,2000,91,0.9927330786101443,0.99274942183024,8.774119371373095,8.875949163292407,0.9962397179788484,0.9639619836171943,,
Docking-44,2000,92,0.9941920192994574,0.9942223811185771,8.948167460061464,9.056264551606441,0.9972911126229204,0.9757298480759966,,
Docking-44,2000,93,0.9954333102536731,0.9954594764152486,8.895008881998304,9.0034855191585,0.9976374543880264,0.9782747591722322,,
Docking-44,2000,94,0.9950835823530501,0.9950607472033761,8.966791577664285,9.069495896514585,0.9992331003772651,0.9934451599528363,,
Docking-44,2000,95,0.9931656849217811,0.9931836865605682,9.148957504163315,9.260655441245484,0.997662193085534,0.9802980435309258,,
Docking-44,2000,96,0.9913849401337429,0.9913810988391671,9.746238985173617,9.861781180676251,0.9966973838827385,0.9734021029459975,,
Docking-44,2000,97,0.9945503369584309,0.9945748305267962,9.103353454728895,9.214995206238118,0.9988991279609128,0.9901922506256354,,
Docking-44,2000,98,0.9950209876783388,0.9950135885795617,9.380649705078513,9.490620548024708,0.9984167233595151,0.9857446977684493,,
Docking-44,2000,99,0.9937945657942711,0.9937796542005672,8.983294072368277,9.085153935778088,0.9971179417403674,0.9770648816227554,,
Docking-44,5000,0,0.9984970616045491,0.9984965796709121,9.2873022138467,9.331015689940301,0.9992083616797576,0.9931854604942929,,
Docking-44,5000,1,0.9985287841774665,0.9985248294867409,9.36519697801949,9.410080819156253,0.9995052260498485,0.9957747781365076,,
Docking-44,5000,2,0.9979106334156552,0.9979128446405772,9.235175616259388,9.27954780241318,0.9990846681922196,0.992415352039546,,
Docking-44,5000,3,0.9984213413254939,0.9984275355901788,9.19494430429476,9.239506871990699,0.999591811491125,0.9963930918102989,,
Docking-44,5000,4,0.9972856363612973,0.9972757141981866,9.47992543565662,9.524355644500979,0.9992331003772651,0.993856178626447,,
Docking-44,5000,5,0.9985520445627024,0.9985479623013082,9.333265461402675,9.377494270049343,0.9991341455872348,0.992998142494612,,
Docking-44,5000,6,0.998156674711769,0.9981494740562542,9.344398768759858,9.388687255255933,0.9987259570783599,0.9885366471338802,,
Docking-44,5000,7,0.9981554415286394,0.9981581772107544,9.339443189083957,9.384726675839879,0.9996041808398788,0.9965933187273235,,
Docking-44,5000,8,0.998367804168251,0.9983663867163779,9.384402798600645,9.43011041084974,0.9996660275836478,0.9970778355649988,,
Docking-44,5000,9,0.9987359731177416,0.9987366534946407,9.134762015732624,9.178499865327774,0.9996041808398788,0.9965544425398835,,
Docking-44,5000,10,0.9981762638966537,0.9981867105169577,9.057856571683987,9.10156471751349,0.999418640608572,0.9949265440162244,,
Docking-44,5000,11,0.9986249299380116,0.998626786799965,9.367141107199915,9.412118264316517,0.9995423340961098,0.9961140724005945,,
Docking-44,5000,12,0.9988425654985906,0.9988424662769594,9.228653694038528,9.273351448455108,0.9997649823736781,0.9979305044776988,,
Docking-44,5000,13,0.9977475555776676,0.9977561736850553,9.37504483156463,9.420447606968374,0.9989857134021893,0.9913895410074208,,
Docking-44,5000,14,0.9985338161316158,0.9985376007281166,9.20841211859771,9.252547165573251,0.9988496505658977,0.9894731135754091,,
Docking-44,5000,15,0.9988380580016344,0.9988442806153568,9.121467989650881,9.165009064051965,0.9997278743274166,0.9976766787238662,,
Docking-44,5000,16,0.9979179191182825,0.9979204705316538,9.204348005517868,9.248697124221657,0.9989857134021893,0.9913976844856484,,
Docking-44,5000,17,0.9985660773362449,0.9985638377622855,9.243866986281214,9.288591831992616,0.999591811491125,0.9963035686484338,,
Docking-44,5000,18,0.99708003496712,0.9970718279207754,9.286400646939528,9.330182769414524,0.9982188137794545,0.9860350425385414,,
Docking-44,5000,19,0.998297002447195,0.998293232025213,9.170006189847175,9.213846099862442,0.9994062712598182,0.9952410782594874,,
Docking-44,5000,20,0.9979474162917594,0.9979436316952585,9.248908603323857,9.292540071677537,0.9993815325623105,0.9945390469037151,,
Docking-44,5000,21,0.9979087340301454,0.9979064661071487,9.496650623657732,9.542172441914234,0.9992578390747727,0.9937268374065208,,
Docking-44,5000,22,0.9978752821659427,0.9978666357095176,9.340509941114664,9.384358404879244,0.9991465149359886,0.9926674242119988,,
Docking-44,5000,23,0.9987931389517793,0.9987926995416988,9.26586794514905,9.309964237258118,0.9998020904199394,0.998268264851406,,
Docking-44,5000,24,0.9979685930227418,0.9979646241574974,9.287425051742932,9.331295726654286,0.9994433793060795,0.9954666662976912,,
Docking-44,5000,25,0.9980053617243272,0.9979940079348246,9.458381247642931,9.503292459862775,0.9991836229822499,0.993084604583276,,
Docking-44,5000,26,0.9986880348953971,0.998689820884757,9.204247422037442,9.249149446985722,0.9990722988434659,0.9915880431672073,,
Docking-44,5000,27,0.996994449223029,0.9969923939178129,9.746372129730972,9.792699890776177,0.9994433793060795,0.99532891414553,,
Docking-44,5000,28,0.998316690853711,0.9983126369413542,9.44721695985384,9.492847069910486,0.9994062712598182,0.9950352501148712,,
Docking-44,5000,29,0.9981742652895128,0.9981754842981236,9.112365554361562,9.156197481122554,0.9995052260498485,0.9956895450112984,,
Docking-44,5000,30,0.9977003969538532,0.9977077110055179,9.051944755087494,9.095912435446047,0.999591811491125,0.9963831145601456,,
Docking-44,5000,31,0.9987360723393729,0.9987354203115113,9.437210893572018,9.48258380140297,0.9998391984662007,0.9985877808123788,,
Docking-44,5000,32,0.9979647092046098,0.997972788680286,9.594477541178932,9.641690711785172,0.9994928567010947,0.9955941567574929,,
Docking-44,5000,33,0.9983293345244179,0.9983323253478701,9.45796923485986,9.503235766755234,0.9993444245160492,0.9947445892111676,,
Docking-44,5000,34,0.998345280857989,0.9983450398911705,9.266734053084846,9.311175447723668,0.9993815325623105,0.9945409660920776,,
Docking-44,5000,35,0.9981603884356762,0.9981607853222008,9.088727534629585,9.131911601615307,0.9987878038221287,0.9897397495004526,,
Docking-44,5000,36,0.9979978067058444,0.9979905635267732,9.34614562473854,9.39106655662616,0.9995547034448636,0.9961292738190091,,
Docking-44,5000,37,0.9983177681171344,0.9983078459540236,9.331498210939097,9.375774143611919,0.9996783969324015,0.9973233928780961,,
Docking-44,5000,38,0.9978796620922304,0.9978864658612208,9.018328345024518,9.062768415126827,0.9998515678149545,0.9987310601160899,,
Docking-44,5000,39,0.998834457673877,0.9988306163793013,9.302189341579588,9.346709960968978,0.999418640608572,0.995276711543257,,
Docking-44,5000,40,0.997961080527815,0.9979626397248753,9.435901844023459,9.48216852733651,0.9991588842847424,0.992303414861964,,
Docking-44,5000,41,0.9985984094134678,0.9986014569349948,9.09367004801536,9.137467635569468,0.9996783969324015,0.997054826035031,,
Docking-44,5000,42,0.9983912488222302,0.9983913763928989,9.36754004906977,9.412026378248985,0.9999628919537387,0.9996675654702265,,
Docking-44,5000,43,0.9984837517314616,0.9984785213340502,9.436834312889614,9.480949443290847,0.9995175953986023,0.9960699998053967,,
Docking-44,5000,44,0.9976612894566773,0.9976556763472604,9.133071009376476,9.175808796305388,0.9995052260498485,0.9958105115103317,,
Docking-44,5000,45,0.9978181305064238,0.9978194062131096,9.151811687087685,9.195377558166154,0.9991341455872348,0.9922691103977614,,
Docking-44,5000,46,0.9988224235074752,0.9988211478007896,9.235362352433802,9.280085980668616,0.9996289195373863,0.9967189066992902,,
Docking-44,5000,47,0.9982589296898865,0.9982605030614656,9.025667701889182,9.068923758791449,0.9994310099573257,0.9950664409291311,,
Docking-44,5000,48,0.9988572644745135,0.9988604112176714,9.19369868977471,9.238535914972411,0.9994557486548333,0.9954690456240479,,
Docking-44,5000,49,0.997991782535384,0.9979803153497314,9.390102188696952,9.434385429806046,0.9993073164697879,0.9944033085697971,,
Docking-44,5000,50,0.9983954303052555,0.9983957846682238,9.264678820958956,9.308391610778086,0.9996041808398788,0.9965210169206069,,
Docking-44,5000,51,0.9984142398916103,0.998406061194303,9.414577754593955,9.459795105170395,0.9994062712598182,0.9950068144086103,,
Docking-44,5000,52,0.998056645133092,0.9980551284595881,9.060601427155955,9.10345878255233,0.9991712536334962,0.9930490660359905,,
Docking-44,5000,53,0.9982576823322384,0.9982593549254485,8.938005298328985,8.98220269779937,0.9996289195373863,0.996797063454298,,
Docking-44,5000,54,0.9983731621363311,0.9983691365730115,9.153178077257003,9.19700995580461,0.9997897210711856,0.9981662782832541,,
Docking-44,5000,55,0.9985939586145868,0.9985930656199067,9.358817148320014,9.403499587086488,0.9993939019110644,0.9948224896538561,,
Docking-44,5000,56,0.9978510153898774,0.9978493286221483,9.634784521449744,9.680488417149453,0.9994804873523409,0.9957097606024544,,
Docking-44,5000,57,0.9986729673819873,0.9986688142479995,9.386454489418671,9.430657090435462,0.9996412888861401,0.9969301088129148,,
Docking-44,5000,58,0.998116362380501,0.998122358201924,9.211436894534819,9.256026857823471,0.9994681180035871,0.9958223953375369,,
Docking-44,5000,59,0.9984680605392278,0.9984775432922578,9.07137191253679,9.114821243668786,0.9999134145587235,0.9992273777689556,,
Docking-44,5000,60,0.9984450411208103,0.9984444883145798,9.06386702516006,9.10703654702945,0.9991836229822499,0.9928605227614429,,
Docking-44,5000,61,0.9975796017052369,0.9975798993701304,9.175365462127205,9.218144321550861,0.9994557486548333,0.995189447525036,,
Docking-44,5000,62,0.9986372192457502,0.998638183113024,9.282274048385823,9.326360512766989,0.9997155049786629,0.9975703488702145,,
Docking-44,5000,63,0.9985215976964704,0.9985207330508281,9.230159063681358,9.274515792140205,0.9995794421423712,0.9963517988756777,,
Docking-44,5000,64,0.9981840031838802,0.9981825006848949,9.078022059897792,9.120866701303715,0.9997031356299091,0.9973253838760938,,
Docking-44,5000,65,0.9986648737317924,0.9986652706183167,9.262864246527604,9.308227747415591,0.9992331003772651,0.9931092696694042,,
Docking-44,5000,66,0.9980044545551284,0.997999493473573,9.359526037848525,9.404188161191103,0.9992207310285114,0.9935190505156807,,
Docking-44,5000,67,0.9981732022006082,0.9981701121555248,9.13441730914849,9.177848591163585,0.9999505226049848,0.9995636643154278,,
Docking-44,5000,68,0.998536424243062,0.9985405773770498,9.07530165059587,9.119083250790073,0.9996412888861401,0.9968968556011132,,
Docking-44,5000,69,0.9986339449319237,0.9986275238749391,9.374355528233378,9.419038964710511,0.9997278743274166,0.9977111844119678,,
Docking-44,5000,70,0.9988657408367139,0.9988695679567711,9.165843831721041,9.210416877380403,0.9998886758612159,0.9990239698789477,,
Docking-44,5000,71,0.9983400788096152,0.9983355713126593,9.481210352556568,9.52658362849162,0.9992702084235265,0.9935914751733999,,
Docking-44,5000,72,0.998713960090154,0.998717319451093,9.067073305665755,9.110932101759747,0.9996660275836478,0.9969680500195678,,
Docking-44,5000,73,0.9982810702881428,0.9982776825781662,9.110523296839633,9.154283334979617,0.9994310099573257,0.9949292492718158,,
Docking-44,5000,74,0.9981673056008163,0.9981729895828272,9.37285554418303,9.418041599439398,0.9995547034448636,0.9959714969075051,,
Docking-44,5000,75,0.9981245552523269,0.998124243412915,9.525526747776153,9.572732892468258,0.9995423340961098,0.9960050979118495,,
Docking-44,5000,76,0.9984986633251655,0.998498535754497,9.480742878266895,9.526111201661625,0.9993691632135568,0.9947010861728381,,
Docking-44,5000,77,0.9985975872913815,0.9985970628341885,9.427587782079545,9.472557154964985,0.9993196858185417,0.994253311968438,,
Docking-44,5000,78,0.9987399278084672,0.9987454133472156,9.2861616070677,9.331039764794633,0.9996289195373863,0.9967286172739354,,
Docking-44,5000,79,0.9983448839714646,0.9983465140411186,9.229606412590265,9.27411542162328,0.999529964747356,0.9961037479422711,,
Docking-44,5000,80,0.9986993745103809,0.9986999414911302,9.41794557298321,9.462803060197993,0.9997278743274166,0.9976698728821559,,
Docking-44,5000,81,0.9983025588585371,0.9983058615214014,9.378706010594016,9.42378447815407,0.9991465149359886,0.9926123118095356,,
Docking-44,5000,82,0.9983446146556088,0.9983459045368134,8.868623171358735,8.910766941620585,0.9992331003772651,0.9936772420892986,,
Docking-44,5000,83,0.9982116009718472,0.9982108638968733,9.415766971996874,9.460085334591332,0.9996041808398788,0.9968646129324852,,
Docking-44,5000,84,0.9987244775830517,0.9987252288325443,9.240706708907792,9.284634912033443,0.9996165501886326,0.9966297010389699,,
Docking-44,5000,85,0.9986235124861385,0.9986259505033601,9.179900638875406,9.224177616732064,0.9999010452099697,0.9991824220746041,,
Docking-44,5000,86,0.9973904285782675,0.9973857509870869,9.618839969383046,9.66411091373589,0.9986393716370833,0.9890743707440334,,
Docking-44,5000,87,0.9989449338728579,0.9989489169126211,9.287119191953364,9.33158253967965,0.9994310099573257,0.9953850609739472,,
Docking-44,5000,88,0.9983705256758472,0.9983708375152591,9.07445711929823,9.11839309476589,0.9998639371637084,0.9987734001619832,,
Docking-44,5000,89,0.998405848576522,0.9983984636522637,9.072869135376342,9.11608592670816,0.9997031356299091,0.997275325027371,,
Docking-44,5000,90,0.9973996561899608,0.9973926114541519,9.508295500643719,9.553147435681872,0.9987135877296061,0.9895684186140986,,
Docking-44,5000,91,0.9985602941326033,0.99855887668073,9.182439074207997,9.226819256203322,0.9997649823736781,0.997866700452158,,
Docking-44,5000,92,0.9985454392369741,0.9985529092083447,9.138674896257754,9.182891481055492,0.9998020904199394,0.9983969718715345,,
Docking-44,5000,93,0.9987777454244386,0.9987797865551358,9.223264095733294,9.26755370966411,0.9997526130249242,0.9979307398630486,,
Docking-44,5000,94,0.9977525308337417,0.9977503054343013,9.499381836281287,9.543738146067161,0.9992825777722802,0.9945884586844878,,
Docking-44,5000,95,0.998520463734972,0.9985204779094908,9.324762543704704,9.370131900137597,0.9994310099573257,0.9955495306232547,,
Docking-44,5000,96,0.9980394089183164,0.9980390262063109,8.95498714026269,8.998106552451354,0.9992702084235265,0.9938708668479485,,
Docking-44,5000,97,0.9977651461554115,0.9977661383717225,9.43409105545824,9.479388487372617,0.9994062712598182,0.9950340152491958,,
Docking-44,5000,98,0.9979706058044017,0.9979624554561318,9.212900786148767,9.255763675178125,0.999529964747356,0.9959662044668292,,
Docking-44,5000,99,0.9983495190390894,0.9983555432095496,9.329471097176404,9.3742989149791,0.9996289195373863,0.9968402730589256,,
