workbook_compound_index_1based,workbook_excel_column_1based,workbook_compound_name,workbook_cas,complete_fixed21,missing_fixed21_targets,pubchem_cas_query,pubchem_cas_query_cids,pubchem_name_query,pubchem_name_query_cids,pubchem_cas_query_url,pubchem_name_query_url,pubchem_cid,resolution_status,resolution_ambiguity,resolution_decision,pubchem_access_date,candidate_pubchem_cids,candidate_pubchem_inchikeys,candidate_connectivity_blocks,pubchem_smiles,pubchem_connectivity_smiles,pubchem_inchikey,pubchem_iupac_name,rdkit_standard_inchikey,rdkit_connectivity,rdkit_canonical_isomeric_smiles,rdkit_canonical_nonisomeric_smiles,structure_fragment_count,pubchem_rdkit_inchikey_agree,structure_usable,candidate_only_connectivity_blocks,de_leakage_connectivity_blocks
1,2,ATM Kinase Inhibitor,587871-26-9,True,,587871-26-9,5278396,ATM Kinase Inhibitor,5278396,https://pubchem.ncbi.nlm.nih.gov/rest/pug/compound/name/587871-26-9/cids/JSON,https://pubchem.ncbi.nlm.nih.gov/rest/pug/compound/name/ATM%20Kinase%20Inhibitor/cids/JSON,5278396,resolved_unique_cas_name_agrees,False,cas_name_agree,2026-08-10,5278396,XRKYMMUGXMWDAO-UHFFFAOYSA-N,XRKYMMUGXMWDAO,C1COCCN1C2=CC(=O)C=C(O2)C3=C4C(=CC=C3)SC5=CC=CC=C5S4,C1COCCN1C2=CC(=O)C=C(O2)C3=C4C(=CC=C3)SC5=CC=CC=C5S4,XRKYMMUGXMWDAO-UHFFFAOYSA-N,2-morpholin-4-yl-6-thianthren-1-ylpyran-4-one,XRKYMMUGXMWDAO-UHFFFAOYSA-N,XRKYMMUGXMWDAO,O=c1cc(-c2cccc3c2Sc2ccccc2S3)oc(N2CCOCC2)c1,O=c1cc(-c2cccc3c2Sc2ccccc2S3)oc(N2CCOCC2)c1,1,True,True,,XRKYMMUGXMWDAO
2,3,ATM/ATR Kinase Inhibitor,905973-89-9,True,,905973-89-9,6605258,ATM/ATR Kinase Inhibitor,,https://pubchem.ncbi.nlm.nih.gov/rest/pug/compound/name/905973-89-9/cids/JSON,https://pubchem.ncbi.nlm.nih.gov/rest/pug/compound/name/ATM%2FATR%20Kinase%20Inhibitor/cids/JSON,6605258,resolved_unique_cas_name_not_found,False,cas_unique,2026-08-10,6605258,HLCDNLNLQNYZTK-UHFFFAOYSA-N,HLCDNLNLQNYZTK,C1=CC=C(C=C1)C(C2=CC=CC=C2)C(=O)NC(C(Cl)(Cl)Cl)NC(=S)NC3=CC(=C(C=C3)F)[N+](=O)[O-],C1=CC=C(C=C1)C(C2=CC=CC=C2)C(=O)NC(C(Cl)(Cl)Cl)NC(=S)NC3=CC(=C(C=C3)F)[N+](=O)[O-],HLCDNLNLQNYZTK-UHFFFAOYSA-N,"2,2-diphenyl-N-[2,2,2-trichloro-1-[(4-fluoro-3-nitrophenyl)carbamothioylamino]ethyl]acetamide",HLCDNLNLQNYZTK-UHFFFAOYSA-N,HLCDNLNLQNYZTK,O=C(NC(NC(=S)Nc1ccc(F)c([N+](=O)[O-])c1)C(Cl)(Cl)Cl)C(c1ccccc1)c1ccccc1,O=C(NC(NC(=S)Nc1ccc(F)c([N+](=O)[O-])c1)C(Cl)(Cl)Cl)C(c1ccccc1)c1ccccc1,1,True,True,,HLCDNLNLQNYZTK
3,4,AG 1024,65678-07-1,True,,65678-07-1,2044,AG 1024,2044,https://pubchem.ncbi.nlm.nih.gov/rest/pug/compound/name/65678-07-1/cids/JSON,https://pubchem.ncbi.nlm.nih.gov/rest/pug/compound/name/AG%201024/cids/JSON,2044,resolved_unique_cas_name_agrees,False,cas_name_agree,2026-08-10,2044,ABBADGFSRBWENF-UHFFFAOYSA-N,ABBADGFSRBWENF,CC(C)(C)C1=C(C(=CC(=C1)C=C(C#N)C#N)Br)O,CC(C)(C)C1=C(C(=CC(=C1)C=C(C#N)C#N)Br)O,ABBADGFSRBWENF-UHFFFAOYSA-N,2-[(3-bromo-5-tert-butyl-4-hydroxyphenyl)methylidene]propanedinitrile,ABBADGFSRBWENF-UHFFFAOYSA-N,ABBADGFSRBWENF,CC(C)(C)c1cc(C=C(C#N)C#N)cc(Br)c1O,CC(C)(C)c1cc(C=C(C#N)C#N)cc(Br)c1O,1,True,True,,ABBADGFSRBWENF
4,5,AGL 2043,226717-28-8,True,,226717-28-8,9817165,AGL 2043,9817165,https://pubchem.ncbi.nlm.nih.gov/rest/pug/compound/name/226717-28-8/cids/JSON,https://pubchem.ncbi.nlm.nih.gov/rest/pug/compound/name/AGL%202043/cids/JSON,9817165,resolved_unique_cas_name_agrees,False,cas_name_agree,2026-08-10,9817165,ZGDACLBJJXLKJY-UHFFFAOYSA-N,ZGDACLBJJXLKJY,CC1=NC2=C(N1C)C=C3C(=C2)N=C(C=N3)C4=CC=CS4,CC1=NC2=C(N1C)C=C3C(=C2)N=C(C=N3)C4=CC=CS4,ZGDACLBJJXLKJY-UHFFFAOYSA-N,"1,2-dimethyl-6-thiophen-2-ylimidazo[4,5-g]quinoxaline",ZGDACLBJJXLKJY-UHFFFAOYSA-N,ZGDACLBJJXLKJY,Cc1nc2cc3nc(-c4cccs4)cnc3cc2n1C,Cc1nc2cc3nc(-c4cccs4)cnc3cc2n1C,1,True,True,,ZGDACLBJJXLKJY
5,6,Akt Inhibitor IV,681281-88-9,True,,681281-88-9,5719375,Akt Inhibitor IV,5719375,https://pubchem.ncbi.nlm.nih.gov/rest/pug/compound/name/681281-88-9/cids/JSON,https://pubchem.ncbi.nlm.nih.gov/rest/pug/compound/name/Akt%20Inhibitor%20IV/cids/JSON,5719375,resolved_unique_cas_name_agrees,False,cas_name_agree,2026-08-10,5719375,NAYRELMNTQSBIN-UHFFFAOYSA-M,NAYRELMNTQSBIN,CC[N+]1=C(N(C2=C1C=C(C=C2)C3=NC4=CC=CC=C4S3)C5=CC=CC=C5)/C=C/N(C)C6=CC=CC=C6.[I-],CC[N+]1=C(N(C2=C1C=C(C=C2)C3=NC4=CC=CC=C4S3)C5=CC=CC=C5)C=CN(C)C6=CC=CC=C6.[I-],NAYRELMNTQSBIN-UHFFFAOYSA-M,"N-[(E)-2-[5-(1,3-benzothiazol-2-yl)-3-ethyl-1-phenylbenzimidazol-3-ium-2-yl]ethenyl]-N-methylaniline iodide",NAYRELMNTQSBIN-UHFFFAOYSA-M,NAYRELMNTQSBIN,CC[n+]1c(/C=C/N(C)c2ccccc2)n(-c2ccccc2)c2ccc(-c3nc4ccccc4s3)cc21.[I-],CC[n+]1c(C=CN(C)c2ccccc2)n(-c2ccccc2)c2ccc(-c3nc4ccccc4s3)cc21.[I-],2,True,True,,NAYRELMNTQSBIN
6,7,"Akt Inhibitor V, Triciribine",35943-35-2,True,,35943-35-2,65399,"Akt Inhibitor V, Triciribine",290486,https://pubchem.ncbi.nlm.nih.gov/rest/pug/compound/name/35943-35-2/cids/JSON,https://pubchem.ncbi.nlm.nih.gov/rest/pug/compound/name/Akt%20Inhibitor%20V%2C%20Triciribine/cids/JSON,,unresolved_cas_name_conflict,True,disjoint_candidate_sets,2026-08-10,65399;290486,HOGVTUZUJGHKPL-HTVVRFAVSA-N;HOGVTUZUJGHKPL-UHFFFAOYSA-N,HOGVTUZUJGHKPL,,,,,,,,,,False,False,HOGVTUZUJGHKPL,HOGVTUZUJGHKPL
7,8,"Akt Inhibitor VIII, Isozyme-Selective, Akti-1/2",612847-09-3,True,,612847-09-3,135398501,"Akt Inhibitor VIII, Isozyme-Selective, Akti-1/2",,https://pubchem.ncbi.nlm.nih.gov/rest/pug/compound/name/612847-09-3/cids/JSON,https://pubchem.ncbi.nlm.nih.gov/rest/pug/compound/name/Akt%20Inhibitor%20VIII%2C%20Isozyme-Selective%2C%20Akti-1%2F2/cids/JSON,135398501,resolved_unique_cas_name_not_found,False,cas_unique,2026-08-10,135398501,IWCQHVUQEFDRIW-UHFFFAOYSA-N,IWCQHVUQEFDRIW,C1CN(CCC1N2C3=CC=CC=C3NC2=O)CC4=CC=C(C=C4)C5=C(N=C6C=C7C(=NC=N7)C=C6N5)C8=CC=CC=C8,C1CN(CCC1N2C3=CC=CC=C3NC2=O)CC4=CC=C(C=C4)C5=C(N=C6C=C7C(=NC=N7)C=C6N5)C8=CC=CC=C8,IWCQHVUQEFDRIW-UHFFFAOYSA-N,"3-[1-[[4-(6-phenyl-8H-imidazo[4,5-g]quinoxalin-7-yl)phenyl]methyl]piperidin-4-yl]-1H-benzimidazol-2-one",IWCQHVUQEFDRIW-UHFFFAOYSA-N,IWCQHVUQEFDRIW,O=c1[nH]c2ccccc2n1C1CCN(Cc2ccc(-c3[nH]c4cc5ncnc5cc4nc3-c3ccccc3)cc2)CC1,O=c1[nH]c2ccccc2n1C1CCN(Cc2ccc(-c3[nH]c4cc5ncnc5cc4nc3-c3ccccc3)cc2)CC1,1,True,True,,IWCQHVUQEFDRIW
8,9,Akt Inhibitor X,925681-41-0,True,,925681-41-0,16760284,Akt Inhibitor X,16760284,https://pubchem.ncbi.nlm.nih.gov/rest/pug/compound/name/925681-41-0/cids/JSON,https://pubchem.ncbi.nlm.nih.gov/rest/pug/compound/name/Akt%20Inhibitor%20X/cids/JSON,16760284,resolved_unique_cas_name_agrees,False,cas_name_agree,2026-08-10,16760284,SVKSJUIYYCQZEC-UHFFFAOYSA-N,SVKSJUIYYCQZEC,CCN(CC)CCCCN1C2=CC=CC=C2OC3=C1C=C(C=C3)Cl.Cl,CCN(CC)CCCCN1C2=CC=CC=C2OC3=C1C=C(C=C3)Cl.Cl,SVKSJUIYYCQZEC-UHFFFAOYSA-N,"4-(2-chlorophenoxazin-10-yl)-N,N-diethylbutan-1-amine;hydrochloride",SVKSJUIYYCQZEC-UHFFFAOYSA-N,SVKSJUIYYCQZEC,CCN(CC)CCCCN1c2ccccc2Oc2ccc(Cl)cc21.Cl,CCN(CC)CCCCN1c2ccccc2Oc2ccc(Cl)cc21.Cl,2,True,True,,SVKSJUIYYCQZEC
9,10,Alsterpaullone,237430-03-4,True,,237430-03-4,5005498,Alsterpaullone,5005498,https://pubchem.ncbi.nlm.nih.gov/rest/pug/compound/name/237430-03-4/cids/JSON,https://pubchem.ncbi.nlm.nih.gov/rest/pug/compound/name/Alsterpaullone/cids/JSON,5005498,resolved_unique_cas_name_agrees,False,cas_name_agree,2026-08-10,5005498,OLUKILHGKRVDCT-UHFFFAOYSA-N,OLUKILHGKRVDCT,C1C2=C(C3=CC=CC=C3NC1=O)NC4=C2C=C(C=C4)[N+](=O)[O-],C1C2=C(C3=CC=CC=C3NC1=O)NC4=C2C=C(C=C4)[N+](=O)[O-],OLUKILHGKRVDCT-UHFFFAOYSA-N,"9-nitro-7,12-dihydro-5H-indolo[3,2-d][1]benzazepin-6-one",OLUKILHGKRVDCT-UHFFFAOYSA-N,OLUKILHGKRVDCT,O=C1Cc2c([nH]c3ccc([N+](=O)[O-])cc23)-c2ccccc2N1,O=C1Cc2c([nH]c3ccc([N+](=O)[O-])cc23)-c2ccccc2N1,1,True,True,,OLUKILHGKRVDCT
10,11,Alsterpaullone 2-Cyanoethyl,852527-97-0,True,,852527-97-0,16760286,Alsterpaullone 2-Cyanoethyl,16760286,https://pubchem.ncbi.nlm.nih.gov/rest/pug/compound/name/852527-97-0/cids/JSON,https://pubchem.ncbi.nlm.nih.gov/rest/pug/compound/name/Alsterpaullone%202-Cyanoethyl/cids/JSON,16760286,resolved_unique_cas_name_agrees,False,cas_name_agree,2026-08-10,16760286,UBLFSMURWWWWMH-UHFFFAOYSA-N,UBLFSMURWWWWMH,C1C2=C(C3=C(C=CC(=C3)CCC#N)NC1=O)NC4=C2C=C(C=C4)[N+](=O)[O-],C1C2=C(C3=C(C=CC(=C3)CCC#N)NC1=O)NC4=C2C=C(C=C4)[N+](=O)[O-],UBLFSMURWWWWMH-UHFFFAOYSA-N,"3-(9-nitro-6-oxo-7,12-dihydro-5H-indolo[3,2-d][1]benzazepin-2-yl)propanenitrile",UBLFSMURWWWWMH-UHFFFAOYSA-N,UBLFSMURWWWWMH,N#CCCc1ccc2c(c1)-c1[nH]c3ccc([N+](=O)[O-])cc3c1CC(=O)N2,N#CCCc1ccc2c(c1)-c1[nH]c3ccc([N+](=O)[O-])cc3c1CC(=O)N2,1,True,True,,UBLFSMURWWWWMH
11,12,"Aloisine A, RP107",496864-16-5,True,,496864-16-5,448912,"Aloisine A, RP107",448912,https://pubchem.ncbi.nlm.nih.gov/rest/pug/compound/name/496864-16-5/cids/JSON,https://pubchem.ncbi.nlm.nih.gov/rest/pug/compound/name/Aloisine%20A%2C%20RP107/cids/JSON,448912,resolved_unique_cas_name_agrees,False,cas_name_agree,2026-08-10,448912,PRIGRJPRGZCFAS-UHFFFAOYSA-N,PRIGRJPRGZCFAS,CCCCC1=C(NC2=NC=CN=C12)C3=CC=C(C=C3)O,CCCCC1=C(NC2=NC=CN=C12)C3=CC=C(C=C3)O,PRIGRJPRGZCFAS-UHFFFAOYSA-N,"4-(7-butyl-5H-pyrrolo[2,3-b]pyrazin-6-yl)phenol",PRIGRJPRGZCFAS-UHFFFAOYSA-N,PRIGRJPRGZCFAS,CCCCc1c(-c2ccc(O)cc2)[nH]c2nccnc12,CCCCc1c(-c2ccc(O)cc2)[nH]c2nccnc12,1,True,True,,PRIGRJPRGZCFAS
12,13,"Aloisine, RP106",496864-15-4,True,,496864-15-4,3641059,"Aloisine, RP106",3641059,https://pubchem.ncbi.nlm.nih.gov/rest/pug/compound/name/496864-15-4/cids/JSON,https://pubchem.ncbi.nlm.nih.gov/rest/pug/compound/name/Aloisine%2C%20RP106/cids/JSON,3641059,resolved_unique_cas_name_agrees,False,cas_name_agree,2026-08-10,3641059,WVMANZPBOBRWCB-UHFFFAOYSA-N,WVMANZPBOBRWCB,CCCCC1=C(NC2=NC=CN=C12)C3=CC=C(C=C3)OC,CCCCC1=C(NC2=NC=CN=C12)C3=CC=C(C=C3)OC,WVMANZPBOBRWCB-UHFFFAOYSA-N,"7-butyl-6-(4-methoxyphenyl)-5H-pyrrolo[2,3-b]pyrazine",WVMANZPBOBRWCB-UHFFFAOYSA-N,WVMANZPBOBRWCB,CCCCc1c(-c2ccc(OC)cc2)[nH]c2nccnc12,CCCCc1c(-c2ccc(OC)cc2)[nH]c2nccnc12,1,True,True,,WVMANZPBOBRWCB
13,14,Aminopurvalanol A,220792-57-4,True,,220792-57-4,6604931,Aminopurvalanol A,6604931,https://pubchem.ncbi.nlm.nih.gov/rest/pug/compound/name/220792-57-4/cids/JSON,https://pubchem.ncbi.nlm.nih.gov/rest/pug/compound/name/Aminopurvalanol%20A/cids/JSON,6604931,resolved_unique_cas_name_agrees,False,cas_name_agree,2026-08-10,6604931,RAMROQQYRRQPDL-HNNXBMFYSA-N,RAMROQQYRRQPDL,CC(C)[C@H](CO)NC1=NC(=C2C(=N1)N(C=N2)C(C)C)NC3=CC(=CC(=C3)N)Cl,CC(C)C(CO)NC1=NC(=C2C(=N1)N(C=N2)C(C)C)NC3=CC(=CC(=C3)N)Cl,RAMROQQYRRQPDL-HNNXBMFYSA-N,(2R)-2-[[6-(3-amino-5-chloroanilino)-9-propan-2-ylpurin-2-yl]amino]-3-methylbutan-1-ol,RAMROQQYRRQPDL-HNNXBMFYSA-N,RAMROQQYRRQPDL,CC(C)[C@H](CO)Nc1nc(Nc2cc(N)cc(Cl)c2)c2ncn(C(C)C)c2n1,CC(C)C(CO)Nc1nc(Nc2cc(N)cc(Cl)c2)c2ncn(C(C)C)c2n1,1,True,True,,RAMROQQYRRQPDL
14,15,"AMPK Inhibitor, Compound C",866405-64-3,True,,866405-64-3,11524144,"AMPK Inhibitor, Compound C",11524144,https://pubchem.ncbi.nlm.nih.gov/rest/pug/compound/name/866405-64-3/cids/JSON,https://pubchem.ncbi.nlm.nih.gov/rest/pug/compound/name/AMPK%20Inhibitor%2C%20Compound%20C/cids/JSON,11524144,resolved_unique_cas_name_agrees,False,cas_name_agree,2026-08-10,11524144,XHBVYDAKJHETMP-UHFFFAOYSA-N,XHBVYDAKJHETMP,C1CCN(CC1)CCOC2=CC=C(C=C2)C3=CN4C(=C(C=N4)C5=CC=NC=C5)N=C3,C1CCN(CC1)CCOC2=CC=C(C=C2)C3=CN4C(=C(C=N4)C5=CC=NC=C5)N=C3,XHBVYDAKJHETMP-UHFFFAOYSA-N,"6-[4-(2-piperidin-1-ylethoxy)phenyl]-3-pyridin-4-ylpyrazolo[1,5-a]pyrimidine",XHBVYDAKJHETMP-UHFFFAOYSA-N,XHBVYDAKJHETMP,c1cc(-c2cnn3cc(-c4ccc(OCCN5CCCCC5)cc4)cnc23)ccn1,c1cc(-c2cnn3cc(-c4ccc(OCCN5CCCCC5)cc4)cnc23)ccn1,1,True,True,,XHBVYDAKJHETMP
15,16,Aurora Kinase Inhibitor III,879127-16-9,True,,879127-16-9,9549303,Aurora Kinase Inhibitor III,9549303,https://pubchem.ncbi.nlm.nih.gov/rest/pug/compound/name/879127-16-9/cids/JSON,https://pubchem.ncbi.nlm.nih.gov/rest/pug/compound/name/Aurora%20Kinase%20Inhibitor%20III/cids/JSON,9549303,resolved_unique_cas_name_agrees,False,cas_name_agree,2026-08-10,9549303,RDTDWGQDFJPTPD-UHFFFAOYSA-N,RDTDWGQDFJPTPD,C1CC1C(=O)NC2=CC=CC(=C2)NC3=NC=CC(=N3)NC4=CC=CC(=C4)C(F)(F)F,C1CC1C(=O)NC2=CC=CC(=C2)NC3=NC=CC(=N3)NC4=CC=CC(=C4)C(F)(F)F,RDTDWGQDFJPTPD-UHFFFAOYSA-N,N-[3-[[4-[3-(trifluoromethyl)anilino]pyrimidin-2-yl]amino]phenyl]cyclopropanecarboxamide,RDTDWGQDFJPTPD-UHFFFAOYSA-N,RDTDWGQDFJPTPD,O=C(Nc1cccc(Nc2nccc(Nc3cccc(C(F)(F)F)c3)n2)c1)C1CC1,O=C(Nc1cccc(Nc2nccc(Nc3cccc(C(F)(F)F)c3)n2)c1)C1CC1,1,True,True,,RDTDWGQDFJPTPD
16,17,Aurora Kinase/Cdk Inhibitor,443797-96-4,True,,443797-96-4,5330790,Aurora Kinase/Cdk Inhibitor,,https://pubchem.ncbi.nlm.nih.gov/rest/pug/compound/name/443797-96-4/cids/JSON,https://pubchem.ncbi.nlm.nih.gov/rest/pug/compound/name/Aurora%20Kinase%2FCdk%20Inhibitor/cids/JSON,5330790,resolved_unique_cas_name_not_found,False,cas_unique,2026-08-10,5330790,KDKUVYLMPJIGKA-UHFFFAOYSA-N,KDKUVYLMPJIGKA,C1=CC(=C(C(=C1)F)C(=O)N2C(=NC(=N2)NC3=CC=C(C=C3)S(=O)(=O)N)N)F,C1=CC(=C(C(=C1)F)C(=O)N2C(=NC(=N2)NC3=CC=C(C=C3)S(=O)(=O)N)N)F,KDKUVYLMPJIGKA-UHFFFAOYSA-N,"4-[[5-amino-1-(2,6-difluorobenzoyl)-1,2,4-triazol-3-yl]amino]benzenesulfonamide",KDKUVYLMPJIGKA-UHFFFAOYSA-N,KDKUVYLMPJIGKA,Nc1nc(Nc2ccc(S(N)(=O)=O)cc2)nn1C(=O)c1c(F)cccc1F,Nc1nc(Nc2ccc(S(N)(=O)=O)cc2)nn1C(=O)c1c(F)cccc1F,1,True,True,,KDKUVYLMPJIGKA
17,18,BAY 11-7082,19542-67-7,True,,19542-67-7,5353431,BAY 11-7082,5353431,https://pubchem.ncbi.nlm.nih.gov/rest/pug/compound/name/19542-67-7/cids/JSON,https://pubchem.ncbi.nlm.nih.gov/rest/pug/compound/name/BAY%2011-7082/cids/JSON,5353431,resolved_unique_cas_name_agrees,False,cas_name_agree,2026-08-10,5353431,DOEWDSDBFRHVAP-KRXBUXKQSA-N,DOEWDSDBFRHVAP,CC1=CC=C(C=C1)S(=O)(=O)/C=C/C#N,CC1=CC=C(C=C1)S(=O)(=O)C=CC#N,DOEWDSDBFRHVAP-KRXBUXKQSA-N,(E)-3-(4-methylphenyl)sulfonylprop-2-enenitrile,DOEWDSDBFRHVAP-KRXBUXKQSA-N,DOEWDSDBFRHVAP,Cc1ccc(S(=O)(=O)/C=C/C#N)cc1,Cc1ccc(S(=O)(=O)C=CC#N)cc1,1,True,True,,DOEWDSDBFRHVAP
18,19,Bcr-abl Inhibitor,778270-11-4,True,,778270-11-4,5311510,Bcr-abl Inhibitor,,https://pubchem.ncbi.nlm.nih.gov/rest/pug/compound/name/778270-11-4/cids/JSON,https://pubchem.ncbi.nlm.nih.gov/rest/pug/compound/name/Bcr-abl%20Inhibitor/cids/JSON,5311510,resolved_unique_cas_name_not_found,False,cas_unique,2026-08-10,5311510,WEVYNIUIFUYDGI-UHFFFAOYSA-N,WEVYNIUIFUYDGI,C1=CC(=CC(=C1)C(=O)N)C2=CC(=NC=N2)NC3=CC=C(C=C3)OC(F)(F)F,C1=CC(=CC(=C1)C(=O)N)C2=CC(=NC=N2)NC3=CC=C(C=C3)OC(F)(F)F,WEVYNIUIFUYDGI-UHFFFAOYSA-N,3-[6-[4-(trifluoromethoxy)anilino]pyrimidin-4-yl]benzamide,WEVYNIUIFUYDGI-UHFFFAOYSA-N,WEVYNIUIFUYDGI,NC(=O)c1cccc(-c2cc(Nc3ccc(OC(F)(F)F)cc3)ncn2)c1,NC(=O)c1cccc(-c2cc(Nc3ccc(OC(F)(F)F)cc3)ncn2)c1,1,True,True,,WEVYNIUIFUYDGI
19,20,Bisindolylmaleimide I,133052-90-1,True,,133052-90-1,2396,Bisindolylmaleimide I,2396,https://pubchem.ncbi.nlm.nih.gov/rest/pug/compound/name/133052-90-1/cids/JSON,https://pubchem.ncbi.nlm.nih.gov/rest/pug/compound/name/Bisindolylmaleimide%20I/cids/JSON,2396,resolved_unique_cas_name_agrees,False,cas_name_agree,2026-08-10,2396,QMGUOJYZJKLOLH-UHFFFAOYSA-N,QMGUOJYZJKLOLH,CN(C)CCCN1C=C(C2=CC=CC=C21)C3=C(C(=O)NC3=O)C4=CNC5=CC=CC=C54,CN(C)CCCN1C=C(C2=CC=CC=C21)C3=C(C(=O)NC3=O)C4=CNC5=CC=CC=C54,QMGUOJYZJKLOLH-UHFFFAOYSA-N,"3-[1-[3-(dimethylamino)propyl]indol-3-yl]-4-(1H-indol-3-yl)pyrrole-2,5-dione",QMGUOJYZJKLOLH-UHFFFAOYSA-N,QMGUOJYZJKLOLH,CN(C)CCCn1cc(C2=C(c3c[nH]c4ccccc34)C(=O)NC2=O)c2ccccc21,CN(C)CCCn1cc(C2=C(c3c[nH]c4ccccc34)C(=O)NC2=O)c2ccccc21,1,True,True,,QMGUOJYZJKLOLH
20,21,Bisindolylmaleimide IV,119139-23-0,True,,119139-23-0,2399,Bisindolylmaleimide IV,2399,https://pubchem.ncbi.nlm.nih.gov/rest/pug/compound/name/119139-23-0/cids/JSON,https://pubchem.ncbi.nlm.nih.gov/rest/pug/compound/name/Bisindolylmaleimide%20IV/cids/JSON,2399,resolved_unique_cas_name_agrees,False,cas_name_agree,2026-08-10,2399,DQYBRTASHMYDJG-UHFFFAOYSA-N,DQYBRTASHMYDJG,C1=CC=C2C(=C1)C(=CN2)C3=C(C(=O)NC3=O)C4=CNC5=CC=CC=C54,C1=CC=C2C(=C1)C(=CN2)C3=C(C(=O)NC3=O)C4=CNC5=CC=CC=C54,DQYBRTASHMYDJG-UHFFFAOYSA-N,"3,4-bis(1H-indol-3-yl)pyrrole-2,5-dione",DQYBRTASHMYDJG-UHFFFAOYSA-N,DQYBRTASHMYDJG,O=C1NC(=O)C(c2c[nH]c3ccccc23)=C1c1c[nH]c2ccccc12,O=C1NC(=O)C(c2c[nH]c3ccccc23)=C1c1c[nH]c2ccccc12,1,True,True,,DQYBRTASHMYDJG
21,22,Bohemine,189232-42-6,True,,189232-42-6,2422,Bohemine,2422,https://pubchem.ncbi.nlm.nih.gov/rest/pug/compound/name/189232-42-6/cids/JSON,https://pubchem.ncbi.nlm.nih.gov/rest/pug/compound/name/Bohemine/cids/JSON,2422,resolved_unique_cas_name_agrees,False,cas_name_agree,2026-08-10,2422,OPQGFIAVPSXOBO-UHFFFAOYSA-N,OPQGFIAVPSXOBO,CC(C)N1C=NC2=C(N=C(N=C21)NCCCO)NCC3=CC=CC=C3,CC(C)N1C=NC2=C(N=C(N=C21)NCCCO)NCC3=CC=CC=C3,OPQGFIAVPSXOBO-UHFFFAOYSA-N,3-[[6-(benzylamino)-9-propan-2-ylpurin-2-yl]amino]propan-1-ol,OPQGFIAVPSXOBO-UHFFFAOYSA-N,OPQGFIAVPSXOBO,CC(C)n1cnc2c(NCc3ccccc3)nc(NCCCO)nc21,CC(C)n1cnc2c(NCc3ccccc3)nc(NCCCO)nc21,1,True,True,,OPQGFIAVPSXOBO
22,23,BPIQ-I,174709-30-9,True,,174709-30-9,2427,BPIQ-I,2427,https://pubchem.ncbi.nlm.nih.gov/rest/pug/compound/name/174709-30-9/cids/JSON,https://pubchem.ncbi.nlm.nih.gov/rest/pug/compound/name/BPIQ-I/cids/JSON,2427,resolved_unique_cas_name_agrees,False,cas_name_agree,2026-08-10,2427,YAMAGACQNDAKFB-UHFFFAOYSA-N,YAMAGACQNDAKFB,CN1C=NC2=C1C=C3C(=C2)C(=NC=N3)NC4=CC(=CC=C4)Br,CN1C=NC2=C1C=C3C(=C2)C(=NC=N3)NC4=CC(=CC=C4)Br,YAMAGACQNDAKFB-UHFFFAOYSA-N,"N-(3-bromophenyl)-3-methylimidazo[4,5-g]quinazolin-8-amine",YAMAGACQNDAKFB-UHFFFAOYSA-N,YAMAGACQNDAKFB,Cn1cnc2cc3c(Nc4cccc(Br)c4)ncnc3cc21,Cn1cnc2cc3c(Nc4cccc(Br)c4)ncnc3cc21,1,True,True,,YAMAGACQNDAKFB
23,24,Cdk1 Inhibitor,220749-41-7,True,,220749-41-7,2607;5353486;5472558,Cdk1 Inhibitor,5472558,https://pubchem.ncbi.nlm.nih.gov/rest/pug/compound/name/220749-41-7/cids/JSON,https://pubchem.ncbi.nlm.nih.gov/rest/pug/compound/name/Cdk1%20Inhibitor/cids/JSON,5472558,resolved_unique_cas_name_intersection,False,unique_intersection,2026-08-10,2607;5353486;5472558,QJKBRWSJWQVKLY-LCYFTJDESA-N;QJKBRWSJWQVKLY-UHFFFAOYSA-N;QJKBRWSJWQVKLY-UKTHLTGXSA-N,QJKBRWSJWQVKLY,C1=CC=C2C(=C1)/C(=C\C3=C(NC4=CC=CC=C43)Cl)/C(=O)N2,C1=CC=C2C(=C1)C(=CC3=C(NC4=CC=CC=C43)Cl)C(=O)N2,QJKBRWSJWQVKLY-UKTHLTGXSA-N,(3E)-3-[(2-chloro-1H-indol-3-yl)methylidene]-1H-indol-2-one,QJKBRWSJWQVKLY-UKTHLTGXSA-N,QJKBRWSJWQVKLY,O=C1Nc2ccccc2/C1=C\c1c(Cl)[nH]c2ccccc12,O=C1Nc2ccccc2C1=Cc1c(Cl)[nH]c2ccccc12,1,True,True,,QJKBRWSJWQVKLY
24,25,"Cdk1 Inhibitor, CGP74514A",190654-01-4,True,,190654-01-4,9908173,"Cdk1 Inhibitor, CGP74514A",,https://pubchem.ncbi.nlm.nih.gov/rest/pug/compound/name/190654-01-4/cids/JSON,https://pubchem.ncbi.nlm.nih.gov/rest/pug/compound/name/Cdk1%20Inhibitor%2C%20CGP74514A/cids/JSON,9908173,resolved_unique_cas_name_not_found,False,cas_unique,2026-08-10,9908173,UTBSBSOBZHXMHI-CABCVRRESA-N,UTBSBSOBZHXMHI,CCN1C=NC2=C(N=C(N=C21)N[C@H]3CCCC[C@H]3N)NC4=CC(=CC=C4)Cl,CCN1C=NC2=C(N=C(N=C21)NC3CCCCC3N)NC4=CC(=CC=C4)Cl,UTBSBSOBZHXMHI-CABCVRRESA-N,"2-N-[(1S,2R)-2-aminocyclohexyl]-6-N-(3-chlorophenyl)-9-ethylpurine-2,6-diamine",UTBSBSOBZHXMHI-CABCVRRESA-N,UTBSBSOBZHXMHI,CCn1cnc2c(Nc3cccc(Cl)c3)nc(N[C@H]3CCCC[C@H]3N)nc21,CCn1cnc2c(Nc3cccc(Cl)c3)nc(NC3CCCCC3N)nc21,1,True,True,,UTBSBSOBZHXMHI
25,26,Cdk1/2 Inhibitor III,443798-55-8,True,,443798-55-8,5330812,Cdk1/2 Inhibitor III,,https://pubchem.ncbi.nlm.nih.gov/rest/pug/compound/name/443798-55-8/cids/JSON,https://pubchem.ncbi.nlm.nih.gov/rest/pug/compound/name/Cdk1%2F2%20Inhibitor%20III/cids/JSON,5330812,resolved_unique_cas_name_not_found,False,cas_unique,2026-08-10,5330812,ARIOBGGRZJITQX-UHFFFAOYSA-N,ARIOBGGRZJITQX,C1=CC(=C(C(=C1)F)NC(=S)N2C(=NC(=N2)NC3=CC=C(C=C3)S(=O)(=O)N)N)F,C1=CC(=C(C(=C1)F)NC(=S)N2C(=NC(=N2)NC3=CC=C(C=C3)S(=O)(=O)N)N)F,ARIOBGGRZJITQX-UHFFFAOYSA-N,"5-amino-N-(2,6-difluorophenyl)-3-(4-sulfamoylanilino)-1,2,4-triazole-1-carbothioamide",ARIOBGGRZJITQX-UHFFFAOYSA-N,ARIOBGGRZJITQX,Nc1nc(Nc2ccc(S(N)(=O)=O)cc2)nn1C(=S)Nc1c(F)cccc1F,Nc1nc(Nc2ccc(S(N)(=O)=O)cc2)nn1C(=S)Nc1c(F)cccc1F,1,True,True,,ARIOBGGRZJITQX
26,27,Cdk1/5 Inhibitor,40254-90-8,True,,40254-90-8,438981,Cdk1/5 Inhibitor,,https://pubchem.ncbi.nlm.nih.gov/rest/pug/compound/name/40254-90-8/cids/JSON,https://pubchem.ncbi.nlm.nih.gov/rest/pug/compound/name/Cdk1%2F5%20Inhibitor/cids/JSON,438981,resolved_unique_cas_name_not_found,False,cas_unique,2026-08-10,438981,DWHVZCLBMTZRQM-UHFFFAOYSA-N,DWHVZCLBMTZRQM,C1=CC2=NC3=C(NN=C3N=C2C=C1)N,C1=CC2=NC3=C(NN=C3N=C2C=C1)N,DWHVZCLBMTZRQM-UHFFFAOYSA-N,"2H-pyrazolo[4,3-b]quinoxalin-3-amine",DWHVZCLBMTZRQM-UHFFFAOYSA-N,DWHVZCLBMTZRQM,Nc1[nH]nc2nc3ccccc3nc12,Nc1[nH]nc2nc3ccccc3nc12,1,True,True,,DWHVZCLBMTZRQM
27,28,"Casein Kinase I Inhibitor, D4476",301836-43-1,True,,301836-43-1,6419753,"Casein Kinase I Inhibitor, D4476",,https://pubchem.ncbi.nlm.nih.gov/rest/pug/compound/name/301836-43-1/cids/JSON,https://pubchem.ncbi.nlm.nih.gov/rest/pug/compound/name/Casein%20Kinase%20I%20Inhibitor%2C%20D4476/cids/JSON,6419753,resolved_unique_cas_name_not_found,False,cas_unique,2026-08-10,6419753,DPDZHVCKYBCJHW-UHFFFAOYSA-N,DPDZHVCKYBCJHW,C1COC2=C(O1)C=CC(=C2)C3=C(NC(=N3)C4=CC=C(C=C4)C(=O)N)C5=CC=CC=N5,C1COC2=C(O1)C=CC(=C2)C3=C(NC(=N3)C4=CC=C(C=C4)C(=O)N)C5=CC=CC=N5,DPDZHVCKYBCJHW-UHFFFAOYSA-N,"4-[4-(2,3-dihydro-1,4-benzodioxin-6-yl)-5-pyridin-2-yl-1H-imidazol-2-yl]benzamide",DPDZHVCKYBCJHW-UHFFFAOYSA-N,DPDZHVCKYBCJHW,NC(=O)c1ccc(-c2nc(-c3ccc4c(c3)OCCO4)c(-c3ccccn3)[nH]2)cc1,NC(=O)c1ccc(-c2nc(-c3ccc4c(c3)OCCO4)c(-c3ccccn3)[nH]2)cc1,1,True,True,,DPDZHVCKYBCJHW
28,29,"Casein Kinase II Inhibitor III, TBCA",934358-00-6,True,,934358-00-6,16760346,"Casein Kinase II Inhibitor III, TBCA",16760346;54326593,https://pubchem.ncbi.nlm.nih.gov/rest/pug/compound/name/934358-00-6/cids/JSON,https://pubchem.ncbi.nlm.nih.gov/rest/pug/compound/name/Casein%20Kinase%20II%20Inhibitor%20III%2C%20TBCA/cids/JSON,16760346,resolved_unique_cas_name_agrees,False,cas_name_agree,2026-08-10,16760346;54326593,SVJQCVOKYJWUBC-OWOJBTEDSA-N;SVJQCVOKYJWUBC-UHFFFAOYSA-N,SVJQCVOKYJWUBC,C1=C(C(=C(C(=C1Br)Br)Br)Br)/C=C/C(=O)O,C1=C(C(=C(C(=C1Br)Br)Br)Br)C=CC(=O)O,SVJQCVOKYJWUBC-OWOJBTEDSA-N,"(E)-3-(2,3,4,5-tetrabromophenyl)prop-2-enoic acid",SVJQCVOKYJWUBC-OWOJBTEDSA-N,SVJQCVOKYJWUBC,O=C(O)/C=C/c1cc(Br)c(Br)c(Br)c1Br,O=C(O)C=Cc1cc(Br)c(Br)c(Br)c1Br,1,True,True,,SVJQCVOKYJWUBC
29,30,Cdk4 Inhibitor,546102-60-7,True,,546102-60-7,5330797,Cdk4 Inhibitor,5330797,https://pubchem.ncbi.nlm.nih.gov/rest/pug/compound/name/546102-60-7/cids/JSON,https://pubchem.ncbi.nlm.nih.gov/rest/pug/compound/name/Cdk4%20Inhibitor/cids/JSON,5330797,resolved_unique_cas_name_agrees,False,cas_name_agree,2026-08-10,5330797,NMFKDDRQSNVETB-UHFFFAOYSA-N,NMFKDDRQSNVETB,C1=CC=C2C(=C1)C3=C4C(=C5C6=C(C=C(C=C6)Br)NC5=C3N2)C(=O)NC4=O,C1=CC=C2C(=C1)C3=C4C(=C5C6=C(C=C(C=C6)Br)NC5=C3N2)C(=O)NC4=O,NMFKDDRQSNVETB-UHFFFAOYSA-N,"6-bromo-3,13,23-triazahexacyclo[14.7.0.02,10.04,9.011,15.017,22]tricosa-1,4(9),5,7,10,15,17,19,21-nonaene-12,14-dione",NMFKDDRQSNVETB-UHFFFAOYSA-N,NMFKDDRQSNVETB,O=C1NC(=O)c2c1c1c3ccccc3[nH]c1c1[nH]c3cc(Br)ccc3c21,O=C1NC(=O)c2c1c1c3ccccc3[nH]c1c1[nH]c3cc(Br)ccc3c21,1,True,True,,NMFKDDRQSNVETB
30,31,Cdk4 Inhibitor II NSC 625987,141992-47-4,True,,141992-47-4,3004085,Cdk4 Inhibitor II NSC 625987,,https://pubchem.ncbi.nlm.nih.gov/rest/pug/compound/name/141992-47-4/cids/JSON,https://pubchem.ncbi.nlm.nih.gov/rest/pug/compound/name/Cdk4%20Inhibitor%20II%20NSC%20625987/cids/JSON,3004085,resolved_unique_cas_name_not_found,False,cas_unique,2026-08-10,3004085,KFAKESMKRPNZTM-UHFFFAOYSA-N,KFAKESMKRPNZTM,COC1=C2C(=C(C=C1)OC)NC3=CC=CC=C3C2=S,COC1=C2C(=C(C=C1)OC)NC3=CC=CC=C3C2=S,KFAKESMKRPNZTM-UHFFFAOYSA-N,"1,4-dimethoxy-10H-acridine-9-thione",KFAKESMKRPNZTM-UHFFFAOYSA-N,KFAKESMKRPNZTM,COc1ccc(OC)c2c(=S)c3ccccc3[nH]c12,COc1ccc(OC)c2c(=S)c3ccccc3[nH]c12,1,True,True,,KFAKESMKRPNZTM
31,32,Cdk4 Inhibitor III,265312-55-8,True,,265312-55-8,481747,Cdk4 Inhibitor III,481747,https://pubchem.ncbi.nlm.nih.gov/rest/pug/compound/name/265312-55-8/cids/JSON,https://pubchem.ncbi.nlm.nih.gov/rest/pug/compound/name/Cdk4%20Inhibitor%20III/cids/JSON,481747,resolved_unique_cas_name_agrees,False,cas_name_agree,2026-08-10,481747,HFPLHASLIOXVGS-UHFFFAOYSA-N,HFPLHASLIOXVGS,CC1=CC=C(C=C1)NC2=CC(=O)C3=C(C2=O)N=C(S3)C,CC1=CC=C(C=C1)NC2=CC(=O)C3=C(C2=O)N=C(S3)C,HFPLHASLIOXVGS-UHFFFAOYSA-N,"2-methyl-5-(4-methylanilino)-1,3-benzothiazole-4,7-dione",HFPLHASLIOXVGS-UHFFFAOYSA-N,HFPLHASLIOXVGS,Cc1ccc(NC2=CC(=O)c3sc(C)nc3C2=O)cc1,Cc1ccc(NC2=CC(=O)c3sc(C)nc3C2=O)cc1,1,True,True,,HFPLHASLIOXVGS
32,33,"Cdc2-Like Kinase Inhibitor, TG003",300801-52-9,True,,300801-52-9,647991;1893667;1893668,"Cdc2-Like Kinase Inhibitor, TG003",,https://pubchem.ncbi.nlm.nih.gov/rest/pug/compound/name/300801-52-9/cids/JSON,https://pubchem.ncbi.nlm.nih.gov/rest/pug/compound/name/Cdc2-Like%20Kinase%20Inhibitor%2C%20TG003/cids/JSON,,unresolved_ambiguous_cas,True,nonunique_intersection,2026-08-10,647991;1893667;1893668,BGVLELSCIHASRV-NTUHNPAUSA-N;BGVLELSCIHASRV-QPEQYQDCSA-N;BGVLELSCIHASRV-UHFFFAOYSA-N,BGVLELSCIHASRV,,,,,,,,,,False,False,BGVLELSCIHASRV,BGVLELSCIHASRV
33,34,Cdk/Crk Inhibitor,784211-09-2,True,,784211-09-2,135473382,Cdk/Crk Inhibitor,,https://pubchem.ncbi.nlm.nih.gov/rest/pug/compound/name/784211-09-2/cids/JSON,https://pubchem.ncbi.nlm.nih.gov/rest/pug/compound/name/Cdk%2FCrk%20Inhibitor/cids/JSON,135473382,resolved_unique_cas_name_not_found,False,cas_unique,2026-08-10,135473382,RSQPNXBTPUXMQN-UHFFFAOYSA-N,RSQPNXBTPUXMQN,CC(C)C1=NN(C2=C1C(=O)NC(=N2)CC3=CC=C(C=C3)OCCO)C4=C(C=CC=C4Cl)Cl,CC(C)C1=NN(C2=C1C(=O)NC(=N2)CC3=CC=C(C=C3)OCCO)C4=C(C=CC=C4Cl)Cl,RSQPNXBTPUXMQN-UHFFFAOYSA-N,"1-(2,6-dichlorophenyl)-6-[[4-(2-hydroxyethoxy)phenyl]methyl]-3-propan-2-yl-5H-pyrazolo[5,4-d]pyrimidin-4-one",RSQPNXBTPUXMQN-UHFFFAOYSA-N,RSQPNXBTPUXMQN,CC(C)c1nn(-c2c(Cl)cccc2Cl)c2nc(Cc3ccc(OCCO)cc3)[nH]c(=O)c12,CC(C)c1nn(-c2c(Cl)cccc2Cl)c2nc(Cc3ccc(OCCO)cc3)[nH]c(=O)c12,1,True,True,,RSQPNXBTPUXMQN
34,35,Chelerythrine Chloride,3895-92-9,True,,3895-92-9,72311,Chelerythrine Chloride,72311,https://pubchem.ncbi.nlm.nih.gov/rest/pug/compound/name/3895-92-9/cids/JSON,https://pubchem.ncbi.nlm.nih.gov/rest/pug/compound/name/Chelerythrine%20Chloride/cids/JSON,72311,resolved_unique_cas_name_agrees,False,cas_name_agree,2026-08-10,72311,WEEFNMFMNMASJY-UHFFFAOYSA-M,WEEFNMFMNMASJY,C[N+]1=C2C(=C3C=CC(=C(C3=C1)OC)OC)C=CC4=CC5=C(C=C42)OCO5.[Cl-],C[N+]1=C2C(=C3C=CC(=C(C3=C1)OC)OC)C=CC4=CC5=C(C=C42)OCO5.[Cl-],WEEFNMFMNMASJY-UHFFFAOYSA-M,"1,2-dimethoxy-12-methyl-[1,3]benzodioxolo[5,6-c]phenanthridin-12-ium chloride",WEEFNMFMNMASJY-UHFFFAOYSA-M,WEEFNMFMNMASJY,COc1ccc2c(c[n+](C)c3c4cc5c(cc4ccc23)OCO5)c1OC.[Cl-],COc1ccc2c(c[n+](C)c3c4cc5c(cc4ccc23)OCO5)c1OC.[Cl-],2,True,True,,WEEFNMFMNMASJY
35,36,Chk2 Inhibitor II,516480-79-8,True,,516480-79-8,9969021,Chk2 Inhibitor II,9969021,https://pubchem.ncbi.nlm.nih.gov/rest/pug/compound/name/516480-79-8/cids/JSON,https://pubchem.ncbi.nlm.nih.gov/rest/pug/compound/name/Chk2%20Inhibitor%20II/cids/JSON,9969021,resolved_unique_cas_name_agrees,False,cas_name_agree,2026-08-10,9969021,UXGJAOIJSROTTN-UHFFFAOYSA-N,UXGJAOIJSROTTN,C1=CC(=CC=C1C2=NC3=C(N2)C=C(C=C3)C(=O)N)OC4=CC=C(C=C4)Cl,C1=CC(=CC=C1C2=NC3=C(N2)C=C(C=C3)C(=O)N)OC4=CC=C(C=C4)Cl,UXGJAOIJSROTTN-UHFFFAOYSA-N,2-[4-(4-chlorophenoxy)phenyl]-3H-benzimidazole-5-carboxamide,UXGJAOIJSROTTN-UHFFFAOYSA-N,UXGJAOIJSROTTN,NC(=O)c1ccc2nc(-c3ccc(Oc4ccc(Cl)cc4)cc3)[nH]c2c1,NC(=O)c1ccc2nc(-c3ccc(Oc4ccc(Cl)cc4)cc3)[nH]c2c1,1,True,True,,UXGJAOIJSROTTN
36,37,Compound 52,212779-48-1,True,,212779-48-1,2856,Compound 52,2856,https://pubchem.ncbi.nlm.nih.gov/rest/pug/compound/name/212779-48-1/cids/JSON,https://pubchem.ncbi.nlm.nih.gov/rest/pug/compound/name/Compound%2052/cids/JSON,2856,resolved_unique_cas_name_agrees,False,cas_name_agree,2026-08-10,2856,XZEFMZCNXDQXOZ-UHFFFAOYSA-N,XZEFMZCNXDQXOZ,CC(C)N1C=NC2=C(N=C(N=C21)NCCO)NC3=CC(=CC=C3)Cl,CC(C)N1C=NC2=C(N=C(N=C21)NCCO)NC3=CC(=CC=C3)Cl,XZEFMZCNXDQXOZ-UHFFFAOYSA-N,2-[[6-(3-chloroanilino)-9-propan-2-ylpurin-2-yl]amino]ethanol,XZEFMZCNXDQXOZ-UHFFFAOYSA-N,XZEFMZCNXDQXOZ,CC(C)n1cnc2c(Nc3cccc(Cl)c3)nc(NCCO)nc21,CC(C)n1cnc2c(Nc3cccc(Cl)c3)nc(NCCO)nc21,1,True,True,,XZEFMZCNXDQXOZ
37,38,Compound 56,171745-13-4,True,,171745-13-4,2857,Compound 56,2857,https://pubchem.ncbi.nlm.nih.gov/rest/pug/compound/name/171745-13-4/cids/JSON,https://pubchem.ncbi.nlm.nih.gov/rest/pug/compound/name/Compound%2056/cids/JSON,2857,resolved_unique_cas_name_agrees,False,cas_name_agree,2026-08-10,2857,YXOXHAUUTIOBDA-UHFFFAOYSA-N,YXOXHAUUTIOBDA,CCOC1=C(C=C2C(=C1)C(=NC=N2)NC3=CC(=CC=C3)Br)OCC,CCOC1=C(C=C2C(=C1)C(=NC=N2)NC3=CC(=CC=C3)Br)OCC,YXOXHAUUTIOBDA-UHFFFAOYSA-N,"N-(3-bromophenyl)-6,7-diethoxyquinazolin-4-amine",YXOXHAUUTIOBDA-UHFFFAOYSA-N,YXOXHAUUTIOBDA,CCOc1cc2ncnc(Nc3cccc(Br)c3)c2cc1OCC,CCOc1cc2ncnc(Nc3cccc(Br)c3)c2cc1OCC,1,True,True,,YXOXHAUUTIOBDA
38,39,Cdk2 Inhibitor III,199986-75-9,True,,199986-75-9,6918386,Cdk2 Inhibitor III,6918386,https://pubchem.ncbi.nlm.nih.gov/rest/pug/compound/name/199986-75-9/cids/JSON,https://pubchem.ncbi.nlm.nih.gov/rest/pug/compound/name/Cdk2%20Inhibitor%20III/cids/JSON,6918386,resolved_unique_cas_name_agrees,False,cas_name_agree,2026-08-10,6918386,NQVIIUBWMBHLOZ-UHFFFAOYSA-N,NQVIIUBWMBHLOZ,CC(C)N1C=NC2=C(N=C(N=C21)N(CCO)CCO)NCC3=CC=C(C=C3)OC,CC(C)N1C=NC2=C(N=C(N=C21)N(CCO)CCO)NCC3=CC=C(C=C3)OC,NQVIIUBWMBHLOZ-UHFFFAOYSA-N,2-[2-hydroxyethyl-[6-[(4-methoxyphenyl)methylamino]-9-propan-2-ylpurin-2-yl]amino]ethanol,NQVIIUBWMBHLOZ-UHFFFAOYSA-N,NQVIIUBWMBHLOZ,COc1ccc(CNc2nc(N(CCO)CCO)nc3c2ncn3C(C)C)cc1,COc1ccc(CNc2nc(N(CCO)CCO)nc3c2ncn3C(C)C)cc1,1,True,True,,NQVIIUBWMBHLOZ
39,40,"Cdk2 Inhibitor IV, NU6140",444723-13-1,True,,444723-13-1,10202471,"Cdk2 Inhibitor IV, NU6140",10202471,https://pubchem.ncbi.nlm.nih.gov/rest/pug/compound/name/444723-13-1/cids/JSON,https://pubchem.ncbi.nlm.nih.gov/rest/pug/compound/name/Cdk2%20Inhibitor%20IV%2C%20NU6140/cids/JSON,10202471,resolved_unique_cas_name_agrees,False,cas_name_agree,2026-08-10,10202471,XHEQSRJCJTWWAH-UHFFFAOYSA-N,XHEQSRJCJTWWAH,CCN(CC)C(=O)C1=CC=C(C=C1)NC2=NC3=C(C(=N2)OCC4CCCCC4)NC=N3,CCN(CC)C(=O)C1=CC=C(C=C1)NC2=NC3=C(C(=N2)OCC4CCCCC4)NC=N3,XHEQSRJCJTWWAH-UHFFFAOYSA-N,"4-[[6-(cyclohexylmethoxy)-7H-purin-2-yl]amino]-N,N-diethylbenzamide",XHEQSRJCJTWWAH-UHFFFAOYSA-N,XHEQSRJCJTWWAH,CCN(CC)C(=O)c1ccc(Nc2nc(OCC3CCCCC3)c3[nH]cnc3n2)cc1,CCN(CC)C(=O)c1ccc(Nc2nc(OCC3CCCCC3)c3[nH]cnc3n2)cc1,1,True,True,,XHEQSRJCJTWWAH
40,41,DNA-PK Inhibitor II,154447-35-5,True,,154447-35-5,9860529,DNA-PK Inhibitor II,9860529,https://pubchem.ncbi.nlm.nih.gov/rest/pug/compound/name/154447-35-5/cids/JSON,https://pubchem.ncbi.nlm.nih.gov/rest/pug/compound/name/DNA-PK%20Inhibitor%20II/cids/JSON,9860529,resolved_unique_cas_name_agrees,False,cas_name_agree,2026-08-10,9860529,KKTZALUTXUZPSN-UHFFFAOYSA-N,KKTZALUTXUZPSN,C1COCCN1C2=CC(=O)C3=C(O2)C4=CC=CC=C4C=C3,C1COCCN1C2=CC(=O)C3=C(O2)C4=CC=CC=C4C=C3,KKTZALUTXUZPSN-UHFFFAOYSA-N,2-morpholin-4-ylbenzo[h]chromen-4-one,KKTZALUTXUZPSN-UHFFFAOYSA-N,KKTZALUTXUZPSN,O=c1cc(N2CCOCC2)oc2c1ccc1ccccc12,O=c1cc(N2CCOCC2)oc2c1ccc1ccccc12,1,True,True,,KKTZALUTXUZPSN
41,42,DNA-PK Inhibitor III,404009-40-1,True,,404009-40-1,9859309,DNA-PK Inhibitor III,9859309,https://pubchem.ncbi.nlm.nih.gov/rest/pug/compound/name/404009-40-1/cids/JSON,https://pubchem.ncbi.nlm.nih.gov/rest/pug/compound/name/DNA-PK%20Inhibitor%20III/cids/JSON,9859309,resolved_unique_cas_name_agrees,False,cas_name_agree,2026-08-10,9859309,YHKSBKQXCWHTQL-UHFFFAOYSA-N,YHKSBKQXCWHTQL,CC(=O)C1=C(C=C(C=C1)N2CCOCC2)O,CC(=O)C1=C(C=C(C=C1)N2CCOCC2)O,YHKSBKQXCWHTQL-UHFFFAOYSA-N,1-(2-hydroxy-4-morpholin-4-ylphenyl)ethanone,YHKSBKQXCWHTQL-UHFFFAOYSA-N,YHKSBKQXCWHTQL,CC(=O)c1ccc(N2CCOCC2)cc1O,CC(=O)c1ccc(N2CCOCC2)cc1O,1,True,True,,YHKSBKQXCWHTQL
42,43,DNA-PK Inhibitor V,404009-46-7,True,,404009-46-7,16760391,DNA-PK Inhibitor V,16760391,https://pubchem.ncbi.nlm.nih.gov/rest/pug/compound/name/404009-46-7/cids/JSON,https://pubchem.ncbi.nlm.nih.gov/rest/pug/compound/name/DNA-PK%20Inhibitor%20V/cids/JSON,16760391,resolved_unique_cas_name_agrees,False,cas_name_agree,2026-08-10,16760391,FALILNHGILFDLC-UHFFFAOYSA-N,FALILNHGILFDLC,C1COCCN1C2=CC(=C(C=C2)C(=O)C3=CC=CC=C3)O,C1COCCN1C2=CC(=C(C=C2)C(=O)C3=CC=CC=C3)O,FALILNHGILFDLC-UHFFFAOYSA-N,(2-hydroxy-4-morpholin-4-ylphenyl)-phenylmethanone,FALILNHGILFDLC-UHFFFAOYSA-N,FALILNHGILFDLC,O=C(c1ccccc1)c1ccc(N2CCOCC2)cc1O,O=C(c1ccccc1)c1ccc(N2CCOCC2)cc1O,1,True,True,,FALILNHGILFDLC
43,44,Diacylglycerol Kinase Inhibitor II,120166-69-0,True,,120166-69-0,657356,Diacylglycerol Kinase Inhibitor II,657356,https://pubchem.ncbi.nlm.nih.gov/rest/pug/compound/name/120166-69-0/cids/JSON,https://pubchem.ncbi.nlm.nih.gov/rest/pug/compound/name/Diacylglycerol%20Kinase%20Inhibitor%20II/cids/JSON,657356,resolved_unique_cas_name_agrees,False,cas_name_agree,2026-08-10,657356,ZCNBZFRECRPCKU-UHFFFAOYSA-N,ZCNBZFRECRPCKU,C1CN(CCC1=C(C2=CC=C(C=C2)F)C3=CC=C(C=C3)F)CCN4C(=O)C5=CC=CC=C5NC4=S,C1CN(CCC1=C(C2=CC=C(C=C2)F)C3=CC=C(C=C3)F)CCN4C(=O)C5=CC=CC=C5NC4=S,ZCNBZFRECRPCKU-UHFFFAOYSA-N,3-[2-[4-[bis(4-fluorophenyl)methylidene]piperidin-1-yl]ethyl]-2-sulfanylidene-1H-quinazolin-4-one,ZCNBZFRECRPCKU-UHFFFAOYSA-N,ZCNBZFRECRPCKU,O=c1c2ccccc2[nH]c(=S)n1CCN1CCC(=C(c2ccc(F)cc2)c2ccc(F)cc2)CC1,O=c1c2ccccc2[nH]c(=S)n1CCN1CCC(=C(c2ccc(F)cc2)c2ccc(F)cc2)CC1,1,True,True,,ZCNBZFRECRPCKU
44,45,DMBI,5812-07-7,True,,5812-07-7,3135,DMBI,5353593,https://pubchem.ncbi.nlm.nih.gov/rest/pug/compound/name/5812-07-7/cids/JSON,https://pubchem.ncbi.nlm.nih.gov/rest/pug/compound/name/DMBI/cids/JSON,,unresolved_cas_name_conflict,True,disjoint_candidate_sets,2026-08-10,3135;5353593,UAKWLVYMKBWHMX-RVDMUPIBSA-N;UAKWLVYMKBWHMX-UHFFFAOYSA-N,UAKWLVYMKBWHMX,,,,,,,,,,False,False,UAKWLVYMKBWHMX,UAKWLVYMKBWHMX
45,46,EGFR/ErbB-2 Inhibitor,179248-61-4,True,,179248-61-4,9843206,EGFR/ErbB-2 Inhibitor,,https://pubchem.ncbi.nlm.nih.gov/rest/pug/compound/name/179248-61-4/cids/JSON,https://pubchem.ncbi.nlm.nih.gov/rest/pug/compound/name/EGFR%2FErbB-2%20Inhibitor/cids/JSON,9843206,resolved_unique_cas_name_not_found,False,cas_unique,2026-08-10,9843206,DNOKYISWMVFYFA-UHFFFAOYSA-N,DNOKYISWMVFYFA,COC1=C(C=C2C(=C1)C(=NC=N2)NC3=CC=C(C=C3)OCC4=CC=CC=C4)OC,COC1=C(C=C2C(=C1)C(=NC=N2)NC3=CC=C(C=C3)OCC4=CC=CC=C4)OC,DNOKYISWMVFYFA-UHFFFAOYSA-N,"6,7-dimethoxy-N-(4-phenylmethoxyphenyl)quinazolin-4-amine",DNOKYISWMVFYFA-UHFFFAOYSA-N,DNOKYISWMVFYFA,COc1cc2ncnc(Nc3ccc(OCc4ccccc4)cc3)c2cc1OC,COc1cc2ncnc(Nc3ccc(OCc4ccccc4)cc3)c2cc1OC,1,True,True,,DNOKYISWMVFYFA
46,47,EGFR Inhibitor,879127-07-8,True,,879127-07-8,9549299,EGFR Inhibitor,9549299,https://pubchem.ncbi.nlm.nih.gov/rest/pug/compound/name/879127-07-8/cids/JSON,https://pubchem.ncbi.nlm.nih.gov/rest/pug/compound/name/EGFR%20Inhibitor/cids/JSON,9549299,resolved_unique_cas_name_agrees,False,cas_name_agree,2026-08-10,9549299,YOHYSYJDKVYCJI-UHFFFAOYSA-N,YOHYSYJDKVYCJI,C1CC1C(=O)NC2=CC=CC(=C2)NC3=NC=NC(=C3)NC4=CC=CC(=C4)C(F)(F)F,C1CC1C(=O)NC2=CC=CC(=C2)NC3=NC=NC(=C3)NC4=CC=CC(=C4)C(F)(F)F,YOHYSYJDKVYCJI-UHFFFAOYSA-N,N-[3-[[6-[3-(trifluoromethyl)anilino]pyrimidin-4-yl]amino]phenyl]cyclopropanecarboxamide,YOHYSYJDKVYCJI-UHFFFAOYSA-N,YOHYSYJDKVYCJI,O=C(Nc1cccc(Nc2cc(Nc3cccc(C(F)(F)F)c3)ncn2)c1)C1CC1,O=C(Nc1cccc(Nc2cc(Nc3cccc(C(F)(F)F)c3)ncn2)c1)C1CC1,1,True,True,,YOHYSYJDKVYCJI
47,48,EGFR/ErbB-2/ErbB-4 Inhibitor,881001-19-0,True,,881001-19-0,11566580,EGFR/ErbB-2/ErbB-4 Inhibitor,,https://pubchem.ncbi.nlm.nih.gov/rest/pug/compound/name/881001-19-0/cids/JSON,https://pubchem.ncbi.nlm.nih.gov/rest/pug/compound/name/EGFR%2FErbB-2%2FErbB-4%20Inhibitor/cids/JSON,11566580,resolved_unique_cas_name_not_found,False,cas_unique,2026-08-10,11566580,DLPSDPPZXRJQOY-UHFFFAOYSA-N,DLPSDPPZXRJQOY,CC#CC(=O)NC1=NC=C2C(=C1)C(=NC=N2)NC3=CC(=C(C=C3)F)Cl,CC#CC(=O)NC1=NC=C2C(=C1)C(=NC=N2)NC3=CC(=C(C=C3)F)Cl,DLPSDPPZXRJQOY-UHFFFAOYSA-N,"N-[4-(3-chloro-4-fluoroanilino)pyrido[3,4-d]pyrimidin-6-yl]but-2-ynamide",DLPSDPPZXRJQOY-UHFFFAOYSA-N,DLPSDPPZXRJQOY,CC#CC(=O)Nc1cc2c(Nc3ccc(F)c(Cl)c3)ncnc2cn1,CC#CC(=O)Nc1cc2c(Nc3ccc(F)c(Cl)c3)ncnc2cn1,1,True,True,,DLPSDPPZXRJQOY
48,49,"ERK Inhibitor II, FR180204",865362-74-9,True,,865362-74-9,11493598,"ERK Inhibitor II, FR180204",,https://pubchem.ncbi.nlm.nih.gov/rest/pug/compound/name/865362-74-9/cids/JSON,https://pubchem.ncbi.nlm.nih.gov/rest/pug/compound/name/ERK%20Inhibitor%20II%2C%20FR180204/cids/JSON,11493598,resolved_unique_cas_name_not_found,False,cas_unique,2026-08-10,11493598,XVECMUKVOMUNLE-UHFFFAOYSA-N,XVECMUKVOMUNLE,C1=CC=C(C=C1)C2=NN3C=CC=CC3=C2C4=CC5=C(NN=C5N=N4)N,C1=CC=C(C=C1)C2=NN3C=CC=CC3=C2C4=CC5=C(NN=C5N=N4)N,XVECMUKVOMUNLE-UHFFFAOYSA-N,"5-(2-phenylpyrazolo[1,5-a]pyridin-3-yl)-2H-pyrazolo[3,4-c]pyridazin-3-amine",XVECMUKVOMUNLE-UHFFFAOYSA-N,XVECMUKVOMUNLE,Nc1[nH]nc2nnc(-c3c(-c4ccccc4)nn4ccccc34)cc12,Nc1[nH]nc2nnc(-c3c(-c4ccccc4)nn4ccccc34)cc12,1,True,True,,XVECMUKVOMUNLE
49,50,ERK Inhibitor III,345616-52-6,True,,345616-52-6,45042040,ERK Inhibitor III,2844282;5339183;9604880;27109083,https://pubchem.ncbi.nlm.nih.gov/rest/pug/compound/name/345616-52-6/cids/JSON,https://pubchem.ncbi.nlm.nih.gov/rest/pug/compound/name/ERK%20Inhibitor%20III/cids/JSON,,unresolved_cas_name_conflict,True,disjoint_candidate_sets,2026-08-10,2844282;5339183;9604880;27109083;45042040,RODAAYVFYDKHGT-AUWJEWJLSA-N;RODAAYVFYDKHGT-UHFFFAOYSA-N;RODAAYVFYDKHGT-VGOFMYFVSA-N;USTUZACYWHRDNL-VGOFMYFVSA-N,RODAAYVFYDKHGT;USTUZACYWHRDNL,,,,,,,,,,False,False,RODAAYVFYDKHGT;USTUZACYWHRDNL,RODAAYVFYDKHGT;USTUZACYWHRDNL
50,51,"Fascaplysin, Synthetic",114719-57-2,True,,114719-57-2,73293,"Fascaplysin, Synthetic",,https://pubchem.ncbi.nlm.nih.gov/rest/pug/compound/name/114719-57-2/cids/JSON,https://pubchem.ncbi.nlm.nih.gov/rest/pug/compound/name/Fascaplysin%2C%20Synthetic/cids/JSON,73293,resolved_unique_cas_name_not_found,False,cas_unique,2026-08-10,73293,WYQIPCUPNMRAKP-UHFFFAOYSA-O,WYQIPCUPNMRAKP,C1=CC=C2C(=C1)C3=C(N2)C4=[N+](C=C3)C5=CC=CC=C5C4=O,C1=CC=C2C(=C1)C3=C(N2)C4=[N+](C=C3)C5=CC=CC=C5C4=O,WYQIPCUPNMRAKP-UHFFFAOYSA-O,"3-aza-13-azoniapentacyclo[11.7.0.02,10.04,9.014,19]icosa-1(13),2(10),4,6,8,11,14,16,18-nonaen-20-one",WYQIPCUPNMRAKP-UHFFFAOYSA-O,WYQIPCUPNMRAKP,O=C1c2ccccc2-[n+]2ccc3c([nH]c4ccccc43)c21,O=C1c2ccccc2-[n+]2ccc3c([nH]c4ccccc43)c21,1,True,True,,WYQIPCUPNMRAKP
51,52,Flt-3 Inhibitor,301305-73-7,True,,301305-73-7,1048845,Flt-3 Inhibitor,1048845,https://pubchem.ncbi.nlm.nih.gov/rest/pug/compound/name/301305-73-7/cids/JSON,https://pubchem.ncbi.nlm.nih.gov/rest/pug/compound/name/Flt-3%20Inhibitor/cids/JSON,1048845,resolved_unique_cas_name_agrees,False,cas_name_agree,2026-08-10,1048845,FSPQCTGGIANIJZ-UHFFFAOYSA-N,FSPQCTGGIANIJZ,COC1=C(C=C(C=C1)C(=O)NC2=C(C3=C(S2)CCCC3)C(=O)N)OC,COC1=C(C=C(C=C1)C(=O)NC2=C(C3=C(S2)CCCC3)C(=O)N)OC,FSPQCTGGIANIJZ-UHFFFAOYSA-N,"2-[(3,4-dimethoxybenzoyl)amino]-4,5,6,7-tetrahydro-1-benzothiophene-3-carboxamide",FSPQCTGGIANIJZ-UHFFFAOYSA-N,FSPQCTGGIANIJZ,COc1ccc(C(=O)Nc2sc3c(c2C(N)=O)CCCC3)cc1OC,COc1ccc(C(=O)Nc2sc3c(c2C(N)=O)CCCC3)cc1OC,1,True,True,,FSPQCTGGIANIJZ
52,53,Flt-3 Inhibitor II,896138-40-2,True,,896138-40-2,11601743,Flt-3 Inhibitor II,11601743,https://pubchem.ncbi.nlm.nih.gov/rest/pug/compound/name/896138-40-2/cids/JSON,https://pubchem.ncbi.nlm.nih.gov/rest/pug/compound/name/Flt-3%20Inhibitor%20II/cids/JSON,11601743,resolved_unique_cas_name_agrees,False,cas_name_agree,2026-08-10,11601743,NIMIWWQLOGNYHD-UHFFFAOYSA-N,NIMIWWQLOGNYHD,C1=CC2=C(C=C1O)C=C(N2)C(=O)C3=CC4=C(N3)C=CC(=C4)O,C1=CC2=C(C=C1O)C=C(N2)C(=O)C3=CC4=C(N3)C=CC(=C4)O,NIMIWWQLOGNYHD-UHFFFAOYSA-N,bis(5-hydroxy-1H-indol-2-yl)methanone,NIMIWWQLOGNYHD-UHFFFAOYSA-N,NIMIWWQLOGNYHD,O=C(c1cc2cc(O)ccc2[nH]1)c1cc2cc(O)ccc2[nH]1,O=C(c1cc2cc(O)ccc2[nH]1)c1cc2cc(O)ccc2[nH]1,1,True,True,,NIMIWWQLOGNYHD
53,54,Flt-3 Inhibitor III,852045-46-6,True,,852045-46-6,11772958,Flt-3 Inhibitor III,11772958,https://pubchem.ncbi.nlm.nih.gov/rest/pug/compound/name/852045-46-6/cids/JSON,https://pubchem.ncbi.nlm.nih.gov/rest/pug/compound/name/Flt-3%20Inhibitor%20III/cids/JSON,11772958,resolved_unique_cas_name_agrees,False,cas_name_agree,2026-08-10,11772958,FNZTULJDGIXMJJ-UHFFFAOYSA-N,FNZTULJDGIXMJJ,C1CCN(C1)CCOC2=CC=C(C=C2)NC3=NC=C(S3)C4=CC=CC=C4,C1CCN(C1)CCOC2=CC=C(C=C2)NC3=NC=C(S3)C4=CC=CC=C4,FNZTULJDGIXMJJ-UHFFFAOYSA-N,"5-phenyl-N-[4-(2-pyrrolidin-1-ylethoxy)phenyl]-1,3-thiazol-2-amine",FNZTULJDGIXMJJ-UHFFFAOYSA-N,FNZTULJDGIXMJJ,c1ccc(-c2cnc(Nc3ccc(OCCN4CCCC4)cc3)s2)cc1,c1ccc(-c2cnc(Nc3ccc(OCCN4CCCC4)cc3)s2)cc1,1,True,True,,FNZTULJDGIXMJJ
54,55,cFMS Receptor Tyrosine Kinase Inhibitor,870483-87-7,True,,870483-87-7,11617559,cFMS Receptor Tyrosine Kinase Inhibitor,11617559,https://pubchem.ncbi.nlm.nih.gov/rest/pug/compound/name/870483-87-7/cids/JSON,https://pubchem.ncbi.nlm.nih.gov/rest/pug/compound/name/cFMS%20Receptor%20Tyrosine%20Kinase%20Inhibitor/cids/JSON,11617559,resolved_unique_cas_name_agrees,False,cas_name_agree,2026-08-10,11617559,MYQAUKPBNJWPIE-UHFFFAOYSA-N,MYQAUKPBNJWPIE,COC1=CC=C(C=C1)COC2=C(C=C(C=C2)CC3=CN=C(N=C3N)N)OC,COC1=CC=C(C=C1)COC2=C(C=C(C=C2)CC3=CN=C(N=C3N)N)OC,MYQAUKPBNJWPIE-UHFFFAOYSA-N,"5-[[3-methoxy-4-[(4-methoxyphenyl)methoxy]phenyl]methyl]pyrimidine-2,4-diamine",MYQAUKPBNJWPIE-UHFFFAOYSA-N,MYQAUKPBNJWPIE,COc1ccc(COc2ccc(Cc3cnc(N)nc3N)cc2OC)cc1,COc1ccc(COc2ccc(Cc3cnc(N)nc3N)cc2OC)cc1,1,True,True,,MYQAUKPBNJWPIE
55,56,GSK-3b Inhibitor I,327036-89-5,True,,327036-89-5,4124851,GSK-3b Inhibitor I,4124851,https://pubchem.ncbi.nlm.nih.gov/rest/pug/compound/name/327036-89-5/cids/JSON,https://pubchem.ncbi.nlm.nih.gov/rest/pug/compound/name/GSK-3b%20Inhibitor%20I/cids/JSON,4124851,resolved_unique_cas_name_agrees,False,cas_name_agree,2026-08-10,4124851,JDSJDASOXWCHPN-UHFFFAOYSA-N,JDSJDASOXWCHPN,CN1C(=O)N(C(=O)S1)CC2=CC=CC=C2,CN1C(=O)N(C(=O)S1)CC2=CC=CC=C2,JDSJDASOXWCHPN-UHFFFAOYSA-N,"4-benzyl-2-methyl-1,2,4-thiadiazolidine-3,5-dione",JDSJDASOXWCHPN-UHFFFAOYSA-N,JDSJDASOXWCHPN,Cn1sc(=O)n(Cc2ccccc2)c1=O,Cn1sc(=O)n(Cc2ccccc2)c1=O,1,True,True,,JDSJDASOXWCHPN
56,57,GSK-3b Inhibitor II,478482-75-6,True,,478482-75-6,6539732,GSK-3b Inhibitor II,6539732,https://pubchem.ncbi.nlm.nih.gov/rest/pug/compound/name/478482-75-6/cids/JSON,https://pubchem.ncbi.nlm.nih.gov/rest/pug/compound/name/GSK-3b%20Inhibitor%20II/cids/JSON,6539732,resolved_unique_cas_name_agrees,False,cas_name_agree,2026-08-10,6539732,ZRHRPGSSSVYBRG-UHFFFAOYSA-N,ZRHRPGSSSVYBRG,C1=CC(=CC(=C1)I)CSC2=NN=C(O2)C3=CC=NC=C3,C1=CC(=CC(=C1)I)CSC2=NN=C(O2)C3=CC=NC=C3,ZRHRPGSSSVYBRG-UHFFFAOYSA-N,"2-[(3-iodophenyl)methylsulfanyl]-5-pyridin-4-yl-1,3,4-oxadiazole",ZRHRPGSSSVYBRG-UHFFFAOYSA-N,ZRHRPGSSSVYBRG,Ic1cccc(CSc2nnc(-c3ccncc3)o2)c1,Ic1cccc(CSc2nnc(-c3ccncc3)o2)c1,1,True,True,,ZRHRPGSSSVYBRG
57,58,GSK-3b Inhibitor VIII,487021-52-3,True,,487021-52-3,448014,GSK-3b Inhibitor VIII,448014,https://pubchem.ncbi.nlm.nih.gov/rest/pug/compound/name/487021-52-3/cids/JSON,https://pubchem.ncbi.nlm.nih.gov/rest/pug/compound/name/GSK-3b%20Inhibitor%20VIII/cids/JSON,448014,resolved_unique_cas_name_agrees,False,cas_name_agree,2026-08-10,448014,YAEMHJKFIIIULI-UHFFFAOYSA-N,YAEMHJKFIIIULI,COC1=CC=C(C=C1)CNC(=O)NC2=NC=C(S2)[N+](=O)[O-],COC1=CC=C(C=C1)CNC(=O)NC2=NC=C(S2)[N+](=O)[O-],YAEMHJKFIIIULI-UHFFFAOYSA-N,"1-[(4-methoxyphenyl)methyl]-3-(5-nitro-1,3-thiazol-2-yl)urea",YAEMHJKFIIIULI-UHFFFAOYSA-N,YAEMHJKFIIIULI,COc1ccc(CNC(=O)Nc2ncc([N+](=O)[O-])s2)cc1,COc1ccc(CNC(=O)Nc2ncc([N+](=O)[O-])s2)cc1,1,True,True,,YAEMHJKFIIIULI
58,59,GSK-3 Inhibitor IX,667463-62-9,True,,667463-62-9,448949,GSK-3 Inhibitor IX,448949,https://pubchem.ncbi.nlm.nih.gov/rest/pug/compound/name/667463-62-9/cids/JSON,https://pubchem.ncbi.nlm.nih.gov/rest/pug/compound/name/GSK-3%20Inhibitor%20IX/cids/JSON,448949,resolved_unique_cas_name_agrees,False,cas_name_agree,2026-08-10,448949,SAQUSDSPQYQNBG-UHFFFAOYSA-N,SAQUSDSPQYQNBG,C1=CC=C2C(=C1)C(=C(N2)C3=C(NC4=C3C=CC(=C4)Br)O)N=O,C1=CC=C2C(=C1)C(=C(N2)C3=C(NC4=C3C=CC(=C4)Br)O)N=O,SAQUSDSPQYQNBG-UHFFFAOYSA-N,6-bromo-3-(3-nitroso-1H-indol-2-yl)-1H-indol-2-ol,SAQUSDSPQYQNBG-UHFFFAOYSA-N,SAQUSDSPQYQNBG,O=Nc1c(-c2c(O)[nH]c3cc(Br)ccc23)[nH]c2ccccc12,O=Nc1c(-c2c(O)[nH]c3cc(Br)ccc23)[nH]c2ccccc12,1,True,True,,SAQUSDSPQYQNBG
59,60,GSK-3 Inhibitor X,740841-15-0,True,,740841-15-0,135398521;135440369;136218974,GSK-3 Inhibitor X,135398521;135440369;136218974,https://pubchem.ncbi.nlm.nih.gov/rest/pug/compound/name/740841-15-0/cids/JSON,https://pubchem.ncbi.nlm.nih.gov/rest/pug/compound/name/GSK-3%20Inhibitor%20X/cids/JSON,,unresolved_ambiguous_cas,True,nonunique_intersection,2026-08-10,135398521;135440369;136218974,HUDSYNWJCPDHLL-CJLVFECKSA-N;HUDSYNWJCPDHLL-JWGURIENSA-N;HUDSYNWJCPDHLL-UHFFFAOYSA-N,HUDSYNWJCPDHLL,,,,,,,,,,False,False,HUDSYNWJCPDHLL,HUDSYNWJCPDHLL
60,61,GSK-3b Inhibitor XI,626604-39-5,True,,626604-39-5,10020713,GSK-3b Inhibitor XI,10020713,https://pubchem.ncbi.nlm.nih.gov/rest/pug/compound/name/626604-39-5/cids/JSON,https://pubchem.ncbi.nlm.nih.gov/rest/pug/compound/name/GSK-3b%20Inhibitor%20XI/cids/JSON,10020713,resolved_unique_cas_name_agrees,False,cas_name_agree,2026-08-10,10020713,ZDEJZKULWCZIHL-UHFFFAOYSA-N,ZDEJZKULWCZIHL,C1=CC2=C(N=C1)N(C=C2C3=C(C(=O)NC3=O)C4=NC=CN=C4)CCCO,C1=CC2=C(N=C1)N(C=C2C3=C(C(=O)NC3=O)C4=NC=CN=C4)CCCO,ZDEJZKULWCZIHL-UHFFFAOYSA-N,"3-[1-(3-hydroxypropyl)pyrrolo[2,3-b]pyridin-3-yl]-4-pyrazin-2-ylpyrrole-2,5-dione",ZDEJZKULWCZIHL-UHFFFAOYSA-N,ZDEJZKULWCZIHL,O=C1NC(=O)C(c2cn(CCCO)c3ncccc23)=C1c1cnccn1,O=C1NC(=O)C(c2cn(CCCO)c3ncccc23)=C1c1cnccn1,1,True,True,,ZDEJZKULWCZIHL
61,62,"GSK3b Inhibitor XII, TWS119",601514-19-6,True,,601514-19-6,9549289,"GSK3b Inhibitor XII, TWS119",,https://pubchem.ncbi.nlm.nih.gov/rest/pug/compound/name/601514-19-6/cids/JSON,https://pubchem.ncbi.nlm.nih.gov/rest/pug/compound/name/GSK3b%20Inhibitor%20XII%2C%20TWS119/cids/JSON,9549289,resolved_unique_cas_name_not_found,False,cas_unique,2026-08-10,9549289,VPVLEBIVXZSOMQ-UHFFFAOYSA-N,VPVLEBIVXZSOMQ,C1=CC(=CC(=C1)N)C2=CC3=C(N2)N=CN=C3OC4=CC=CC(=C4)O,C1=CC(=CC(=C1)N)C2=CC3=C(N2)N=CN=C3OC4=CC=CC(=C4)O,VPVLEBIVXZSOMQ-UHFFFAOYSA-N,"3-[[6-(3-aminophenyl)-7H-pyrrolo[2,3-d]pyrimidin-4-yl]oxy]phenol",VPVLEBIVXZSOMQ-UHFFFAOYSA-N,VPVLEBIVXZSOMQ,Nc1cccc(-c2cc3c(Oc4cccc(O)c4)ncnc3[nH]2)c1,Nc1cccc(-c2cc3c(Oc4cccc(O)c4)ncnc3[nH]2)c1,1,True,True,,VPVLEBIVXZSOMQ
62,63,GSK-3 Inhibitor XIII,404828-08-6,True,,404828-08-6,,GSK-3 Inhibitor XIII,6419766,https://pubchem.ncbi.nlm.nih.gov/rest/pug/compound/name/404828-08-6/cids/JSON,https://pubchem.ncbi.nlm.nih.gov/rest/pug/compound/name/GSK-3%20Inhibitor%20XIII/cids/JSON,6419766,resolved_unique_name_only,False,cas_not_found,2026-08-10,6419766,JYCUVOXSZBECAY-UHFFFAOYSA-N,JYCUVOXSZBECAY,CC1=CC(=NN1)NC2=NC(=NC3=CC=CC=C32)C4=CC=CC=C4,CC1=CC(=NN1)NC2=NC(=NC3=CC=CC=C32)C4=CC=CC=C4,JYCUVOXSZBECAY-UHFFFAOYSA-N,N-(5-methyl-1H-pyrazol-3-yl)-2-phenylquinazolin-4-amine,JYCUVOXSZBECAY-UHFFFAOYSA-N,JYCUVOXSZBECAY,Cc1cc(Nc2nc(-c3ccccc3)nc3ccccc23)n[nH]1,Cc1cc(Nc2nc(-c3ccccc3)nc3ccccc23)n[nH]1,1,True,True,,JYCUVOXSZBECAY
63,64,Gö 6976,136194-77-9,True,,136194-77-9,3501,Gö 6976,,https://pubchem.ncbi.nlm.nih.gov/rest/pug/compound/name/136194-77-9/cids/JSON,https://pubchem.ncbi.nlm.nih.gov/rest/pug/compound/name/G%C3%B6%206976/cids/JSON,3501,resolved_unique_cas_name_not_found,False,cas_unique,2026-08-10,3501,VWVYILCFSYNJHF-UHFFFAOYSA-N,VWVYILCFSYNJHF,CN1C2=CC=CC=C2C3=C4C(=C5C6=CC=CC=C6N(C5=C31)CCC#N)CNC4=O,CN1C2=CC=CC=C2C3=C4C(=C5C6=CC=CC=C6N(C5=C31)CCC#N)CNC4=O,VWVYILCFSYNJHF-UHFFFAOYSA-N,"3-(23-methyl-14-oxo-3,13,23-triazahexacyclo[14.7.0.02,10.04,9.011,15.017,22]tricosa-1,4,6,8,10,15,17,19,21-nonaen-3-yl)propanenitrile",VWVYILCFSYNJHF-UHFFFAOYSA-N,VWVYILCFSYNJHF,Cn1c2ccccc2c2c3c(c4c5ccccc5n(CCC#N)c4c21)CNC3=O,Cn1c2ccccc2c2c3c(c4c5ccccc5n(CCC#N)c4c21)CNC3=O,1,True,True,,VWVYILCFSYNJHF
64,65,Gö 6983,133053-19-7,True,,133053-19-7,3499,Gö 6983,,https://pubchem.ncbi.nlm.nih.gov/rest/pug/compound/name/133053-19-7/cids/JSON,https://pubchem.ncbi.nlm.nih.gov/rest/pug/compound/name/G%C3%B6%206983/cids/JSON,3499,resolved_unique_cas_name_not_found,False,cas_unique,2026-08-10,3499,LLJJDLHGZUOMQP-UHFFFAOYSA-N,LLJJDLHGZUOMQP,CN(C)CCCN1C=C(C2=C1C=CC(=C2)OC)C3=C(C(=O)NC3=O)C4=CNC5=CC=CC=C54,CN(C)CCCN1C=C(C2=C1C=CC(=C2)OC)C3=C(C(=O)NC3=O)C4=CNC5=CC=CC=C54,LLJJDLHGZUOMQP-UHFFFAOYSA-N,"3-[1-[3-(dimethylamino)propyl]-5-methoxyindol-3-yl]-4-(1H-indol-3-yl)pyrrole-2,5-dione",LLJJDLHGZUOMQP-UHFFFAOYSA-N,LLJJDLHGZUOMQP,COc1ccc2c(c1)c(C1=C(c3c[nH]c4ccccc34)C(=O)NC1=O)cn2CCCN(C)C,COc1ccc2c(c1)c(C1=C(c3c[nH]c4ccccc34)C(=O)NC1=O)cn2CCCN(C)C,1,True,True,,LLJJDLHGZUOMQP
65,66,GTP-14564,34823-86-4,True,,34823-86-4,3385203,GTP-14564,3385203,https://pubchem.ncbi.nlm.nih.gov/rest/pug/compound/name/34823-86-4/cids/JSON,https://pubchem.ncbi.nlm.nih.gov/rest/pug/compound/name/GTP-14564/cids/JSON,3385203,resolved_unique_cas_name_agrees,False,cas_name_agree,2026-08-10,3385203,DZQLVVLATXPWBK-UHFFFAOYSA-N,DZQLVVLATXPWBK,C1=CC=C(C=C1)C2=NNC3=C2OC4=CC=CC=C43,C1=CC=C(C=C1)C2=NNC3=C2OC4=CC=CC=C43,DZQLVVLATXPWBK-UHFFFAOYSA-N,"3-phenyl-1H-[1]benzofuro[3,2-c]pyrazole",DZQLVVLATXPWBK-UHFFFAOYSA-N,DZQLVVLATXPWBK,c1ccc(-c2n[nH]c3c2oc2ccccc23)cc1,c1ccc(-c2n[nH]c3c2oc2ccccc23)cc1,1,True,True,,DZQLVVLATXPWBK
66,67,Isogranulatimide,244148-46-7,True,,244148-46-7,135418335,Isogranulatimide,135418335,https://pubchem.ncbi.nlm.nih.gov/rest/pug/compound/name/244148-46-7/cids/JSON,https://pubchem.ncbi.nlm.nih.gov/rest/pug/compound/name/Isogranulatimide/cids/JSON,135418335,resolved_unique_cas_name_agrees,False,cas_name_agree,2026-08-10,135418335,KUWAFJHRXZRHJH-UHFFFAOYSA-N,KUWAFJHRXZRHJH,C1=CC=C2C(=C1)C3=C4C(=C(NC4=O)O)C5=CN=CN5C3=N2,C1=CC=C2C(=C1)C3=C4C(=C(NC4=O)O)C5=CN=CN5C3=N2,KUWAFJHRXZRHJH-UHFFFAOYSA-N,"8-hydroxy-2,4,9,19-tetrazapentacyclo[10.7.0.02,6.07,11.013,18]nonadeca-1(19),3,5,7,11,13,15,17-octaen-10-one",KUWAFJHRXZRHJH-UHFFFAOYSA-N,KUWAFJHRXZRHJH,O=c1[nH]c(O)c2c1c1c3ccccc3nc1n1cncc21,O=c1[nH]c(O)c2c1c1c3ccccc3nc1n1cncc21,1,True,True,,KUWAFJHRXZRHJH
67,68,"H-89, Dihydrochloride",127243-85-0,True,,127243-85-0,449241;5702541,"H-89, Dihydrochloride",,https://pubchem.ncbi.nlm.nih.gov/rest/pug/compound/name/127243-85-0/cids/JSON,https://pubchem.ncbi.nlm.nih.gov/rest/pug/compound/name/H-89%2C%20Dihydrochloride/cids/JSON,,unresolved_ambiguous_cas,True,nonunique_intersection,2026-08-10,449241;5702541,GELOGQJVGPIKAM-WTVBWJGASA-N;ZKZXNDJNWUTGDK-NSCUHMNNSA-N,GELOGQJVGPIKAM;ZKZXNDJNWUTGDK,,,,,,,,,,False,False,GELOGQJVGPIKAM;ZKZXNDJNWUTGDK,GELOGQJVGPIKAM;ZKZXNDJNWUTGDK
68,69,"HA 1077, Dihydrochloride Fasudil",103745-39-7,True,,103745-39-7,3547,"HA 1077, Dihydrochloride Fasudil",,https://pubchem.ncbi.nlm.nih.gov/rest/pug/compound/name/103745-39-7/cids/JSON,https://pubchem.ncbi.nlm.nih.gov/rest/pug/compound/name/HA%201077%2C%20Dihydrochloride%20Fasudil/cids/JSON,3547,resolved_unique_cas_name_not_found,False,cas_unique,2026-08-10,3547,NGOGFTYYXHNFQH-UHFFFAOYSA-N,NGOGFTYYXHNFQH,C1CNCCN(C1)S(=O)(=O)C2=CC=CC3=C2C=CN=C3,C1CNCCN(C1)S(=O)(=O)C2=CC=CC3=C2C=CN=C3,NGOGFTYYXHNFQH-UHFFFAOYSA-N,"5-(1,4-diazepan-1-ylsulfonyl)isoquinoline",NGOGFTYYXHNFQH-UHFFFAOYSA-N,NGOGFTYYXHNFQH,O=S(=O)(c1cccc2cnccc12)N1CCCNCC1,O=S(=O)(c1cccc2cnccc12)N1CCCNCC1,1,True,True,,NGOGFTYYXHNFQH
69,70,"Herbimycin A, Streptomyces sp.",70563-58-5,True,,70563-58-5,5311102,"Herbimycin A, Streptomyces sp.",,https://pubchem.ncbi.nlm.nih.gov/rest/pug/compound/name/70563-58-5/cids/JSON,https://pubchem.ncbi.nlm.nih.gov/rest/pug/compound/name/Herbimycin%20A%2C%20Streptomyces%20sp./cids/JSON,5311102,resolved_unique_cas_name_not_found,False,cas_unique,2026-08-10,5311102,MCAHMSDENAOJFZ-BVXDHVRPSA-N,MCAHMSDENAOJFZ,C[C@H]1C[C@@H]([C@@H]([C@H](/C=C(/[C@@H]([C@H](/C=C\C=C(\C(=O)NC2=CC(=O)C=C([C@@H]1OC)C2=O)/C)OC)OC(=O)N)\C)C)OC)OC,CC1CC(C(C(C=C(C(C(C=CC=C(C(=O)NC2=CC(=O)C=C(C1OC)C2=O)C)OC)OC(=O)N)C)C)OC)OC,MCAHMSDENAOJFZ-BVXDHVRPSA-N,"[(4E,6Z,8S,9S,10E,12S,13R,14S,16S,17R)-8,13,14,17-tetramethoxy-4,10,12,16-tetramethyl-3,20,22-trioxo-2-azabicyclo[16.3.1]docosa-1(21),4,6,10,18-pentaen-9-yl] carbamate",MCAHMSDENAOJFZ-BVXDHVRPSA-N,MCAHMSDENAOJFZ,CO[C@H]1[C@@H](OC)C[C@H](C)[C@@H](OC)C2=CC(=O)C=C(NC(=O)/C(C)=C/C=C\[C@H](OC)[C@@H](OC(N)=O)/C(C)=C/[C@@H]1C)C2=O,COC1C=CC=C(C)C(=O)NC2=CC(=O)C=C(C2=O)C(OC)C(C)CC(OC)C(OC)C(C)C=C(C)C1OC(N)=O,1,True,True,,MCAHMSDENAOJFZ
70,71,IC261,186611-52-9,True,,186611-52-9,5288600,IC261,5288600,https://pubchem.ncbi.nlm.nih.gov/rest/pug/compound/name/186611-52-9/cids/JSON,https://pubchem.ncbi.nlm.nih.gov/rest/pug/compound/name/IC261/cids/JSON,5288600,resolved_unique_cas_name_agrees,False,cas_name_agree,2026-08-10,5288600,JBJYTZXCZDNOJW-JLHYYAGUSA-N,JBJYTZXCZDNOJW,COC1=CC(=C(C(=C1)OC)/C=C/2\C3=CC=CC=C3NC2=O)OC,COC1=CC(=C(C(=C1)OC)C=C2C3=CC=CC=C3NC2=O)OC,JBJYTZXCZDNOJW-JLHYYAGUSA-N,"(3E)-3-[(2,4,6-trimethoxyphenyl)methylidene]-1H-indol-2-one",JBJYTZXCZDNOJW-JLHYYAGUSA-N,JBJYTZXCZDNOJW,COc1cc(OC)c(/C=C2/C(=O)Nc3ccccc32)c(OC)c1,COc1cc(OC)c(C=C2C(=O)Nc3ccccc32)c(OC)c1,1,True,True,,JBJYTZXCZDNOJW
71,72,IKK-2 Inhibitor IV,507475-17-4,True,,507475-17-4,9903786,IKK-2 Inhibitor IV,9903786,https://pubchem.ncbi.nlm.nih.gov/rest/pug/compound/name/507475-17-4/cids/JSON,https://pubchem.ncbi.nlm.nih.gov/rest/pug/compound/name/IKK-2%20Inhibitor%20IV/cids/JSON,9903786,resolved_unique_cas_name_agrees,False,cas_name_agree,2026-08-10,9903786,SAYGKHKXGCPTLX-UHFFFAOYSA-N,SAYGKHKXGCPTLX,C1=CC(=CC=C1C2=CC(=C(S2)NC(=O)N)C(=O)N)F,C1=CC(=CC=C1C2=CC(=C(S2)NC(=O)N)C(=O)N)F,SAYGKHKXGCPTLX-UHFFFAOYSA-N,2-(carbamoylamino)-5-(4-fluorophenyl)thiophene-3-carboxamide,SAYGKHKXGCPTLX-UHFFFAOYSA-N,SAYGKHKXGCPTLX,NC(=O)Nc1sc(-c2ccc(F)cc2)cc1C(N)=O,NC(=O)Nc1sc(-c2ccc(F)cc2)cc1C(N)=O,1,True,True,,SAYGKHKXGCPTLX
72,73,Indirubin Derivative E804,854171-35-0,True,,854171-35-0,135398511;135565344;136218975,Indirubin Derivative E804,135398511;135565344;136218975,https://pubchem.ncbi.nlm.nih.gov/rest/pug/compound/name/854171-35-0/cids/JSON,https://pubchem.ncbi.nlm.nih.gov/rest/pug/compound/name/Indirubin%20Derivative%20E804/cids/JSON,,unresolved_ambiguous_cas,True,nonunique_intersection,2026-08-10,135398511;135565344;136218975,TWOSIFOFWWXXIG-NKFKGCMQSA-N;TWOSIFOFWWXXIG-PTGBLXJZSA-N;TWOSIFOFWWXXIG-UHFFFAOYSA-N,TWOSIFOFWWXXIG,,,,,,,,,,False,False,TWOSIFOFWWXXIG,TWOSIFOFWWXXIG
73,74,Indirubin-3′-monoxime,160807-49-8,True,,160807-49-8,3707,Indirubin-3′-monoxime,3707,https://pubchem.ncbi.nlm.nih.gov/rest/pug/compound/name/160807-49-8/cids/JSON,https://pubchem.ncbi.nlm.nih.gov/rest/pug/compound/name/Indirubin-3%E2%80%B2-monoxime/cids/JSON,3707,resolved_unique_cas_name_agrees,False,cas_name_agree,2026-08-10,3707,FQCPPVRJPILDIK-UHFFFAOYSA-N,FQCPPVRJPILDIK,C1=CC=C2C(=C1)C(=C(N2)O)C3=C(C4=CC=CC=C4N3)N=O,C1=CC=C2C(=C1)C(=C(N2)O)C3=C(C4=CC=CC=C4N3)N=O,FQCPPVRJPILDIK-UHFFFAOYSA-N,3-(3-nitroso-1H-indol-2-yl)-1H-indol-2-ol,FQCPPVRJPILDIK-UHFFFAOYSA-N,FQCPPVRJPILDIK,O=Nc1c(-c2c(O)[nH]c3ccccc23)[nH]c2ccccc12,O=Nc1c(-c2c(O)[nH]c3ccccc23)[nH]c2ccccc12,1,True,True,,FQCPPVRJPILDIK
74,75,IGF-1R Inhibitor II,196868-63-0,True,,196868-63-0,9549305,IGF-1R Inhibitor II,9549305,https://pubchem.ncbi.nlm.nih.gov/rest/pug/compound/name/196868-63-0/cids/JSON,https://pubchem.ncbi.nlm.nih.gov/rest/pug/compound/name/IGF-1R%20Inhibitor%20II/cids/JSON,9549305,resolved_unique_cas_name_agrees,False,cas_name_agree,2026-08-10,9549305,YBLWOZUPHDKFOT-UHFFFAOYSA-N,YBLWOZUPHDKFOT,CC1=NC2=CC=CC=C2C(=C1)NC(=O)NC3=C(C=CC(=C3)Cl)OC,CC1=NC2=CC=CC=C2C(=C1)NC(=O)NC3=C(C=CC(=C3)Cl)OC,YBLWOZUPHDKFOT-UHFFFAOYSA-N,1-(5-chloro-2-methoxyphenyl)-3-(2-methylquinolin-4-yl)urea,YBLWOZUPHDKFOT-UHFFFAOYSA-N,YBLWOZUPHDKFOT,COc1ccc(Cl)cc1NC(=O)Nc1cc(C)nc2ccccc12,COc1ccc(Cl)cc1NC(=O)Nc1cc(C)nc2ccccc12,1,True,True,,YBLWOZUPHDKFOT
75,76,IRAK-1/4 Inhibitor,509093-47-4,True,,509093-47-4,11983295,IRAK-1/4 Inhibitor,,https://pubchem.ncbi.nlm.nih.gov/rest/pug/compound/name/509093-47-4/cids/JSON,https://pubchem.ncbi.nlm.nih.gov/rest/pug/compound/name/IRAK-1%2F4%20Inhibitor/cids/JSON,11983295,resolved_unique_cas_name_not_found,False,cas_unique,2026-08-10,11983295,QTCFYQHZJIIHBS-UHFFFAOYSA-N,QTCFYQHZJIIHBS,C1COCCN1CCN2C3=CC=CC=C3N=C2NC(=O)C4=CC(=CC=C4)[N+](=O)[O-],C1COCCN1CCN2C3=CC=CC=C3N=C2NC(=O)C4=CC(=CC=C4)[N+](=O)[O-],QTCFYQHZJIIHBS-UHFFFAOYSA-N,N-[1-(2-morpholin-4-ylethyl)benzimidazol-2-yl]-3-nitrobenzamide,QTCFYQHZJIIHBS-UHFFFAOYSA-N,QTCFYQHZJIIHBS,O=C(Nc1nc2ccccc2n1CCN1CCOCC1)c1cccc([N+](=O)[O-])c1,O=C(Nc1nc2ccccc2n1CCN1CCOCC1)c1cccc([N+](=O)[O-])c1,1,True,True,,QTCFYQHZJIIHBS
76,77,JAK Inhibitor I,457081-03-7,True,,457081-03-7,5494425,JAK Inhibitor I,5494425,https://pubchem.ncbi.nlm.nih.gov/rest/pug/compound/name/457081-03-7/cids/JSON,https://pubchem.ncbi.nlm.nih.gov/rest/pug/compound/name/JAK%20Inhibitor%20I/cids/JSON,5494425,resolved_unique_cas_name_agrees,False,cas_name_agree,2026-08-10,5494425,VNDWQCSOSCCWIP-UHFFFAOYSA-N,VNDWQCSOSCCWIP,CC(C)(C)C1=NC2=C(N1)C3=C(C=C(C=C3)F)C4=C2C=CNC4=O,CC(C)(C)C1=NC2=C(N1)C3=C(C=C(C=C3)F)C4=C2C=CNC4=O,VNDWQCSOSCCWIP-UHFFFAOYSA-N,"4-tert-butyl-15-fluoro-3,5,10-triazatetracyclo[11.4.0.02,6.07,12]heptadeca-1(13),2(6),4,7(12),8,14,16-heptaen-11-one",VNDWQCSOSCCWIP-UHFFFAOYSA-N,VNDWQCSOSCCWIP,CC(C)(C)c1nc2c3cc[nH]c(=O)c3c3cc(F)ccc3c2[nH]1,CC(C)(C)c1nc2c3cc[nH]c(=O)c3c3cc(F)ccc3c2[nH]1,1,True,True,,VNDWQCSOSCCWIP
77,78,JAK3 Inhibitor II,211555-04-3,True,,211555-04-3,3795,JAK3 Inhibitor II,3795,https://pubchem.ncbi.nlm.nih.gov/rest/pug/compound/name/211555-04-3/cids/JSON,https://pubchem.ncbi.nlm.nih.gov/rest/pug/compound/name/JAK3%20Inhibitor%20II/cids/JSON,3795,resolved_unique_cas_name_agrees,False,cas_name_agree,2026-08-10,3795,CBIAKDAYHRWZCU-UHFFFAOYSA-N,CBIAKDAYHRWZCU,COC1=C(C=C2C(=C1)C(=NC=N2)NC3=CC(=C(C=C3)O)Br)OC,COC1=C(C=C2C(=C1)C(=NC=N2)NC3=CC(=C(C=C3)O)Br)OC,CBIAKDAYHRWZCU-UHFFFAOYSA-N,"2-bromo-4-[(6,7-dimethoxyquinazolin-4-yl)amino]phenol",CBIAKDAYHRWZCU-UHFFFAOYSA-N,CBIAKDAYHRWZCU,COc1cc2ncnc(Nc3ccc(O)c(Br)c3)c2cc1OC,COc1cc2ncnc(Nc3ccc(O)c(Br)c3)c2cc1OC,1,True,True,,CBIAKDAYHRWZCU
78,79,JNK Inhibitor II,129-56-6,True,,129-56-6,8515,JNK Inhibitor II,8515,https://pubchem.ncbi.nlm.nih.gov/rest/pug/compound/name/129-56-6/cids/JSON,https://pubchem.ncbi.nlm.nih.gov/rest/pug/compound/name/JNK%20Inhibitor%20II/cids/JSON,8515,resolved_unique_cas_name_agrees,False,cas_name_agree,2026-08-10,8515,ACPOUJIDANTYHO-UHFFFAOYSA-N,ACPOUJIDANTYHO,C1=CC=C2C(=C1)C3=NNC4=CC=CC(=C43)C2=O,C1=CC=C2C(=C1)C3=NNC4=CC=CC(=C43)C2=O,ACPOUJIDANTYHO-UHFFFAOYSA-N,"14,15-diazatetracyclo[7.6.1.02,7.013,16]hexadeca-1(15),2,4,6,9(16),10,12-heptaen-8-one",ACPOUJIDANTYHO-UHFFFAOYSA-N,ACPOUJIDANTYHO,O=C1c2ccccc2-c2n[nH]c3cccc1c23,O=C1c2ccccc2-c2n[nH]c3cccc1c23,1,True,True,,ACPOUJIDANTYHO
79,80,JAK3 Inhibitor IV,58753-54-1,True,,58753-54-1,3797;176406,JAK3 Inhibitor IV,3797,https://pubchem.ncbi.nlm.nih.gov/rest/pug/compound/name/58753-54-1/cids/JSON,https://pubchem.ncbi.nlm.nih.gov/rest/pug/compound/name/JAK3%20Inhibitor%20IV/cids/JSON,3797,resolved_unique_cas_name_intersection,False,unique_intersection,2026-08-10,3797;176406,JSASWRWALCMOQP-UHFFFAOYSA-N;NJTUORMLOPXPBY-UHFFFAOYSA-N,JSASWRWALCMOQP;NJTUORMLOPXPBY,CC(C)N(CCC(=O)C1=CC2=CC=CC=C2C=C1)CC3=CC=CC=C3,CC(C)N(CCC(=O)C1=CC2=CC=CC=C2C=C1)CC3=CC=CC=C3,JSASWRWALCMOQP-UHFFFAOYSA-N,3-[benzyl(propan-2-yl)amino]-1-naphthalen-2-ylpropan-1-one,JSASWRWALCMOQP-UHFFFAOYSA-N,JSASWRWALCMOQP,CC(C)N(CCC(=O)c1ccc2ccccc2c1)Cc1ccccc1,CC(C)N(CCC(=O)c1ccc2ccccc2c1)Cc1ccccc1,1,True,True,,JSASWRWALCMOQP
80,81,"JNK Inhibitor, Negative Control",54642-23-8,True,,54642-23-8,11665831,"JNK Inhibitor, Negative Control",11665831,https://pubchem.ncbi.nlm.nih.gov/rest/pug/compound/name/54642-23-8/cids/JSON,https://pubchem.ncbi.nlm.nih.gov/rest/pug/compound/name/JNK%20Inhibitor%2C%20Negative%20Control/cids/JSON,11665831,resolved_unique_cas_name_agrees,False,cas_name_agree,2026-08-10,11665831,ODZGYELAMAOARP-UHFFFAOYSA-N,ODZGYELAMAOARP,CN1C2=CC=CC3=C2C(=N1)C4=CC=CC=C4C3=O,CN1C2=CC=CC3=C2C(=N1)C4=CC=CC=C4C3=O,ODZGYELAMAOARP-UHFFFAOYSA-N,"14-methyl-14,15-diazatetracyclo[7.6.1.02,7.013,16]hexadeca-1(15),2,4,6,9(16),10,12-heptaen-8-one",ODZGYELAMAOARP-UHFFFAOYSA-N,ODZGYELAMAOARP,Cn1nc2c3c(cccc31)C(=O)c1ccccc1-2,Cn1nc2c3c(cccc31)C(=O)c1ccccc1-2,1,True,True,,ODZGYELAMAOARP
81,82,JAK3 Inhibitor VI,856436-16-3,True,,856436-16-3,16760524,JAK3 Inhibitor VI,9947841,https://pubchem.ncbi.nlm.nih.gov/rest/pug/compound/name/856436-16-3/cids/JSON,https://pubchem.ncbi.nlm.nih.gov/rest/pug/compound/name/JAK3%20Inhibitor%20VI/cids/JSON,,unresolved_cas_name_conflict,True,disjoint_candidate_sets,2026-08-10,9947841;16760524,IQNTXIMXKCURDC-YBEGLDIGSA-N;ZUDPNBZMAJGYTE-HYMQDMCPSA-N,IQNTXIMXKCURDC;ZUDPNBZMAJGYTE,,,,,,,,,,False,False,IQNTXIMXKCURDC;ZUDPNBZMAJGYTE,IQNTXIMXKCURDC;ZUDPNBZMAJGYTE
82,83,JNK Inhibitor V,345987-15-7,True,,345987-15-7,10109823,JNK Inhibitor V,,https://pubchem.ncbi.nlm.nih.gov/rest/pug/compound/name/345987-15-7/cids/JSON,https://pubchem.ncbi.nlm.nih.gov/rest/pug/compound/name/JNK%20Inhibitor%20V/cids/JSON,10109823,resolved_unique_cas_name_not_found,False,cas_unique,2026-08-10,10109823,RCYPVQCPYKNSTG-UHFFFAOYSA-N,RCYPVQCPYKNSTG,C1=CC=C2C(=C1)N=C(S2)C(C#N)C3=NC(=NC=C3)NCCC4=CN=CC=C4,C1=CC=C2C(=C1)N=C(S2)C(C#N)C3=NC(=NC=C3)NCCC4=CN=CC=C4,RCYPVQCPYKNSTG-UHFFFAOYSA-N,"2-(1,3-benzothiazol-2-yl)-2-[2-(2-pyridin-3-ylethylamino)pyrimidin-4-yl]acetonitrile",RCYPVQCPYKNSTG-UHFFFAOYSA-N,RCYPVQCPYKNSTG,N#CC(c1ccnc(NCCc2cccnc2)n1)c1nc2ccccc2s1,N#CC(c1ccnc(NCCc2cccnc2)n1)c1nc2ccccc2s1,1,True,True,,RCYPVQCPYKNSTG
83,84,JNK Inhibitor VIII,894804-07-0,True,,894804-07-0,11624601,JNK Inhibitor VIII,11624601,https://pubchem.ncbi.nlm.nih.gov/rest/pug/compound/name/894804-07-0/cids/JSON,https://pubchem.ncbi.nlm.nih.gov/rest/pug/compound/name/JNK%20Inhibitor%20VIII/cids/JSON,11624601,resolved_unique_cas_name_agrees,False,cas_name_agree,2026-08-10,11624601,KQMPRSZTUSSXND-UHFFFAOYSA-N,KQMPRSZTUSSXND,CCOC1=C(C(=CC(=N1)NC(=O)CC2=C(C=CC(=C2)OC)OC)N)C#N,CCOC1=C(C(=CC(=N1)NC(=O)CC2=C(C=CC(=C2)OC)OC)N)C#N,KQMPRSZTUSSXND-UHFFFAOYSA-N,"N-(4-amino-5-cyano-6-ethoxy-2-pyridinyl)-2-(2,5-dimethoxyphenyl)acetamide",KQMPRSZTUSSXND-UHFFFAOYSA-N,KQMPRSZTUSSXND,CCOc1nc(NC(=O)Cc2cc(OC)ccc2OC)cc(N)c1C#N,CCOc1nc(NC(=O)Cc2cc(OC)ccc2OC)cc(N)c1C#N,1,True,True,,KQMPRSZTUSSXND
84,85,JNK Inhibitor IX,312917-14-9,True,,312917-14-9,766949,JNK Inhibitor IX,766949,https://pubchem.ncbi.nlm.nih.gov/rest/pug/compound/name/312917-14-9/cids/JSON,https://pubchem.ncbi.nlm.nih.gov/rest/pug/compound/name/JNK%20Inhibitor%20IX/cids/JSON,766949,resolved_unique_cas_name_agrees,False,cas_name_agree,2026-08-10,766949,WQGDQGAFSDMBLA-UHFFFAOYSA-N,WQGDQGAFSDMBLA,C1CCC2=C(C1)C(=C(S2)NC(=O)C3=CC=CC4=CC=CC=C43)C#N,C1CCC2=C(C1)C(=C(S2)NC(=O)C3=CC=CC4=CC=CC=C43)C#N,WQGDQGAFSDMBLA-UHFFFAOYSA-N,"N-(3-cyano-4,5,6,7-tetrahydro-1-benzothiophen-2-yl)naphthalene-1-carboxamide",WQGDQGAFSDMBLA-UHFFFAOYSA-N,WQGDQGAFSDMBLA,N#Cc1c(NC(=O)c2cccc3ccccc23)sc2c1CCCC2,N#Cc1c(NC(=O)c2cccc3ccccc23)sc2c1CCCC2,1,True,True,,WQGDQGAFSDMBLA
85,86,"K-252a, Nocardiopsis sp.",97161-97-2,True,,97161-97-2,3813,"K-252a, Nocardiopsis sp.",490561,https://pubchem.ncbi.nlm.nih.gov/rest/pug/compound/name/97161-97-2/cids/JSON,https://pubchem.ncbi.nlm.nih.gov/rest/pug/compound/name/K-252a%2C%20Nocardiopsis%20sp./cids/JSON,,unresolved_cas_name_conflict,True,disjoint_candidate_sets,2026-08-10,3813;490561,KOZFSFOOLUUIGY-IYYJOCMQSA-N;KOZFSFOOLUUIGY-UHFFFAOYSA-N,KOZFSFOOLUUIGY,,,,,,,,,,False,False,KOZFSFOOLUUIGY,KOZFSFOOLUUIGY
86,87,Kenpaullone,142273-20-9,True,,142273-20-9,3820,Kenpaullone,3820,https://pubchem.ncbi.nlm.nih.gov/rest/pug/compound/name/142273-20-9/cids/JSON,https://pubchem.ncbi.nlm.nih.gov/rest/pug/compound/name/Kenpaullone/cids/JSON,3820,resolved_unique_cas_name_agrees,False,cas_name_agree,2026-08-10,3820,QQUXFYAWXPMDOE-UHFFFAOYSA-N,QQUXFYAWXPMDOE,C1C2=C(C3=CC=CC=C3NC1=O)NC4=C2C=C(C=C4)Br,C1C2=C(C3=CC=CC=C3NC1=O)NC4=C2C=C(C=C4)Br,QQUXFYAWXPMDOE-UHFFFAOYSA-N,"9-bromo-7,12-dihydro-5H-indolo[3,2-d][1]benzazepin-6-one",QQUXFYAWXPMDOE-UHFFFAOYSA-N,QQUXFYAWXPMDOE,O=C1Cc2c([nH]c3ccc(Br)cc23)-c2ccccc2N1,O=C1Cc2c([nH]c3ccc(Br)cc23)-c2ccccc2N1,1,True,True,,QQUXFYAWXPMDOE
87,88,KN-62,127191-97-3,True,,127191-97-3,5312126,KN-62,5312126,https://pubchem.ncbi.nlm.nih.gov/rest/pug/compound/name/127191-97-3/cids/JSON,https://pubchem.ncbi.nlm.nih.gov/rest/pug/compound/name/KN-62/cids/JSON,5312126,resolved_unique_cas_name_agrees,False,cas_name_agree,2026-08-10,5312126,RJVLFQBBRSMWHX-DHUJRADRSA-N,RJVLFQBBRSMWHX,CN([C@@H](CC1=CC=C(C=C1)OS(=O)(=O)C2=CC=CC3=C2C=CN=C3)C(=O)N4CCN(CC4)C5=CC=CC=C5)S(=O)(=O)C6=CC=CC7=C6C=CN=C7,CN(C(CC1=CC=C(C=C1)OS(=O)(=O)C2=CC=CC3=C2C=CN=C3)C(=O)N4CCN(CC4)C5=CC=CC=C5)S(=O)(=O)C6=CC=CC7=C6C=CN=C7,RJVLFQBBRSMWHX-DHUJRADRSA-N,[4-[(2S)-2-[isoquinolin-5-ylsulfonyl(methyl)amino]-3-oxo-3-(4-phenylpiperazin-1-yl)propyl]phenyl] isoquinoline-5-sulfonate,RJVLFQBBRSMWHX-DHUJRADRSA-N,RJVLFQBBRSMWHX,CN([C@@H](Cc1ccc(OS(=O)(=O)c2cccc3cnccc23)cc1)C(=O)N1CCN(c2ccccc2)CC1)S(=O)(=O)c1cccc2cnccc12,CN(C(Cc1ccc(OS(=O)(=O)c2cccc3cnccc23)cc1)C(=O)N1CCN(c2ccccc2)CC1)S(=O)(=O)c1cccc2cnccc12,1,True,True,,RJVLFQBBRSMWHX
88,89,KN-93,139298-40-1,True,,139298-40-1,3837,KN-93,5312122,https://pubchem.ncbi.nlm.nih.gov/rest/pug/compound/name/139298-40-1/cids/JSON,https://pubchem.ncbi.nlm.nih.gov/rest/pug/compound/name/KN-93/cids/JSON,,unresolved_cas_name_conflict,True,disjoint_candidate_sets,2026-08-10,3837;5312122,LLLQTDSSHZREGW-AATRIKPKSA-N;LLLQTDSSHZREGW-UHFFFAOYSA-N,LLLQTDSSHZREGW,,,,,,,,,,False,False,LLLQTDSSHZREGW,LLLQTDSSHZREGW
89,90,Lck Inhibitor,213743-31-8,True,,213743-31-8,6603792,Lck Inhibitor,11785878,https://pubchem.ncbi.nlm.nih.gov/rest/pug/compound/name/213743-31-8/cids/JSON,https://pubchem.ncbi.nlm.nih.gov/rest/pug/compound/name/Lck%20Inhibitor/cids/JSON,,unresolved_cas_name_conflict,True,disjoint_candidate_sets,2026-08-10,6603792;11785878,BHJJWVDKNXABFS-UHFFFAOYSA-N;FMETVQKSDIOGPX-UHFFFAOYSA-N,BHJJWVDKNXABFS;FMETVQKSDIOGPX,,,,,,,,,,False,False,BHJJWVDKNXABFS;FMETVQKSDIOGPX,BHJJWVDKNXABFS;FMETVQKSDIOGPX
90,91,LY 294002,154447-36-6,True,,154447-36-6,3973,LY 294002,3973,https://pubchem.ncbi.nlm.nih.gov/rest/pug/compound/name/154447-36-6/cids/JSON,https://pubchem.ncbi.nlm.nih.gov/rest/pug/compound/name/LY%20294002/cids/JSON,3973,resolved_unique_cas_name_agrees,False,cas_name_agree,2026-08-10,3973,CZQHHVNHHHRRDU-UHFFFAOYSA-N,CZQHHVNHHHRRDU,C1COCCN1C2=CC(=O)C3=C(O2)C(=CC=C3)C4=CC=CC=C4,C1COCCN1C2=CC(=O)C3=C(O2)C(=CC=C3)C4=CC=CC=C4,CZQHHVNHHHRRDU-UHFFFAOYSA-N,2-morpholin-4-yl-8-phenylchromen-4-one,CZQHHVNHHHRRDU-UHFFFAOYSA-N,CZQHHVNHHHRRDU,O=c1cc(N2CCOCC2)oc2c(-c3ccccc3)cccc12,O=c1cc(N2CCOCC2)oc2c(-c3ccccc3)cccc12,1,True,True,,CZQHHVNHHHRRDU
91,92,LY 303511- Negative control,154447-38-8,True,,154447-38-8,3971,LY 303511- Negative control,,https://pubchem.ncbi.nlm.nih.gov/rest/pug/compound/name/154447-38-8/cids/JSON,https://pubchem.ncbi.nlm.nih.gov/rest/pug/compound/name/LY%20303511-%20Negative%20control/cids/JSON,3971,resolved_unique_cas_name_not_found,False,cas_unique,2026-08-10,3971,NGAGMBNBKCDCDJ-UHFFFAOYSA-N,NGAGMBNBKCDCDJ,C1CN(CCN1)C2=CC(=O)C3=C(O2)C(=CC=C3)C4=CC=CC=C4,C1CN(CCN1)C2=CC(=O)C3=C(O2)C(=CC=C3)C4=CC=CC=C4,NGAGMBNBKCDCDJ-UHFFFAOYSA-N,8-phenyl-2-piperazin-1-ylchromen-4-one,NGAGMBNBKCDCDJ-UHFFFAOYSA-N,NGAGMBNBKCDCDJ,O=c1cc(N2CCNCC2)oc2c(-c3ccccc3)cccc12,O=c1cc(N2CCNCC2)oc2c(-c3ccccc3)cccc12,1,True,True,,NGAGMBNBKCDCDJ
92,93,MEK Inhibitor I,297744-42-4,True,,297744-42-4,9951490;24906276;69884981,MEK Inhibitor I,9951490,https://pubchem.ncbi.nlm.nih.gov/rest/pug/compound/name/297744-42-4/cids/JSON,https://pubchem.ncbi.nlm.nih.gov/rest/pug/compound/name/MEK%20Inhibitor%20I/cids/JSON,9951490,resolved_unique_cas_name_intersection,False,unique_intersection,2026-08-10,9951490;24906276;69884981,NHBMKTBZZSJUGA-FXBPSFAMSA-N;NHBMKTBZZSJUGA-HEHNFIMWSA-N;NHBMKTBZZSJUGA-UHFFFAOYSA-N,NHBMKTBZZSJUGA,C1=CC=C(C(=C1)N)S/C(=C(\C#N)/C2=CC=CC(=C2)C(C3=CC=NC=C3)O)/N,C1=CC=C(C(=C1)N)SC(=C(C#N)C2=CC=CC(=C2)C(C3=CC=NC=C3)O)N,NHBMKTBZZSJUGA-HEHNFIMWSA-N,(Z)-3-amino-3-(2-aminophenyl)sulfanyl-2-[3-[hydroxy(pyridin-4-yl)methyl]phenyl]prop-2-enenitrile,NHBMKTBZZSJUGA-HEHNFIMWSA-N,NHBMKTBZZSJUGA,N#C/C(=C(/N)Sc1ccccc1N)c1cccc(C(O)c2ccncc2)c1,N#CC(=C(N)Sc1ccccc1N)c1cccc(C(O)c2ccncc2)c1,1,True,True,,NHBMKTBZZSJUGA
93,94,MEK Inhibitor II,623163-52-0,True,,623163-52-0,389898,MEK Inhibitor II,389898,https://pubchem.ncbi.nlm.nih.gov/rest/pug/compound/name/623163-52-0/cids/JSON,https://pubchem.ncbi.nlm.nih.gov/rest/pug/compound/name/MEK%20Inhibitor%20II/cids/JSON,389898,resolved_unique_cas_name_agrees,False,cas_name_agree,2026-08-10,389898,GYQSWJNGTWVFOL-UHFFFAOYSA-N,GYQSWJNGTWVFOL,C1CC(=O)N(C1=O)C2=C(C(=O)C3=CC=CC=C3C2=O)Cl,C1CC(=O)N(C1=O)C2=C(C(=O)C3=CC=CC=C3C2=O)Cl,GYQSWJNGTWVFOL-UHFFFAOYSA-N,"1-(3-chloro-1,4-dioxonaphthalen-2-yl)pyrrolidine-2,5-dione",GYQSWJNGTWVFOL-UHFFFAOYSA-N,GYQSWJNGTWVFOL,O=C1C(Cl)=C(N2C(=O)CCC2=O)C(=O)c2ccccc21,O=C1C(Cl)=C(N2C(=O)CCC2=O)C(=O)c2ccccc21,1,True,True,,GYQSWJNGTWVFOL
94,95,MEK1/2 Inhibitor,305350-87-2,True,,305350-87-2,24906275,MEK1/2 Inhibitor,,https://pubchem.ncbi.nlm.nih.gov/rest/pug/compound/name/305350-87-2/cids/JSON,https://pubchem.ncbi.nlm.nih.gov/rest/pug/compound/name/MEK1%2F2%20Inhibitor/cids/JSON,24906275,resolved_unique_cas_name_not_found,False,cas_unique,2026-08-10,24906275,JLOXTZFYJNCPIS-UHFFFAOYSA-N,JLOXTZFYJNCPIS,C1=CC=C(C(=C1)C(=C(N)SC2=CC=C(C=C2)N)C#N)C(F)(F)F,C1=CC=C(C(=C1)C(=C(N)SC2=CC=C(C=C2)N)C#N)C(F)(F)F,JLOXTZFYJNCPIS-UHFFFAOYSA-N,3-amino-3-(4-aminophenyl)sulfanyl-2-[2-(trifluoromethyl)phenyl]prop-2-enenitrile,JLOXTZFYJNCPIS-UHFFFAOYSA-N,JLOXTZFYJNCPIS,N#CC(=C(N)Sc1ccc(N)cc1)c1ccccc1C(F)(F)F,N#CC(=C(N)Sc1ccc(N)cc1)c1ccccc1C(F)(F)F,1,True,True,,JLOXTZFYJNCPIS
95,96,Met Kinase Inhibitor,658084-23-2,True,,658084-23-2,9549297,Met Kinase Inhibitor,9549297,https://pubchem.ncbi.nlm.nih.gov/rest/pug/compound/name/658084-23-2/cids/JSON,https://pubchem.ncbi.nlm.nih.gov/rest/pug/compound/name/Met%20Kinase%20Inhibitor/cids/JSON,9549297,resolved_unique_cas_name_agrees,False,cas_name_agree,2026-08-10,9549297,FPYJSJDOHRDAMT-KQWNVCNZSA-N,FPYJSJDOHRDAMT,CC1=C(NC(=C1C(=O)N2CCN(CC2)C)C)/C=C\3/C4=C(C=CC(=C4)S(=O)(=O)N(C)C5=CC(=CC=C5)Cl)NC3=O,CC1=C(NC(=C1C(=O)N2CCN(CC2)C)C)C=C3C4=C(C=CC(=C4)S(=O)(=O)N(C)C5=CC(=CC=C5)Cl)NC3=O,FPYJSJDOHRDAMT-KQWNVCNZSA-N,"(3Z)-N-(3-chlorophenyl)-3-[[3,5-dimethyl-4-(4-methylpiperazine-1-carbonyl)-1H-pyrrol-2-yl]methylidene]-N-methyl-2-oxo-1H-indole-5-sulfonamide",FPYJSJDOHRDAMT-KQWNVCNZSA-N,FPYJSJDOHRDAMT,Cc1[nH]c(/C=C2\C(=O)Nc3ccc(S(=O)(=O)N(C)c4cccc(Cl)c4)cc32)c(C)c1C(=O)N1CCN(C)CC1,Cc1[nH]c(C=C2C(=O)Nc3ccc(S(=O)(=O)N(C)c4cccc(Cl)c4)cc32)c(C)c1C(=O)N1CCN(C)CC1,1,True,True,,FPYJSJDOHRDAMT
96,97,MNK1 Inhibitor,522629-08-9,True,,522629-08-9,11644425,MNK1 Inhibitor,11644425,https://pubchem.ncbi.nlm.nih.gov/rest/pug/compound/name/522629-08-9/cids/JSON,https://pubchem.ncbi.nlm.nih.gov/rest/pug/compound/name/MNK1%20Inhibitor/cids/JSON,11644425,resolved_unique_cas_name_agrees,False,cas_name_agree,2026-08-10,11644425,UQPMANVRZYYQMD-UHFFFAOYSA-N,UQPMANVRZYYQMD,C1=CC(=CC=C1NC2=C3C(=NC=NC3=NN2)N)F,C1=CC(=CC=C1NC2=C3C(=NC=NC3=NN2)N)F,UQPMANVRZYYQMD-UHFFFAOYSA-N,"3-N-(4-fluorophenyl)-2H-pyrazolo[3,4-d]pyrimidine-3,4-diamine",UQPMANVRZYYQMD-UHFFFAOYSA-N,UQPMANVRZYYQMD,Nc1ncnc2n[nH]c(Nc3ccc(F)cc3)c12,Nc1ncnc2n[nH]c(Nc3ccc(F)cc3)c12,1,True,True,,UQPMANVRZYYQMD
97,98,MK2a Inhibitor,41179-33-3,True,,41179-33-3,11382492,MK2a Inhibitor,11382492,https://pubchem.ncbi.nlm.nih.gov/rest/pug/compound/name/41179-33-3/cids/JSON,https://pubchem.ncbi.nlm.nih.gov/rest/pug/compound/name/MK2a%20Inhibitor/cids/JSON,11382492,resolved_unique_cas_name_agrees,False,cas_name_agree,2026-08-10,11382492,ODYAQBDIXCVKAE-UHFFFAOYSA-N,ODYAQBDIXCVKAE,C1=CC=C(C(=C1)C2=CC=C(C=C2)CCCC(=O)NC3=CC=C(C=C3)O)F,C1=CC=C(C(=C1)C2=CC=C(C=C2)CCCC(=O)NC3=CC=C(C=C3)O)F,ODYAQBDIXCVKAE-UHFFFAOYSA-N,4-[4-(2-fluorophenyl)phenyl]-N-(4-hydroxyphenyl)butanamide,ODYAQBDIXCVKAE-UHFFFAOYSA-N,ODYAQBDIXCVKAE,O=C(CCCc1ccc(-c2ccccc2F)cc1)Nc1ccc(O)cc1,O=C(CCCc1ccc(-c2ccccc2F)cc1)Nc1ccc(O)cc1,1,True,True,,ODYAQBDIXCVKAE
98,99,NF-kB Activation Inhibitor,545380-34-5,True,,545380-34-5,509554,NF-kB Activation Inhibitor,509554,https://pubchem.ncbi.nlm.nih.gov/rest/pug/compound/name/545380-34-5/cids/JSON,https://pubchem.ncbi.nlm.nih.gov/rest/pug/compound/name/NF-kB%20Activation%20Inhibitor/cids/JSON,509554,resolved_unique_cas_name_agrees,False,cas_name_agree,2026-08-10,509554,IBAKVEUZKHOWNG-UHFFFAOYSA-N,IBAKVEUZKHOWNG,C1=CC=C(C=C1)OC2=CC=C(C=C2)CCNC3=NC=NC4=C3C=C(C=C4)N,C1=CC=C(C=C1)OC2=CC=C(C=C2)CCNC3=NC=NC4=C3C=C(C=C4)N,IBAKVEUZKHOWNG-UHFFFAOYSA-N,"4-N-[2-(4-phenoxyphenyl)ethyl]quinazoline-4,6-diamine",IBAKVEUZKHOWNG-UHFFFAOYSA-N,IBAKVEUZKHOWNG,Nc1ccc2ncnc(NCCc3ccc(Oc4ccccc4)cc3)c2c1,Nc1ccc2ncnc(NCCc3ccc(Oc4ccccc4)cc3)c2c1,1,True,True,,IBAKVEUZKHOWNG
99,100,p38 MAP Kinase Inhibitor III,581098-48-8,True,,581098-48-8,10938334,p38 MAP Kinase Inhibitor III,6419739,https://pubchem.ncbi.nlm.nih.gov/rest/pug/compound/name/581098-48-8/cids/JSON,https://pubchem.ncbi.nlm.nih.gov/rest/pug/compound/name/p38%20MAP%20Kinase%20Inhibitor%20III/cids/JSON,,unresolved_cas_name_conflict,True,disjoint_candidate_sets,2026-08-10,6419739;10938334,VXPWQNBKEIVYIS-HNNXBMFYSA-N;VXPWQNBKEIVYIS-UHFFFAOYSA-N,VXPWQNBKEIVYIS,,,,,,,,,,False,False,VXPWQNBKEIVYIS,VXPWQNBKEIVYIS
100,101,p38 MAP Kinase Inhibitor,219138-24-6,True,,219138-24-6,4665,p38 MAP Kinase Inhibitor,4665,https://pubchem.ncbi.nlm.nih.gov/rest/pug/compound/name/219138-24-6/cids/JSON,https://pubchem.ncbi.nlm.nih.gov/rest/pug/compound/name/p38%20MAP%20Kinase%20Inhibitor/cids/JSON,4665,resolved_unique_cas_name_agrees,False,cas_name_agree,2026-08-10,4665,DZFBYHUKZSRPHU-UHFFFAOYSA-N,DZFBYHUKZSRPHU,C1=CC(=CC=C1C2=C(NN(C2=O)C3=CC=C(C=C3)Cl)C4=CC=NC=C4)F,C1=CC(=CC=C1C2=C(NN(C2=O)C3=CC=C(C=C3)Cl)C4=CC=NC=C4)F,DZFBYHUKZSRPHU-UHFFFAOYSA-N,2-(4-chlorophenyl)-4-(4-fluorophenyl)-5-pyridin-4-yl-1H-pyrazol-3-one,DZFBYHUKZSRPHU-UHFFFAOYSA-N,DZFBYHUKZSRPHU,O=c1c(-c2ccc(F)cc2)c(-c2ccncc2)[nH]n1-c1ccc(Cl)cc1,O=c1c(-c2ccc(F)cc2)c(-c2ccncc2)[nH]n1-c1ccc(Cl)cc1,1,True,True,,DZFBYHUKZSRPHU
101,102,PD 98059,167869-21-8,True,,167869-21-8,4713,PD 98059,4713,https://pubchem.ncbi.nlm.nih.gov/rest/pug/compound/name/167869-21-8/cids/JSON,https://pubchem.ncbi.nlm.nih.gov/rest/pug/compound/name/PD%2098059/cids/JSON,4713,resolved_unique_cas_name_agrees,False,cas_name_agree,2026-08-10,4713,QFWCYNPOPKQOKV-UHFFFAOYSA-N,QFWCYNPOPKQOKV,COC1=CC=CC(=C1N)C2=CC(=O)C3=CC=CC=C3O2,COC1=CC=CC(=C1N)C2=CC(=O)C3=CC=CC=C3O2,QFWCYNPOPKQOKV-UHFFFAOYSA-N,2-(2-amino-3-methoxyphenyl)chromen-4-one,QFWCYNPOPKQOKV-UHFFFAOYSA-N,QFWCYNPOPKQOKV,COc1cccc(-c2cc(=O)c3ccccc3o2)c1N,COc1cccc(-c2cc(=O)c3ccccc3o2)c1N,1,True,True,,QFWCYNPOPKQOKV
102,103,PD 169316,152121-53-4,True,,152121-53-4,4712,PD 169316,4712,https://pubchem.ncbi.nlm.nih.gov/rest/pug/compound/name/152121-53-4/cids/JSON,https://pubchem.ncbi.nlm.nih.gov/rest/pug/compound/name/PD%20169316/cids/JSON,4712,resolved_unique_cas_name_agrees,False,cas_name_agree,2026-08-10,4712,BGIYKDUASORTBB-UHFFFAOYSA-N,BGIYKDUASORTBB,C1=CC(=CC=C1C2=NC(=C(N2)C3=CC=NC=C3)C4=CC=C(C=C4)F)[N+](=O)[O-],C1=CC(=CC=C1C2=NC(=C(N2)C3=CC=NC=C3)C4=CC=C(C=C4)F)[N+](=O)[O-],BGIYKDUASORTBB-UHFFFAOYSA-N,4-[4-(4-fluorophenyl)-2-(4-nitrophenyl)-1H-imidazol-5-yl]pyridine,BGIYKDUASORTBB-UHFFFAOYSA-N,BGIYKDUASORTBB,O=[N+]([O-])c1ccc(-c2nc(-c3ccc(F)cc3)c(-c3ccncc3)[nH]2)cc1,O=[N+]([O-])c1ccc(-c2nc(-c3ccc(F)cc3)c(-c3ccncc3)[nH]2)cc1,1,True,True,,BGIYKDUASORTBB
103,104,PD 158780,171179-06-9,True,,171179-06-9,4707,PD 158780,4707,https://pubchem.ncbi.nlm.nih.gov/rest/pug/compound/name/171179-06-9/cids/JSON,https://pubchem.ncbi.nlm.nih.gov/rest/pug/compound/name/PD%20158780/cids/JSON,4707,resolved_unique_cas_name_agrees,False,cas_name_agree,2026-08-10,4707,KFHMLBXBRCITHF-UHFFFAOYSA-N,KFHMLBXBRCITHF,CNC1=NC=C2C(=C1)C(=NC=N2)NC3=CC(=CC=C3)Br,CNC1=NC=C2C(=C1)C(=NC=N2)NC3=CC(=CC=C3)Br,KFHMLBXBRCITHF-UHFFFAOYSA-N,"4-N-(3-bromophenyl)-6-N-methylpyrido[3,4-d]pyrimidine-4,6-diamine",KFHMLBXBRCITHF-UHFFFAOYSA-N,KFHMLBXBRCITHF,CNc1cc2c(Nc3cccc(Br)c3)ncnc2cn1,CNc1cc2c(Nc3cccc(Br)c3)ncnc2cn1,1,True,True,,KFHMLBXBRCITHF
104,105,PD 174265,216163-53-0,True,,216163-53-0,4709,PD 174265,4709,https://pubchem.ncbi.nlm.nih.gov/rest/pug/compound/name/216163-53-0/cids/JSON,https://pubchem.ncbi.nlm.nih.gov/rest/pug/compound/name/PD%20174265/cids/JSON,4709,resolved_unique_cas_name_agrees,False,cas_name_agree,2026-08-10,4709,WUPUZEMRHDROEO-UHFFFAOYSA-N,WUPUZEMRHDROEO,CCC(=O)NC1=CC2=C(C=C1)N=CN=C2NC3=CC(=CC=C3)Br,CCC(=O)NC1=CC2=C(C=C1)N=CN=C2NC3=CC(=CC=C3)Br,WUPUZEMRHDROEO-UHFFFAOYSA-N,N-[4-(3-bromoanilino)quinazolin-6-yl]propanamide,WUPUZEMRHDROEO-UHFFFAOYSA-N,WUPUZEMRHDROEO,CCC(=O)Nc1ccc2ncnc(Nc3cccc(Br)c3)c2c1,CCC(=O)Nc1ccc2ncnc(Nc3cccc(Br)c3)c2c1,1,True,True,,WUPUZEMRHDROEO
105,106,PDGF Receptor Tyrosine Kinase Inhibitor II,249762-74-1,True,,249762-74-1,5330548,PDGF Receptor Tyrosine Kinase Inhibitor II,5330548,https://pubchem.ncbi.nlm.nih.gov/rest/pug/compound/name/249762-74-1/cids/JSON,https://pubchem.ncbi.nlm.nih.gov/rest/pug/compound/name/PDGF%20Receptor%20Tyrosine%20Kinase%20Inhibitor%20II/cids/JSON,5330548,resolved_unique_cas_name_agrees,False,cas_name_agree,2026-08-10,5330548,CZDUJGOCEPWCNA-UHFFFAOYSA-N,CZDUJGOCEPWCNA,CCCC(=O)OC1=CC2=C(C=C1)NC(=C2)C(=O)C3=CC4=CC=CC=C4N3,CCCC(=O)OC1=CC2=C(C=C1)NC(=C2)C(=O)C3=CC4=CC=CC=C4N3,CZDUJGOCEPWCNA-UHFFFAOYSA-N,[2-(1H-indole-2-carbonyl)-1H-indol-5-yl] butanoate,CZDUJGOCEPWCNA-UHFFFAOYSA-N,CZDUJGOCEPWCNA,CCCC(=O)Oc1ccc2[nH]c(C(=O)c3cc4ccccc4[nH]3)cc2c1,CCCC(=O)Oc1ccc2[nH]c(C(=O)c3cc4ccccc4[nH]3)cc2c1,1,True,True,,CZDUJGOCEPWCNA
106,107,PDGF Receptor Tyrosine Kinase Inhibitor III,205254-94-0,True,,205254-94-0,10907042,PDGF Receptor Tyrosine Kinase Inhibitor III,10907042,https://pubchem.ncbi.nlm.nih.gov/rest/pug/compound/name/205254-94-0/cids/JSON,https://pubchem.ncbi.nlm.nih.gov/rest/pug/compound/name/PDGF%20Receptor%20Tyrosine%20Kinase%20Inhibitor%20III/cids/JSON,10907042,resolved_unique_cas_name_agrees,False,cas_name_agree,2026-08-10,10907042,INTPTKHSGKBHHW-UHFFFAOYSA-N,INTPTKHSGKBHHW,COC1=C(C=C2C(=C1)C(=NC=N2)N3CCN(CC3)C(=O)NC4=CC=C(C=C4)OC5=CC=CC=C5)OC,COC1=C(C=C2C(=C1)C(=NC=N2)N3CCN(CC3)C(=O)NC4=CC=C(C=C4)OC5=CC=CC=C5)OC,INTPTKHSGKBHHW-UHFFFAOYSA-N,"4-(6,7-dimethoxyquinazolin-4-yl)-N-(4-phenoxyphenyl)piperazine-1-carboxamide",INTPTKHSGKBHHW-UHFFFAOYSA-N,INTPTKHSGKBHHW,COc1cc2ncnc(N3CCN(C(=O)Nc4ccc(Oc5ccccc5)cc4)CC3)c2cc1OC,COc1cc2ncnc(N3CCN(C(=O)Nc4ccc(Oc5ccccc5)cc4)CC3)c2cc1OC,1,True,True,,INTPTKHSGKBHHW
107,108,PDGF Receptor Tyrosine Kinase Inhibitor IV,627518-40-5,True,,627518-40-5,9797370,PDGF Receptor Tyrosine Kinase Inhibitor IV,9797370,https://pubchem.ncbi.nlm.nih.gov/rest/pug/compound/name/627518-40-5/cids/JSON,https://pubchem.ncbi.nlm.nih.gov/rest/pug/compound/name/PDGF%20Receptor%20Tyrosine%20Kinase%20Inhibitor%20IV/cids/JSON,9797370,resolved_unique_cas_name_agrees,False,cas_name_agree,2026-08-10,9797370,ZDNURMVOKAERHZ-UHFFFAOYSA-N,ZDNURMVOKAERHZ,COC1=C(C=C2C(=C1)CC3=C2NN=C3NC4=CC(=CC=C4)F)OC,COC1=C(C=C2C(=C1)CC3=C2NN=C3NC4=CC(=CC=C4)F)OC,ZDNURMVOKAERHZ-UHFFFAOYSA-N,"N-(3-fluorophenyl)-6,7-dimethoxy-1,4-dihydroindeno[2,1-d]pyrazol-3-amine",ZDNURMVOKAERHZ-UHFFFAOYSA-N,ZDNURMVOKAERHZ,COc1cc2c(cc1OC)-c1[nH]nc(Nc3cccc(F)c3)c1C2,COc1cc2c(cc1OC)-c1[nH]nc(Nc3cccc(F)c3)c1C2,1,True,True,,ZDNURMVOKAERHZ
108,109,PDGF RTK Inhibitor,347155-76-4,True,,347155-76-4,11554659,PDGF RTK Inhibitor,11554659,https://pubchem.ncbi.nlm.nih.gov/rest/pug/compound/name/347155-76-4/cids/JSON,https://pubchem.ncbi.nlm.nih.gov/rest/pug/compound/name/PDGF%20RTK%20Inhibitor/cids/JSON,11554659,resolved_unique_cas_name_agrees,False,cas_name_agree,2026-08-10,11554659,ZXGIBSBJQLLUEE-UHFFFAOYSA-N,ZXGIBSBJQLLUEE,CC1=CC=CC=C1C(=O)NC(=S)NC2=CC=C(C=C2)OC3=C4C=C(C(=CC4=NC=C3)OC)OC,CC1=CC=CC=C1C(=O)NC(=S)NC2=CC=C(C=C2)OC3=C4C=C(C(=CC4=NC=C3)OC)OC,ZXGIBSBJQLLUEE-UHFFFAOYSA-N,"N-[[4-(6,7-dimethoxyquinolin-4-yl)oxyphenyl]carbamothioyl]-2-methylbenzamide",ZXGIBSBJQLLUEE-UHFFFAOYSA-N,ZXGIBSBJQLLUEE,COc1cc2nccc(Oc3ccc(NC(=S)NC(=O)c4ccccc4C)cc3)c2cc1OC,COc1cc2nccc(Oc3ccc(NC(=S)NC(=O)c4ccccc4C)cc3)c2cc1OC,1,True,True,,ZXGIBSBJQLLUEE
109,110,PDK1/Akt/Flt Dual Pathway Inhibitor,331253-86-2,True,,331253-86-2,5113385,PDK1/Akt/Flt Dual Pathway Inhibitor,,https://pubchem.ncbi.nlm.nih.gov/rest/pug/compound/name/331253-86-2/cids/JSON,https://pubchem.ncbi.nlm.nih.gov/rest/pug/compound/name/PDK1%2FAkt%2FFlt%20Dual%20Pathway%20Inhibitor/cids/JSON,5113385,resolved_unique_cas_name_not_found,False,cas_unique,2026-08-10,5113385,DPANHMGWPXVBQI-UHFFFAOYSA-N,DPANHMGWPXVBQI,C1=CC=C2C(=C1)C3=NC4=NN=NN4N=C3C2=O,C1=CC=C2C(=C1)C3=NC4=NN=NN4N=C3C2=O,DPANHMGWPXVBQI-UHFFFAOYSA-N,"10,11,12,13,14,16-hexazatetracyclo[7.7.0.02,7.011,15]hexadeca-1(16),2,4,6,9,12,14-heptaen-8-one",DPANHMGWPXVBQI-UHFFFAOYSA-N,DPANHMGWPXVBQI,O=C1c2ccccc2-c2nc3nnnn3nc21,O=C1c2ccccc2-c2nc3nnnn3nc21,1,True,True,,DPANHMGWPXVBQI
110,111,PKR Inhibitor,608512-97-6,True,,608512-97-6,6490494,PKR Inhibitor,6490494,https://pubchem.ncbi.nlm.nih.gov/rest/pug/compound/name/608512-97-6/cids/JSON,https://pubchem.ncbi.nlm.nih.gov/rest/pug/compound/name/PKR%20Inhibitor/cids/JSON,6490494,resolved_unique_cas_name_agrees,False,cas_name_agree,2026-08-10,6490494,VFBGXTUGODTSPK-BAQGIRSFSA-N,VFBGXTUGODTSPK,C1=CC2=C(C\3=C1NC(=O)/C3=C\C4=CN=CN4)SC=N2,C1=CC2=C(C3=C1NC(=O)C3=CC4=CN=CN4)SC=N2,VFBGXTUGODTSPK-BAQGIRSFSA-N,"(8Z)-8-(1H-imidazol-5-ylmethylidene)-6H-pyrrolo[2,3-g][1,3]benzothiazol-7-one",VFBGXTUGODTSPK-BAQGIRSFSA-N,VFBGXTUGODTSPK,O=C1Nc2ccc3ncsc3c2/C1=C/c1cnc[nH]1,O=C1Nc2ccc3ncsc3c2C1=Cc1cnc[nH]1,1,True,True,,VFBGXTUGODTSPK
111,112,"PKR Inhibitor, Negative Control",852547-30-9,True,,852547-30-9,24906292,"PKR Inhibitor, Negative Control",16760619,https://pubchem.ncbi.nlm.nih.gov/rest/pug/compound/name/852547-30-9/cids/JSON,https://pubchem.ncbi.nlm.nih.gov/rest/pug/compound/name/PKR%20Inhibitor%2C%20Negative%20Control/cids/JSON,,unresolved_cas_name_conflict,True,disjoint_candidate_sets,2026-08-10,16760619;24906292,ZJFMARHFPUZEKI-KMKOMSMNSA-N;ZJFMARHFPUZEKI-UHFFFAOYSA-N,ZJFMARHFPUZEKI,,,,,,,,,,False,False,ZJFMARHFPUZEKI,ZJFMARHFPUZEKI
112,113,PI-103,371935-74-9,True,,371935-74-9,9884685,PI-103,9884685,https://pubchem.ncbi.nlm.nih.gov/rest/pug/compound/name/371935-74-9/cids/JSON,https://pubchem.ncbi.nlm.nih.gov/rest/pug/compound/name/PI-103/cids/JSON,9884685,resolved_unique_cas_name_agrees,False,cas_name_agree,2026-08-10,9884685,TUVCWJQQGGETHL-UHFFFAOYSA-N,TUVCWJQQGGETHL,C1COCCN1C2=NC(=NC3=C2OC4=C3C=CC=N4)C5=CC(=CC=C5)O,C1COCCN1C2=NC(=NC3=C2OC4=C3C=CC=N4)C5=CC(=CC=C5)O,TUVCWJQQGGETHL-UHFFFAOYSA-N,"3-(6-morpholin-4-yl-8-oxa-3,5,10-triazatricyclo[7.4.0.02,7]trideca-1(9),2(7),3,5,10,12-hexaen-4-yl)phenol",TUVCWJQQGGETHL-UHFFFAOYSA-N,TUVCWJQQGGETHL,Oc1cccc(-c2nc(N3CCOCC3)c3oc4ncccc4c3n2)c1,Oc1cccc(-c2nc(N3CCOCC3)c3oc4ncccc4c3n2)c1,1,True,True,,TUVCWJQQGGETHL
113,114,PI 3-Kg Inhibitor,648450-29-7,True,,648450-29-7,10377751,PI 3-Kg Inhibitor,5289247,https://pubchem.ncbi.nlm.nih.gov/rest/pug/compound/name/648450-29-7/cids/JSON,https://pubchem.ncbi.nlm.nih.gov/rest/pug/compound/name/PI%203-Kg%20Inhibitor/cids/JSON,,unresolved_cas_name_conflict,True,disjoint_candidate_sets,2026-08-10,5289247;10377751,SQWZFLMPDUSYGV-POHAHGRESA-N;SQWZFLMPDUSYGV-UXBLZVDNSA-N,SQWZFLMPDUSYGV,,,,,,,,,,False,False,SQWZFLMPDUSYGV,SQWZFLMPDUSYGV
114,115,PI 3-Kg Inhibitor II,648449-76-7,True,,648449-76-7,5287855;11492951;53394675,PI 3-Kg Inhibitor II,5287855,https://pubchem.ncbi.nlm.nih.gov/rest/pug/compound/name/648449-76-7/cids/JSON,https://pubchem.ncbi.nlm.nih.gov/rest/pug/compound/name/PI%203-Kg%20Inhibitor%20II/cids/JSON,5287855,resolved_unique_cas_name_intersection,False,unique_intersection,2026-08-10,5287855;11492951;53394675,SRLVNYDXMUGOFI-UHFFFAOYSA-N;SRLVNYDXMUGOFI-XBXARRHUSA-N;SRLVNYDXMUGOFI-YWEYNIOJSA-N,SRLVNYDXMUGOFI,C1=CC2=C(C=C1/C=C\3/C(=O)NC(=O)S3)OC(O2)(F)F,C1=CC2=C(C=C1C=C3C(=O)NC(=O)S3)OC(O2)(F)F,SRLVNYDXMUGOFI-YWEYNIOJSA-N,"(5Z)-5-[(2,2-difluoro-1,3-benzodioxol-5-yl)methylidene]-1,3-thiazolidine-2,4-dione",SRLVNYDXMUGOFI-YWEYNIOJSA-N,SRLVNYDXMUGOFI,O=C1NC(=O)/C(=C/c2ccc3c(c2)OC(F)(F)O3)S1,O=C1NC(=O)C(=Cc2ccc3c(c2)OC(F)(F)O3)S1,1,True,True,,SRLVNYDXMUGOFI
115,116,PP3,5334-30-5,True,,5334-30-5,4879,PP3,4879,https://pubchem.ncbi.nlm.nih.gov/rest/pug/compound/name/5334-30-5/cids/JSON,https://pubchem.ncbi.nlm.nih.gov/rest/pug/compound/name/PP3/cids/JSON,4879,resolved_unique_cas_name_agrees,False,cas_name_agree,2026-08-10,4879,KKDPIZPUTYIBFX-UHFFFAOYSA-N,KKDPIZPUTYIBFX,C1=CC=C(C=C1)N2C3=NC=NC(=C3C=N2)N,C1=CC=C(C=C1)N2C3=NC=NC(=C3C=N2)N,KKDPIZPUTYIBFX-UHFFFAOYSA-N,"1-phenylpyrazolo[3,4-d]pyrimidin-4-amine",KKDPIZPUTYIBFX-UHFFFAOYSA-N,KKDPIZPUTYIBFX,Nc1ncnc2c1cnn2-c1ccccc1,Nc1ncnc2c1cnn2-c1ccccc1,1,True,True,,KKDPIZPUTYIBFX
116,117,"PP1 Analog II, 1NM-PP1",221244-14-0,True,,221244-14-0,5154691,"PP1 Analog II, 1NM-PP1",,https://pubchem.ncbi.nlm.nih.gov/rest/pug/compound/name/221244-14-0/cids/JSON,https://pubchem.ncbi.nlm.nih.gov/rest/pug/compound/name/PP1%20Analog%20II%2C%201NM-PP1/cids/JSON,5154691,resolved_unique_cas_name_not_found,False,cas_unique,2026-08-10,5154691,GDQXJQSQYMMKRA-UHFFFAOYSA-N,GDQXJQSQYMMKRA,CC(C)(C)N1C2=NC=NC(=C2C(=N1)CC3=CC=CC4=CC=CC=C43)N,CC(C)(C)N1C2=NC=NC(=C2C(=N1)CC3=CC=CC4=CC=CC=C43)N,GDQXJQSQYMMKRA-UHFFFAOYSA-N,"1-tert-butyl-3-(naphthalen-1-ylmethyl)pyrazolo[3,4-d]pyrimidin-4-amine",GDQXJQSQYMMKRA-UHFFFAOYSA-N,GDQXJQSQYMMKRA,CC(C)(C)n1nc(Cc2cccc3ccccc23)c2c(N)ncnc21,CC(C)(C)n1nc(Cc2cccc3ccccc23)c2c(N)ncnc21,1,True,True,,GDQXJQSQYMMKRA
117,118,"Staurosporine, N-benzoyl-",120685-11-2,True,,120685-11-2,9829523,"Staurosporine, N-benzoyl-",,https://pubchem.ncbi.nlm.nih.gov/rest/pug/compound/name/120685-11-2/cids/JSON,https://pubchem.ncbi.nlm.nih.gov/rest/pug/compound/name/Staurosporine%2C%20N-benzoyl-/cids/JSON,9829523,resolved_unique_cas_name_not_found,False,cas_unique,2026-08-10,9829523,BMGQWWVMWDBQGC-IIFHNQTCSA-N,BMGQWWVMWDBQGC,C[C@@]12[C@@H]([C@@H](C[C@@H](O1)N3C4=CC=CC=C4C5=C6C(=C7C8=CC=CC=C8N2C7=C53)CNC6=O)N(C)C(=O)C9=CC=CC=C9)OC,CC12C(C(CC(O1)N3C4=CC=CC=C4C5=C6C(=C7C8=CC=CC=C8N2C7=C53)CNC6=O)N(C)C(=O)C9=CC=CC=C9)OC,BMGQWWVMWDBQGC-IIFHNQTCSA-N,"N-[(2S,3R,4R,6R)-3-methoxy-2-methyl-16-oxo-29-oxa-1,7,17-triazaoctacyclo[12.12.2.12,6.07,28.08,13.015,19.020,27.021,26]nonacosa-8,10,12,14,19,21,23,25,27-nonaen-4-yl]-N-methylbenzamide",BMGQWWVMWDBQGC-IIFHNQTCSA-N,BMGQWWVMWDBQGC,CO[C@@H]1[C@H](N(C)C(=O)c2ccccc2)C[C@H]2O[C@]1(C)n1c3ccccc3c3c4c(c5c6ccccc6n2c5c31)C(=O)NC4,COC1C(N(C)C(=O)c2ccccc2)CC2OC1(C)n1c3ccccc3c3c4c(c5c6ccccc6n2c5c31)C(=O)NC4,1,True,True,,BMGQWWVMWDBQGC
118,119,PKCbII/EGFR Inhibitor,145915-60-2,True,,145915-60-2,6711154,PKCbII/EGFR Inhibitor,,https://pubchem.ncbi.nlm.nih.gov/rest/pug/compound/name/145915-60-2/cids/JSON,https://pubchem.ncbi.nlm.nih.gov/rest/pug/compound/name/PKCbII%2FEGFR%20Inhibitor/cids/JSON,6711154,resolved_unique_cas_name_not_found,False,cas_unique,2026-08-10,6711154,RONQPWQYDRPRGG-UHFFFAOYSA-N,RONQPWQYDRPRGG,C1=CC(=CC=C1NC2=C(C=C3C(=C2)C(=O)NC3=O)NC4=CC=C(C=C4)F)F,C1=CC(=CC=C1NC2=C(C=C3C(=C2)C(=O)NC3=O)NC4=CC=C(C=C4)F)F,RONQPWQYDRPRGG-UHFFFAOYSA-N,"5,6-bis(4-fluoroanilino)isoindole-1,3-dione",RONQPWQYDRPRGG-UHFFFAOYSA-N,RONQPWQYDRPRGG,O=C1NC(=O)c2cc(Nc3ccc(F)cc3)c(Nc3ccc(F)cc3)cc21,O=C1NC(=O)c2cc(Nc3ccc(F)cc3)c(Nc3ccc(F)cc3)cc21,1,True,True,,RONQPWQYDRPRGG
119,120,PKCb Inhibitor,257879-35-9,True,,257879-35-9,6419755,PKCb Inhibitor,,https://pubchem.ncbi.nlm.nih.gov/rest/pug/compound/name/257879-35-9/cids/JSON,https://pubchem.ncbi.nlm.nih.gov/rest/pug/compound/name/PKCb%20Inhibitor/cids/JSON,6419755,resolved_unique_cas_name_not_found,False,cas_unique,2026-08-10,6419755,KIWODJBCHRADND-UHFFFAOYSA-N,KIWODJBCHRADND,C1=CC=C(C=C1)NC2=C(C(=O)NC2=O)C3=CN(C4=CC=CC=C43)CCCN5C=CN=C5,C1=CC=C(C=C1)NC2=C(C(=O)NC2=O)C3=CN(C4=CC=CC=C43)CCCN5C=CN=C5,KIWODJBCHRADND-UHFFFAOYSA-N,"3-anilino-4-[1-(3-imidazol-1-ylpropyl)indol-3-yl]pyrrole-2,5-dione",KIWODJBCHRADND-UHFFFAOYSA-N,KIWODJBCHRADND,O=C1NC(=O)C(c2cn(CCCn3ccnc3)c3ccccc23)=C1Nc1ccccc1,O=C1NC(=O)C(c2cn(CCCn3ccnc3)c3ccccc23)=C1Nc1ccccc1,1,True,True,,KIWODJBCHRADND
120,121,Purvalanol A,212844-53-6,True,,212844-53-6,456214,Purvalanol A,456214,https://pubchem.ncbi.nlm.nih.gov/rest/pug/compound/name/212844-53-6/cids/JSON,https://pubchem.ncbi.nlm.nih.gov/rest/pug/compound/name/Purvalanol%20A/cids/JSON,456214,resolved_unique_cas_name_agrees,False,cas_name_agree,2026-08-10,456214,PMXCMJLOPOFPBT-HNNXBMFYSA-N,PMXCMJLOPOFPBT,CC(C)[C@H](CO)NC1=NC(=C2C(=N1)N(C=N2)C(C)C)NC3=CC(=CC=C3)Cl,CC(C)C(CO)NC1=NC(=C2C(=N1)N(C=N2)C(C)C)NC3=CC(=CC=C3)Cl,PMXCMJLOPOFPBT-HNNXBMFYSA-N,(2R)-2-[[6-(3-chloroanilino)-9-propan-2-ylpurin-2-yl]amino]-3-methylbutan-1-ol,PMXCMJLOPOFPBT-HNNXBMFYSA-N,PMXCMJLOPOFPBT,CC(C)[C@H](CO)Nc1nc(Nc2cccc(Cl)c2)c2ncn(C(C)C)c2n1,CC(C)C(CO)Nc1nc(Nc2cccc(Cl)c2)c2ncn(C(C)C)c2n1,1,True,True,,PMXCMJLOPOFPBT
121,122,Rapamycin,53123-88-9,True,,53123-88-9,5284616,Rapamycin,5284616,https://pubchem.ncbi.nlm.nih.gov/rest/pug/compound/name/53123-88-9/cids/JSON,https://pubchem.ncbi.nlm.nih.gov/rest/pug/compound/name/Rapamycin/cids/JSON,5284616,resolved_unique_cas_name_agrees,False,cas_name_agree,2026-08-10,5284616,QFJCIRLUMZQUOT-HPLJOQBZSA-N,QFJCIRLUMZQUOT,C[C@@H]1CC[C@H]2C[C@@H](/C(=C/C=C/C=C/[C@H](C[C@H](C(=O)[C@@H]([C@@H](/C(=C/[C@H](C(=O)C[C@H](OC(=O)[C@@H]3CCCCN3C(=O)C(=O)[C@@]1(O2)O)[C@H](C)C[C@@H]4CC[C@H]([C@@H](C4)OC)O)C)/C)O)OC)C)C)/C)OC,CC1CCC2CC(C(=CC=CC=CC(CC(C(=O)C(C(C(=CC(C(=O)CC(OC(=O)C3CCCCN3C(=O)C(=O)C1(O2)O)C(C)CC4CCC(C(C4)OC)O)C)C)O)OC)C)C)C)OC,QFJCIRLUMZQUOT-HPLJOQBZSA-N,"(1R,9S,12S,15R,16E,18R,19R,21R,23S,24E,26E,28E,30S,32S,35R)-1,18-dihydroxy-12-[(2R)-1-[(1S,3R,4R)-4-hydroxy-3-methoxycyclohexyl]propan-2-yl]-19,30-dimethoxy-15,17,21,23,29,35-hexamethyl-11,36-dioxa-4-azatricyclo[30.3.1.04,9]hexatriaconta-16,24,26,28-tetraene-2,3,10,14,20-pentone",QFJCIRLUMZQUOT-HPLJOQBZSA-N,QFJCIRLUMZQUOT,CO[C@H]1C[C@@H]2CC[C@@H](C)[C@@](O)(O2)C(=O)C(=O)N2CCCC[C@H]2C(=O)O[C@H]([C@H](C)C[C@@H]2CC[C@@H](O)[C@H](OC)C2)CC(=O)[C@H](C)/C=C(\C)[C@@H](O)[C@@H](OC)C(=O)[C@H](C)C[C@H](C)/C=C/C=C/C=C/1C,COC1CC2CCC(C)C(O)(O2)C(=O)C(=O)N2CCCCC2C(=O)OC(C(C)CC2CCC(O)C(OC)C2)CC(=O)C(C)C=C(C)C(O)C(OC)C(=O)C(C)CC(C)C=CC=CC=C1C,1,True,True,,QFJCIRLUMZQUOT
122,123,"Rho Kinase Inhibitor III, Rockout",7272-84-6,True,,7272-84-6,644354,"Rho Kinase Inhibitor III, Rockout",644354,https://pubchem.ncbi.nlm.nih.gov/rest/pug/compound/name/7272-84-6/cids/JSON,https://pubchem.ncbi.nlm.nih.gov/rest/pug/compound/name/Rho%20Kinase%20Inhibitor%20III%2C%20Rockout/cids/JSON,644354,resolved_unique_cas_name_agrees,False,cas_name_agree,2026-08-10,644354,LLJRXVHJOJRCSM-UHFFFAOYSA-N,LLJRXVHJOJRCSM,C1=CC=C2C(=C1)C(=CN2)C3=CC=NC=C3,C1=CC=C2C(=C1)C(=CN2)C3=CC=NC=C3,LLJRXVHJOJRCSM-UHFFFAOYSA-N,3-pyridin-4-yl-1H-indole,LLJRXVHJOJRCSM-UHFFFAOYSA-N,LLJRXVHJOJRCSM,c1ccc2c(-c3ccncc3)c[nH]c2c1,c1ccc2c(-c3ccncc3)c[nH]c2c1,1,True,True,,LLJRXVHJOJRCSM
123,124,Rho Kinase Inhibitor IV,913844-45-8,True,,913844-45-8,11976582;56972177,Rho Kinase Inhibitor IV,11976582,https://pubchem.ncbi.nlm.nih.gov/rest/pug/compound/name/913844-45-8/cids/JSON,https://pubchem.ncbi.nlm.nih.gov/rest/pug/compound/name/Rho%20Kinase%20Inhibitor%20IV/cids/JSON,11976582,resolved_unique_cas_name_intersection,False,unique_intersection,2026-08-10,11976582;56972177,CMKMGFAUKPAOMG-AWEZNQCLSA-N;ILDBNQGLZFSHQZ-UTLKBRERSA-N,CMKMGFAUKPAOMG;ILDBNQGLZFSHQZ,C[C@H]1CN(CCCN1S(=O)(=O)C2=CC=CC3=C2C(=CN=C3)C)C(=O)CN,CC1CN(CCCN1S(=O)(=O)C2=CC=CC3=C2C(=CN=C3)C)C(=O)CN,CMKMGFAUKPAOMG-AWEZNQCLSA-N,"2-amino-1-[(3S)-3-methyl-4-(4-methylisoquinolin-5-yl)sulfonyl-1,4-diazepan-1-yl]ethanone",CMKMGFAUKPAOMG-AWEZNQCLSA-N,CMKMGFAUKPAOMG,Cc1cncc2cccc(S(=O)(=O)N3CCCN(C(=O)CN)C[C@@H]3C)c12,Cc1cncc2cccc(S(=O)(=O)N3CCCN(C(=O)CN)CC3C)c12,1,True,True,,CMKMGFAUKPAOMG
124,125,Ro-32-0432,151342-35-7,True,,151342-35-7,127757,Ro-32-0432,127757;11605551;70346044,https://pubchem.ncbi.nlm.nih.gov/rest/pug/compound/name/151342-35-7/cids/JSON,https://pubchem.ncbi.nlm.nih.gov/rest/pug/compound/name/Ro-32-0432/cids/JSON,127757,resolved_unique_cas_name_agrees,False,cas_name_agree,2026-08-10,127757;11605551;70346044,FXGHOAZJQNLNFD-KRWDZBQOSA-N;HSPRASOZRZDELU-LMOVPXPDSA-N;HSPRASOZRZDELU-UHFFFAOYSA-N,FXGHOAZJQNLNFD;HSPRASOZRZDELU,CN1C=C(C2=CC=CC=C21)C3=C(C(=O)NC3=O)C4=C5C[C@H](CCN5C6=CC=CC=C64)CN(C)C,CN1C=C(C2=CC=CC=C21)C3=C(C(=O)NC3=O)C4=C5CC(CCN5C6=CC=CC=C64)CN(C)C,FXGHOAZJQNLNFD-KRWDZBQOSA-N,"3-[(8S)-8-[(dimethylamino)methyl]-6,7,8,9-tetrahydropyrido[1,2-a]indol-10-yl]-4-(1-methylindol-3-yl)pyrrole-2,5-dione",FXGHOAZJQNLNFD-KRWDZBQOSA-N,FXGHOAZJQNLNFD,CN(C)C[C@H]1CCn2c(c(C3=C(c4cn(C)c5ccccc45)C(=O)NC3=O)c3ccccc32)C1,CN(C)CC1CCn2c(c(C3=C(c4cn(C)c5ccccc45)C(=O)NC3=O)c3ccccc32)C1,1,True,True,,FXGHOAZJQNLNFD
125,126,SB 202474,172747-50-1,False,AKT1,172747-50-1,5162,SB 202474,5162,https://pubchem.ncbi.nlm.nih.gov/rest/pug/compound/name/172747-50-1/cids/JSON,https://pubchem.ncbi.nlm.nih.gov/rest/pug/compound/name/SB%20202474/cids/JSON,5162,resolved_unique_cas_name_agrees,False,cas_name_agree,2026-08-10,5162,MYKGURNPAUBQLJ-UHFFFAOYSA-N,MYKGURNPAUBQLJ,CCC1=C(N=C(N1)C2=CC=C(C=C2)OC)C3=CC=NC=C3,CCC1=C(N=C(N1)C2=CC=C(C=C2)OC)C3=CC=NC=C3,MYKGURNPAUBQLJ-UHFFFAOYSA-N,4-[5-ethyl-2-(4-methoxyphenyl)-1H-imidazol-4-yl]pyridine,MYKGURNPAUBQLJ-UHFFFAOYSA-N,MYKGURNPAUBQLJ,CCc1[nH]c(-c2ccc(OC)cc2)nc1-c1ccncc1,CCc1[nH]c(-c2ccc(OC)cc2)nc1-c1ccncc1,1,True,True,,MYKGURNPAUBQLJ
126,127,SB 202190,152121-30-7,True,,152121-30-7,5169,SB 202190,5169,https://pubchem.ncbi.nlm.nih.gov/rest/pug/compound/name/152121-30-7/cids/JSON,https://pubchem.ncbi.nlm.nih.gov/rest/pug/compound/name/SB%20202190/cids/JSON,5169,resolved_unique_cas_name_agrees,False,cas_name_agree,2026-08-10,5169,QHKYPYXTTXKZST-UHFFFAOYSA-N,QHKYPYXTTXKZST,C1=CC(=CC=C1C2=NC(=C(N2)C3=CC=NC=C3)C4=CC=C(C=C4)F)O,C1=CC(=CC=C1C2=NC(=C(N2)C3=CC=NC=C3)C4=CC=C(C=C4)F)O,QHKYPYXTTXKZST-UHFFFAOYSA-N,4-[4-(4-fluorophenyl)-5-pyridin-4-yl-1H-imidazol-2-yl]phenol,QHKYPYXTTXKZST-UHFFFAOYSA-N,QHKYPYXTTXKZST,Oc1ccc(-c2nc(-c3ccc(F)cc3)c(-c3ccncc3)[nH]2)cc1,Oc1ccc(-c2nc(-c3ccc(F)cc3)c(-c3ccncc3)[nH]2)cc1,1,True,True,,QHKYPYXTTXKZST
127,128,SB 203580,152121-47-6,True,,152121-47-6,176155,SB 203580,176155,https://pubchem.ncbi.nlm.nih.gov/rest/pug/compound/name/152121-47-6/cids/JSON,https://pubchem.ncbi.nlm.nih.gov/rest/pug/compound/name/SB%20203580/cids/JSON,176155,resolved_unique_cas_name_agrees,False,cas_name_agree,2026-08-10,176155,CDMGBJANTYXAIV-UHFFFAOYSA-N,CDMGBJANTYXAIV,CS(=O)C1=CC=C(C=C1)C2=NC(=C(N2)C3=CC=NC=C3)C4=CC=C(C=C4)F,CS(=O)C1=CC=C(C=C1)C2=NC(=C(N2)C3=CC=NC=C3)C4=CC=C(C=C4)F,CDMGBJANTYXAIV-UHFFFAOYSA-N,4-[4-(4-fluorophenyl)-2-(4-methylsulfinylphenyl)-1H-imidazol-5-yl]pyridine,CDMGBJANTYXAIV-UHFFFAOYSA-N,CDMGBJANTYXAIV,CS(=O)c1ccc(-c2nc(-c3ccc(F)cc3)c(-c3ccncc3)[nH]2)cc1,CS(=O)c1ccc(-c2nc(-c3ccc(F)cc3)c(-c3ccncc3)[nH]2)cc1,1,True,True,,CDMGBJANTYXAIV
128,129,SB220025,165806-53-1,True,,165806-53-1,5164,SB220025,5164,https://pubchem.ncbi.nlm.nih.gov/rest/pug/compound/name/165806-53-1/cids/JSON,https://pubchem.ncbi.nlm.nih.gov/rest/pug/compound/name/SB220025/cids/JSON,5164,resolved_unique_cas_name_agrees,False,cas_name_agree,2026-08-10,5164,VSPFURGQAYMVAN-UHFFFAOYSA-N,VSPFURGQAYMVAN,C1CNCCC1N2C=NC(=C2C3=NC(=NC=C3)N)C4=CC=C(C=C4)F,C1CNCCC1N2C=NC(=C2C3=NC(=NC=C3)N)C4=CC=C(C=C4)F,VSPFURGQAYMVAN-UHFFFAOYSA-N,4-[5-(4-fluorophenyl)-3-piperidin-4-ylimidazol-4-yl]pyrimidin-2-amine,VSPFURGQAYMVAN-UHFFFAOYSA-N,VSPFURGQAYMVAN,Nc1nccc(-c2c(-c3ccc(F)cc3)ncn2C2CCNCC2)n1,Nc1nccc(-c2c(-c3ccc(F)cc3)ncn2C2CCNCC2)n1,1,True,True,,VSPFURGQAYMVAN
129,130,SB 218078,135897-06-2,True,,135897-06-2,3387354,SB 218078,3387354,https://pubchem.ncbi.nlm.nih.gov/rest/pug/compound/name/135897-06-2/cids/JSON,https://pubchem.ncbi.nlm.nih.gov/rest/pug/compound/name/SB%20218078/cids/JSON,3387354,resolved_unique_cas_name_agrees,False,cas_name_agree,2026-08-10,3387354,OTPNDVKVEAIXTI-UHFFFAOYSA-N,OTPNDVKVEAIXTI,C1CC2N3C4=CC=CC=C4C5=C6C(=C7C8=CC=CC=C8N(C1O2)C7=C53)C(=O)NC6=O,C1CC2N3C4=CC=CC=C4C5=C6C(=C7C8=CC=CC=C8N(C1O2)C7=C53)C(=O)NC6=O,OTPNDVKVEAIXTI-UHFFFAOYSA-N,"28-oxa-4,14,19-triazaoctacyclo[12.11.2.115,18.02,6.07,27.08,13.019,26.020,25]octacosa-1,6,8,10,12,20,22,24,26-nonaene-3,5-dione",OTPNDVKVEAIXTI-UHFFFAOYSA-N,OTPNDVKVEAIXTI,O=C1NC(=O)c2c1c1c3ccccc3n3c1c1c2c2ccccc2n1C1CCC3O1,O=C1NC(=O)c2c1c1c3ccccc3n3c1c1c2c2ccccc2n1C1CCC3O1,1,True,True,,OTPNDVKVEAIXTI
130,131,SC-68376,318480-82-9,True,,318480-82-9,5174,SC-68376,5174,https://pubchem.ncbi.nlm.nih.gov/rest/pug/compound/name/318480-82-9/cids/JSON,https://pubchem.ncbi.nlm.nih.gov/rest/pug/compound/name/SC-68376/cids/JSON,5174,resolved_unique_cas_name_agrees,False,cas_name_agree,2026-08-10,5174,BHWCZLOXTLWZAQ-UHFFFAOYSA-N,BHWCZLOXTLWZAQ,CC1=NC(=C(O1)C2=CC=NC=C2)C3=CC=CC=C3,CC1=NC(=C(O1)C2=CC=NC=C2)C3=CC=CC=C3,BHWCZLOXTLWZAQ-UHFFFAOYSA-N,"2-methyl-4-phenyl-5-pyridin-4-yl-1,3-oxazole",BHWCZLOXTLWZAQ-UHFFFAOYSA-N,BHWCZLOXTLWZAQ,Cc1nc(-c2ccccc2)c(-c2ccncc2)o1,Cc1nc(-c2ccccc2)c(-c2ccncc2)o1,1,True,True,,BHWCZLOXTLWZAQ
131,132,SKF-86002,72873-74-6,True,,72873-74-6,5228,SKF-86002,5228,https://pubchem.ncbi.nlm.nih.gov/rest/pug/compound/name/72873-74-6/cids/JSON,https://pubchem.ncbi.nlm.nih.gov/rest/pug/compound/name/SKF-86002/cids/JSON,5228,resolved_unique_cas_name_agrees,False,cas_name_agree,2026-08-10,5228,YOELZIQOLWZLQC-UHFFFAOYSA-N,YOELZIQOLWZLQC,C1CSC2=NC(=C(N21)C3=CC=NC=C3)C4=CC=C(C=C4)F,C1CSC2=NC(=C(N21)C3=CC=NC=C3)C4=CC=C(C=C4)F,YOELZIQOLWZLQC-UHFFFAOYSA-N,"6-(4-fluorophenyl)-5-pyridin-4-yl-2,3-dihydroimidazo[2,1-b][1,3]thiazole",YOELZIQOLWZLQC-UHFFFAOYSA-N,YOELZIQOLWZLQC,Fc1ccc(-c2nc3n(c2-c2ccncc2)CCS3)cc1,Fc1ccc(-c2nc3n(c2-c2ccncc2)CCS3)cc1,1,True,True,,YOELZIQOLWZLQC
132,133,Sphingosine Kinase Inhibitor,312636-16-1,True,,312636-16-1,753704,Sphingosine Kinase Inhibitor,16760659,https://pubchem.ncbi.nlm.nih.gov/rest/pug/compound/name/312636-16-1/cids/JSON,https://pubchem.ncbi.nlm.nih.gov/rest/pug/compound/name/Sphingosine%20Kinase%20Inhibitor/cids/JSON,,unresolved_cas_name_conflict,True,disjoint_candidate_sets,2026-08-10,753704;16760659,ZDRVLAOYDGQLFI-UHFFFAOYSA-N;ZFGXZJKLOFCECI-UHFFFAOYSA-N,ZDRVLAOYDGQLFI;ZFGXZJKLOFCECI,,,,,,,,,,False,False,ZDRVLAOYDGQLFI;ZFGXZJKLOFCECI,ZDRVLAOYDGQLFI;ZFGXZJKLOFCECI
133,134,Src Kinase Inhibitor I,179248-59-0,True,,179248-59-0,1474853,Src Kinase Inhibitor I,1474853,https://pubchem.ncbi.nlm.nih.gov/rest/pug/compound/name/179248-59-0/cids/JSON,https://pubchem.ncbi.nlm.nih.gov/rest/pug/compound/name/Src%20Kinase%20Inhibitor%20I/cids/JSON,1474853,resolved_unique_cas_name_agrees,False,cas_name_agree,2026-08-10,1474853,DMWVGXGXHPOEPT-UHFFFAOYSA-N,DMWVGXGXHPOEPT,COC1=C(C=C2C(=C1)C(=NC=N2)NC3=CC=C(C=C3)OC4=CC=CC=C4)OC,COC1=C(C=C2C(=C1)C(=NC=N2)NC3=CC=C(C=C3)OC4=CC=CC=C4)OC,DMWVGXGXHPOEPT-UHFFFAOYSA-N,"6,7-dimethoxy-N-(4-phenoxyphenyl)quinazolin-4-amine",DMWVGXGXHPOEPT-UHFFFAOYSA-N,DMWVGXGXHPOEPT,COc1cc2ncnc(Nc3ccc(Oc4ccccc4)cc3)c2cc1OC,COc1cc2ncnc(Nc3ccc(Oc4ccccc4)cc3)c2cc1OC,1,True,True,,DMWVGXGXHPOEPT
134,135,"Staurosporine, Streptomyces sp.",62996-74-1,True,,62996-74-1,44259,"Staurosporine, Streptomyces sp.",,https://pubchem.ncbi.nlm.nih.gov/rest/pug/compound/name/62996-74-1/cids/JSON,https://pubchem.ncbi.nlm.nih.gov/rest/pug/compound/name/Staurosporine%2C%20Streptomyces%20sp./cids/JSON,44259,resolved_unique_cas_name_not_found,False,cas_unique,2026-08-10,44259,HKSZLNNOFSGOKW-FYTWVXJKSA-N,HKSZLNNOFSGOKW,C[C@@]12[C@@H]([C@@H](C[C@@H](O1)N3C4=CC=CC=C4C5=C6C(=C7C8=CC=CC=C8N2C7=C53)CNC6=O)NC)OC,CC12C(C(CC(O1)N3C4=CC=CC=C4C5=C6C(=C7C8=CC=CC=C8N2C7=C53)CNC6=O)NC)OC,HKSZLNNOFSGOKW-FYTWVXJKSA-N,"(2S,3R,4R,6R)-3-methoxy-2-methyl-4-(methylamino)-29-oxa-1,7,17-triazaoctacyclo[12.12.2.12,6.07,28.08,13.015,19.020,27.021,26]nonacosa-8,10,12,14,19,21,23,25,27-nonaen-16-one",HKSZLNNOFSGOKW-FYTWVXJKSA-N,HKSZLNNOFSGOKW,CN[C@@H]1C[C@H]2O[C@@](C)([C@@H]1OC)n1c3ccccc3c3c4c(c5c6ccccc6n2c5c31)C(=O)NC4,CNC1CC2OC(C)(C1OC)n1c3ccccc3c3c4c(c5c6ccccc6n2c5c31)C(=O)NC4,1,True,True,,HKSZLNNOFSGOKW
135,136,STO-609,52029-86-4,True,,52029-86-4,3467590,STO-609,3467590,https://pubchem.ncbi.nlm.nih.gov/rest/pug/compound/name/52029-86-4/cids/JSON,https://pubchem.ncbi.nlm.nih.gov/rest/pug/compound/name/STO-609/cids/JSON,3467590,resolved_unique_cas_name_agrees,False,cas_name_agree,2026-08-10,3467590,MYKOWOGZBMOVBJ-UHFFFAOYSA-N,MYKOWOGZBMOVBJ,C1=CC=C2C(=C1)N=C3N2C(=O)C4=CC=CC5=C(C=CC3=C54)C(=O)O,C1=CC=C2C(=C1)N=C3N2C(=O)C4=CC=CC5=C(C=CC3=C54)C(=O)O,MYKOWOGZBMOVBJ-UHFFFAOYSA-N,"11-oxo-3,10-diazapentacyclo[10.7.1.02,10.04,9.016,20]icosa-1(20),2,4,6,8,12,14,16,18-nonaene-17-carboxylic acid",MYKOWOGZBMOVBJ-UHFFFAOYSA-N,MYKOWOGZBMOVBJ,O=C(O)c1ccc2c3c1cccc3c(=O)n1c3ccccc3nc21,O=C(O)c1ccc2c3c1cccc3c(=O)n1c3ccccc3nc21,1,True,True,,MYKOWOGZBMOVBJ
136,137,SU6656,330161-87-0,True,,330161-87-0,5309,SU6656,5312137,https://pubchem.ncbi.nlm.nih.gov/rest/pug/compound/name/330161-87-0/cids/JSON,https://pubchem.ncbi.nlm.nih.gov/rest/pug/compound/name/SU6656/cids/JSON,,unresolved_cas_name_conflict,True,disjoint_candidate_sets,2026-08-10,5309;5312137,LOGJQOUIVKBFGH-UHFFFAOYSA-N;LOGJQOUIVKBFGH-YBEGLDIGSA-N,LOGJQOUIVKBFGH,,,,,,,,,,False,False,LOGJQOUIVKBFGH,LOGJQOUIVKBFGH
137,138,SU9516,666837-93-0,True,,666837-93-0,5289419;24906268;57511258,SU9516,5289419,https://pubchem.ncbi.nlm.nih.gov/rest/pug/compound/name/666837-93-0/cids/JSON,https://pubchem.ncbi.nlm.nih.gov/rest/pug/compound/name/SU9516/cids/JSON,5289419,resolved_unique_cas_name_intersection,False,unique_intersection,2026-08-10,5289419;24906268;57511258,QNUKRWAIZMBVCU-NYYWCZLTSA-N;QNUKRWAIZMBVCU-UHFFFAOYSA-N;QNUKRWAIZMBVCU-WCIBSUBMSA-N,QNUKRWAIZMBVCU,COC1=CC\2=C(C=C1)NC(=O)/C2=C\C3=CN=CN3,COC1=CC2=C(C=C1)NC(=O)C2=CC3=CN=CN3,QNUKRWAIZMBVCU-WCIBSUBMSA-N,(3Z)-3-(1H-imidazol-5-ylmethylidene)-5-methoxy-1H-indol-2-one,QNUKRWAIZMBVCU-WCIBSUBMSA-N,QNUKRWAIZMBVCU,COc1ccc2c(c1)/C(=C/c1cnc[nH]1)C(=O)N2,COc1ccc2c(c1)C(=Cc1cnc[nH]1)C(=O)N2,1,True,True,,QNUKRWAIZMBVCU
138,139,SU11652,326914-10-7,True,,326914-10-7,5329103,SU11652,5329103,https://pubchem.ncbi.nlm.nih.gov/rest/pug/compound/name/326914-10-7/cids/JSON,https://pubchem.ncbi.nlm.nih.gov/rest/pug/compound/name/SU11652/cids/JSON,5329103,resolved_unique_cas_name_agrees,False,cas_name_agree,2026-08-10,5329103,XPLJEFSRINKZLC-ATVHPVEESA-N,XPLJEFSRINKZLC,CCN(CC)CCNC(=O)C1=C(NC(=C1C)/C=C\2/C3=C(C=CC(=C3)Cl)NC2=O)C,CCN(CC)CCNC(=O)C1=C(NC(=C1C)C=C2C3=C(C=CC(=C3)Cl)NC2=O)C,XPLJEFSRINKZLC-ATVHPVEESA-N,"5-[(Z)-(5-chloro-2-oxo-1H-indol-3-ylidene)methyl]-N-[2-(diethylamino)ethyl]-2,4-dimethyl-1H-pyrrole-3-carboxamide",XPLJEFSRINKZLC-ATVHPVEESA-N,XPLJEFSRINKZLC,CCN(CC)CCNC(=O)c1c(C)[nH]c(/C=C2\C(=O)Nc3ccc(Cl)cc32)c1C,CCN(CC)CCNC(=O)c1c(C)[nH]c(C=C2C(=O)Nc3ccc(Cl)cc32)c1C,1,True,True,,XPLJEFSRINKZLC
139,140,Syk Inhibitor,622387-85-3,True,,622387-85-3,6419747,Syk Inhibitor,6419747,https://pubchem.ncbi.nlm.nih.gov/rest/pug/compound/name/622387-85-3/cids/JSON,https://pubchem.ncbi.nlm.nih.gov/rest/pug/compound/name/Syk%20Inhibitor/cids/JSON,6419747,resolved_unique_cas_name_agrees,False,cas_name_agree,2026-08-10,6419747,MLKHXLFEYOOYEY-NVNXTCNLSA-N,MLKHXLFEYOOYEY,CN1C=C(C2=CC=CC=C21)/C=C\3/C4=C(C=CC(=C4)S(=O)(=O)N)NC3=O,CN1C=C(C2=CC=CC=C21)C=C3C4=C(C=CC(=C4)S(=O)(=O)N)NC3=O,MLKHXLFEYOOYEY-NVNXTCNLSA-N,(3Z)-3-[(1-methylindol-3-yl)methylidene]-2-oxo-1H-indole-5-sulfonamide,MLKHXLFEYOOYEY-NVNXTCNLSA-N,MLKHXLFEYOOYEY,Cn1cc(/C=C2\C(=O)Nc3ccc(S(N)(=O)=O)cc32)c2ccccc21,Cn1cc(C=C2C(=O)Nc3ccc(S(N)(=O)=O)cc32)c2ccccc21,1,True,True,,MLKHXLFEYOOYEY
140,141,Syk Inhibitor II,227449-73-2,True,,227449-73-2,16760670;45263786;90664659,Syk Inhibitor II,9549296,https://pubchem.ncbi.nlm.nih.gov/rest/pug/compound/name/227449-73-2/cids/JSON,https://pubchem.ncbi.nlm.nih.gov/rest/pug/compound/name/Syk%20Inhibitor%20II/cids/JSON,,unresolved_ambiguous_cas,True,nonunique_intersection,2026-08-10,9549296;16760670;45263786;90664659,FQNFLNSVHWCZML-UHFFFAOYSA-N;LCACSMNPIITJGG-UHFFFAOYSA-N;OWOVYLSSMDVDIW-UHFFFAOYSA-N;PVURZQHSTKFHCH-UHFFFAOYSA-N,FQNFLNSVHWCZML;LCACSMNPIITJGG;OWOVYLSSMDVDIW;PVURZQHSTKFHCH,,,,,,,,,,False,False,FQNFLNSVHWCZML;LCACSMNPIITJGG;OWOVYLSSMDVDIW;PVURZQHSTKFHCH,FQNFLNSVHWCZML;LCACSMNPIITJGG;OWOVYLSSMDVDIW;PVURZQHSTKFHCH
141,142,Syk Inhibitor III,1485-00-3,True,,1485-00-3,672296,Syk Inhibitor III,672296,https://pubchem.ncbi.nlm.nih.gov/rest/pug/compound/name/1485-00-3/cids/JSON,https://pubchem.ncbi.nlm.nih.gov/rest/pug/compound/name/Syk%20Inhibitor%20III/cids/JSON,672296,resolved_unique_cas_name_agrees,False,cas_name_agree,2026-08-10,672296,KFLWBZPSJQPRDD-ONEGZZNKSA-N,KFLWBZPSJQPRDD,C1OC2=C(O1)C=C(C=C2)/C=C/[N+](=O)[O-],C1OC2=C(O1)C=C(C=C2)C=C[N+](=O)[O-],KFLWBZPSJQPRDD-ONEGZZNKSA-N,"5-[(E)-2-nitroethenyl]-1,3-benzodioxole",KFLWBZPSJQPRDD-ONEGZZNKSA-N,KFLWBZPSJQPRDD,O=[N+]([O-])/C=C/c1ccc2c(c1)OCO2,O=[N+]([O-])C=Cc1ccc2c(c1)OCO2,1,True,True,,KFLWBZPSJQPRDD
142,143,Tpl2 Kinase Inhibitor,871307-18-5,True,,871307-18-5,9549300,Tpl2 Kinase Inhibitor,9549300,https://pubchem.ncbi.nlm.nih.gov/rest/pug/compound/name/871307-18-5/cids/JSON,https://pubchem.ncbi.nlm.nih.gov/rest/pug/compound/name/Tpl2%20Kinase%20Inhibitor/cids/JSON,9549300,resolved_unique_cas_name_agrees,False,cas_name_agree,2026-08-10,9549300,NMEUKWOOQOHUNA-UHFFFAOYSA-N,NMEUKWOOQOHUNA,C1=CC(=CN=C1)CNC2=NC=C3C(=C2)C(=C(C=N3)C#N)NC4=CC(=C(C=C4)F)Cl,C1=CC(=CN=C1)CNC2=NC=C3C(=C2)C(=C(C=N3)C#N)NC4=CC(=C(C=C4)F)Cl,NMEUKWOOQOHUNA-UHFFFAOYSA-N,"4-(3-chloro-4-fluoroanilino)-6-(pyridin-3-ylmethylamino)-1,7-naphthyridine-3-carbonitrile",NMEUKWOOQOHUNA-UHFFFAOYSA-N,NMEUKWOOQOHUNA,N#Cc1cnc2cnc(NCc3cccnc3)cc2c1Nc1ccc(F)c(Cl)c1,N#Cc1cnc2cnc(NCc3cccnc3)cc2c1Nc1ccc(F)c(Cl)c1,1,True,True,,NMEUKWOOQOHUNA
143,144,TGF-b RI Kinase Inhibitor,396129-53-6,True,,396129-53-6,447966,TGF-b RI Kinase Inhibitor,,https://pubchem.ncbi.nlm.nih.gov/rest/pug/compound/name/396129-53-6/cids/JSON,https://pubchem.ncbi.nlm.nih.gov/rest/pug/compound/name/TGF-b%20RI%20Kinase%20Inhibitor/cids/JSON,447966,resolved_unique_cas_name_not_found,False,cas_unique,2026-08-10,447966,IBCXZJCWDGCXQT-UHFFFAOYSA-N,IBCXZJCWDGCXQT,C1=CC=C2C(=C1)C(=CC=N2)C3=C(NN=C3)C4=CC=CC=N4,C1=CC=C2C(=C1)C(=CC=N2)C3=C(NN=C3)C4=CC=CC=N4,IBCXZJCWDGCXQT-UHFFFAOYSA-N,4-(5-pyridin-2-yl-1H-pyrazol-4-yl)quinoline,IBCXZJCWDGCXQT-UHFFFAOYSA-N,IBCXZJCWDGCXQT,c1ccc(-c2[nH]ncc2-c2ccnc3ccccc23)nc1,c1ccc(-c2[nH]ncc2-c2ccnc3ccccc23)nc1,1,True,True,,IBCXZJCWDGCXQT
144,145,TGF-b RI Inhibitor III,356559-13-2,True,,356559-13-2,16079009,TGF-b RI Inhibitor III,,https://pubchem.ncbi.nlm.nih.gov/rest/pug/compound/name/356559-13-2/cids/JSON,https://pubchem.ncbi.nlm.nih.gov/rest/pug/compound/name/TGF-b%20RI%20Inhibitor%20III/cids/JSON,16079009,resolved_unique_cas_name_not_found,False,cas_unique,2026-08-10,16079009,BTUOOXPZOVNPMF-UHFFFAOYSA-N,BTUOOXPZOVNPMF,CC1=NC(=CC=C1)C2=C(N=C(N2)C(C)(C)C)C3=CC4=C(C=C3)OCO4.Cl,CC1=NC(=CC=C1)C2=C(N=C(N2)C(C)(C)C)C3=CC4=C(C=C3)OCO4.Cl,BTUOOXPZOVNPMF-UHFFFAOYSA-N,"2-[4-(1,3-benzodioxol-5-yl)-2-tert-butyl-1H-imidazol-5-yl]-6-methylpyridine;hydrochloride",BTUOOXPZOVNPMF-UHFFFAOYSA-N,BTUOOXPZOVNPMF,Cc1cccc(-c2[nH]c(C(C)(C)C)nc2-c2ccc3c(c2)OCO3)n1.Cl,Cc1cccc(-c2[nH]c(C(C)(C)C)nc2-c2ccc3c(c2)OCO3)n1.Cl,2,True,True,,BTUOOXPZOVNPMF
145,146,AG 9,2826-26-8,True,,2826-26-8,2063,AG 9,2063,https://pubchem.ncbi.nlm.nih.gov/rest/pug/compound/name/2826-26-8/cids/JSON,https://pubchem.ncbi.nlm.nih.gov/rest/pug/compound/name/AG%209/cids/JSON,2063,resolved_unique_cas_name_agrees,False,cas_name_agree,2026-08-10,2063,UOHFCPXBKJPCAD-UHFFFAOYSA-N,UOHFCPXBKJPCAD,COC1=CC=C(C=C1)C=C(C#N)C#N,COC1=CC=C(C=C1)C=C(C#N)C#N,UOHFCPXBKJPCAD-UHFFFAOYSA-N,2-[(4-methoxyphenyl)methylidene]propanedinitrile,UOHFCPXBKJPCAD-UHFFFAOYSA-N,UOHFCPXBKJPCAD,COc1ccc(C=C(C#N)C#N)cc1,COc1ccc(C=C(C#N)C#N)cc1,1,True,True,,UOHFCPXBKJPCAD
146,147,AG 490,133550-30-8,True,,133550-30-8,5328779,AG 490,5328779,https://pubchem.ncbi.nlm.nih.gov/rest/pug/compound/name/133550-30-8/cids/JSON,https://pubchem.ncbi.nlm.nih.gov/rest/pug/compound/name/AG%20490/cids/JSON,5328779,resolved_unique_cas_name_agrees,False,cas_name_agree,2026-08-10,5328779,TUCIOBMMDDOEMM-RIYZIHGNSA-N,TUCIOBMMDDOEMM,C1=CC=C(C=C1)CNC(=O)/C(=C/C2=CC(=C(C=C2)O)O)/C#N,C1=CC=C(C=C1)CNC(=O)C(=CC2=CC(=C(C=C2)O)O)C#N,TUCIOBMMDDOEMM-RIYZIHGNSA-N,"(E)-N-benzyl-2-cyano-3-(3,4-dihydroxyphenyl)prop-2-enamide",TUCIOBMMDDOEMM-RIYZIHGNSA-N,TUCIOBMMDDOEMM,N#C/C(=C\c1ccc(O)c(O)c1)C(=O)NCc1ccccc1,N#CC(=Cc1ccc(O)c(O)c1)C(=O)NCc1ccccc1,1,True,True,,TUCIOBMMDDOEMM
147,148,AG 112,144978-82-5,True,,144978-82-5,5328804,AG 112,5328804,https://pubchem.ncbi.nlm.nih.gov/rest/pug/compound/name/144978-82-5/cids/JSON,https://pubchem.ncbi.nlm.nih.gov/rest/pug/compound/name/AG%20112/cids/JSON,5328804,resolved_unique_cas_name_agrees,False,cas_name_agree,2026-08-10,5328804,DXVJRTIPBNBLLB-BJMVGYQFSA-N,DXVJRTIPBNBLLB,C1=CC(=CC=C1/C=C(\C#N)/C(=C(C#N)C#N)N)O,C1=CC(=CC=C1C=C(C#N)C(=C(C#N)C#N)N)O,DXVJRTIPBNBLLB-BJMVGYQFSA-N,"(3Z)-2-amino-4-(4-hydroxyphenyl)buta-1,3-diene-1,1,3-tricarbonitrile",DXVJRTIPBNBLLB-BJMVGYQFSA-N,DXVJRTIPBNBLLB,N#CC(C#N)=C(N)/C(C#N)=C/c1ccc(O)cc1,N#CC(=Cc1ccc(O)cc1)C(N)=C(C#N)C#N,1,True,True,,DXVJRTIPBNBLLB
148,149,AG 1295,71897-07-9,True,,71897-07-9,2048,AG 1295,2048,https://pubchem.ncbi.nlm.nih.gov/rest/pug/compound/name/71897-07-9/cids/JSON,https://pubchem.ncbi.nlm.nih.gov/rest/pug/compound/name/AG%201295/cids/JSON,2048,resolved_unique_cas_name_agrees,False,cas_name_agree,2026-08-10,2048,FQNCLVJEQCJWSU-UHFFFAOYSA-N,FQNCLVJEQCJWSU,CC1=CC2=NC=C(N=C2C=C1C)C3=CC=CC=C3,CC1=CC2=NC=C(N=C2C=C1C)C3=CC=CC=C3,FQNCLVJEQCJWSU-UHFFFAOYSA-N,"6,7-dimethyl-2-phenylquinoxaline",FQNCLVJEQCJWSU-UHFFFAOYSA-N,FQNCLVJEQCJWSU,Cc1cc2ncc(-c3ccccc3)nc2cc1C,Cc1cc2ncc(-c3ccccc3)nc2cc1C,1,True,True,,FQNCLVJEQCJWSU
149,150,AG 1296,146535-11-7,True,,146535-11-7,2049,AG 1296,2049,https://pubchem.ncbi.nlm.nih.gov/rest/pug/compound/name/146535-11-7/cids/JSON,https://pubchem.ncbi.nlm.nih.gov/rest/pug/compound/name/AG%201296/cids/JSON,2049,resolved_unique_cas_name_agrees,False,cas_name_agree,2026-08-10,2049,QNOXYUNHIGOWNY-UHFFFAOYSA-N,QNOXYUNHIGOWNY,COC1=C(C=C2C(=C1)N=CC(=N2)C3=CC=CC=C3)OC,COC1=C(C=C2C(=C1)N=CC(=N2)C3=CC=CC=C3)OC,QNOXYUNHIGOWNY-UHFFFAOYSA-N,"6,7-dimethoxy-2-phenylquinoxaline",QNOXYUNHIGOWNY-UHFFFAOYSA-N,QNOXYUNHIGOWNY,COc1cc2ncc(-c3ccccc3)nc2cc1OC,COc1cc2ncc(-c3ccccc3)nc2cc1OC,1,True,True,,QNOXYUNHIGOWNY
150,151,AG 1478,175178-82-2,True,,175178-82-2,2051,AG 1478,2051;3035187,https://pubchem.ncbi.nlm.nih.gov/rest/pug/compound/name/175178-82-2/cids/JSON,https://pubchem.ncbi.nlm.nih.gov/rest/pug/compound/name/AG%201478/cids/JSON,2051,resolved_unique_cas_name_agrees,False,cas_name_agree,2026-08-10,2051;3035187,GFNNBHLJANVSQV-UHFFFAOYSA-N;WDJDYIUSDDVWKB-UHFFFAOYSA-N,GFNNBHLJANVSQV;WDJDYIUSDDVWKB,COC1=C(C=C2C(=C1)C(=NC=N2)NC3=CC(=CC=C3)Cl)OC,COC1=C(C=C2C(=C1)C(=NC=N2)NC3=CC(=CC=C3)Cl)OC,GFNNBHLJANVSQV-UHFFFAOYSA-N,"N-(3-chlorophenyl)-6,7-dimethoxyquinazolin-4-amine",GFNNBHLJANVSQV-UHFFFAOYSA-N,GFNNBHLJANVSQV,COc1cc2ncnc(Nc3cccc(Cl)c3)c2cc1OC,COc1cc2ncnc(Nc3cccc(Cl)c3)c2cc1OC,1,True,True,,GFNNBHLJANVSQV
151,152,VEGF Receptor 2 Kinase Inhibitor I,15966-93-5,True,,15966-93-5,6419834,VEGF Receptor 2 Kinase Inhibitor I,6419834,https://pubchem.ncbi.nlm.nih.gov/rest/pug/compound/name/15966-93-5/cids/JSON,https://pubchem.ncbi.nlm.nih.gov/rest/pug/compound/name/VEGF%20Receptor%202%20Kinase%20Inhibitor%20I/cids/JSON,6419834,resolved_unique_cas_name_agrees,False,cas_name_agree,2026-08-10,6419834,PMUJUSJUVIXDQC-LCYFTJDESA-N,PMUJUSJUVIXDQC,CCOC(=O)C1=C(NC(=C1C)/C=C\2/C3=CC=CC=C3NC2=O)C,CCOC(=O)C1=C(NC(=C1C)C=C2C3=CC=CC=C3NC2=O)C,PMUJUSJUVIXDQC-LCYFTJDESA-N,"ethyl 2,4-dimethyl-5-[(Z)-(2-oxo-1H-indol-3-ylidene)methyl]-1H-pyrrole-3-carboxylate",PMUJUSJUVIXDQC-LCYFTJDESA-N,PMUJUSJUVIXDQC,CCOC(=O)c1c(C)[nH]c(/C=C2\C(=O)Nc3ccccc32)c1C,CCOC(=O)c1c(C)[nH]c(C=C2C(=O)Nc3ccccc32)c1C,1,True,True,,PMUJUSJUVIXDQC
152,153,VEGF Receptor Tyrosine Kinase Inhibitor II,269390-69-4,True,,269390-69-4,9797919,VEGF Receptor Tyrosine Kinase Inhibitor II,9797919,https://pubchem.ncbi.nlm.nih.gov/rest/pug/compound/name/269390-69-4/cids/JSON,https://pubchem.ncbi.nlm.nih.gov/rest/pug/compound/name/VEGF%20Receptor%20Tyrosine%20Kinase%20Inhibitor%20II/cids/JSON,9797919,resolved_unique_cas_name_agrees,False,cas_name_agree,2026-08-10,9797919,GGPZCOONYBPZEW-UHFFFAOYSA-N,GGPZCOONYBPZEW,C1=CC=C(C(=C1)C(=O)NC2=CC=C(C=C2)Cl)NCC3=CC=NC=C3,C1=CC=C(C(=C1)C(=O)NC2=CC=C(C=C2)Cl)NCC3=CC=NC=C3,GGPZCOONYBPZEW-UHFFFAOYSA-N,N-(4-chlorophenyl)-2-(pyridin-4-ylmethylamino)benzamide,GGPZCOONYBPZEW-UHFFFAOYSA-N,GGPZCOONYBPZEW,O=C(Nc1ccc(Cl)cc1)c1ccccc1NCc1ccncc1,O=C(Nc1ccc(Cl)cc1)c1ccccc1NCc1ccncc1,1,True,True,,GGPZCOONYBPZEW
153,154,"VEGF Receptor Tyrosine Kinase Inhibitor III, KRN633",286370-15-8,True,,286370-15-8,9549295,"VEGF Receptor Tyrosine Kinase Inhibitor III, KRN633",,https://pubchem.ncbi.nlm.nih.gov/rest/pug/compound/name/286370-15-8/cids/JSON,https://pubchem.ncbi.nlm.nih.gov/rest/pug/compound/name/VEGF%20Receptor%20Tyrosine%20Kinase%20Inhibitor%20III%2C%20KRN633/cids/JSON,9549295,resolved_unique_cas_name_not_found,False,cas_unique,2026-08-10,9549295,VPBYZLCHOKSGRX-UHFFFAOYSA-N,VPBYZLCHOKSGRX,CCCNC(=O)NC1=C(C=C(C=C1)OC2=NC=NC3=CC(=C(C=C32)OC)OC)Cl,CCCNC(=O)NC1=C(C=C(C=C1)OC2=NC=NC3=CC(=C(C=C32)OC)OC)Cl,VPBYZLCHOKSGRX-UHFFFAOYSA-N,"1-[2-chloro-4-(6,7-dimethoxyquinazolin-4-yl)oxyphenyl]-3-propylurea",VPBYZLCHOKSGRX-UHFFFAOYSA-N,VPBYZLCHOKSGRX,CCCNC(=O)Nc1ccc(Oc2ncnc3cc(OC)c(OC)cc23)cc1Cl,CCCNC(=O)Nc1ccc(Oc2ncnc3cc(OC)c(OC)cc23)cc1Cl,1,True,True,,VPBYZLCHOKSGRX
154,155,VEGF Receptor 2 Kinase Inhibitor II,288144-20-7,False,MAPK14,288144-20-7,5329155,VEGF Receptor 2 Kinase Inhibitor II,5329155,https://pubchem.ncbi.nlm.nih.gov/rest/pug/compound/name/288144-20-7/cids/JSON,https://pubchem.ncbi.nlm.nih.gov/rest/pug/compound/name/VEGF%20Receptor%202%20Kinase%20Inhibitor%20II/cids/JSON,5329155,resolved_unique_cas_name_agrees,False,cas_name_agree,2026-08-10,5329155,RFHPWPWVGFSLOP-ZROIWOOFSA-N,RFHPWPWVGFSLOP,C1CCC2=C(C1)C=C(N2)/C=C\3/C4=C(C=CC(=C4)Br)NC3=O,C1CCC2=C(C1)C=C(N2)C=C3C4=C(C=CC(=C4)Br)NC3=O,RFHPWPWVGFSLOP-ZROIWOOFSA-N,"(3Z)-5-bromo-3-(4,5,6,7-tetrahydro-1H-indol-2-ylmethylidene)-1H-indol-2-one",RFHPWPWVGFSLOP-ZROIWOOFSA-N,RFHPWPWVGFSLOP,O=C1Nc2ccc(Br)cc2/C1=C/c1cc2c([nH]1)CCCC2,O=C1Nc2ccc(Br)cc2C1=Cc1cc2c([nH]1)CCCC2,1,True,True,,RFHPWPWVGFSLOP
155,156,VEGF Receptor 2 Kinase Inhibitor III,204005-46-9,True,,204005-46-9,123015,VEGF Receptor 2 Kinase Inhibitor III,5329098,https://pubchem.ncbi.nlm.nih.gov/rest/pug/compound/name/204005-46-9/cids/JSON,https://pubchem.ncbi.nlm.nih.gov/rest/pug/compound/name/VEGF%20Receptor%202%20Kinase%20Inhibitor%20III/cids/JSON,,unresolved_cas_name_conflict,True,disjoint_candidate_sets,2026-08-10,123015;5329098,WUWDLXZGHZSWQZ-UHFFFAOYSA-N;WUWDLXZGHZSWQZ-WQLSENKSSA-N,WUWDLXZGHZSWQZ,,,,,,,,,,False,False,WUWDLXZGHZSWQZ,WUWDLXZGHZSWQZ
156,157,VEGF Receptor 2 Kinase Inhibitor IV,216661-57-3,True,,216661-57-3,5329468,VEGF Receptor 2 Kinase Inhibitor IV,5329468,https://pubchem.ncbi.nlm.nih.gov/rest/pug/compound/name/216661-57-3/cids/JSON,https://pubchem.ncbi.nlm.nih.gov/rest/pug/compound/name/VEGF%20Receptor%202%20Kinase%20Inhibitor%20IV/cids/JSON,5329468,resolved_unique_cas_name_agrees,False,cas_name_agree,2026-08-10,5329468,HBWLNACPIFKNIP-UHFFFAOYSA-N,HBWLNACPIFKNIP,COC1=CC=C(C=C1)C2=CN3C(=C(C=N3)C4=CSC=C4)N=C2,COC1=CC=C(C=C1)C2=CN3C(=C(C=N3)C4=CSC=C4)N=C2,HBWLNACPIFKNIP-UHFFFAOYSA-N,"6-(4-methoxyphenyl)-3-thiophen-3-ylpyrazolo[1,5-a]pyrimidine",HBWLNACPIFKNIP-UHFFFAOYSA-N,HBWLNACPIFKNIP,COc1ccc(-c2cnc3c(-c4ccsc4)cnn3c2)cc1,COc1ccc(-c2cnc3c(-c4ccsc4)cnn3c2)cc1,1,True,True,,HBWLNACPIFKNIP
157,158,Wortmannin,19545-26-7,True,,19545-26-7,312145,Wortmannin,312145,https://pubchem.ncbi.nlm.nih.gov/rest/pug/compound/name/19545-26-7/cids/JSON,https://pubchem.ncbi.nlm.nih.gov/rest/pug/compound/name/Wortmannin/cids/JSON,312145,resolved_unique_cas_name_agrees,False,cas_name_agree,2026-08-10,312145,QDLHCMPXEPAAMD-QAIWCSMKSA-N,QDLHCMPXEPAAMD,CC(=O)O[C@@H]1C[C@]2([C@@H](CCC2=O)C3=C1[C@]4([C@H](OC(=O)C5=COC(=C54)C3=O)COC)C)C,CC(=O)OC1CC2(C(CCC2=O)C3=C1C4(C(OC(=O)C5=COC(=C54)C3=O)COC)C)C,QDLHCMPXEPAAMD-QAIWCSMKSA-N,"[(1R,3R,5S,9R,18S)-18-(methoxymethyl)-1,5-dimethyl-6,11,16-trioxo-13,17-dioxapentacyclo[10.6.1.02,10.05,9.015,19]nonadeca-2(10),12(19),14-trien-3-yl] acetate",QDLHCMPXEPAAMD-QAIWCSMKSA-N,QDLHCMPXEPAAMD,COC[C@H]1OC(=O)c2coc3c2[C@@]1(C)C1=C(C3=O)[C@@H]2CCC(=O)[C@@]2(C)C[C@H]1OC(C)=O,COCC1OC(=O)c2coc3c2C1(C)C1=C(C3=O)C2CCC(=O)C2(C)CC1OC(C)=O,1,True,True,,QDLHCMPXEPAAMD
158,159,"ROCK Inhibitor, Y-27632",146986-50-7,True,,146986-50-7,448042,"ROCK Inhibitor, Y-27632",448042,https://pubchem.ncbi.nlm.nih.gov/rest/pug/compound/name/146986-50-7/cids/JSON,https://pubchem.ncbi.nlm.nih.gov/rest/pug/compound/name/ROCK%20Inhibitor%2C%20Y-27632/cids/JSON,448042,resolved_unique_cas_name_agrees,False,cas_name_agree,2026-08-10,448042,IYOZTVGMEWJPKR-VOMCLLRMSA-N,IYOZTVGMEWJPKR,C[C@H](C1CCC(CC1)C(=O)NC2=CC=NC=C2)N,CC(C1CCC(CC1)C(=O)NC2=CC=NC=C2)N,IYOZTVGMEWJPKR-VOMCLLRMSA-N,4-[(1R)-1-aminoethyl]-N-pyridin-4-ylcyclohexane-1-carboxamide,IYOZTVGMEWJPKR-VOMCLLRMSA-N,IYOZTVGMEWJPKR,C[C@@H](N)C1CCC(C(=O)Nc2ccncc2)CC1,CC(N)C1CCC(C(=O)Nc2ccncc2)CC1,1,True,True,,IYOZTVGMEWJPKR
159,160,Bosutinib,380843-75-4,True,,380843-75-4,5328940,Bosutinib,5328940,https://pubchem.ncbi.nlm.nih.gov/rest/pug/compound/name/380843-75-4/cids/JSON,https://pubchem.ncbi.nlm.nih.gov/rest/pug/compound/name/Bosutinib/cids/JSON,5328940,resolved_unique_cas_name_agrees,False,cas_name_agree,2026-08-10,5328940,UBPYILGKFZZVDX-UHFFFAOYSA-N,UBPYILGKFZZVDX,CN1CCN(CC1)CCCOC2=C(C=C3C(=C2)N=CC(=C3NC4=CC(=C(C=C4Cl)Cl)OC)C#N)OC,CN1CCN(CC1)CCCOC2=C(C=C3C(=C2)N=CC(=C3NC4=CC(=C(C=C4Cl)Cl)OC)C#N)OC,UBPYILGKFZZVDX-UHFFFAOYSA-N,"4-(2,4-dichloro-5-methoxyanilino)-6-methoxy-7-[3-(4-methylpiperazin-1-yl)propoxy]quinoline-3-carbonitrile",UBPYILGKFZZVDX-UHFFFAOYSA-N,UBPYILGKFZZVDX,COc1cc(Nc2c(C#N)cnc3cc(OCCCN4CCN(C)CC4)c(OC)cc23)c(Cl)cc1Cl,COc1cc(Nc2c(C#N)cnc3cc(OCCCN4CCN(C)CC4)c(OC)cc23)c(Cl)cc1Cl,1,True,True,,UBPYILGKFZZVDX
160,161,Dasatinib,302962-49-8,True,,302962-49-8,3062316,Dasatinib,3062316,https://pubchem.ncbi.nlm.nih.gov/rest/pug/compound/name/302962-49-8/cids/JSON,https://pubchem.ncbi.nlm.nih.gov/rest/pug/compound/name/Dasatinib/cids/JSON,3062316,resolved_unique_cas_name_agrees,False,cas_name_agree,2026-08-10,3062316,ZBNZXTGUTAYRHI-UHFFFAOYSA-N,ZBNZXTGUTAYRHI,CC1=C(C(=CC=C1)Cl)NC(=O)C2=CN=C(S2)NC3=CC(=NC(=N3)C)N4CCN(CC4)CCO,CC1=C(C(=CC=C1)Cl)NC(=O)C2=CN=C(S2)NC3=CC(=NC(=N3)C)N4CCN(CC4)CCO,ZBNZXTGUTAYRHI-UHFFFAOYSA-N,"N-(2-chloro-6-methylphenyl)-2-[[6-[4-(2-hydroxyethyl)piperazin-1-yl]-2-methylpyrimidin-4-yl]amino]-1,3-thiazole-5-carboxamide",ZBNZXTGUTAYRHI-UHFFFAOYSA-N,ZBNZXTGUTAYRHI,Cc1nc(Nc2ncc(C(=O)Nc3c(C)cccc3Cl)s2)cc(N2CCN(CCO)CC2)n1,Cc1nc(Nc2ncc(C(=O)Nc3c(C)cccc3Cl)s2)cc(N2CCN(CCO)CC2)n1,1,True,True,,ZBNZXTGUTAYRHI
161,162,Dovitinib,405169-16-6,True,,405169-16-6,135398510,Dovitinib,135398510,https://pubchem.ncbi.nlm.nih.gov/rest/pug/compound/name/405169-16-6/cids/JSON,https://pubchem.ncbi.nlm.nih.gov/rest/pug/compound/name/Dovitinib/cids/JSON,135398510,resolved_unique_cas_name_agrees,False,cas_name_agree,2026-08-10,135398510,PIQCTGMSNWUMAF-UHFFFAOYSA-N,PIQCTGMSNWUMAF,CN1CCN(CC1)C2=CC3=C(C=C2)N=C(N3)C4=C(C5=C(C=CC=C5F)NC4=O)N,CN1CCN(CC1)C2=CC3=C(C=C2)N=C(N3)C4=C(C5=C(C=CC=C5F)NC4=O)N,PIQCTGMSNWUMAF-UHFFFAOYSA-N,4-amino-5-fluoro-3-[6-(4-methylpiperazin-1-yl)-1H-benzimidazol-2-yl]-1H-quinolin-2-one,PIQCTGMSNWUMAF-UHFFFAOYSA-N,PIQCTGMSNWUMAF,CN1CCN(c2ccc3nc(-c4c(N)c5c(F)cccc5[nH]c4=O)[nH]c3c2)CC1,CN1CCN(c2ccc3nc(-c4c(N)c5c(F)cccc5[nH]c4=O)[nH]c3c2)CC1,1,True,True,,PIQCTGMSNWUMAF
162,163,Erlotinib,183319-69-9,True,,183319-69-9,176871,Erlotinib,176870,https://pubchem.ncbi.nlm.nih.gov/rest/pug/compound/name/183319-69-9/cids/JSON,https://pubchem.ncbi.nlm.nih.gov/rest/pug/compound/name/Erlotinib/cids/JSON,,unresolved_cas_name_conflict,True,disjoint_candidate_sets,2026-08-10,176870;176871,AAKJLRGGTJKAMG-UHFFFAOYSA-N;GTTBEUCJPZQMDZ-UHFFFAOYSA-N,AAKJLRGGTJKAMG;GTTBEUCJPZQMDZ,,,,,,,,,,False,False,AAKJLRGGTJKAMG;GTTBEUCJPZQMDZ,AAKJLRGGTJKAMG;GTTBEUCJPZQMDZ
163,164,Gefitinib,184475-35-2,True,,184475-35-2,123631,Gefitinib,123631,https://pubchem.ncbi.nlm.nih.gov/rest/pug/compound/name/184475-35-2/cids/JSON,https://pubchem.ncbi.nlm.nih.gov/rest/pug/compound/name/Gefitinib/cids/JSON,123631,resolved_unique_cas_name_agrees,False,cas_name_agree,2026-08-10,123631,XGALLCVXEZPNRQ-UHFFFAOYSA-N,XGALLCVXEZPNRQ,COC1=C(C=C2C(=C1)N=CN=C2NC3=CC(=C(C=C3)F)Cl)OCCCN4CCOCC4,COC1=C(C=C2C(=C1)N=CN=C2NC3=CC(=C(C=C3)F)Cl)OCCCN4CCOCC4,XGALLCVXEZPNRQ-UHFFFAOYSA-N,N-(3-chloro-4-fluorophenyl)-7-methoxy-6-(3-morpholin-4-ylpropoxy)quinazolin-4-amine,XGALLCVXEZPNRQ-UHFFFAOYSA-N,XGALLCVXEZPNRQ,COc1cc2ncnc(Nc3ccc(F)c(Cl)c3)c2cc1OCCCN1CCOCC1,COc1cc2ncnc(Nc3ccc(F)c(Cl)c3)c2cc1OCCCN1CCOCC1,1,True,True,,XGALLCVXEZPNRQ
164,165,Imatinib,220127-57-1,True,,220127-57-1,123596,Imatinib,5291,https://pubchem.ncbi.nlm.nih.gov/rest/pug/compound/name/220127-57-1/cids/JSON,https://pubchem.ncbi.nlm.nih.gov/rest/pug/compound/name/Imatinib/cids/JSON,,unresolved_cas_name_conflict,True,disjoint_candidate_sets,2026-08-10,5291;123596,KTUFNOKKBVMGRW-UHFFFAOYSA-N;YLMAHDNUQAMNNX-UHFFFAOYSA-N,KTUFNOKKBVMGRW;YLMAHDNUQAMNNX,,,,,,,,,,False,False,KTUFNOKKBVMGRW;YLMAHDNUQAMNNX,KTUFNOKKBVMGRW;YLMAHDNUQAMNNX
165,166,Lapatinib,231277-92-2,True,,231277-92-2,208908,Lapatinib,208908,https://pubchem.ncbi.nlm.nih.gov/rest/pug/compound/name/231277-92-2/cids/JSON,https://pubchem.ncbi.nlm.nih.gov/rest/pug/compound/name/Lapatinib/cids/JSON,208908,resolved_unique_cas_name_agrees,False,cas_name_agree,2026-08-10,208908,BCFGMOOMADDAQU-UHFFFAOYSA-N,BCFGMOOMADDAQU,CS(=O)(=O)CCNCC1=CC=C(O1)C2=CC3=C(C=C2)N=CN=C3NC4=CC(=C(C=C4)OCC5=CC(=CC=C5)F)Cl,CS(=O)(=O)CCNCC1=CC=C(O1)C2=CC3=C(C=C2)N=CN=C3NC4=CC(=C(C=C4)OCC5=CC(=CC=C5)F)Cl,BCFGMOOMADDAQU-UHFFFAOYSA-N,N-[3-chloro-4-[(3-fluorophenyl)methoxy]phenyl]-6-[5-[(2-methylsulfonylethylamino)methyl]furan-2-yl]quinazolin-4-amine,BCFGMOOMADDAQU-UHFFFAOYSA-N,BCFGMOOMADDAQU,CS(=O)(=O)CCNCc1ccc(-c2ccc3ncnc(Nc4ccc(OCc5cccc(F)c5)c(Cl)c4)c3c2)o1,CS(=O)(=O)CCNCc1ccc(-c2ccc3ncnc(Nc4ccc(OCc5cccc(F)c5)c(Cl)c4)c3c2)o1,1,True,True,,BCFGMOOMADDAQU
166,167,Masitinib,790299-79-5,True,,790299-79-5,10074640,Masitinib,10074640,https://pubchem.ncbi.nlm.nih.gov/rest/pug/compound/name/790299-79-5/cids/JSON,https://pubchem.ncbi.nlm.nih.gov/rest/pug/compound/name/Masitinib/cids/JSON,10074640,resolved_unique_cas_name_agrees,False,cas_name_agree,2026-08-10,10074640,WJEOLQLKVOPQFV-UHFFFAOYSA-N,WJEOLQLKVOPQFV,CC1=C(C=C(C=C1)NC(=O)C2=CC=C(C=C2)CN3CCN(CC3)C)NC4=NC(=CS4)C5=CN=CC=C5,CC1=C(C=C(C=C1)NC(=O)C2=CC=C(C=C2)CN3CCN(CC3)C)NC4=NC(=CS4)C5=CN=CC=C5,WJEOLQLKVOPQFV-UHFFFAOYSA-N,"4-[(4-methylpiperazin-1-yl)methyl]-N-[4-methyl-3-[(4-pyridin-3-yl-1,3-thiazol-2-yl)amino]phenyl]benzamide",WJEOLQLKVOPQFV-UHFFFAOYSA-N,WJEOLQLKVOPQFV,Cc1ccc(NC(=O)c2ccc(CN3CCN(C)CC3)cc2)cc1Nc1nc(-c2cccnc2)cs1,Cc1ccc(NC(=O)c2ccc(CN3CCN(C)CC3)cc2)cc1Nc1nc(-c2cccnc2)cs1,1,True,True,,WJEOLQLKVOPQFV
167,168,Mubritinib,366017-09-6,True,,366017-09-6,6444692,Mubritinib,6444692,https://pubchem.ncbi.nlm.nih.gov/rest/pug/compound/name/366017-09-6/cids/JSON,https://pubchem.ncbi.nlm.nih.gov/rest/pug/compound/name/Mubritinib/cids/JSON,6444692,resolved_unique_cas_name_agrees,False,cas_name_agree,2026-08-10,6444692,ZTFBIUXIQYRUNT-MDWZMJQESA-N,ZTFBIUXIQYRUNT,C1=CC(=CC=C1CCCCN2C=CN=N2)OCC3=COC(=N3)/C=C/C4=CC=C(C=C4)C(F)(F)F,C1=CC(=CC=C1CCCCN2C=CN=N2)OCC3=COC(=N3)C=CC4=CC=C(C=C4)C(F)(F)F,ZTFBIUXIQYRUNT-MDWZMJQESA-N,"4-[[4-[4-(triazol-1-yl)butyl]phenoxy]methyl]-2-[(E)-2-[4-(trifluoromethyl)phenyl]ethenyl]-1,3-oxazole",ZTFBIUXIQYRUNT-MDWZMJQESA-N,ZTFBIUXIQYRUNT,FC(F)(F)c1ccc(/C=C/c2nc(COc3ccc(CCCCn4ccnn4)cc3)co2)cc1,FC(F)(F)c1ccc(C=Cc2nc(COc3ccc(CCCCn4ccnn4)cc3)co2)cc1,1,True,True,,ZTFBIUXIQYRUNT
168,169,Nilotinib,641571-10-0,True,,641571-10-0,644241,Nilotinib,644241,https://pubchem.ncbi.nlm.nih.gov/rest/pug/compound/name/641571-10-0/cids/JSON,https://pubchem.ncbi.nlm.nih.gov/rest/pug/compound/name/Nilotinib/cids/JSON,644241,resolved_unique_cas_name_agrees,False,cas_name_agree,2026-08-10,644241,HHZIURLSWUIHRB-UHFFFAOYSA-N,HHZIURLSWUIHRB,CC1=C(C=C(C=C1)C(=O)NC2=CC(=CC(=C2)C(F)(F)F)N3C=C(N=C3)C)NC4=NC=CC(=N4)C5=CN=CC=C5,CC1=C(C=C(C=C1)C(=O)NC2=CC(=CC(=C2)C(F)(F)F)N3C=C(N=C3)C)NC4=NC=CC(=N4)C5=CN=CC=C5,HHZIURLSWUIHRB-UHFFFAOYSA-N,4-methyl-N-[3-(4-methylimidazol-1-yl)-5-(trifluoromethyl)phenyl]-3-[(4-pyridin-3-ylpyrimidin-2-yl)amino]benzamide,HHZIURLSWUIHRB-UHFFFAOYSA-N,HHZIURLSWUIHRB,Cc1cn(-c2cc(NC(=O)c3ccc(C)c(Nc4nccc(-c5cccnc5)n4)c3)cc(C(F)(F)F)c2)cn1,Cc1cn(-c2cc(NC(=O)c3ccc(C)c(Nc4nccc(-c5cccnc5)n4)c3)cc(C(F)(F)F)c2)cn1,1,True,True,,HHZIURLSWUIHRB
169,170,Pazopanib,444731-52-6,True,,444731-52-6,10113978,Pazopanib,10113978,https://pubchem.ncbi.nlm.nih.gov/rest/pug/compound/name/444731-52-6/cids/JSON,https://pubchem.ncbi.nlm.nih.gov/rest/pug/compound/name/Pazopanib/cids/JSON,10113978,resolved_unique_cas_name_agrees,False,cas_name_agree,2026-08-10,10113978,CUIHSIWYWATEQL-UHFFFAOYSA-N,CUIHSIWYWATEQL,CC1=C(C=C(C=C1)NC2=NC=CC(=N2)N(C)C3=CC4=NN(C(=C4C=C3)C)C)S(=O)(=O)N,CC1=C(C=C(C=C1)NC2=NC=CC(=N2)N(C)C3=CC4=NN(C(=C4C=C3)C)C)S(=O)(=O)N,CUIHSIWYWATEQL-UHFFFAOYSA-N,"5-[[4-[(2,3-dimethylindazol-6-yl)-methylamino]pyrimidin-2-yl]amino]-2-methylbenzenesulfonamide",CUIHSIWYWATEQL-UHFFFAOYSA-N,CUIHSIWYWATEQL,Cc1ccc(Nc2nccc(N(C)c3ccc4c(C)n(C)nc4c3)n2)cc1S(N)(=O)=O,Cc1ccc(Nc2nccc(N(C)c3ccc4c(C)n(C)nc4c3)n2)cc1S(N)(=O)=O,1,True,True,,CUIHSIWYWATEQL
170,171,Roscovitine,186692-46-6,True,,186692-46-6,160355,Roscovitine,160355,https://pubchem.ncbi.nlm.nih.gov/rest/pug/compound/name/186692-46-6/cids/JSON,https://pubchem.ncbi.nlm.nih.gov/rest/pug/compound/name/Roscovitine/cids/JSON,160355,resolved_unique_cas_name_agrees,False,cas_name_agree,2026-08-10,160355,BTIHMVBBUGXLCJ-OAHLLOKOSA-N,BTIHMVBBUGXLCJ,CC[C@H](CO)NC1=NC(=C2C(=N1)N(C=N2)C(C)C)NCC3=CC=CC=C3,CCC(CO)NC1=NC(=C2C(=N1)N(C=N2)C(C)C)NCC3=CC=CC=C3,BTIHMVBBUGXLCJ-OAHLLOKOSA-N,(2R)-2-[[6-(benzylamino)-9-propan-2-ylpurin-2-yl]amino]butan-1-ol,BTIHMVBBUGXLCJ-OAHLLOKOSA-N,BTIHMVBBUGXLCJ,CC[C@H](CO)Nc1nc(NCc2ccccc2)c2ncn(C(C)C)c2n1,CCC(CO)Nc1nc(NCc2ccccc2)c2ncn(C(C)C)c2n1,1,True,True,,BTIHMVBBUGXLCJ
171,172,Sorafenib,284461-73-0,True,,284461-73-0,216239,Sorafenib,216239,https://pubchem.ncbi.nlm.nih.gov/rest/pug/compound/name/284461-73-0/cids/JSON,https://pubchem.ncbi.nlm.nih.gov/rest/pug/compound/name/Sorafenib/cids/JSON,216239,resolved_unique_cas_name_agrees,False,cas_name_agree,2026-08-10,216239,MLDQJTXFUGDVEO-UHFFFAOYSA-N,MLDQJTXFUGDVEO,CNC(=O)C1=NC=CC(=C1)OC2=CC=C(C=C2)NC(=O)NC3=CC(=C(C=C3)Cl)C(F)(F)F,CNC(=O)C1=NC=CC(=C1)OC2=CC=C(C=C2)NC(=O)NC3=CC(=C(C=C3)Cl)C(F)(F)F,MLDQJTXFUGDVEO-UHFFFAOYSA-N,4-[4-[[4-chloro-3-(trifluoromethyl)phenyl]carbamoylamino]phenoxy]-N-methylpyridine-2-carboxamide,MLDQJTXFUGDVEO-UHFFFAOYSA-N,MLDQJTXFUGDVEO,CNC(=O)c1cc(Oc2ccc(NC(=O)Nc3ccc(Cl)c(C(F)(F)F)c3)cc2)ccn1,CNC(=O)c1cc(Oc2ccc(NC(=O)Nc3ccc(Cl)c(C(F)(F)F)c3)cc2)ccn1,1,True,True,,MLDQJTXFUGDVEO
172,173,Sunitinib,557795-19-4,True,,557795-19-4,5329102,Sunitinib,5329102,https://pubchem.ncbi.nlm.nih.gov/rest/pug/compound/name/557795-19-4/cids/JSON,https://pubchem.ncbi.nlm.nih.gov/rest/pug/compound/name/Sunitinib/cids/JSON,5329102,resolved_unique_cas_name_agrees,False,cas_name_agree,2026-08-10,5329102,WINHZLLDWRZWRT-ATVHPVEESA-N,WINHZLLDWRZWRT,CCN(CC)CCNC(=O)C1=C(NC(=C1C)/C=C\2/C3=C(C=CC(=C3)F)NC2=O)C,CCN(CC)CCNC(=O)C1=C(NC(=C1C)C=C2C3=C(C=CC(=C3)F)NC2=O)C,WINHZLLDWRZWRT-ATVHPVEESA-N,"N-[2-(diethylamino)ethyl]-5-[(Z)-(5-fluoro-2-oxo-1H-indol-3-ylidene)methyl]-2,4-dimethyl-1H-pyrrole-3-carboxamide",WINHZLLDWRZWRT-ATVHPVEESA-N,WINHZLLDWRZWRT,CCN(CC)CCNC(=O)c1c(C)[nH]c(/C=C2\C(=O)Nc3ccc(F)cc32)c1C,CCN(CC)CCNC(=O)c1c(C)[nH]c(C=C2C(=O)Nc3ccc(F)cc32)c1C,1,True,True,,WINHZLLDWRZWRT
173,174,Tandutinib,387867-13-2,True,,387867-13-2,3038522,Tandutinib,3038522,https://pubchem.ncbi.nlm.nih.gov/rest/pug/compound/name/387867-13-2/cids/JSON,https://pubchem.ncbi.nlm.nih.gov/rest/pug/compound/name/Tandutinib/cids/JSON,3038522,resolved_unique_cas_name_agrees,False,cas_name_agree,2026-08-10,3038522,UXXQOJXBIDBUAC-UHFFFAOYSA-N,UXXQOJXBIDBUAC,CC(C)OC1=CC=C(C=C1)NC(=O)N2CCN(CC2)C3=NC=NC4=CC(=C(C=C43)OC)OCCCN5CCCCC5,CC(C)OC1=CC=C(C=C1)NC(=O)N2CCN(CC2)C3=NC=NC4=CC(=C(C=C43)OC)OCCCN5CCCCC5,UXXQOJXBIDBUAC-UHFFFAOYSA-N,4-[6-methoxy-7-(3-piperidin-1-ylpropoxy)quinazolin-4-yl]-N-(4-propan-2-yloxyphenyl)piperazine-1-carboxamide,UXXQOJXBIDBUAC-UHFFFAOYSA-N,UXXQOJXBIDBUAC,COc1cc2c(N3CCN(C(=O)Nc4ccc(OC(C)C)cc4)CC3)ncnc2cc1OCCCN1CCCCC1,COc1cc2c(N3CCN(C(=O)Nc4ccc(OC(C)C)cc4)CC3)ncnc2cc1OCCCN1CCCCC1,1,True,True,,UXXQOJXBIDBUAC
174,175,Tofacitinib,477600-75-2,True,,477600-75-2,9926791,Tofacitinib,9926791,https://pubchem.ncbi.nlm.nih.gov/rest/pug/compound/name/477600-75-2/cids/JSON,https://pubchem.ncbi.nlm.nih.gov/rest/pug/compound/name/Tofacitinib/cids/JSON,9926791,resolved_unique_cas_name_agrees,False,cas_name_agree,2026-08-10,9926791,UJLAWZDWDVHWOW-YPMHNXCESA-N,UJLAWZDWDVHWOW,C[C@@H]1CCN(C[C@@H]1N(C)C2=NC=NC3=C2C=CN3)C(=O)CC#N,CC1CCN(CC1N(C)C2=NC=NC3=C2C=CN3)C(=O)CC#N,UJLAWZDWDVHWOW-YPMHNXCESA-N,"3-[(3R,4R)-4-methyl-3-[methyl(7H-pyrrolo[2,3-d]pyrimidin-4-yl)amino]piperidin-1-yl]-3-oxopropanenitrile",UJLAWZDWDVHWOW-YPMHNXCESA-N,UJLAWZDWDVHWOW,C[C@@H]1CCN(C(=O)CC#N)C[C@@H]1N(C)c1ncnc2[nH]ccc12,CC1CCN(C(=O)CC#N)CC1N(C)c1ncnc2[nH]ccc12,1,True,True,,UJLAWZDWDVHWOW
175,176,Tozasertib,639089-54-6,True,,639089-54-6,5494449,Tozasertib,5494449,https://pubchem.ncbi.nlm.nih.gov/rest/pug/compound/name/639089-54-6/cids/JSON,https://pubchem.ncbi.nlm.nih.gov/rest/pug/compound/name/Tozasertib/cids/JSON,5494449,resolved_unique_cas_name_agrees,False,cas_name_agree,2026-08-10,5494449,GCIKSSRWRFVXBI-UHFFFAOYSA-N,GCIKSSRWRFVXBI,CC1=CC(=NN1)NC2=CC(=NC(=N2)SC3=CC=C(C=C3)NC(=O)C4CC4)N5CCN(CC5)C,CC1=CC(=NN1)NC2=CC(=NC(=N2)SC3=CC=C(C=C3)NC(=O)C4CC4)N5CCN(CC5)C,GCIKSSRWRFVXBI-UHFFFAOYSA-N,N-[4-[4-(4-methylpiperazin-1-yl)-6-[(5-methyl-1H-pyrazol-3-yl)amino]pyrimidin-2-yl]sulfanylphenyl]cyclopropanecarboxamide,GCIKSSRWRFVXBI-UHFFFAOYSA-N,GCIKSSRWRFVXBI,Cc1cc(Nc2cc(N3CCN(C)CC3)nc(Sc3ccc(NC(=O)C4CC4)cc3)n2)n[nH]1,Cc1cc(Nc2cc(N3CCN(C)CC3)nc(Sc3ccc(NC(=O)C4CC4)cc3)n2)n[nH]1,1,True,True,,GCIKSSRWRFVXBI
176,177,Vandetanib,443913-73-3,True,,443913-73-3,3081361,Vandetanib,3081361,https://pubchem.ncbi.nlm.nih.gov/rest/pug/compound/name/443913-73-3/cids/JSON,https://pubchem.ncbi.nlm.nih.gov/rest/pug/compound/name/Vandetanib/cids/JSON,3081361,resolved_unique_cas_name_agrees,False,cas_name_agree,2026-08-10,3081361,UHTHHESEBZOYNR-UHFFFAOYSA-N,UHTHHESEBZOYNR,CN1CCC(CC1)COC2=C(C=C3C(=C2)N=CN=C3NC4=C(C=C(C=C4)Br)F)OC,CN1CCC(CC1)COC2=C(C=C3C(=C2)N=CN=C3NC4=C(C=C(C=C4)Br)F)OC,UHTHHESEBZOYNR-UHFFFAOYSA-N,N-(4-bromo-2-fluorophenyl)-6-methoxy-7-[(1-methylpiperidin-4-yl)methoxy]quinazolin-4-amine,UHTHHESEBZOYNR-UHFFFAOYSA-N,UHTHHESEBZOYNR,COc1cc2c(Nc3ccc(Br)cc3F)ncnc2cc1OCC1CCN(C)CC1,COc1cc2c(Nc3ccc(Br)cc3F)ncnc2cc1OCC1CCN(C)CC1,1,True,True,,UHTHHESEBZOYNR
177,178,Vatalanib,212141-51-0,True,,212141-51-0,22386467,Vatalanib,151194,https://pubchem.ncbi.nlm.nih.gov/rest/pug/compound/name/212141-51-0/cids/JSON,https://pubchem.ncbi.nlm.nih.gov/rest/pug/compound/name/Vatalanib/cids/JSON,,unresolved_cas_name_conflict,True,disjoint_candidate_sets,2026-08-10,151194;22386467,AZUQEHCMDUSRLH-UHFFFAOYSA-N;YCOYDOIWSSHVCK-UHFFFAOYSA-N,AZUQEHCMDUSRLH;YCOYDOIWSSHVCK,,,,,,,,,,False,False,AZUQEHCMDUSRLH;YCOYDOIWSSHVCK,AZUQEHCMDUSRLH;YCOYDOIWSSHVCK
178,179,VX-702,745833-23-2,True,,745833-23-2,10341154,VX-702,10341154,https://pubchem.ncbi.nlm.nih.gov/rest/pug/compound/name/745833-23-2/cids/JSON,https://pubchem.ncbi.nlm.nih.gov/rest/pug/compound/name/VX-702/cids/JSON,10341154,resolved_unique_cas_name_agrees,False,cas_name_agree,2026-08-10,10341154,FYSRKRZDBHOFAY-UHFFFAOYSA-N,FYSRKRZDBHOFAY,C1=CC(=C(C(=C1)F)N(C2=NC(=C(C=C2)C(=O)N)C3=C(C=C(C=C3)F)F)C(=O)N)F,C1=CC(=C(C(=C1)F)N(C2=NC(=C(C=C2)C(=O)N)C3=C(C=C(C=C3)F)F)C(=O)N)F,FYSRKRZDBHOFAY-UHFFFAOYSA-N,"6-(N-carbamoyl-2,6-difluoroanilino)-2-(2,4-difluorophenyl)pyridine-3-carboxamide",FYSRKRZDBHOFAY-UHFFFAOYSA-N,FYSRKRZDBHOFAY,NC(=O)c1ccc(N(C(N)=O)c2c(F)cccc2F)nc1-c1ccc(F)cc1F,NC(=O)c1ccc(N(C(N)=O)c2c(F)cccc2F)nc1-c1ccc(F)cc1F,1,True,True,,FYSRKRZDBHOFAY
