dataset,calibration_ligands,repetition,panel_targets_k,reference_scope,cluster_adjusted_rand_index,sample_vs_fixed_full_source_panel_medoid_overlap,sample_vs_fixed_full_source_panel_medoid_jaccard,fixed_full_source_panel_mean_nearest_distance_on_reference_map,sample_map_medoids_mean_nearest_distance_on_reference_map,sample_minus_fixed_full_source_panel_mean_nearest_distance_on_reference_map,sample_map_medoids_maximum_nearest_distance_on_reference_map,random_panels_on_reference_map,fraction_random_panels_with_mean_coverage_no_worse_than_sample,random_mean_nearest_distance_median,random_mean_nearest_distance_q025,random_mean_nearest_distance_q975
Docking-44,200,0,6,full_source_map_including_calibration_rows,0.80994113941921331,2,0.20000000000000001,0.43214781831379373,0.4491178878887398,0.016970069574946067,0.77228973156250647,10000,0.0035000000000000001,0.49302754320570502,0.45780395109194238,0.54568422458736376
Docking-44,200,0,6,row_disjoint_complement_map,0.78939423557264177,2,0.20000000000000001,0.43209292492153517,0.44967097732534156,0.017578052403806388,0.77015153727815833,200,0.0050000000000000001,0.49244812129018939,0.45803527987019227,0.53967472605500355
Docking-44,200,0,8,full_source_map_including_calibration_rows,0.82154731307033879,4,0.33333333333333331,0.39776751007762828,0.41368390068046162,0.015916390602833341,0.76335687371682004,10000,0.0016000000000000001,0.45146929174025086,0.42406608569847343,0.49102562770282659
Docking-44,200,0,8,row_disjoint_complement_map,0.8034599200566509,4,0.33333333333333331,0.39771432249682442,0.4142875461950839,0.016573223698259476,0.76580965873702733,200,0,0.45172645755366669,0.42500133182899508,0.49107924311430123
Docking-44,200,0,10,full_source_map_including_calibration_rows,0.66135505271109063,5,0.33333333333333331,0.36509410302902534,0.37861174630628125,0.013517643277255909,0.75371891199763885,10000,0.00040000000000000002,0.4161252495631686,0.39268031268843251,0.44809726808011024
Docking-44,200,0,10,row_disjoint_complement_map,0.65549430356486582,5,0.33333333333333331,0.36519965815214978,0.37895927174081889,0.013759613588669117,0.75121254911685142,200,0,0.41396007065002693,0.39243584740486431,0.44936923208174334
Docking-44,200,1,6,full_source_map_including_calibration_rows,0.87532611443725428,2,0.20000000000000001,0.43214781831379373,0.44627471310862127,0.014126894794827538,0.79144679703446652,10000,0.001,0.49302754320570502,0.45780395109194238,0.54568422458736376
Docking-44,200,1,6,row_disjoint_complement_map,0.86005992436834655,2,0.20000000000000001,0.4323688442812198,0.44680672037380664,0.014437876092586843,0.79065793159941955,200,0,0.49196243954842478,0.45766392298378161,0.53891366353234949
Docking-44,200,1,8,full_source_map_including_calibration_rows,0.92103945245117136,4,0.33333333333333331,0.39776751007762828,0.41353927219989617,0.015771762122267885,0.79144679703446652,10000,0.0016000000000000001,0.45146929174025086,0.42406608569847343,0.49102562770282659
Docking-44,200,1,8,row_disjoint_complement_map,0.89792214260022685,4,0.33333333333333331,0.39793974801721038,0.41381297921414806,0.015873231196937676,0.79065793159941955,200,0,0.45187880472455666,0.42508718238572291,0.49085195021725186
Docking-44,200,1,10,full_source_map_including_calibration_rows,0.64341985239240407,5,0.33333333333333331,0.36509410302902534,0.38385020023390221,0.018756097204876865,0.79144679703446652,10000,0.002,0.4161252495631686,0.39268031268843251,0.44809726808011024
Docking-44,200,1,10,row_disjoint_complement_map,0.58312781699124072,5,0.33333333333333331,0.36499742697411186,0.38411816375074431,0.019120736776632452,0.79065793159941955,200,0.01,0.41357675416854606,0.39242488117940705,0.44927213359577001
Docking-44,200,2,6,full_source_map_including_calibration_rows,0.82251777115340519,3,0.33333333333333331,0.43214781831379373,0.4421459371503334,0.0099981188365396712,0.8013062475385585,10000,0.00040000000000000002,0.49302754320570502,0.45780395109194238,0.54568422458736376
Docking-44,200,2,6,row_disjoint_complement_map,0.82251777115340519,3,0.33333333333333331,0.43170489713684984,0.44206612019487307,0.010361223058023228,0.80191569956946629,200,0,0.49203706733633185,0.45746782181966589,0.53906568464666171
Docking-44,200,2,8,full_source_map_including_calibration_rows,0.87397029109398938,4,0.33333333333333331,0.39776751007762828,0.40862408188784555,0.010856571810217264,0.78464214215580474,10000,0.0001,0.45146929174025086,0.42406608569847343,0.49102562770282659
Docking-44,200,2,8,row_disjoint_complement_map,0.87397029109398938,4,0.33333333333333331,0.39732226839471524,0.40854722043764952,0.011224952042934278,0.78599332967465962,200,0,0.45144904920475043,0.42451564513899026,0.48991596289523659
Docking-44,200,2,10,full_source_map_including_calibration_rows,0.80018728042074727,6,0.42857142857142855,0.36509410302902534,0.37521711059659996,0.010123007567574616,0.78464214215580474,10000,0,0.4161252495631686,0.39268031268843251,0.44809726808011024
Docking-44,200,2,10,row_disjoint_complement_map,0.80018728042074727,6,0.42857142857142855,0.36476055781362821,0.37517032176026938,0.010409763946641171,0.78599332967465962,200,0,0.41354294877108544,0.3920802129908883,0.4489264012140412
Docking-44,200,3,6,full_source_map_including_calibration_rows,0.83665188158988135,2,0.20000000000000001,0.43214781831379373,0.44532565183749462,0.013177833523700888,0.77999122035591717,10000,0.00059999999999999995,0.49302754320570502,0.45780395109194238,0.54568422458736376
Docking-44,200,3,6,row_disjoint_complement_map,0.81622020959312669,2,0.20000000000000001,0.43157211535557655,0.44578473773665733,0.014212622381080786,0.7815602101290624,200,0,0.49189295072102157,0.45742256089358824,0.53978096735678716
Docking-44,200,3,8,full_source_map_including_calibration_rows,0.48531011969532101,2,0.14285714285714285,0.39776751007762828,0.41806273712846614,0.020295227050837861,0.77999122035591717,10000,0.0061999999999999998,0.45146929174025086,0.42406608569847343,0.49102562770282659
Docking-44,200,3,8,row_disjoint_complement_map,0.48531011969532101,2,0.14285714285714285,0.39733159407666824,0.41835887560234331,0.021027281525675068,0.7815602101290624,200,0.0050000000000000001,0.45098765548114395,0.42414336152315329,0.49114204975776105
Docking-44,200,3,10,full_source_map_including_calibration_rows,0.54727684442334779,4,0.25,0.36509410302902534,0.38742768095117958,0.022333577922154235,0.77633851181124758,10000,0.0055999999999999999,0.4161252495631686,0.39268031268843251,0.44809726808011024
Docking-44,200,3,10,row_disjoint_complement_map,0.54727684442334779,4,0.25,0.36486693942127407,0.38784871996343145,0.022981780542157382,0.77849500185310971,200,0.014999999999999999,0.41336245951384476,0.39289694399593172,0.44932198432142861
Docking-44,200,4,6,full_source_map_including_calibration_rows,0.77355151397786992,3,0.33333333333333331,0.43214781831379373,0.44399664597514188,0.011848827661348149,0.8013062475385585,10000,0.00040000000000000002,0.49302754320570502,0.45780395109194238,0.54568422458736376
Docking-44,200,4,6,row_disjoint_complement_map,0.75828532390896231,3,0.33333333333333331,0.43141983291542851,0.44370286416301413,0.012283031247585618,0.80099115394975073,200,0,0.4918401262367077,0.45702067631090099,0.53876118006782026
Docking-44,200,4,8,full_source_map_including_calibration_rows,0.9119108865945782,5,0.45454545454545453,0.39776751007762828,0.41064627556452715,0.012878765486898869,0.71586601120942073,10000,0.00020000000000000001,0.45146929174025086,0.42406608569847343,0.49102562770282659
Docking-44,200,4,8,row_disjoint_complement_map,0.88790886128627655,5,0.45454545454545453,0.39707940843154821,0.4102938391400125,0.013214430708464286,0.71561863992803365,200,0,0.45124787527111121,0.4244145286091332,0.49020268029831926
Docking-44,200,4,10,full_source_map_including_calibration_rows,0.73640409864691148,5,0.33333333333333331,0.36509410302902534,0.38206110363410917,0.016967000605083826,0.72936212415386759,10000,0.0011000000000000001,0.4161252495631686,0.39268031268843251,0.44809726808011024
Docking-44,200,4,10,row_disjoint_complement_map,0.66510342517377108,5,0.33333333333333331,0.36435513107765694,0.38188530768692286,0.017530176609265924,0.73268604028309592,200,0.0050000000000000001,0.41301508798290576,0.39194811203184615,0.44898534504836218
Docking-44,200,5,6,full_source_map_including_calibration_rows,0.72126657724448739,3,0.33333333333333331,0.43214781831379373,0.44249327005545902,0.01034545174166529,0.80001247747940463,10000,0.00040000000000000002,0.49302754320570502,0.45780395109194238,0.54568422458736376
Docking-44,200,5,6,row_disjoint_complement_map,0.72126657724448739,3,0.33333333333333331,0.43176973044113948,0.44259044180246748,0.010820711361328006,0.79945757861262423,200,0,0.49205488876948333,0.45738653348465097,0.53906579908450469
Docking-44,200,5,8,full_source_map_including_calibration_rows,0.71776171849101633,5,0.45454545454545453,0.39776751007762828,0.40647839233647698,0.0087108822588486956,0.75178241165801596,10000,0,0.45146929174025086,0.42406608569847343,0.49102562770282659
Docking-44,200,5,8,row_disjoint_complement_map,0.71776171849101633,5,0.45454545454545453,0.39737726737667417,0.40657343162312132,0.0091961642464471471,0.75305115796870892,200,0,0.45136860608854668,0.42465452481054683,0.49026887004214209
Docking-44,200,5,10,full_source_map_including_calibration_rows,0.73689921096545141,8,0.66666666666666663,0.36509410302902534,0.37235622255325801,0.0072621195242326686,0.71984168127088488,10000,0,0.4161252495631686,0.39268031268843251,0.44809726808011024
Docking-44,200,5,10,row_disjoint_complement_map,0.73689921096545141,8,0.66666666666666663,0.36496956094030181,0.37225943649213949,0.0072898755518376879,0.72107212194634041,200,0,0.41353714061233171,0.39233052965142173,0.44895196478406724
Docking-44,200,6,6,full_source_map_including_calibration_rows,0.82287408332033074,2,0.20000000000000001,0.43214781831379373,0.45052751252413353,0.018379694210339803,0.82437501128675983,10000,0.0047000000000000002,0.49302754320570502,0.45780395109194238,0.54568422458736376
Docking-44,200,6,6,row_disjoint_complement_map,0.82287408332033074,2,0.20000000000000001,0.43197842095685374,0.45058402907212719,0.018605608115273453,0.82538649549392495,200,0.0050000000000000001,0.49224569116989314,0.45787445832338941,0.53913787869528929
Docking-44,200,6,8,full_source_map_including_calibration_rows,0.59836512261580377,4,0.33333333333333331,0.39776751007762828,0.4140889903255246,0.016321480247896314,0.75693504552139945,10000,0.0016999999999999999,0.45146929174025086,0.42406608569847343,0.49102562770282659
Docking-44,200,6,8,row_disjoint_complement_map,0.59836512261580377,4,0.33333333333333331,0.39769807592066098,0.41426853969263527,0.016570463771974298,0.75832785286524707,200,0,0.45166033193813571,0.4250677563952297,0.49045204366773476
Docking-44,200,6,10,full_source_map_including_calibration_rows,0.62791342328640887,3,0.17647058823529413,0.36509410302902534,0.38731127104251184,0.022217168013486499,0.77228973156250647,10000,0.0054999999999999997,0.4161252495631686,0.39268031268843251,0.44809726808011024
Docking-44,200,6,10,row_disjoint_complement_map,0.62791342328640887,3,0.17647058823529413,0.36493708358513594,0.38785326166273998,0.022916178077604044,0.77650493986316282,200,0.014999999999999999,0.41378034165413008,0.39241800442863095,0.44860125767423759
Docking-44,200,7,6,full_source_map_including_calibration_rows,0.88658908547499427,3,0.33333333333333331,0.43214781831379373,0.44173801241240979,0.0095901940986160561,0.83645961850905426,10000,0.00029999999999999997,0.49302754320570502,0.45780395109194238,0.54568422458736376
Docking-44,200,7,6,row_disjoint_complement_map,0.88658908547499427,3,0.33333333333333331,0.4321591116868857,0.44209437136625329,0.0099352596793675918,0.83770747295591508,200,0,0.49203622894744603,0.45771888666707833,0.5393883793651858
Docking-44,200,7,8,full_source_map_including_calibration_rows,0.86476376545710132,4,0.33333333333333331,0.39776751007762828,0.40599334024306782,0.0082258301654395405,0.8157280261450961,10000,0,0.45146929174025086,0.42406608569847343,0.49102562770282659
Docking-44,200,7,8,row_disjoint_complement_map,0.86476376545710132,4,0.33333333333333331,0.39771066518548576,0.40626102772552558,0.0085503625400398242,0.81533735153872933,200,0,0.45159220526688326,0.42464599805729425,0.49046068312449853
Docking-44,200,7,10,full_source_map_including_calibration_rows,0.80540815686165135,8,0.66666666666666663,0.36509410302902534,0.37024558323650197,0.005151480207476633,0.73727854012080951,10000,0,0.4161252495631686,0.39268031268843251,0.44809726808011024
Docking-44,200,7,10,row_disjoint_complement_map,0.80540815686165135,8,0.66666666666666663,0.36531520890190966,0.37051758552190162,0.0052023766199919552,0.73801541270085758,200,0,0.41372864837859458,0.39246821681751104,0.44913030559720324
Docking-44,200,8,6,full_source_map_including_calibration_rows,0.6152981184395111,1,0.090909090909090912,0.43214781831379373,0.45815497354160972,0.026007155227815992,0.79736851837666478,10000,0.0263,0.49302754320570502,0.45780395109194238,0.54568422458736376
Docking-44,200,8,6,row_disjoint_complement_map,0.6152981184395111,1,0.090909090909090912,0.43144558869331784,0.45818649237906056,0.026740903685742723,0.7958932536982084,200,0.040000000000000001,0.49166821856563492,0.45717742774617998,0.5381433160276855
Docking-44,200,8,8,full_source_map_including_calibration_rows,0.47556297551837079,1,0.066666666666666666,0.39776751007762828,0.41907287202897781,0.021305361951349522,0.77999122035591717,10000,0.0079000000000000008,0.45146929174025086,0.42406608569847343,0.49102562770282659
Docking-44,200,8,8,row_disjoint_complement_map,0.47556297551837079,1,0.066666666666666666,0.39697871631733955,0.41879870398770991,0.021819987670370355,0.77811302810109662,200,0.0050000000000000001,0.4508192031579259,0.42455434396847963,0.48934434974673513
Docking-44,200,8,10,full_source_map_including_calibration_rows,0.3948709326042299,3,0.17647058823529413,0.36509410302902534,0.38657551811734692,0.021481415088321576,0.79736851837666478,10000,0.0041999999999999997,0.4161252495631686,0.39268031268843251,0.44809726808011024
Docking-44,200,8,10,row_disjoint_complement_map,0.3948709326042299,3,0.17647058823529413,0.36439688650429214,0.38623859607876287,0.021841709574470736,0.7958932536982084,200,0.014999999999999999,0.41325237387781788,0.39173171986906707,0.44821053480597967
Docking-44,200,9,6,full_source_map_including_calibration_rows,0.82290880845808678,3,0.33333333333333331,0.43214781831379373,0.43626089319730016,0.004113074883506429,0.8013062475385585,10000,0,0.49302754320570502,0.45780395109194238,0.54568422458736376
Docking-44,200,9,6,row_disjoint_complement_map,0.81233620000782325,3,0.33333333333333331,0.43181258017850349,0.43637672770848357,0.0045641475299800782,0.80083698550335569,200,0,0.49195588568410253,0.45756154203134963,0.53940622179955944
Docking-44,200,9,8,full_source_map_including_calibration_rows,0.84505410938871017,5,0.45454545454545453,0.39776751007762828,0.40273903793481219,0.0049715278571839105,0.77228973156250647,10000,0,0.45146929174025086,0.42406608569847343,0.49102562770282659
Docking-44,200,9,8,row_disjoint_complement_map,0.83240103395196186,5,0.45454545454545453,0.39755302904264816,0.4028732447654495,0.0053202157228013358,0.77509224028424528,200,0,0.4514371574468099,0.4245708487092002,0.49052149532021205
Docking-44,200,9,10,full_source_map_including_calibration_rows,0.65339608530440496,4,0.25,0.36509410302902534,0.37249485420801404,0.0074007511789886959,0.75371891199763885,10000,0,0.4161252495631686,0.39268031268843251,0.44809726808011024
Docking-44,200,9,10,row_disjoint_complement_map,0.68115571465098446,4,0.25,0.36479164947880033,0.37259834397546415,0.0078066944966638241,0.7611722198113563,200,0,0.4136540203816722,0.39221629293807247,0.44876011834419927
Docking-44,200,10,6,full_source_map_including_calibration_rows,0.62284277262614374,3,0.33333333333333331,0.43214781831379373,0.44219297136546609,0.010045153051672362,0.8013062475385585,10000,0.00040000000000000002,0.49302754320570502,0.45780395109194238,0.54568422458736376
Docking-44,200,10,6,row_disjoint_complement_map,0.61756784636916673,3,0.33333333333333331,0.43231867030699367,0.44261616890863759,0.010297498601643917,0.80188095838518048,200,0,0.49196822990423406,0.45742907707234193,0.53918398120659794
Docking-44,200,10,8,full_source_map_including_calibration_rows,0.68246351227031998,6,0.59999999999999998,0.39776751007762828,0.40687811165520671,0.0091106015775784255,0.71586601120942073,10000,0,0.45146929174025086,0.42406608569847343,0.49102562770282659
Docking-44,200,10,8,row_disjoint_complement_map,0.66487175853762226,6,0.59999999999999998,0.39796724373785641,0.40739481075702666,0.0094275670191702465,0.71549679002486133,200,0,0.45157046154887703,0.42503916123974578,0.49051165465891755
Docking-44,200,10,10,full_source_map_including_calibration_rows,0.82016855237867259,6,0.42857142857142855,0.36509410302902534,0.37573672938397246,0.010642626354947116,0.71586601120942073,10000,0,0.4161252495631686,0.39268031268843251,0.44809726808011024
Docking-44,200,10,10,row_disjoint_complement_map,0.80953887526694612,6,0.42857142857142855,0.3649884591569324,0.37625719940439539,0.011268740247462994,0.71549679002486133,200,0,0.41366298206574587,0.39253729253866904,0.44891871070941619
Docking-44,200,11,6,full_source_map_including_calibration_rows,0.7927937794327018,2,0.20000000000000001,0.43214781831379373,0.44062587435619455,0.0084780560424008167,0.77633851181124758,10000,0.0001,0.49302754320570502,0.45780395109194238,0.54568422458736376
Docking-44,200,11,6,row_disjoint_complement_map,0.7927937794327018,2,0.20000000000000001,0.43200154234760269,0.44101429931312308,0.0090127569655203965,0.77794541662858896,200,0,0.4922393796893586,0.4579437015629938,0.53934041324675774
Docking-44,200,11,8,full_source_map_including_calibration_rows,0.8318658329788412,3,0.23076923076923078,0.39776751007762828,0.4094267408024107,0.011659230724782421,0.77633851181124758,10000,0.0001,0.45146929174025086,0.42406608569847343,0.49102562770282659
Docking-44,200,11,8,row_disjoint_complement_map,0.81933714126981372,3,0.23076923076923078,0.39770597198467789,0.40981201999731359,0.012106048012635706,0.77794541662858896,200,0,0.4516326338572636,0.42491684774945188,0.49094152810335578
Docking-44,200,11,10,full_source_map_including_calibration_rows,0.70970745712733763,3,0.17647058823529413,0.36509410302902534,0.37935750833426013,0.014263405305234789,0.76335687371682004,10000,0.00040000000000000002,0.4161252495631686,0.39268031268843251,0.44809726808011024
Docking-44,200,11,10,row_disjoint_complement_map,0.72394388523420783,3,0.17647058823529413,0.36513605538757082,0.37978708452489013,0.014651029137319305,0.76738959178717758,200,0,0.41374905826370467,0.39235678401904867,0.44944153050354385
Docking-44,200,12,6,full_source_map_including_calibration_rows,0.77131183686914573,1,0.090909090909090912,0.43214781831379373,0.45800861488433092,0.025860796570537192,0.80001247747940463,10000,0.025999999999999999,0.49302754320570502,0.45780395109194238,0.54568422458736376
Docking-44,200,12,6,row_disjoint_complement_map,0.74115515601672532,1,0.090909090909090912,0.43195405574287737,0.45789934824249606,0.025945292499618688,0.80371976187479199,200,0.035000000000000003,0.49184335821766229,0.45739374322863435,0.53871073477396003
Docking-44,200,12,8,full_source_map_including_calibration_rows,0.7241383253665119,5,0.45454545454545453,0.39776751007762828,0.41218126235639441,0.014413752278766123,0.7577920351247901,10000,0.001,0.45146929174025086,0.42406608569847343,0.49102562770282659
Docking-44,200,12,8,row_disjoint_complement_map,0.70169936422983181,5,0.45454545454545453,0.39755543341092675,0.41210075572755367,0.014545322316626919,0.75897800263283632,200,0,0.45132733655145207,0.42484337728568938,0.4901262365784429
Docking-44,200,12,10,full_source_map_including_calibration_rows,0.76084570196855894,6,0.42857142857142855,0.36509410302902534,0.37773688860686572,0.012642785577840376,0.78155764060529975,10000,0.0001,0.4161252495631686,0.39268031268843251,0.44809726808011024
Docking-44,200,12,10,row_disjoint_complement_map,0.7565372867466289,6,0.42857142857142855,0.3647376224523633,0.37761319869433513,0.012875576241971831,0.78350872478234312,200,0,0.41348984260239396,0.39206149794085193,0.44882532651444129
Docking-44,200,13,6,full_source_map_including_calibration_rows,0.7406914298500783,4,0.5,0.43214781831379373,0.43885624542750823,0.0067084271137144991,0.8013062475385585,10000,0.0001,0.49302754320570502,0.45780395109194238,0.54568422458736376
Docking-44,200,13,6,row_disjoint_complement_map,0.7406914298500783,4,0.5,0.43214094572846656,0.43912084162886983,0.0069798959004032657,0.80346533256817754,200,0,0.49207139714597803,0.45752790517103598,0.5392227256803741
Docking-44,200,13,8,full_source_map_including_calibration_rows,0.74168638757905492,4,0.33333333333333331,0.39776751007762828,0.40941596140881148,0.011648451331183196,0.8013062475385585,10000,0.0001,0.45146929174025086,0.42406608569847343,0.49102562770282659
Docking-44,200,13,8,row_disjoint_complement_map,0.74168638757905492,4,0.33333333333333331,0.39781207709578575,0.40975990832636816,0.011947831230582406,0.80346533256817754,200,0,0.45134131544611134,0.42500079237307209,0.49045026798187186
Docking-44,200,13,10,full_source_map_including_calibration_rows,0.84023464696110128,7,0.53846153846153844,0.36509410302902534,0.37797489393251538,0.012880790903490036,0.8013062475385585,10000,0.0001,0.4161252495631686,0.39268031268843251,0.44809726808011024
Docking-44,200,13,10,row_disjoint_complement_map,0.84023464696110128,7,0.53846153846153844,0.36505939673818094,0.37829320393606358,0.013233807197882641,0.80329031311106491,200,0,0.41356074566235873,0.39250256949060863,0.44905203604757332
Docking-44,200,14,6,full_source_map_including_calibration_rows,0.60252558391177724,2,0.20000000000000001,0.43214781831379373,0.44624038728383764,0.014092568970043906,0.8157280261450961,10000,0.001,0.49302754320570502,0.45780395109194238,0.54568422458736376
Docking-44,200,14,6,row_disjoint_complement_map,0.60252558391177724,2,0.20000000000000001,0.43242769900884032,0.44690541100784736,0.014477711999007048,0.81965341837577932,200,0,0.49244108324025249,0.45755283826401122,0.53944080546335649
Docking-44,200,14,8,full_source_map_including_calibration_rows,0.61400168158662649,2,0.14285714285714285,0.39776751007762828,0.41177407325781545,0.01400656318018717,0.8157280261450961,10000,0.00089999999999999998,0.45146929174025086,0.42406608569847343,0.49102562770282659
Docking-44,200,14,8,row_disjoint_complement_map,0.61400168158662649,2,0.14285714285714285,0.39800882935932713,0.41241685772615022,0.014408028366823089,0.81965341837577932,200,0,0.45178732155796325,0.42536251381812673,0.49155121414479425
Docking-44,200,14,10,full_source_map_including_calibration_rows,0.70101760844649741,4,0.25,0.36509410302902534,0.37965819256022332,0.014564089531197977,0.7577920351247901,10000,0.00040000000000000002,0.4161252495631686,0.39268031268843251,0.44809726808011024
Docking-44,200,14,10,row_disjoint_complement_map,0.70101760844649741,4,0.25,0.36553886189400836,0.38017562333796434,0.014636761443955981,0.76162266534275946,200,0,0.41380856517001091,0.39271547103064974,0.44904700408852449
Docking-44,200,15,6,full_source_map_including_calibration_rows,0.65681262127731377,2,0.20000000000000001,0.43214781831379373,0.44700378949004238,0.01485597117624865,0.79361877403129721,10000,0.0012999999999999999,0.49302754320570502,0.45780395109194238,0.54568422458736376
Docking-44,200,15,6,row_disjoint_complement_map,0.64617115216963361,2,0.20000000000000001,0.43210517934396614,0.4471558269673801,0.01505064762341396,0.79563923459896135,200,0,0.49227433806534016,0.45769198488681806,0.53941274828027663
Docking-44,200,15,8,full_source_map_including_calibration_rows,0.59665000591321882,2,0.14285714285714285,0.39776751007762828,0.40621096789293176,0.0084434578153034789,0.77633851181124758,10000,0,0.45146929174025086,0.42406608569847343,0.49102562770282659
Docking-44,200,15,8,row_disjoint_complement_map,0.59147917604890898,2,0.14285714285714285,0.39774801418103639,0.40631272317780209,0.008564708996765702,0.77719110178381101,200,0,0.45158265049574131,0.42478802964132412,0.49049717723510494
Docking-44,200,15,10,full_source_map_including_calibration_rows,0.7731530261522922,7,0.53846153846153844,0.36509410302902534,0.37600298381515262,0.010908880786127284,0.74682641861712329,10000,0,0.4161252495631686,0.39268031268843251,0.44809726808011024
Docking-44,200,15,10,row_disjoint_complement_map,0.78195796188762579,7,0.53846153846153844,0.36511039616929764,0.37628804356238843,0.011177647393090795,0.74762160109897824,200,0,0.41360356602436427,0.39230553911168975,0.44915686431075558
Docking-44,200,16,6,full_source_map_including_calibration_rows,0.7134800363450271,1,0.090909090909090912,0.43214781831379373,0.46066066083937257,0.028512842525578841,0.83289745467345244,10000,0.041500000000000002,0.49302754320570502,0.45780395109194238,0.54568422458736376
Docking-44,200,16,6,row_disjoint_complement_map,0.7134800363450271,1,0.090909090909090912,0.43208648797965454,0.4608606072746817,0.028774119295027156,0.83429247446139321,200,0.050000000000000003,0.49202325675247338,0.4576609583507717,0.53918653365996916
Docking-44,200,16,8,full_source_map_including_calibration_rows,0.66838681500551678,4,0.33333333333333331,0.39776751007762828,0.40786945606617042,0.010101945988542138,0.77999122035591717,10000,0,0.45146929174025086,0.42406608569847343,0.49102562770282659
Docking-44,200,16,8,row_disjoint_complement_map,0.66838681500551678,4,0.33333333333333331,0.39760157421968823,0.40799454148819142,0.010392967268503195,0.77894360253376482,200,0,0.45146004579407506,0.4250220612287533,0.49034551316984232
Docking-44,200,16,10,full_source_map_including_calibration_rows,0.57279679794153382,7,0.53846153846153844,0.36509410302902534,0.37483203323965159,0.0097379302106262444,0.7404589196490603,10000,0,0.4161252495631686,0.39268031268843251,0.44809726808011024
Docking-44,200,16,10,row_disjoint_complement_map,0.57279679794153382,7,0.53846153846153844,0.36496898330671623,0.37499851643928217,0.010029533132565938,0.74101881123560276,200,0,0.41372405539777385,0.39229701137218059,0.44890204661398775
Docking-44,200,17,6,full_source_map_including_calibration_rows,0.74378244200539578,2,0.20000000000000001,0.43214781831379373,0.43900547362005232,0.0068576553062585921,0.78464214215580474,10000,0.0001,0.49302754320570502,0.45780395109194238,0.54568422458736376
Docking-44,200,17,6,row_disjoint_complement_map,0.74378244200539578,2,0.20000000000000001,0.43270712057559851,0.44009631867106197,0.0073891980954634562,0.78201472005402184,200,0,0.49275185360881235,0.45841431510859082,0.54008297428701246
Docking-44,200,17,8,full_source_map_including_calibration_rows,0.56483561875316834,2,0.14285714285714285,0.39776751007762828,0.40436075644374758,0.0065932463661192986,0.77999122035591717,10000,0,0.45146929174025086,0.42406608569847343,0.49102562770282659
Docking-44,200,17,8,row_disjoint_complement_map,0.5541084463628978,2,0.14285714285714285,0.39841638423012121,0.40536585072671655,0.0069494664965953357,0.78201472005402184,200,0,0.45233667664269017,0.42559955641436953,0.49141507493512054
Docking-44,200,17,10,full_source_map_including_calibration_rows,0.64033710475734518,7,0.53846153846153844,0.36509410302902534,0.367728674979244,0.002634571950218656,0.71994249100850871,10000,0,0.4161252495631686,0.39268031268843251,0.44809726808011024
Docking-44,200,17,10,row_disjoint_complement_map,0.66669303171715577,7,0.53846153846153844,0.36599251564683416,0.3686025740734919,0.0026100584266577354,0.72399101701627511,200,0,0.41432486778506905,0.39316017298951456,0.44979036207552997
Docking-44,200,18,6,full_source_map_including_calibration_rows,0.6789000407314959,1,0.090909090909090912,0.43214781831379373,0.46458777328361728,0.032439954969823548,0.82437501128675983,10000,0.072999999999999995,0.49302754320570502,0.45780395109194238,0.54568422458736376
Docking-44,200,18,6,row_disjoint_complement_map,0.67396004135813425,1,0.090909090909090912,0.43166200934887572,0.46527272245082113,0.033610713101945411,0.82732486009453488,200,0.089999999999999997,0.49207100112383684,0.45752122424218011,0.53941637410692755
Docking-44,200,18,8,full_source_map_including_calibration_rows,0.73180873180873185,2,0.14285714285714285,0.39776751007762828,0.43049774591244278,0.032730235834814492,0.82437501128675983,10000,0.0785,0.45146929174025086,0.42406608569847343,0.49102562770282659
Docking-44,200,18,8,row_disjoint_complement_map,0.72036653857522903,2,0.14285714285714285,0.3972597064768989,0.43107795501310647,0.033818248536207574,0.82732486009453488,200,0.080000000000000002,0.45142933149639369,0.42445542465548719,0.49054016697822878
Docking-44,200,18,10,full_source_map_including_calibration_rows,0.77005502852705854,4,0.25,0.36509410302902534,0.39452066059468183,0.029426557565656486,0.75371891199763885,10000,0.038300000000000001,0.4161252495631686,0.39268031268843251,0.44809726808011024
Docking-44,200,18,10,row_disjoint_complement_map,0.73968974650018915,4,0.25,0.3648881571881461,0.39488944627503331,0.030001289086887206,0.74928653618762109,200,0.035000000000000003,0.41362962149374571,0.39227810663883977,0.44904879787077956
Docking-44,200,19,6,full_source_map_including_calibration_rows,0.60722053066550674,1,0.090909090909090912,0.43214781831379373,0.4548681659409477,0.022720347627153969,0.80001247747940463,10000,0.0149,0.49302754320570502,0.45780395109194238,0.54568422458736376
Docking-44,200,19,6,row_disjoint_complement_map,0.5698129621574598,1,0.090909090909090912,0.43205554133306717,0.45475197336753637,0.022696432034469194,0.79732359736859704,200,0.014999999999999999,0.49180608498847439,0.45757176427468527,0.53811704364471247
Docking-44,200,19,8,full_source_map_including_calibration_rows,0.70544950817172047,4,0.33333333333333331,0.39776751007762828,0.41739904897107311,0.019631538893444822,0.80001247747940463,10000,0.0044999999999999997,0.45146929174025086,0.42406608569847343,0.49102562770282659
Docking-44,200,19,8,row_disjoint_complement_map,0.67551152706011186,4,0.33333333333333331,0.39764914700788784,0.41727583077520064,0.019626683767312803,0.79732359736859704,200,0.0050000000000000001,0.45114018284465124,0.42458279648075953,0.49039096252761993
Docking-44,200,19,10,full_source_map_including_calibration_rows,0.62119875126986368,4,0.25,0.36509410302902534,0.38567553080320249,0.020581427774177152,0.71586601120942073,10000,0.0032000000000000002,0.4161252495631686,0.39268031268843251,0.44809726808011024
Docking-44,200,19,10,row_disjoint_complement_map,0.61911924458928724,4,0.25,0.36456956869710255,0.38567795543974931,0.021108386742646756,0.71755382433397263,200,0.014999999999999999,0.41321050324520125,0.39193307297546759,0.44889364810815285
Docking-44,200,20,6,full_source_map_including_calibration_rows,0.61401454674472233,3,0.33333333333333331,0.43214781831379373,0.45530650137565676,0.023158683061863028,0.79052065080878209,10000,0.016199999999999999,0.49302754320570502,0.45780395109194238,0.54568422458736376
Docking-44,200,20,6,row_disjoint_complement_map,0.61401454674472233,3,0.33333333333333331,0.43183549551114953,0.4553387963124822,0.023503300801332672,0.78798334431522521,200,0.014999999999999999,0.49163603152152546,0.45747324891902946,0.53890254533955906
Docking-44,200,20,8,full_source_map_including_calibration_rows,0.49545045623955791,3,0.23076923076923078,0.39776751007762828,0.42252054828098123,0.024753038203352951,0.79052065080878209,10000,0.0177,0.45146929174025086,0.42406608569847343,0.49102562770282659
Docking-44,200,20,8,row_disjoint_complement_map,0.49545045623955791,3,0.23076923076923078,0.39755555547706761,0.42253589346703835,0.024980337989970736,0.78798334431522521,200,0.02,0.45128465143102137,0.4247569041395971,0.49019002133134726
Docking-44,200,20,10,full_source_map_including_calibration_rows,0.51817248850203357,6,0.42857142857142855,0.36509410302902534,0.37815668580847389,0.013062582779448551,0.73727854012080951,10000,0.00020000000000000001,0.4161252495631686,0.39268031268843251,0.44809726808011024
Docking-44,200,20,10,row_disjoint_complement_map,0.51817248850203357,6,0.42857142857142855,0.36468071268882479,0.37815652277825007,0.013475810089425277,0.73723993827592205,200,0,0.41351504613329948,0.3920782043826937,0.44839583504139907
Docking-44,200,21,6,full_source_map_including_calibration_rows,0.7311347061347061,1,0.090909090909090912,0.43214781831379373,0.44904700804735903,0.016899189733565301,0.83289745467345244,10000,0.0033999999999999998,0.49302754320570502,0.45780395109194238,0.54568422458736376
Docking-44,200,21,6,row_disjoint_complement_map,0.7311347061347061,1,0.090909090909090912,0.43200630351272035,0.44916652986703465,0.017160226354314301,0.83402617500825982,200,0.0050000000000000001,0.49226184027582054,0.45767197192330034,0.53922137234755996
Docking-44,200,21,8,full_source_map_including_calibration_rows,0.59203749999999999,3,0.23076923076923078,0.39776751007762828,0.41239044725123702,0.014622937173608741,0.75371891199763885,10000,0.0011000000000000001,0.45146929174025086,0.42406608569847343,0.49102562770282659
Docking-44,200,21,8,row_disjoint_complement_map,0.59203749999999999,3,0.23076923076923078,0.39768573980775312,0.41247979997646395,0.014794060168710821,0.7568505022462072,200,0,0.45163291577786202,0.42473802538938832,0.49071008408770211
Docking-44,200,21,10,full_source_map_including_calibration_rows,0.73666976771443016,5,0.33333333333333331,0.36509410302902534,0.38248087874665904,0.017386775717633696,0.75371891199763885,10000,0.0011000000000000001,0.4161252495631686,0.39268031268843251,0.44809726808011024
Docking-44,200,21,10,row_disjoint_complement_map,0.73666976771443016,5,0.33333333333333331,0.36507618888278442,0.38263042045338785,0.017554231570603429,0.7568505022462072,200,0.0050000000000000001,0.41369867452557274,0.39235981718366808,0.4488379956040896
Docking-44,200,22,6,full_source_map_including_calibration_rows,0.55379574003276899,1,0.090909090909090912,0.43214781831379373,0.45107738426722876,0.018929565953435035,0.78464214215580474,10000,0.0054999999999999997,0.49302754320570502,0.45780395109194238,0.54568422458736376
Docking-44,200,22,6,row_disjoint_complement_map,0.53292068693488681,1,0.090909090909090912,0.43279519944655842,0.45211828777676044,0.019323088330202021,0.78525473034028404,200,0.01,0.49263247729749093,0.45773496286657289,0.54002115456430078
Docking-44,200,22,8,full_source_map_including_calibration_rows,0.50844686648501358,2,0.14285714285714285,0.39776751007762828,0.42217308638039291,0.024405576302764631,0.77633851181124758,10000,0.0167,0.45146929174025086,0.42406608569847343,0.49102562770282659
Docking-44,200,22,8,row_disjoint_complement_map,0.4863697705802969,2,0.14285714285714285,0.39817631341335391,0.42313352870841769,0.024957215295063784,0.77987760490022529,200,0.02,0.45144552444570818,0.42527288500862859,0.49151546391963513
Docking-44,200,22,10,full_source_map_including_calibration_rows,0.70416589106883587,4,0.25,0.36509410302902534,0.39386735946223772,0.02877325643321238,0.77633851181124758,10000,0.033300000000000003,0.4161252495631686,0.39268031268843251,0.44809726808011024
Docking-44,200,22,10,row_disjoint_complement_map,0.63189257238774654,4,0.25,0.36567624752513006,0.39485966411578755,0.029183416590657485,0.77987760490022529,200,0.035000000000000003,0.41398511785895575,0.39309339598983889,0.4500305017490438
Docking-44,200,23,6,full_source_map_including_calibration_rows,0.73678885437639752,1,0.090909090909090912,0.43214781831379373,0.45353005245195122,0.021382234138157485,0.77633851181124758,10000,0.011299999999999999,0.49302754320570502,0.45780395109194238,0.54568422458736376
Docking-44,200,23,6,row_disjoint_complement_map,0.75593148314902314,1,0.090909090909090912,0.43186452205216902,0.45372374786423947,0.021859225812070449,0.77659593605431154,200,0.01,0.49167966291105686,0.45768935877594097,0.53935575190345819
Docking-44,200,23,8,full_source_map_including_calibration_rows,0.85951885951885953,4,0.33333333333333331,0.39776751007762828,0.41846563159394806,0.020698121516319778,0.76335687371682004,10000,0.0067000000000000002,0.45146929174025086,0.42406608569847343,0.49102562770282659
Docking-44,200,23,8,row_disjoint_complement_map,0.83730416789831508,4,0.33333333333333331,0.39758923275166447,0.41864857583949378,0.021059343087829308,0.76482257479897608,200,0.0050000000000000001,0.45092075120963149,0.42479919792666121,0.4906331188737717
Docking-44,200,23,10,full_source_map_including_calibration_rows,0.83218500095792913,4,0.25,0.36509410302902534,0.38293361883308852,0.017839515804063177,0.76335687371682004,10000,0.0011999999999999999,0.4161252495631686,0.39268031268843251,0.44809726808011024
Docking-44,200,23,10,row_disjoint_complement_map,0.7668075604115161,4,0.25,0.36489521538152248,0.38327625980914859,0.018381044427626114,0.76482257479897608,200,0.01,0.4134242240481904,0.39196054280795756,0.44902801855275726
Docking-44,200,24,6,full_source_map_including_calibration_rows,0.50894223668297067,3,0.33333333333333331,0.43214781831379373,0.43792101950769646,0.0057732011939027328,0.80278043618439665,10000,0.0001,0.49302754320570502,0.45780395109194238,0.54568422458736376
Docking-44,200,24,6,row_disjoint_complement_map,0.50894223668297067,3,0.33333333333333331,0.43205951467473175,0.43802204326721444,0.0059625285924826965,0.80059269384253973,200,0,0.49210874506089375,0.45769381307838558,0.53919848562382722
Docking-44,200,24,8,full_source_map_including_calibration_rows,0.60193618933664617,5,0.45454545454545453,0.39776751007762828,0.40291967913712357,0.0051521690594952818,0.71994249100850871,10000,0,0.45146929174025086,0.42406608569847343,0.49102562770282659
Docking-44,200,24,8,row_disjoint_complement_map,0.60193618933664617,5,0.45454545454545453,0.39764474957824908,0.40307432790718811,0.0054295783289390331,0.72096021436721225,200,0,0.4514048794966351,0.42472826205935782,0.49040867002022126
Docking-44,200,24,10,full_source_map_including_calibration_rows,0.40771268361484742,8,0.66666666666666663,0.36509410302902534,0.3731642567568409,0.0080701537278155544,0.71994249100850871,10000,0,0.4161252495631686,0.39268031268843251,0.44809726808011024
Docking-44,200,24,10,row_disjoint_complement_map,0.40771268361484742,8,0.66666666666666663,0.36509565963964358,0.3734023984526656,0.0083067388130220188,0.72096021436721225,200,0,0.41361945194081262,0.39233649495902412,0.44903184698212001
Docking-44,200,25,6,full_source_map_including_calibration_rows,0.75157975044642111,2,0.20000000000000001,0.43214781831379373,0.43744668767799549,0.0052988693642017637,0.8157280261450961,10000,0.0001,0.49302754320570502,0.45780395109194238,0.54568422458736376
Docking-44,200,25,6,row_disjoint_complement_map,0.75157975044642111,2,0.20000000000000001,0.43181736807004062,0.43737239610072581,0.005555028030685194,0.81450529154577689,200,0,0.49183737959061669,0.45728175181678071,0.53905328622290072
Docking-44,200,25,8,full_source_map_including_calibration_rows,0.80430285477865127,4,0.33333333333333331,0.39776751007762828,0.40437041010939068,0.0066029000317623932,0.71994249100850871,10000,0,0.45146929174025086,0.42406608569847343,0.49102562770282659
Docking-44,200,25,8,row_disjoint_complement_map,0.80430285477865127,4,0.33333333333333331,0.39742875910012176,0.40428014868854495,0.0068513895884231846,0.7215698049738577,200,0,0.45150383204977357,0.424595124574422,0.49025400591016982
Docking-44,200,25,10,full_source_map_including_calibration_rows,0.8554764151904235,5,0.33333333333333331,0.36509410302902534,0.3748512311538193,0.0097571281247939567,0.71994249100850871,10000,0,0.4161252495631686,0.39268031268843251,0.44809726808011024
Docking-44,200,25,10,row_disjoint_complement_map,0.8554764151904235,5,0.33333333333333331,0.36485897912540949,0.37480071006897631,0.0099417309435668177,0.7215698049738577,200,0,0.41334203736679387,0.39220061872788503,0.44886776212332874
Docking-44,200,26,6,full_source_map_including_calibration_rows,0.55713226084947531,2,0.20000000000000001,0.43214781831379373,0.453414558353195,0.021266740039401266,0.79144679703446652,10000,0.010999999999999999,0.49302754320570502,0.45780395109194238,0.54568422458736376
Docking-44,200,26,6,row_disjoint_complement_map,0.55713226084947531,2,0.20000000000000001,0.43204511350209063,0.45369105819223599,0.021645944690145358,0.79132494018178945,200,0.01,0.49188643824626521,0.4574720954500498,0.53905764771842613
Docking-44,200,26,8,full_source_map_including_calibration_rows,0.49521764070274671,3,0.23076923076923078,0.39776751007762828,0.42374548238856735,0.025977972310939068,0.80001247747940463,10000,0.023699999999999999,0.45146929174025086,0.42406608569847343,0.49102562770282659
Docking-44,200,26,8,row_disjoint_complement_map,0.49521764070274671,3,0.23076923076923078,0.39758086661142417,0.42411186744121082,0.026531000829786655,0.80301688602275345,200,0.02,0.45145152973935543,0.42462421147385326,0.49090265879821693
Docking-44,200,26,10,full_source_map_including_calibration_rows,0.48838602743776699,3,0.17647058823529413,0.36509410302902534,0.3924019422949781,0.02730783926595276,0.80001247747940463,10000,0.022700000000000001,0.4161252495631686,0.39268031268843251,0.44809726808011024
Docking-44,200,26,10,row_disjoint_complement_map,0.48838602743776699,3,0.17647058823529413,0.36491150318006083,0.39266604791021353,0.027754544730152708,0.80301688602275345,200,0.029999999999999999,0.4135266737660015,0.39258420950576228,0.44868403056933814
Docking-44,200,27,6,full_source_map_including_calibration_rows,0.59708072889687003,3,0.33333333333333331,0.43214781831379373,0.43796754403769378,0.0058197257239000488,0.83645961850905426,10000,0.0001,0.49302754320570502,0.45780395109194238,0.54568422458736376
Docking-44,200,27,6,row_disjoint_complement_map,0.59708072889687003,3,0.33333333333333331,0.4322677249216515,0.438297397682612,0.0060296727609605028,0.8348637133526744,200,0,0.49220036369227538,0.45790378903149132,0.53901388182454102
Docking-44,200,27,8,full_source_map_including_calibration_rows,0.61400168158662649,3,0.23076923076923078,0.39776751007762828,0.40297108836119339,0.0052035782835651023,0.77633851181124758,10000,0,0.45146929174025086,0.42406608569847343,0.49102562770282659
Docking-44,200,27,8,row_disjoint_complement_map,0.61400168158662649,3,0.23076923076923078,0.39785235989772066,0.40332898397132949,0.0054766240736088267,0.77832673673063679,200,0,0.45163927310428142,0.42485082728504886,0.4909384549553259
Docking-44,200,27,10,full_source_map_including_calibration_rows,0.70081126205308875,7,0.53846153846153844,0.36509410302902534,0.37168445208130424,0.0065903490522788988,0.76692150192540653,10000,0,0.4161252495631686,0.39268031268843251,0.44809726808011024
Docking-44,200,27,10,row_disjoint_complement_map,0.70081126205308875,7,0.53846153846153844,0.36527840015007129,0.37205646057135533,0.0067780604212840379,0.7657372053092184,200,0,0.41375110073991056,0.39268969788503855,0.44915522518883716
Docking-44,200,28,6,full_source_map_including_calibration_rows,0.93558841953318628,2,0.20000000000000001,0.43214781831379373,0.45241623844223822,0.020268420128444486,0.8407479870555068,10000,0.0083999999999999995,0.49302754320570502,0.45780395109194238,0.54568422458736376
Docking-44,200,28,6,row_disjoint_complement_map,0.93558841953318628,2,0.20000000000000001,0.43143523913089593,0.4522636193629781,0.020828380232082166,0.83749234857936239,200,0.01,0.49156912338782255,0.45740302581217662,0.53915939277722702
Docking-44,200,28,8,full_source_map_including_calibration_rows,0.8956601495379185,3,0.23076923076923078,0.39776751007762828,0.41151059799217066,0.013743087914542373,0.75371891199763885,10000,0.00089999999999999998,0.45146929174025086,0.42406608569847343,0.49102562770282659
Docking-44,200,28,8,row_disjoint_complement_map,0.8956601495379185,3,0.23076923076923078,0.39712023480444808,0.41130778383374095,0.014187549029292867,0.75649259499437271,200,0,0.45103019347610951,0.42463139449600734,0.49027931351037646
Docking-44,200,28,10,full_source_map_including_calibration_rows,0.74503474873743047,5,0.33333333333333331,0.36509410302902534,0.38222356105340544,0.017129458024380095,0.73727854012080951,10000,0.0011000000000000001,0.4161252495631686,0.39268031268843251,0.44809726808011024
Docking-44,200,28,10,row_disjoint_complement_map,0.74503474873743047,5,0.33333333333333331,0.36465424013928177,0.38197725519793041,0.017323015058648639,0.7360766344061509,200,0.0050000000000000001,0.41308571821956541,0.39198993420200945,0.44881933625329523
Docking-44,200,29,6,full_source_map_including_calibration_rows,0.50777591489853735,1,0.090909090909090912,0.43214781831379373,0.45271662456563105,0.020568806251837324,0.83779867787889328,10000,0.0088999999999999999,0.49302754320570502,0.45780395109194238,0.54568422458736376
Docking-44,200,29,6,row_disjoint_complement_map,0.50777591489853735,1,0.090909090909090912,0.43205588244039156,0.45322508293604691,0.021169200495655349,0.83633114530274488,200,0.01,0.4920810753391166,0.4576655782272856,0.53855694882537108
Docking-44,200,29,8,full_source_map_including_calibration_rows,0.538825,2,0.14285714285714285,0.39776751007762828,0.41747256118309095,0.019705051105462668,0.77633851181124758,10000,0.0047999999999999996,0.45146929174025086,0.42406608569847343,0.49102562770282659
Docking-44,200,29,8,row_disjoint_complement_map,0.538825,2,0.14285714285714285,0.39754940660467403,0.41789057296912552,0.020341166364451491,0.77560906448266487,200,0.0050000000000000001,0.45156181792286609,0.42478794176798024,0.49113229489733762
Docking-44,200,29,10,full_source_map_including_calibration_rows,0.61519093873829644,5,0.33333333333333331,0.36509410302902534,0.38014425269669638,0.015050149667671042,0.73727854012080951,10000,0.00050000000000000001,0.4161252495631686,0.39268031268843251,0.44809726808011024
Docking-44,200,29,10,row_disjoint_complement_map,0.61519093873829644,5,0.33333333333333331,0.36447257205062278,0.38055697750397727,0.016084405453354489,0.73896177065763302,200,0,0.41377150546929525,0.39194765240203178,0.4494078667468932
Docking-44,200,30,6,full_source_map_including_calibration_rows,0.633757197696737,4,0.5,0.43214781831379373,0.43919297701193299,0.0070451586981392644,0.80050433937990129,10000,0.0001,0.49302754320570502,0.45780395109194238,0.54568422458736376
Docking-44,200,30,6,row_disjoint_complement_map,0.633757197696737,4,0.5,0.4331299830772562,0.44037708961763378,0.0072471065403775792,0.80224379520749267,200,0,0.49291558069819474,0.4581284487988761,0.54037209557810562
Docking-44,200,30,8,full_source_map_including_calibration_rows,0.63477040070195967,4,0.33333333333333331,0.39776751007762828,0.40809065441221287,0.010323144334584589,0.8013062475385585,10000,0.0001,0.45146929174025086,0.42406608569847343,0.49102562770282659
Docking-44,200,30,8,row_disjoint_complement_map,0.63477040070195967,4,0.33333333333333331,0.39866950162687398,0.40941886984311188,0.010749368216237898,0.80509434843198469,200,0,0.45227826274115568,0.42606410689597518,0.49161347399927002
Docking-44,200,30,10,full_source_map_including_calibration_rows,0.76479525943933757,4,0.25,0.36509410302902534,0.37586898739073665,0.010774884361711312,0.8013062475385585,10000,0,0.4161252495631686,0.39268031268843251,0.44809726808011024
Docking-44,200,30,10,row_disjoint_complement_map,0.76479525943933757,4,0.25,0.36589672675526486,0.37711515696650366,0.011218430211238806,0.80509434843198469,200,0,0.41452812961398988,0.39319291196198464,0.44973690293870394
Docking-44,200,31,6,full_source_map_including_calibration_rows,0.66860853207112081,2,0.20000000000000001,0.43214781831379373,0.44405689818545785,0.011909079871664119,0.83645961850905426,10000,0.00040000000000000002,0.49302754320570502,0.45780395109194238,0.54568422458736376
Docking-44,200,31,6,row_disjoint_complement_map,0.66860853207112081,2,0.20000000000000001,0.43105775183948486,0.44410125087644087,0.013043499036956008,0.83865382581280012,200,0,0.4917488829455412,0.4573374752497531,0.53871765764771362
Docking-44,200,31,8,full_source_map_including_calibration_rows,0.74999240578618342,3,0.23076923076923078,0.39776751007762828,0.41282013262342365,0.015052622545795369,0.80278043618439665,10000,0.0012999999999999999,0.45146929174025086,0.42406608569847343,0.49102562770282659
Docking-44,200,31,8,row_disjoint_complement_map,0.74999240578618342,3,0.23076923076923078,0.39677741726838089,0.41288940779721967,0.016111990528838771,0.80311443751343492,200,0,0.45109350744350962,0.42411742374396849,0.48988628236864973
Docking-44,200,31,10,full_source_map_including_calibration_rows,0.79690577611177371,6,0.42857142857142855,0.36509410302902534,0.3855247577228697,0.020430654693844363,0.80050433937990129,10000,0.0032000000000000002,0.4161252495631686,0.39268031268843251,0.44809726808011024
Docking-44,200,31,10,row_disjoint_complement_map,0.79690577611177371,6,0.42857142857142855,0.3646733489889904,0.38537394105992306,0.020700592070932666,0.80036967155163619,200,0.014999999999999999,0.41330252681468571,0.39185493542627498,0.44878062501914112
Docking-44,200,32,6,full_source_map_including_calibration_rows,0.45371069182389939,2,0.20000000000000001,0.43214781831379373,0.44914319764518673,0.016995379331393001,0.82388823211809536,10000,0.0035999999999999999,0.49302754320570502,0.45780395109194238,0.54568422458736376
Docking-44,200,32,6,row_disjoint_complement_map,0.45371069182389939,2,0.20000000000000001,0.43217505488626512,0.44946157807884118,0.017286523192576064,0.82175211671973747,200,0.0050000000000000001,0.49202654286494268,0.4574136146737372,0.53845305036365354
Docking-44,200,32,8,full_source_map_including_calibration_rows,0.53969718416662449,2,0.14285714285714285,0.39776751007762828,0.41715169071589936,0.019384180638271076,0.77999122035591717,10000,0.0041000000000000003,0.45146929174025086,0.42406608569847343,0.49102562770282659
Docking-44,200,32,8,row_disjoint_complement_map,0.53969718416662449,2,0.14285714285714285,0.39779753918272226,0.41747862840345423,0.019681089220731973,0.77925999021604486,200,0.0050000000000000001,0.45149428800907843,0.42503656088372954,0.49065855772234845
Docking-44,200,32,10,full_source_map_including_calibration_rows,0.5521260744144395,5,0.33333333333333331,0.36509410302902534,0.38503582551057763,0.019941722481552293,0.77633851181124758,10000,0.0030999999999999999,0.4161252495631686,0.39268031268843251,0.44809726808011024
Docking-44,200,32,10,row_disjoint_complement_map,0.5521260744144395,5,0.33333333333333331,0.36514149082857511,0.38538987108794287,0.02024838025936776,0.77511987295213314,200,0.014999999999999999,0.41351804550533222,0.39259073244470694,0.449017781222251
Docking-44,200,33,6,full_source_map_including_calibration_rows,0.64923224568138194,4,0.5,0.43214781831379373,0.43438646207064446,0.0022386437568507334,0.8157280261450961,10000,0,0.49302754320570502,0.45780395109194238,0.54568422458736376
Docking-44,200,33,6,row_disjoint_complement_map,0.64923224568138194,4,0.5,0.43217066622677225,0.4345971727347997,0.0024265065080274484,0.81801293138097897,200,0,0.49227428685269248,0.45782667526950832,0.53933129645686895
Docking-44,200,33,8,full_source_map_including_calibration_rows,0.70443773727274872,6,0.59999999999999998,0.39776751007762828,0.40404802707379317,0.0062805169961648866,0.81011935575628824,10000,0,0.45146929174025086,0.42406608569847343,0.49102562770282659
Docking-44,200,33,8,row_disjoint_complement_map,0.70443773727274872,6,0.59999999999999998,0.39792407258071177,0.40426127691943775,0.0063372043387259769,0.80853318792558326,200,0,0.45172656587238691,0.42490376139357733,0.49084412391422871
Docking-44,200,33,10,full_source_map_including_calibration_rows,0.92000892923580624,9,0.81818181818181823,0.36509410302902534,0.36974743961670525,0.0046533365876799127,0.73347316855701949,10000,0,0.4161252495631686,0.39268031268843251,0.44809726808011024
Docking-44,200,33,10,row_disjoint_complement_map,0.92000892923580624,9,0.81818181818181823,0.36523620640429488,0.37002369220788894,0.0047874858035940604,0.73557241718249677,200,0,0.41370111666963982,0.39240552942052981,0.44929246305627474
Docking-44,200,34,6,full_source_map_including_calibration_rows,0.81758770924099977,4,0.5,0.43214781831379373,0.43438646207064446,0.0022386437568507334,0.8157280261450961,10000,0,0.49302754320570502,0.45780395109194238,0.54568422458736376
Docking-44,200,34,6,row_disjoint_complement_map,0.81758770924099977,4,0.5,0.43324692359648687,0.43570878788153616,0.0024618642850492978,0.81423984946032424,200,0,0.49334113114377376,0.45863223028257144,0.53935330464868192
Docking-44,200,34,8,full_source_map_including_calibration_rows,0.66288582550057562,5,0.45454545454545453,0.39776751007762828,0.40197752797904163,0.0042100179014133432,0.8157280261450961,10000,0,0.45146929174025086,0.42406608569847343,0.49102562770282659
Docking-44,200,34,8,row_disjoint_complement_map,0.66288582550057562,5,0.45454545454545453,0.3987836135883564,0.40325648795628005,0.0044728743679236516,0.81423984946032424,200,0,0.45257147589145952,0.42595516344965212,0.49222954115132211
Docking-44,200,34,10,full_source_map_including_calibration_rows,0.75739615464071752,8,0.66666666666666663,0.36509410302902534,0.36992852498742068,0.0048344219583953407,0.73727854012080951,10000,0,0.4161252495631686,0.39268031268843251,0.44809726808011024
Docking-44,200,34,10,row_disjoint_complement_map,0.75739615464071752,8,0.66666666666666663,0.36630920392869776,0.3712017305915184,0.0048925266628206399,0.73911215686610898,200,0,0.41461135812973904,0.39370103984141264,0.44985965947793505
Docking-44,200,35,6,full_source_map_including_calibration_rows,0.73379353119544244,1,0.090909090909090912,0.43214781831379373,0.4467924262154479,0.014644607901654172,0.8380404751966064,10000,0.0012999999999999999,0.49302754320570502,0.45780395109194238,0.54568422458736376
Docking-44,200,35,6,row_disjoint_complement_map,0.69812105136807834,1,0.090909090909090912,0.43203213458837769,0.44694999627203502,0.01491786168365733,0.83499373888961337,200,0,0.49200135893134822,0.45761380634386994,0.53911744156470243
Docking-44,200,35,8,full_source_map_including_calibration_rows,0.69746163826974739,3,0.23076923076923078,0.39776751007762828,0.41097591117534549,0.013208401097717204,0.84103389140263485,10000,0.00050000000000000001,0.45146929174025086,0.42406608569847343,0.49102562770282659
Docking-44,200,35,8,row_disjoint_complement_map,0.69746163826974739,3,0.23076923076923078,0.3976405648243182,0.41113468357428484,0.013494118749966644,0.83911895408396808,200,0,0.45153293887936452,0.42480175063343822,0.49047578967851813
Docking-44,200,35,10,full_source_map_including_calibration_rows,0.86883063761343859,3,0.17647058823529413,0.36509410302902534,0.37868299835861047,0.013588895329585127,0.77633851181124758,10000,0.00040000000000000002,0.4161252495631686,0.39268031268843251,0.44809726808011024
Docking-44,200,35,10,row_disjoint_complement_map,0.86883063761343859,3,0.17647058823529413,0.36497778760863558,0.37890945125185804,0.013931663643222458,0.7746746893659866,200,0,0.41351859918537315,0.39220778359277042,0.44906072079485149
Docking-44,200,36,6,full_source_map_including_calibration_rows,0.74824647846501657,3,0.33333333333333331,0.43214781831379373,0.43626089319730016,0.004113074883506429,0.8013062475385585,10000,0,0.49302754320570502,0.45780395109194238,0.54568422458736376
Docking-44,200,36,6,row_disjoint_complement_map,0.74824647846501657,3,0.33333333333333331,0.4324232230121598,0.43682676620054983,0.0044035431883900356,0.8026511573996935,200,0,0.49245143471596353,0.45791163054859058,0.53979656357259576
Docking-44,200,36,8,full_source_map_including_calibration_rows,0.58588075713669152,4,0.33333333333333331,0.39776751007762828,0.40503203439639884,0.0072645243187705599,0.77633851181124758,10000,0,0.45146929174025086,0.42406608569847343,0.49102562770282659
Docking-44,200,36,8,row_disjoint_complement_map,0.58588075713669152,4,0.33333333333333331,0.39809251635941789,0.40554160623236174,0.0074490898729438482,0.77941170875164645,200,0,0.45203106003911819,0.42510422959642485,0.49119952594336574
Docking-44,200,36,10,full_source_map_including_calibration_rows,0.66044259521071258,4,0.25,0.36509410302902534,0.37233130926100844,0.0072372062319830954,0.77633851181124758,10000,0,0.4161252495631686,0.39268031268843251,0.44809726808011024
Docking-44,200,36,10,row_disjoint_complement_map,0.66044259521071258,4,0.25,0.36537444706494943,0.37278323516665224,0.0074087881017028123,0.77941170875164645,200,0,0.41399253299141775,0.39251012389655004,0.4493870609926468
Docking-44,200,37,6,full_source_map_including_calibration_rows,0.64150126225930171,0,0,0.43214781831379373,0.46408223123603953,0.031934412922245803,0.8212248555095375,10000,0.067699999999999996,0.49302754320570502,0.45780395109194238,0.54568422458736376
Docking-44,200,37,6,row_disjoint_complement_map,0.67923797149516463,0,0,0.43175007259583187,0.46424551465335495,0.032495442057523083,0.82002007074889838,200,0.055,0.49192703822320871,0.45738277135543176,0.53920141995480708
Docking-44,200,37,8,full_source_map_including_calibration_rows,0.62614964552596286,1,0.066666666666666666,0.39776751007762828,0.42760903623822927,0.029841526160600984,0.8212248555095375,10000,0.049000000000000002,0.45146929174025086,0.42406608569847343,0.49102562770282659
Docking-44,200,37,8,row_disjoint_complement_map,0.65431988734603663,1,0.066666666666666666,0.39732390174201382,0.42779585843703671,0.030471956695022895,0.82002007074889838,200,0.055,0.45133060930656488,0.42471119546765829,0.49027965717084343
Docking-44,200,37,10,full_source_map_including_calibration_rows,0.55190322031010397,3,0.17647058823529413,0.36509410302902534,0.3842616498545795,0.01916754682555416,0.80050433937990129,10000,0.0023,0.4161252495631686,0.39268031268843251,0.44809726808011024
Docking-44,200,37,10,row_disjoint_complement_map,0.57607948032097822,3,0.17647058823529413,0.36473072631355097,0.38437991172971431,0.019649185416163339,0.80206478055770591,200,0.01,0.41350503894594715,0.39202559654484292,0.44891374929363692
Docking-44,200,38,6,full_source_map_including_calibration_rows,0.58403072890366581,1,0.090909090909090912,0.43214781831379373,0.45039739009496016,0.018249571781166429,0.80424780239832172,10000,0.0047000000000000002,0.49302754320570502,0.45780395109194238,0.54568422458736376
Docking-44,200,38,6,row_disjoint_complement_map,0.58403072890366581,1,0.090909090909090912,0.4323457408894566,0.45070474267768418,0.01835900178822758,0.80221018844557135,200,0.0050000000000000001,0.49226758284254729,0.45771092414679876,0.53924934044106998
Docking-44,200,38,8,full_source_map_including_calibration_rows,0.58906797732671523,5,0.45454545454545453,0.39776751007762828,0.40596343764140419,0.0081959275637759066,0.75371891199763885,10000,0,0.45146929174025086,0.42406608569847343,0.49102562770282659
Docking-44,200,38,8,row_disjoint_complement_map,0.58906797732671523,5,0.45454545454545453,0.39800947870374953,0.40637602880116147,0.00836655009741194,0.75532776716404204,200,0,0.45162805272541706,0.42472641416211271,0.49049703374420439
Docking-44,200,38,10,full_source_map_including_calibration_rows,0.60342961970347331,5,0.33333333333333331,0.36509410302902534,0.3767004551787354,0.011606352149710064,0.71586601120942073,10000,0.0001,0.4161252495631686,0.39268031268843251,0.44809726808011024
Docking-44,200,38,10,row_disjoint_complement_map,0.60342961970347331,5,0.33333333333333331,0.36523856662057841,0.37716448984194012,0.011925923221361712,0.71636614004353349,200,0,0.41388875178454931,0.39258236902099414,0.44911505318999939
Docking-44,200,39,6,full_source_map_including_calibration_rows,0.84511533279294848,2,0.20000000000000001,0.43214781831379373,0.45483034964890939,0.022682531335115663,0.78464214215580474,10000,0.014800000000000001,0.49302754320570502,0.45780395109194238,0.54568422458736376
Docking-44,200,39,6,row_disjoint_complement_map,0.82988077536274674,2,0.20000000000000001,0.43244362736681291,0.45559045704299428,0.023146829676181369,0.78613525169202958,200,0.014999999999999999,0.49234793443235991,0.45791685875167887,0.53965223982571653
Docking-44,200,39,8,full_source_map_including_calibration_rows,0.88447276683615694,4,0.33333333333333331,0.39776751007762828,0.40106209887529237,0.0032945887976640886,0.73727854012080951,10000,0,0.45146929174025086,0.42406608569847343,0.49102562770282659
Docking-44,200,39,8,row_disjoint_complement_map,0.86682896937778442,4,0.33333333333333331,0.39807876801910158,0.40150768402750947,0.0034289160084078896,0.73827644430325035,200,0,0.45209630773668213,0.42506076711778767,0.4910191005005009
Docking-44,200,39,10,full_source_map_including_calibration_rows,0.78200487915788441,9,0.81818181818181823,0.36509410302902534,0.36575513765355611,0.00066103462453076522,0.70267986218669864,10000,0,0.4161252495631686,0.39268031268843251,0.44809726808011024
Docking-44,200,39,10,row_disjoint_complement_map,0.76721715891180708,9,0.81818181818181823,0.36549659817094537,0.36610743357844966,0.00061083540750428433,0.70098706326907889,200,0,0.41378341175315125,0.39257350483110559,0.44910524292114812
Docking-44,200,40,6,full_source_map_including_calibration_rows,0.84273916773916779,1,0.090909090909090912,0.43214781831379373,0.44466114577892296,0.012513327465129231,0.77999122035591717,10000,0.00040000000000000002,0.49302754320570502,0.45780395109194238,0.54568422458736376
Docking-44,200,40,6,row_disjoint_complement_map,0.83259330759330763,1,0.090909090909090912,0.43190971515240029,0.4453753003918795,0.013465585239479216,0.78077202909098009,200,0,0.4920794776685059,0.45791236966775056,0.53962229442094312
Docking-44,200,40,8,full_source_map_including_calibration_rows,0.8807020761920048,2,0.14285714285714285,0.39776751007762828,0.40854884103240396,0.010781330954775681,0.77633851181124758,10000,0.0001,0.45146929174025086,0.42406608569847343,0.49102562770282659
Docking-44,200,40,8,row_disjoint_complement_map,0.86799674220721157,2,0.14285714285714285,0.39761437777935188,0.40922422639393835,0.011609848614586471,0.77742764716312296,200,0,0.45098337202901678,0.424444741719743,0.49084150010953931
Docking-44,200,40,10,full_source_map_including_calibration_rows,0.45157926682177901,6,0.42857142857142855,0.36509410302902534,0.37380202498627269,0.0087079219572473443,0.73813981650816574,10000,0,0.4161252495631686,0.39268031268843251,0.44809726808011024
Docking-44,200,40,10,row_disjoint_complement_map,0.47427214354824521,6,0.42857142857142855,0.365474276614559,0.37442149011162229,0.0089472134970632888,0.73979171652186537,200,0,0.41367626166908578,0.3924942237964506,0.44956542796983728
Docking-44,200,41,6,full_source_map_including_calibration_rows,0.32123481852227781,0,0,0.43214781831379373,0.45629460299193542,0.024146784678141686,0.76335687371682004,10000,0.019400000000000001,0.49302754320570502,0.45780395109194238,0.54568422458736376
Docking-44,200,41,6,row_disjoint_complement_map,0.32123481852227781,0,0,0.43089270723005307,0.4554195303144013,0.024526823084348226,0.764720285326004,200,0.02,0.49163561189409782,0.45677574630824225,0.53872189230111389
Docking-44,200,41,8,full_source_map_including_calibration_rows,0.33319663202142791,2,0.14285714285714285,0.39776751007762828,0.42163874971649784,0.023871239638869557,0.76335687371682004,10000,0.014200000000000001,0.45146929174025086,0.42406608569847343,0.49102562770282659
Docking-44,200,41,8,row_disjoint_complement_map,0.33319663202142791,2,0.14285714285714285,0.39651317285495813,0.42081943216798795,0.024306259313029821,0.764720285326004,200,0.014999999999999999,0.45076293913442073,0.42382581126745977,0.48991613023759023
Docking-44,200,41,10,full_source_map_including_calibration_rows,0.41018383224829214,3,0.17647058823529413,0.36509410302902534,0.3875008754889146,0.022406772459889257,0.73347316855701949,10000,0.0057000000000000002,0.4161252495631686,0.39268031268843251,0.44809726808011024
Docking-44,200,41,10,row_disjoint_complement_map,0.41018383224829214,3,0.17647058823529413,0.36401978625954445,0.38675147040979385,0.022731684150249398,0.73184108056867414,200,0.014999999999999999,0.41308321288028704,0.39153678953709931,0.44880191851211748
Docking-44,200,42,6,full_source_map_including_calibration_rows,0.5490788385555454,2,0.20000000000000001,0.43214781831379373,0.446947444981182,0.014799626667388266,0.76335687371682004,10000,0.0012999999999999999,0.49302754320570502,0.45780395109194238,0.54568422458736376
Docking-44,200,42,6,row_disjoint_complement_map,0.52734769824496919,2,0.20000000000000001,0.43197473461844188,0.44720675177769709,0.015232017159255207,0.7644901368640622,200,0,0.49202371362188313,0.45756568306082807,0.53974831769935283
Docking-44,200,42,8,full_source_map_including_calibration_rows,0.57068365811611776,4,0.33333333333333331,0.39776751007762828,0.41102052303155662,0.013253012953928334,0.71586601120942073,10000,0.00050000000000000001,0.45146929174025086,0.42406608569847343,0.49102562770282659
Docking-44,200,42,8,row_disjoint_complement_map,0.54849233631986272,4,0.33333333333333331,0.39759641104614557,0.41133350526282925,0.013737094216683676,0.71479659465383727,200,0,0.45174553311347987,0.42470718181159672,0.49098095689826038
Docking-44,200,42,10,full_source_map_including_calibration_rows,0.65901028543693474,4,0.25,0.36509410302902534,0.38006898005691969,0.014974877027894351,0.69910649235557942,10000,0.00050000000000000001,0.4161252495631686,0.39268031268843251,0.44809726808011024
Docking-44,200,42,10,row_disjoint_complement_map,0.58935879945429737,4,0.25,0.36476261291944884,0.38041427623893004,0.015651663319481202,0.70042870535705937,200,0,0.41375478333907523,0.3924123815511758,0.44884656972472792
Docking-44,200,43,6,full_source_map_including_calibration_rows,0.81152019126915054,2,0.20000000000000001,0.43214781831379373,0.4464706245904731,0.014322806276679367,0.79144679703446652,10000,0.001,0.49302754320570502,0.45780395109194238,0.54568422458736376
Docking-44,200,43,6,row_disjoint_complement_map,0.81152019126915054,2,0.20000000000000001,0.43274991256351408,0.44762602826369774,0.014876115700183656,0.79318826820931887,200,0,0.4929731898330586,0.45850593390362487,0.54004569953083048
Docking-44,200,43,8,full_source_map_including_calibration_rows,0.87272301842644051,3,0.23076923076923078,0.39776751007762828,0.41543814857097217,0.017670638493343882,0.79144679703446652,10000,0.0025999999999999999,0.45146929174025086,0.42406608569847343,0.49102562770282659
Docking-44,200,43,8,row_disjoint_complement_map,0.87272301842644051,3,0.23076923076923078,0.39829879758270847,0.41654003595502492,0.018241238372316448,0.79318826820931887,200,0.0050000000000000001,0.45240007477542649,0.4255727614325987,0.49132034463229607
Docking-44,200,43,10,full_source_map_including_calibration_rows,0.73960818279909279,5,0.33333333333333331,0.36509410302902534,0.38198239884030588,0.01688829581128054,0.73727854012080951,10000,0.0011000000000000001,0.4161252495631686,0.39268031268843251,0.44809726808011024
Docking-44,200,43,10,row_disjoint_complement_map,0.73960818279909279,5,0.33333333333333331,0.36571310836774662,0.38308154605829664,0.01736843769055002,0.73811809279489449,200,0.0050000000000000001,0.41442954985636216,0.39323689574396337,0.44938659036156159
Docking-44,200,44,6,full_source_map_including_calibration_rows,0.93874445559620556,2,0.20000000000000001,0.43214781831379373,0.44659795333973379,0.014450135025940058,0.77228973156250647,10000,0.0011000000000000001,0.49302754320570502,0.45780395109194238,0.54568422458736376
Docking-44,200,44,6,row_disjoint_complement_map,0.93874445559620556,2,0.20000000000000001,0.43207394996106402,0.44680768604139937,0.014733736080335347,0.77614533773997385,200,0,0.49193752147333297,0.45764524847868876,0.539356273670063
Docking-44,200,44,8,full_source_map_including_calibration_rows,0.6933893466635086,3,0.23076923076923078,0.39776751007762828,0.41443948734962005,0.016671977271991767,0.77228973156250647,10000,0.0018,0.45146929174025086,0.42406608569847343,0.49102562770282659
Docking-44,200,44,8,row_disjoint_complement_map,0.6933893466635086,3,0.23076923076923078,0.39768716108801333,0.41469374804939219,0.017006586961378856,0.77614533773997385,200,0,0.45134330742462969,0.42465414699488124,0.49083563502470923
Docking-44,200,44,10,full_source_map_including_calibration_rows,0.75256719861840649,4,0.25,0.36509410302902534,0.38396685942082948,0.018872756391804135,0.77228973156250647,10000,0.002,0.4161252495631686,0.39268031268843251,0.44809726808011024
Docking-44,200,44,10,row_disjoint_complement_map,0.75256719861840649,4,0.25,0.36498529331885943,0.38425095986608448,0.019265666547225058,0.77614533773997385,200,0.01,0.41354891219557915,0.39231452875837669,0.44917673477218889
Docking-44,200,45,6,full_source_map_including_calibration_rows,0.61674294367794891,0,0,0.43214781831379373,0.46597841222721664,0.033830593913422913,0.83779867787889328,10000,0.085300000000000001,0.49302754320570502,0.45780395109194238,0.54568422458736376
Docking-44,200,45,6,row_disjoint_complement_map,0.61674294367794891,0,0,0.43186705502023703,0.465997702424087,0.034130647403849967,0.84012229768015401,200,0.10000000000000001,0.49207371132207667,0.45755228172478957,0.53948258681421435
Docking-44,200,45,8,full_source_map_including_calibration_rows,0.60290789633775399,2,0.14285714285714285,0.39776751007762828,0.43315137923925545,0.035383869161627168,0.83779867787889328,10000,0.11459999999999999,0.45146929174025086,0.42406608569847343,0.49102562770282659
Docking-44,200,45,8,row_disjoint_complement_map,0.60290789633775399,2,0.14285714285714285,0.39748377958123837,0.43319688585093485,0.035713106269696482,0.84012229768015401,200,0.105,0.45143294531165579,0.42454659019679736,0.49038316500349677
Docking-44,200,45,10,full_source_map_including_calibration_rows,0.62935523625665168,3,0.17647058823529413,0.36509410302902534,0.40391949389661347,0.038825390867588128,0.79668543592168994,10000,0.1767,0.4161252495631686,0.39268031268843251,0.44809726808011024
Docking-44,200,45,10,row_disjoint_complement_map,0.62935523625665168,3,0.17647058823529413,0.36481050232838169,0.40390210329200538,0.039091600963623685,0.79592536640026101,200,0.22500000000000001,0.41350125154447082,0.39204531055131492,0.44914724678188717
Docking-44,200,46,6,full_source_map_including_calibration_rows,0.89683301343570054,4,0.5,0.43214781831379373,0.43711075219317014,0.0049629338793764077,0.77633851181124758,10000,0.0001,0.49302754320570502,0.45780395109194238,0.54568422458736376
Docking-44,200,46,6,row_disjoint_complement_map,0.89683301343570054,4,0.5,0.43211129451536751,0.43716301918755585,0.0050517246721883402,0.77882331785940062,200,0,0.49221770066153614,0.4575709725619434,0.53964376359093824
Docking-44,200,46,8,full_source_map_including_calibration_rows,0.84155019059720459,5,0.45454545454545453,0.39776751007762828,0.404315389010941,0.0065478789333127119,0.77633851181124758,10000,0,0.45146929174025086,0.42406608569847343,0.49102562770282659
Docking-44,200,46,8,row_disjoint_complement_map,0.84155019059720459,5,0.45454545454545453,0.39772553107544351,0.40441818521221579,0.0066926541367722803,0.77882331785940062,200,0,0.45187362124201508,0.42495115732387445,0.49100958424084556
Docking-44,200,46,10,full_source_map_including_calibration_rows,0.76413515034514201,5,0.33333333333333331,0.36509410302902534,0.37460104599511018,0.0095069429660848415,0.76692150192540653,10000,0,0.4161252495631686,0.39268031268843251,0.44809726808011024
Docking-44,200,46,10,row_disjoint_complement_map,0.76413515034514201,5,0.33333333333333331,0.36504977091539531,0.37470388247294789,0.0096541115575525804,0.76764922220701426,200,0,0.41378633975682416,0.39238199976466065,0.44907842726771924
Docking-44,200,47,6,full_source_map_including_calibration_rows,0.57364535673128492,2,0.20000000000000001,0.43214781831379373,0.44735888371003435,0.015211065396240619,0.81011935575628824,10000,0.0015,0.49302754320570502,0.45780395109194238,0.54568422458736376
Docking-44,200,47,6,row_disjoint_complement_map,0.57364535673128492,2,0.20000000000000001,0.43215663808402538,0.44778296274669677,0.015626324662671387,0.80959371300468264,200,0,0.49223217987949103,0.45794697979479043,0.5394680481117986
Docking-44,200,47,8,full_source_map_including_calibration_rows,0.65924917954054274,5,0.45454545454545453,0.39776751007762828,0.4088724229500682,0.01110491287243992,0.81011935575628824,10000,0.0001,0.45146929174025086,0.42406608569847343,0.49102562770282659
Docking-44,200,47,8,row_disjoint_complement_map,0.65924917954054274,5,0.45454545454545453,0.39777130383536385,0.40912707453303693,0.011355770697673073,0.80959371300468264,200,0,0.45164951574917711,0.4250182535015572,0.49077065765541444
Docking-44,200,47,10,full_source_map_including_calibration_rows,0.78859725636349221,7,0.53846153846153844,0.36509410302902534,0.37596070695642003,0.010866603927394691,0.80278043618439665,10000,0,0.4161252495631686,0.39268031268843251,0.44809726808011024
Docking-44,200,47,10,row_disjoint_complement_map,0.78859725636349221,7,0.53846153846153844,0.36527560030352879,0.37622013532546605,0.010944535021937263,0.80288239016640506,200,0,0.41380156025134174,0.39248579589621141,0.449086698595209
Docking-44,200,48,6,full_source_map_including_calibration_rows,0.66309450577913043,1,0.090909090909090912,0.43214781831379373,0.45750469369493579,0.025356875381142063,0.8157280261450961,10000,0.023599999999999999,0.49302754320570502,0.45780395109194238,0.54568422458736376
Docking-44,200,48,6,row_disjoint_complement_map,0.66309450577913043,1,0.090909090909090912,0.4319137750017541,0.45768468224700176,0.025770907245247665,0.81742621989357023,200,0.029999999999999999,0.49203406401001637,0.45753182270086845,0.53938889735458972
Docking-44,200,48,8,full_source_map_including_calibration_rows,0.76386244369107881,2,0.14285714285714285,0.39776751007762828,0.42708939326899081,0.02932188319136253,0.77633851181124758,10000,0.044699999999999997,0.45146929174025086,0.42406608569847343,0.49102562770282659
Docking-44,200,48,8,row_disjoint_complement_map,0.76386244369107881,2,0.14285714285714285,0.39756911924667276,0.42723291244382805,0.029663793197155286,0.77845724103139891,200,0.050000000000000003,0.45152000444260532,0.42468498461930393,0.49118069494016081
Docking-44,200,48,10,full_source_map_including_calibration_rows,0.81379016947215366,4,0.25,0.36509410302902534,0.39876128092919549,0.033667177900170153,0.77633851181124758,10000,0.085599999999999996,0.4161252495631686,0.39268031268843251,0.44809726808011024
Docking-44,200,48,10,row_disjoint_complement_map,0.81379016947215366,4,0.25,0.36487799998928949,0.39901187491057438,0.03413387492128489,0.77845724103139891,200,0.13500000000000001,0.41361505310738311,0.39242355205156182,0.44879962396862677
Docking-44,200,49,6,full_source_map_including_calibration_rows,0.7927937794327018,1,0.090909090909090912,0.43214781831379373,0.44551450658539982,0.013366688271606086,0.77999122035591717,10000,0.00059999999999999995,0.49302754320570502,0.45780395109194238,0.54568422458736376
Docking-44,200,49,6,row_disjoint_complement_map,0.75653269083342456,1,0.090909090909090912,0.43233607716638539,0.44601755245525909,0.013681475288873701,0.78281122517672574,200,0,0.49235837306774266,0.45788350193452498,0.53966316856464491
Docking-44,200,49,8,full_source_map_including_calibration_rows,0.74443177042684761,2,0.14285714285714285,0.39776751007762828,0.41481146118482676,0.017043951107198474,0.77999122035591717,10000,0.0019,0.45146929174025086,0.42406608569847343,0.49102562770282659
Docking-44,200,49,8,row_disjoint_complement_map,0.721060312732688,2,0.14285714285714285,0.39796055814939924,0.41520376492871502,0.017243206779315789,0.78281122517672574,200,0,0.4518420961964168,0.4252277817263479,0.49085145167754407
Docking-44,200,49,10,full_source_map_including_calibration_rows,0.80909072563014184,4,0.25,0.36509410302902534,0.38238790138998408,0.017293798360958734,0.77999122035591717,10000,0.0011000000000000001,0.4161252495631686,0.39268031268843251,0.44809726808011024
Docking-44,200,49,10,row_disjoint_complement_map,0.76015677998040254,4,0.25,0.36533161731727154,0.38272497475484751,0.017393357437575974,0.78281122517672574,200,0.0050000000000000001,0.41381030648862627,0.39282354892451493,0.4497713388094422
Docking-44,200,50,6,full_source_map_including_calibration_rows,0.69891458235016513,2,0.20000000000000001,0.43214781831379373,0.44665196621975622,0.014504147905962494,0.81011935575628824,10000,0.0011000000000000001,0.49302754320570502,0.45780395109194238,0.54568422458736376
Docking-44,200,50,6,row_disjoint_complement_map,0.69891458235016513,2,0.20000000000000001,0.4319434899023547,0.44682394529223329,0.014880455389878589,0.81144807907909011,200,0,0.49218353970603845,0.45755806323164738,0.53950493982933789
Docking-44,200,50,8,full_source_map_including_calibration_rows,0.68027810300916147,3,0.23076923076923078,0.39776751007762828,0.41637548967130106,0.018607979593672774,0.81011935575628824,10000,0.0037000000000000002,0.45146929174025086,0.42406608569847343,0.49102562770282659
Docking-44,200,50,8,row_disjoint_complement_map,0.68027810300916147,3,0.23076923076923078,0.39767927537665942,0.41659000090973508,0.018910725533075656,0.81144807907909011,200,0.0050000000000000001,0.45162210051901414,0.42462695271344991,0.49097681285419115
Docking-44,200,50,10,full_source_map_including_calibration_rows,0.67615640959360612,5,0.33333333333333331,0.36509410302902534,0.38818762411809082,0.023093521089065483,0.73512325265515122,10000,0.0079000000000000008,0.4161252495631686,0.39268031268843251,0.44809726808011024
Docking-44,200,50,10,row_disjoint_complement_map,0.67615640959360612,5,0.33333333333333331,0.36490979991370054,0.38845862054502489,0.023548820631324352,0.73826693253699993,200,0.014999999999999999,0.41378312359659497,0.39235768163070506,0.44881797162129056
Docking-44,200,51,6,full_source_map_including_calibration_rows,0.73482682453720838,2,0.20000000000000001,0.43214781831379373,0.45112985431076763,0.018982035996973901,0.80001247747940463,10000,0.0055999999999999999,0.49302754320570502,0.45780395109194238,0.54568422458736376
Docking-44,200,51,6,row_disjoint_complement_map,0.72211226393032135,2,0.20000000000000001,0.43150902187124024,0.45104627288066329,0.019537251009423051,0.80065290568113445,200,0.01,0.4918116981724146,0.45734132804722255,0.53935528945238542
Docking-44,200,51,8,full_source_map_including_calibration_rows,0.77089226022113655,5,0.45454545454545453,0.39776751007762828,0.40918797474449292,0.011420464666864638,0.80001247747940463,10000,0.0001,0.45146929174025086,0.42406608569847343,0.49102562770282659
Docking-44,200,51,8,row_disjoint_complement_map,0.77089226022113655,5,0.45454545454545453,0.39714735837989407,0.40913373118304919,0.011986372803155121,0.79739467290756016,200,0,0.45085115570597023,0.42421774205518281,0.49080521414225781
Docking-44,200,51,10,full_source_map_including_calibration_rows,0.55990902512147211,6,0.42857142857142855,0.36509410302902534,0.37746445657662231,0.012370353547596968,0.74373136588926536,10000,0.0001,0.4161252495631686,0.39268031268843251,0.44809726808011024
Docking-44,200,51,10,row_disjoint_complement_map,0.55990902512147211,6,0.42857142857142855,0.3652113583016629,0.37748734399350714,0.012275985691844238,0.74710645791957497,200,0,0.41333307278450471,0.39278107867766887,0.44896601820142457
Docking-44,200,52,6,full_source_map_including_calibration_rows,0.59073728311853912,1,0.090909090909090912,0.43214781831379373,0.44926527691471957,0.017117458600925839,0.8013062475385585,10000,0.0035999999999999999,0.49302754320570502,0.45780395109194238,0.54568422458736376
Docking-44,200,52,6,row_disjoint_complement_map,0.59073728311853912,1,0.090909090909090912,0.43209788931666465,0.44959247445076828,0.017494585134103624,0.79907651077606401,200,0.0050000000000000001,0.49202415215970774,0.45741671971474068,0.53945806435567378
Docking-44,200,52,8,full_source_map_including_calibration_rows,0.63407264819293252,3,0.23076923076923078,0.39776751007762828,0.41392379601616969,0.016156285938541404,0.75278266939349081,10000,0.0016999999999999999,0.45146929174025086,0.42406608569847343,0.49102562770282659
Docking-44,200,52,8,row_disjoint_complement_map,0.63407264819293252,3,0.23076923076923078,0.39773058348897855,0.41429428432021864,0.016563700831240091,0.75352393065824042,200,0,0.45162120712902082,0.42492588607684095,0.49080391264448725
Docking-44,200,52,10,full_source_map_including_calibration_rows,0.77495836967726583,3,0.17647058823529413,0.36509410302902534,0.3808482745539456,0.015754171524920257,0.70267986218669864,10000,0.00089999999999999998,0.4161252495631686,0.39268031268843251,0.44809726808011024
Docking-44,200,52,10,row_disjoint_complement_map,0.77495836967726583,3,0.17647058823529413,0.36490227913836715,0.38121587954749531,0.016313600409128159,0.70244930639188841,200,0.0050000000000000001,0.41370527922854528,0.39217457710903814,0.44889502178944468
Docking-44,200,53,6,full_source_map_including_calibration_rows,0.80334629300851745,2,0.20000000000000001,0.43214781831379373,0.44799778917825006,0.015849970864456331,0.8013062475385585,10000,0.0020999999999999999,0.49302754320570502,0.45780395109194238,0.54568422458736376
Docking-44,200,53,6,row_disjoint_complement_map,0.78095216314955951,2,0.20000000000000001,0.43246717596262418,0.4487056600159679,0.016238484053343716,0.80079192161520063,200,0.0050000000000000001,0.49211386466526741,0.45815072943818208,0.53972292197452054
Docking-44,200,53,8,full_source_map_including_calibration_rows,0.82746207251221393,5,0.45454545454545453,0.39776751007762828,0.41233116537314635,0.014563655295518063,0.76335687371682004,10000,0.0011000000000000001,0.45146929174025086,0.42406608569847343,0.49102562770282659
Docking-44,200,53,8,row_disjoint_complement_map,0.82746207251221393,5,0.45454545454545453,0.39811398172646578,0.41315053028775617,0.015036548561290386,0.76468988458955112,200,0,0.45162103112583429,0.42485736073386587,0.49111458792414436
Docking-44,200,53,10,full_source_map_including_calibration_rows,0.61136699400364991,4,0.25,0.36509410302902534,0.37967179587933431,0.014577692850308965,0.73813981650816574,10000,0.00040000000000000002,0.4161252495631686,0.39268031268843251,0.44809726808011024
Docking-44,200,53,10,row_disjoint_complement_map,0.61136699400364991,4,0.25,0.36493859690147606,0.38046235468046757,0.015523757778991509,0.74437742742213597,200,0,0.41378985275684033,0.39239544747050248,0.44953620710370557
Docking-44,200,54,6,full_source_map_including_calibration_rows,0.73443293290112077,2,0.20000000000000001,0.43214781831379373,0.48726155822919687,0.055113739915403137,0.78464214215580474,10000,0.39600000000000002,0.49302754320570502,0.45780395109194238,0.54568422458736376
Docking-44,200,54,6,row_disjoint_complement_map,0.73443293290112077,2,0.20000000000000001,0.43197423778018479,0.48786672722480162,0.055892489444616833,0.78466408940979859,200,0.44,0.4919146024904803,0.45742935288546671,0.53923473966461244
Docking-44,200,54,8,full_source_map_including_calibration_rows,0.79986505957962628,3,0.23076923076923078,0.39776751007762828,0.45599368357181319,0.058226173494184907,0.78464214215580474,10000,0.59650000000000003,0.45146929174025086,0.42406608569847343,0.49102562770282659
Docking-44,200,54,8,row_disjoint_complement_map,0.79986505957962628,3,0.23076923076923078,0.39760207155977428,0.45663081633402797,0.059028744774253683,0.78466408940979859,200,0.61499999999999999,0.45113584178495802,0.42461462999982513,0.49041896546009056
Docking-44,200,54,10,full_source_map_including_calibration_rows,0.63763646089937065,6,0.42857142857142855,0.36509410302902534,0.37882633373031999,0.013732230701294645,0.78464214215580474,10000,0.00040000000000000002,0.4161252495631686,0.39268031268843251,0.44809726808011024
Docking-44,200,54,10,row_disjoint_complement_map,0.63763646089937065,6,0.42857142857142855,0.36509257781814414,0.37887937728909782,0.013786799470953681,0.78466408940979859,200,0,0.41346239514638489,0.39217077111130971,0.44882040406199847
Docking-44,200,55,6,full_source_map_including_calibration_rows,0.61946902654867253,0,0,0.43214781831379373,0.46395897719500473,0.031811158881210999,0.80050433937990129,10000,0.066500000000000004,0.49302754320570502,0.45780395109194238,0.54568422458736376
Docking-44,200,55,6,row_disjoint_complement_map,0.61946902654867253,0,0,0.43119600597964181,0.4640619728389076,0.032865966859265794,0.80027134017303592,200,0.065000000000000002,0.49181180492262488,0.45682845936586441,0.53941177336515
Docking-44,200,55,8,full_source_map_including_calibration_rows,0.68159662922748976,1,0.066666666666666666,0.39776751007762828,0.42750889120438668,0.029741381126758393,0.78255944433077973,10000,0.048000000000000001,0.45146929174025086,0.42406608569847343,0.49102562770282659
Docking-44,200,55,8,row_disjoint_complement_map,0.68159662922748976,1,0.066666666666666666,0.39681389338301842,0.42778399795807354,0.030970104575055113,0.78374354555822168,200,0.055,0.45114159762315853,0.42422804193553143,0.49070140440441479
Docking-44,200,55,10,full_source_map_including_calibration_rows,0.56874846582740124,5,0.33333333333333331,0.36509410302902534,0.39812927263996961,0.033035169610944271,0.73727854012080951,10000,0.0751,0.4161252495631686,0.39268031268843251,0.44809726808011024
Docking-44,200,55,10,row_disjoint_complement_map,0.56874846582740124,5,0.33333333333333331,0.36421579123984726,0.39839017599033721,0.03417438475048995,0.73914291569110158,200,0.115,0.41337703336235498,0.39205312958343752,0.44894236048029423
Docking-44,200,56,6,full_source_map_including_calibration_rows,0.66369853737811479,3,0.33333333333333331,0.43214781831379373,0.44262648077538419,0.01047866246159046,0.78464214215580474,10000,0.00040000000000000002,0.49302754320570502,0.45780395109194238,0.54568422458736376
Docking-44,200,56,6,row_disjoint_complement_map,0.63862640234830514,3,0.33333333333333331,0.43227037897287973,0.44301858851717218,0.010748209544292453,0.78538400791100926,200,0,0.49232679872923202,0.45788051510234645,0.53915762845947013
Docking-44,200,56,8,full_source_map_including_calibration_rows,0.61265077674266821,3,0.23076923076923078,0.39776751007762828,0.41313846649773817,0.015370956420109883,0.77999122035591717,10000,0.0014,0.45146929174025086,0.42406608569847343,0.49102562770282659
Docking-44,200,56,8,row_disjoint_complement_map,0.61265077674266821,3,0.23076923076923078,0.39789922091187047,0.41358598788298795,0.015686766971117483,0.78016707852986134,200,0,0.45189412195072054,0.42518432106692011,0.49040801556860331
Docking-44,200,56,10,full_source_map_including_calibration_rows,0.50005249858253831,6,0.42857142857142855,0.36509410302902534,0.37367485159501451,0.0085807485659891714,0.75371891199763885,10000,0,0.4161252495631686,0.39268031268843251,0.44809726808011024
Docking-44,200,56,10,row_disjoint_complement_map,0.50005249858253831,6,0.42857142857142855,0.3653468956298957,0.37412040545273317,0.0087735098228374775,0.75407961799396572,200,0,0.41393340780029875,0.39267229228201955,0.44921396081965265
Docking-44,200,57,6,full_source_map_including_calibration_rows,0.54684401666555271,3,0.33333333333333331,0.43214781831379373,0.44382815765447658,0.011680339340682855,0.8013062475385585,10000,0.00040000000000000002,0.49302754320570502,0.45780395109194238,0.54568422458736376
Docking-44,200,57,6,row_disjoint_complement_map,0.54684401666555271,3,0.33333333333333331,0.43207331562564427,0.44389428879065507,0.011820973165010795,0.80068980264315326,200,0,0.49205281988199523,0.45755502810564735,0.53887439053514974
Docking-44,200,57,8,full_source_map_including_calibration_rows,0.59094026779590259,3,0.23076923076923078,0.39776751007762828,0.41541766278776432,0.017650152710136036,0.80050433937990129,10000,0.0025999999999999999,0.45146929174025086,0.42406608569847343,0.49102562770282659
Docking-44,200,57,8,row_disjoint_complement_map,0.59094026779590259,3,0.23076923076923078,0.39762694533408677,0.41557841631946302,0.01795147098537625,0.80062732869899245,200,0.0050000000000000001,0.45142768628156638,0.42489245905027534,0.49066920245703927
Docking-44,200,57,10,full_source_map_including_calibration_rows,0.72830340410560557,4,0.25,0.36509410302902534,0.38444942985655078,0.019355326827525443,0.77633851181124758,10000,0.0025000000000000001,0.4161252495631686,0.39268031268843251,0.44809726808011024
Docking-44,200,57,10,row_disjoint_complement_map,0.72830340410560557,4,0.25,0.36501278863644432,0.3846662206719616,0.019653432035517282,0.77684777928965465,200,0.014999999999999999,0.41363381256913162,0.39240441094188605,0.44912187724601726
Docking-44,200,58,6,full_source_map_including_calibration_rows,0.90426829601833569,2,0.20000000000000001,0.43214781831379373,0.44575213508761879,0.013604316773825065,0.82437501128675983,10000,0.00089999999999999998,0.49302754320570502,0.45780395109194238,0.54568422458736376
Docking-44,200,58,6,row_disjoint_complement_map,0.94566578963202841,2,0.20000000000000001,0.43232497645975837,0.44593823603524535,0.01361325957548698,0.82332048975351801,200,0,0.49228100918723899,0.45791197356873742,0.53972958566250973
Docking-44,200,58,8,full_source_map_including_calibration_rows,0.89930205929906726,4,0.33333333333333331,0.39776751007762828,0.4042358335342609,0.0064683234566326187,0.78464214215580474,10000,0,0.45146929174025086,0.42406608569847343,0.49102562770282659
Docking-44,200,58,8,row_disjoint_complement_map,0.92970040643202978,4,0.33333333333333331,0.39791203265231628,0.40452373229103988,0.0066116996387236004,0.7846193048114366,200,0,0.4516233570167385,0.42526203082608494,0.49123844362264357
Docking-44,200,58,10,full_source_map_including_calibration_rows,0.79172314149093537,8,0.66666666666666663,0.36509410302902534,0.3718660533290491,0.0067719503000237546,0.74682641861712329,10000,0,0.4161252495631686,0.39268031268843251,0.44809726808011024
Docking-44,200,58,10,row_disjoint_complement_map,0.83404091084523346,8,0.66666666666666663,0.3652532966260772,0.37213565726821934,0.006882360642142149,0.74672366448207916,200,0,0.41392127005070634,0.39268403709268845,0.44938545470066177
Docking-44,200,59,6,full_source_map_including_calibration_rows,0.73462428847672745,2,0.20000000000000001,0.43214781831379373,0.44432555267572854,0.012177734361934811,0.77633851181124758,10000,0.00040000000000000002,0.49302754320570502,0.45780395109194238,0.54568422458736376
Docking-44,200,59,6,row_disjoint_complement_map,0.73462428847672745,2,0.20000000000000001,0.43229947257517387,0.44478384615078853,0.01248437357561466,0.77633512215013956,200,0,0.49214133703505991,0.45811471777758161,0.53939180765712158
Docking-44,200,59,8,full_source_map_including_calibration_rows,0.81078135236516058,5,0.45454545454545453,0.39776751007762828,0.40956705917776054,0.011799549100132256,0.75371891199763885,10000,0.00020000000000000001,0.45146929174025086,0.42406608569847343,0.49102562770282659
Docking-44,200,59,8,row_disjoint_complement_map,0.81078135236516058,5,0.45454545454545453,0.39789754413271133,0.41001074885811212,0.012113204725400784,0.75862322470033017,200,0,0.45137162075560328,0.4250735865978959,0.4904865473518657
Docking-44,200,59,10,full_source_map_including_calibration_rows,0.73383636538031138,4,0.25,0.36509410302902534,0.37972291998388585,0.014628816954860513,0.75371891199763885,10000,0.00040000000000000002,0.4161252495631686,0.39268031268843251,0.44809726808011024
Docking-44,200,59,10,row_disjoint_complement_map,0.73383636538031138,4,0.25,0.36519310512722458,0.38010078028455435,0.014907675157329769,0.75862322470033017,200,0,0.41392405136292731,0.39250493961098953,0.44860933659035429
Docking-44,200,60,6,full_source_map_including_calibration_rows,0.75029695129998675,3,0.33333333333333331,0.43214781831379373,0.43992471581739262,0.0077768975035988896,0.8013062475385585,10000,0.0001,0.49302754320570502,0.45780395109194238,0.54568422458736376
Docking-44,200,60,6,row_disjoint_complement_map,0.75029695129998675,3,0.33333333333333331,0.43226025859461353,0.44006976054747732,0.0078095019528637843,0.79983215092152149,200,0,0.49232467313517381,0.45780047102958954,0.53913792758065648
Docking-44,200,60,8,full_source_map_including_calibration_rows,0.66580044069745159,4,0.33333333333333331,0.39776751007762828,0.40513189465096394,0.0073643845733356583,0.77633851181124758,10000,0,0.45146929174025086,0.42406608569847343,0.49102562770282659
Docking-44,200,60,8,row_disjoint_complement_map,0.66580044069745159,4,0.33333333333333331,0.39781255576129093,0.40539834501715716,0.0075857892558662265,0.77612977937906302,200,0,0.45176428321416268,0.42494358983275293,0.49047263079312603
Docking-44,200,60,10,full_source_map_including_calibration_rows,0.86331831160342631,7,0.53846153846153844,0.36509410302902534,0.37058485197595237,0.0054907489469270265,0.73813981650816574,10000,0,0.4161252495631686,0.39268031268843251,0.44809726808011024
Docking-44,200,60,10,row_disjoint_complement_map,0.86331831160342631,7,0.53846153846153844,0.36515733772984738,0.37087545201793953,0.0057181142880921576,0.73626108650674627,200,0,0.41381677685886331,0.39258489535171831,0.44943594148627691
Docking-44,200,61,6,full_source_map_including_calibration_rows,0.84128016106875836,2,0.20000000000000001,0.43214781831379373,0.44856217910670304,0.01641436079290931,0.76692150192540653,10000,0.0028,0.49302754320570502,0.45780395109194238,0.54568422458736376
Docking-44,200,61,6,row_disjoint_complement_map,0.84128016106875836,2,0.20000000000000001,0.43206843921861965,0.44902990423836253,0.016961465019742883,0.76466688560979656,200,0.0050000000000000001,0.49212037796068053,0.45765925678327984,0.53899208055175063
Docking-44,200,61,8,full_source_map_including_calibration_rows,0.50674574724630128,1,0.066666666666666666,0.39776751007762828,0.42142913114125213,0.02366162106362385,0.76692150192540653,10000,0.0132,0.45146929174025086,0.42406608569847343,0.49102562770282659
Docking-44,200,61,8,row_disjoint_complement_map,0.50674574724630128,1,0.066666666666666666,0.39769566507464249,0.42194017401150891,0.024244508936866416,0.76466688560979656,200,0.014999999999999999,0.45143147684040613,0.42498599237399548,0.49064577306133306
Docking-44,200,61,10,full_source_map_including_calibration_rows,0.46084288960119951,3,0.17647058823529413,0.36509410302902534,0.38757530536320889,0.022481202334183548,0.76692150192540653,10000,0.0061000000000000004,0.4161252495631686,0.39268031268843251,0.44809726808011024
Docking-44,200,61,10,row_disjoint_complement_map,0.46084288960119951,3,0.17647058823529413,0.36483469686139264,0.38790212495369292,0.023067428092300279,0.76466688560979656,200,0.014999999999999999,0.41366532244013221,0.39225324594386851,0.44856514642868767
Docking-44,200,62,6,full_source_map_including_calibration_rows,0.66888879315915306,3,0.33333333333333331,0.43214781831379373,0.44163230964423056,0.0094844913304368283,0.83645961850905426,10000,0.00029999999999999997,0.49302754320570502,0.45780395109194238,0.54568422458736376
Docking-44,200,62,6,row_disjoint_complement_map,0.70454692312662892,3,0.33333333333333331,0.43219821205878328,0.44167675870972689,0.0094785466509436089,0.83582476526288552,200,0,0.49227872989865706,0.45763134823249046,0.53961157505133195
Docking-44,200,62,8,full_source_map_including_calibration_rows,0.71682408672149733,5,0.45454545454545453,0.39776751007762828,0.40516099885545526,0.0073934887778269731,0.77999122035591717,10000,0,0.45146929174025086,0.42406608569847343,0.49102562770282659
Docking-44,200,62,8,row_disjoint_complement_map,0.74878914706306832,5,0.45454545454545453,0.39779688591108592,0.40523786376878074,0.0074409778576948193,0.77894473086459559,200,0,0.45164150813367127,0.42491231379279271,0.4910328142685898
Docking-44,200,62,10,full_source_map_including_calibration_rows,0.67440449821093884,8,0.66666666666666663,0.36509410302902534,0.37394818535820668,0.0088540823291813342,0.73727854012080951,10000,0,0.4161252495631686,0.39268031268843251,0.44809726808011024
Docking-44,200,62,10,row_disjoint_complement_map,0.64837600305693543,8,0.66666666666666663,0.36511319037524803,0.37408611152749438,0.0089729211522463492,0.73870005415300377,200,0,0.41357397428558007,0.39252046590179762,0.44899425179228603
Docking-44,200,63,6,full_source_map_including_calibration_rows,0.74181499042094334,3,0.33333333333333331,0.43214781831379373,0.43769913670717209,0.0055513183933783572,0.8157280261450961,10000,0.0001,0.49302754320570502,0.45780395109194238,0.54568422458736376
Docking-44,200,63,6,row_disjoint_complement_map,0.74181499042094334,3,0.33333333333333331,0.43254319366176491,0.43825536742573501,0.0057121737639700965,0.81427003466519365,200,0,0.49231770870790714,0.45796093214678768,0.53975212680500739
Docking-44,200,63,8,full_source_map_including_calibration_rows,0.78362813174439339,5,0.45454545454545453,0.39776751007762828,0.40343491909600748,0.0056674090183791992,0.8157280261450961,10000,0,0.45146929174025086,0.42406608569847343,0.49102562770282659
Docking-44,200,63,8,row_disjoint_complement_map,0.78362813174439339,5,0.45454545454545453,0.39809713153873538,0.40392237978688533,0.0058252482481499501,0.81427003466519365,200,0,0.45182114875621626,0.42525523157640116,0.49100038840471838
Docking-44,200,63,10,full_source_map_including_calibration_rows,0.73803620533098058,6,0.42857142857142855,0.36509410302902534,0.37146805807290467,0.0063739550438793313,0.77999122035591717,10000,0,0.4161252495631686,0.39268031268843251,0.44809726808011024
Docking-44,200,63,10,row_disjoint_complement_map,0.73803620533098058,6,0.42857142857142855,0.36549293130738292,0.37200536228356551,0.0065124309761825927,0.78207257931631347,200,0,0.41405452497305195,0.39285700572404525,0.44905574816375338
Docking-44,200,64,6,full_source_map_including_calibration_rows,0.89480735746405071,3,0.33333333333333331,0.43214781831379373,0.44272328361911745,0.010575465305323717,0.8013062475385585,10000,0.00040000000000000002,0.49302754320570502,0.45780395109194238,0.54568422458736376
Docking-44,200,64,6,row_disjoint_complement_map,0.89480735746405071,3,0.33333333333333331,0.43282039463055438,0.44348143368686571,0.010661039056311328,0.80178157165320696,200,0,0.49270757778848312,0.45837562510590085,0.54028289497006732
Docking-44,200,64,8,full_source_map_including_calibration_rows,0.92408313939491216,7,0.77777777777777779,0.39776751007762828,0.39813039631405273,0.00036288623642444229,0.71586601120942073,10000,0,0.45146929174025086,0.42406608569847343,0.49102562770282659
Docking-44,200,64,8,row_disjoint_complement_map,0.92408313939491216,7,0.77777777777777779,0.3984040546023993,0.39882129389153997,0.00041723928914066954,0.71670891833604289,200,0,0.45215937962150199,0.42570770620132542,0.49149407963359781
Docking-44,200,64,10,full_source_map_including_calibration_rows,0.85347067230854801,8,0.66666666666666663,0.36509410302902534,0.36560904408751466,0.00051494105848931548,0.66754095774761002,10000,0,0.4161252495631686,0.39268031268843251,0.44809726808011024
Docking-44,200,64,10,row_disjoint_complement_map,0.85347067230854801,8,0.66666666666666663,0.36566681145292484,0.36626820166709279,0.00060139021416794058,0.6689812124360266,200,0,0.41413066156856482,0.39298874141047491,0.44952366843657926
Docking-44,200,65,6,full_source_map_including_calibration_rows,0.84543560129209905,2,0.20000000000000001,0.43214781831379373,0.44277450068966767,0.010626682375873941,0.83645961850905426,10000,0.00040000000000000002,0.49302754320570502,0.45780395109194238,0.54568422458736376
Docking-44,200,65,6,row_disjoint_complement_map,0.84590909831303585,2,0.20000000000000001,0.43237798106148995,0.44331903525519817,0.010941054193708222,0.83705257009952461,200,0,0.49248438686175816,0.45781980125504412,0.53939554273827606
Docking-44,200,65,8,full_source_map_including_calibration_rows,0.76817513478189836,4,0.33333333333333331,0.39776751007762828,0.402264543304304,0.0044970332266757174,0.75252139421852904,10000,0,0.45146929174025086,0.42406608569847343,0.49102562770282659
Docking-44,200,65,8,row_disjoint_complement_map,0.76817513478189836,4,0.33333333333333331,0.39797735345384044,0.4026040718456747,0.0046267183918342614,0.75426942199462732,200,0,0.45183685955992903,0.4250015375689738,0.49058283320570406
Docking-44,200,65,10,full_source_map_including_calibration_rows,0.80335321179076502,7,0.53846153846153844,0.36509410302902534,0.37090111223507183,0.0058070092060464873,0.71586601120942073,10000,0,0.4161252495631686,0.39268031268843251,0.44809726808011024
Docking-44,200,65,10,row_disjoint_complement_map,0.80335321179076502,7,0.53846153846153844,0.3653698989588342,0.37120026180775256,0.0058303628489183579,0.71280719276842908,200,0,0.41383724944439909,0.39239229493698591,0.44918411234666777
Docking-44,200,66,6,full_source_map_including_calibration_rows,0.83058286423000227,5,0.7142857142857143,0.43214781831379373,0.43929440437817036,0.0071465860643766255,0.78464214215580474,10000,0.0001,0.49302754320570502,0.45780395109194238,0.54568422458736376
Docking-44,200,66,6,row_disjoint_complement_map,0.83058286423000227,5,0.7142857142857143,0.43206875284396007,0.43937171546713766,0.007302962623177589,0.78537376645494072,200,0,0.49205820623733931,0.45759929508547981,0.53900357261446352
Docking-44,200,66,8,full_source_map_including_calibration_rows,0.88362391938893048,5,0.45454545454545453,0.39776751007762828,0.41048105679208874,0.012713546714460455,0.74373136588926536,10000,0.00020000000000000001,0.45146929174025086,0.42406608569847343,0.49102562770282659
Docking-44,200,66,8,row_disjoint_complement_map,0.88362391938893048,5,0.45454545454545453,0.39763709664424901,0.41063125372613141,0.012994157081882396,0.74008105666298896,200,0,0.45143125496682907,0.42473097931664866,0.4904581415094374
Docking-44,200,66,10,full_source_map_including_calibration_rows,0.80980064746975633,6,0.42857142857142855,0.36509410302902534,0.37425265693321602,0.0091585539041906805,0.74373136588926536,10000,0,0.4161252495631686,0.39268031268843251,0.44809726808011024
Docking-44,200,66,10,row_disjoint_complement_map,0.80980064746975633,6,0.42857142857142855,0.3650289278521639,0.37427835614286686,0.0092494282907029657,0.74008105666298896,200,0,0.41369166261824741,0.39212097820950592,0.44872584652177316
Docking-44,200,67,6,full_source_map_including_calibration_rows,0.44690237991673398,0,0,0.43214781831379373,0.45499894984793188,0.022851131534138147,0.81011935575628824,10000,0.015299999999999999,0.49302754320570502,0.45780395109194238,0.54568422458736376
Docking-44,200,67,6,row_disjoint_complement_map,0.44690237991673398,0,0,0.43160184564585385,0.45416664592851586,0.022564800282662001,0.8095106849904653,200,0.014999999999999999,0.49125537929573498,0.4571052807463481,0.53873838204028923
Docking-44,200,67,8,full_source_map_including_calibration_rows,0.43638676059294568,4,0.33333333333333331,0.39776751007762828,0.41577020726770253,0.018002697190074246,0.71586601120942073,10000,0.0028999999999999998,0.45146929174025086,0.42406608569847343,0.49102562770282659
Docking-44,200,67,8,row_disjoint_complement_map,0.43638676059294568,4,0.33333333333333331,0.39730912675258589,0.41557492981371774,0.018265803061131847,0.71572514972425205,200,0.0050000000000000001,0.45045527214544151,0.4244222315052284,0.48969832282466735
Docking-44,200,67,10,full_source_map_including_calibration_rows,0.56573028939998304,4,0.25,0.36509410302902534,0.38646094723580193,0.021366844206776592,0.75371891199763885,10000,0.0038999999999999998,0.4161252495631686,0.39268031268843251,0.44809726808011024
Docking-44,200,67,10,row_disjoint_complement_map,0.56573028939998304,4,0.25,0.36408830970249384,0.38575611695792278,0.021667807255428939,0.75315266085297616,200,0.014999999999999999,0.41311761058765717,0.39131971886293804,0.44853363740871882
Docking-44,200,68,6,full_source_map_including_calibration_rows,0.71944323618964767,2,0.20000000000000001,0.43214781831379373,0.44372558832694575,0.011577770013152022,0.77633851181124758,10000,0.00040000000000000002,0.49302754320570502,0.45780395109194238,0.54568422458736376
Docking-44,200,68,6,row_disjoint_complement_map,0.68203566768160073,2,0.20000000000000001,0.43188872635218339,0.44377600729098743,0.011887280938804035,0.77762388687149753,200,0,0.49183793554777622,0.45743260985306877,0.5391712583077829
Docking-44,200,68,8,full_source_map_including_calibration_rows,0.48589555634194431,4,0.33333333333333331,0.39776751007762828,0.4061381999843936,0.0083706899067653162,0.77633851181124758,10000,0,0.45146929174025086,0.42406608569847343,0.49102562770282659
Docking-44,200,68,8,row_disjoint_complement_map,0.46405789299061617,4,0.33333333333333331,0.39755735115907564,0.40611148851118289,0.0085541373521072495,0.77762388687149753,200,0,0.45138648081063842,0.42451650604547558,0.49019755613262034
Docking-44,200,68,10,full_source_map_including_calibration_rows,0.66335024011627475,4,0.25,0.36509410302902534,0.37655076092074075,0.011456657891715405,0.77633851181124758,10000,0.0001,0.4161252495631686,0.39268031268843251,0.44809726808011024
Docking-44,200,68,10,row_disjoint_complement_map,0.69122243811776629,4,0.25,0.36492164804299365,0.37655171531803633,0.011630067275042677,0.77762388687149753,200,0,0.41341446895192385,0.39212184260417432,0.44882407188132667
Docking-44,200,69,6,full_source_map_including_calibration_rows,0.66195006011180246,2,0.20000000000000001,0.43214781831379373,0.44899736754565073,0.016849549231856997,0.77633851181124758,10000,0.0033999999999999998,0.49302754320570502,0.45780395109194238,0.54568422458736376
Docking-44,200,69,6,row_disjoint_complement_map,0.66195006011180246,2,0.20000000000000001,0.43211602571318858,0.44948528501905666,0.017369259305868079,0.7785495278512129,200,0.0050000000000000001,0.49235076277614981,0.45781732380953555,0.53944668680756769
Docking-44,200,69,8,full_source_map_including_calibration_rows,0.73057612467922928,4,0.33333333333333331,0.39776751007762828,0.41047729121527626,0.01270978113764798,0.77633851181124758,10000,0.00020000000000000001,0.45146929174025086,0.42406608569847343,0.49102562770282659
Docking-44,200,69,8,row_disjoint_complement_map,0.73057612467922928,4,0.33333333333333331,0.39761888474305795,0.41085446139272558,0.013235576649667624,0.7785495278512129,200,0,0.45160390980527748,0.42484091953458508,0.49052462889037957
Docking-44,200,69,10,full_source_map_including_calibration_rows,0.91936848040597685,5,0.33333333333333331,0.36509410302902534,0.37717875856108046,0.012084655532055122,0.77633851181124758,10000,0.0001,0.4161252495631686,0.39268031268843251,0.44809726808011024
Docking-44,200,69,10,row_disjoint_complement_map,0.91936848040597685,5,0.33333333333333331,0.36476730284268322,0.37740024442264525,0.012632941579962031,0.7785495278512129,200,0,0.41363289729508479,0.39230627002982127,0.44923070859057906
Docking-44,200,70,6,full_source_map_including_calibration_rows,0.73757010783285082,1,0.090909090909090912,0.43214781831379373,0.4513741488824648,0.019226330568671068,0.77633851181124758,10000,0.0061000000000000004,0.49302754320570502,0.45780395109194238,0.54568422458736376
Docking-44,200,70,6,row_disjoint_complement_map,0.77914316005734974,1,0.090909090909090912,0.43183480329874713,0.45170184062701718,0.019867037328270054,0.77652588360488506,200,0.01,0.49206881167100813,0.45750134510428364,0.5389015691982626
Docking-44,200,70,8,full_source_map_including_calibration_rows,0.74738773046022389,4,0.33333333333333331,0.39776751007762828,0.41691614306916996,0.019148632991541681,0.76335687371682004,10000,0.0040000000000000001,0.45146929174025086,0.42406608569847343,0.49102562770282659
Docking-44,200,70,8,row_disjoint_complement_map,0.7409175560283443,4,0.33333333333333331,0.39751325158397149,0.4172101471695166,0.019696895585545104,0.76071149551699102,200,0.0050000000000000001,0.4513205838064076,0.42475832289543081,0.49028478942331238
Docking-44,200,70,10,full_source_map_including_calibration_rows,0.75364747831544932,4,0.25,0.36509410302902534,0.3897544140645321,0.024660311035506755,0.77451714740498712,10000,0.0121,0.4161252495631686,0.39268031268843251,0.44809726808011024
Docking-44,200,70,10,row_disjoint_complement_map,0.75559045695909055,4,0.25,0.36487200227019412,0.39004990168837472,0.025177899418180605,0.77217074090466575,200,0.025000000000000001,0.41378052177674285,0.3921055342237007,0.4493943168813091
Docking-44,200,71,6,full_source_map_including_calibration_rows,0.50142890157771025,2,0.20000000000000001,0.43214781831379373,0.4448301438375315,0.01268232552373777,0.77633851181124758,10000,0.00040000000000000002,0.49302754320570502,0.45780395109194238,0.54568422458736376
Docking-44,200,71,6,row_disjoint_complement_map,0.48636878120529276,2,0.20000000000000001,0.43211077048300284,0.44521331854743307,0.013102548064430231,0.77853827764773698,200,0,0.4921618981411382,0.45767924344180061,0.53863556272323743
Docking-44,200,71,8,full_source_map_including_calibration_rows,0.52208129632302647,2,0.14285714285714285,0.39776751007762828,0.41809425103783454,0.020326740960206258,0.77633851181124758,10000,0.0061999999999999998,0.45146929174025086,0.42406608569847343,0.49102562770282659
Docking-44,200,71,8,row_disjoint_complement_map,0.5117434535765143,2,0.14285714285714285,0.39770445972571483,0.41847804130173566,0.020773581576020828,0.77853827764773698,200,0.0050000000000000001,0.45162937724616825,0.42482383775881549,0.4907280487563207
Docking-44,200,71,10,full_source_map_including_calibration_rows,0.64679442533728715,4,0.25,0.36509410302902534,0.38480278185505518,0.019708678826029835,0.76335687371682004,10000,0.0028,0.4161252495631686,0.39268031268843251,0.44809726808011024
Docking-44,200,71,10,row_disjoint_complement_map,0.6805297585399338,4,0.25,0.36495869593161684,0.38519571358864274,0.020237017657025902,0.76342880144122793,200,0.014999999999999999,0.41369243719796756,0.3919780968443744,0.44897737642888574
Docking-44,200,72,6,full_source_map_including_calibration_rows,0.79417950497819123,3,0.33333333333333331,0.43214781831379373,0.44116396990223505,0.0090161515884413235,0.80424780239832172,10000,0.00020000000000000001,0.49302754320570502,0.45780395109194238,0.54568422458736376
Docking-44,200,72,6,row_disjoint_complement_map,0.79417950497819123,3,0.33333333333333331,0.43240384258036108,0.4416081874697968,0.0092043448894357227,0.80654450534409505,200,0,0.49244657157405636,0.45824988369656566,0.53991757698853748
Docking-44,200,72,8,full_source_map_including_calibration_rows,0.63477040070195967,2,0.14285714285714285,0.39776751007762828,0.4213800011115359,0.023612491033907612,0.80050433937990129,10000,0.012999999999999999,0.45146929174025086,0.42406608569847343,0.49102562770282659
Docking-44,200,72,8,row_disjoint_complement_map,0.63477040070195967,2,0.14285714285714285,0.39798764277608412,0.42202528475765766,0.024037641981573543,0.80047458323314757,200,0.014999999999999999,0.45190998725764431,0.42523289672915299,0.49131481535385824
Docking-44,200,72,10,full_source_map_including_calibration_rows,0.7953660529731289,4,0.25,0.36509410302902534,0.38632857618578087,0.021234473156755529,0.77228973156250647,10000,0.0037000000000000002,0.4161252495631686,0.39268031268843251,0.44809726808011024
Docking-44,200,72,10,row_disjoint_complement_map,0.7953660529731289,4,0.25,0.36541274734754003,0.38699649324662599,0.02158374589908596,0.77396297389869873,200,0.014999999999999999,0.41408246767912305,0.39252497700606193,0.44937577107700921
Docking-44,200,73,6,full_source_map_including_calibration_rows,0.70597590820252343,3,0.33333333333333331,0.43214781831379373,0.43898727896432421,0.0068394606505304822,0.77999122035591717,10000,0.0001,0.49302754320570502,0.45780395109194238,0.54568422458736376
Docking-44,200,73,6,row_disjoint_complement_map,0.70597590820252343,3,0.33333333333333331,0.4326493610411653,0.43964767395059534,0.0069983129094300378,0.78046678292222904,200,0,0.49261071349330376,0.45784674392746144,0.5388247407847907
Docking-44,200,73,8,full_source_map_including_calibration_rows,0.76281626664520563,3,0.23076923076923078,0.39776751007762828,0.40991017267878682,0.012142662601158538,0.77999122035591717,10000,0.00020000000000000001,0.45146929174025086,0.42406608569847343,0.49102562770282659
Docking-44,200,73,8,row_disjoint_complement_map,0.76281626664520563,3,0.23076923076923078,0.39822148776407834,0.41060072345844145,0.012379235694363111,0.78046678292222904,200,0,0.45193976790209633,0.42502999917764656,0.49114766423559264
Docking-44,200,73,10,full_source_map_including_calibration_rows,0.90818144632940701,7,0.53846153846153844,0.36509410302902534,0.37547232105695633,0.010378218027930985,0.73727854012080951,10000,0,0.4161252495631686,0.39268031268843251,0.44809726808011024
Docking-44,200,73,10,row_disjoint_complement_map,0.90818144632940701,7,0.53846153846153844,0.3654883454988026,0.37623786652117275,0.010749521022370145,0.73665538798812991,200,0,0.41394918574116324,0.39301937730489839,0.44932792819372791
Docking-44,200,74,6,full_source_map_including_calibration_rows,0.80782773564463706,0,0,0.43214781831379373,0.44938677694644463,0.017238958632650903,0.77633851181124758,10000,0.0035999999999999999,0.49302754320570502,0.45780395109194238,0.54568422458736376
Docking-44,200,74,6,row_disjoint_complement_map,0.80782773564463706,0,0,0.43169237992282761,0.44937740657576397,0.017685026652936364,0.77670869544120491,200,0.0050000000000000001,0.49197749963184778,0.45772015418464385,0.53965417922897274
Docking-44,200,74,8,full_source_map_including_calibration_rows,0.675125409343456,2,0.14285714285714285,0.39776751007762828,0.41092332527576364,0.013155815198135357,0.7577920351247901,10000,0.00050000000000000001,0.45146929174025086,0.42406608569847343,0.49102562770282659
Docking-44,200,74,8,row_disjoint_complement_map,0.675125409343456,2,0.14285714285714285,0.3973353111518847,0.4106534915241023,0.013318180372217603,0.75851133850345998,200,0,0.45133088556987477,0.42484106920201686,0.49082880806305224
Docking-44,200,74,10,full_source_map_including_calibration_rows,0.70373515022026734,4,0.25,0.36509410302902534,0.37925064629804961,0.014156543269024269,0.7577920351247901,10000,0.00040000000000000002,0.4161252495631686,0.39268031268843251,0.44809726808011024
Docking-44,200,74,10,row_disjoint_complement_map,0.70373515022026734,4,0.25,0.36441701456761616,0.37898236027864046,0.014565345711024302,0.75851133850345998,200,0,0.41380398194568963,0.39188008230174032,0.44890077076045565
Docking-44,200,75,6,full_source_map_including_calibration_rows,0.5635900799252993,0,0,0.43214781831379373,0.47022843709810686,0.038080618784313125,0.82437501128675983,10000,0.13789999999999999,0.49302754320570502,0.45780395109194238,0.54568422458736376
Docking-44,200,75,6,row_disjoint_complement_map,0.5635900799252993,0,0,0.43121338939346043,0.46950191362919136,0.038288524235730925,0.82549205461817532,200,0.16,0.49135607856271724,0.45687210628444497,0.53866836280994934
Docking-44,200,75,8,full_source_map_including_calibration_rows,0.64684759421663907,2,0.14285714285714285,0.39776751007762828,0.42046821748188939,0.022700707404261111,0.82741799046411979,10000,0.010500000000000001,0.45146929174025086,0.42406608569847343,0.49102562770282659
Docking-44,200,75,8,row_disjoint_complement_map,0.64684759421663907,2,0.14285714285714285,0.39684497509368072,0.41999238128374167,0.023147406190060948,0.82873682390342618,200,0.014999999999999999,0.4500206376365975,0.42416066544576858,0.48972036642400446
Docking-44,200,75,10,full_source_map_including_calibration_rows,0.44373496973215026,6,0.42857142857142855,0.36509410302902534,0.3853048366132738,0.020210733584248464,0.82437501128675983,10000,0.0032000000000000002,0.4161252495631686,0.39268031268843251,0.44809726808011024
Docking-44,200,75,10,row_disjoint_complement_map,0.44373496973215026,6,0.42857142857142855,0.3643141853693494,0.38482600441037307,0.020511819041023671,0.82549205461817532,200,0.014999999999999999,0.41277005389153099,0.39153422822070211,0.44864846701702243
Docking-44,200,76,6,full_source_map_including_calibration_rows,0.58300537600331892,0,0,0.43214781831379373,0.45710731999301779,0.024959501679224061,0.79144679703446652,10000,0.0223,0.49302754320570502,0.45780395109194238,0.54568422458736376
Docking-44,200,76,6,row_disjoint_complement_map,0.58300537600331892,0,0,0.43196186419403781,0.4575654786693763,0.025603614475338488,0.79096677267670035,200,0.029999999999999999,0.49217870536370045,0.45736580722329379,0.53831499263585658
Docking-44,200,76,8,full_source_map_including_calibration_rows,0.58475938473712841,2,0.14285714285714285,0.39776751007762828,0.423777117204722,0.026009607127093715,0.77633851181124758,10000,0.023800000000000002,0.45146929174025086,0.42406608569847343,0.49102562770282659
Docking-44,200,76,8,row_disjoint_complement_map,0.58475938473712841,2,0.14285714285714285,0.39757122486271879,0.42407493401643936,0.026503709153720578,0.77596214913480965,200,0.025000000000000001,0.45170119272736453,0.42479387511803096,0.49062260918894723
Docking-44,200,76,10,full_source_map_including_calibration_rows,0.64410350486209145,2,0.1111111111111111,0.36509410302902534,0.39863376505747239,0.033539662028447048,0.77633851181124758,10000,0.083799999999999999,0.4161252495631686,0.39268031268843251,0.44809726808011024
Docking-44,200,76,10,row_disjoint_complement_map,0.64410350486209145,2,0.1111111111111111,0.36459463598913905,0.39911041773852846,0.034515781749389407,0.77596214913480965,200,0.13500000000000001,0.41361873378549469,0.3923962069802171,0.44885616974499892
Docking-44,200,77,6,full_source_map_including_calibration_rows,0.64847147040553732,2,0.20000000000000001,0.43214781831379373,0.44873638801824511,0.016588569704451384,0.77999122035591717,10000,0.0030999999999999999,0.49302754320570502,0.45780395109194238,0.54568422458736376
Docking-44,200,77,6,row_disjoint_complement_map,0.64847147040553732,2,0.20000000000000001,0.43177562327003594,0.44869462826195944,0.016919004991923503,0.78240348355686162,200,0.0050000000000000001,0.4916735780818845,0.45725974812789927,0.53884168057055748
Docking-44,200,77,8,full_source_map_including_calibration_rows,0.6892927523538428,4,0.33333333333333331,0.39776751007762828,0.40664237689324961,0.0088748668156213295,0.77999122035591717,10000,0,0.45146929174025086,0.42406608569847343,0.49102562770282659
Docking-44,200,77,8,row_disjoint_complement_map,0.6892927523538428,4,0.33333333333333331,0.39740663261035708,0.40654164577466384,0.00913501316430676,0.78240348355686162,200,0,0.45123349132175633,0.42447582164934244,0.49031617460000809
Docking-44,200,77,10,full_source_map_including_calibration_rows,0.47505669715790416,6,0.42857142857142855,0.36509410302902534,0.37785364746975403,0.012759544440728687,0.73813981650816574,10000,0.0001,0.4161252495631686,0.39268031268843251,0.44809726808011024
Docking-44,200,77,10,row_disjoint_complement_map,0.47505669715790416,6,0.42857142857142855,0.36476994206569535,0.37778285206820589,0.013012910002510536,0.74218075054384591,200,0,0.41336302589174612,0.39210628791644686,0.44888014561675127
Docking-44,200,78,6,full_source_map_including_calibration_rows,0.83293911144884569,3,0.33333333333333331,0.43214781831379373,0.44292640260299371,0.010778584289199977,0.77228973156250647,10000,0.00040000000000000002,0.49302754320570502,0.45780395109194238,0.54568422458736376
Docking-44,200,78,6,row_disjoint_complement_map,0.8177517579441953,3,0.33333333333333331,0.43231835063451224,0.4435513083984976,0.011232957763985363,0.77527741228740765,200,0,0.49226641065010157,0.45807392221163495,0.53955552033416609
Docking-44,200,78,8,full_source_map_including_calibration_rows,0.86354832062641662,4,0.33333333333333331,0.39776751007762828,0.41031742967482554,0.012549919597197257,0.73727854012080951,10000,0.00020000000000000001,0.45146929174025086,0.42406608569847343,0.49102562770282659
Docking-44,200,78,8,row_disjoint_complement_map,0.84517637431685999,4,0.33333333333333331,0.39794988949057364,0.41090751960276967,0.012957630112196028,0.73615285411165843,200,0,0.45167782668663631,0.4250912083664567,0.49089789750938084
Docking-44,200,78,10,full_source_map_including_calibration_rows,0.58128253248822637,4,0.25,0.36509410302902534,0.37930201352070692,0.014207910491681575,0.71586601120942073,10000,0.00040000000000000002,0.4161252495631686,0.39268031268843251,0.44809726808011024
Docking-44,200,78,10,row_disjoint_complement_map,0.5996020692399523,4,0.25,0.36518514763623638,0.37994856338265665,0.014763415746420261,0.71790763618601383,200,0,0.41376147154167242,0.39268779283757754,0.44915074670680782
Docking-44,200,79,6,full_source_map_including_calibration_rows,0.81394150595300752,1,0.090909090909090912,0.43214781831379373,0.46112997981496628,0.028982161501172554,0.82753712963798554,10000,0.0448,0.49302754320570502,0.45780395109194238,0.54568422458736376
Docking-44,200,79,6,row_disjoint_complement_map,0.81394150595300752,1,0.090909090909090912,0.4322057779043067,0.46180225509850897,0.029596477194202275,0.82615905602498629,200,0.055,0.49227818083603347,0.45775522189481993,0.53910921701722148
Docking-44,200,79,8,full_source_map_including_calibration_rows,0.85758126715382565,3,0.23076923076923078,0.39776751007762828,0.42381743487711676,0.026049924799488478,0.79428209883443601,10000,0.023800000000000002,0.45146929174025086,0.42406608569847343,0.49102562770282659
Docking-44,200,79,8,row_disjoint_complement_map,0.85758126715382565,3,0.23076923076923078,0.39777395627592144,0.42456801141211981,0.026794055136198369,0.79719787420103938,200,0.025000000000000001,0.451405391825348,0.42485896541064994,0.49034516832149105
Docking-44,200,79,10,full_source_map_including_calibration_rows,0.83696682464454975,5,0.33333333333333331,0.36509410302902534,0.3900348150385613,0.024940712009535959,0.79428209883443601,10000,0.0126,0.4161252495631686,0.39268031268843251,0.44809726808011024
Docking-44,200,79,10,row_disjoint_complement_map,0.83696682464454975,5,0.33333333333333331,0.3651741990373395,0.39081387279817076,0.025639673760831261,0.79719787420103938,200,0.025000000000000001,0.41353954368356061,0.39230566766633423,0.44898620557370683
Docking-44,200,80,6,full_source_map_including_calibration_rows,0.58154402559465845,1,0.090909090909090912,0.43214781831379373,0.45604847538997251,0.023900657076178777,0.82388823211809536,10000,0.018700000000000001,0.49302754320570502,0.45780395109194238,0.54568422458736376
Docking-44,200,80,6,row_disjoint_complement_map,0.58154402559465845,1,0.090909090909090912,0.43206555146659303,0.45670391797706633,0.024638366510473297,0.82607266219295339,200,0.025000000000000001,0.49248063825680954,0.45754786375512474,0.53998518440956378
Docking-44,200,80,8,full_source_map_including_calibration_rows,0.63563640673145294,1,0.066666666666666666,0.39776751007762828,0.42372788368283137,0.025960373605203091,0.80424780239832172,10000,0.023599999999999999,0.45146929174025086,0.42406608569847343,0.49102562770282659
Docking-44,200,80,8,row_disjoint_complement_map,0.63563640673145294,1,0.066666666666666666,0.39758671393088479,0.42443866481942627,0.026851950888541476,0.80594494169597575,200,0.025000000000000001,0.45193520304405332,0.42464417664603843,0.4912917155422607
Docking-44,200,80,10,full_source_map_including_calibration_rows,0.72663662320685263,4,0.25,0.36509410302902534,0.37923734293441724,0.014143239905391902,0.71977076775496396,10000,0.00040000000000000002,0.4161252495631686,0.39268031268843251,0.44809726808011024
Docking-44,200,80,10,row_disjoint_complement_map,0.72663662320685263,4,0.25,0.36496645038054665,0.37937996818309672,0.014413517802550069,0.71924074052498299,200,0,0.41397074327769623,0.39251141394543471,0.44940676477827735
Docking-44,200,81,6,full_source_map_including_calibration_rows,0.52326930514374115,2,0.20000000000000001,0.43214781831379373,0.44132805693780491,0.0091802386240111833,0.81011935575628824,10000,0.00020000000000000001,0.49302754320570502,0.45780395109194238,0.54568422458736376
Docking-44,200,81,6,row_disjoint_complement_map,0.52326930514374115,2,0.20000000000000001,0.43202269084492928,0.44125991782486795,0.009237226979938673,0.80937947890723283,200,0,0.49179124616474862,0.45751833502211753,0.53898565289935285
Docking-44,200,81,8,full_source_map_including_calibration_rows,0.49004706934181808,4,0.33333333333333331,0.39776751007762828,0.41015900351750934,0.012391493439881052,0.81011935575628824,10000,0.00020000000000000001,0.45146929174025086,0.42406608569847343,0.49102562770282659
Docking-44,200,81,8,row_disjoint_complement_map,0.49004706934181808,4,0.33333333333333331,0.39771786091178213,0.41018650088723146,0.012468639975449336,0.80937947890723283,200,0,0.45157978892538375,0.42482905180971531,0.49037885759775435
Docking-44,200,81,10,full_source_map_including_calibration_rows,0.52193838581006535,5,0.33333333333333331,0.36509410302902534,0.37824671726260972,0.013152614233584381,0.76692150192540653,10000,0.00029999999999999997,0.4161252495631686,0.39268031268843251,0.44809726808011024
Docking-44,200,81,10,row_disjoint_complement_map,0.52193838581006535,5,0.33333333333333331,0.36502971223244934,0.37835786389967169,0.013328151667222343,0.76648535613827729,200,0,0.41339833589975916,0.39198721791063723,0.44893170076624783
Docking-44,200,82,6,full_source_map_including_calibration_rows,0.83333420984817008,2,0.20000000000000001,0.43214781831379373,0.44336068819010149,0.011212869876307763,0.77999122035591717,10000,0.00040000000000000002,0.49302754320570502,0.45780395109194238,0.54568422458736376
Docking-44,200,82,6,row_disjoint_complement_map,0.81840891520770775,2,0.20000000000000001,0.4320435645393701,0.44375899364816329,0.011715429108793196,0.7771899438440959,200,0,0.49173248271036729,0.45711202417287367,0.53903529460760002
Docking-44,200,82,8,full_source_map_including_calibration_rows,0.58202692884213836,2,0.14285714285714285,0.39776751007762828,0.4105925451150006,0.012825035037372312,0.79144679703446652,10000,0.00020000000000000001,0.45146929174025086,0.42406608569847343,0.49102562770282659
Docking-44,200,82,8,row_disjoint_complement_map,0.55271288206071523,2,0.14285714285714285,0.39772850782637037,0.41109322996137121,0.013364722135000839,0.79404814027424986,200,0,0.45154307227167123,0.42459474818667836,0.49037447976271376
Docking-44,200,82,10,full_source_map_including_calibration_rows,0.49154030750130584,6,0.42857142857142855,0.36509410302902534,0.38254821812257178,0.017454115093546441,0.80278043618439665,10000,0.0011000000000000001,0.4161252495631686,0.39268031268843251,0.44809726808011024
Docking-44,200,82,10,row_disjoint_complement_map,0.47108567523703765,6,0.42857142857142855,0.36524736580924788,0.38278385831281042,0.01753649250356254,0.80037026644352127,200,0.01,0.41361451814264866,0.39271119430409046,0.44902978435782681
Docking-44,200,83,6,full_source_map_including_calibration_rows,0.67186210318967399,1,0.090909090909090912,0.43214781831379373,0.4506491761951516,0.018501357881357872,0.82437501128675983,10000,0.0047999999999999996,0.49302754320570502,0.45780395109194238,0.54568422458736376
Docking-44,200,83,6,row_disjoint_complement_map,0.67186210318967399,1,0.090909090909090912,0.43213234627869695,0.45088508898012591,0.018752742701428959,0.82676288676965237,200,0.0050000000000000001,0.49193399772064339,0.45794913656776043,0.53928275398359782
Docking-44,200,83,8,full_source_map_including_calibration_rows,0.53628616676302754,3,0.23076923076923078,0.39776751007762828,0.41143973921955457,0.013672229141926284,0.80050433937990129,10000,0.00089999999999999998,0.45146929174025086,0.42406608569847343,0.49102562770282659
Docking-44,200,83,8,row_disjoint_complement_map,0.53628616676302754,3,0.23076923076923078,0.39774936954570222,0.4115315209896343,0.013782151443932078,0.80262402570251679,200,0,0.45107202992038009,0.42457487581714587,0.4912385060789895
Docking-44,200,83,10,full_source_map_including_calibration_rows,0.61924825770706271,6,0.42857142857142855,0.36509410302902534,0.37524882401229648,0.010154720983271137,0.73727854012080951,10000,0,0.4161252495631686,0.39268031268843251,0.44809726808011024
Docking-44,200,83,10,row_disjoint_complement_map,0.61924825770706271,6,0.42857142857142855,0.3651720916792337,0.37549711536797087,0.010325023688737167,0.73723323794508988,200,0,0.4134700660437185,0.39247663727821197,0.44903488169851374
Docking-44,200,84,6,full_source_map_including_calibration_rows,0.88998953388800206,2,0.20000000000000001,0.43214781831379373,0.44110766951134511,0.0089598511975513828,0.8013062475385585,10000,0.0001,0.49302754320570502,0.45780395109194238,0.54568422458736376
Docking-44,200,84,6,row_disjoint_complement_map,0.89115089240320033,2,0.20000000000000001,0.43245028981599049,0.44170771311513596,0.009257423299145473,0.80086664722419409,200,0,0.49233678928165048,0.45767719202869855,0.53903037797050601
Docking-44,200,84,8,full_source_map_including_calibration_rows,0.83766646599789574,4,0.33333333333333331,0.39776751007762828,0.40562483743008748,0.007857327352459198,0.8013062475385585,10000,0,0.45146929174025086,0.42406608569847343,0.49102562770282659
Docking-44,200,84,8,row_disjoint_complement_map,0.83766646599789574,4,0.33333333333333331,0.39801987839675657,0.4061544668496383,0.0081345884528817303,0.80086664722419409,200,0,0.45181571625267747,0.42502678745229522,0.49053443721762902
Docking-44,200,84,10,full_source_map_including_calibration_rows,0.56861158714631399,5,0.33333333333333331,0.36509410302902534,0.3722419464008565,0.007147843371831164,0.75371891199763885,10000,0,0.4161252495631686,0.39268031268843251,0.44809726808011024
Docking-44,200,84,10,row_disjoint_complement_map,0.56861158714631399,5,0.33333333333333331,0.36498858028774417,0.37279724691963023,0.0078086666318860631,0.75800967345890347,200,0,0.4137922989883438,0.39215812892250235,0.4491370407691091
Docking-44,200,85,6,full_source_map_including_calibration_rows,0.80594924868581552,2,0.20000000000000001,0.43214781831379373,0.44320938788269948,0.011061569568905749,0.80278043618439665,10000,0.00040000000000000002,0.49302754320570502,0.45780395109194238,0.54568422458736376
Docking-44,200,85,6,row_disjoint_complement_map,0.77408265160476963,2,0.20000000000000001,0.43216597359403258,0.4434537688620509,0.011287795268018319,0.80671491041098908,200,0,0.49236414872663281,0.45786489050972379,0.53966890732507866
Docking-44,200,85,8,full_source_map_including_calibration_rows,0.59684636692946946,4,0.33333333333333331,0.39776751007762828,0.41077469609088146,0.01300718601325318,0.8013062475385585,10000,0.00040000000000000002,0.45146929174025086,0.42406608569847343,0.49102562770282659
Docking-44,200,85,8,row_disjoint_complement_map,0.59684636692946946,4,0.33333333333333331,0.39771973403349448,0.41099588462112807,0.013276150587633595,0.80080654932821149,200,0,0.45152013812089242,0.42510865648429874,0.49069655217625735
Docking-44,200,85,10,full_source_map_including_calibration_rows,0.6022852681286176,5,0.33333333333333331,0.36509410302902534,0.38203143885236962,0.016937335823344279,0.77633851181124758,10000,0.0011000000000000001,0.4161252495631686,0.39268031268843251,0.44809726808011024
Docking-44,200,85,10,row_disjoint_complement_map,0.6022852681286176,5,0.33333333333333331,0.3650628262059889,0.38224698690573983,0.017184160699750928,0.77516181433590448,200,0.0050000000000000001,0.41377851238545627,0.39255987316331947,0.44914795744138469
Docking-44,200,86,6,full_source_map_including_calibration_rows,0.79475874925672163,2,0.20000000000000001,0.43214781831379373,0.43878768145191932,0.0066398631381255901,0.8157280261450961,10000,0.0001,0.49302754320570502,0.45780395109194238,0.54568422458736376
Docking-44,200,86,6,row_disjoint_complement_map,0.79475874925672163,2,0.20000000000000001,0.43189789599312484,0.43873247277932492,0.0068345767862000861,0.81539030512841326,200,0,0.49191421225522136,0.4575679882692702,0.5390037931912306
Docking-44,200,86,8,full_source_map_including_calibration_rows,0.85354240545893245,4,0.33333333333333331,0.39776751007762828,0.40383739838982602,0.0060698883121977354,0.71977076775496396,10000,0,0.45146929174025086,0.42406608569847343,0.49102562770282659
Docking-44,200,86,8,row_disjoint_complement_map,0.85354240545893245,4,0.33333333333333331,0.39749729066022044,0.40377475230205645,0.006277461641836013,0.72044208419619449,200,0,0.45136177765639002,0.424828382854957,0.4903486582524228
Docking-44,200,86,10,full_source_map_including_calibration_rows,0.74492120145605234,4,0.25,0.36509410302902534,0.37415902822089714,0.0090649251918717977,0.71977076775496396,10000,0,0.4161252495631686,0.39268031268843251,0.44809726808011024
Docking-44,200,86,10,row_disjoint_complement_map,0.74492120145605234,4,0.25,0.36495215671083087,0.37412022799714867,0.0091680712863178027,0.72044208419619449,200,0,0.41360279304968084,0.39203690721021689,0.449004392212072
Docking-44,200,87,6,full_source_map_including_calibration_rows,0.77110553869165455,2,0.20000000000000001,0.43214781831379373,0.453086807870066,0.020938989556272269,0.83779867787889328,10000,0.0099000000000000008,0.49302754320570502,0.45780395109194238,0.54568422458736376
Docking-44,200,87,6,row_disjoint_complement_map,0.74900434012746686,2,0.20000000000000001,0.43181809818201256,0.45308794111932099,0.021269842937308436,0.84210926937800767,200,0.01,0.49191992751880309,0.45755649676728172,0.53919424648125214
Docking-44,200,87,8,full_source_map_including_calibration_rows,0.77577625029627872,3,0.23076923076923078,0.39776751007762828,0.41917367837842628,0.021406168300798001,0.83779867787889328,10000,0.0083999999999999995,0.45146929174025086,0.42406608569847343,0.49102562770282659
Docking-44,200,87,8,row_disjoint_complement_map,0.77577625029627872,3,0.23076923076923078,0.39743307834171149,0.4191896952378375,0.021756616896126013,0.84210926937800767,200,0.0050000000000000001,0.45160088661899089,0.42453543821561551,0.49053050397816739
Docking-44,200,87,10,full_source_map_including_calibration_rows,0.79805576537817335,4,0.25,0.36509410302902534,0.38184831728610258,0.016754214257077238,0.77228973156250647,10000,0.0011000000000000001,0.4161252495631686,0.39268031268843251,0.44809726808011024
Docking-44,200,87,10,row_disjoint_complement_map,0.79805576537817335,4,0.25,0.36475351331456873,0.38155074968165081,0.01679723636708208,0.77506234856392564,200,0.0050000000000000001,0.4135144065823847,0.39208984429407212,0.4487095432727482
Docking-44,200,88,6,full_source_map_including_calibration_rows,0.75222367439374782,2,0.20000000000000001,0.43214781831379373,0.44232187350011815,0.010174055186324416,0.8157280261450961,10000,0.00040000000000000002,0.49302754320570502,0.45780395109194238,0.54568422458736376
Docking-44,200,88,6,row_disjoint_complement_map,0.75222367439374782,2,0.20000000000000001,0.43204098672811148,0.44258509770136228,0.010544110973250809,0.81503081033607083,200,0,0.4920178289366467,0.45757203490319909,0.53966215403353623
Docking-44,200,88,8,full_source_map_including_calibration_rows,0.8230982122821453,4,0.33333333333333331,0.39776751007762828,0.40527771727801604,0.0075102072003877529,0.77999122035591717,10000,0,0.45146929174025086,0.42406608569847343,0.49102562770282659
Docking-44,200,88,8,row_disjoint_complement_map,0.8230982122821453,4,0.33333333333333331,0.39764695568986441,0.40540900854686657,0.0077620528570021552,0.78148266649579423,200,0,0.45164578420108437,0.42480774714459218,0.49090540922719472
Docking-44,200,88,10,full_source_map_including_calibration_rows,0.67419550774278791,6,0.42857142857142855,0.36509410302902534,0.37659515895830259,0.011501055929277249,0.77999122035591717,10000,0.0001,0.4161252495631686,0.39268031268843251,0.44809726808011024
Docking-44,200,88,10,row_disjoint_complement_map,0.67419550774278791,6,0.42857142857142855,0.36520051923418712,0.3768267486480355,0.011626229413848388,0.78148266649579423,200,0,0.41355864781501211,0.39261187618072668,0.4488703712575749
Docking-44,200,89,6,full_source_map_including_calibration_rows,0.77131183686914573,1,0.090909090909090912,0.43214781831379373,0.44939108942254063,0.017243271108746905,0.83645961850905426,10000,0.0035999999999999999,0.49302754320570502,0.45780395109194238,0.54568422458736376
Docking-44,200,89,6,row_disjoint_complement_map,0.77131183686914573,1,0.090909090909090912,0.43265863300795221,0.44982550259830378,0.017166869590351574,0.82754432853980198,200,0.0050000000000000001,0.49241624399711814,0.45776621719458876,0.53952101636313354
Docking-44,200,89,8,full_source_map_including_calibration_rows,0.58765661489122067,2,0.14285714285714285,0.39776751007762828,0.41268321637526095,0.014915706297632669,0.83645961850905426,10000,0.0012999999999999999,0.45146929174025086,0.42406608569847343,0.49102562770282659
Docking-44,200,89,8,row_disjoint_complement_map,0.58765661489122067,2,0.14285714285714285,0.39807729869568359,0.41296060547362873,0.014883306777945138,0.82754432853980198,200,0,0.45190808387417991,0.42505514216054174,0.49079481286742899
Docking-44,200,89,10,full_source_map_including_calibration_rows,0.69066321748039849,4,0.25,0.36509410302902534,0.38373247834007035,0.018638375311045008,0.80050433937990129,10000,0.002,0.4161252495631686,0.39268031268843251,0.44809726808011024
Docking-44,200,89,10,row_disjoint_complement_map,0.69066321748039849,4,0.25,0.36527383034595773,0.38417366319113688,0.018899832845179154,0.79673456444901625,200,0.01,0.41404511217100259,0.39263334876340455,0.44949844586215942
Docking-44,200,90,6,full_source_map_including_calibration_rows,0.54111421431721296,2,0.20000000000000001,0.43214781831379373,0.45630250192137328,0.024154683607579552,0.78255944433077973,10000,0.0195,0.49302754320570502,0.45780395109194238,0.54568422458736376
Docking-44,200,90,6,row_disjoint_complement_map,0.54111421431721296,2,0.20000000000000001,0.43143328930744274,0.45599393329049176,0.024560643983049024,0.78086167560946196,200,0.014999999999999999,0.49155385408385882,0.45740346716822161,0.53898986335169496
Docking-44,200,90,8,full_source_map_including_calibration_rows,0.61376744909465608,3,0.23076923076923078,0.39776751007762828,0.41418653363803415,0.016419023560405865,0.77451714740498712,10000,0.0016999999999999999,0.45146929174025086,0.42406608569847343,0.49102562770282659
Docking-44,200,90,8,row_disjoint_complement_map,0.61376744909465608,3,0.23076923076923078,0.39720520292081291,0.41401186645256322,0.01680666353175031,0.77405951359896308,200,0,0.45098133576930594,0.42435560235190278,0.49075062931270824
Docking-44,200,90,10,full_source_map_including_calibration_rows,0.62359141447887023,3,0.17647058823529413,0.36509410302902534,0.38164666281536069,0.016552559786335352,0.77228973156250647,10000,0.001,0.4161252495631686,0.39268031268843251,0.44809726808011024
Docking-44,200,90,10,row_disjoint_complement_map,0.62359141447887023,3,0.17647058823529413,0.36456419393027378,0.38130311798462491,0.016738924054351123,0.77405951359896308,200,0.0050000000000000001,0.41301300958164444,0.39197864676735578,0.4485710473615831
Docking-44,200,91,6,full_source_map_including_calibration_rows,0.73980311035217805,1,0.090909090909090912,0.43214781831379373,0.4515299362958704,0.019382117982076674,0.8157280261450961,10000,0.0066,0.49302754320570502,0.45780395109194238,0.54568422458736376
Docking-44,200,91,6,row_disjoint_complement_map,0.73980311035217805,1,0.090909090909090912,0.43218721431676899,0.45187279667484131,0.019685582358072329,0.81639261151768783,200,0.01,0.49207326800984963,0.45748311164194411,0.53954924463007281
Docking-44,200,91,8,full_source_map_including_calibration_rows,0.7491953881250385,2,0.14285714285714285,0.39776751007762828,0.42171068352107055,0.023943173443442267,0.8157280261450961,10000,0.0143,0.45146929174025086,0.42406608569847343,0.49102562770282659
Docking-44,200,91,8,row_disjoint_complement_map,0.7491953881250385,2,0.14285714285714285,0.39790664262637865,0.42216416047479277,0.024257517848414123,0.81639261151768783,200,0.014999999999999999,0.45153065323583358,0.42494624224524619,0.49101369353838487
Docking-44,200,91,10,full_source_map_including_calibration_rows,0.79881182319594457,3,0.17647058823529413,0.36509410302902534,0.39266127888297525,0.02756717585394991,0.76692150192540653,10000,0.024899999999999999,0.4161252495631686,0.39268031268843251,0.44809726808011024
Docking-44,200,91,10,row_disjoint_complement_map,0.79881182319594457,3,0.17647058823529413,0.36505976242062776,0.39318651954920847,0.028126757128580704,0.76856952514542587,200,0.029999999999999999,0.41382334456141917,0.3926971892909521,0.44938006357431992
Docking-44,200,92,6,full_source_map_including_calibration_rows,0.97224252447384563,1,0.090909090909090912,0.43214781831379373,0.44208235527577239,0.0099345369619786572,0.83645961850905426,10000,0.00040000000000000002,0.49302754320570502,0.45780395109194238,0.54568422458736376
Docking-44,200,92,6,row_disjoint_complement_map,0.93352468365035868,1,0.090909090909090912,0.4325743958694927,0.44308164109050802,0.010507245221015316,0.8380649041020416,200,0,0.49266273176508513,0.45821506832534686,0.53994457973273646
Docking-44,200,92,8,full_source_map_including_calibration_rows,0.77787376147214504,2,0.14285714285714285,0.39776751007762828,0.40889378914157393,0.011126279063945643,0.77228973156250647,10000,0.0001,0.45146929174025086,0.42406608569847343,0.49102562770282659
Docking-44,200,92,8,row_disjoint_complement_map,0.77787376147214504,2,0.14285714285714285,0.3982155696215251,0.40976324768336209,0.011547678061836986,0.77607010384614572,200,0,0.45219813658958979,0.42559311409051298,0.49146479284597616
Docking-44,200,92,10,full_source_map_including_calibration_rows,0.82850230399557001,5,0.33333333333333331,0.36509410302902534,0.37310017334998269,0.0080060703209573481,0.75371891199763885,10000,0,0.4161252495631686,0.39268031268843251,0.44809726808011024
Docking-44,200,92,10,row_disjoint_complement_map,0.82850230399557001,5,0.33333333333333331,0.36560724352699386,0.37384698121441229,0.0082397376874184247,0.75632592369001916,200,0,0.41422228226716717,0.39301513147963807,0.44948033263469772
Docking-44,200,93,6,full_source_map_including_calibration_rows,0.62346846950783363,2,0.20000000000000001,0.43214781831379373,0.46058341831993876,0.028435600006145034,0.79736851837666478,10000,0.040800000000000003,0.49302754320570502,0.45780395109194238,0.54568422458736376
Docking-44,200,93,6,row_disjoint_complement_map,0.61801149080504858,2,0.20000000000000001,0.4319680991739267,0.46108488668203212,0.029116787508105424,0.80298694527210257,200,0.050000000000000003,0.49200216855485074,0.45756928239746009,0.53916067341684104
Docking-44,200,93,8,full_source_map_including_calibration_rows,0.59481527834312475,6,0.59999999999999998,0.39776751007762828,0.40583288879710633,0.0080653787194780446,0.7530352020993426,10000,0,0.45146929174025086,0.42406608569847343,0.49102562770282659
Docking-44,200,93,8,row_disjoint_complement_map,0.5838601015974787,6,0.59999999999999998,0.39768180271172487,0.40578557108869812,0.0081037683769732416,0.75447131930769973,200,0,0.45181291017620273,0.42486665557973091,0.49033833453138415
Docking-44,200,93,10,full_source_map_including_calibration_rows,0.72261040586447345,4,0.25,0.36509410302902534,0.3868643625844696,0.02177025955544426,0.79736851837666478,10000,0.0047999999999999996,0.4161252495631686,0.39268031268843251,0.44809726808011024
Docking-44,200,93,10,row_disjoint_complement_map,0.73719340570969039,4,0.25,0.36492476926607614,0.38725248700130971,0.022327717735233565,0.80298694527210257,200,0.014999999999999999,0.41349540751302682,0.39230996902928178,0.44909026226330984
Docking-44,200,94,6,full_source_map_including_calibration_rows,0.88621237149776277,1,0.090909090909090912,0.43214781831379373,0.44674336658894637,0.014595548275152637,0.82437501128675983,10000,0.0012999999999999999,0.49302754320570502,0.45780395109194238,0.54568422458736376
Docking-44,200,94,6,row_disjoint_complement_map,0.86092623183059891,1,0.090909090909090912,0.43226743741986967,0.44742534177330345,0.015157904353433782,0.82502142677435064,200,0,0.49242572691388753,0.4577678465401378,0.53974863124001282
Docking-44,200,94,8,full_source_map_including_calibration_rows,0.90165184243964425,3,0.23076923076923078,0.39776751007762828,0.41195605893545212,0.014188548857823835,0.77999122035591717,10000,0.001,0.45146929174025086,0.42406608569847343,0.49102562770282659
Docking-44,200,94,8,row_disjoint_complement_map,0.8778794572420322,3,0.23076923076923078,0.39794287808811668,0.41261823497224376,0.014675356884127078,0.7837503689539741,200,0,0.45213766713191594,0.42503428966519324,0.49110683822104834
Docking-44,200,94,10,full_source_map_including_calibration_rows,0.74170894475169691,6,0.42857142857142855,0.36509410302902534,0.37988937884154955,0.014795275812524211,0.77999122035591717,10000,0.00040000000000000002,0.4161252495631686,0.39268031268843251,0.44809726808011024
Docking-44,200,94,10,row_disjoint_complement_map,0.69501383076813961,6,0.42857142857142855,0.36540736450017913,0.38060253486529677,0.015195170365117638,0.7837503689539741,200,0,0.41397896731751616,0.39262530864535045,0.44946160624347542
Docking-44,200,95,6,full_source_map_including_calibration_rows,0.85227346156331441,3,0.33333333333333331,0.43214781831379373,0.44538197417579789,0.01323415586200416,0.81011935575628824,10000,0.00059999999999999995,0.49302754320570502,0.45780395109194238,0.54568422458736376
Docking-44,200,95,6,row_disjoint_complement_map,0.8527903814968304,3,0.33333333333333331,0.4319319677907883,0.44550742797721232,0.013575460186424027,0.81035785996507237,200,0,0.49191365520393904,0.45769002635979888,0.53944772971789101
Docking-44,200,95,8,full_source_map_including_calibration_rows,0.85575208782959555,4,0.33333333333333331,0.39776751007762828,0.4094540078075799,0.011686497729951617,0.7577920351247901,10000,0.0001,0.45146929174025086,0.42406608569847343,0.49102562770282659
Docking-44,200,95,8,row_disjoint_complement_map,0.85575208782959555,4,0.33333333333333331,0.39772508024394426,0.4096315980143459,0.011906517770401637,0.75878994714168013,200,0,0.45130404860948325,0.4249506318093928,0.49045669888360471
Docking-44,200,95,10,full_source_map_including_calibration_rows,0.84621256564485692,5,0.33333333333333331,0.36509410302902534,0.37722499066211695,0.012130887633091614,0.71977076775496396,10000,0.0001,0.4161252495631686,0.39268031268843251,0.44809726808011024
Docking-44,200,95,10,row_disjoint_complement_map,0.84621256564485692,5,0.33333333333333331,0.36483653850908343,0.37737606863215495,0.012539530123071518,0.72277589366987705,200,0,0.41354293048239998,0.39218116624442473,0.44862489605728417
Docking-44,200,96,6,full_source_map_including_calibration_rows,0.55330729297636805,2,0.20000000000000001,0.43214781831379373,0.44810847999262565,0.015960661678831922,0.78255944433077973,10000,0.0022000000000000001,0.49302754320570502,0.45780395109194238,0.54568422458736376
Docking-44,200,96,6,row_disjoint_complement_map,0.55330729297636805,2,0.20000000000000001,0.43199037735542539,0.44820785816703895,0.01621748081161356,0.78580490928060809,200,0.0050000000000000001,0.49181746377221391,0.45740488190892459,0.53775956516063228
Docking-44,200,96,8,full_source_map_including_calibration_rows,0.64174700218738834,3,0.23076923076923078,0.39776751007762828,0.4168270256146373,0.01905951553700902,0.76335687371682004,10000,0.0038,0.45146929174025086,0.42406608569847343,0.49102562770282659
Docking-44,200,96,8,row_disjoint_complement_map,0.64174700218738834,3,0.23076923076923078,0.39760798329771241,0.41677552793958639,0.019167544641873979,0.76142006118771266,200,0.0050000000000000001,0.45159155348353452,0.42448735387461317,0.49078770518857195
Docking-44,200,96,10,full_source_map_including_calibration_rows,0.75256719861840649,3,0.17647058823529413,0.36509410302902534,0.38676358246386111,0.02166947943483577,0.76692150192540653,10000,0.0045999999999999999,0.4161252495631686,0.39268031268843251,0.44809726808011024
Docking-44,200,96,10,row_disjoint_complement_map,0.75256719861840649,3,0.17647058823529413,0.36481844263908142,0.38671346998169293,0.021895027342611506,0.76638069545629517,200,0.014999999999999999,0.41338318246637984,0.39235116232957601,0.44890559666842234
Docking-44,200,97,6,full_source_map_including_calibration_rows,0.87186745023025936,3,0.33333333333333331,0.43214781831379373,0.43624174559020629,0.0040939272764125567,0.8157280261450961,10000,0,0.49302754320570502,0.45780395109194238,0.54568422458736376
Docking-44,200,97,6,row_disjoint_complement_map,0.87186745023025936,3,0.33333333333333331,0.43265839869794948,0.43713640726109976,0.004478008563150282,0.81618011357046749,200,0,0.49245398033134713,0.45776933119577368,0.53970791564763099
Docking-44,200,97,8,full_source_map_including_calibration_rows,0.82969241575520758,5,0.45454545454545453,0.39776751007762828,0.40094614181143567,0.0031786317338073911,0.71586601120942073,10000,0,0.45146929174025086,0.42406608569847343,0.49102562770282659
Docking-44,200,97,8,row_disjoint_complement_map,0.82969241575520758,5,0.45454545454545453,0.39814082960349445,0.40182372508472636,0.003682895481231907,0.71945382648132783,200,0,0.45195788833459094,0.42530801661420398,0.4910139191480149
Docking-44,200,97,10,full_source_map_including_calibration_rows,0.73663871673350345,8,0.66666666666666663,0.36509410302902534,0.37187548889432542,0.0067813858653000825,0.71586601120942073,10000,0,0.4161252495631686,0.39268031268843251,0.44809726808011024
Docking-44,200,97,10,row_disjoint_complement_map,0.73663871673350345,8,0.66666666666666663,0.36569282817053189,0.37271199185060183,0.0070191636800699397,0.71945382648132783,200,0,0.41392361522932752,0.39302800357864881,0.44919275284920457
Docking-44,200,98,6,full_source_map_including_calibration_rows,0.84391810139378476,2,0.20000000000000001,0.43214781831379373,0.43775886743047998,0.0056110491166862508,0.83645961850905426,10000,0.0001,0.49302754320570502,0.45780395109194238,0.54568422458736376
Docking-44,200,98,6,row_disjoint_complement_map,0.86966175434134041,2,0.20000000000000001,0.43198869746392449,0.43804143223984576,0.0060527347759212757,0.83829347335886861,200,0,0.49219305686699072,0.45815481938331726,0.5394449790939545
Docking-44,200,98,8,full_source_map_including_calibration_rows,0.70882470095477201,4,0.33333333333333331,0.39776751007762828,0.40105074143232672,0.0032832313546984349,0.8157280261450961,10000,0,0.45146929174025086,0.42406608569847343,0.49102562770282659
Docking-44,200,98,8,row_disjoint_complement_map,0.70882470095477201,4,0.33333333333333331,0.39766898969790143,0.40130540684801824,0.0036364171501168108,0.81385601150957676,200,0,0.45168798416868117,0.42497455957610369,0.49068818213597326
Docking-44,200,98,10,full_source_map_including_calibration_rows,0.83283974526614879,8,0.66666666666666663,0.36509410302902534,0.36855075005535992,0.0034566470263345805,0.70267986218669864,10000,0,0.4161252495631686,0.39268031268843251,0.44809726808011024
Docking-44,200,98,10,row_disjoint_complement_map,0.83283974526614879,8,0.66666666666666663,0.36539107127798653,0.36861999077238078,0.0032289194943942445,0.70043415626114292,200,0,0.41368747498965908,0.39262910507456739,0.44927964820814292
Docking-44,200,99,6,full_source_map_including_calibration_rows,0.70254426075741583,2,0.20000000000000001,0.43214781831379373,0.45093431556477326,0.018786497250979528,0.79428209883443601,10000,0.0053,0.49302754320570502,0.45780395109194238,0.54568422458736376
Docking-44,200,99,6,row_disjoint_complement_map,0.70254426075741583,2,0.20000000000000001,0.43206826796452019,0.45128061787348273,0.019212349908962534,0.79164712468179554,200,0.0050000000000000001,0.49206595530072716,0.45759514772696469,0.53927091710106367
Docking-44,200,99,8,full_source_map_including_calibration_rows,0.70057212474469377,1,0.066666666666666666,0.39776751007762828,0.42120295700345961,0.023435446925831327,0.80278043618439665,10000,0.0123,0.45146929174025086,0.42406608569847343,0.49102562770282659
Docking-44,200,99,8,row_disjoint_complement_map,0.70057212474469377,1,0.066666666666666666,0.39765494459393036,0.42162672848489985,0.023971783890969489,0.80514772071925655,200,0.014999999999999999,0.45163379351764232,0.42513976377159696,0.49045357068540429
Docking-44,200,99,10,full_source_map_including_calibration_rows,0.77005502852705854,4,0.25,0.36509410302902534,0.38142608022034979,0.016331977191324454,0.73454280372382286,10000,0.00089999999999999998,0.4161252495631686,0.39268031268843251,0.44809726808011024
Docking-44,200,99,10,row_disjoint_complement_map,0.77005502852705854,4,0.25,0.36499660202499695,0.38174748964681976,0.016750887621822808,0.73638521098274601,200,0.0050000000000000001,0.41373451961784746,0.39229322780569092,0.44873012253725503
Docking-44,500,0,6,full_source_map_including_calibration_rows,0.84167742552479319,4,0.5,0.43214781831379373,0.43913137722988504,0.0069835589160913147,0.8013062475385585,10000,0.0001,0.49302754320570502,0.45780395109194238,0.54568422458736376
Docking-44,500,0,6,row_disjoint_complement_map,0.84167742552479319,4,0.5,0.43223867989381309,0.4394669104716511,0.0072282305778380018,0.80172889234209999,200,0,0.4915816312145751,0.45733163134300064,0.53948431060710444
Docking-44,500,0,8,full_source_map_including_calibration_rows,0.74287668806459695,5,0.45454545454545453,0.39776751007762828,0.40579699903225097,0.0080294889546226877,0.74373136588926536,10000,0,0.45146929174025086,0.42406608569847343,0.49102562770282659
Docking-44,500,0,8,row_disjoint_complement_map,0.74287668806459695,5,0.45454545454545453,0.39761473132715253,0.40617503365088298,0.008560302323730451,0.74568297442306763,200,0,0.45117870974358465,0.42485373558397527,0.49001073417988666
Docking-44,500,0,10,full_source_map_including_calibration_rows,0.90887887440228421,6,0.42857142857142855,0.36509410302902534,0.36721139922903051,0.0021172962000051698,0.70267986218669864,10000,0,0.4161252495631686,0.39268031268843251,0.44809726808011024
Docking-44,500,0,10,row_disjoint_complement_map,0.90887887440228421,6,0.42857142857142855,0.36456921762887079,0.36749584170449412,0.0029266240756233297,0.7038969913407489,200,0,0.4133755320843856,0.39152266468541796,0.44877317535820532
Docking-44,500,1,6,full_source_map_including_calibration_rows,0.85702820454024309,3,0.33333333333333331,0.43214781831379373,0.43989453170409543,0.007746713390301696,0.8013062475385585,10000,0.0001,0.49302754320570502,0.45780395109194238,0.54568422458736376
Docking-44,500,1,6,row_disjoint_complement_map,0.85702820454024309,3,0.33333333333333331,0.43258710183133836,0.44086209560334788,0.0082749937720095201,0.80322138414932831,200,0,0.49245605890219568,0.45793590159968572,0.53889249657868366
Docking-44,500,1,8,full_source_map_including_calibration_rows,0.89072426937738247,6,0.59999999999999998,0.39776751007762828,0.40413098672452574,0.0063634766468974591,0.71586601120942073,10000,0,0.45146929174025086,0.42406608569847343,0.49102562770282659
Docking-44,500,1,8,row_disjoint_complement_map,0.89072426937738247,6,0.59999999999999998,0.39817318043506195,0.40508373275125803,0.0069105523161960836,0.71083851870868164,200,0,0.4519802163115394,0.42531196136667032,0.49062923789910984
Docking-44,500,1,10,full_source_map_including_calibration_rows,0.77696782785448937,6,0.42857142857142855,0.36509410302902534,0.37268991924822964,0.0075958162192042988,0.69910649235557942,10000,0,0.4161252495631686,0.39268031268843251,0.44809726808011024
Docking-44,500,1,10,row_disjoint_complement_map,0.77696782785448937,6,0.42857142857142855,0.36531212169569771,0.37378227520439339,0.008470153508695677,0.69957428804506938,200,0,0.41391849837896144,0.3924906079471589,0.44958045239213568
Docking-44,500,2,6,full_source_map_including_calibration_rows,0.89611245332747635,4,0.5,0.43214781831379373,0.44456228034235201,0.012414462028558282,0.79144679703446652,10000,0.00040000000000000002,0.49302754320570502,0.45780395109194238,0.54568422458736376
Docking-44,500,2,6,row_disjoint_complement_map,0.89611245332747635,4,0.5,0.43172490178717743,0.44468375927562476,0.012958857488447328,0.7926192169760311,200,0,0.49185822714381833,0.45677394867573917,0.53932876066042668
Docking-44,500,2,8,full_source_map_including_calibration_rows,0.9263034889544266,5,0.45454545454545453,0.39776751007762828,0.41042719757800439,0.012659687500376104,0.7530352020993426,10000,0.00020000000000000001,0.45146929174025086,0.42406608569847343,0.49102562770282659
Docking-44,500,2,8,row_disjoint_complement_map,0.9263034889544266,5,0.45454545454545453,0.3973359048487447,0.41058517624323726,0.013249271394492557,0.75388286167215357,200,0,0.45104526327631655,0.42437115947307158,0.49044142030020704
Docking-44,500,2,10,full_source_map_including_calibration_rows,0.77959415553328526,6,0.42857142857142855,0.36509410302902534,0.37892506853537272,0.013830965506347381,0.71586601120942073,10000,0.00040000000000000002,0.4161252495631686,0.39268031268843251,0.44809726808011024
Docking-44,500,2,10,row_disjoint_complement_map,0.77959415553328526,6,0.42857142857142855,0.36444881956106595,0.37909674148262923,0.014647921921563278,0.71579492642765941,200,0,0.413306567522855,0.3920792993361687,0.44886830193306998
Docking-44,500,3,6,full_source_map_including_calibration_rows,0.59426731724706461,4,0.5,0.43214781831379373,0.43438646207064446,0.0022386437568507334,0.8157280261450961,10000,0,0.49302754320570502,0.45780395109194238,0.54568422458736376
Docking-44,500,3,6,row_disjoint_complement_map,0.59426731724706461,4,0.5,0.4323946417065217,0.43514255027893634,0.0027479085724146368,0.81588780180912623,200,0,0.49254318738073199,0.4581776404140101,0.53876256221696772
Docking-44,500,3,8,full_source_map_including_calibration_rows,0.65228828850722054,5,0.45454545454545453,0.39776751007762828,0.40433468987241761,0.006567179794789324,0.77999122035591717,10000,0,0.45146929174025086,0.42406608569847343,0.49102562770282659
Docking-44,500,3,8,row_disjoint_complement_map,0.65228828850722054,5,0.45454545454545453,0.39836238167523813,0.40540056657865997,0.0070381849034218402,0.78281840131326685,200,0,0.45166100011995869,0.42508223029415848,0.49152818887238103
Docking-44,500,3,10,full_source_map_including_calibration_rows,0.6881719675982747,7,0.53846153846153844,0.36509410302902534,0.37182092074969031,0.0067268177206649682,0.76692150192540653,10000,0,0.4161252495631686,0.39268031268843251,0.44809726808011024
Docking-44,500,3,10,row_disjoint_complement_map,0.6881719675982747,7,0.53846153846153844,0.36554343322841398,0.37285079042496999,0.007307357196556008,0.77598603365591967,200,0,0.41348699706252945,0.39310099076385896,0.44942132438551358
Docking-44,500,4,6,full_source_map_including_calibration_rows,0.86542807603321759,3,0.33333333333333331,0.43214781831379373,0.4393762074902765,0.0072283891764827746,0.79144679703446652,10000,0.0001,0.49302754320570502,0.45780395109194238,0.54568422458736376
Docking-44,500,4,6,row_disjoint_complement_map,0.85585938562838404,3,0.33333333333333331,0.43255795472743624,0.440419844525131,0.0078618897976947544,0.7943891234819751,200,0,0.49221889801658836,0.45800823732874624,0.53954138064630319
Docking-44,500,4,8,full_source_map_including_calibration_rows,0.86271072307620866,3,0.23076923076923078,0.39776751007762828,0.40579041975599633,0.0080229096783680509,0.79144679703446652,10000,0,0.45146929174025086,0.42406608569847343,0.49102562770282659
Docking-44,500,4,8,row_disjoint_complement_map,0.86271072307620866,3,0.23076923076923078,0.39823678244645105,0.40685259975248989,0.008615817306038831,0.7943891234819751,200,0,0.45144904536053432,0.42530846748031592,0.49072458291588611
Docking-44,500,4,10,full_source_map_including_calibration_rows,0.72019489482421939,9,0.81818181818181823,0.36509410302902534,0.37025625683850782,0.0051621538094824837,0.73727854012080951,10000,0,0.4161252495631686,0.39268031268843251,0.44809726808011024
Docking-44,500,4,10,row_disjoint_complement_map,0.72019489482421939,9,0.81818181818181823,0.36576520636895277,0.37107893433082045,0.0053137279618676869,0.7372851538188423,200,0,0.41401728517849778,0.392933363491829,0.44924240616201949
Docking-44,500,5,6,full_source_map_including_calibration_rows,0.59518473891059787,2,0.20000000000000001,0.43214781831379373,0.43977521516897228,0.0076273968551785476,0.8157280261450961,10000,0.0001,0.49302754320570502,0.45780395109194238,0.54568422458736376
Docking-44,500,5,6,row_disjoint_complement_map,0.60583777209716105,2,0.20000000000000001,0.43149805728126472,0.44024287434285569,0.0087448170615909704,0.81823998580709434,200,0,0.49197147259326979,0.45706204334813422,0.54009139572140452
Docking-44,500,5,8,full_source_map_including_calibration_rows,0.69331812451221708,4,0.33333333333333331,0.39776751007762828,0.40253372757244787,0.0047662174948195912,0.8157280261450961,10000,0,0.45146929174025086,0.42406608569847343,0.49102562770282659
Docking-44,500,5,8,row_disjoint_complement_map,0.69288458674609088,4,0.33333333333333331,0.39718875397284187,0.40282577408246917,0.0056370201096272998,0.81823998580709434,200,0,0.45092634192860603,0.42383917131536319,0.49132311962505892
Docking-44,500,5,10,full_source_map_including_calibration_rows,0.83650190114068446,8,0.66666666666666663,0.36509410302902534,0.36961135555142322,0.0045172525223978743,0.80278043618439665,10000,0,0.4161252495631686,0.39268031268843251,0.44809726808011024
Docking-44,500,5,10,row_disjoint_complement_map,0.83981929143219469,8,0.66666666666666663,0.3652178733966695,0.36989485693609953,0.0046769835394300241,0.80573488140243965,200,0,0.41327922304411802,0.39239814542270685,0.44920259055106643
Docking-44,500,6,6,full_source_map_including_calibration_rows,1,1,0.090909090909090912,0.43214781831379373,0.45205505400259599,0.019907235688802261,0.8013062475385585,10000,0.0080000000000000002,0.49302754320570502,0.45780395109194238,0.54568422458736376
Docking-44,500,6,6,row_disjoint_complement_map,0.9614341390762674,1,0.090909090909090912,0.43093454833083161,0.45135908703107125,0.020424538700239636,0.80390767833697985,200,0.01,0.49113072869920821,0.4563845787015457,0.53839259500622516
Docking-44,500,6,8,full_source_map_including_calibration_rows,0.63005931043472596,2,0.14285714285714285,0.39776751007762828,0.41956645894967842,0.021798948872050139,0.79736851837666478,10000,0.0088999999999999999,0.45146929174025086,0.42406608569847343,0.49102562770282659
Docking-44,500,6,8,row_disjoint_complement_map,0.63005931043472596,2,0.14285714285714285,0.39656789814348375,0.41894424229806526,0.022376344154581507,0.80390767833697985,200,0.01,0.45029877248594874,0.42383247828863396,0.48951109389816982
Docking-44,500,6,10,full_source_map_including_calibration_rows,0.56030422924749357,3,0.17647058823529413,0.36509410302902534,0.38502132397270084,0.019927220943675494,0.78464214215580474,10000,0.0030999999999999999,0.4161252495631686,0.39268031268843251,0.44809726808011024
Docking-44,500,6,10,row_disjoint_complement_map,0.56030422924749357,3,0.17647058823529413,0.36336920262563094,0.3842382430488287,0.02086904042319776,0.78373292001730599,200,0.014999999999999999,0.413104078248966,0.39124525986590308,0.44897776642965165
Docking-44,500,7,6,full_source_map_including_calibration_rows,0.82059062584665399,3,0.33333333333333331,0.43214781831379373,0.43662377943372449,0.0044759611199307603,0.8013062475385585,10000,0.0001,0.49302754320570502,0.45780395109194238,0.54568422458736376
Docking-44,500,7,6,row_disjoint_complement_map,0.82059062584665399,3,0.33333333333333331,0.43207773213765555,0.43683075673044058,0.0047530245927850379,0.79912622308740344,200,0,0.49205071707928094,0.4576244187542346,0.53899408625728296
Docking-44,500,7,8,full_source_map_including_calibration_rows,0.8404476295871085,4,0.33333333333333331,0.39776751007762828,0.4038196587997957,0.0060521487221674164,0.77228973156250647,10000,0,0.45146929174025086,0.42406608569847343,0.49102562770282659
Docking-44,500,7,8,row_disjoint_complement_map,0.8404476295871085,4,0.33333333333333331,0.3975838982557901,0.4042234148195098,0.006639516563719694,0.76876090964340926,200,0,0.45163133924167398,0.42470387791741737,0.4901639161910078
Docking-44,500,7,10,full_source_map_including_calibration_rows,0.7527360950076738,5,0.33333333333333331,0.36509410302902534,0.37254221486342726,0.0074481118344019159,0.75371891199763885,10000,0,0.4161252495631686,0.39268031268843251,0.44809726808011024
Docking-44,500,7,10,row_disjoint_complement_map,0.7527360950076738,5,0.33333333333333331,0.36453727325534918,0.3730463673597772,0.0085090941044280166,0.76271819844835953,200,0,0.41369669781181517,0.39179749448052875,0.44893158886124696
Docking-44,500,8,6,full_source_map_including_calibration_rows,0.70964094169341119,2,0.20000000000000001,0.43214781831379373,0.44373693611151049,0.011589117797716764,0.80278043618439665,10000,0.00040000000000000002,0.49302754320570502,0.45780395109194238,0.54568422458736376
Docking-44,500,8,6,row_disjoint_complement_map,0.70964094169341119,2,0.20000000000000001,0.43263964230803559,0.44463313217328509,0.011993489865249507,0.80343368475301313,200,0,0.49266077977659595,0.45824189238120461,0.53957762194943215
Docking-44,500,8,8,full_source_map_including_calibration_rows,0.7361312561291421,5,0.45454545454545453,0.39776751007762828,0.40867998498001051,0.01091247490238223,0.71586601120942073,10000,0.0001,0.45146929174025086,0.42406608569847343,0.49102562770282659
Docking-44,500,8,8,row_disjoint_complement_map,0.7361312561291421,5,0.45454545454545453,0.39820598783488115,0.40938025250079524,0.011174264665914091,0.7190083032561132,200,0,0.45167197825411287,0.42529371926342163,0.49118993365302632
Docking-44,500,8,10,full_source_map_including_calibration_rows,0.70416589106883587,8,0.66666666666666663,0.36509410302902534,0.36848340331952234,0.0033893002904969993,0.71586601120942073,10000,0,0.4161252495631686,0.39268031268843251,0.44809726808011024
Docking-44,500,8,10,row_disjoint_complement_map,0.70416589106883587,8,0.66666666666666663,0.36555152271920827,0.36898206457792448,0.0034305418587162184,0.7190083032561132,200,0,0.41397658985088559,0.39292168630272639,0.44890783659206018
Docking-44,500,9,6,full_source_map_including_calibration_rows,0.82591284380991092,4,0.5,0.43214781831379373,0.43964489431809073,0.0074970760042969986,0.80424780239832172,10000,0.0001,0.49302754320570502,0.45780395109194238,0.54568422458736376
Docking-44,500,9,6,row_disjoint_complement_map,0.78433979158541212,4,0.5,0.4317395890822891,0.43956037110820956,0.0078207820259204586,0.80219870926981929,200,0,0.49149729326102376,0.45706593612918944,0.53828913107363208
Docking-44,500,9,8,full_source_map_including_calibration_rows,0.8180543144414395,6,0.59999999999999998,0.39776751007762828,0.40292757877063978,0.0051600686930114992,0.8013062475385585,10000,0,0.45146929174025086,0.42406608569847343,0.49102562770282659
Docking-44,500,9,8,row_disjoint_complement_map,0.79438286073465747,6,0.59999999999999998,0.39742464828420138,0.40276756141114856,0.0053429131269471797,0.79808833762610532,200,0,0.45100847436849789,0.42433636372155908,0.48972224204828568
Docking-44,500,9,10,full_source_map_including_calibration_rows,0.88215393290104316,7,0.53846153846153844,0.36509410302902534,0.36844639107182203,0.0033522880427966917,0.7530352020993426,10000,0,0.4161252495631686,0.39268031268843251,0.44809726808011024
Docking-44,500,9,10,row_disjoint_complement_map,0.83596214511041012,7,0.53846153846153844,0.3644278338771576,0.36848445962901832,0.0040566257518607207,0.75569592562755661,200,0,0.4131159036408979,0.39196699700746024,0.4489574869146773
Docking-44,500,10,6,full_source_map_including_calibration_rows,0.59708072889687003,3,0.33333333333333331,0.43214781831379373,0.44461221968665132,0.012464401372857592,0.79144679703446652,10000,0.00040000000000000002,0.49302754320570502,0.45780395109194238,0.54568422458736376
Docking-44,500,10,6,row_disjoint_complement_map,0.59708072889687003,3,0.33333333333333331,0.43181287502243088,0.44494922585522206,0.013136350832791188,0.7921006656512618,200,0,0.49197271814051113,0.45756435266154211,0.53852368275682583
Docking-44,500,10,8,full_source_map_including_calibration_rows,0.64227531398390714,3,0.23076923076923078,0.39776751007762828,0.41120489312312175,0.013437383045493467,0.79144679703446652,10000,0.00050000000000000001,0.45146929174025086,0.42406608569847343,0.49102562770282659
Docking-44,500,10,8,row_disjoint_complement_map,0.64227531398390714,3,0.23076923076923078,0.39748604344257399,0.41164776202506342,0.014161718582489435,0.7921006656512618,200,0,0.45142778396619532,0.42469969432749249,0.49109060217696565
Docking-44,500,10,10,full_source_map_including_calibration_rows,0.74849529942618287,7,0.53846153846153844,0.36509410302902534,0.3783009071068118,0.01320680407778646,0.79144679703446652,10000,0.00040000000000000002,0.4161252495631686,0.39268031268843251,0.44809726808011024
Docking-44,500,10,10,row_disjoint_complement_map,0.74849529942618287,7,0.53846153846153844,0.36521538309526363,0.37879059733088422,0.013575214235620581,0.7921006656512618,200,0,0.41370178233348898,0.39231253135801214,0.44971243825252816
Docking-44,500,11,6,full_source_map_including_calibration_rows,0.69643696207754102,4,0.5,0.43214781831379373,0.44045463972711124,0.0083068214133175111,0.78464214215580474,10000,0.0001,0.49302754320570502,0.45780395109194238,0.54568422458736376
Docking-44,500,11,6,row_disjoint_complement_map,0.69643696207754102,4,0.5,0.43199713472413992,0.44108296958160192,0.0090858348574620051,0.78866755013433565,200,0,0.49260816409815311,0.45776543485346943,0.54005805171234644
Docking-44,500,11,8,full_source_map_including_calibration_rows,0.72228202368137784,4,0.33333333333333331,0.39776751007762828,0.40504380771396903,0.007276297636340745,0.77999122035591717,10000,0,0.45146929174025086,0.42406608569847343,0.49102562770282659
Docking-44,500,11,8,row_disjoint_complement_map,0.72228202368137784,4,0.33333333333333331,0.39783159556128622,0.40532843061493795,0.0074968350536517292,0.78496651845596999,200,0,0.45202818380950832,0.42454280828425423,0.49110458731408441
Docking-44,500,11,10,full_source_map_including_calibration_rows,0.79511936117146509,7,0.53846153846153844,0.36509410302902534,0.37100030915396148,0.0059062061249361419,0.75371891199763885,10000,0,0.4161252495631686,0.39268031268843251,0.44809726808011024
Docking-44,500,11,10,row_disjoint_complement_map,0.79511936117146509,7,0.53846153846153844,0.36528027054086887,0.3714279505869767,0.0061476800461078285,0.75502310943931183,200,0,0.41403563351501754,0.39241771371043788,0.44934678456242561
Docking-44,500,12,6,full_source_map_including_calibration_rows,0.73063191326251231,2,0.20000000000000001,0.43214781831379373,0.44491942302610393,0.012771604712310203,0.78155764060529975,10000,0.00040000000000000002,0.49302754320570502,0.45780395109194238,0.54568422458736376
Docking-44,500,12,6,row_disjoint_complement_map,0.69437082466323519,2,0.20000000000000001,0.43247692452823167,0.4461666704552234,0.013689745926991737,0.79126441744227705,200,0,0.49260766033497994,0.45807177654053,0.53996069345020548
Docking-44,500,12,8,full_source_map_including_calibration_rows,0.74544603685288091,3,0.23076923076923078,0.39776751007762828,0.41169143699861582,0.013923926920987539,0.78155764060529975,10000,0.00089999999999999998,0.45146929174025086,0.42406608569847343,0.49102562770282659
Docking-44,500,12,8,row_disjoint_complement_map,0.71700502454183734,3,0.23076923076923078,0.39813572146038045,0.41283595057843281,0.014700229118052355,0.79126441744227705,200,0,0.45198413737659549,0.42534373499807693,0.49146148350088831
Docking-44,500,12,10,full_source_map_including_calibration_rows,0.96195939923194984,4,0.25,0.36509410302902534,0.38332679787897361,0.018232694849948272,0.77633851181124758,10000,0.0016000000000000001,0.4161252495631686,0.39268031268843251,0.44809726808011024
Docking-44,500,12,10,row_disjoint_complement_map,0.90314588182295963,4,0.25,0.36524012539477496,0.3841852107008919,0.018945085306116938,0.77589318640484151,200,0.01,0.41410242103117856,0.39264624224109318,0.44982491704989164
Docking-44,500,13,6,full_source_map_including_calibration_rows,0.87660716282189843,4,0.5,0.43214781831379373,0.43648480441384691,0.0043369861000531751,0.7530352020993426,10000,0.0001,0.49302754320570502,0.45780395109194238,0.54568422458736376
Docking-44,500,13,6,row_disjoint_complement_map,0.85142495115289807,4,0.5,0.43363935228460987,0.43843783774201001,0.0047984854574001368,0.75173215156865125,200,0,0.4931703377261959,0.4590690420589208,0.54021942368244336
Docking-44,500,13,8,full_source_map_including_calibration_rows,0.97295473778103059,6,0.59999999999999998,0.39776751007762828,0.40419308798488623,0.0064255779072579511,0.73347316855701949,10000,0,0.45146929174025086,0.42406608569847343,0.49102562770282659
Docking-44,500,13,8,row_disjoint_complement_map,0.94356474458402217,6,0.59999999999999998,0.3992869990646028,0.40622306291194565,0.0069360638473428549,0.73640627988406271,200,0,0.45261176343138321,0.42623458814627158,0.4918691489421278
Docking-44,500,13,10,full_source_map_including_calibration_rows,0.78157742013990728,6,0.42857142857142855,0.36509410302902534,0.3732415450102492,0.0081474419812238574,0.73347316855701949,10000,0,0.4161252495631686,0.39268031268843251,0.44809726808011024
Docking-44,500,13,10,row_disjoint_complement_map,0.80834319938714394,6,0.42857142857142855,0.36648824049411444,0.37522007802866797,0.0087318375345535326,0.73640627988406271,200,0,0.41457385276554659,0.39341862188116145,0.44972451458281909
Docking-44,500,14,6,full_source_map_including_calibration_rows,0.74634985045581947,3,0.33333333333333331,0.43214781831379373,0.43997401955061544,0.007826201236821706,0.83645961850905426,10000,0.0001,0.49302754320570502,0.45780395109194238,0.54568422458736376
Docking-44,500,14,6,row_disjoint_complement_map,0.73426518424467824,3,0.33333333333333331,0.43199962240378226,0.44021582257625319,0.0082162001724709333,0.8331747174467703,200,0,0.49212174017963461,0.45763153641648913,0.53943559192706036
Docking-44,500,14,8,full_source_map_including_calibration_rows,0.76341633016554633,4,0.33333333333333331,0.39776751007762828,0.40386081471589763,0.0060933046382693479,0.78464214215580474,10000,0,0.45146929174025086,0.42406608569847343,0.49102562770282659
Docking-44,500,14,8,row_disjoint_complement_map,0.76341633016554633,4,0.33333333333333331,0.39762797896608537,0.40427653456247031,0.0066485555963849419,0.78711406169576559,200,0,0.45155405858820818,0.42483725449538629,0.49051116919686694
Docking-44,500,14,10,full_source_map_including_calibration_rows,0.82784763186628307,8,0.66666666666666663,0.36509410302902534,0.36679899943469513,0.0017048964056697868,0.70267986218669864,10000,0,0.4161252495631686,0.39268031268843251,0.44809726808011024
Docking-44,500,14,10,row_disjoint_complement_map,0.82784763186628307,8,0.66666666666666663,0.36505854024704587,0.36702775332305265,0.0019692130760067816,0.7077664310111299,200,0,0.41381213574914533,0.3923145698969463,0.44928289985529657
Docking-44,500,15,6,full_source_map_including_calibration_rows,0.83630610686603568,3,0.33333333333333331,0.43214781831379373,0.43882995979115047,0.00668214147735674,0.8157280261450961,10000,0.0001,0.49302754320570502,0.45780395109194238,0.54568422458736376
Docking-44,500,15,6,row_disjoint_complement_map,0.8778791590905346,3,0.33333333333333331,0.43212937523105255,0.43897355393091764,0.0068441786998650889,0.81423854144609598,200,0,0.49167632308428011,0.4574432440726609,0.53813887411357775
Docking-44,500,15,8,full_source_map_including_calibration_rows,0.83147526664214788,6,0.59999999999999998,0.39776751007762828,0.40213218960634606,0.0043646795287177742,0.77999122035591717,10000,0,0.45146929174025086,0.42406608569847343,0.49102562770282659
Docking-44,500,15,8,row_disjoint_complement_map,0.85687207038498214,6,0.59999999999999998,0.39776533793940805,0.40232765764766421,0.0045623197082561573,0.77820230675993196,200,0,0.45102410217187289,0.42454584077610508,0.49021165023162611
Docking-44,500,15,10,full_source_map_including_calibration_rows,0.67245693231334069,7,0.53846153846153844,0.36509410302902534,0.37247102015457967,0.0073769171255543275,0.71994249100850871,10000,0,0.4161252495631686,0.39268031268843251,0.44809726808011024
Docking-44,500,15,10,row_disjoint_complement_map,0.71088211649492072,7,0.53846153846153844,0.3650316537224374,0.37255675587370257,0.0075251021512651728,0.72221947532389275,200,0,0.4131684182904265,0.3922027887987598,0.4486210779692838
Docking-44,500,16,6,full_source_map_including_calibration_rows,0.8577300982554642,3,0.33333333333333331,0.43214781831379373,0.43822026996520763,0.0060724516514139015,0.78464214215580474,10000,0.0001,0.49302754320570502,0.45780395109194238,0.54568422458736376
Docking-44,500,16,6,row_disjoint_complement_map,0.8366530757747922,3,0.33333333333333331,0.43217365171156391,0.43905841977262167,0.0068847680610577555,0.78391716252941612,200,0,0.4923697385137088,0.45832581065795625,0.53951807162868037
Docking-44,500,16,8,full_source_map_including_calibration_rows,0.90013606080510467,4,0.33333333333333331,0.39776751007762828,0.40448370415708595,0.0067161940794576713,0.78464214215580474,10000,0,0.45146929174025086,0.42406608569847343,0.49102562770282659
Docking-44,500,16,8,row_disjoint_complement_map,0.8815620141270738,4,0.33333333333333331,0.39795071668080695,0.40549780163879046,0.0075470849579835075,0.78391716252941612,200,0,0.45118522533512606,0.42454577397177595,0.49081470571644165
Docking-44,500,16,10,full_source_map_including_calibration_rows,0.8508673927496796,7,0.53846153846153844,0.36509410302902534,0.37299325256629101,0.0078991495372656706,0.78464214215580474,10000,0,0.4161252495631686,0.39268031268843251,0.44809726808011024
Docking-44,500,16,10,row_disjoint_complement_map,0.82809256554163146,7,0.53846153846153844,0.36590948588358502,0.37399045236338274,0.0080809664797977243,0.78391716252941612,200,0,0.41362761502133172,0.3929649945883279,0.44964426802547386
Docking-44,500,17,6,full_source_map_including_calibration_rows,0.58235716556197836,2,0.20000000000000001,0.43214781831379373,0.44847715446940734,0.016329336155613605,0.76908821998771904,10000,0.0023999999999999998,0.49302754320570502,0.45780395109194238,0.54568422458736376
Docking-44,500,17,6,row_disjoint_complement_map,0.57609094463324406,2,0.20000000000000001,0.43184534136892894,0.44853186007328338,0.016686518704354447,0.76991896341843258,200,0.0050000000000000001,0.49140013110842196,0.45702151847190381,0.537743942406675
Docking-44,500,17,8,full_source_map_including_calibration_rows,0.57667682640614337,4,0.33333333333333331,0.39776751007762828,0.41336965442183399,0.015602144344205704,0.73727854012080951,10000,0.0016000000000000001,0.45146929174025086,0.42406608569847343,0.49102562770282659
Docking-44,500,17,8,row_disjoint_complement_map,0.57667682640614337,4,0.33333333333333331,0.39722144942511162,0.41323529682004634,0.016013847394934722,0.73379200881033868,200,0,0.45052009708037344,0.42450917394275273,0.49035896460065298
Docking-44,500,17,10,full_source_map_including_calibration_rows,0.71128566964837192,7,0.53846153846153844,0.36509410302902534,0.38034364189160141,0.015249538862576073,0.70625206705844845,10000,0.00069999999999999999,0.4161252495631686,0.39268031268843251,0.44809726808011024
Docking-44,500,17,10,row_disjoint_complement_map,0.71128566964837192,7,0.53846153846153844,0.36378367473245848,0.38029229548288906,0.01650862075043058,0.70690924318637749,200,0,0.41295263209721444,0.39204391558881463,0.44922888214993323
Docking-44,500,18,6,full_source_map_including_calibration_rows,0.66041882966268306,5,0.7142857142857143,0.43214781831379373,0.43560708403583809,0.0034592657220443579,0.76335687371682004,10000,0,0.49302754320570502,0.45780395109194238,0.54568422458736376
Docking-44,500,18,6,row_disjoint_complement_map,0.66041882966268306,5,0.7142857142857143,0.43142481742496963,0.4353219567813047,0.0038971393563350665,0.76428629230781886,200,0,0.49179875543007834,0.45715629609368535,0.53917905050306181
Docking-44,500,18,8,full_source_map_including_calibration_rows,0.71901276908472911,5,0.45454545454545453,0.39776751007762828,0.40510408302984491,0.0073365729522166245,0.77228973156250647,10000,0,0.45146929174025086,0.42406608569847343,0.49102562770282659
Docking-44,500,18,8,row_disjoint_complement_map,0.71901276908472911,5,0.45454545454545453,0.39708582008591981,0.4046576924793539,0.0075718723934340981,0.76872852482375464,200,0,0.45111685993955081,0.42408326071276092,0.49025633851686296
Docking-44,500,18,10,full_source_map_including_calibration_rows,0.83218500095792913,5,0.33333333333333331,0.36509410302902534,0.37008300150627116,0.0049888984772458178,0.73813981650816574,10000,0,0.4161252495631686,0.39268031268843251,0.44809726808011024
Docking-44,500,18,10,row_disjoint_complement_map,0.83218500095792913,5,0.33333333333333331,0.36459180269446578,0.36972529754292832,0.0051334948484625387,0.7335957010254609,200,0,0.41352817189478142,0.39154215758151661,0.44822357954380476
Docking-44,500,19,6,full_source_map_including_calibration_rows,0.91928105474663513,4,0.5,0.43214781831379373,0.43705608239691213,0.0049082640831183966,0.78464214215580474,10000,0.0001,0.49302754320570502,0.45780395109194238,0.54568422458736376
Docking-44,500,19,6,row_disjoint_complement_map,0.91928105474663513,4,0.5,0.43196699602012784,0.43770679947585867,0.0057398034557308297,0.78591821127348716,200,0,0.49215333450185206,0.45808983911989737,0.53950367410462574
Docking-44,500,19,8,full_source_map_including_calibration_rows,0.8878505213363328,4,0.33333333333333331,0.39776751007762828,0.40315938803346563,0.0053918779558373431,0.74682641861712329,10000,0,0.45146929174025086,0.42406608569847343,0.49102562770282659
Docking-44,500,19,8,row_disjoint_complement_map,0.8878505213363328,4,0.33333333333333331,0.39766120738060345,0.40373568508026325,0.0060744776996597971,0.74794274544386707,200,0,0.45138625535386551,0.42474889147332118,0.4905895739607451
Docking-44,500,19,10,full_source_map_including_calibration_rows,0.76491203476554281,9,0.81818181818181823,0.36509410302902534,0.37378533462848423,0.0086912315994588929,0.73727854012080951,10000,0,0.4161252495631686,0.39268031268843251,0.44809726808011024
Docking-44,500,19,10,row_disjoint_complement_map,0.76491203476554281,9,0.81818181818181823,0.36539817113995537,0.37424763602026939,0.0088494648803140175,0.7414753480327092,200,0,0.41378320614394493,0.39259065468116944,0.44960599840536408
Docking-44,500,20,6,full_source_map_including_calibration_rows,0.96943588859930641,2,0.20000000000000001,0.43214781831379373,0.44361870771954437,0.011470889405750639,0.82437501128675983,10000,0.00040000000000000002,0.49302754320570502,0.45780395109194238,0.54568422458736376
Docking-44,500,20,6,row_disjoint_complement_map,0.94059962762152804,2,0.20000000000000001,0.43133495219130463,0.44362171272869022,0.012286760537385588,0.8239075267492677,200,0,0.49167787483456832,0.45706907749343584,0.53797652695631881
Docking-44,500,20,8,full_source_map_including_calibration_rows,0.9442520639588724,4,0.33333333333333331,0.39776751007762828,0.40515726596310953,0.0073897558854812417,0.74373136588926536,10000,0,0.45146929174025086,0.42406608569847343,0.49102562770282659
Docking-44,500,20,8,row_disjoint_complement_map,0.9442520639588724,4,0.33333333333333331,0.39689180367824228,0.40509148911707182,0.0081996854388295404,0.75563330705734133,200,0,0.45086996230389109,0.42383464171028062,0.48924190573852272
Docking-44,500,20,10,full_source_map_including_calibration_rows,0.60555452142511446,5,0.33333333333333331,0.36509410302902534,0.37387691945861845,0.0087828164295931099,0.74373136588926536,10000,0,0.4161252495631686,0.39268031268843251,0.44809726808011024
Docking-44,500,20,10,row_disjoint_complement_map,0.60555452142511446,5,0.33333333333333331,0.36471723349394841,0.3739219320912282,0.0092046985972797923,0.75563330705734133,200,0,0.41296175605099683,0.39208848924229783,0.44893383132248516
Docking-44,500,21,6,full_source_map_including_calibration_rows,0.75740106271669783,5,0.7142857142857143,0.43214781831379373,0.43324488752832141,0.0010970692145276795,0.8013062475385585,10000,0,0.49302754320570502,0.45780395109194238,0.54568422458736376
Docking-44,500,21,6,row_disjoint_complement_map,0.75740106271669783,5,0.7142857142857143,0.43307633609550839,0.43416462413427614,0.0010882880387677596,0.80016634073655457,200,0,0.49274179489927078,0.45810603384256232,0.53994233870912722
Docking-44,500,21,8,full_source_map_including_calibration_rows,0.87143840250750337,7,0.77777777777777779,0.39776751007762828,0.40131838275962611,0.0035508726819978298,0.74373136588926536,10000,0,0.45146929174025086,0.42406608569847343,0.49102562770282659
Docking-44,500,21,8,row_disjoint_complement_map,0.87143840250750337,7,0.77777777777777779,0.39853882083675141,0.40224936250707816,0.0037105416703267502,0.74746458907024094,200,0,0.45199836345096811,0.42570295145133674,0.49103447934595224
Docking-44,500,21,10,full_source_map_including_calibration_rows,0.85327671659692972,7,0.53846153846153844,0.36509410302902534,0.36973353626953803,0.0046394332405126915,0.71586601120942073,10000,0,0.4161252495631686,0.39268031268843251,0.44809726808011024
Docking-44,500,21,10,row_disjoint_complement_map,0.85327671659692972,7,0.53846153846153844,0.36559310218467816,0.37058777177038371,0.0049946695857055468,0.71969863634299047,200,0,0.41390771074774524,0.39280405583755584,0.44953061036297187
Docking-44,500,22,6,full_source_map_including_calibration_rows,0.85795795795795793,2,0.20000000000000001,0.43214781831379373,0.43741148022192072,0.0052636619081269931,0.81011935575628824,10000,0.0001,0.49302754320570502,0.45780395109194238,0.54568422458736376
Docking-44,500,22,6,row_disjoint_complement_map,0.82244744744744747,2,0.20000000000000001,0.43234323231671379,0.43794115896338109,0.0055979266466673061,0.81083528560144513,200,0,0.49252200913742994,0.45833546470145536,0.5402943606062458
Docking-44,500,22,8,full_source_map_including_calibration_rows,0.83869374507567296,4,0.33333333333333331,0.39776751007762828,0.40646415935855046,0.0086966492809221752,0.77633851181124758,10000,0,0.45146929174025086,0.42406608569847343,0.49102562770282659
Docking-44,500,22,8,row_disjoint_complement_map,0.80947349371566679,4,0.33333333333333331,0.39801151348411595,0.40715026839720936,0.0091387549130934054,0.78008676838384783,200,0,0.45183746481677955,0.42517386148591557,0.49108503793694247
Docking-44,500,22,10,full_source_map_including_calibration_rows,0.79805576537817335,5,0.33333333333333331,0.36509410302902534,0.37332464151491696,0.0082305384858916142,0.73813981650816574,10000,0,0.4161252495631686,0.39268031268843251,0.44809726808011024
Docking-44,500,22,10,row_disjoint_complement_map,0.74399117971334072,5,0.33333333333333331,0.36545851971139365,0.37411607379277717,0.0086575540813835228,0.74441458133212191,200,0,0.41401476095329126,0.39227263878632618,0.4492658816913227
Docking-44,500,23,6,full_source_map_including_calibration_rows,0.91928105474663513,2,0.20000000000000001,0.43214781831379373,0.44835209358148193,0.016204275267688195,0.77999122035591717,10000,0.0023999999999999998,0.49302754320570502,0.45780395109194238,0.54568422458736376
Docking-44,500,23,6,row_disjoint_complement_map,0.91928105474663513,2,0.20000000000000001,0.4320793071445404,0.44877427629443023,0.016694969149889827,0.78160850531335446,200,0.0050000000000000001,0.49203915593074354,0.45713792751545557,0.53919256592509746
Docking-44,500,23,8,full_source_map_including_calibration_rows,0.90377517509953786,2,0.14285714285714285,0.39776751007762828,0.41310715959713223,0.015339649519503951,0.75278266939349081,10000,0.0014,0.45146929174025086,0.42406608569847343,0.49102562770282659
Docking-44,500,23,8,row_disjoint_complement_map,0.79187988596158132,2,0.14285714285714285,0.39746415315337741,0.41329464776789293,0.015830494614515522,0.75273154774285589,200,0,0.45143190933157989,0.42462123807834512,0.49051155463694074
Docking-44,500,23,10,full_source_map_including_calibration_rows,0.77174278838522059,6,0.42857142857142855,0.36509410302902534,0.38008925640429259,0.014995153375267245,0.71586601120942073,10000,0.00050000000000000001,0.4161252495631686,0.39268031268843251,0.44809726808011024
Docking-44,500,23,10,row_disjoint_complement_map,0.818222390270813,6,0.42857142857142855,0.36491380927433409,0.38049073000866956,0.015576920734335475,0.71996910143724402,200,0,0.4136411122482665,0.39272515983393352,0.44917180577541854
Docking-44,500,24,6,full_source_map_including_calibration_rows,0.80609697014869752,5,0.7142857142857143,0.43214781831379373,0.43408964186672866,0.0019418235529349293,0.8013062475385585,10000,0,0.49302754320570502,0.45780395109194238,0.54568422458736376
Docking-44,500,24,6,row_disjoint_complement_map,0.77587831614589708,5,0.7142857142857143,0.43313473802234626,0.43518671819265614,0.0020519801703098861,0.8028712814408836,200,0,0.49297499434709113,0.45820785973833539,0.53981718448713834
Docking-44,500,24,8,full_source_map_including_calibration_rows,0.87621182467798464,6,0.59999999999999998,0.39776751007762828,0.40239239593351106,0.0046248858558827766,0.7530352020993426,10000,0,0.45146929174025086,0.42406608569847343,0.49102562770282659
Docking-44,500,24,8,row_disjoint_complement_map,0.84755997580047837,6,0.59999999999999998,0.39868299535005514,0.40351027003470141,0.0048272746846462766,0.7518493562420705,200,0,0.4523520373263048,0.4255614834685989,0.49118583779009328
Docking-44,500,24,10,full_source_map_including_calibration_rows,0.81325138679599129,7,0.53846153846153844,0.36509410302902534,0.36801208769734556,0.0029179846683202171,0.69910649235557942,10000,0,0.4161252495631686,0.39268031268843251,0.44809726808011024
Docking-44,500,24,10,row_disjoint_complement_map,0.75300095736063033,7,0.53846153846153844,0.36595899036332985,0.36905852736241029,0.0030995369990804433,0.70608112893304265,200,0,0.41404768187434304,0.39293202637561186,0.4494407140439543
Docking-44,500,25,6,full_source_map_including_calibration_rows,0.6642115538202148,2,0.20000000000000001,0.43214781831379373,0.44609754108104077,0.013949722767247041,0.78464214215580474,10000,0.001,0.49302754320570502,0.45780395109194238,0.54568422458736376
Docking-44,500,25,6,row_disjoint_complement_map,0.6642115538202148,2,0.20000000000000001,0.43152212342923058,0.44643563775782924,0.014913514328598665,0.78797970350665214,200,0,0.49182868788709833,0.45737330447868918,0.5389406492523845
Docking-44,500,25,8,full_source_map_including_calibration_rows,0.72674432313895632,4,0.33333333333333331,0.39776751007762828,0.41206583783505513,0.014298327757426843,0.78464214215580474,10000,0.001,0.45146929174025086,0.42406608569847343,0.49102562770282659
Docking-44,500,25,8,row_disjoint_complement_map,0.72674432313895632,4,0.33333333333333331,0.39711597933631465,0.41237757083381221,0.015261591497497562,0.78797970350665214,200,0,0.45110670036705791,0.42428208747826918,0.48977947011378448
Docking-44,500,25,10,full_source_map_including_calibration_rows,0.69639942915281083,6,0.42857142857142855,0.36509410302902534,0.37697996592706956,0.011885862898044219,0.65555311459741672,10000,0.0001,0.4161252495631686,0.39268031268843251,0.44809726808011024
Docking-44,500,25,10,row_disjoint_complement_map,0.69639942915281083,6,0.42857142857142855,0.36454521774449833,0.37741839388595583,0.012873176141457499,0.65850159145919962,200,0,0.41349442571860684,0.39168063154771471,0.4481340552747709
Docking-44,500,26,6,full_source_map_including_calibration_rows,0.8313838201546242,4,0.5,0.43214781831379373,0.43446230199053704,0.0023144836767433064,0.77999122035591717,10000,0,0.49302754320570502,0.45780395109194238,0.54568422458736376
Docking-44,500,26,6,row_disjoint_complement_map,0.82084530891428831,4,0.5,0.43257255766248492,0.43518146017188664,0.0026089025094017115,0.77948015878336607,200,0,0.49240851968549337,0.45782604798199922,0.53921058490008933
Docking-44,500,26,8,full_source_map_including_calibration_rows,0.85354240545893245,6,0.59999999999999998,0.39776751007762828,0.3981201155592578,0.00035260548162951988,0.73727854012080951,10000,0,0.45146929174025086,0.42406608569847343,0.49102562770282659
Docking-44,500,26,8,row_disjoint_complement_map,0.82986499892672116,6,0.59999999999999998,0.39830027992130151,0.39875566415786595,0.00045538423656443783,0.73611459702175308,200,0,0.45202329943728004,0.42509042794261342,0.48983605709075562
Docking-44,500,26,10,full_source_map_including_calibration_rows,0.69539093643137284,8,0.66666666666666663,0.36509410302902534,0.36979200321946254,0.0046979001904371986,0.71977076775496396,10000,0,0.4161252495631686,0.39268031268843251,0.44809726808011024
Docking-44,500,26,10,row_disjoint_complement_map,0.70902022892520333,8,0.66666666666666663,0.36558849826769185,0.37055692373632287,0.0049684254686310214,0.72324070214590286,200,0,0.41392932436919511,0.39305346183724821,0.44948013440992535
Docking-44,500,27,6,full_source_map_including_calibration_rows,0.78010957994354968,1,0.090909090909090912,0.43214781831379373,0.44988429175229255,0.017736473438498823,0.76335687371682004,10000,0.0040000000000000001,0.49302754320570502,0.45780395109194238,0.54568422458736376
Docking-44,500,27,6,row_disjoint_complement_map,0.78010957994354968,1,0.090909090909090912,0.43162182813360167,0.45007545331263149,0.01845362517902982,0.76300670643395319,200,0.0050000000000000001,0.49198980264204173,0.45763888027609523,0.53865713595580356
Docking-44,500,27,8,full_source_map_including_calibration_rows,0.74840128133902295,3,0.23076923076923078,0.39776751007762828,0.41458262300462584,0.016815112926997555,0.73347316855701949,10000,0.0019,0.45146929174025086,0.42406608569847343,0.49102562770282659
Docking-44,500,27,8,row_disjoint_complement_map,0.74840128133902295,3,0.23076923076923078,0.39734785104566939,0.41475331317145014,0.017405462125780757,0.73637544840815461,200,0.0050000000000000001,0.45147739183178259,0.42447750072864021,0.49036617480911293
Docking-44,500,27,10,full_source_map_including_calibration_rows,0.60730848310707819,5,0.33333333333333331,0.36509410302902534,0.37738592642483865,0.012291823395813306,0.73347316855701949,10000,0.0001,0.4161252495631686,0.39268031268843251,0.44809726808011024
Docking-44,500,27,10,row_disjoint_complement_map,0.60730848310707819,5,0.33333333333333331,0.36476915531747023,0.37762456736944222,0.012855412051971993,0.73637544840815461,200,0,0.41358682176371087,0.39208032612793137,0.44881355354743196
Docking-44,500,28,6,full_source_map_including_calibration_rows,0.82328997039127016,4,0.5,0.43214781831379373,0.43678987412057446,0.0046420558067807316,0.78464214215580474,10000,0.0001,0.49302754320570502,0.45780395109194238,0.54568422458736376
Docking-44,500,28,6,row_disjoint_complement_map,0.79164041284940811,4,0.5,0.43264707924488932,0.43770730979679551,0.0050602305519061863,0.7854181643300584,200,0,0.4928296513083813,0.45783996264890514,0.54029068700241645
Docking-44,500,28,8,full_source_map_including_calibration_rows,0.85463185144032439,5,0.45454545454545453,0.39776751007762828,0.39931129839988605,0.0015437883222577664,0.7530352020993426,10000,0,0.45146929174025086,0.42406608569847343,0.49102562770282659
Docking-44,500,28,8,row_disjoint_complement_map,0.83071760060548105,5,0.45454545454545453,0.39819425157346805,0.40007554383529753,0.0018812922618294814,0.75469059025713459,200,0,0.45226993690231188,0.42495628789396084,0.49169051801118885
Docking-44,500,28,10,full_source_map_including_calibration_rows,0.85363622298310882,10,1,0.36509410302902534,0.36509410302902534,0,0.6460018796746092,10000,0,0.4161252495631686,0.39268031268843251,0.44809726808011024
Docking-44,500,28,10,row_disjoint_complement_map,0.79256802592899678,10,1,0.36582195189916417,0.36582195189916417,0,0.64413425707744931,200,0,0.41430562717623887,0.39297323084935176,0.44964641357838075
Docking-44,500,29,6,full_source_map_including_calibration_rows,0.95890619230685692,3,0.33333333333333331,0.43214781831379373,0.43840896030396409,0.0062611419901703602,0.8157280261450961,10000,0.0001,0.49302754320570502,0.45780395109194238,0.54568422458736376
Docking-44,500,29,6,row_disjoint_complement_map,0.92808583653699961,3,0.33333333333333331,0.43245315774203513,0.43920711214991426,0.0067539544078791258,0.81626491646769306,200,0,0.49243228103170422,0.45799736749925291,0.53975733730351094
Docking-44,500,29,8,full_source_map_including_calibration_rows,0.93848911304229832,4,0.33333333333333331,0.39776751007762828,0.40197121912657036,0.0042037090489420725,0.77999122035591717,10000,0,0.45146929174025086,0.42406608569847343,0.49102562770282659
Docking-44,500,29,8,row_disjoint_complement_map,0.90961766507618036,4,0.33333333333333331,0.39816276247423854,0.40276793665758426,0.0046051741833457172,0.78927303273796445,200,0,0.45241389902997803,0.42537247616685681,0.49117980827090746
Docking-44,500,29,10,full_source_map_including_calibration_rows,0.69007855254830419,6,0.42857142857142855,0.36509410302902534,0.36800275653786141,0.0029086535088360677,0.71586601120942073,10000,0,0.4161252495631686,0.39268031268843251,0.44809726808011024
Docking-44,500,29,10,row_disjoint_complement_map,0.64632815778430552,6,0.42857142857142855,0.36552104356973109,0.36858928933211688,0.0030682457623857906,0.71518964762057635,200,0,0.41408973416956812,0.39263297289651838,0.44955723945738729
Docking-44,500,30,6,full_source_map_including_calibration_rows,0.88212806795225951,2,0.20000000000000001,0.43214781831379373,0.4379899717831508,0.0058421534693570698,0.83645961850905426,10000,0.0001,0.49302754320570502,0.45780395109194238,0.54568422458736376
Docking-44,500,30,6,row_disjoint_complement_map,0.84701727968271978,2,0.20000000000000001,0.43146003031627383,0.43776837132898766,0.0063083410127138251,0.83262792497801918,200,0,0.49189714019656766,0.45731069038149103,0.53825661777967659
Docking-44,500,30,8,full_source_map_including_calibration_rows,0.825600018435516,5,0.45454545454545453,0.39776751007762828,0.40416105586175172,0.0063935457841234333,0.73727854012080951,10000,0,0.45146929174025086,0.42406608569847343,0.49102562770282659
Docking-44,500,30,8,row_disjoint_complement_map,0.79696433783760579,5,0.45454545454545453,0.39717431148400401,0.40406343336627865,0.0068891218822746403,0.73318788077097774,200,0,0.45112007562992118,0.42415098144073982,0.49047335308896689
Docking-44,500,30,10,full_source_map_including_calibration_rows,0.67964671998248649,8,0.66666666666666663,0.36509410302902534,0.37314405329474049,0.0080499502657151445,0.71586601120942073,10000,0,0.4161252495631686,0.39268031268843251,0.44809726808011024
Docking-44,500,30,10,row_disjoint_complement_map,0.67336760530959872,8,0.66666666666666663,0.36476585385105464,0.3732031006386613,0.0084372467876066559,0.71474468844604566,200,0,0.41318253468522292,0.39185037525677041,0.44838380873621964
Docking-44,500,31,6,full_source_map_including_calibration_rows,0.57904225094987616,4,0.5,0.43214781831379373,0.44116908651886466,0.0090212682050709314,0.78464214215580474,10000,0.00020000000000000001,0.49302754320570502,0.45780395109194238,0.54568422458736376
Docking-44,500,31,6,row_disjoint_complement_map,0.55745467407551086,4,0.5,0.43167805151714378,0.44096614083891672,0.009288089321772941,0.78391046468860237,200,0,0.49147041633848149,0.45727978208620512,0.53853309743369704
Docking-44,500,31,8,full_source_map_including_calibration_rows,0.59107574447676803,5,0.45454545454545453,0.39776751007762828,0.40369051079817614,0.0059230007205478552,0.7530352020993426,10000,0,0.45146929174025086,0.42406608569847343,0.49102562770282659
Docking-44,500,31,8,row_disjoint_complement_map,0.57418556236988694,5,0.45454545454545453,0.39725231303345948,0.40344964675200712,0.0061973337185476374,0.7544878298683797,200,0,0.45135419839581453,0.42411623730761122,0.49052463377647293
Docking-44,500,31,10,full_source_map_including_calibration_rows,0.70202105294001305,6,0.42857142857142855,0.36509410302902534,0.37270010476423288,0.0076060017352075349,0.71994249100850871,10000,0,0.4161252495631686,0.39268031268843251,0.44809726808011024
Docking-44,500,31,10,row_disjoint_complement_map,0.68077208611729767,6,0.42857142857142855,0.36458822250690931,0.3726288391163069,0.0080406166093975884,0.72185570582531211,200,0,0.41324495557715279,0.39151221007894993,0.44880455290136961
Docking-44,500,32,6,full_source_map_including_calibration_rows,0.81357191923514371,5,0.7142857142857143,0.43214781831379373,0.43309345211485328,0.0009456338010595533,0.8013062475385585,10000,0,0.49302754320570502,0.45780395109194238,0.54568422458736376
Docking-44,500,32,6,row_disjoint_complement_map,0.81357191923514371,5,0.7142857142857143,0.43189883858957168,0.43285980615346509,0.0009609675638934112,0.80205337847919733,200,0,0.4916475599126976,0.45728409549144472,0.53890481213655483
Docking-44,500,32,8,full_source_map_including_calibration_rows,0.82319435626939441,7,0.77777777777777779,0.39776751007762828,0.4000902317863323,0.002322721708704012,0.8013062475385585,10000,0,0.45146929174025086,0.42406608569847343,0.49102562770282659
Docking-44,500,32,8,row_disjoint_complement_map,0.82319435626939441,7,0.77777777777777779,0.39744968987317664,0.39984224565421905,0.0023925557810424158,0.80205337847919733,200,0,0.45124980168761897,0.42465014689119918,0.49067639473443253
Docking-44,500,32,10,full_source_map_including_calibration_rows,0.68620972774146938,7,0.53846153846153844,0.36509410302902534,0.36719686525876033,0.0021027622297349891,0.71586601120942073,10000,0,0.4161252495631686,0.39268031268843251,0.44809726808011024
Docking-44,500,32,10,row_disjoint_complement_map,0.68620972774146938,7,0.53846153846153844,0.3646128118118368,0.36700489767488659,0.0023920858630497865,0.71764392075011996,200,0,0.41345207461640698,0.39193131756815325,0.44859834133254795
Docking-44,500,33,6,full_source_map_including_calibration_rows,0.78786145962976672,5,0.7142857142857143,0.43214781831379373,0.43330206664159621,0.0011542483278024762,0.77228973156250647,10000,0,0.49302754320570502,0.45780395109194238,0.54568422458736376
Docking-44,500,33,6,row_disjoint_complement_map,0.83028916770381334,5,0.7142857142857143,0.43266083669277261,0.43395246475149024,0.001291628058717631,0.77279425982068517,200,0,0.49270014676150026,0.45847416343118902,0.53955178083227451
Docking-44,500,33,8,full_source_map_including_calibration_rows,0.82456212651967853,5,0.45454545454545453,0.39776751007762828,0.40128892296673907,0.0035214128891107865,0.71586601120942073,10000,0,0.45146929174025086,0.42406608569847343,0.49102562770282659
Docking-44,500,33,8,row_disjoint_complement_map,0.85623520472279857,5,0.45454545454545453,0.39802885840615709,0.40174286678014365,0.0037140083739865548,0.71943780530515922,200,0,0.4521656266274281,0.4253307382468306,0.49119101560738054
Docking-44,500,33,10,full_source_map_including_calibration_rows,0.82247719641576578,4,0.25,0.36509410302902534,0.37257612115640926,0.0074820181273839159,0.71586601120942073,10000,0,0.4161252495631686,0.39268031268843251,0.44809726808011024
Docking-44,500,33,10,row_disjoint_complement_map,0.78692094001051127,4,0.25,0.3650255258592997,0.37317315267558482,0.008147626816285114,0.71943780530515922,200,0,0.41429493284628005,0.3924620588023206,0.44916460548381176
Docking-44,500,34,6,full_source_map_including_calibration_rows,0.77451852793491383,3,0.33333333333333331,0.43214781831379373,0.43836730803491281,0.0062194897211190758,0.8013062475385585,10000,0.0001,0.49302754320570502,0.45780395109194238,0.54568422458736376
Docking-44,500,34,6,row_disjoint_complement_map,0.77451852793491383,3,0.33333333333333331,0.43240828797780595,0.43860855784654651,0.00620026986874056,0.7982642506238552,200,0,0.49243144315566956,0.45801946195302373,0.53851783754434157
Docking-44,500,34,8,full_source_map_including_calibration_rows,0.9347646193453476,7,0.77777777777777779,0.39776751007762828,0.39842854470215899,0.00066103462453070971,0.71586601120942073,10000,0,0.45146929174025086,0.42406608569847343,0.49102562770282659
Docking-44,500,34,8,row_disjoint_complement_map,0.9347646193453476,7,0.77777777777777779,0.39795113127546672,0.39872249606532384,0.00077136478985712076,0.71388284308965999,200,0,0.45180531351585645,0.42534363697180144,0.4897188366463926
Docking-44,500,34,10,full_source_map_including_calibration_rows,0.77411794275660561,6,0.42857142857142855,0.36509410302902534,0.36684851299260612,0.001754409963580783,0.70267986218669864,10000,0,0.4161252495631686,0.39268031268843251,0.44809726808011024
Docking-44,500,34,10,row_disjoint_complement_map,0.77411794275660561,6,0.42857142857142855,0.36482828691104119,0.36719659777547109,0.0023683108644299011,0.70388145318747108,200,0,0.41387927752874887,0.39217548458173496,0.44913175202692823
Docking-44,500,35,6,full_source_map_including_calibration_rows,0.91928105474663513,3,0.33333333333333331,0.43214781831379373,0.44636993086034721,0.014222112546553478,0.74373136588926536,10000,0.001,0.49302754320570502,0.45780395109194238,0.54568422458736376
Docking-44,500,35,6,row_disjoint_complement_map,0.88282733753543807,3,0.33333333333333331,0.43216479702182192,0.44695170098143683,0.014786903959614905,0.74224352420474871,200,0,0.49201484009404139,0.45719530830902561,0.53970986048279623
Docking-44,500,35,8,full_source_map_including_calibration_rows,0.90426264016516211,4,0.33333333333333331,0.39776751007762828,0.41156479004074914,0.013797279963120856,0.71586601120942073,10000,0.00089999999999999998,0.45146929174025086,0.42406608569847343,0.49102562770282659
Docking-44,500,35,8,row_disjoint_complement_map,0.88044645883238259,4,0.33333333333333331,0.39773909407912494,0.41207628253443024,0.014337188455305294,0.71803072188630068,200,0,0.45078004904216912,0.4247871873966752,0.49071652566482354
Docking-44,500,35,10,full_source_map_including_calibration_rows,0.69489465429089403,5,0.33333333333333331,0.36509410302902534,0.38042340776951489,0.015329304740489547,0.71586601120942073,10000,0.00080000000000000004,0.4161252495631686,0.39268031268843251,0.44809726808011024
Docking-44,500,35,10,row_disjoint_complement_map,0.630128644287128,5,0.33333333333333331,0.36508922693674245,0.38099116905045405,0.015901942113711598,0.71803072188630068,200,0,0.41357813786559994,0.39231754641233424,0.44927392838251629
Docking-44,500,36,6,full_source_map_including_calibration_rows,0.66575952065314514,4,0.5,0.43214781831379373,0.43516333718229644,0.003015518868502709,0.7530352020993426,10000,0,0.49302754320570502,0.45780395109194238,0.54568422458736376
Docking-44,500,36,6,row_disjoint_complement_map,0.66575952065314514,4,0.5,0.43178665598372901,0.43507941471646167,0.0032927587327326591,0.75778474019851905,200,0,0.49201774885346561,0.45769520693026289,0.53983556777005326
Docking-44,500,36,8,full_source_map_including_calibration_rows,0.69757596449300108,5,0.45454545454545453,0.39776751007762828,0.40209524016548603,0.0043277300878577507,0.7530352020993426,10000,0,0.45146929174025086,0.42406608569847343,0.49102562770282659
Docking-44,500,36,8,row_disjoint_complement_map,0.69757596449300108,5,0.45454545454545453,0.3973725602456249,0.40198565548569004,0.0046130952400651459,0.75778474019851905,200,0,0.45140558032984274,0.4245845729602159,0.49078835504924945
Docking-44,500,36,10,full_source_map_including_calibration_rows,0.79324108377702451,8,0.66666666666666663,0.36509410302902534,0.37109295884494137,0.0059988558159160266,0.73727854012080951,10000,0,0.4161252495631686,0.39268031268843251,0.44809726808011024
Docking-44,500,36,10,row_disjoint_complement_map,0.79324108377702451,8,0.66666666666666663,0.3648126729512598,0.37108230023061245,0.006269627279352652,0.74001704811893321,200,0,0.41358482389813245,0.39216514041388234,0.4488056073711098
Docking-44,500,37,6,full_source_map_including_calibration_rows,0.90426829601833569,2,0.20000000000000001,0.43214781831379373,0.45056633543976815,0.018418517125974421,0.80050433937990129,10000,0.0047999999999999996,0.49302754320570502,0.45780395109194238,0.54568422458736376
Docking-44,500,37,6,row_disjoint_complement_map,0.8739065962445226,2,0.20000000000000001,0.43151388607220081,0.45045821969826982,0.01894433362606901,0.79626900745853813,200,0.0050000000000000001,0.49162039545520092,0.45711732527930105,0.53871382253047884
Docking-44,500,37,8,full_source_map_including_calibration_rows,0.87762973764361396,3,0.23076923076923078,0.39776751007762828,0.41029418024719233,0.012526670169564047,0.80050433937990129,10000,0.00020000000000000001,0.45146929174025086,0.42406608569847343,0.49102562770282659
Docking-44,500,37,8,row_disjoint_complement_map,0.87762973764361396,3,0.23076923076923078,0.39719423947995447,0.41000860231111758,0.012814362831163106,0.79626900745853813,200,0,0.45122808636512568,0.42401971127610227,0.49101373442716195
Docking-44,500,37,10,full_source_map_including_calibration_rows,0.73048034158939712,6,0.42857142857142855,0.36509410302902534,0.37922861053517531,0.014134507506149974,0.71586601120942073,10000,0.00040000000000000002,0.4161252495631686,0.39268031268843251,0.44809726808011024
Docking-44,500,37,10,row_disjoint_complement_map,0.73048034158939712,6,0.42857142857142855,0.36463089190061609,0.37925159094047312,0.014620699039857021,0.72113160446834124,200,0,0.41347241427180059,0.39195188372979506,0.44863453465846415
Docking-44,500,38,6,full_source_map_including_calibration_rows,0.70145850510334629,2,0.20000000000000001,0.43214781831379373,0.44005671105264527,0.0079088927388515362,0.8157280261450961,10000,0.0001,0.49302754320570502,0.45780395109194238,0.54568422458736376
Docking-44,500,38,6,row_disjoint_complement_map,0.70145850510334629,2,0.20000000000000001,0.4316003555292266,0.44001678073059924,0.0084164252013726459,0.81281560629834626,200,0,0.4916836804087224,0.45735065210302489,0.53838326456746277
Docking-44,500,38,8,full_source_map_including_calibration_rows,0.74643206023206499,3,0.23076923076923078,0.39776751007762828,0.4111770700859726,0.013409560008344312,0.77999122035591717,10000,0.00050000000000000001,0.45146929174025086,0.42406608569847343,0.49102562770282659
Docking-44,500,38,8,row_disjoint_complement_map,0.74643206023206499,3,0.23076923076923078,0.39711810433736888,0.4113691819666887,0.014251077629319819,0.77962319438747774,200,0,0.45117402011288099,0.42431598436269125,0.4898086716409345
Docking-44,500,38,10,full_source_map_including_calibration_rows,0.67068774169533119,6,0.42857142857142855,0.36509410302902534,0.37699070549401309,0.011896602464987749,0.77999122035591717,10000,0.0001,0.4161252495631686,0.39268031268843251,0.44809726808011024
Docking-44,500,38,10,row_disjoint_complement_map,0.67068774169533119,6,0.42857142857142855,0.36462276425755091,0.37721300834221427,0.01259024408466336,0.77962319438747774,200,0,0.41335341085764021,0.3923955125254826,0.4484939364619559
Docking-44,500,39,6,full_source_map_including_calibration_rows,0.88998953388800206,3,0.33333333333333331,0.43214781831379373,0.44532072648359144,0.013172908169797715,0.78464214215580474,10000,0.00059999999999999995,0.49302754320570502,0.45780395109194238,0.54568422458736376
Docking-44,500,39,6,row_disjoint_complement_map,0.85998667949382079,3,0.33333333333333331,0.43238063981571762,0.44590885639713329,0.013528216581415675,0.78525227814099818,200,0,0.49269217403352628,0.45754436465919224,0.53973813181249408
Docking-44,500,39,8,full_source_map_including_calibration_rows,0.93280753692034069,4,0.33333333333333331,0.39776751007762828,0.41419092908963095,0.016423419012002671,0.78464214215580474,10000,0.0016999999999999999,0.45146929174025086,0.42406608569847343,0.49102562770282659
Docking-44,500,39,8,row_disjoint_complement_map,0.91452306058946109,4,0.33333333333333331,0.39790866174103029,0.41496465533365706,0.017055993592626773,0.78525227814099818,200,0,0.45198423610520555,0.42512400564069297,0.49118462899918169
Docking-44,500,39,10,full_source_map_including_calibration_rows,0.86227216949411056,6,0.42857142857142855,0.36509410302902534,0.38234237154477846,0.017248268515753118,0.78464214215580474,10000,0.0011000000000000001,0.4161252495631686,0.39268031268843251,0.44809726808011024
Docking-44,500,39,10,row_disjoint_complement_map,0.84608201696366037,6,0.42857142857142855,0.36523210213112767,0.38310621512203596,0.017874112990908297,0.78525227814099818,200,0.0050000000000000001,0.41410591386612672,0.39223127861565676,0.44885790243734391
Docking-44,500,40,6,full_source_map_including_calibration_rows,0.70347762966873428,3,0.33333333333333331,0.43214781831379373,0.44420435904009409,0.012056540726300358,0.83645961850905426,10000,0.00040000000000000002,0.49302754320570502,0.45780395109194238,0.54568422458736376
Docking-44,500,40,6,row_disjoint_complement_map,0.70347762966873428,3,0.33333333333333331,0.43201549152258262,0.44498460271004081,0.012969111187458193,0.83886622679348843,200,0,0.49237587825092455,0.45757297799455765,0.53967316758910211
Docking-44,500,40,8,full_source_map_including_calibration_rows,0.81614811005399845,4,0.33333333333333331,0.39776751007762828,0.40165604789727599,0.0038885378196477083,0.77999122035591717,10000,0,0.45146929174025086,0.42406608569847343,0.49102562770282659
Docking-44,500,40,8,row_disjoint_complement_map,0.8035213064557285,4,0.33333333333333331,0.39756823323124196,0.40218799487638091,0.0046197616451389423,0.78406086898603466,200,0,0.45159801733465754,0.4244833011449799,0.49093286606026976
Docking-44,500,40,10,full_source_map_including_calibration_rows,0.70774119516285638,6,0.42857142857142855,0.36509410302902534,0.36872766284453018,0.0036335598155048388,0.75371891199763885,10000,0,0.4161252495631686,0.39268031268843251,0.44809726808011024
Docking-44,500,40,10,row_disjoint_complement_map,0.70213899672680213,6,0.42857142857142855,0.3652635044736538,0.3691526840825014,0.0038891796088476038,0.75725916583308439,200,0,0.41377684803498449,0.3920542438132042,0.44892730612086396
Docking-44,500,41,6,full_source_map_including_calibration_rows,0.84226147467179491,1,0.090909090909090912,0.43214781831379373,0.45107738426722876,0.018929565953435035,0.78464214215580474,10000,0.0054999999999999997,0.49302754320570502,0.45780395109194238,0.54568422458736376
Docking-44,500,41,6,row_disjoint_complement_map,0.82336765870770623,1,0.090909090909090912,0.43088225073919512,0.45075171576869083,0.019869465029495714,0.7862134219739163,200,0.01,0.49119456559150632,0.45619837493024651,0.53878431336738497
Docking-44,500,41,8,full_source_map_including_calibration_rows,0.86084945113896594,3,0.23076923076923078,0.39776751007762828,0.41746333031272997,0.019695820235101691,0.78464214215580474,10000,0.0047999999999999996,0.45146929174025086,0.42406608569847343,0.49102562770282659
Docking-44,500,41,8,row_disjoint_complement_map,0.84279320837320715,3,0.23076923076923078,0.39651165869563754,0.41717507448440255,0.020663415788765016,0.7862134219739163,200,0.0050000000000000001,0.45042201695519768,0.42341489348041844,0.48996238077415466
Docking-44,500,41,10,full_source_map_including_calibration_rows,0.84823496948656574,7,0.53846153846153844,0.36509410302902534,0.38140728122006101,0.016313178191035671,0.77999122035591717,10000,0.00089999999999999998,0.4161252495631686,0.39268031268843251,0.44809726808011024
Docking-44,500,41,10,row_disjoint_complement_map,0.83346482105716135,7,0.53846153846153844,0.36412967885982828,0.38104111661921197,0.016911437759383696,0.78159200002587959,200,0.0050000000000000001,0.41274607573623601,0.39208973186880569,0.44829034551707403
Docking-44,500,42,6,full_source_map_including_calibration_rows,0.81360191441119867,4,0.5,0.43214781831379373,0.43902526015451554,0.0068774418407218096,0.81011935575628824,10000,0.0001,0.49302754320570502,0.45780395109194238,0.54568422458736376
Docking-44,500,42,6,row_disjoint_complement_map,0.81360191441119867,4,0.5,0.43266557937039951,0.43964774756444602,0.0069821681940465119,0.81314381794646406,200,0,0.49252540226383595,0.45819138234396278,0.5397104261550445
Docking-44,500,42,8,full_source_map_including_calibration_rows,0.79022351290105042,5,0.45454545454545453,0.39776751007762828,0.40744282320260883,0.0096753131249805446,0.80278043618439665,10000,0,0.45146929174025086,0.42406608569847343,0.49102562770282659
Docking-44,500,42,8,row_disjoint_complement_map,0.79022351290105042,5,0.45454545454545453,0.39844994198723749,0.40827363223169599,0.009823690244458505,0.80777959867050653,200,0,0.4521696313298218,0.42559335876916005,0.49066266946816045
Docking-44,500,42,10,full_source_map_including_calibration_rows,0.84961678696331577,7,0.53846153846153844,0.36509410302902534,0.36749103352917312,0.0023969305001477759,0.71586601120942073,10000,0,0.4161252495631686,0.39268031268843251,0.44809726808011024
Docking-44,500,42,10,row_disjoint_complement_map,0.84961678696331577,7,0.53846153846153844,0.36552819306040424,0.36831170686553905,0.0027835138051348074,0.71939830924726755,200,0,0.41436400340171675,0.39266833282600994,0.44993856853809638
Docking-44,500,43,6,full_source_map_including_calibration_rows,0.80537854490209315,4,0.5,0.43214781831379373,0.43412025379430685,0.0019724354805131239,0.8157280261450961,10000,0,0.49302754320570502,0.45780395109194238,0.54568422458736376
Docking-44,500,43,6,row_disjoint_complement_map,0.80537854490209315,4,0.5,0.43236281585528824,0.43442272479053384,0.0020599089352456024,0.81836179840513035,200,0,0.49219343956700068,0.45757222417756499,0.53928802921569352
Docking-44,500,43,8,full_source_map_including_calibration_rows,0.90064648633509936,5,0.45454545454545453,0.39776751007762828,0.40209524016548603,0.0043277300878577507,0.7530352020993426,10000,0,0.45146929174025086,0.42406608569847343,0.49102562770282659
Docking-44,500,43,8,row_disjoint_complement_map,0.90064648633509936,5,0.45454545454545453,0.39788854907631155,0.40237896188047401,0.004490412804162458,0.75269756284424261,200,0,0.45149110516942292,0.42483173372014976,0.49027897743239895
Docking-44,500,43,10,full_source_map_including_calibration_rows,0.74503474873743047,9,0.81818181818181823,0.36509410302902534,0.36787804479462538,0.0027839417656000398,0.71586601120942073,10000,0,0.4161252495631686,0.39268031268843251,0.44809726808011024
Docking-44,500,43,10,row_disjoint_complement_map,0.74503474873743047,9,0.81818181818181823,0.36528948527488814,0.36822230783376786,0.0029328225588797219,0.720607962228206,200,0,0.4138394212619651,0.39256707683592018,0.44894301889480598
Docking-44,500,44,6,full_source_map_including_calibration_rows,0.7391123873425639,5,0.7142857142857143,0.43214781831379373,0.43664432479685106,0.0044965064830573276,0.8013062475385585,10000,0.0001,0.49302754320570502,0.45780395109194238,0.54568422458736376
Docking-44,500,44,6,row_disjoint_complement_map,0.70145850510334629,5,0.7142857142857143,0.43291053587379857,0.43745562080192019,0.0045450849281216121,0.80395829880710268,200,0,0.49267260884156383,0.45787238035671757,0.5401775376310255
Docking-44,500,44,8,full_source_map_including_calibration_rows,0.69899741850273156,6,0.59999999999999998,0.39776751007762828,0.40216313709803336,0.0043956270204050796,0.7530352020993426,10000,0,0.45146929174025086,0.42406608569847343,0.49102562770282659
Docking-44,500,44,8,row_disjoint_complement_map,0.67597915115413254,6,0.59999999999999998,0.39834479509997622,0.40304586757118899,0.0047010724712127638,0.75530365942266242,200,0,0.45199998374883932,0.42556423166598856,0.49160445943772518
Docking-44,500,44,10,full_source_map_including_calibration_rows,0.8897715511628066,7,0.53846153846153844,0.36509410302902534,0.36988694113685094,0.0047928381078256033,0.71049684459682949,10000,0,0.4161252495631686,0.39268031268843251,0.44809726808011024
Docking-44,500,44,10,row_disjoint_complement_map,0.82809256554163146,7,0.53846153846153844,0.36533852350017476,0.3707118193228231,0.0053732958226483385,0.71692829202965913,200,0,0.41422736973297247,0.39269330158355586,0.44980988140485656
Docking-44,500,45,6,full_source_map_including_calibration_rows,0.75835785515775711,3,0.33333333333333331,0.43214781831379373,0.44123878472682337,0.0090909664130296441,0.80278043618439665,10000,0.00020000000000000001,0.49302754320570502,0.45780395109194238,0.54568422458736376
Docking-44,500,45,6,row_disjoint_complement_map,0.75835785515775711,3,0.33333333333333331,0.43272796796196328,0.44230352186797928,0.0095755539060159989,0.80452103910301798,200,0,0.49275434431004139,0.45834341130336265,0.53945559176982338
Docking-44,500,45,8,full_source_map_including_calibration_rows,0.83686243024261719,4,0.33333333333333331,0.39776751007762828,0.40516099885545526,0.0073934887778269731,0.77999122035591717,10000,0,0.45146929174025086,0.42406608569847343,0.49102562770282659
Docking-44,500,45,8,row_disjoint_complement_map,0.83686243024261719,4,0.33333333333333331,0.39823774740973994,0.40611120140956364,0.0078734539998236985,0.7809441416955758,200,0,0.45223979224112937,0.42501505463088757,0.49170555439430208
Docking-44,500,45,10,full_source_map_including_calibration_rows,0.67863870788425307,8,0.66666666666666663,0.36509410302902534,0.37304623303426504,0.0079521300052396993,0.73727854012080951,10000,0,0.4161252495631686,0.39268031268843251,0.44809726808011024
Docking-44,500,45,10,row_disjoint_complement_map,0.67863870788425307,8,0.66666666666666663,0.365837236928307,0.37400907574335229,0.0081718388150452959,0.73889050001329848,200,0,0.41414947147204428,0.39280874233414925,0.44893175834867677
Docking-44,500,46,6,full_source_map_including_calibration_rows,0.78914764430097606,4,0.5,0.43214781831379373,0.43390592215285206,0.0017581038390583337,0.8013062475385585,10000,0,0.49302754320570502,0.45780395109194238,0.54568422458736376
Docking-44,500,46,6,row_disjoint_complement_map,0.78914764430097606,4,0.5,0.4332944021913494,0.43514425929461092,0.0018498571032615208,0.80319070053417896,200,0,0.49274427063764914,0.45809128934368598,0.53993250816461402
Docking-44,500,46,8,full_source_map_including_calibration_rows,0.79446449479160375,7,0.77777777777777779,0.39776751007762828,0.4015476415951037,0.0037801315174754158,0.74373136588926536,10000,0,0.45146929174025086,0.42406608569847343,0.49102562770282659
Docking-44,500,46,8,row_disjoint_complement_map,0.79446449479160375,7,0.77777777777777779,0.39874417409610224,0.4027383110465555,0.0039941369504532531,0.74914939655231427,200,0,0.45232340148892747,0.42568900413208804,0.49091807493195649
Docking-44,500,46,10,full_source_map_including_calibration_rows,0.84727258050411347,7,0.53846153846153844,0.36509410302902534,0.37025696337542846,0.0051628603464031197,0.71586601120942073,10000,0,0.4161252495631686,0.39268031268843251,0.44809726808011024
Docking-44,500,46,10,row_disjoint_complement_map,0.84727258050411347,7,0.53846153846153844,0.36522774356906934,0.37135638768010981,0.006128644111040471,0.72042282841283134,200,0,0.41412010801519239,0.39246951336633912,0.44919874386654213
Docking-44,500,47,6,full_source_map_including_calibration_rows,0.94566578963202841,4,0.5,0.43214781831379373,0.43516333718229644,0.003015518868502709,0.7530352020993426,10000,0,0.49302754320570502,0.45780395109194238,0.54568422458736376
Docking-44,500,47,6,row_disjoint_complement_map,0.90426829601833569,4,0.5,0.43248769881008492,0.43592729050383155,0.0034395916937466353,0.75647560990220464,200,0,0.49197210802876895,0.45784155299149709,0.53891086472436789
Docking-44,500,47,8,full_source_map_including_calibration_rows,0.69171097024844086,4,0.33333333333333331,0.39776751007762828,0.40249262606471026,0.0047251159870819737,0.73727854012080951,10000,0,0.45146929174025086,0.42406608569847343,0.49102562770282659
Docking-44,500,47,8,row_disjoint_complement_map,0.66178154918971599,4,0.33333333333333331,0.39814966976179611,0.40310009710284089,0.004950427341044783,0.73419293140231379,200,0,0.45185097863133616,0.42503105736522367,0.49006539478149908
Docking-44,500,47,10,full_source_map_including_calibration_rows,0.80674862291613469,8,0.66666666666666663,0.36509410302902534,0.37219487920044403,0.0071007761714186879,0.71586601120942073,10000,0,0.4161252495631686,0.39268031268843251,0.44809726808011024
Docking-44,500,47,10,row_disjoint_complement_map,0.75277207392197121,8,0.66666666666666663,0.36541426353430356,0.37300047755579019,0.0075862140214866258,0.72686709074269729,200,0,0.41373442070225785,0.39267153253572545,0.44871015555541977
Docking-44,500,48,6,full_source_map_including_calibration_rows,0.72150770543782983,4,0.5,0.43214781831379373,0.43452194116753962,0.0023741228537458858,0.8013062475385585,10000,0,0.49302754320570502,0.45780395109194238,0.54568422458736376
Docking-44,500,48,6,row_disjoint_complement_map,0.69595795364313529,4,0.5,0.43293347001730936,0.43553182770131471,0.0025983576840053479,0.80508239239686719,200,0,0.49253672713799801,0.45833833276427793,0.53983884522583681
Docking-44,500,48,8,full_source_map_including_calibration_rows,0.77418341139144886,6,0.59999999999999998,0.39776751007762828,0.40348946514803868,0.0057219550704104005,0.8013062475385585,10000,0,0.45146929174025086,0.42406608569847343,0.49102562770282659
Docking-44,500,48,8,row_disjoint_complement_map,0.756134408440994,6,0.59999999999999998,0.39836185397684809,0.40463948676058137,0.0062776327837332779,0.80508239239686719,200,0,0.4520544280376263,0.42545035182650182,0.49107558350889469
Docking-44,500,48,10,full_source_map_including_calibration_rows,0.84612986520097866,6,0.42857142857142855,0.36509410302902534,0.36957738057029754,0.0044832775412722015,0.74373136588926536,10000,0,0.4161252495631686,0.39268031268843251,0.44809726808011024
Docking-44,500,48,10,row_disjoint_complement_map,0.79746258451720731,6,0.42857142857142855,0.36573743427136146,0.3707002694758797,0.0049628352045182345,0.74604589021255685,200,0,0.41381764671185872,0.39267381781173405,0.44935310728031747
Docking-44,500,49,6,full_source_map_including_calibration_rows,0.90546591835963031,5,0.7142857142857143,0.43214781831379373,0.43638832512938791,0.0042405068155941805,0.8013062475385585,10000,0,0.49302754320570502,0.45780395109194238,0.54568422458736376
Docking-44,500,49,6,row_disjoint_complement_map,0.90546591835963031,5,0.7142857142857143,0.43141172172501252,0.436050200796819,0.0046384790718064783,0.80017364867914287,200,0,0.49184531953017452,0.45725775497765658,0.53848296204713231
Docking-44,500,49,8,full_source_map_including_calibration_rows,0.93196085087774816,7,0.77777777777777779,0.39776751007762828,0.40106238309216291,0.0032948730145346272,0.74373136588926536,10000,0,0.45146929174025086,0.42406608569847343,0.49102562770282659
Docking-44,500,49,8,row_disjoint_complement_map,0.93196085087774816,7,0.77777777777777779,0.39706444517021072,0.40080377737852813,0.003739332208317403,0.75386208902214757,200,0,0.45073863009146747,0.42391816149089467,0.49016766086363106
Docking-44,500,49,10,full_source_map_including_calibration_rows,0.77489871444047165,8,0.66666666666666663,0.36509410302902534,0.37240525738146685,0.0073111543524415068,0.74373136588926536,10000,0,0.4161252495631686,0.39268031268843251,0.44809726808011024
Docking-44,500,49,10,row_disjoint_complement_map,0.77489871444047165,8,0.66666666666666663,0.36476927901201944,0.37225842587813601,0.0074891468661165694,0.75386208902214757,200,0,0.41332998572650509,0.39260280805991293,0.44821305624333341
Docking-44,500,50,6,full_source_map_including_calibration_rows,0.53614896369160425,4,0.5,0.43214781831379373,0.44024288465677386,0.0080950663429801284,0.81011935575628824,10000,0.0001,0.49302754320570502,0.45780395109194238,0.54568422458736376
Docking-44,500,50,6,row_disjoint_complement_map,0.53614896369160425,4,0.5,0.43174823836573739,0.44018488338728473,0.0084366450215473399,0.81082741087936849,200,0,0.49122726862736787,0.45679644780863166,0.5386874275607576
Docking-44,500,50,8,full_source_map_including_calibration_rows,0.59190023007738968,6,0.59999999999999998,0.39776751007762828,0.40723966432825287,0.009472154250624587,0.81011935575628824,10000,0,0.45146929174025086,0.42406608569847343,0.49102562770282659
Docking-44,500,50,8,row_disjoint_complement_map,0.59190023007738968,6,0.59999999999999998,0.39744116801402551,0.40729878383805607,0.0098576158240305523,0.81082741087936849,200,0,0.45086932367912735,0.42380707231780962,0.48986771149947073
Docking-44,500,50,10,full_source_map_including_calibration_rows,0.59727849785244591,7,0.53846153846153844,0.36509410302902534,0.37572116505999104,0.010627062030965695,0.80278043618439665,10000,0,0.4161252495631686,0.39268031268843251,0.44809726808011024
Docking-44,500,50,10,row_disjoint_complement_map,0.59727849785244591,7,0.53846153846153844,0.36472204081340764,0.37564458755006824,0.010922546736660599,0.79516726345793232,200,0,0.41297242182493032,0.39215910584546976,0.44817919858783173
Docking-44,500,51,6,full_source_map_including_calibration_rows,0.79475874925672163,1,0.090909090909090912,0.43214781831379373,0.44041510679664919,0.0082672884828554616,0.80278043618439665,10000,0.0001,0.49302754320570502,0.45780395109194238,0.54568422458736376
Docking-44,500,51,6,row_disjoint_complement_map,0.76372728407998824,1,0.090909090909090912,0.4320251617267632,0.44100259787280544,0.0089774361460422392,0.80054059261859511,200,0,0.49235143121950903,0.45767856678836122,0.53950958554446804
Docking-44,500,51,8,full_source_map_including_calibration_rows,0.8458440515405119,2,0.14285714285714285,0.39776751007762828,0.40703631467331314,0.0092688045956848542,0.79736851837666478,10000,0,0.45146929174025086,0.42406608569847343,0.49102562770282659
Docking-44,500,51,8,row_disjoint_complement_map,0.8458440515405119,2,0.14285714285714285,0.39763611136734184,0.40776051971613403,0.010124408348792191,0.81348218171410236,200,0,0.45158976695687508,0.42523387091697279,0.49028620734885481
Docking-44,500,51,10,full_source_map_including_calibration_rows,0.6975413242958084,6,0.42857142857142855,0.36509410302902534,0.37228720364806306,0.0071931006190377178,0.75371891199763885,10000,0,0.4161252495631686,0.39268031268843251,0.44809726808011024
Docking-44,500,51,10,row_disjoint_complement_map,0.6975413242958084,6,0.42857142857142855,0.36511884552533774,0.3730492701305046,0.0079304246051668525,0.77005966105810753,200,0,0.4141317712737379,0.39245499671237238,0.44906421630278293
Docking-44,500,52,6,full_source_map_including_calibration_rows,0.62008474378972367,1,0.090909090909090912,0.43214781831379373,0.44650977503623612,0.014361956722442393,0.80278043618439665,10000,0.001,0.49302754320570502,0.45780395109194238,0.54568422458736376
Docking-44,500,52,6,row_disjoint_complement_map,0.62008474378972367,1,0.090909090909090912,0.43138439578620424,0.44670604933615565,0.015321653549951408,0.80529202181616277,200,0,0.49161818280862557,0.45732965570646006,0.53978780082955702
Docking-44,500,52,8,full_source_map_including_calibration_rows,0.67570027050948034,3,0.23076923076923078,0.39776751007762828,0.41145282390473614,0.013685313827107859,0.7239567687863806,10000,0.00089999999999999998,0.45146929174025086,0.42406608569847343,0.49102562770282659
Docking-44,500,52,8,row_disjoint_complement_map,0.67570027050948034,3,0.23076923076923078,0.39690999369548652,0.41147080071191638,0.014560807016429866,0.72182366465601322,200,0,0.45090083496441324,0.42459245154297082,0.49086652252100271
Docking-44,500,52,10,full_source_map_including_calibration_rows,0.65355021647219225,5,0.33333333333333331,0.36509410302902534,0.37860411628311347,0.013510013254088127,0.71994249100850871,10000,0.00040000000000000002,0.4161252495631686,0.39268031268843251,0.44809726808011024
Docking-44,500,52,10,row_disjoint_complement_map,0.65355021647219225,5,0.33333333333333331,0.36405653870846089,0.37870202544390685,0.014645486735445967,0.72248270899145184,200,0,0.41315431519808621,0.3914828396687447,0.44903639877559448
Docking-44,500,53,6,full_source_map_including_calibration_rows,0.6634837571659562,5,0.7142857142857143,0.43214781831379373,0.43345633835127761,0.0013085200374838846,0.8013062475385585,10000,0,0.49302754320570502,0.45780395109194238,0.54568422458736376
Docking-44,500,53,6,row_disjoint_complement_map,0.6634837571659562,5,0.7142857142857143,0.43190361713598713,0.43326751212577563,0.0013638949897885055,0.80216638258818707,200,0,0.49218177175498956,0.45738694812459635,0.539236383643797
Docking-44,500,53,8,full_source_map_including_calibration_rows,0.72912746609609513,6,0.59999999999999998,0.39776751007762828,0.39940744995327093,0.0016399398756426486,0.75371891199763885,10000,0,0.45146929174025086,0.42406608569847343,0.49102562770282659
Docking-44,500,53,8,row_disjoint_complement_map,0.72912746609609513,6,0.59999999999999998,0.39742468545748538,0.39916519300565773,0.0017405075481723431,0.74208614113374849,200,0,0.45112014624605956,0.42470032541560859,0.49062401316439447
Docking-44,500,53,10,full_source_map_including_calibration_rows,0.85056687225808303,8,0.66666666666666663,0.36509410302902534,0.36831929783413619,0.0032251948051108537,0.66754095774761002,10000,0,0.4161252495631686,0.39268031268843251,0.44809726808011024
Docking-44,500,53,10,row_disjoint_complement_map,0.85056687225808303,8,0.66666666666666663,0.36476247988274424,0.36822148549071437,0.0034590056079701337,0.67063782695476259,200,0,0.41352999898077714,0.39234568507722661,0.44840929698606152
Docking-44,500,54,6,full_source_map_including_calibration_rows,0.79027339187610846,1,0.090909090909090912,0.43214781831379373,0.43870184808030471,0.0065540297665109826,0.83645961850905426,10000,0.0001,0.49302754320570502,0.45780395109194238,0.54568422458736376
Docking-44,500,54,6,row_disjoint_complement_map,0.79027339187610846,1,0.090909090909090912,0.43222138836255514,0.43924706097307092,0.0070256726105157874,0.83578399819750948,200,0,0.49232330403933727,0.45783949875855834,0.539780786684943
Docking-44,500,54,8,full_source_map_including_calibration_rows,0.87856792774289916,3,0.23076923076923078,0.39776751007762828,0.4011407714406538,0.0033732613630255148,0.75371891199763885,10000,0,0.45146929174025086,0.42406608569847343,0.49102562770282659
Docking-44,500,54,8,row_disjoint_complement_map,0.87856792774289916,3,0.23076923076923078,0.39770697478636824,0.40160246613661993,0.0038954913502516897,0.75167104149144737,200,0,0.4517747983598952,0.42477049433377295,0.49092732713611625
Docking-44,500,54,10,full_source_map_including_calibration_rows,0.77861206515791759,6,0.42857142857142855,0.36509410302902534,0.37052505586063894,0.0054309528316136002,0.75252139421852904,10000,0,0.4161252495631686,0.39268031268843251,0.44809726808011024
Docking-44,500,54,10,row_disjoint_complement_map,0.77861206515791759,6,0.42857142857142855,0.36545034124448522,0.37118635845326919,0.0057360172087839723,0.75167104149144737,200,0,0.41384484000284805,0.39258605304250532,0.44907730941477275
Docking-44,500,55,6,full_source_map_including_calibration_rows,0.89368852546744726,1,0.090909090909090912,0.43214781831379373,0.44058621984457197,0.008438401530778239,0.77999122035591717,10000,0.0001,0.49302754320570502,0.45780395109194238,0.54568422458736376
Docking-44,500,55,6,row_disjoint_complement_map,0.89368852546744726,1,0.090909090909090912,0.43200877554701672,0.4416186739960784,0.0096098984490616823,0.7843286378054658,200,0,0.49244311166232885,0.45752000345797372,0.53928211600900167
Docking-44,500,55,8,full_source_map_including_calibration_rows,0.86284094473277739,3,0.23076923076923078,0.39776751007762828,0.40490561380745321,0.0071381037298249295,0.77999122035591717,10000,0,0.45146929174025086,0.42406608569847343,0.49102562770282659
Docking-44,500,55,8,row_disjoint_complement_map,0.86284094473277739,3,0.23076923076923078,0.39782590444940547,0.40576677798932204,0.0079408735399165709,0.7843286378054658,200,0,0.45162869927637395,0.42519671294035255,0.49058665452105676
Docking-44,500,55,10,full_source_map_including_calibration_rows,0.91347918966767494,6,0.42857142857142855,0.36509410302902534,0.37237271791800558,0.0072786148889802393,0.77999122035591717,10000,0,0.4161252495631686,0.39268031268843251,0.44809726808011024
Docking-44,500,55,10,row_disjoint_complement_map,0.91347918966767494,6,0.42857142857142855,0.36524371642003789,0.37311859889327492,0.0078748824732370326,0.7843286378054658,200,0,0.41415775155946072,0.3925444667587748,0.44918775808941153
Docking-44,500,56,6,full_source_map_including_calibration_rows,0.95941655941655946,3,0.33333333333333331,0.43214781831379373,0.43613468826358903,0.003986869949795302,0.83645961850905426,10000,0,0.49302754320570502,0.45780395109194238,0.54568422458736376
Docking-44,500,56,6,row_disjoint_complement_map,0.95941655941655946,3,0.33333333333333331,0.43279305608988461,0.43732441283267287,0.0045313567427882617,0.83436477752405258,200,0,0.49283510195361646,0.45824517927494052,0.53984980324223342
Docking-44,500,56,8,full_source_map_including_calibration_rows,0.89930205929906726,5,0.45454545454545453,0.39776751007762828,0.40036791193109217,0.0026004018534638851,0.77999122035591717,10000,0,0.45146929174025086,0.42406608569847343,0.49102562770282659
Docking-44,500,56,8,row_disjoint_complement_map,0.89930205929906726,5,0.45454545454545453,0.39832913135783526,0.4015542655338461,0.0032251341760108354,0.78407353975507466,200,0,0.45222380871265011,0.42495985932715113,0.49136607051452591
Docking-44,500,56,10,full_source_map_including_calibration_rows,0.79862200114951498,9,0.81818181818181823,0.36509410302902534,0.3655108634685113,0.00041676043948596364,0.6460018796746092,10000,0,0.4161252495631686,0.39268031268843251,0.44809726808011024
Docking-44,500,56,10,row_disjoint_complement_map,0.79862200114951498,9,0.81818181818181823,0.36592046748831364,0.36648117498484079,0.00056070749652714635,0.64702727209893629,200,0,0.41448579231721205,0.39292284134791111,0.44945677910543774
Docking-44,500,57,6,full_source_map_including_calibration_rows,0.69872441646139716,4,0.5,0.43214781831379373,0.44233809235673932,0.010190274042945591,0.8013062475385585,10000,0.00040000000000000002,0.49302754320570502,0.45780395109194238,0.54568422458736376
Docking-44,500,57,6,row_disjoint_complement_map,0.69872441646139716,4,0.5,0.43226163012794117,0.44281466347484938,0.010553033346908214,0.7999161222401423,200,0,0.4920024690572411,0.45740567671267035,0.53985796447604251
Docking-44,500,57,8,full_source_map_including_calibration_rows,0.69826669663849716,6,0.59999999999999998,0.39776751007762828,0.40563865608853417,0.0078711460109058828,0.71586601120942073,10000,0,0.45146929174025086,0.42406608569847343,0.49102562770282659
Docking-44,500,57,8,row_disjoint_complement_map,0.69826669663849716,6,0.59999999999999998,0.39781654700540686,0.40617758622976013,0.0083610392243532727,0.72503864826082021,200,0,0.45160283457096206,0.42501300796635416,0.4906635229900701
Docking-44,500,57,10,full_source_map_including_calibration_rows,0.5679950007210498,6,0.42857142857142855,0.36509410302902534,0.37656910255555565,0.011474999526530305,0.71586601120942073,10000,0.0001,0.4161252495631686,0.39268031268843251,0.44809726808011024
Docking-44,500,57,10,row_disjoint_complement_map,0.5679950007210498,6,0.42857142857142855,0.36475781088424153,0.37719737547906235,0.012439564594820818,0.72503864826082021,200,0,0.41372968397122128,0.39210766625381982,0.44942064276772409
Docking-44,500,58,6,full_source_map_including_calibration_rows,0.76571351914722363,4,0.5,0.43214781831379373,0.43424770044265576,0.0020998821288620295,0.8013062475385585,10000,0,0.49302754320570502,0.45780395109194238,0.54568422458736376
Docking-44,500,58,6,row_disjoint_complement_map,0.79499932925382066,4,0.5,0.43318886960534114,0.43555886981729586,0.0023700002119547148,0.80553035699386522,200,0,0.49329354399783271,0.45875266838549073,0.5408857849667319
Docking-44,500,58,8,full_source_map_including_calibration_rows,0.68851205945647187,6,0.59999999999999998,0.39776751007762828,0.40037036825509398,0.0026028581774656945,0.8013062475385585,10000,0,0.45146929174025086,0.42406608569847343,0.49102562770282659
Docking-44,500,58,8,row_disjoint_complement_map,0.79542933075925004,6,0.59999999999999998,0.39887958826880998,0.40160058243274682,0.0027209941639368407,0.80553035699386522,200,0,0.45254085771482266,0.42553474118874074,0.49243962609705211
Docking-44,500,58,10,full_source_map_including_calibration_rows,0.82493128714092823,6,0.42857142857142855,0.36509410302902534,0.3685115874700422,0.0034174844410168603,0.8013062475385585,10000,0,0.4161252495631686,0.39268031268843251,0.44809726808011024
Docking-44,500,58,10,row_disjoint_complement_map,0.80825709233489662,6,0.42857142857142855,0.36581029561434059,0.36977655099952161,0.0039662553851810278,0.80553035699386522,200,0,0.41438951082093611,0.39303729187747938,0.44979493281252342
Docking-44,500,59,6,full_source_map_including_calibration_rows,0.91186225915849883,2,0.20000000000000001,0.43214781831379373,0.44888291740882919,0.016735099095035455,0.81801516333429003,10000,0.0033,0.49302754320570502,0.45780395109194238,0.54568422458736376
Docking-44,500,59,6,row_disjoint_complement_map,0.88164360515569851,2,0.20000000000000001,0.43145860278810066,0.44916506071166123,0.01770645792356057,0.8199206142577512,200,0.0050000000000000001,0.4920456624711404,0.45704893322601198,0.5389534722099234
Docking-44,500,59,8,full_source_map_including_calibration_rows,0.93683156196093709,4,0.33333333333333331,0.39776751007762828,0.40812171563749561,0.010354205559867324,0.73727854012080951,10000,0.0001,0.45146929174025086,0.42406608569847343,0.49102562770282659
Docking-44,500,59,8,row_disjoint_complement_map,0.7428551386298935,4,0.33333333333333331,0.39716757047618595,0.40834381500746059,0.011176244531274637,0.73596948130148421,200,0,0.45127187557687198,0.42444446141519909,0.49047808197002185
Docking-44,500,59,10,full_source_map_including_calibration_rows,0.72281028180466333,7,0.53846153846153844,0.36509410302902534,0.37686436174531573,0.011770258716290394,0.70625206705844845,10000,0.0001,0.4161252495631686,0.39268031268843251,0.44809726808011024
Docking-44,500,59,10,row_disjoint_complement_map,0.65239627154994639,7,0.53846153846153844,0.36479325287936787,0.37707299091557561,0.012279738036207744,0.70714070207830304,200,0,0.4135072059711879,0.39220369519008796,0.44931293190261978
Docking-44,500,60,6,full_source_map_including_calibration_rows,0.64682136898720144,3,0.33333333333333331,0.43214781831379373,0.43840896030396409,0.0062611419901703602,0.8157280261450961,10000,0.0001,0.49302754320570502,0.45780395109194238,0.54568422458736376
Docking-44,500,60,6,row_disjoint_complement_map,0.64682136898720144,3,0.33333333333333331,0.43279689122990539,0.43963162637680075,0.0068347351468953654,0.81180057794908966,200,0,0.49273092321834311,0.45768376900050078,0.54029843774921282
Docking-44,500,60,8,full_source_map_including_calibration_rows,0.68246351227031998,5,0.45454545454545453,0.39776751007762828,0.4047384528232616,0.0069709427456333128,0.77228973156250647,10000,0,0.45146929174025086,0.42406608569847343,0.49102562770282659
Docking-44,500,60,8,row_disjoint_complement_map,0.68246351227031998,5,0.45454545454545453,0.39836845523793224,0.40596903919002653,0.0076005839520942864,0.7759147582807876,200,0,0.45212670092755142,0.42543194431012527,0.49152322246350405
Docking-44,500,60,10,full_source_map_including_calibration_rows,0.83713609118186483,6,0.42857142857142855,0.36509410302902534,0.37133469182096002,0.0062405887919346759,0.71586601120942073,10000,0,0.4161252495631686,0.39268031268843251,0.44809726808011024
Docking-44,500,60,10,row_disjoint_complement_map,0.83713609118186483,6,0.42857142857142855,0.36582691331220762,0.37247615606485263,0.0066492427526450015,0.72028121958512104,200,0,0.41390780352448775,0.39342079244851619,0.44970977762772207
Docking-44,500,61,6,full_source_map_including_calibration_rows,0.84391810139378476,2,0.20000000000000001,0.43214781831379373,0.44532627249865758,0.013178454184863853,0.81011935575628824,10000,0.00059999999999999995,0.49302754320570502,0.45780395109194238,0.54568422458736376
Docking-44,500,61,6,row_disjoint_complement_map,0.83896312048565103,2,0.20000000000000001,0.43120466133686891,0.44586614618447257,0.014661484847603656,0.8144710219749941,200,0,0.49106754440558409,0.45737095667153771,0.53769831281195624
Docking-44,500,61,8,full_source_map_including_calibration_rows,0.55872354564972904,3,0.23076923076923078,0.39776751007762828,0.41180514131851692,0.014037631240888637,0.80278043618439665,10000,0.00089999999999999998,0.45146929174025086,0.42406608569847343,0.49102562770282659
Docking-44,500,61,8,row_disjoint_complement_map,0.54205820377014635,3,0.23076923076923078,0.39700280642908475,0.41223690199189184,0.015234095562807082,0.80429079192414332,200,0,0.45044834725764094,0.42353057334687255,0.49000823300063018
Docking-44,500,61,10,full_source_map_including_calibration_rows,0.60938731691203518,6,0.42857142857142855,0.36509410302902534,0.37729044933229389,0.012196346303268546,0.73727854012080951,10000,0.0001,0.4161252495631686,0.39268031268843251,0.44809726808011024
Docking-44,500,61,10,row_disjoint_complement_map,0.5412750825501651,6,0.42857142857142855,0.36438483463796417,0.37768691107393271,0.013302076435968535,0.73951190165052805,200,0,0.41314487899573693,0.39177298557797929,0.44879998702868679
Docking-44,500,62,6,full_source_map_including_calibration_rows,0.74094907750761607,2,0.20000000000000001,0.43214781831379373,0.44722596306885803,0.015078144755064304,0.80001247747940463,10000,0.0015,0.49302754320570502,0.45780395109194238,0.54568422458736376
Docking-44,500,62,6,row_disjoint_complement_map,0.74094907750761607,2,0.20000000000000001,0.43203038619376744,0.44793666811286831,0.015906281919100873,0.80286256998144967,200,0,0.49209234257286227,0.45764705943329415,0.53913182103185586
Docking-44,500,62,8,full_source_map_including_calibration_rows,0.71148332947017845,4,0.33333333333333331,0.39776751007762828,0.40927529319888123,0.011507783121252946,0.80001247747940463,10000,0.0001,0.45146929174025086,0.42406608569847343,0.49102562770282659
Docking-44,500,62,8,row_disjoint_complement_map,0.71148332947017845,4,0.33333333333333331,0.39770651168441035,0.40991232006525169,0.012205808380841343,0.80230699057179922,200,0,0.45154869021184268,0.42496615098420937,0.49037367625420208
Docking-44,500,62,10,full_source_map_including_calibration_rows,0.72971612438010625,6,0.42857142857142855,0.36509410302902534,0.36736837538163203,0.0022742723526066877,0.71586601120942073,10000,0,0.4161252495631686,0.39268031268843251,0.44809726808011024
Docking-44,500,62,10,row_disjoint_complement_map,0.72971612438010625,6,0.42857142857142855,0.36500218614616936,0.36767942615247279,0.0026772400063034274,0.71703577544828234,200,0,0.41380465129555144,0.39210527754690999,0.44938099234284457
Docking-44,500,63,6,full_source_map_including_calibration_rows,0.75443595837467403,4,0.5,0.43214781831379373,0.43409219866244675,0.0019443803486530187,0.80278043618439665,10000,0,0.49302754320570502,0.45780395109194238,0.54568422458736376
Docking-44,500,63,6,row_disjoint_complement_map,0.72448709424992497,4,0.5,0.43251939705519094,0.43453181673038582,0.0020124196751948875,0.80445378870401485,200,0,0.49259378163061496,0.45805800268144969,0.53977953916260502
Docking-44,500,63,8,full_source_map_including_calibration_rows,0.74149354915964061,5,0.45454545454545453,0.39776751007762828,0.3981201155592578,0.00035260548162951988,0.73727854012080951,10000,0,0.45146929174025086,0.42406608569847343,0.49102562770282659
Docking-44,500,63,8,row_disjoint_complement_map,0.74149354915964061,5,0.45454545454545453,0.39809342529872943,0.39854844067423156,0.00045501537550213245,0.73556964268890035,200,0,0.45180397031509839,0.42529686956730561,0.49109962357048048
Docking-44,500,63,10,full_source_map_including_calibration_rows,0.86319546830138905,9,0.81818181818181823,0.36509410302902534,0.36834070381617495,0.0032466007871496116,0.73727854012080951,10000,0,0.4161252495631686,0.39268031268843251,0.44809726808011024
Docking-44,500,63,10,row_disjoint_complement_map,0.86319546830138905,9,0.81818181818181823,0.36547622869538032,0.36881541562568371,0.0033391869303033839,0.73556964268890035,200,0,0.41383193866328732,0.39294420050847118,0.44961539375758358
Docking-44,500,64,6,full_source_map_including_calibration_rows,0.88998953388800206,5,0.7142857142857143,0.43214781831379373,0.43408964186672866,0.0019418235529349293,0.8013062475385585,10000,0,0.49302754320570502,0.45780395109194238,0.54568422458736376
Docking-44,500,64,6,row_disjoint_complement_map,0.86077439725990745,5,0.7142857142857143,0.43231138775958139,0.43435850367669321,0.0020471159171118192,0.79942529244081217,200,0,0.49206401224258312,0.45740654257266944,0.53883357648925412
Docking-44,500,64,8,full_source_map_including_calibration_rows,0.67283913164824227,6,0.59999999999999998,0.39776751007762828,0.40007221986698754,0.0023047097893592605,0.8013062475385585,10000,0,0.45146929174025086,0.42406608569847343,0.49102562770282659
Docking-44,500,64,8,row_disjoint_complement_map,0.67283913164824227,6,0.59999999999999998,0.39790528880343851,0.40039481630556745,0.0024895275021289409,0.79942529244081217,200,0,0.45153878846022377,0.42473896585197712,0.49033824366714318
Docking-44,500,64,10,full_source_map_including_calibration_rows,0.77219718600571052,8,0.66666666666666663,0.36509410302902534,0.36758362481406998,0.0024895217850446349,0.66754095774761002,10000,0,0.4161252495631686,0.39268031268843251,0.44809726808011024
Docking-44,500,64,10,row_disjoint_complement_map,0.77219718600571052,8,0.66666666666666663,0.3650954080398669,0.36797076862143013,0.0028753605815632355,0.67153892585212316,200,0,0.41350895527186826,0.39160157660356482,0.44893185241162764
Docking-44,500,65,6,full_source_map_including_calibration_rows,0.90682581682469876,2,0.20000000000000001,0.43214781831379373,0.45059191220025929,0.018444093886465562,0.80278043618439665,10000,0.0047999999999999996,0.49302754320570502,0.45780395109194238,0.54568422458736376
Docking-44,500,65,6,row_disjoint_complement_map,0.90682581682469876,2,0.20000000000000001,0.43189557365894815,0.45100190338586438,0.019106329726916227,0.80468753997614029,200,0.0050000000000000001,0.49238069736419193,0.45732788261562479,0.53930260801997232
Docking-44,500,65,8,full_source_map_including_calibration_rows,0.91658859706164375,6,0.59999999999999998,0.39776751007762828,0.40939896227012545,0.011631452192497171,0.74373136588926536,10000,0.0001,0.45146929174025086,0.42406608569847343,0.49102562770282659
Docking-44,500,65,8,row_disjoint_complement_map,0.91658859706164375,6,0.59999999999999998,0.39742343602662999,0.40959618247248136,0.012172746445851368,0.74535534648824009,200,0,0.45159285034118446,0.42499327001777237,0.49143223241216916
Docking-44,500,65,10,full_source_map_including_calibration_rows,0.96167583808784307,6,0.42857142857142855,0.36509410302902534,0.38036083254866676,0.01526672951964142,0.71977076775496396,10000,0.00069999999999999999,0.4161252495631686,0.39268031268843251,0.44809726808011024
Docking-44,500,65,10,row_disjoint_complement_map,0.96167583808784307,6,0.42857142857142855,0.36407489436902196,0.38059359045154212,0.016518696082520157,0.72525827770937079,200,0,0.41383172943315538,0.39222669935594151,0.44960304559253533
Docking-44,500,66,6,full_source_map_including_calibration_rows,0.84232415643238501,4,0.5,0.43214781831379373,0.43524389019453119,0.003096071880737461,0.8013062475385585,10000,0,0.49302754320570502,0.45780395109194238,0.54568422458736376
Docking-44,500,66,6,row_disjoint_complement_map,0.84232415643238501,4,0.5,0.43273331780798246,0.4360174533375506,0.0032841355295681329,0.80341245987668286,200,0,0.49186290280517742,0.45710449244631302,0.53874512442447942
Docking-44,500,66,8,full_source_map_including_calibration_rows,0.88362391938893048,5,0.45454545454545453,0.39776751007762828,0.40347903480310554,0.0057115247254772572,0.78155764060529975,10000,0,0.45146929174025086,0.42406608569847343,0.49102562770282659
Docking-44,500,66,8,row_disjoint_complement_map,0.88362391938893048,5,0.45454545454545453,0.39832879545608346,0.40455989118810343,0.0062310957320199645,0.78676257395204452,200,0,0.45139827695937501,0.42486294368373712,0.4903828448334509
Docking-44,500,66,10,full_source_map_including_calibration_rows,0.78563668307703771,6,0.42857142857142855,0.36509410302902534,0.36845048932816832,0.0033563862991429771,0.70267986218669864,10000,0,0.4161252495631686,0.39268031268843251,0.44809726808011024
Docking-44,500,66,10,row_disjoint_complement_map,0.78563668307703771,6,0.42857142857142855,0.36528704265324075,0.36936021992015461,0.0040731772669138633,0.70346104049766767,200,0,0.41372692379146414,0.39278956341714172,0.44920355409289359
Docking-44,500,67,6,full_source_map_including_calibration_rows,0.78445833049617897,4,0.5,0.43214781831379373,0.43836321263362166,0.0062153943198279271,0.8013062475385585,10000,0.0001,0.49302754320570502,0.45780395109194238,0.54568422458736376
Docking-44,500,67,6,row_disjoint_complement_map,0.78445833049617897,4,0.5,0.43188350479852899,0.438071404625414,0.0061878998268850016,0.80246342588388764,200,0,0.4918218413199098,0.457528504172588,0.53855205653544957
Docking-44,500,67,8,full_source_map_including_calibration_rows,0.5562395578974425,7,0.77777777777777779,0.39776751007762828,0.4030372705963966,0.0052697605187683183,0.71586601120942073,10000,0,0.45146929174025086,0.42406608569847343,0.49102562770282659
Docking-44,500,67,8,row_disjoint_complement_map,0.5562395578974425,7,0.77777777777777779,0.39740217635655095,0.4027380501550496,0.0053358737984986471,0.71546990039964986,200,0,0.45105357006997859,0.42416693623574692,0.49006138839980468
Docking-44,500,67,10,full_source_map_including_calibration_rows,0.64909119813470406,6,0.42857142857142855,0.36509410302902534,0.37347819256175901,0.008384089532733674,0.71586601120942073,10000,0,0.4161252495631686,0.39268031268843251,0.44809726808011024
Docking-44,500,67,10,row_disjoint_complement_map,0.64909119813470406,6,0.42857142857142855,0.36508816695125063,0.37340714946672332,0.0083189825154726948,0.71546990039964986,200,0,0.41318015165336497,0.39220387809827262,0.44868462137188775
Docking-44,500,68,6,full_source_map_including_calibration_rows,0.74526264359200711,1,0.090909090909090912,0.43214781831379373,0.45560226576217283,0.023454447448379101,0.77999122035591717,10000,0.016899999999999998,0.49302754320570502,0.45780395109194238,0.54568422458736376
Docking-44,500,68,6,row_disjoint_complement_map,0.72950569371110041,1,0.090909090909090912,0.43163773360772861,0.45591472364086649,0.02427699003313788,0.78582055163566111,200,0.014999999999999999,0.49233310948366599,0.45750131463203858,0.54005085750712878
Docking-44,500,68,8,full_source_map_including_calibration_rows,0.74812412257346173,3,0.23076923076923078,0.39776751007762828,0.4096246270971729,0.011857117019544616,0.77999122035591717,10000,0.00020000000000000001,0.45146929174025086,0.42406608569847343,0.49102562770282659
Docking-44,500,68,8,row_disjoint_complement_map,0.74162469761271621,3,0.23076923076923078,0.39710579738781521,0.409899307763326,0.012793510375510797,0.78582055163566111,200,0,0.45124661359510826,0.42450520906972544,0.490998040969996
Docking-44,500,68,10,full_source_map_including_calibration_rows,0.8184472607387403,7,0.53846153846153844,0.36509410302902534,0.37594756716861344,0.010853464139588098,0.77999122035591717,10000,0,0.4161252495631686,0.39268031268843251,0.44809726808011024
Docking-44,500,68,10,row_disjoint_complement_map,0.81486891673714157,7,0.53846153846153844,0.36492770854583972,0.37642633537953984,0.011498626833700121,0.78582055163566111,200,0,0.41371608207805172,0.39263715475375521,0.44891516941909426
Docking-44,500,69,6,full_source_map_including_calibration_rows,0.79645940572486862,4,0.5,0.43214781831379373,0.43424770044265576,0.0020998821288620295,0.8013062475385585,10000,0,0.49302754320570502,0.45780395109194238,0.54568422458736376
Docking-44,500,69,6,row_disjoint_complement_map,0.7810006264128333,4,0.5,0.43164326804754261,0.43394274115873244,0.0022994731111898314,0.79762739136916272,200,0,0.49122702579298227,0.45716754420272826,0.53811929391550017
Docking-44,500,69,8,full_source_map_including_calibration_rows,0.85936463646135897,7,0.77777777777777779,0.39776751007762828,0.39842854470215899,0.00066103462453070971,0.71586601120942073,10000,0,0.45146929174025086,0.42406608569847343,0.49102562770282659
Docking-44,500,69,8,row_disjoint_complement_map,0.83069423375206664,7,0.77777777777777779,0.39739575947730832,0.39810067518497694,0.00070491570766861855,0.7213806970465575,200,0,0.45089758453692497,0.42433852340950978,0.48977947722927717
Docking-44,500,69,10,full_source_map_including_calibration_rows,0.55947264357637427,7,0.53846153846153844,0.36509410302902534,0.36736837538163203,0.0022742723526066877,0.71586601120942073,10000,0,0.4161252495631686,0.39268031268843251,0.44809726808011024
Docking-44,500,69,10,row_disjoint_complement_map,0.54046367318796862,7,0.53846153846153844,0.36438311092331116,0.36716864066334803,0.0027855297400368739,0.7213806970465575,200,0,0.41297095984922944,0.39190942065155193,0.448477660473313
Docking-44,500,70,6,full_source_map_including_calibration_rows,1,5,0.7142857142857143,0.43214781831379373,0.43615311870349288,0.0040053003896991513,0.7530352020993426,10000,0,0.49302754320570502,0.45780395109194238,0.54568422458736376
Docking-44,500,70,6,row_disjoint_complement_map,0.9614341390762674,5,0.7142857142857143,0.43250186794590301,0.43667360433751307,0.0041717363916100592,0.75187624897510741,200,0,0.49171894597873522,0.45752355257080807,0.53864920284725448
Docking-44,500,70,8,full_source_map_including_calibration_rows,1,6,0.59999999999999998,0.39776751007762828,0.39879143093858338,0.0010239208609550965,0.71586601120942073,10000,0,0.45146929174025086,0.42406608569847343,0.49102562770282659
Docking-44,500,70,8,row_disjoint_complement_map,1,6,0.59999999999999998,0.39806350916944827,0.39929432893649836,0.0012308197670500842,0.7195170566018998,200,0,0.45131843999805088,0.4246718118178176,0.48956107382559955
Docking-44,500,70,10,full_source_map_including_calibration_rows,0.59664272269811391,7,0.53846153846153844,0.36509410302902534,0.36736837538163203,0.0022742723526066877,0.71586601120942073,10000,0,0.4161252495631686,0.39268031268843251,0.44809726808011024
Docking-44,500,70,10,row_disjoint_complement_map,0.59664272269811391,7,0.53846153846153844,0.36503026003490274,0.36783575599654728,0.002805495961644533,0.7195170566018998,200,0,0.41334775524276612,0.39220612733167354,0.44872512467439984
Docking-44,500,71,6,full_source_map_including_calibration_rows,0.7333952449714688,2,0.20000000000000001,0.43214781831379373,0.44486079886934143,0.012712980555547704,0.80278043618439665,10000,0.00040000000000000002,0.49302754320570502,0.45780395109194238,0.54568422458736376
Docking-44,500,71,6,row_disjoint_complement_map,0.71308250173119969,2,0.20000000000000001,0.43194371013945682,0.44548839052168032,0.013544680382223506,0.80604137317366686,200,0,0.49228764066033726,0.45805831718448703,0.53931618331208664
Docking-44,500,71,8,full_source_map_including_calibration_rows,0.78418682836044906,4,0.33333333333333331,0.39776751007762828,0.41143281305471774,0.013665302977089455,0.78464214215580474,10000,0.00089999999999999998,0.45146929174025086,0.42406608569847343,0.49102562770282659
Docking-44,500,71,8,row_disjoint_complement_map,0.77177661950856291,4,0.33333333333333331,0.39772904071160781,0.41205824435703664,0.014329203645428834,0.78713449006918246,200,0,0.45102640037531555,0.42445798593340561,0.48988999744922079
Docking-44,500,71,10,full_source_map_including_calibration_rows,0.74370003679298924,8,0.66666666666666663,0.36509410302902534,0.37587296390672403,0.010778860877698693,0.71984168127088488,10000,0,0.4161252495631686,0.39268031268843251,0.44809726808011024
Docking-44,500,71,10,row_disjoint_complement_map,0.73900337204945676,8,0.66666666666666663,0.36549968745595418,0.37640483729887841,0.010905149842924233,0.72375124409723801,200,0,0.41346671842228955,0.39241929136079401,0.44914739246054963
Docking-44,500,72,6,full_source_map_including_calibration_rows,0.9509440553714813,5,0.7142857142857143,0.43214781831379373,0.43615311870349288,0.0040053003896991513,0.7530352020993426,10000,0,0.49302754320570502,0.45780395109194238,0.54568422458736376
Docking-44,500,72,6,row_disjoint_complement_map,0.92512513714594513,5,0.7142857142857143,0.43274617199932314,0.43691609246499274,0.0041699204656696076,0.75255822604324174,200,0,0.49277502748272917,0.45851577429836832,0.54031360875529133
Docking-44,500,72,8,full_source_map_including_calibration_rows,0.98652797794348013,7,0.77777777777777779,0.39776751007762828,0.39842854470215899,0.00066103462453070971,0.71586601120942073,10000,0,0.45146929174025086,0.42406608569847343,0.49102562770282659
Docking-44,500,72,8,row_disjoint_complement_map,0.96251323245532105,7,0.77777777777777779,0.39839528713716704,0.39907647300457932,0.00068118586741228171,0.71558116867780308,200,0,0.45236038722116539,0.42536509728035987,0.49119255692768388
Docking-44,500,72,10,full_source_map_including_calibration_rows,0.78902362094343592,6,0.42857142857142855,0.36509410302902534,0.36959990886859129,0.0045058058395659462,0.71586601120942073,10000,0,0.4161252495631686,0.39268031268843251,0.44809726808011024
Docking-44,500,72,10,row_disjoint_complement_map,0.73061863743148003,6,0.42857142857142855,0.36578256413553684,0.37040272210810571,0.0046201579725688724,0.71558116867780308,200,0,0.41423052752375866,0.39302059551792679,0.44894140587813258
Docking-44,500,73,6,full_source_map_including_calibration_rows,0.85859184327964733,4,0.5,0.43214781831379373,0.43412025379430685,0.0019724354805131239,0.8157280261450961,10000,0,0.49302754320570502,0.45780395109194238,0.54568422458736376
Docking-44,500,73,6,row_disjoint_complement_map,0.82773915454066127,4,0.5,0.4323721339726509,0.43409989372791152,0.0017277597552606272,0.81192031918060736,200,0,0.49221842700269625,0.45794480872340998,0.53972643641806717
Docking-44,500,73,8,full_source_map_including_calibration_rows,0.9310925544995251,3,0.23076923076923078,0.39776751007762828,0.40057545049094256,0.0028079404133142805,0.71586601120942073,10000,0,0.45146929174025086,0.42406608569847343,0.49102562770282659
Docking-44,500,73,8,row_disjoint_complement_map,0.90145662251080749,3,0.23076923076923078,0.39778968160571765,0.40082082210680042,0.0030311405010827741,0.71725092398669488,200,0,0.45150657092165059,0.42485316122791084,0.49103993046486905
Docking-44,500,73,10,full_source_map_including_calibration_rows,0.86832295606238585,7,0.53846153846153844,0.36509410302902534,0.37252699145663376,0.0074328884276084195,0.71586601120942073,10000,0,0.4161252495631686,0.39268031268843251,0.44809726808011024
Docking-44,500,73,10,row_disjoint_complement_map,0.80688132754814645,7,0.53846153846153844,0.36514513598324394,0.37288029558931901,0.0077351596060750705,0.71725092398669488,200,0,0.41347523786374113,0.39222855850197641,0.44898247272627462
Docking-44,500,74,6,full_source_map_including_calibration_rows,0.69407233464826157,2,0.20000000000000001,0.43214781831379373,0.45035386015702183,0.018206041843228105,0.81011935575628824,10000,0.0045999999999999999,0.49302754320570502,0.45780395109194238,0.54568422458736376
Docking-44,500,74,6,row_disjoint_complement_map,0.66099907352915466,2,0.20000000000000001,0.43089329678045463,0.45035120149573254,0.019457904715277918,0.80967762418177658,200,0.01,0.49119327636086352,0.45694575800718534,0.53636284078904972
Docking-44,500,74,8,full_source_map_including_calibration_rows,0.72287114025355592,4,0.33333333333333331,0.39776751007762828,0.41737058755956669,0.019603077481938402,0.71984168127088488,10000,0.0044000000000000003,0.45146929174025086,0.42406608569847343,0.49102562770282659
Docking-44,500,74,8,row_disjoint_complement_map,0.69320435129074698,4,0.33333333333333331,0.39678951429839981,0.41761158927019421,0.020822074971794391,0.71826852230696359,200,0.0050000000000000001,0.45044427976976315,0.42339487188973718,0.49038734659326494
Docking-44,500,74,10,full_source_map_including_calibration_rows,0.84069394979541234,4,0.25,0.36509410302902534,0.38871675527249444,0.0236226522434691,0.71984168127088488,10000,0.0086,0.4161252495631686,0.39268031268843251,0.44809726808011024
Docking-44,500,74,10,row_disjoint_complement_map,0.78862116205979527,4,0.25,0.36415749762555866,0.38916490492890909,0.025007407303350437,0.71826852230696359,200,0.025000000000000001,0.41279875551076928,0.391661844262371,0.44884586991731878
Docking-44,500,75,6,full_source_map_including_calibration_rows,0.68017859437952977,2,0.20000000000000001,0.43214781831379373,0.44486079886934143,0.012712980555547704,0.80278043618439665,10000,0.00040000000000000002,0.49302754320570502,0.45780395109194238,0.54568422458736376
Docking-44,500,75,6,row_disjoint_complement_map,0.68017859437952977,2,0.20000000000000001,0.43203320951922036,0.44563530718940814,0.013602097670187774,0.80518848065851745,200,0,0.49254503093435165,0.45818643622528737,0.53985451555580199
Docking-44,500,75,8,full_source_map_including_calibration_rows,0.63197993240257189,5,0.45454545454545453,0.39776751007762828,0.40353435601237986,0.0057668459347515744,0.77999122035591717,10000,0,0.45146929174025086,0.42406608569847343,0.49102562770282659
Docking-44,500,75,8,row_disjoint_complement_map,0.63197993240257189,5,0.45454545454545453,0.39750000292004989,0.40378617135980749,0.0062861684397576001,0.7791116647272085,200,0,0.45199610377942734,0.42518236844730389,0.49101499493190653
Docking-44,500,75,10,full_source_map_including_calibration_rows,0.68505236341002684,9,0.81818181818181823,0.36509410302902534,0.36953760074953124,0.0044434977205058956,0.70267986218669864,10000,0,0.4161252495631686,0.39268031268843251,0.44809726808011024
Docking-44,500,75,10,row_disjoint_complement_map,0.68505236341002684,9,0.81818181818181823,0.36537220212453148,0.36991108833442204,0.0045388862098905691,0.6992863410448511,200,0,0.41408434805335387,0.39293824226963331,0.44863564918703397
Docking-44,500,76,6,full_source_map_including_calibration_rows,0.81152019126915054,4,0.5,0.43214781831379373,0.43779960766033904,0.0056517893465453106,0.81011935575628824,10000,0.0001,0.49302754320570502,0.45780395109194238,0.54568422458736376
Docking-44,500,76,6,row_disjoint_complement_map,0.79168021140274525,4,0.5,0.43124996384945358,0.43790369868918194,0.0066537348397283647,0.81273653784579869,200,0,0.49189974325903435,0.45762721061873257,0.53886131438787888
Docking-44,500,76,8,full_source_map_including_calibration_rows,0.87337189947970617,6,0.59999999999999998,0.39776751007762828,0.39957750667622366,0.0018099965985953759,0.77999122035591717,10000,0,0.45146929174025086,0.42406608569847343,0.49102562770282659
Docking-44,500,76,8,row_disjoint_complement_map,0.85510169873591857,6,0.59999999999999998,0.39715705607093504,0.39919719853666025,0.0020401424657252032,0.78505400591055075,200,0,0.45096235216284658,0.42415867136986607,0.49052390431102921
Docking-44,500,76,10,full_source_map_including_calibration_rows,0.70359049780989225,9,0.81818181818181823,0.36509410302902534,0.36856050410921243,0.003466401080187087,0.77999122035591717,10000,0,0.4161252495631686,0.39268031268843251,0.44809726808011024
Docking-44,500,76,10,row_disjoint_complement_map,0.69274740978921046,9,0.81818181818181823,0.36465933951009755,0.36834361711830943,0.0036842776082118833,0.78505400591055075,200,0,0.41314510348142885,0.39143396671824598,0.44854266911640805
Docking-44,500,77,6,full_source_map_including_calibration_rows,0.73980311035217805,5,0.7142857142857143,0.43214781831379373,0.43560708403583809,0.0034592657220443579,0.76335687371682004,10000,0,0.49302754320570502,0.45780395109194238,0.54568422458736376
Docking-44,500,77,6,row_disjoint_complement_map,0.73980311035217805,5,0.7142857142857143,0.43163973392884269,0.43527701477837794,0.0036372808495352404,0.76133927242172295,200,0,0.49163354277262894,0.45692253234293184,0.53798797687643707
Docking-44,500,77,8,full_source_map_including_calibration_rows,0.76150478392404752,7,0.77777777777777779,0.39776751007762828,0.40114362776728885,0.0033761176896605627,0.73512325265515122,10000,0,0.45146929174025086,0.42406608569847343,0.49102562770282659
Docking-44,500,77,8,row_disjoint_complement_map,0.76150478392404752,7,0.77777777777777779,0.39734507099504623,0.40089743961882401,0.0035523686237777796,0.73455498465732139,200,0,0.45099743164404649,0.42394333562803066,0.49000600342184397
Docking-44,500,77,10,full_source_map_including_calibration_rows,0.8199865759737609,6,0.42857142857142855,0.36509410302902534,0.36618886576133819,0.0010947627323128484,0.69910649235557942,10000,0,0.4161252495631686,0.39268031268843251,0.44809726808011024
Docking-44,500,77,10,row_disjoint_complement_map,0.8199865759737609,6,0.42857142857142855,0.36460480010861984,0.3658726307557823,0.0012678306471624601,0.70145885846709422,200,0,0.41314264682110113,0.3918868735909094,0.44864327175439089
Docking-44,500,78,6,full_source_map_including_calibration_rows,0.84732973876786477,3,0.33333333333333331,0.43214781831379373,0.43724594690917978,0.0050981285953860533,0.77999122035591717,10000,0.0001,0.49302754320570502,0.45780395109194238,0.54568422458736376
Docking-44,500,78,6,row_disjoint_complement_map,0.87835991620635523,3,0.33333333333333331,0.43174393152183738,0.43772358245110732,0.0059796509292699418,0.78038541316903653,200,0,0.49144107889616973,0.4573171891325653,0.5389629712627042
Docking-44,500,78,8,full_source_map_including_calibration_rows,0.89089057550678241,3,0.23076923076923078,0.39776751007762828,0.40580387457645356,0.0080363644988252769,0.7577920351247901,10000,0,0.45146929174025086,0.42406608569847343,0.49102562770282659
Docking-44,500,78,8,row_disjoint_complement_map,0.89089057550678241,3,0.23076923076923078,0.39749245959816631,0.4063055243412389,0.008813064743072585,0.7596613647712922,200,0,0.45120611881587602,0.42449553845177396,0.49095044639131385
Docking-44,500,78,10,full_source_map_including_calibration_rows,0.49835065856682759,8,0.66666666666666663,0.36509410302902534,0.37103459261145777,0.0059404895824324289,0.75104722736956664,10000,0,0.4161252495631686,0.39268031268843251,0.44809726808011024
Docking-44,500,78,10,row_disjoint_complement_map,0.49835065856682759,8,0.66666666666666663,0.36532019087225687,0.37143895029934826,0.0061187594270913914,0.75184966371634887,200,0,0.41353630299206068,0.39228323992388264,0.44842482298052067
Docking-44,500,79,6,full_source_map_including_calibration_rows,0.73922892592208478,4,0.5,0.43214781831379373,0.44268816432971553,0.010540346015921798,0.8013062475385585,10000,0.00040000000000000002,0.49302754320570502,0.45780395109194238,0.54568422458736376
Docking-44,500,79,6,row_disjoint_complement_map,0.73922892592208478,4,0.5,0.43207893328566399,0.44303607649968091,0.010957143214016918,0.80529487012828627,200,0,0.49214504187487085,0.45755507235012705,0.53811487995706797
Docking-44,500,79,8,full_source_map_including_calibration_rows,0.77864872769815741,5,0.45454545454545453,0.39776751007762828,0.40774095196028032,0.0099734418826520344,0.8013062475385585,10000,0,0.45146929174025086,0.42406608569847343,0.49102562770282659
Docking-44,500,79,8,row_disjoint_complement_map,0.77864872769815741,5,0.45454545454545453,0.39758873530764449,0.40807744680779368,0.010488711500149184,0.80529487012828627,200,0,0.45163934261356387,0.42457677810168615,0.49092279790091142
Docking-44,500,79,10,full_source_map_including_calibration_rows,0.80505019931607857,7,0.53846153846153844,0.36509410302902534,0.37620723721582311,0.011113134186797768,0.8013062475385585,10000,0,0.4161252495631686,0.39268031268843251,0.44809726808011024
Docking-44,500,79,10,row_disjoint_complement_map,0.80505019931607857,7,0.53846153846153844,0.36467402100838142,0.37650139783224112,0.011827376823859703,0.80157364957553157,200,0,0.41369457721026115,0.39207042143135273,0.44924989117131969
Docking-44,500,80,6,full_source_map_including_calibration_rows,0.71388192336456824,3,0.33333333333333331,0.43214781831379373,0.4502015076092386,0.018053689295444875,0.76825067110255263,10000,0.0044000000000000003,0.49302754320570502,0.45780395109194238,0.54568422458736376
Docking-44,500,80,6,row_disjoint_complement_map,0.71388192336456824,3,0.33333333333333331,0.43131333031322772,0.45054161700403195,0.01922828669080423,0.77372374689730572,200,0.0050000000000000001,0.49158822220016629,0.45687505323744809,0.53823816780649347
Docking-44,500,80,8,full_source_map_including_calibration_rows,0.70649714077138337,5,0.45454545454545453,0.39776751007762828,0.41571623314402256,0.017948723066394279,0.73727854012080951,10000,0.0028999999999999998,0.45146929174025086,0.42406608569847343,0.49102562770282659
Docking-44,500,80,8,row_disjoint_complement_map,0.70649714077138337,5,0.45454545454545453,0.3970234968878687,0.41592327264358886,0.018899775755720161,0.7363368656328646,200,0.0050000000000000001,0.4504388000556262,0.42418224154370288,0.48972657527714086
Docking-44,500,80,10,full_source_map_including_calibration_rows,0.87031947195624315,8,0.66666666666666663,0.36509410302902534,0.38219329543289238,0.017099192403867036,0.73727854012080951,10000,0.0011000000000000001,0.4161252495631686,0.39268031268843251,0.44809726808011024
Docking-44,500,80,10,row_disjoint_complement_map,0.87031947195624315,8,0.66666666666666663,0.36450865590332987,0.38226649804196489,0.017757842138635016,0.7363368656328646,200,0.0050000000000000001,0.41310033066256491,0.39219017720028054,0.44834205231606938
Docking-44,500,81,6,full_source_map_including_calibration_rows,0.74787693740781946,2,0.20000000000000001,0.43214781831379373,0.44691817937094674,0.014770361057153014,0.8157280261450961,10000,0.0012999999999999999,0.49302754320570502,0.45780395109194238,0.54568422458736376
Docking-44,500,81,6,row_disjoint_complement_map,0.74298134395942761,2,0.20000000000000001,0.43059003973081489,0.44589502651784707,0.015304986787032182,0.81312098604107463,200,0,0.49055629117663324,0.45628893750748939,0.53702589189549466
Docking-44,500,81,8,full_source_map_including_calibration_rows,0.52981508149922896,3,0.23076923076923078,0.39776751007762828,0.4122941139500883,0.01452660387246002,0.80278043618439665,10000,0.0011000000000000001,0.45146929174025086,0.42406608569847343,0.49102562770282659
Docking-44,500,81,8,row_disjoint_complement_map,0.51344511829558437,3,0.23076923076923078,0.39639532089183105,0.41122879224816233,0.014833471356331285,0.79357187249996775,200,0,0.45011225526063936,0.42355236005987795,0.48874807704715939
Docking-44,500,81,10,full_source_map_including_calibration_rows,0.5928284667362439,6,0.42857142857142855,0.36509410302902534,0.38290574813439854,0.017811645105373197,0.76692150192540653,10000,0.0011999999999999999,0.4161252495631686,0.39268031268843251,0.44809726808011024
Docking-44,500,81,10,row_disjoint_complement_map,0.57476997162266752,6,0.42857142857142855,0.36340603167165081,0.38234463405882929,0.018938602387178483,0.76726615147135657,200,0.01,0.41284045672558323,0.39112369602214353,0.44802099736012335
Docking-44,500,82,6,full_source_map_including_calibration_rows,0.81507786538085625,5,0.7142857142857143,0.43214781831379373,0.43324488752832141,0.0010970692145276795,0.8013062475385585,10000,0,0.49302754320570502,0.45780395109194238,0.54568422458736376
Docking-44,500,82,6,row_disjoint_complement_map,0.81507786538085625,5,0.7142857142857143,0.43206945425199877,0.43319341380259346,0.0011239595505946887,0.80082337657777725,200,0,0.49206877310507918,0.45773192886148983,0.539232445549648
Docking-44,500,82,8,full_source_map_including_calibration_rows,0.61312749207647477,7,0.77777777777777779,0.39776751007762828,0.39876369982950366,0.00099618975187537595,0.74373136588926536,10000,0,0.45146929174025086,0.42406608569847343,0.49102562770282659
Docking-44,500,82,8,row_disjoint_complement_map,0.61312749207647477,7,0.77777777777777779,0.39765229251715917,0.39881849857876789,0.0011662060616087211,0.74292161892957687,200,0,0.45132108585410302,0.42448588748733773,0.49033806429080701
Docking-44,500,82,10,full_source_map_including_calibration_rows,0.72613248992176249,8,0.66666666666666663,0.36509410302902534,0.36717885333941563,0.0020847503103902931,0.66754095774761002,10000,0,0.4161252495631686,0.39268031268843251,0.44809726808011024
Docking-44,500,82,10,row_disjoint_complement_map,0.72613248992176249,8,0.66666666666666663,0.36499934864702455,0.367306726243117,0.0023073775960924525,0.66827293194262827,200,0,0.41370806049758185,0.39219808974118869,0.44855680312904256
Docking-44,500,83,6,full_source_map_including_calibration_rows,0.8803506224979103,5,0.7142857142857143,0.43214781831379373,0.43453302349450523,0.0023852051807115027,0.8013062475385585,10000,0,0.49302754320570502,0.45780395109194238,0.54568422458736376
Docking-44,500,83,6,row_disjoint_complement_map,0.86525496154211379,5,0.7142857142857143,0.43191629997878989,0.43432717316805863,0.0024108731892687474,0.79878716799056859,200,0,0.49190397429651067,0.45740408094177676,0.53903997191033937
Docking-44,500,83,8,full_source_map_including_calibration_rows,0.8458440515405119,6,0.59999999999999998,0.39776751007762828,0.39941853228023644,0.0016510222026081545,0.71586601120942073,10000,0,0.45146929174025086,0.42406608569847343,0.49102562770282659
Docking-44,500,83,8,row_disjoint_complement_map,0.8458440515405119,6,0.59999999999999998,0.39750329051199712,0.39930348276519306,0.0018001922531959424,0.71705103055896857,200,0,0.45121070130741647,0.42499754232318415,0.4900022844609529
Docking-44,500,83,10,full_source_map_including_calibration_rows,0.85903540080466045,7,0.53846153846153844,0.36509410302902534,0.3698594542455988,0.0047653512165734546,0.71586601120942073,10000,0,0.4161252495631686,0.39268031268843251,0.44809726808011024
Docking-44,500,83,10,row_disjoint_complement_map,0.85903540080466045,7,0.53846153846153844,0.36454795653594485,0.36979507595067518,0.0052471194147303279,0.71705103055896857,200,0,0.41337326092279469,0.39140911285733582,0.44907271931308984
Docking-44,500,84,6,full_source_map_including_calibration_rows,0.8803506224979103,0,0,0.43214781831379373,0.45317943798961996,0.02103161967582623,0.78255944433077973,10000,0.010200000000000001,0.49302754320570502,0.45780395109194238,0.54568422458736376
Docking-44,500,84,6,row_disjoint_complement_map,0.84913774141040865,0,0,0.43090800340408547,0.45379552405921347,0.022887520655128002,0.78266427896488655,200,0.01,0.49183985136605562,0.45706487949564018,0.54006197812908363
Docking-44,500,84,8,full_source_map_including_calibration_rows,0.86786632989186741,1,0.066666666666666666,0.39776751007762828,0.41929397986542727,0.021526469787798985,0.70625206705844845,10000,0.0083999999999999995,0.45146929174025086,0.42406608569847343,0.49102562770282659
Docking-44,500,84,8,row_disjoint_complement_map,0.84963383831085881,1,0.066666666666666666,0.39652437627390447,0.42003388959622895,0.023509513322324482,0.70936761033897588,200,0.014999999999999999,0.45115611359807589,0.42370703312472169,0.490593628478113
Docking-44,500,84,10,full_source_map_including_calibration_rows,0.58705371286954444,5,0.33333333333333331,0.36509410302902534,0.38734230178779394,0.0222481987587686,0.70625206705844845,10000,0.0054999999999999997,0.4161252495631686,0.39268031268843251,0.44809726808011024
Docking-44,500,84,10,row_disjoint_complement_map,0.57146246935062883,5,0.33333333333333331,0.36422620428927027,0.38803858466091795,0.023812380371647679,0.70936761033897588,200,0.014999999999999999,0.41320080416873983,0.39172365671255477,0.44915619026269527
Docking-44,500,85,6,full_source_map_including_calibration_rows,0.94634552123114157,4,0.5,0.43214781831379373,0.43912902646293861,0.0069812081491448796,0.77633851181124758,10000,0.0001,0.49302754320570502,0.45780395109194238,0.54568422458736376
Docking-44,500,85,6,row_disjoint_complement_map,0.94634552123114157,4,0.5,0.43161662804432499,0.43880463720439539,0.0071880091600703966,0.77843632031461429,200,0,0.49139153030688576,0.45677161191972759,0.53825692009563186
Docking-44,500,85,8,full_source_map_including_calibration_rows,0.78841737989443239,5,0.45454545454545453,0.39776751007762828,0.40565866893115454,0.0078911588535262589,0.77451714740498712,10000,0,0.45146929174025086,0.42406608569847343,0.49102562770282659
Docking-44,500,85,8,row_disjoint_complement_map,0.78841737989443239,5,0.45454545454545453,0.39718376942759176,0.40543434307423937,0.0082505736466476076,0.77843632031461429,200,0,0.45095050621264871,0.42417819629515741,0.48985881564812345
Docking-44,500,85,10,full_source_map_including_calibration_rows,0.82426640063297674,6,0.42857142857142855,0.36509410302902534,0.3743396279687809,0.0092455249397555561,0.77451714740498712,10000,0,0.4161252495631686,0.39268031268843251,0.44809726808011024
Docking-44,500,85,10,row_disjoint_complement_map,0.82426640063297674,6,0.42857142857142855,0.36441365133996551,0.37411455040568581,0.0097008990657203031,0.77843632031461429,200,0,0.41315556597357594,0.39148222157297363,0.44873276475956697
Docking-44,500,86,6,full_source_map_including_calibration_rows,0.74466406444647459,3,0.33333333333333331,0.43214781831379373,0.43504749669517528,0.0028996783813815541,0.8157280261450961,10000,0,0.49302754320570502,0.45780395109194238,0.54568422458736376
Docking-44,500,86,6,row_disjoint_complement_map,0.74466406444647459,3,0.33333333333333331,0.43221002975302353,0.43526838262945994,0.0030583528764364099,0.81777992997801241,200,0,0.49197078611950534,0.45782588020488313,0.53906312216126817
Docking-44,500,86,8,full_source_map_including_calibration_rows,0.81185141854343379,5,0.45454545454545453,0.39776751007762828,0.40023854130075448,0.0024710312231261966,0.77999122035591717,10000,0,0.45146929174025086,0.42406608569847343,0.49102562770282659
Docking-44,500,86,8,row_disjoint_complement_map,0.81185141854343379,5,0.45454545454545453,0.39796587549334511,0.40049189517448069,0.0025260196811355828,0.78010687412374291,200,0,0.45109234823391048,0.42466431575031444,0.49064604181874388
Docking-44,500,86,10,full_source_map_including_calibration_rows,0.74258678512391074,8,0.66666666666666663,0.36509410302902534,0.37056753647260776,0.0054734334435824206,0.70625206705844845,10000,0,0.4161252495631686,0.39268031268843251,0.44809726808011024
Docking-44,500,86,10,row_disjoint_complement_map,0.74258678512391074,8,0.66666666666666663,0.36531000092175686,0.37129494780039013,0.0059849468786332682,0.70704094639783532,200,0,0.41365603753517199,0.39239754933130666,0.44950047576868457
Docking-44,500,87,6,full_source_map_including_calibration_rows,0.74688998118817884,3,0.33333333333333331,0.43214781831379373,0.44043506128731341,0.0082872429735196818,0.73347316855701949,10000,0.0001,0.49302754320570502,0.45780395109194238,0.54568422458736376
Docking-44,500,87,6,row_disjoint_complement_map,0.713669153461989,3,0.33333333333333331,0.43244554182875999,0.44128977069133607,0.0088442288625760757,0.73841995627456591,200,0,0.49269759067351704,0.4584006028839997,0.53982983370148407
Docking-44,500,87,8,full_source_map_including_calibration_rows,0.79964418841070828,4,0.33333333333333331,0.39776751007762828,0.40481507866034322,0.0070475685827149359,0.73347316855701949,10000,0,0.45146929174025086,0.42406608569847343,0.49102562770282659
Docking-44,500,87,8,row_disjoint_complement_map,0.79964418841070828,4,0.33333333333333331,0.3981598854359486,0.40566091966537099,0.0075010342294223875,0.73841995627456591,200,0,0.4520836344310819,0.42535166533874397,0.49073228271994856
Docking-44,500,87,10,full_source_map_including_calibration_rows,0.97445055872522868,3,0.17647058823529413,0.36509410302902534,0.37596331261675658,0.010869209587731243,0.73347316855701949,10000,0,0.4161252495631686,0.39268031268843251,0.44809726808011024
Docking-44,500,87,10,row_disjoint_complement_map,0.97445055872522868,3,0.17647058823529413,0.36524357286100462,0.37682291358595132,0.011579340724946707,0.73841995627456591,200,0,0.41434559378666835,0.39259139574417995,0.44947632258793829
Docking-44,500,88,6,full_source_map_including_calibration_rows,0.58264956392818767,1,0.090909090909090912,0.43214781831379373,0.44579303188347996,0.013645213569686232,0.80424780239832172,10000,0.00089999999999999998,0.49302754320570502,0.45780395109194238,0.54568422458736376
Docking-44,500,88,6,row_disjoint_complement_map,0.58264956392818767,1,0.090909090909090912,0.4308578569782382,0.44594702320897212,0.015089166230733919,0.81233712987186302,200,0,0.49124432621939462,0.45697837519134499,0.53802675214572293
Docking-44,500,88,8,full_source_map_including_calibration_rows,0.59207225949162923,2,0.14285714285714285,0.39776751007762828,0.41233798885777107,0.014570478780142782,0.7577920351247901,10000,0.0011000000000000001,0.45146929174025086,0.42406608569847343,0.49102562770282659
Docking-44,500,88,8,row_disjoint_complement_map,0.59207225949162923,2,0.14285714285714285,0.39669865183390057,0.41259101725966496,0.015892365425764388,0.76432756235724053,200,0,0.45051368126176855,0.42411286369382473,0.48967733837422145
Docking-44,500,88,10,full_source_map_including_calibration_rows,0.60112234650148344,3,0.17647058823529413,0.36509410302902534,0.38076560371219331,0.015671500683167972,0.7577920351247901,10000,0.00089999999999999998,0.4161252495631686,0.39268031268843251,0.44809726808011024
Docking-44,500,88,10,row_disjoint_complement_map,0.60112234650148344,3,0.17647058823529413,0.36447131316794046,0.3811344912361348,0.01666317806819434,0.76432756235724053,200,0.0050000000000000001,0.41316475932714236,0.3918108741432918,0.44862882532275816
Docking-44,500,89,6,full_source_map_including_calibration_rows,0.88658908547499427,3,0.33333333333333331,0.43214781831379373,0.43505885413814094,0.0029110358243472079,0.77999122035591717,10000,0,0.49302754320570502,0.45780395109194238,0.54568422458736376
Docking-44,500,89,6,row_disjoint_complement_map,0.87076430670406324,3,0.33333333333333331,0.43246652082646386,0.43541740631391906,0.0029508854874552015,0.78153972695807861,200,0,0.49193551473153796,0.45715472379626654,0.53888119694221093
Docking-44,500,89,8,full_source_map_including_calibration_rows,0.93126798221395568,4,0.33333333333333331,0.39776751007762828,0.40382032616105018,0.0060528160834218969,0.73727854012080951,10000,0,0.45146929174025086,0.42406608569847343,0.49102562770282659
Docking-44,500,89,8,row_disjoint_complement_map,0.9017001010246789,4,0.33333333333333331,0.39803765517594825,0.40428495642386597,0.0062473012479177248,0.73842730306053039,200,0,0.45140305837609579,0.42479768237210241,0.49007474212401314
Docking-44,500,89,10,full_source_map_including_calibration_rows,0.77435072163243501,7,0.53846153846153844,0.36509410302902534,0.37252699145663376,0.0074328884276084195,0.71586601120942073,10000,0,0.4161252495631686,0.39268031268843251,0.44809726808011024
Docking-44,500,89,10,row_disjoint_complement_map,0.72806082569459252,7,0.53846153846153844,0.36523427650043133,0.37315036458968315,0.007916088089251816,0.71738393669435863,200,0,0.41351263061346089,0.39260990332042828,0.44927946030938143
Docking-44,500,90,6,full_source_map_including_calibration_rows,0.90138405529806109,4,0.5,0.43214781831379373,0.43409219866244675,0.0019443803486530187,0.80278043618439665,10000,0,0.49302754320570502,0.45780395109194238,0.54568422458736376
Docking-44,500,90,6,row_disjoint_complement_map,0.90138405529806109,4,0.5,0.43304064950976695,0.43489187536296375,0.0018512258531968029,0.80442294904235723,200,0,0.49246766609625581,0.45836561858191627,0.53921931631665587
Docking-44,500,90,8,full_source_map_including_calibration_rows,0.70757703150502005,4,0.33333333333333331,0.39776751007762828,0.4002698296397792,0.002502319562150912,0.80278043618439665,10000,0,0.45146929174025086,0.42406608569847343,0.49102562770282659
Docking-44,500,90,8,row_disjoint_complement_map,0.70757703150502005,4,0.33333333333333331,0.39866262416886972,0.40113385352364062,0.0024712293547708986,0.80442294904235723,200,0,0.4519692304670509,0.4255764181123734,0.49135976865494607
Docking-44,500,90,10,full_source_map_including_calibration_rows,0.79294495312443003,8,0.66666666666666663,0.36509410302902534,0.36605482285861796,0.00096071982959261559,0.71586601120942073,10000,0,0.4161252495631686,0.39268031268843251,0.44809726808011024
Docking-44,500,90,10,row_disjoint_complement_map,0.79294495312443003,8,0.66666666666666663,0.36588655721193175,0.36693280112615928,0.0010462439142275293,0.71784897711984774,200,0,0.41425938258588402,0.39322769227870669,0.45006645613715285
Docking-44,500,91,6,full_source_map_including_calibration_rows,0.73469051075623593,4,0.5,0.43214781831379373,0.43438646207064446,0.0022386437568507334,0.8157280261450961,10000,0,0.49302754320570502,0.45780395109194238,0.54568422458736376
Docking-44,500,91,6,row_disjoint_complement_map,0.73469051075623593,4,0.5,0.43296721141736044,0.43514961194230467,0.002182400524944228,0.82353412796429426,200,0,0.49297898797641115,0.45815773816990707,0.5393306558747577
Docking-44,500,91,8,full_source_map_including_calibration_rows,0.82227059911132316,5,0.45454545454545453,0.39776751007762828,0.40321565746805416,0.0054481473904258726,0.8013062475385585,10000,0,0.45146929174025086,0.42406608569847343,0.49102562770282659
Docking-44,500,91,8,row_disjoint_complement_map,0.82227059911132316,5,0.45454545454545453,0.39849521213446232,0.40434331364035975,0.0058481015058974295,0.80506281762685783,200,0,0.45224829617185869,0.42538355539226042,0.49150582207672278
Docking-44,500,91,10,full_source_map_including_calibration_rows,0.6850678673373195,9,0.81818181818181823,0.36509410302902534,0.36788971543082916,0.0027956124018038153,0.66754095774761002,10000,0,0.4161252495631686,0.39268031268843251,0.44809726808011024
Docking-44,500,91,10,row_disjoint_complement_map,0.6850678673373195,9,0.81818181818181823,0.36584022748413503,0.36892071543462157,0.0030804879504865434,0.67096881298974598,200,0,0.4141489767356662,0.39275573968881683,0.4499683813019047
Docking-44,500,92,6,full_source_map_including_calibration_rows,0.79218038913629529,5,0.7142857142857143,0.43214781831379373,0.43552393600345435,0.0033761176896606182,0.7530352020993426,10000,0,0.49302754320570502,0.45780395109194238,0.54568422458736376
Docking-44,500,92,6,row_disjoint_complement_map,0.75626095022158091,5,0.7142857142857143,0.43251263730300327,0.43601036965993001,0.0034977323569267416,0.75319790955726085,200,0,0.4921636663835578,0.45790708844848066,0.53976024695220437
Docking-44,500,92,8,full_source_map_including_calibration_rows,0.80328847046343566,6,0.59999999999999998,0.39776751007762828,0.40150651400371334,0.0037390039260850605,0.73512325265515122,10000,0,0.45146929174025086,0.42406608569847343,0.49102562770282659
Docking-44,500,92,8,row_disjoint_complement_map,0.77372886930211138,6,0.59999999999999998,0.39796939339010429,0.4020052341324572,0.0040358407423529141,0.73506369007204531,200,0,0.45128014709663034,0.42505893881468637,0.49074284447173067
Docking-44,500,92,10,full_source_map_including_calibration_rows,0.85601607262445123,7,0.53846153846153844,0.36509410302902534,0.37254756367497638,0.0074534606459510377,0.73512325265515122,10000,0,0.4161252495631686,0.39268031268843251,0.44809726808011024
Docking-44,500,92,10,row_disjoint_complement_map,0.80764273258018049,7,0.53846153846153844,0.36530488620981338,0.37306156623767511,0.0077566800278617287,0.73506369007204531,200,0,0.41369571583274789,0.39226997462154684,0.44923060948872823
Docking-44,500,93,6,full_source_map_including_calibration_rows,0.85103494711235639,4,0.5,0.43214781831379373,0.4377335358622817,0.0055857175484879673,0.7530352020993426,10000,0.0001,0.49302754320570502,0.45780395109194238,0.54568422458736376
Docking-44,500,93,6,row_disjoint_complement_map,0.85103494711235639,4,0.5,0.43199236754966513,0.43795183157296935,0.0059594640233042173,0.7545462913584351,200,0,0.49141094124066403,0.45729187666968835,0.53868850812811686
Docking-44,500,93,8,full_source_map_including_calibration_rows,0.87082973009876652,4,0.33333333333333331,0.39776751007762828,0.40719170002829386,0.0094241899506655735,0.71994249100850871,10000,0,0.45146929174025086,0.42406608569847343,0.49102562770282659
Docking-44,500,93,8,row_disjoint_complement_map,0.87082973009876652,4,0.33333333333333331,0.39743522540082571,0.40743086760801367,0.0099956422071879603,0.72214503820851184,200,0,0.45058645488440019,0.42455464299742762,0.48992204761711466
Docking-44,500,93,10,full_source_map_including_calibration_rows,0.55334547075309914,9,0.81818181818181823,0.36509410302902534,0.3655108634685113,0.00041676043948596364,0.6460018796746092,10000,0,0.4161252495631686,0.39268031268843251,0.44809726808011024
Docking-44,500,93,10,row_disjoint_complement_map,0.55334547075309914,9,0.81818181818181823,0.36503352092818403,0.36548201952700282,0.00044849859881879173,0.64696676499368555,200,0,0.41295498683852278,0.39238515238130106,0.44861489178880182
Docking-44,500,94,6,full_source_map_including_calibration_rows,0.60515723270440247,0,0,0.43214781831379373,0.45497040978484704,0.022822591471053311,0.81011935575628824,10000,0.0152,0.49302754320570502,0.45780395109194238,0.54568422458736376
Docking-44,500,94,6,row_disjoint_complement_map,0.61137106595731039,0,0,0.43147895546615228,0.45457954201525524,0.023100586549102964,0.80989208228160514,200,0.01,0.49154527555829192,0.45719726224541507,0.53898814744325463
Docking-44,500,94,8,full_source_map_including_calibration_rows,0.60519759261467398,2,0.14285714285714285,0.39776751007762828,0.42026487108379273,0.022497361006164451,0.80278043618439665,10000,0.0097999999999999997,0.45146929174025086,0.42406608569847343,0.49102562770282659
Docking-44,500,94,8,row_disjoint_complement_map,0.60519759261467398,2,0.14285714285714285,0.39722500582089187,0.41977489675547924,0.022549890934587369,0.80144878512368944,200,0.014999999999999999,0.45070272052096455,0.42422720870971398,0.49104637213420937
Docking-44,500,94,10,full_source_map_including_calibration_rows,0.62343217364242343,5,0.33333333333333331,0.36509410302902534,0.38211331302017459,0.017019209991149253,0.70267986218669864,10000,0.0011000000000000001,0.4161252495631686,0.39268031268843251,0.44809726808011024
Docking-44,500,94,10,row_disjoint_complement_map,0.62343217364242343,5,0.33333333333333331,0.36459079715401527,0.38182288547278243,0.017232088318767158,0.70074122223810287,200,0.0050000000000000001,0.41318260829804704,0.39157870423435737,0.4489017779960548
Docking-44,500,95,6,full_source_map_including_calibration_rows,0.87541293062765457,4,0.5,0.43214781831379373,0.43677127160413359,0.0046234532903398629,0.77633851181124758,10000,0.0001,0.49302754320570502,0.45780395109194238,0.54568422458736376
Docking-44,500,95,6,row_disjoint_complement_map,0.86503067484662577,4,0.5,0.43194111705188992,0.43682522228660631,0.0048841052347163849,0.77725996346126425,200,0,0.49229126462065537,0.45773716901346018,0.5393568360252996
Docking-44,500,95,8,full_source_map_including_calibration_rows,0.90850439215329293,4,0.33333333333333331,0.39776751007762828,0.40358901333739355,0.0058215032597652705,0.78464214215580474,10000,0,0.45146929174025086,0.42406608569847343,0.49102562770282659
Docking-44,500,95,8,row_disjoint_complement_map,0.89569893081085361,4,0.33333333333333331,0.39758765133298302,0.40378272115858937,0.0061950698256063585,0.78403634007843515,200,0,0.45123155189802988,0.4247177245787731,0.4903834519497004
Docking-44,500,95,10,full_source_map_including_calibration_rows,0.77489871444047165,5,0.33333333333333331,0.36509410302902534,0.37044588774269555,0.0053517847136702046,0.73813981650816574,10000,0,0.4161252495631686,0.39268031268843251,0.44809726808011024
Docking-44,500,95,10,row_disjoint_complement_map,0.80764660655623122,5,0.33333333333333331,0.36485750347509849,0.37071784920894829,0.0058603457338498033,0.74368445695854302,200,0,0.41353509070369959,0.39211143737167187,0.44900637044604097
Docking-44,500,96,6,full_source_map_including_calibration_rows,0.7732607586324205,2,0.20000000000000001,0.43214781831379373,0.44831175441328208,0.016163936099488352,0.8013062475385585,10000,0.0023999999999999998,0.49302754320570502,0.45780395109194238,0.54568422458736376
Docking-44,500,96,6,row_disjoint_complement_map,0.75863242047967339,2,0.20000000000000001,0.43188851303184489,0.44834122229318396,0.016452709261339071,0.7986195510309182,200,0.0050000000000000001,0.49165490987473354,0.45754939374866715,0.53829067555065857
Docking-44,500,96,8,full_source_map_including_calibration_rows,0.87082973009876652,5,0.45454545454545453,0.39776751007762828,0.40499594591746563,0.0072284358398373438,0.8013062475385585,10000,0,0.45146929174025086,0.42406608569847343,0.49102562770282659
Docking-44,500,96,8,row_disjoint_complement_map,0.84755997580047837,5,0.45454545454545453,0.39755893132216097,0.40492548223199876,0.0073665509098377879,0.7986195510309182,200,0,0.45166211199275863,0.42472134708353215,0.49064602851664374
Docking-44,500,96,10,full_source_map_including_calibration_rows,0.73452281606097081,6,0.42857142857142855,0.36509410302902534,0.37081444342370973,0.0057203403946843867,0.69910649235557942,10000,0,0.4161252495631686,0.39268031268843251,0.44809726808011024
Docking-44,500,96,10,row_disjoint_complement_map,0.66369914302354605,6,0.42857142857142855,0.36445271980261129,0.3709188348157465,0.0064661150131352096,0.70115099711610118,200,0,0.41324537734880279,0.39180448959016934,0.44834493028710254
Docking-44,500,97,6,full_source_map_including_calibration_rows,0.80782773564463706,2,0.20000000000000001,0.43214781831379373,0.4407594562899273,0.0086116379761335682,0.82437501128675983,10000,0.0001,0.49302754320570502,0.45780395109194238,0.54568422458736376
Docking-44,500,97,6,row_disjoint_complement_map,0.78113714337305884,2,0.20000000000000001,0.43193195328582451,0.44113299902575798,0.0092010457399334666,0.82404855938507349,200,0,0.49197302431723255,0.4574557310950752,0.53977684299341167
Docking-44,500,97,8,full_source_map_including_calibration_rows,0.75131590874754495,5,0.45454545454545453,0.39776751007762828,0.40023854130075448,0.0024710312231261966,0.77999122035591717,10000,0,0.45146929174025086,0.42406608569847343,0.49102562770282659
Docking-44,500,97,8,row_disjoint_complement_map,0.73344923713317944,5,0.45454545454545453,0.39751556080273287,0.4004163087833334,0.0029007479806005265,0.77837362366121521,200,0,0.45151025052135096,0.4250366686759221,0.49106876548857098
Docking-44,500,97,10,full_source_map_including_calibration_rows,0.83851033465575042,8,0.66666666666666663,0.36509410302902534,0.36720111847423564,0.0021070154452103029,0.73727854012080951,10000,0,0.4161252495631686,0.39268031268843251,0.44809726808011024
Docking-44,500,97,10,row_disjoint_complement_map,0.81560609541312501,8,0.66666666666666663,0.36520452419273036,0.36742708676885188,0.0022225625761215229,0.74137317753342735,200,0,0.4134833051352067,0.39239206754152978,0.44850371596632072
Docking-44,500,98,6,full_source_map_including_calibration_rows,0.91763976101600842,3,0.33333333333333331,0.43214781831379373,0.43586847998725137,0.003720661673457637,0.83645961850905426,10000,0,0.49302754320570502,0.45780395109194238,0.54568422458736376
Docking-44,500,98,6,row_disjoint_complement_map,0.91763976101600842,3,0.33333333333333331,0.43153990757701577,0.43572855844912833,0.0041886508721125648,0.83502619287315327,200,0,0.49143100891391112,0.45693466037074337,0.53886168695739023
Docking-44,500,98,8,full_source_map_including_calibration_rows,0.87762973764361396,4,0.33333333333333331,0.39776751007762828,0.40633998172170893,0.0085724716440806481,0.8157280261450961,10000,0,0.45146929174025086,0.42406608569847343,0.49102562770282659
Docking-44,500,98,8,row_disjoint_complement_map,0.87762973764361396,4,0.33333333333333331,0.39705988873811277,0.40627276487478026,0.0092128761366674916,0.81801513004002091,200,0,0.45027932977208951,0.42439099815724607,0.48990908051160209
Docking-44,500,98,10,full_source_map_including_calibration_rows,0.7274445947958279,7,0.53846153846153844,0.36509410302902534,0.37525802955700199,0.010163926527976652,0.73727854012080951,10000,0,0.4161252495631686,0.39268031268843251,0.44809726808011024
Docking-44,500,98,10,row_disjoint_complement_map,0.7274445947958279,7,0.53846153846153844,0.36488703977542075,0.37519305135163722,0.010306011576216467,0.7406100398567439,200,0,0.41306250496637248,0.39190632961035704,0.44843733034447264
Docking-44,500,99,6,full_source_map_including_calibration_rows,0.84391810139378476,2,0.20000000000000001,0.43214781831379373,0.4452479181872272,0.013100099873433468,0.79144679703446652,10000,0.00050000000000000001,0.49302754320570502,0.45780395109194238,0.54568422458736376
Docking-44,500,99,6,row_disjoint_complement_map,0.84391810139378476,2,0.20000000000000001,0.43131344738254529,0.44472633570103337,0.013412888318488081,0.79097272634412241,200,0,0.4914272813750048,0.45648438370014832,0.5388719253184252
Docking-44,500,99,8,full_source_map_including_calibration_rows,0.7158831003811944,5,0.45454545454545453,0.39776751007762828,0.41070075636837428,0.012933246290745992,0.73727854012080951,10000,0.00020000000000000001,0.45146929174025086,0.42406608569847343,0.49102562770282659
Docking-44,500,99,8,row_disjoint_complement_map,0.7158831003811944,5,0.45454545454545453,0.39672130229616176,0.41033243234466643,0.013611130048504672,0.7380193122216322,200,0,0.45060609691066555,0.42383530901742483,0.48977596835923465
Docking-44,500,99,10,full_source_map_including_calibration_rows,0.81673233958870961,7,0.53846153846153844,0.36509410302902534,0.37779677035206433,0.012702667323038985,0.71586601120942073,10000,0.0001,0.4161252495631686,0.39268031268843251,0.44809726808011024
Docking-44,500,99,10,row_disjoint_complement_map,0.81673233958870961,7,0.53846153846153844,0.36418918817803037,0.37744532814176657,0.013256139963736202,0.71557005698836451,200,0,0.41289856659064617,0.3916784785178169,0.44833808790931134
DOCKSTRING-58,200,0,6,full_source_map_including_calibration_rows,0.83867566485371259,3,0.33333333333333331,0.56629741220678864,0.57295947549512261,0.0066620632883339637,0.90010195828734063,10000,0.0001,0.62715641132076039,0.59359080196324443,0.6872939310382834
DOCKSTRING-58,200,0,6,row_disjoint_complement_map,0.83867566485371259,3,0.33333333333333331,0.56629537028173771,0.57296071383565594,0.0066653435539182349,0.90016322297005291,200,0,0.62941792813569108,0.59719521208786364,0.67915844640929679
DOCKSTRING-58,200,0,8,full_source_map_including_calibration_rows,0.78972699880957131,3,0.23076923076923078,0.53608801513880355,0.54752274158201331,0.011434726443209753,0.90010195828734063,10000,0.00029999999999999997,0.58865614151348522,0.56186880118375171,0.63708014428473936
DOCKSTRING-58,200,0,8,row_disjoint_complement_map,0.78972699880957131,3,0.23076923076923078,0.53608400242942122,0.5475259552407038,0.011441952811282574,0.90016322297005291,200,0,0.59139026536783723,0.56339294808779894,0.62760910166705253
DOCKSTRING-58,200,0,10,full_source_map_including_calibration_rows,0.66165299405948796,5,0.33333333333333331,0.50753775223979436,0.5165043568246962,0.0089666045849018383,0.80705712516638939,10000,0,0.55504003660467904,0.53305403975039001,0.59361836613889174
DOCKSTRING-58,200,0,10,row_disjoint_complement_map,0.66165299405948796,5,0.33333333333333331,0.50753428002750645,0.51650870779146341,0.0089744277639569603,0.80694971750640643,200,0,0.55386422110561118,0.53464068100138729,0.58763803266030012
DOCKSTRING-58,200,1,6,full_source_map_including_calibration_rows,0.77052202677645354,4,0.5,0.56629741220678864,0.5692391161330439,0.0029417039262552569,0.90981739053470312,10000,0,0.62715641132076039,0.59359080196324443,0.6872939310382834
DOCKSTRING-58,200,1,6,row_disjoint_complement_map,0.77052202677645354,4,0.5,0.56629515377721873,0.56923937715370343,0.0029442233764847003,0.90974998678183017,200,0,0.62941870495206254,0.59718917153480011,0.67915909023043297
DOCKSTRING-58,200,1,8,full_source_map_including_calibration_rows,0.7708135263612792,5,0.45454545454545453,0.53608801513880355,0.53984968630128183,0.003761671162478275,0.88694435278989781,10000,0,0.58865614151348522,0.56186880118375171,0.63708014428473936
DOCKSTRING-58,200,1,8,row_disjoint_complement_map,0.7708135263612792,5,0.45454545454545453,0.53608707740394934,0.53985186482851433,0.0037647874245649859,0.88697102353220381,200,0,0.59139595731454597,0.56338759913084357,0.62763018686369532
DOCKSTRING-58,200,1,10,full_source_map_including_calibration_rows,0.48113160790222337,6,0.42857142857142855,0.50753775223979436,0.51333504698525134,0.0057972947454569823,0.88694435278989781,10000,0,0.55504003660467904,0.53305403975039001,0.59361836613889174
DOCKSTRING-58,200,1,10,row_disjoint_complement_map,0.48113160790222337,6,0.42857142857142855,0.50753758543824279,0.51333776455502833,0.0058001791167855421,0.88697102353220381,200,0,0.55386704611990334,0.53464161578212321,0.58762695889336425
DOCKSTRING-58,200,2,6,full_source_map_including_calibration_rows,0.78508687534778743,2,0.20000000000000001,0.56629741220678864,0.58084797447400482,0.014550562267216183,0.90129684073043859,10000,0.0012999999999999999,0.62715641132076039,0.59359080196324443,0.6872939310382834
DOCKSTRING-58,200,2,6,row_disjoint_complement_map,0.78508687534778743,2,0.20000000000000001,0.56628099770697049,0.58084888969065707,0.014567891983686576,0.90130847813635817,200,0,0.62942010402098691,0.59718429695264608,0.67914492745845445
DOCKSTRING-58,200,2,8,full_source_map_including_calibration_rows,0.76067930592655331,2,0.14285714285714285,0.53608801513880355,0.55692831893015426,0.020840303791350712,0.90129684073043859,10000,0.0076,0.58865614151348522,0.56186880118375171,0.63708014428473936
DOCKSTRING-58,200,2,8,row_disjoint_complement_map,0.76067930592655331,2,0.14285714285714285,0.53607212000972948,0.55693533654986238,0.020863216540132901,0.90130847813635817,200,0.0050000000000000001,0.59138903715192404,0.56336697515351952,0.62757612262670248
DOCKSTRING-58,200,2,10,full_source_map_including_calibration_rows,0.84430278163959627,3,0.17647058823529413,0.50753775223979436,0.5294166867064708,0.021878934466676436,0.85450607627113873,10000,0.0104,0.55504003660467904,0.53305403975039001,0.59361836613889174
DOCKSTRING-58,200,2,10,row_disjoint_complement_map,0.84430278163959627,3,0.17647058823529413,0.50752685258339181,0.52942083389117534,0.021893981307783528,0.85444302404920303,200,0.01,0.55385852375470113,0.53462664708147345,0.58763227530638262
DOCKSTRING-58,200,3,6,full_source_map_including_calibration_rows,0.5667197206962058,1,0.090909090909090912,0.56629741220678864,0.58795142554287305,0.02165401333608441,0.90864271790847106,10000,0.0089999999999999993,0.62715641132076039,0.59359080196324443,0.6872939310382834
DOCKSTRING-58,200,3,6,row_disjoint_complement_map,0.5667197206962058,1,0.090909090909090912,0.56628710604749533,0.58797090289423792,0.021683796846742598,0.90858131411140652,200,0,0.62942415848828415,0.59719396119457757,0.67918237031972972
DOCKSTRING-58,200,3,8,full_source_map_including_calibration_rows,0.40295023750626013,4,0.33333333333333331,0.53608801513880355,0.55419277472338735,0.018104759584583796,0.90864271790847106,10000,0.0023999999999999998,0.58865614151348522,0.56186880118375171,0.63708014428473936
DOCKSTRING-58,200,3,8,row_disjoint_complement_map,0.40295023750626013,4,0.33333333333333331,0.53607785772567107,0.55420910180960092,0.018131244083929854,0.90858131411140652,200,0,0.59139736577771607,0.56337870598449991,0.62761308408485672
DOCKSTRING-58,200,3,10,full_source_map_including_calibration_rows,0.6881462783866743,4,0.25,0.50753775223979436,0.52561574206612083,0.018077989826326468,0.84779317066633098,10000,0.0035000000000000001,0.55504003660467904,0.53305403975039001,0.59361836613889174
DOCKSTRING-58,200,3,10,row_disjoint_complement_map,0.6881462783866743,4,0.25,0.50752828560107444,0.5256335363329474,0.018105250731872968,0.84772806700619563,200,0,0.55386450275032484,0.53463618079576025,0.58761477249087968
DOCKSTRING-58,200,4,6,full_source_map_including_calibration_rows,0.48715335576497304,3,0.33333333333333331,0.56629741220678864,0.57531119164099565,0.0090137794342070032,0.89334600825778687,10000,0.00029999999999999997,0.62715641132076039,0.59359080196324443,0.6872939310382834
DOCKSTRING-58,200,4,6,row_disjoint_complement_map,0.48715335576497304,3,0.33333333333333331,0.5663008819363633,0.57532864843260212,0.0090277664962388204,0.89332327707122072,200,0,0.6294231955004681,0.59720283854834311,0.67917554036982375
DOCKSTRING-58,200,4,8,full_source_map_including_calibration_rows,0.46321817231383355,4,0.33333333333333331,0.53608801513880355,0.54907006352640597,0.012982048387602418,0.84255227707466229,10000,0.00050000000000000001,0.58865614151348522,0.56186880118375171,0.63708014428473936
DOCKSTRING-58,200,4,8,row_disjoint_complement_map,0.46321817231383355,4,0.33333333333333331,0.53609325051725376,0.54910090721758986,0.013007656700336101,0.84259727810195484,200,0,0.59139045399386636,0.56338586083970099,0.6276160766311174
DOCKSTRING-58,200,4,10,full_source_map_including_calibration_rows,0.71621653257586992,4,0.25,0.50753775223979436,0.52236332355968507,0.014825571319890707,0.85450607627113873,10000,0.00069999999999999999,0.55504003660467904,0.53305403975039001,0.59361836613889174
DOCKSTRING-58,200,4,10,row_disjoint_complement_map,0.71621653257586992,4,0.25,0.50754143712262889,0.5223902097550418,0.01484877263241291,0.85438458967584641,200,0,0.55387182692741743,0.53464230702627435,0.58763073198309246
DOCKSTRING-58,200,5,6,full_source_map_including_calibration_rows,0.56457152991435899,4,0.5,0.56629741220678864,0.57307313416745531,0.0067757219606666697,0.91991643054856909,10000,0.0001,0.62715641132076039,0.59359080196324443,0.6872939310382834
DOCKSTRING-58,200,5,6,row_disjoint_complement_map,0.56457152991435899,4,0.5,0.56630872252288667,0.57307773053725775,0.0067690080143710807,0.91982433577862432,200,0,0.62942456114449219,0.59720839434451956,0.6791683758767858
DOCKSTRING-58,200,5,8,full_source_map_including_calibration_rows,0.69368873731540182,5,0.45454545454545453,0.53608801513880355,0.54393323248127701,0.0078452173424734539,0.86970296891965271,10000,0,0.58865614151348522,0.56186880118375171,0.63708014428473936
DOCKSTRING-58,200,5,8,row_disjoint_complement_map,0.69368873731540182,5,0.45454545454545453,0.53609612732025358,0.54394107570628614,0.0078449483860325575,0.86977742696728821,200,0,0.59139536126951997,0.56339014442980584,0.62762626043416669
DOCKSTRING-58,200,5,10,full_source_map_including_calibration_rows,0.75188280543173358,5,0.33333333333333331,0.50753775223979436,0.51812219259704273,0.01058444035724837,0.86970296891965271,10000,0,0.55504003660467904,0.53305403975039001,0.59361836613889174
DOCKSTRING-58,200,5,10,row_disjoint_complement_map,0.75188280543173358,5,0.33333333333333331,0.50754257299447614,0.51813645204377834,0.010593879049302202,0.86977742696728821,200,0,0.55384938647398174,0.53464051787213362,0.58764925556105185
DOCKSTRING-58,200,6,6,full_source_map_including_calibration_rows,0.43750857061595005,3,0.33333333333333331,0.56629741220678864,0.58419663904094987,0.01789922683416123,0.90010195828734063,10000,0.0040000000000000001,0.62715641132076039,0.59359080196324443,0.6872939310382834
DOCKSTRING-58,200,6,6,row_disjoint_complement_map,0.43750857061595005,3,0.33333333333333331,0.56629119567394859,0.58420759774475184,0.01791640207080325,0.90015333819054388,200,0,0.62941672981740715,0.59719253840546072,0.67916389618054374
DOCKSTRING-58,200,6,8,full_source_map_including_calibration_rows,0.49197256574525167,2,0.14285714285714285,0.53608801513880355,0.55992661551191381,0.023838600373110252,0.82453622243243574,10000,0.017500000000000002,0.58865614151348522,0.56186880118375171,0.63708014428473936
DOCKSTRING-58,200,6,8,row_disjoint_complement_map,0.49197256574525167,2,0.14285714285714285,0.53608030077711133,0.5599427354728459,0.023862434695734569,0.82461281894753791,200,0.014999999999999999,0.59138828992804826,0.56338317747052935,0.62761519986239322
DOCKSTRING-58,200,6,10,full_source_map_including_calibration_rows,0.67523181767400287,3,0.17647058823529413,0.50753775223979436,0.533063533347652,0.025525781107857637,0.82453622243243574,10000,0.025100000000000001,0.55504003660467904,0.53305403975039001,0.59361836613889174
DOCKSTRING-58,200,6,10,row_disjoint_complement_map,0.67523181767400287,3,0.17647058823529413,0.5075305619741014,0.53308559744657402,0.02555503547247262,0.82461281894753791,200,0.014999999999999999,0.55386078276388184,0.53463925367094911,0.58763931191404517
DOCKSTRING-58,200,7,6,full_source_map_including_calibration_rows,0.46601741230299948,4,0.5,0.56629741220678864,0.5708040301699111,0.0045066179631224612,0.89334600825778687,10000,0,0.62715641132076039,0.59359080196324443,0.6872939310382834
DOCKSTRING-58,200,7,6,row_disjoint_complement_map,0.46601741230299948,4,0.5,0.56631214376955485,0.57082162436980577,0.0045094806002509147,0.89344112407524379,200,0,0.62942451437522018,0.59721202478773783,0.67918012752707124
DOCKSTRING-58,200,7,8,full_source_map_including_calibration_rows,0.56712387758308647,5,0.45454545454545453,0.53608801513880355,0.54221541976504894,0.0061274046262453918,0.89334600825778687,10000,0,0.58865614151348522,0.56186880118375171,0.63708014428473936
DOCKSTRING-58,200,7,8,row_disjoint_complement_map,0.56712387758308647,5,0.45454545454545453,0.53610177716615259,0.54223196523369221,0.0061301880675396214,0.89344112407524379,200,0,0.59140249041064807,0.56340060278020276,0.62762395679343153
DOCKSTRING-58,200,7,10,full_source_map_including_calibration_rows,0.50621174123887924,7,0.53846153846153844,0.50753775223979436,0.51254076930152648,0.0050030170617321179,0.89334600825778687,10000,0,0.55504003660467904,0.53305403975039001,0.59361836613889174
DOCKSTRING-58,200,7,10,row_disjoint_complement_map,0.50621174123887924,7,0.53846153846153844,0.5075521384546392,0.51255699626806672,0.0050048578134275212,0.89344112407524379,200,0,0.55387539558175014,0.5346528861414569,0.58765700843656454
DOCKSTRING-58,200,8,6,full_source_map_including_calibration_rows,0.44304147725668463,4,0.5,0.56629741220678864,0.57217823688856351,0.0058808246817748655,0.89334600825778687,10000,0.0001,0.62715641132076039,0.59359080196324443,0.6872939310382834
DOCKSTRING-58,200,8,6,row_disjoint_complement_map,0.44304147725668463,4,0.5,0.56630788080279248,0.57218747091415489,0.0058795901113624094,0.89332908387810384,200,0,0.62942273629037016,0.59719804043986247,0.67917390432109981
DOCKSTRING-58,200,8,8,full_source_map_including_calibration_rows,0.43335281056445013,4,0.33333333333333331,0.53608801513880355,0.54896757110131145,0.012879555962507894,0.90010195828734063,10000,0.00050000000000000001,0.58865614151348522,0.56186880118375171,0.63708014428473936
DOCKSTRING-58,200,8,8,row_disjoint_complement_map,0.43335281056445013,4,0.33333333333333331,0.53609746512675882,0.5489840964097713,0.012886631283012484,0.90013316986441727,200,0,0.59140212237687706,0.56338806519322726,0.62761715195721868
DOCKSTRING-58,200,8,10,full_source_map_including_calibration_rows,0.57490642055033292,6,0.42857142857142855,0.50753775223979436,0.51769116109668523,0.010153408856890866,0.87399744265896107,10000,0,0.55504003660467904,0.53305403975039001,0.59361836613889174
DOCKSTRING-58,200,8,10,row_disjoint_complement_map,0.57490642055033292,6,0.42857142857142855,0.50754711909753347,0.51770058754185588,0.010153468444322411,0.87395447348488575,200,0,0.55387232595629943,0.53465059949822624,0.58765001756231516
DOCKSTRING-58,200,9,6,full_source_map_including_calibration_rows,0.64506754430454727,1,0.090909090909090912,0.56629741220678864,0.57794393664529786,0.01164652443850922,0.86970296891965271,10000,0.00059999999999999995,0.62715641132076039,0.59359080196324443,0.6872939310382834
DOCKSTRING-58,200,9,6,row_disjoint_complement_map,0.64506754430454727,1,0.090909090909090912,0.56631020335171744,0.57796989492875284,0.011659691577035391,0.86977316375031022,200,0,0.62942955098836362,0.59720439893335531,0.67916812797824622
DOCKSTRING-58,200,9,8,full_source_map_including_calibration_rows,0.67583468157081927,1,0.066666666666666666,0.53608801513880355,0.55084741265540549,0.014759397516601935,0.89383242711227562,10000,0.00069999999999999999,0.58865614151348522,0.56186880118375171,0.63708014428473936
DOCKSTRING-58,200,9,8,row_disjoint_complement_map,0.67583468157081927,1,0.066666666666666666,0.53609883575197426,0.55087180156093096,0.014772965808956706,0.89388014739304744,200,0,0.591397776973551,0.56339924639982675,0.62761880752135968
DOCKSTRING-58,200,9,10,full_source_map_including_calibration_rows,0.65140079790401328,2,0.1111111111111111,0.50753775223979436,0.52409334241063465,0.016555590170840295,0.87276343827692782,10000,0.0020999999999999999,0.55504003660467904,0.53305403975039001,0.59361836613889174
DOCKSTRING-58,200,9,10,row_disjoint_complement_map,0.65140079790401328,2,0.1111111111111111,0.50754808468975987,0.52411624244795918,0.016568157758199309,0.87270572963468607,200,0,0.55387178657600122,0.53465240522214508,0.58765000098264331
DOCKSTRING-58,200,10,6,full_source_map_including_calibration_rows,0.47059922960782424,1,0.090909090909090912,0.56629741220678864,0.59081668604558413,0.024519273838795486,0.90981739053470312,10000,0.014800000000000001,0.62715641132076039,0.59359080196324443,0.6872939310382834
DOCKSTRING-58,200,10,6,row_disjoint_complement_map,0.47059922960782424,1,0.090909090909090912,0.5662959224642603,0.59084356788897463,0.024547645424714326,0.90995773055360618,200,0.01,0.62942416333847606,0.59720650318050017,0.67917386526095069
DOCKSTRING-58,200,10,8,full_source_map_including_calibration_rows,0.51610555378442924,2,0.14285714285714285,0.53608801513880355,0.56114550072276748,0.025057485583963923,0.90114388780564503,10000,0.021999999999999999,0.58865614151348522,0.56186880118375171,0.63708014428473936
DOCKSTRING-58,200,10,8,row_disjoint_complement_map,0.51610555378442924,2,0.14285714285714285,0.53608837783267294,0.56116997925255607,0.025081601419883137,0.90113211943024552,200,0.02,0.5913954253984357,0.56338697110691027,0.62761716891219244
DOCKSTRING-58,200,10,10,full_source_map_including_calibration_rows,0.59509016815407767,5,0.33333333333333331,0.50753775223979436,0.52184760451644052,0.014309852276646162,0.83054112187199325,10000,0.00059999999999999995,0.55504003660467904,0.53305403975039001,0.59361836613889174
DOCKSTRING-58,200,10,10,row_disjoint_complement_map,0.59509016815407767,5,0.33333333333333331,0.50753448629140174,0.52185842916339553,0.014323942871993789,0.83062415216956698,200,0,0.5538730347445795,0.53463410639588882,0.58761791694950438
DOCKSTRING-58,200,11,6,full_source_map_including_calibration_rows,0.67657070996812418,4,0.5,0.56629741220678864,0.57212898535015,0.0058315731433613571,0.90496036166882332,10000,0.0001,0.62715641132076039,0.59359080196324443,0.6872939310382834
DOCKSTRING-58,200,11,6,row_disjoint_complement_map,0.67657070996812418,4,0.5,0.56629375912072744,0.57212832899568422,0.0058345698749567854,0.90492653520190036,200,0,0.629400275424152,0.59719892005829378,0.67917777267499224
DOCKSTRING-58,200,11,8,full_source_map_including_calibration_rows,0.70061963885228085,4,0.33333333333333331,0.53608801513880355,0.54522040787881787,0.0091323927400143168,0.90496036166882332,10000,0,0.58865614151348522,0.56186880118375171,0.63708014428473936
DOCKSTRING-58,200,11,8,row_disjoint_complement_map,0.70061963885228085,4,0.33333333333333331,0.53608537212118279,0.5452202971793515,0.009134925058168708,0.90492653520190036,200,0,0.59139131515329513,0.56338222204648813,0.62760543901634103
DOCKSTRING-58,200,11,10,full_source_map_including_calibration_rows,0.64476650803647628,6,0.42857142857142855,0.50753775223979436,0.51648941391104164,0.0089516616712472796,0.88694435278989781,10000,0,0.55504003660467904,0.53305403975039001,0.59361836613889174
DOCKSTRING-58,200,11,10,row_disjoint_complement_map,0.64476650803647628,6,0.42857142857142855,0.5075349488514781,0.51648781898154039,0.0089528701300622959,0.88697958744460181,200,0,0.55385028663889768,0.53463892474873675,0.587630867006671
DOCKSTRING-58,200,12,6,full_source_map_including_calibration_rows,0.49048962344761393,1,0.090909090909090912,0.56629741220678864,0.58186081848200777,0.015563406275219127,0.89334600825778687,10000,0.0023,0.62715641132076039,0.59359080196324443,0.6872939310382834
DOCKSTRING-58,200,12,6,row_disjoint_complement_map,0.49048962344761393,1,0.090909090909090912,0.56628940213430501,0.5818795314458074,0.015590129311502388,0.89335647406399421,200,0,0.62941329287443848,0.59718334604381307,0.67917123254970269
DOCKSTRING-58,200,12,8,full_source_map_including_calibration_rows,0.53599162691657598,3,0.23076923076923078,0.53608801513880355,0.54754816511612869,0.01146014997732514,0.89334600825778687,10000,0.00029999999999999997,0.58865614151348522,0.56186880118375171,0.63708014428473936
DOCKSTRING-58,200,12,8,row_disjoint_complement_map,0.53599162691657598,3,0.23076923076923078,0.5360811991423502,0.54755778432125424,0.011476585178904042,0.89335647406399421,200,0,0.59139886642554695,0.56338110140899711,0.62761291568511424
DOCKSTRING-58,200,12,10,full_source_map_including_calibration_rows,0.60968737209961277,6,0.42857142857142855,0.50753775223979436,0.51579956014398076,0.0082618079041864023,0.83680415034695721,10000,0,0.55504003660467904,0.53305403975039001,0.59361836613889174
DOCKSTRING-58,200,12,10,row_disjoint_complement_map,0.60968737209961277,6,0.42857142857142855,0.50753472437591274,0.5158085544725528,0.0082738300966400669,0.8368635518432328,200,0,0.5538823973181124,0.53464652037776772,0.58762084890903743
DOCKSTRING-58,200,13,6,full_source_map_including_calibration_rows,0.71570850075829828,3,0.33333333333333331,0.56629741220678864,0.57797692775184606,0.011679515545057417,0.91991643054856909,10000,0.00059999999999999995,0.62715641132076039,0.59359080196324443,0.6872939310382834
DOCKSTRING-58,200,13,6,row_disjoint_complement_map,0.71570850075829828,3,0.33333333333333331,0.56630767361982881,0.57800346336331787,0.01169578974348906,0.92000026562380344,200,0,0.62943101645698007,0.59720841697029403,0.67918007911960809
DOCKSTRING-58,200,13,8,full_source_map_including_calibration_rows,0.51908048368823845,4,0.33333333333333331,0.53608801513880355,0.54283233753898241,0.0067443224001788593,0.91089310430050541,10000,0,0.58865614151348522,0.56186880118375171,0.63708014428473936
DOCKSTRING-58,200,13,8,row_disjoint_complement_map,0.51908048368823845,4,0.33333333333333331,0.53610048926795484,0.54285674791670813,0.0067562586487532883,0.91085992987491204,200,0,0.59140694815416206,0.56340075294785197,0.6276287538593105
DOCKSTRING-58,200,13,10,full_source_map_including_calibration_rows,0.67279556403423468,6,0.42857142857142855,0.50753775223979436,0.51475228852455368,0.0072145362847593208,0.84255227707466229,10000,0,0.55504003660467904,0.53305403975039001,0.59361836613889174
DOCKSTRING-58,200,13,10,row_disjoint_complement_map,0.67279556403423468,6,0.42857142857142855,0.50754557490713281,0.5147771801274772,0.0072316052203443837,0.84252512852304851,200,0,0.55387856230848875,0.53464922900954293,0.58763384720557532
DOCKSTRING-58,200,14,6,full_source_map_including_calibration_rows,0.45058273861477638,1,0.090909090909090912,0.56629741220678864,0.5917819230987631,0.025484510891974455,0.91963306675108425,10000,0.017899999999999999,0.62715641132076039,0.59359080196324443,0.6872939310382834
DOCKSTRING-58,200,14,6,row_disjoint_complement_map,0.45058273861477638,1,0.090909090909090912,0.5662807665145605,0.59179102671294781,0.025510260198387313,0.91970366547971349,200,0.014999999999999999,0.62940438957793887,0.59718969278654666,0.67915197636565539
DOCKSTRING-58,200,14,8,full_source_map_including_calibration_rows,0.61276429601153293,2,0.14285714285714285,0.53608801513880355,0.55649865169519186,0.020410636556388306,0.90010195828734063,10000,0.0067999999999999996,0.58865614151348522,0.56186880118375171,0.63708014428473936
DOCKSTRING-58,200,14,8,row_disjoint_complement_map,0.61276429601153293,2,0.14285714285714285,0.53607324230002795,0.55650332624578303,0.020430083945755073,0.90006439290675089,200,0.0050000000000000001,0.59138711299358793,0.56337786363568942,0.6276175964538151
DOCKSTRING-58,200,14,10,full_source_map_including_calibration_rows,0.76948700340208542,3,0.17647058823529413,0.50753775223979436,0.53058393257181402,0.023046180332019661,0.87399744265896107,10000,0.0146,0.55504003660467904,0.53305403975039001,0.59361836613889174
DOCKSTRING-58,200,14,10,row_disjoint_complement_map,0.76948700340208542,3,0.17647058823529413,0.50752326349084109,0.53059327081233065,0.023070007321489561,0.87398397607279521,200,0.01,0.55385825205257666,0.5346303231187487,0.58762041890516925
DOCKSTRING-58,200,15,6,full_source_map_including_calibration_rows,0.77793505212146874,4,0.5,0.56629741220678864,0.56945658517382847,0.003159172967039825,0.91991643054856909,10000,0,0.62715641132076039,0.59359080196324443,0.6872939310382834
DOCKSTRING-58,200,15,6,row_disjoint_complement_map,0.77793505212146874,4,0.5,0.56630276392232448,0.56946636968692388,0.0031636057645993976,0.91996444785059783,200,0,0.6294096203915619,0.59719479220727811,0.67916736881797612
DOCKSTRING-58,200,15,8,full_source_map_including_calibration_rows,0.76771731710169522,6,0.59999999999999998,0.53608801513880355,0.53860107828644543,0.0025130631476418808,0.84255227707466229,10000,0,0.58865614151348522,0.56186880118375171,0.63708014428473936
DOCKSTRING-58,200,15,8,row_disjoint_complement_map,0.76771731710169522,6,0.59999999999999998,0.53609229539474579,0.53860948433981382,0.0025171889450680274,0.84247353510478318,200,0,0.59138963997608984,0.56338827660810697,0.62760535089459779
DOCKSTRING-58,200,15,10,full_source_map_including_calibration_rows,0.53657929960172657,7,0.53846153846153844,0.50753775223979436,0.51140709023913911,0.0038693379993447463,0.78284032867517661,10000,0,0.55504003660467904,0.53305403975039001,0.59361836613889174
DOCKSTRING-58,200,15,10,row_disjoint_complement_map,0.53657929960172657,7,0.53846153846153844,0.50753953020221787,0.51141746552109779,0.0038779353188799215,0.78292257495515849,200,0,0.55386049127711035,0.5346388083816398,0.5876157014966974
DOCKSTRING-58,200,16,6,full_source_map_including_calibration_rows,0.69887062687611889,4,0.5,0.56629741220678864,0.5680493928123771,0.0017519806055884546,0.90010195828734063,10000,0,0.62715641132076039,0.59359080196324443,0.6872939310382834
DOCKSTRING-58,200,16,6,row_disjoint_complement_map,0.69887062687611889,4,0.5,0.5662895333623994,0.56804474993730625,0.0017552165749068482,0.89998074239934411,200,0,0.62942461719053755,0.59718914392961531,0.67917364338668018
DOCKSTRING-58,200,16,8,full_source_map_including_calibration_rows,0.69239755889665611,4,0.33333333333333331,0.53608801513880355,0.54259002453760163,0.0065020093987980809,0.90010195828734063,10000,0,0.58865614151348522,0.56186880118375171,0.63708014428473936
DOCKSTRING-58,200,16,8,row_disjoint_complement_map,0.69239755889665611,4,0.33333333333333331,0.53608471213151632,0.54259363125243187,0.0065089191209155572,0.89998074239934411,200,0,0.5913890282801364,0.56338381829538897,0.62758424469927387
DOCKSTRING-58,200,16,10,full_source_map_including_calibration_rows,0.53942207533339337,5,0.33333333333333331,0.50753775223979436,0.52125185437750932,0.013714102137714956,0.90010195828734063,10000,0.00040000000000000002,0.55504003660467904,0.53305403975039001,0.59361836613889174
DOCKSTRING-58,200,16,10,row_disjoint_complement_map,0.53942207533339337,5,0.33333333333333331,0.50753729917173418,0.52125366905163573,0.013716369879901547,0.89998074239934411,200,0,0.5538577382183606,0.53464314013572722,0.58762799840697511
DOCKSTRING-58,200,17,6,full_source_map_including_calibration_rows,0.62800094463249634,3,0.33333333333333331,0.56629741220678864,0.57578335495597033,0.0094859427491816861,0.91991643054856909,10000,0.00029999999999999997,0.62715641132076039,0.59359080196324443,0.6872939310382834
DOCKSTRING-58,200,17,6,row_disjoint_complement_map,0.62800094463249634,3,0.33333333333333331,0.56629084202957758,0.57578633633910281,0.009495494309525232,0.91987458061508021,200,0,0.62940657872316863,0.59718949221866557,0.67916851916966137
DOCKSTRING-58,200,17,8,full_source_map_including_calibration_rows,0.5738079401434415,5,0.45454545454545453,0.53608801513880355,0.5443843829390016,0.0082963678001980457,0.84255227707466229,10000,0,0.58865614151348522,0.56186880118375171,0.63708014428473936
DOCKSTRING-58,200,17,8,row_disjoint_complement_map,0.5738079401434415,5,0.45454545454545453,0.53608254568287783,0.54438867198531726,0.0083061263024394316,0.84262783939881314,200,0,0.59140458347640756,0.56338301247893974,0.62761768442687149
DOCKSTRING-58,200,17,10,full_source_map_including_calibration_rows,0.62383510038905388,5,0.33333333333333331,0.50753775223979436,0.51905322638394491,0.01151547414415055,0.84255227707466229,10000,0.0001,0.55504003660467904,0.53305403975039001,0.59361836613889174
DOCKSTRING-58,200,17,10,row_disjoint_complement_map,0.62383510038905388,5,0.33333333333333331,0.50752731331907686,0.5190578253999798,0.011530512080902944,0.84262783939881314,200,0,0.55386828874897054,0.53464758939383294,0.587628530529825
DOCKSTRING-58,200,18,6,full_source_map_including_calibration_rows,0.54698211277063225,3,0.33333333333333331,0.56629741220678864,0.58307100773285248,0.016773595526063834,0.90496036166882332,10000,0.0030000000000000001,0.62715641132076039,0.59359080196324443,0.6872939310382834
DOCKSTRING-58,200,18,6,row_disjoint_complement_map,0.54698211277063225,3,0.33333333333333331,0.56629329798308936,0.58308038842517729,0.016787090442087926,0.90497526936375972,200,0,0.6293990231990696,0.5971836535188062,0.67917076730390236
DOCKSTRING-58,200,18,8,full_source_map_including_calibration_rows,0.55941895542821141,5,0.45454545454545453,0.53608801513880355,0.54660414488021902,0.01051612974141547,0.88694435278989781,10000,0.00020000000000000001,0.58865614151348522,0.56186880118375171,0.63708014428473936
DOCKSTRING-58,200,18,8,row_disjoint_complement_map,0.55941895542821141,5,0.45454545454545453,0.53608316852579108,0.54660909616199449,0.010525927636203414,0.8870210676133039,200,0,0.59138541933303246,0.56338004000260733,0.62760663223247526
DOCKSTRING-58,200,18,10,full_source_map_including_calibration_rows,0.54148424138262685,6,0.42857142857142855,0.50753775223979436,0.52016290479930627,0.01262515255951191,0.88694435278989781,10000,0.00020000000000000001,0.55504003660467904,0.53305403975039001,0.59361836613889174
DOCKSTRING-58,200,18,10,row_disjoint_complement_map,0.54148424138262685,6,0.42857142857142855,0.50753318810115444,0.52016754420897471,0.012634356107820266,0.8870210676133039,200,0,0.55386333169916424,0.53463811586868726,0.58762776483843748
DOCKSTRING-58,200,19,6,full_source_map_including_calibration_rows,0.95314152683359821,2,0.20000000000000001,0.56629741220678864,0.57991246992618173,0.013615057719393087,0.92389439938589124,10000,0.0011999999999999999,0.62715641132076039,0.59359080196324443,0.6872939310382834
DOCKSTRING-58,200,19,6,row_disjoint_complement_map,0.95314152683359821,2,0.20000000000000001,0.56628392569876174,0.57991124179033704,0.013627316091575303,0.92386037917322372,200,0,0.62940972629475334,0.59718274494541468,0.67913764249909969
DOCKSTRING-58,200,19,8,full_source_map_including_calibration_rows,0.63822930596214777,4,0.33333333333333331,0.53608801513880355,0.55149403245070883,0.015406017311905273,0.90010195828734063,10000,0.00089999999999999998,0.58865614151348522,0.56186880118375171,0.63708014428473936
DOCKSTRING-58,200,19,8,row_disjoint_complement_map,0.63822930596214777,4,0.33333333333333331,0.53607826284245075,0.5514949155138501,0.015416652671399356,0.90013331168134125,200,0,0.5913763409095758,0.56337263090761047,0.6275920715242802
DOCKSTRING-58,200,19,10,full_source_map_including_calibration_rows,0.85872312369510273,4,0.25,0.50753775223979436,0.52878626590294697,0.021248513663152613,0.90010195828734063,10000,0.0086,0.55504003660467904,0.53305403975039001,0.59361836613889174
DOCKSTRING-58,200,19,10,row_disjoint_complement_map,0.85872312369510273,4,0.25,0.50752673004266224,0.5287890909541717,0.021262360911509459,0.90013331168134125,200,0,0.55385780984056465,0.53464221403066881,0.58763096922505054
DOCKSTRING-58,200,20,6,full_source_map_including_calibration_rows,0.55119041648580269,3,0.33333333333333331,0.56629741220678864,0.57192573747205788,0.0056283252652692406,0.88694435278989781,10000,0.0001,0.62715641132076039,0.59359080196324443,0.6872939310382834
DOCKSTRING-58,200,20,6,row_disjoint_complement_map,0.55119041648580269,3,0.33333333333333331,0.56631306200592468,0.57194740589991178,0.0056343438939870927,0.88690257055878652,200,0,0.62943005344838732,0.59720442135788876,0.6791697036391211
DOCKSTRING-58,200,20,8,full_source_map_including_calibration_rows,0.40307965368736293,5,0.45454545454545453,0.53608801513880355,0.54183507406406595,0.0057470589252623938,0.87037946757054308,10000,0,0.58865614151348522,0.56186880118375171,0.63708014428473936
DOCKSTRING-58,200,20,8,row_disjoint_complement_map,0.40307965368736293,5,0.45454545454545453,0.53610343965137264,0.54185786937729452,0.0057544297259218835,0.87044999854329486,200,0,0.59140214295711591,0.56339899414903605,0.62760626451849599
DOCKSTRING-58,200,20,10,full_source_map_including_calibration_rows,0.49391035013942147,7,0.53846153846153844,0.50753775223979436,0.51383533784265978,0.0062975856028654187,0.87037946757054308,10000,0,0.55504003660467904,0.53305403975039001,0.59361836613889174
DOCKSTRING-58,200,20,10,row_disjoint_complement_map,0.49391035013942147,7,0.53846153846153844,0.50755700745590171,0.51385725102386381,0.0063002435679621049,0.87044999854329486,200,0,0.55386676227001219,0.53465265943088636,0.58763933480691333
DOCKSTRING-58,200,21,6,full_source_map_including_calibration_rows,0.5297378930182276,1,0.090909090909090912,0.56629741220678864,0.58352597762837088,0.017228565421582243,0.89334600825778687,10000,0.0033999999999999998,0.62715641132076039,0.59359080196324443,0.6872939310382834
DOCKSTRING-58,200,21,6,row_disjoint_complement_map,0.5297378930182276,1,0.090909090909090912,0.5662953800045657,0.58353903724727807,0.017243657242712374,0.89342934897682547,200,0,0.62942273719403852,0.59719063966517194,0.67916220019800044
DOCKSTRING-58,200,21,8,full_source_map_including_calibration_rows,0.5825882072235975,1,0.066666666666666666,0.53608801513880355,0.55584370285560447,0.019755687716800918,0.89334600825778687,10000,0.0053,0.58865614151348522,0.56186880118375171,0.63708014428473936
DOCKSTRING-58,200,21,8,row_disjoint_complement_map,0.5825882072235975,1,0.066666666666666666,0.53608572296246559,0.55585717053651706,0.019771447574051471,0.89342934897682547,200,0.0050000000000000001,0.59140190222642641,0.56339267977458796,0.62760960256930332
DOCKSTRING-58,200,21,10,full_source_map_including_calibration_rows,0.78563597137568819,3,0.17647058823529413,0.50753775223979436,0.52658407607378044,0.019046323833986079,0.89334600825778687,10000,0.0043,0.55504003660467904,0.53305403975039001,0.59361836613889174
DOCKSTRING-58,200,21,10,row_disjoint_complement_map,0.78563597137568819,3,0.17647058823529413,0.50753470247583565,0.52659740246952558,0.019062699993689924,0.89342934897682547,200,0,0.553871509883472,0.53464060424058657,0.58764113140522511
DOCKSTRING-58,200,22,6,full_source_map_including_calibration_rows,0.45059682256843542,3,0.33333333333333331,0.56629741220678864,0.57344491970348377,0.0071475074966951269,0.91089310430050541,10000,0.0001,0.62715641132076039,0.59359080196324443,0.6872939310382834
DOCKSTRING-58,200,22,6,row_disjoint_complement_map,0.45059682256843542,3,0.33333333333333331,0.5663020675703041,0.57346703393146481,0.0071649663611607073,0.91089961646780782,200,0,0.62942023459759799,0.59720318457596011,0.67918742013222178
DOCKSTRING-58,200,22,8,full_source_map_including_calibration_rows,0.46767450889511558,5,0.45454545454545453,0.53608801513880355,0.54308078848347763,0.0069927733446740747,0.83357233750752746,10000,0,0.58865614151348522,0.56186880118375171,0.63708014428473936
DOCKSTRING-58,200,22,8,row_disjoint_complement_map,0.46767450889511558,5,0.45454545454545453,0.53609252140846808,0.54310301539208439,0.007010493983616306,0.83359249117204137,200,0,0.59140585943918411,0.56339701972556488,0.6276382933730601
DOCKSTRING-58,200,22,10,full_source_map_including_calibration_rows,0.68372248910736233,6,0.42857142857142855,0.50753775223979436,0.51431381042713298,0.0067760581873386183,0.80568874168266769,10000,0,0.55504003660467904,0.53305403975039001,0.59361836613889174
DOCKSTRING-58,200,22,10,row_disjoint_complement_map,0.68372248910736233,6,0.42857142857142855,0.50754280282221853,0.51433635132047684,0.0067935484982583061,0.80567021918621939,200,0,0.55387381821610449,0.53464815636415475,0.5876253889913039
DOCKSTRING-58,200,23,6,full_source_map_including_calibration_rows,0.73446914329683088,2,0.20000000000000001,0.56629741220678864,0.58632297985839399,0.020025567651605347,0.91991643054856909,10000,0.0066,0.62715641132076039,0.59359080196324443,0.6872939310382834
DOCKSTRING-58,200,23,6,row_disjoint_complement_map,0.73446914329683088,2,0.20000000000000001,0.56630256967279324,0.58635122930670103,0.020048659633907784,0.91992727664254037,200,0,0.62941835754289899,0.59719201312627213,0.67914852680427962
DOCKSTRING-58,200,23,8,full_source_map_including_calibration_rows,0.71386375563609183,2,0.14285714285714285,0.53608801513880355,0.55968005096128948,0.023592035822485924,0.89383242711227562,10000,0.016500000000000001,0.58865614151348522,0.56186880118375171,0.63708014428473936
DOCKSTRING-58,200,23,8,row_disjoint_complement_map,0.71386375563609183,2,0.14285714285714285,0.53609618266596892,0.55970868736804935,0.023612504702080428,0.89378971923952233,200,0.014999999999999999,0.59139857307258348,0.56339083169579551,0.6276068791357442
DOCKSTRING-58,200,23,10,full_source_map_including_calibration_rows,0.67612729868166932,5,0.33333333333333331,0.50753775223979436,0.52851423125635388,0.020976479016559524,0.87226395882355068,10000,0.0077000000000000002,0.55504003660467904,0.53305403975039001,0.59361836613889174
DOCKSTRING-58,200,23,10,row_disjoint_complement_map,0.67612729868166932,5,0.33333333333333331,0.50754409168728276,0.5285418547257319,0.020997763038449135,0.87235406031155227,200,0,0.5538712766889069,0.53465598285039462,0.58766157856486145
DOCKSTRING-58,200,24,6,full_source_map_including_calibration_rows,0.78484440558066071,2,0.20000000000000001,0.56629741220678864,0.57760543362221894,0.011308021415430303,0.90178335699167822,10000,0.00059999999999999995,0.62715641132076039,0.59359080196324443,0.6872939310382834
DOCKSTRING-58,200,24,6,row_disjoint_complement_map,0.78484440558066071,2,0.20000000000000001,0.56629303761692029,0.5776125240639558,0.011319486447035509,0.90190108394629631,200,0,0.62942611555038408,0.59719233764830204,0.67915574307126103
DOCKSTRING-58,200,24,8,full_source_map_including_calibration_rows,0.79095795131204549,4,0.33333333333333331,0.53608801513880355,0.54402612001391182,0.007938104875108265,0.90178335699167822,10000,0,0.58865614151348522,0.56186880118375171,0.63708014428473936
DOCKSTRING-58,200,24,8,row_disjoint_complement_map,0.79095795131204549,4,0.33333333333333331,0.53608073304580828,0.54403092385678631,0.0079501908109780306,0.90190108394629631,200,0,0.59139759056119634,0.56338879365600691,0.62761479416590393
DOCKSTRING-58,200,24,10,full_source_map_including_calibration_rows,0.56058805543910306,5,0.33333333333333331,0.50753775223979436,0.51541906892987577,0.007881316690081408,0.90178335699167822,10000,0,0.55504003660467904,0.53305403975039001,0.59361836613889174
DOCKSTRING-58,200,24,10,row_disjoint_complement_map,0.56058805543910306,5,0.33333333333333331,0.50753034316566448,0.51542404831528799,0.0078937051496235089,0.90190108394629631,200,0,0.55386686645858441,0.53464495527591638,0.5876430917929284
DOCKSTRING-58,200,25,6,full_source_map_including_calibration_rows,0.61940691448705631,3,0.33333333333333331,0.56629741220678864,0.57202461044252473,0.0057271982357360862,0.85450607627113873,10000,0.0001,0.62715641132076039,0.59359080196324443,0.6872939310382834
DOCKSTRING-58,200,25,6,row_disjoint_complement_map,0.61940691448705631,3,0.33333333333333331,0.56629789457019175,0.57203078508529837,0.0057328905151066145,0.85455437603916806,200,0,0.62941767061423026,0.59720378177324029,0.67916105431914087
DOCKSTRING-58,200,25,8,full_source_map_including_calibration_rows,0.59404238496280237,3,0.23076923076923078,0.53608801513880355,0.54862928045190695,0.0125412653131034,0.85450607627113873,10000,0.00040000000000000002,0.58865614151348522,0.56186880118375171,0.63708014428473936
DOCKSTRING-58,200,25,8,row_disjoint_complement_map,0.59404238496280237,3,0.23076923076923078,0.53608524152657477,0.54863746706461591,0.01255222553804114,0.85455437603916806,200,0,0.59139025548555824,0.5633929795196031,0.62760509609139192
DOCKSTRING-58,200,25,10,full_source_map_including_calibration_rows,0.65699701195219129,5,0.33333333333333331,0.50753775223979436,0.51801435784562655,0.01047660560583219,0.81867590367029397,10000,0,0.55504003660467904,0.53305403975039001,0.59361836613889174
DOCKSTRING-58,200,25,10,row_disjoint_complement_map,0.65699701195219129,5,0.33333333333333331,0.50753300088814612,0.51801856828872361,0.010485567400577489,0.81869972009098746,200,0,0.55385871792597574,0.5346292524422771,0.58762917624910027
DOCKSTRING-58,200,26,6,full_source_map_including_calibration_rows,0.6536301730766364,4,0.5,0.56629741220678864,0.57104381760343947,0.0047464053966508324,0.90864271790847106,10000,0,0.62715641132076039,0.59359080196324443,0.6872939310382834
DOCKSTRING-58,200,26,6,row_disjoint_complement_map,0.6536301730766364,4,0.5,0.56630422595314645,0.57106217736059495,0.0047579514074485019,0.90862609050923371,200,0,0.62943145401437817,0.59720177455751011,0.67915900500271342
DOCKSTRING-58,200,26,8,full_source_map_including_calibration_rows,0.68558064023532628,4,0.33333333333333331,0.53608801513880355,0.54385829646587736,0.0077702813270738025,0.89383242711227562,10000,0,0.58865614151348522,0.56186880118375171,0.63708014428473936
DOCKSTRING-58,200,26,8,row_disjoint_complement_map,0.68558064023532628,4,0.33333333333333331,0.53608945265363728,0.54387908649826144,0.0077896338446241664,0.89392178732972127,200,0,0.59140880130264684,0.56339786936006087,0.62760405710140577
DOCKSTRING-58,200,26,10,full_source_map_including_calibration_rows,0.61373015242073614,7,0.53846153846153844,0.50753775223979436,0.51455230774322713,0.0070145555034327733,0.88694435278989781,10000,0,0.55504003660467904,0.53305403975039001,0.59361836613889174
DOCKSTRING-58,200,26,10,row_disjoint_complement_map,0.61373015242073614,7,0.53846153846153844,0.50753792891465743,0.5145705396780349,0.007032610763377467,0.8870682270775978,200,0,0.55386969066851299,0.53464799650090056,0.58762771687272164
DOCKSTRING-58,200,27,6,full_source_map_including_calibration_rows,0.70747265851526953,3,0.33333333333333331,0.56629741220678864,0.57326431648706355,0.0069669042802749104,0.90010195828734063,10000,0.0001,0.62715641132076039,0.59359080196324443,0.6872939310382834
DOCKSTRING-58,200,27,6,row_disjoint_complement_map,0.70747265851526953,3,0.33333333333333331,0.56628213960895379,0.57324929481089426,0.006967155201940467,0.90020076751842859,200,0,0.62941207915034614,0.59718206112272465,0.67915102937890393
DOCKSTRING-58,200,27,8,full_source_map_including_calibration_rows,0.61708407116957587,5,0.45454545454545453,0.53608801513880355,0.54100847931290341,0.0049204641740998589,0.88694435278989781,10000,0,0.58865614151348522,0.56186880118375171,0.63708014428473936
DOCKSTRING-58,200,27,8,row_disjoint_complement_map,0.61708407116957587,5,0.45454545454545453,0.53606675808972615,0.54099509988618744,0.0049283417964612886,0.88700825103343639,200,0,0.5913810640663052,0.56337347996421649,0.62758210750246368
DOCKSTRING-58,200,27,10,full_source_map_including_calibration_rows,0.55832753989871942,5,0.33333333333333331,0.50753775223979436,0.51585492322357052,0.0083171709837761565,0.88694435278989781,10000,0,0.55504003660467904,0.53305403975039001,0.59361836613889174
DOCKSTRING-58,200,27,10,row_disjoint_complement_map,0.55832753989871942,5,0.33333333333333331,0.50751520632995273,0.51584347609650327,0.0083282697665505445,0.88700825103343639,200,0,0.55384875269885958,0.53462902889527297,0.5876413588359819
DOCKSTRING-58,200,28,6,full_source_map_including_calibration_rows,0.55876883719930348,2,0.20000000000000001,0.56629741220678864,0.57995325764485617,0.013655845438067526,0.92389439938589124,10000,0.0011999999999999999,0.62715641132076039,0.59359080196324443,0.6872939310382834
DOCKSTRING-58,200,28,6,row_disjoint_complement_map,0.55876883719930348,2,0.20000000000000001,0.56628498555956919,0.57995940832948378,0.013674422769914596,0.92400995496092275,200,0,0.62941584610346824,0.59719061328402401,0.67915098590519829
DOCKSTRING-58,200,28,8,full_source_map_including_calibration_rows,0.56123586558369165,3,0.23076923076923078,0.53608801513880355,0.54964258400093302,0.013554568862129468,0.90864271790847106,10000,0.00050000000000000001,0.58865614151348522,0.56186880118375171,0.63708014428473936
DOCKSTRING-58,200,28,8,row_disjoint_complement_map,0.56123586558369165,3,0.23076923076923078,0.53607649251243017,0.54964987008578559,0.013573377573355416,0.90857221376748387,200,0,0.59138078675458927,0.56338154218705216,0.6276005299072912
DOCKSTRING-58,200,28,10,full_source_map_including_calibration_rows,0.38695791138856411,3,0.17647058823529413,0.50753775223979436,0.52188933189460318,0.014351579654808821,0.88694435278989781,10000,0.00059999999999999995,0.55504003660467904,0.53305403975039001,0.59361836613889174
DOCKSTRING-58,200,28,10,row_disjoint_complement_map,0.38695791138856411,3,0.17647058823529413,0.50752589155679728,0.52190081810108369,0.014374926544286404,0.88698268428146121,200,0,0.55386081992862035,0.53463566657191475,0.58761945509907365
DOCKSTRING-58,200,29,6,full_source_map_including_calibration_rows,0.5159314648312977,2,0.20000000000000001,0.56629741220678864,0.58004602218020029,0.013748609973411652,0.89896435763704741,10000,0.0011999999999999999,0.62715641132076039,0.59359080196324443,0.6872939310382834
DOCKSTRING-58,200,29,6,row_disjoint_complement_map,0.5159314648312977,2,0.20000000000000001,0.56628944601147402,0.58005568203190827,0.013766236020434253,0.8990379200406805,200,0,0.6294152854283207,0.59718958393183452,0.67916130396040397
DOCKSTRING-58,200,29,8,full_source_map_including_calibration_rows,0.6544249791175073,2,0.14285714285714285,0.53608801513880355,0.5490748730253211,0.012986857886517544,0.89896435763704741,10000,0.00050000000000000001,0.58865614151348522,0.56186880118375171,0.63708014428473936
DOCKSTRING-58,200,29,8,row_disjoint_complement_map,0.6544249791175073,2,0.14285714285714285,0.53608335791225858,0.54908715311519218,0.013003795202933599,0.8990379200406805,200,0,0.59139412631528998,0.56338188829732161,0.62762114443343608
DOCKSTRING-58,200,29,10,full_source_map_including_calibration_rows,0.53417829389207139,3,0.17647058823529413,0.50753775223979436,0.52064033442516022,0.013102582185365863,0.89896435763704741,10000,0.00020000000000000001,0.55504003660467904,0.53305403975039001,0.59361836613889174
DOCKSTRING-58,200,29,10,row_disjoint_complement_map,0.53417829389207139,3,0.17647058823529413,0.50753465307053658,0.5206549605310502,0.013120307460513625,0.8990379200406805,200,0,0.55386319406341689,0.53463259676461994,0.58763783118504498
DOCKSTRING-58,200,30,6,full_source_map_including_calibration_rows,0.78357990996344151,3,0.33333333333333331,0.56629741220678864,0.57026649450509226,0.0039690822983036167,0.90010195828734063,10000,0,0.62715641132076039,0.59359080196324443,0.6872939310382834
DOCKSTRING-58,200,30,6,row_disjoint_complement_map,0.78357990996344151,3,0.33333333333333331,0.56630653560560829,0.57028545468661296,0.0039789190810046726,0.90018139482258608,200,0,0.62943015915103118,0.5972030199661732,0.67916058189084327
DOCKSTRING-58,200,30,8,full_source_map_including_calibration_rows,0.59541028415238317,6,0.59999999999999998,0.53608801513880355,0.54031983745967327,0.0042318223208697159,0.84255227707466229,10000,0,0.58865614151348522,0.56186880118375171,0.63708014428473936
DOCKSTRING-58,200,30,8,row_disjoint_complement_map,0.59541028415238317,6,0.59999999999999998,0.53609674067206248,0.54033785568491166,0.0042411150128491837,0.84266175324418835,200,0,0.59140619416416018,0.563398139305887,0.62761390416777274
DOCKSTRING-58,200,30,10,full_source_map_including_calibration_rows,0.60329310857554275,6,0.42857142857142855,0.50753775223979436,0.51459102241245636,0.0070532701726619962,0.84255227707466229,10000,0,0.55504003660467904,0.53305403975039001,0.59361836613889174
DOCKSTRING-58,200,30,10,row_disjoint_complement_map,0.60329310857554275,6,0.42857142857142855,0.50754106579516922,0.51460975356806793,0.0070686877728987074,0.84266175324418835,200,0,0.55387157100142748,0.53465654154731812,0.58763682159902009
DOCKSTRING-58,200,31,6,full_source_map_including_calibration_rows,0.55056669535172575,2,0.20000000000000001,0.56629741220678864,0.57765003640644996,0.011352624199661321,0.87399744265896107,10000,0.00059999999999999995,0.62715641132076039,0.59359080196324443,0.6872939310382834
DOCKSTRING-58,200,31,6,row_disjoint_complement_map,0.55056669535172575,2,0.20000000000000001,0.56629661126482422,0.57766169456883465,0.011365083304010426,0.87398895365581164,200,0,0.62942840788700438,0.59719939750767692,0.67916774290621096
DOCKSTRING-58,200,31,8,full_source_map_including_calibration_rows,0.54871730138647112,3,0.23076923076923078,0.53608801513880355,0.55159548867900676,0.015507473540203209,0.87399744265896107,10000,0.00089999999999999998,0.58865614151348522,0.56186880118375171,0.63708014428473936
DOCKSTRING-58,200,31,8,row_disjoint_complement_map,0.54871730138647112,3,0.23076923076923078,0.53608645692841628,0.55160711579244404,0.015520658864027759,0.87398895365581164,200,0,0.59139795120817085,0.56339219583884259,0.6276212508950364
DOCKSTRING-58,200,31,10,full_source_map_including_calibration_rows,0.62973579898266452,4,0.25,0.50753775223979436,0.51932748597804379,0.01178973373824943,0.85450607627113873,10000,0.0001,0.55504003660467904,0.53305403975039001,0.59361836613889174
DOCKSTRING-58,200,31,10,row_disjoint_complement_map,0.62973579898266452,4,0.25,0.5075347672409396,0.51933985799669391,0.011805090755754311,0.85450873035577279,200,0,0.55386641904314859,0.53465059498581335,0.58763626566520544
DOCKSTRING-58,200,32,6,full_source_map_including_calibration_rows,0.78055305555733578,2,0.20000000000000001,0.56629741220678864,0.57756638217001433,0.011268969963225683,0.88694435278989781,10000,0.00059999999999999995,0.62715641132076039,0.59359080196324443,0.6872939310382834
DOCKSTRING-58,200,32,6,row_disjoint_complement_map,0.78055305555733578,2,0.20000000000000001,0.56627940503557705,0.57755943897712414,0.011280033941547085,0.88686029552701118,200,0,0.62941177002059412,0.59719288496627099,0.67916063042552177
DOCKSTRING-58,200,32,8,full_source_map_including_calibration_rows,0.79210662109450858,2,0.14285714285714285,0.53608801513880355,0.55054150445086925,0.014453489312065693,0.88694435278989781,10000,0.00069999999999999999,0.58865614151348522,0.56186880118375171,0.63708014428473936
DOCKSTRING-58,200,32,8,row_disjoint_complement_map,0.79210662109450858,2,0.14285714285714285,0.53606734188582583,0.55053671907861734,0.01446937719279151,0.88686029552701118,200,0,0.59138848737285454,0.56337484055011555,0.62762183400673055
DOCKSTRING-58,200,32,10,full_source_map_including_calibration_rows,0.75255392059683857,4,0.25,0.50753775223979436,0.5222744433470492,0.01473669110725484,0.88694435278989781,10000,0.00059999999999999995,0.55504003660467904,0.53305403975039001,0.59361836613889174
DOCKSTRING-58,200,32,10,row_disjoint_complement_map,0.75255392059683857,4,0.25,0.50751816221452239,0.52227209709922828,0.014753934884705888,0.88686029552701118,200,0,0.55385639998302838,0.53463071037111698,0.58761857292542818
DOCKSTRING-58,200,33,6,full_source_map_including_calibration_rows,0.60459518206477803,1,0.090909090909090912,0.56629741220678864,0.57931228543450553,0.013014873227716883,0.90129684073043859,10000,0.0011000000000000001,0.62715641132076039,0.59359080196324443,0.6872939310382834
DOCKSTRING-58,200,33,6,row_disjoint_complement_map,0.60459518206477803,1,0.090909090909090912,0.56629446081899015,0.57933813307024606,0.013043672251255911,0.90141511302094335,200,0,0.62942313031550912,0.59719345068533758,0.67917689546496585
DOCKSTRING-58,200,33,8,full_source_map_including_calibration_rows,0.55670450713723729,1,0.066666666666666666,0.53608801513880355,0.55111491140971092,0.015026896270907364,0.90129684073043859,10000,0.00089999999999999998,0.58865614151348522,0.56186880118375171,0.63708014428473936
DOCKSTRING-58,200,33,8,row_disjoint_complement_map,0.55670450713723729,1,0.066666666666666666,0.53608282017694076,0.55113679182830677,0.015053971651366016,0.90141511302094335,200,0,0.59139760185893053,0.5633975616645549,0.62760192483394972
DOCKSTRING-58,200,33,10,full_source_map_including_calibration_rows,0.71458118275763116,2,0.1111111111111111,0.50753775223979436,0.52347292966179138,0.015935177421997015,0.87399744265896107,10000,0.0016999999999999999,0.55504003660467904,0.53305403975039001,0.59361836613889174
DOCKSTRING-58,200,33,10,row_disjoint_complement_map,0.71458118275763116,2,0.1111111111111111,0.50753138623497707,0.52349242076265712,0.015961034527680051,0.87390356905034872,200,0,0.55386869452808019,0.53463634455286591,0.58764139689938599
DOCKSTRING-58,200,34,6,full_source_map_including_calibration_rows,0.64488796536471649,3,0.33333333333333331,0.56629741220678864,0.57294383173300745,0.0066464195262188053,0.90178335699167822,10000,0.0001,0.62715641132076039,0.59359080196324443,0.6872939310382834
DOCKSTRING-58,200,34,6,row_disjoint_complement_map,0.64488796536471649,3,0.33333333333333331,0.56629032595099016,0.57295048998082532,0.0066601640298351583,0.90193095043441485,200,0,0.62942628610598406,0.59719737603385747,0.67917615497003614
DOCKSTRING-58,200,34,8,full_source_map_including_calibration_rows,0.60022702405401773,2,0.14285714285714285,0.53608801513880355,0.54745764538113761,0.011369630242334061,0.90178335699167822,10000,0.00029999999999999997,0.58865614151348522,0.56186880118375171,0.63708014428473936
DOCKSTRING-58,200,34,8,row_disjoint_complement_map,0.60022702405401773,2,0.14285714285714285,0.53608290018899418,0.54746947248135214,0.011386572292357955,0.90193095043441485,200,0,0.59140437606244278,0.56338683360051012,0.62762890966766516
DOCKSTRING-58,200,34,10,full_source_map_including_calibration_rows,0.57725195423259534,3,0.17647058823529413,0.50753775223979436,0.52150025616276074,0.013962503922966385,0.90178335699167822,10000,0.00050000000000000001,0.55504003660467904,0.53305403975039001,0.59361836613889174
DOCKSTRING-58,200,34,10,row_disjoint_complement_map,0.57725195423259534,3,0.17647058823529413,0.50753846158098503,0.52151530471369423,0.013976843132709194,0.90193095043441485,200,0,0.55386877571254189,0.53464005661587599,0.58764053297290453
DOCKSTRING-58,200,35,6,full_source_map_including_calibration_rows,0.66532826481434881,2,0.20000000000000001,0.56629741220678864,0.5803835285840071,0.014086116377218461,0.88694435278989781,10000,0.0011999999999999999,0.62715641132076039,0.59359080196324443,0.6872939310382834
DOCKSTRING-58,200,35,6,row_disjoint_complement_map,0.66532826481434881,2,0.20000000000000001,0.56629693781196366,0.58039787166420809,0.014100933852244424,0.88698971286965189,200,0,0.62940287276517881,0.59719621674358825,0.67918273902630821
DOCKSTRING-58,200,35,8,full_source_map_including_calibration_rows,0.59244832831280381,4,0.33333333333333331,0.53608801513880355,0.5433130727537655,0.0072250576149619494,0.88694435278989781,10000,0,0.58865614151348522,0.56186880118375171,0.63708014428473936
DOCKSTRING-58,200,35,8,row_disjoint_complement_map,0.59244832831280381,4,0.33333333333333331,0.53608743434204242,0.54332109838280973,0.007233664040767307,0.88698971286965189,200,0,0.59139425934339851,0.56338510732427627,0.62762682529918856
DOCKSTRING-58,200,35,10,full_source_map_including_calibration_rows,0.75202712664012972,7,0.53846153846153844,0.50753775223979436,0.51021467322770542,0.0026769209879110578,0.90010195828734063,10000,0,0.55504003660467904,0.53305403975039001,0.59361836613889174
DOCKSTRING-58,200,35,10,row_disjoint_complement_map,0.75202712664012972,7,0.53846153846153844,0.50753839397683576,0.51021894111709565,0.0026805471402598924,0.90008171133058323,200,0,0.55386258170737945,0.53463755583188832,0.58763168891972273
DOCKSTRING-58,200,36,6,full_source_map_including_calibration_rows,0.66124630588008382,2,0.20000000000000001,0.56629741220678864,0.57282135739699913,0.0065239451902104895,0.90010195828734063,10000,0.0001,0.62715641132076039,0.59359080196324443,0.6872939310382834
DOCKSTRING-58,200,36,6,row_disjoint_complement_map,0.66124630588008382,2,0.20000000000000001,0.56629531621807816,0.57282499211508398,0.0065296758970058155,0.90014201018606177,200,0,0.62941435731498818,0.59719313938031449,0.67915576149551349
DOCKSTRING-58,200,36,8,full_source_map_including_calibration_rows,0.64918881062215306,1,0.066666666666666666,0.53608801513880355,0.54829713012821879,0.012209114989415237,0.90178335699167822,10000,0.00040000000000000002,0.58865614151348522,0.56186880118375171,0.63708014428473936
DOCKSTRING-58,200,36,8,row_disjoint_complement_map,0.64918881062215306,1,0.066666666666666666,0.5360838334668272,0.54830213041076292,0.012218296943935725,0.90180943449567086,200,0,0.59139045088636166,0.56338757176720633,0.62761480816210724
DOCKSTRING-58,200,36,10,full_source_map_including_calibration_rows,0.70875046050840129,4,0.25,0.50753775223979436,0.51512566460051989,0.007587912360725535,0.88694435278989781,10000,0,0.55504003660467904,0.53305403975039001,0.59361836613889174
DOCKSTRING-58,200,36,10,row_disjoint_complement_map,0.70875046050840129,4,0.25,0.50753034538376907,0.51512578247509822,0.0075954370913291491,0.88692551449160573,200,0,0.55386417275777899,0.53464954198984382,0.58764934835593463
DOCKSTRING-58,200,37,6,full_source_map_including_calibration_rows,0.57844784612636857,2,0.20000000000000001,0.56629741220678864,0.57955109760618451,0.013253685399395865,0.88694435278989781,10000,0.0011999999999999999,0.62715641132076039,0.59359080196324443,0.6872939310382834
DOCKSTRING-58,200,37,6,row_disjoint_complement_map,0.57844784612636857,2,0.20000000000000001,0.56630207413639777,0.57957965020172642,0.013277576065328645,0.88696635931730705,200,0,0.6294281483225117,0.59719543530524066,0.67916042859100334
DOCKSTRING-58,200,37,8,full_source_map_including_calibration_rows,0.60042217183957469,3,0.23076923076923078,0.53608801513880355,0.5498803014995024,0.013792286360698847,0.87399744265896107,10000,0.00059999999999999995,0.58865614151348522,0.56186880118375171,0.63708014428473936
DOCKSTRING-58,200,37,8,row_disjoint_complement_map,0.60042217183957469,3,0.23076923076923078,0.53608990921978483,0.54990903608226038,0.01381912686247555,0.87411270286998799,200,0,0.59140013539123681,0.56338605042140522,0.62760981064391863
DOCKSTRING-58,200,37,10,full_source_map_including_calibration_rows,0.66309699263798916,4,0.25,0.50753775223979436,0.5228563346821552,0.01531858244236084,0.87037946757054308,10000,0.0015,0.55504003660467904,0.53305403975039001,0.59361836613889174
DOCKSTRING-58,200,37,10,row_disjoint_complement_map,0.66309699263798916,4,0.25,0.50754258948649034,0.52288390161219622,0.015341312125705886,0.87035545987262886,200,0,0.55386755649594277,0.53464760056973459,0.58760600433571231
DOCKSTRING-58,200,38,6,full_source_map_including_calibration_rows,0.44657033525615397,3,0.33333333333333331,0.56629741220678864,0.57406538129013496,0.0077679690833463155,0.91991643054856909,10000,0.00020000000000000001,0.62715641132076039,0.59359080196324443,0.6872939310382834
DOCKSTRING-58,200,38,6,row_disjoint_complement_map,0.44657033525615397,3,0.33333333333333331,0.56628513492597687,0.57406276641378906,0.0077776314878121866,0.9199181833399156,200,0,0.62941768514119223,0.59718377566268921,0.67917485302875946
DOCKSTRING-58,200,38,8,full_source_map_including_calibration_rows,0.48338021353174243,4,0.33333333333333331,0.53608801513880355,0.54568127807734879,0.0095932629385452328,0.90114388780564503,10000,0,0.58865614151348522,0.56186880118375171,0.63708014428473936
DOCKSTRING-58,200,38,8,row_disjoint_complement_map,0.48338021353174243,4,0.33333333333333331,0.53607719770704887,0.54568072755077357,0.0096035298437247008,0.9012338816328489,200,0,0.59137391785461502,0.56338527721784371,0.62761033060830285
DOCKSTRING-58,200,38,10,full_source_map_including_calibration_rows,0.69281795632115184,5,0.33333333333333331,0.50753775223979436,0.5181183611069532,0.010580608867158836,0.88694435278989781,10000,0,0.55504003660467904,0.53305403975039001,0.59361836613889174
DOCKSTRING-58,200,38,10,row_disjoint_complement_map,0.69281795632115184,5,0.33333333333333331,0.50752665236171213,0.51811877881179302,0.010592126450080896,0.88697032586946623,200,0,0.55385039478226772,0.53463207045959926,0.58759575181463297
DOCKSTRING-58,200,39,6,full_source_map_including_calibration_rows,0.80109500030082426,4,0.5,0.56629741220678864,0.57022742417850469,0.003930011971716052,0.90010195828734063,10000,0,0.62715641132076039,0.59359080196324443,0.6872939310382834
DOCKSTRING-58,200,39,6,row_disjoint_complement_map,0.80109500030082426,4,0.5,0.56630441513091168,0.57024375433785368,0.0039393392069420052,0.90005325693070115,200,0,0.62941466524101863,0.5972066327522656,0.67917671712440841
DOCKSTRING-58,200,39,8,full_source_map_including_calibration_rows,0.87545757255005729,5,0.45454545454545453,0.53608801513880355,0.54051064755422917,0.0044226324154256202,0.87037946757054308,10000,0,0.58865614151348522,0.56186880118375171,0.63708014428473936
DOCKSTRING-58,200,39,8,row_disjoint_complement_map,0.87545757255005729,5,0.45454545454545453,0.53609924300577838,0.54052811644211218,0.0044288734363338023,0.87033858271904552,200,0,0.59139849407041001,0.56340011808104418,0.62761543271005915
DOCKSTRING-58,200,39,10,full_source_map_including_calibration_rows,0.58572663528959756,7,0.53846153846153844,0.50753775223979436,0.51097734161207042,0.003439589372276064,0.80219180584248329,10000,0,0.55504003660467904,0.53305403975039001,0.59361836613889174
DOCKSTRING-58,200,39,10,row_disjoint_complement_map,0.58572663528959756,7,0.53846153846153844,0.50754700425925603,0.51099502781689232,0.0034480235576362928,0.8022160324357861,200,0,0.55386766174285595,0.53466026872449246,0.58764707848346753
DOCKSTRING-58,200,40,6,full_source_map_including_calibration_rows,0.7410863459599597,3,0.33333333333333331,0.56629741220678864,0.58292165131494111,0.016624239108152472,0.92946993655741905,10000,0.0027000000000000001,0.62715641132076039,0.59359080196324443,0.6872939310382834
DOCKSTRING-58,200,40,6,row_disjoint_complement_map,0.7410863459599597,3,0.33333333333333331,0.56629182141152312,0.58292936053719557,0.016637539125672451,0.92957570228548725,200,0,0.62941083101306061,0.59718425084819926,0.6791658103549385
DOCKSTRING-58,200,40,8,full_source_map_including_calibration_rows,0.75811258503865087,3,0.23076923076923078,0.53608801513880355,0.55730960856490552,0.02122159342610197,0.921741279428547,10000,0.0088999999999999999,0.58865614151348522,0.56186880118375171,0.63708014428473936
DOCKSTRING-58,200,40,8,row_disjoint_complement_map,0.75811258503865087,3,0.23076923076923078,0.53608348853971222,0.55731479880713575,0.021231310267423531,0.92175896416505965,200,0.0050000000000000001,0.59138921838915748,0.56338056547181803,0.62759297737329001
DOCKSTRING-58,200,40,10,full_source_map_including_calibration_rows,0.55007080371693673,4,0.25,0.50753775223979436,0.52901369840575474,0.02147594616596038,0.90114388780564503,10000,0.0092999999999999992,0.55504003660467904,0.53305403975039001,0.59361836613889174
DOCKSTRING-58,200,40,10,row_disjoint_complement_map,0.55007080371693673,4,0.25,0.50753346220755369,0.5290221510467118,0.02148868883915811,0.90121324601629915,200,0.0050000000000000001,0.55386375468770832,0.53463526574096987,0.5876251961331842
DOCKSTRING-58,200,41,6,full_source_map_including_calibration_rows,0.72755779903791384,4,0.5,0.56629741220678864,0.56919470324318699,0.0028972910363983528,0.90010195828734063,10000,0,0.62715641132076039,0.59359080196324443,0.6872939310382834
DOCKSTRING-58,200,41,6,row_disjoint_complement_map,0.72755779903791384,4,0.5,0.56631149504315359,0.5692143195471,0.0029028245039464107,0.90009597190642732,200,0,0.62941764034885661,0.59720085708563186,0.67917233550881628
DOCKSTRING-58,200,41,8,full_source_map_including_calibration_rows,0.56263110080916556,5,0.45454545454545453,0.53608801513880355,0.54090083193448302,0.0048128167956794643,0.88694435278989781,10000,0,0.58865614151348522,0.56186880118375171,0.63708014428473936
DOCKSTRING-58,200,41,8,row_disjoint_complement_map,0.56263110080916556,5,0.45454545454545453,0.53610162071193967,0.54092089252204689,0.0048192718101072174,0.88699522358521499,200,0,0.59139699823960079,0.56339713823029869,0.6276293566655301
DOCKSTRING-58,200,41,10,full_source_map_including_calibration_rows,0.74466887883025645,5,0.33333333333333331,0.50753775223979436,0.51496429074006711,0.0074265385002727502,0.88694435278989781,10000,0,0.55504003660467904,0.53305403975039001,0.59361836613889174
DOCKSTRING-58,200,41,10,row_disjoint_complement_map,0.74466887883025645,5,0.33333333333333331,0.50755195125217578,0.51498655355889411,0.0074346023067183298,0.88699522358521499,200,0,0.55387413963833021,0.53465117489964942,0.58765054506102976
DOCKSTRING-58,200,42,6,full_source_map_including_calibration_rows,0.87696315593598806,2,0.20000000000000001,0.56629741220678864,0.58133055503173725,0.015033142824948609,0.90010195828734063,10000,0.0016999999999999999,0.62715641132076039,0.59359080196324443,0.6872939310382834
DOCKSTRING-58,200,42,6,row_disjoint_complement_map,0.87696315593598806,2,0.20000000000000001,0.56629362090129054,0.58133891872978605,0.015045297828495507,0.9000517393189349,200,0,0.62941432711940681,0.597192968854386,0.67915841356418538
DOCKSTRING-58,200,42,8,full_source_map_including_calibration_rows,0.84325181902729907,4,0.33333333333333331,0.53608801513880355,0.5504238463877823,0.014335831248978748,0.83680415034695721,10000,0.00069999999999999999,0.58865614151348522,0.56186880118375171,0.63708014428473936
DOCKSTRING-58,200,42,8,row_disjoint_complement_map,0.84325181902729907,4,0.33333333333333331,0.53608523593415558,0.5504340016095487,0.014348765675393116,0.83681285663809657,200,0,0.59138439424863742,0.56337501419176539,0.62758870460649785
DOCKSTRING-58,200,42,10,full_source_map_including_calibration_rows,0.54001589169508057,7,0.53846153846153844,0.50753775223979436,0.52210500342175425,0.014567251181959895,0.82772961969021241,10000,0.00059999999999999995,0.55504003660467904,0.53305403975039001,0.59361836613889174
DOCKSTRING-58,200,42,10,row_disjoint_complement_map,0.54001589169508057,7,0.53846153846153844,0.50753426270422641,0.52211515300856659,0.014580890304340177,0.82773599780434015,200,0,0.55385574242782687,0.53463190262760607,0.58763428262273443
DOCKSTRING-58,200,43,6,full_source_map_including_calibration_rows,0.82470345216395857,3,0.33333333333333331,0.56629741220678864,0.57260586919507483,0.0063084569882861929,0.89383242711227562,10000,0.0001,0.62715641132076039,0.59359080196324443,0.6872939310382834
DOCKSTRING-58,200,43,6,row_disjoint_complement_map,0.82470345216395857,3,0.33333333333333331,0.56631804310548906,0.57263340400177087,0.0063153608962818186,0.89378416955863371,200,0,0.62944224104785207,0.5972058186517385,0.67917692844247812
DOCKSTRING-58,200,43,8,full_source_map_including_calibration_rows,0.82516549045352594,3,0.23076923076923078,0.53608801513880355,0.54749734522509297,0.011409330086289415,0.89334600825778687,10000,0.00029999999999999997,0.58865614151348522,0.56186880118375171,0.63708014428473936
DOCKSTRING-58,200,43,8,row_disjoint_complement_map,0.82516549045352594,3,0.23076923076923078,0.53610615524873839,0.54752554189510816,0.011419386646369767,0.89332445349653677,200,0,0.59140957966866181,0.56340151319566634,0.62763172024052838
DOCKSTRING-58,200,43,10,full_source_map_including_calibration_rows,0.56684375099147244,5,0.33333333333333331,0.50753775223979436,0.51749207269116071,0.0099543204513663497,0.8325093919846549,10000,0,0.55504003660467904,0.53305403975039001,0.59361836613889174
DOCKSTRING-58,200,43,10,row_disjoint_complement_map,0.56684375099147244,5,0.33333333333333331,0.50755788012727021,0.51752109548449432,0.0099632153572241089,0.83260946669998781,200,0,0.55386067395879057,0.53465170976992527,0.58764771635699531
DOCKSTRING-58,200,44,6,full_source_map_including_calibration_rows,0.57957023433262889,2,0.20000000000000001,0.56629741220678864,0.57536511482861818,0.0090677026218295431,0.90864271790847106,10000,0.00029999999999999997,0.62715641132076039,0.59359080196324443,0.6872939310382834
DOCKSTRING-58,200,44,6,row_disjoint_complement_map,0.57957023433262889,2,0.20000000000000001,0.56629553267163268,0.57537255805139953,0.0090770253797668454,0.90863111203281632,200,0,0.62941665531989988,0.59719148355374463,0.67916095296595946
DOCKSTRING-58,200,44,8,full_source_map_including_calibration_rows,0.59888845684949732,4,0.33333333333333331,0.53608801513880355,0.5454299052156989,0.0093418900768953428,0.86970296891965271,10000,0,0.58865614151348522,0.56186880118375171,0.63708014428473936
DOCKSTRING-58,200,44,8,row_disjoint_complement_map,0.59888845684949732,4,0.33333333333333331,0.53608582485200273,0.5454387744912963,0.0093529496392935618,0.86978367819329483,200,0,0.59139064389835228,0.56338320211464221,0.62761906520388711
DOCKSTRING-58,200,44,10,full_source_map_including_calibration_rows,0.54682508793702311,5,0.33333333333333331,0.50753775223979436,0.51622679521284198,0.0086890429730476226,0.86970296891965271,10000,0,0.55504003660467904,0.53305403975039001,0.59361836613889174
DOCKSTRING-58,200,44,10,row_disjoint_complement_map,0.54682508793702311,5,0.33333333333333331,0.50753552884300412,0.51623688345911545,0.0087013546161113231,0.86978367819329483,200,0,0.55386200689386578,0.53463840239488658,0.587628882300129
DOCKSTRING-58,200,45,6,full_source_map_including_calibration_rows,0.66415332866785559,1,0.090909090909090912,0.56629741220678864,0.58759599755641534,0.021298585349626697,0.91046350452599822,10000,0.0082000000000000007,0.62715641132076039,0.59359080196324443,0.6872939310382834
DOCKSTRING-58,200,45,6,row_disjoint_complement_map,0.66415332866785559,1,0.090909090909090912,0.56629075227095171,0.58761400797482721,0.021323255703875499,0.91052174419957144,200,0,0.62941673964468459,0.59719253910805326,0.67915319612424396
DOCKSTRING-58,200,45,8,full_source_map_including_calibration_rows,0.71590820714744519,1,0.066666666666666666,0.53608801513880355,0.56030874416506837,0.02422072902626482,0.91046350452599822,10000,0.018700000000000001,0.58865614151348522,0.56186880118375171,0.63708014428473936
DOCKSTRING-58,200,45,8,row_disjoint_complement_map,0.71590820714744519,1,0.066666666666666666,0.53607988432867082,0.56032891918088468,0.024249034852213858,0.91052174419957144,200,0.02,0.59139872259591697,0.56338248474724928,0.6275980025727107
DOCKSTRING-58,200,45,10,full_source_map_including_calibration_rows,0.56711516275382734,2,0.1111111111111111,0.50753775223979436,0.52992389137007734,0.022386139130282978,0.87399744265896107,10000,0.011900000000000001,0.55504003660467904,0.53305403975039001,0.59361836613889174
DOCKSTRING-58,200,45,10,row_disjoint_complement_map,0.56711516275382734,2,0.1111111111111111,0.50752907889324717,0.52994253720229489,0.022413458309047729,0.87404867464811598,200,0.01,0.55386628544948202,0.53464375865314617,0.58763489655397905
DOCKSTRING-58,200,46,6,full_source_map_including_calibration_rows,0.68967332279441562,3,0.33333333333333331,0.56629741220678864,0.5743947106508096,0.0080972984440209617,0.91991643054856909,10000,0.00020000000000000001,0.62715641132076039,0.59359080196324443,0.6872939310382834
DOCKSTRING-58,200,46,6,row_disjoint_complement_map,0.68967332279441562,3,0.33333333333333331,0.56628762209567618,0.57439213693197566,0.0081045148362994812,0.91986087754317969,200,0,0.62942224256334101,0.59718444075411781,0.67916545619771762
DOCKSTRING-58,200,46,8,full_source_map_including_calibration_rows,0.66426885467011354,5,0.45454545454545453,0.53608801513880355,0.54407424400471394,0.0079862288659103831,0.90010195828734063,10000,0,0.58865614151348522,0.56186880118375171,0.63708014428473936
DOCKSTRING-58,200,46,8,row_disjoint_complement_map,0.66426885467011354,5,0.45454545454545453,0.53607997074155112,0.54407052875418715,0.0079905580126360398,0.90010395408436839,200,0,0.59138526405218728,0.56338079922196649,0.62760479497277
DOCKSTRING-58,200,46,10,full_source_map_including_calibration_rows,0.58133647641392294,8,0.66666666666666663,0.50753775223979436,0.51326310071027881,0.0057253484704844482,0.80568874168266769,10000,0,0.55504003660467904,0.53305403975039001,0.59361836613889174
DOCKSTRING-58,200,46,10,row_disjoint_complement_map,0.58133647641392294,8,0.66666666666666663,0.50752839260594751,0.51325947282646656,0.005731080220519047,0.80564324269840704,200,0,0.55386196163258405,0.53463574360675936,0.58760931247966197
DOCKSTRING-58,200,47,6,full_source_map_including_calibration_rows,0.77095746154912015,2,0.20000000000000001,0.56629741220678864,0.57607510218702873,0.0097776899802400896,0.90010195828734063,10000,0.00040000000000000002,0.62715641132076039,0.59359080196324443,0.6872939310382834
DOCKSTRING-58,200,47,6,row_disjoint_complement_map,0.77095746154912015,2,0.20000000000000001,0.56629499533742156,0.57608856097484062,0.0097935656374190661,0.90015276304929903,200,0,0.62941409304071994,0.59718649926435174,0.67915665520027924
DOCKSTRING-58,200,47,8,full_source_map_including_calibration_rows,0.6395142929420693,3,0.23076923076923078,0.53608801513880355,0.54561691910777999,0.0095289039689764321,0.89383242711227562,10000,0,0.58865614151348522,0.56186880118375171,0.63708014428473936
DOCKSTRING-58,200,47,8,row_disjoint_complement_map,0.6395142929420693,3,0.23076923076923078,0.53608687712957326,0.54562886648399256,0.0095419893544193002,0.89381957488684627,200,0,0.5913861270768106,0.56338786857239442,0.62761801659561256
DOCKSTRING-58,200,47,10,full_source_map_including_calibration_rows,0.62269166200335757,6,0.42857142857142855,0.50753775223979436,0.51585717012236654,0.0083194178825721776,0.89383242711227562,10000,0,0.55504003660467904,0.53305403975039001,0.59361836613889174
DOCKSTRING-58,200,47,10,row_disjoint_complement_map,0.62269166200335757,6,0.42857142857142855,0.5075395322674664,0.51586658410688657,0.0083270518394201742,0.89381957488684627,200,0,0.55385786447609364,0.53464744798823427,0.58762891854508914
DOCKSTRING-58,200,48,6,full_source_map_including_calibration_rows,0.60582147693645194,3,0.33333333333333331,0.56629741220678864,0.57358213352669685,0.007284721319908205,0.86970296891965271,10000,0.0001,0.62715641132076039,0.59359080196324443,0.6872939310382834
DOCKSTRING-58,200,48,6,row_disjoint_complement_map,0.60582147693645194,3,0.33333333333333331,0.56629254540540586,0.5735814493382646,0.0072889039328587479,0.86980957922543556,200,0,0.62941510595600325,0.59718712366598703,0.67915782912032874
DOCKSTRING-58,200,48,8,full_source_map_including_calibration_rows,0.60873813432708634,3,0.23076923076923078,0.53608801513880355,0.55480460216066174,0.018716587021858189,0.86970296891965271,10000,0.0032000000000000002,0.58865614151348522,0.56186880118375171,0.63708014428473936
DOCKSTRING-58,200,48,8,row_disjoint_complement_map,0.60873813432708634,3,0.23076923076923078,0.53608338933573296,0.55481708274882513,0.018733693413092167,0.86980957922543556,200,0,0.59138270787290637,0.56338617982411299,0.62761779567006348
DOCKSTRING-58,200,48,10,full_source_map_including_calibration_rows,0.64066779705230203,3,0.17647058823529413,0.50753775223979436,0.52578288252299465,0.018245130283200295,0.86970296891965271,10000,0.0035999999999999999,0.55504003660467904,0.53305403975039001,0.59361836613889174
DOCKSTRING-58,200,48,10,row_disjoint_complement_map,0.64066779705230203,3,0.17647058823529413,0.50753210346109157,0.52579759438019047,0.018265490919098903,0.86980957922543556,200,0,0.55385720033911201,0.5346305292138307,0.58762719030073551
DOCKSTRING-58,200,49,6,full_source_map_including_calibration_rows,0.67351667152173467,2,0.20000000000000001,0.56629741220678864,0.57580594868554014,0.0095085364787514948,0.89334600825778687,10000,0.00029999999999999997,0.62715641132076039,0.59359080196324443,0.6872939310382834
DOCKSTRING-58,200,49,6,row_disjoint_complement_map,0.67351667152173467,2,0.20000000000000001,0.56629730683709179,0.57582238066729996,0.009525073830208175,0.89334029322026554,200,0,0.62941391380811096,0.59720293981238459,0.6791784728077932
DOCKSTRING-58,200,49,8,full_source_map_including_calibration_rows,0.58315632656149075,2,0.14285714285714285,0.53608801513880355,0.54999410212731337,0.013906086988509814,0.88694435278989781,10000,0.00059999999999999995,0.58865614151348522,0.56186880118375171,0.63708014428473936
DOCKSTRING-58,200,49,8,row_disjoint_complement_map,0.58315632656149075,2,0.14285714285714285,0.53608424496752982,0.55001113667415213,0.013926891706622313,0.88694140243140374,200,0,0.59140087771574823,0.56339429546952846,0.62762214834688923
DOCKSTRING-58,200,49,10,full_source_map_including_calibration_rows,0.7466606934439951,3,0.17647058823529413,0.50753775223979436,0.52347946281128277,0.01594171057148841,0.88694435278989781,10000,0.0016999999999999999,0.55504003660467904,0.53305403975039001,0.59361836613889174
DOCKSTRING-58,200,49,10,row_disjoint_complement_map,0.7466606934439951,3,0.17647058823529413,0.5075364050445248,0.52349678699023316,0.015960381945708368,0.88694140243140374,200,0,0.55387091071972716,0.53464171781088876,0.58763468113815109
DOCKSTRING-58,200,50,6,full_source_map_including_calibration_rows,0.70770425567647155,4,0.5,0.56629741220678864,0.56863618474139221,0.0023387725346035726,0.90010195828734063,10000,0,0.62715641132076039,0.59359080196324443,0.6872939310382834
DOCKSTRING-58,200,50,6,row_disjoint_complement_map,0.70770425567647155,4,0.5,0.56630358742763776,0.5686487384764809,0.0023451510488431415,0.90008028412275565,200,0,0.62941083618231708,0.59720101379647217,0.67918091219844989
DOCKSTRING-58,200,50,8,full_source_map_including_calibration_rows,0.68299226983326289,4,0.33333333333333331,0.53608801513880355,0.54224277923823627,0.0061547640994327191,0.90010195828734063,10000,0,0.58865614151348522,0.56186880118375171,0.63708014428473936
DOCKSTRING-58,200,50,8,row_disjoint_complement_map,0.68299226983326289,4,0.33333333333333331,0.5360969678173112,0.54225723994431274,0.0061602721270015426,0.90008028412275565,200,0,0.59138556470224413,0.56338836133471093,0.6276060131298602
DOCKSTRING-58,200,50,10,full_source_map_including_calibration_rows,0.63277846050720588,7,0.53846153846153844,0.50753775223979436,0.51323341781323595,0.0056956655734415884,0.83357233750752746,10000,0,0.55504003660467904,0.53305403975039001,0.59361836613889174
DOCKSTRING-58,200,50,10,row_disjoint_complement_map,0.63277846050720588,7,0.53846153846153844,0.50754456757756938,0.51324858946112895,0.0057040218835595624,0.83371441523021161,200,0,0.55386239603012721,0.53465208695380795,0.58762732847274912
DOCKSTRING-58,200,51,6,full_source_map_including_calibration_rows,0.65729798786330251,3,0.33333333333333331,0.56629741220678864,0.57751402161521415,0.011216609408425504,0.89334600825778687,10000,0.00059999999999999995,0.62715641132076039,0.59359080196324443,0.6872939310382834
DOCKSTRING-58,200,51,6,row_disjoint_complement_map,0.65729798786330251,3,0.33333333333333331,0.56630269346271112,0.57752893019166185,0.011226236728950734,0.89336404049266638,200,0,0.62941876275917474,0.59719704968754839,0.67918414430780494
DOCKSTRING-58,200,51,8,full_source_map_including_calibration_rows,0.67545234119450104,3,0.23076923076923078,0.53608801513880355,0.54799448322665878,0.011906468087855226,0.89334600825778687,10000,0.00029999999999999997,0.58865614151348522,0.56186880118375171,0.63708014428473936
DOCKSTRING-58,200,51,8,row_disjoint_complement_map,0.67545234119450104,3,0.23076923076923078,0.53608919376726094,0.54800571261853392,0.011916518851272984,0.89336404049266638,200,0,0.59140458815931685,0.56339083327016692,0.62762842533964058
DOCKSTRING-58,200,51,10,full_source_map_including_calibration_rows,0.58372510195532223,5,0.33333333333333331,0.50753775223979436,0.51746367915423874,0.0099259269144443829,0.84255227707466229,10000,0,0.55504003660467904,0.53305403975039001,0.59361836613889174
DOCKSTRING-58,200,51,10,row_disjoint_complement_map,0.58372510195532223,5,0.33333333333333331,0.50753901095533493,0.5174790521776067,0.0099400412222717671,0.84256466422158616,200,0,0.5538673373486005,0.53464593770101398,0.58763940641076129
DOCKSTRING-58,200,52,6,full_source_map_including_calibration_rows,0.43893150340417125,4,0.5,0.56629741220678864,0.57314016772601895,0.0068427555192303036,0.91991643054856909,10000,0.0001,0.62715641132076039,0.59359080196324443,0.6872939310382834
DOCKSTRING-58,200,52,6,row_disjoint_complement_map,0.43893150340417125,4,0.5,0.56629400552739217,0.57314658672487939,0.0068525811974872175,0.91992929594234474,200,0,0.62941383512978932,0.59719138671392846,0.67916535346103868
DOCKSTRING-58,200,52,8,full_source_map_including_calibration_rows,0.43547099679529183,5,0.45454545454545453,0.53608801513880355,0.5453138161673946,0.0092258010285910519,0.91991643054856909,10000,0,0.58865614151348522,0.56186880118375171,0.63708014428473936
DOCKSTRING-58,200,52,8,row_disjoint_complement_map,0.43547099679529183,5,0.45454545454545453,0.53608605162449141,0.54532045055201839,0.0092343989275269767,0.91992929594234474,200,0,0.59139672420404776,0.56337953714484479,0.62759643943591714
DOCKSTRING-58,200,52,10,full_source_map_including_calibration_rows,0.70246983143165709,7,0.53846153846153844,0.50753775223979436,0.51492642465664928,0.0073886724168549245,0.86970296891965271,10000,0,0.55504003660467904,0.53305403975039001,0.59361836613889174
DOCKSTRING-58,200,52,10,row_disjoint_complement_map,0.70246983143165709,7,0.53846153846153844,0.507535302799768,0.51493311593554325,0.0073978131357752552,0.86965059316447635,200,0,0.5538597640401669,0.53463838674778208,0.58763050314698917
DOCKSTRING-58,200,53,6,full_source_map_including_calibration_rows,0.77083636507672715,2,0.20000000000000001,0.56629741220678864,0.57424325320937697,0.0079458410025883275,0.90864271790847106,10000,0.00020000000000000001,0.62715641132076039,0.59359080196324443,0.6872939310382834
DOCKSTRING-58,200,53,6,row_disjoint_complement_map,0.77083636507672715,2,0.20000000000000001,0.56631299363810395,0.57427282265465951,0.0079598290165555641,0.90858654397620064,200,0,0.62941946755965295,0.5972036031818756,0.67917639065456925
DOCKSTRING-58,200,53,8,full_source_map_including_calibration_rows,0.62669816545109636,4,0.33333333333333331,0.53608801513880355,0.54508663730815021,0.0089986221693466595,0.84255227707466229,10000,0,0.58865614151348522,0.56186880118375171,0.63708014428473936
DOCKSTRING-58,200,53,8,row_disjoint_complement_map,0.62669816545109636,4,0.33333333333333331,0.536102598762081,0.54511841112136061,0.009015812359279618,0.84249693961779948,200,0,0.59140004218074171,0.56340719291756258,0.62761331353642213
DOCKSTRING-58,200,53,10,full_source_map_including_calibration_rows,0.64742054047305053,4,0.25,0.50753775223979436,0.51860078718985092,0.011063034950056561,0.82596922631027991,10000,0,0.55504003660467904,0.53305403975039001,0.59361836613889174
DOCKSTRING-58,200,53,10,row_disjoint_complement_map,0.64742054047305053,4,0.25,0.50755003548298239,0.51863141150728875,0.011081376024306366,0.82581725761502134,200,0,0.55386382847859594,0.53465429809538012,0.58764729582922903
DOCKSTRING-58,200,54,6,full_source_map_including_calibration_rows,0.80012512223075061,2,0.20000000000000001,0.56629741220678864,0.5762740798707674,0.0099766676639787555,0.90864271790847106,10000,0.00040000000000000002,0.62715641132076039,0.59359080196324443,0.6872939310382834
DOCKSTRING-58,200,54,6,row_disjoint_complement_map,0.80012512223075061,2,0.20000000000000001,0.56630441007883792,0.57629270283274903,0.0099882927539111099,0.90868095267165661,200,0,0.62945017163036354,0.59721073255093671,0.6791686158524004
DOCKSTRING-58,200,54,8,full_source_map_including_calibration_rows,0.59822356446899272,3,0.23076923076923078,0.53608801513880355,0.55569005549190742,0.019602040353103867,0.90864271790847106,10000,0.0051000000000000004,0.58865614151348522,0.56186880118375171,0.63708014428473936
DOCKSTRING-58,200,54,8,row_disjoint_complement_map,0.59822356446899272,3,0.23076923076923078,0.53609701162490775,0.55571741355868864,0.019620401933780895,0.90868095267165661,200,0.0050000000000000001,0.59141766226516534,0.56339217706525646,0.62760700271127923
DOCKSTRING-58,200,54,10,full_source_map_including_calibration_rows,0.62727470992019341,5,0.33333333333333331,0.50753775223979436,0.52554112430178779,0.018003372061993428,0.90114388780564503,10000,0.0033,0.55504003660467904,0.53305403975039001,0.59361836613889174
DOCKSTRING-58,200,54,10,row_disjoint_complement_map,0.62727470992019341,5,0.33333333333333331,0.50754670768878662,0.52556712513622617,0.018020417447439541,0.90109990074993251,200,0,0.55387332479413498,0.53465820618216975,0.58763995868426211
DOCKSTRING-58,200,55,6,full_source_map_including_calibration_rows,0.48010136064876535,1,0.090909090909090912,0.56629741220678864,0.58249181655656479,0.016194404349776148,0.90129684073043859,10000,0.0025999999999999999,0.62715641132076039,0.59359080196324443,0.6872939310382834
DOCKSTRING-58,200,55,6,row_disjoint_complement_map,0.48010136064876535,1,0.090909090909090912,0.56629979105475503,0.58252005283771424,0.016220261782959211,0.90124443387305186,200,0,0.62943061587389237,0.5972028594452089,0.67916666953475469
DOCKSTRING-58,200,55,8,full_source_map_including_calibration_rows,0.54108783088856416,2,0.14285714285714285,0.53608801513880355,0.55307765305995382,0.016989637921150269,0.90129684073043859,10000,0.0016000000000000001,0.58865614151348522,0.56186880118375171,0.63708014428473936
DOCKSTRING-58,200,55,8,row_disjoint_complement_map,0.54108783088856416,2,0.14285714285714285,0.53608769759276098,0.55310631328009119,0.017018615687330207,0.90124443387305186,200,0,0.59140138464871228,0.56338444567692991,0.62762922619003003
DOCKSTRING-58,200,55,10,full_source_map_including_calibration_rows,0.61884369164577413,3,0.17647058823529413,0.50753775223979436,0.52448360422428975,0.016945851984495386,0.90129684073043859,10000,0.0025999999999999999,0.55504003660467904,0.53305403975039001,0.59361836613889174
DOCKSTRING-58,200,55,10,row_disjoint_complement_map,0.61884369164577413,3,0.17647058823529413,0.50753956249360987,0.52451116513440665,0.016971602640796779,0.90124443387305186,200,0,0.55386185442165348,0.53463653411378664,0.58764465307864189
DOCKSTRING-58,200,56,6,full_source_map_including_calibration_rows,0.84764455399394845,5,0.7142857142857143,0.56629741220678864,0.56867139975134884,0.0023739875445601966,0.91046350452599822,10000,0,0.62715641132076039,0.59359080196324443,0.6872939310382834
DOCKSTRING-58,200,56,6,row_disjoint_complement_map,0.84764455399394845,5,0.7142857142857143,0.56630788568756474,0.56868125684872139,0.0023733711611566566,0.91042895762370368,200,0,0.62941097684768721,0.59720135803989483,0.67916062196118399
DOCKSTRING-58,200,56,8,full_source_map_including_calibration_rows,0.61863549511071148,6,0.59999999999999998,0.53608801513880355,0.53965515342440884,0.0035671382856052869,0.91046350452599822,10000,0,0.58865614151348522,0.56186880118375171,0.63708014428473936
DOCKSTRING-58,200,56,8,row_disjoint_complement_map,0.61863549511071148,6,0.59999999999999998,0.53609616118609049,0.5396653967880719,0.0035692356019814131,0.91042895762370368,200,0,0.59140278410632408,0.56338834449658848,0.62759713463019706
DOCKSTRING-58,200,56,10,full_source_map_including_calibration_rows,0.76781145591909217,8,0.66666666666666663,0.50753775223979436,0.51027730919249825,0.0027395569527038921,0.90114388780564503,10000,0,0.55504003660467904,0.53305403975039001,0.59361836613889174
DOCKSTRING-58,200,56,10,row_disjoint_complement_map,0.76781145591909217,8,0.66666666666666663,0.50754386564768117,0.51028619799661556,0.0027423323489343954,0.90113453637315521,200,0,0.55385668167684243,0.53464920262416016,0.58763257724215312
DOCKSTRING-58,200,57,6,full_source_map_including_calibration_rows,0.44696462129258924,3,0.33333333333333331,0.56629741220678864,0.57929723834541991,0.012999826138631265,0.86970296891965271,10000,0.0011000000000000001,0.62715641132076039,0.59359080196324443,0.6872939310382834
DOCKSTRING-58,200,57,6,row_disjoint_complement_map,0.44696462129258924,3,0.33333333333333331,0.56631416181446659,0.5793178932100177,0.01300373139555111,0.86977315312478665,200,0,0.62941593884058211,0.59719910495345041,0.67916614496620642
DOCKSTRING-58,200,57,8,full_source_map_including_calibration_rows,0.57059239689154684,5,0.45454545454545453,0.53608801513880355,0.54792276798712247,0.011834752848318919,0.90010195828734063,10000,0.00029999999999999997,0.58865614151348522,0.56186880118375171,0.63708014428473936
DOCKSTRING-58,200,57,8,row_disjoint_complement_map,0.57059239689154684,5,0.45454545454545453,0.53610308419492125,0.5479415477577616,0.011838463562840351,0.90019702706677984,200,0,0.59140162272815422,0.5634035359916435,0.6276220093868069
DOCKSTRING-58,200,57,10,full_source_map_including_calibration_rows,0.71380260006203078,5,0.33333333333333331,0.50753775223979436,0.52115990142803181,0.013622149188237453,0.87399744265896107,10000,0.00040000000000000002,0.55504003660467904,0.53305403975039001,0.59361836613889174
DOCKSTRING-58,200,57,10,row_disjoint_complement_map,0.71380260006203078,5,0.33333333333333331,0.50754836640565626,0.52117485224049565,0.013626485834839386,0.87404343410197027,200,0,0.55387679186568151,0.53466474797487407,0.58765592388953236
DOCKSTRING-58,200,58,6,full_source_map_including_calibration_rows,0.55394676735727622,4,0.5,0.56629741220678864,0.56975648892023889,0.0034590767134502487,0.90010195828734063,10000,0,0.62715641132076039,0.59359080196324443,0.6872939310382834
DOCKSTRING-58,200,58,6,row_disjoint_complement_map,0.55394676735727622,4,0.5,0.56631123635762193,0.56977642991785349,0.0034651935602315609,0.9001532624003854,200,0,0.62942501734256295,0.59719832356967495,0.6791805188454848
DOCKSTRING-58,200,58,8,full_source_map_including_calibration_rows,0.58553585402398556,3,0.23076923076923078,0.53608801513880355,0.54994816586576423,0.013860150726960674,0.87276343827692782,10000,0.00059999999999999995,0.58865614151348522,0.56186880118375171,0.63708014428473936
DOCKSTRING-58,200,58,8,row_disjoint_complement_map,0.58553585402398556,3,0.23076923076923078,0.53609884608340808,0.54997744642800905,0.013878600344600978,0.87284581821386831,200,0,0.59140093794516502,0.5633987546928314,0.62763568305223072
DOCKSTRING-58,200,58,10,full_source_map_including_calibration_rows,0.79242958160998922,6,0.42857142857142855,0.50753775223979436,0.51897292774209103,0.011435175502296668,0.87276343827692782,10000,0.0001,0.55504003660467904,0.53305403975039001,0.59361836613889174
DOCKSTRING-58,200,58,10,row_disjoint_complement_map,0.79242958160998922,6,0.42857142857142855,0.50754893472908968,0.5189998542748544,0.011450919545764715,0.87284581821386831,200,0,0.55387398609110572,0.534646150151042,0.58764416761941285
DOCKSTRING-58,200,59,6,full_source_map_including_calibration_rows,0.58977370330768286,3,0.33333333333333331,0.56629741220678864,0.57773890655836502,0.011441494351576376,0.91991643054856909,10000,0.00059999999999999995,0.62715641132076039,0.59359080196324443,0.6872939310382834
DOCKSTRING-58,200,59,6,row_disjoint_complement_map,0.58977370330768286,3,0.33333333333333331,0.56630934419846779,0.57775006095452774,0.011440716756059954,0.91996266464709553,200,0,0.62941454538071318,0.59719853804485656,0.67917465290567836
DOCKSTRING-58,200,59,8,full_source_map_including_calibration_rows,0.65608841297563492,5,0.45454545454545453,0.53608801513880355,0.54707975905108563,0.010991743912282081,0.90010195828734063,10000,0.00020000000000000001,0.58865614151348522,0.56186880118375171,0.63708014428473936
DOCKSTRING-58,200,59,8,row_disjoint_complement_map,0.65608841297563492,5,0.45454545454545453,0.53610222636074378,0.54709111649008335,0.010988890129339568,0.90004873505589889,200,0,0.59138672373438439,0.56339820063497592,0.62761472745125435
DOCKSTRING-58,200,59,10,full_source_map_including_calibration_rows,0.56912413152152108,6,0.42857142857142855,0.50753775223979436,0.51962851864485315,0.012090766405058795,0.84255227707466229,10000,0.0001,0.55504003660467904,0.53305403975039001,0.59361836613889174
DOCKSTRING-58,200,59,10,row_disjoint_complement_map,0.56912413152152108,6,0.42857142857142855,0.50754839134027274,0.51964208028941528,0.012093688949142534,0.84267959554419958,200,0,0.55381440616292399,0.53460388005187742,0.58763311479144675
DOCKSTRING-58,200,60,6,full_source_map_including_calibration_rows,0.64846676270837622,4,0.5,0.56629741220678864,0.57131572373479289,0.005018311528004249,0.91046350452599822,10000,0,0.62715641132076039,0.59359080196324443,0.6872939310382834
DOCKSTRING-58,200,60,6,row_disjoint_complement_map,0.64846676270837622,4,0.5,0.56628872173597689,0.57130906239195622,0.0050203406559793384,0.91038556537764337,200,0,0.62941356652190128,0.59718917099995894,0.67914209948759052
DOCKSTRING-58,200,60,8,full_source_map_including_calibration_rows,0.5661947571717264,6,0.59999999999999998,0.53608801513880355,0.54009907782421807,0.0040110626854145126,0.84255227707466229,10000,0,0.58865614151348522,0.56186880118375171,0.63708014428473936
DOCKSTRING-58,200,60,8,row_disjoint_complement_map,0.5661947571717264,6,0.59999999999999998,0.53608046318329083,0.54009406758495093,0.004013604401660098,0.84248474273661866,200,0,0.59139562669240209,0.56338476865393727,0.62759262643100766
DOCKSTRING-58,200,60,10,full_source_map_including_calibration_rows,0.43118792510635462,6,0.42857142857142855,0.50753775223979436,0.51346387442707553,0.0059261221872811687,0.84255227707466229,10000,0,0.55504003660467904,0.53305403975039001,0.59361836613889174
DOCKSTRING-58,200,60,10,row_disjoint_complement_map,0.43118792510635462,6,0.42857142857142855,0.50752903796278359,0.51345946572944867,0.0059304277666650806,0.84248474273661866,200,0,0.55385251533068802,0.53464394910303559,0.58762680187832272
DOCKSTRING-58,200,61,6,full_source_map_including_calibration_rows,0.78596935518005329,4,0.5,0.56629741220678864,0.57195644730460038,0.0056590350978117376,0.90864271790847106,10000,0.0001,0.62715641132076039,0.59359080196324443,0.6872939310382834
DOCKSTRING-58,200,61,6,row_disjoint_complement_map,0.78596935518005329,4,0.5,0.56629404023174856,0.5719554348354734,0.0056613946037248342,0.90863516872312222,200,0,0.62941995957990304,0.59720035908055102,0.67915484495715139
DOCKSTRING-58,200,61,8,full_source_map_including_calibration_rows,0.74911887215636019,5,0.45454545454545453,0.53608801513880355,0.54176865166967547,0.0056806365308719187,0.87399744265896107,10000,0,0.58865614151348522,0.56186880118375171,0.63708014428473936
DOCKSTRING-58,200,61,8,row_disjoint_complement_map,0.74911887215636019,5,0.45454545454545453,0.53608639414782822,0.54176619562479045,0.0056798014769622318,0.87386423760467657,200,0,0.59139585503692116,0.5633765637952356,0.62761876892764046
DOCKSTRING-58,200,61,10,full_source_map_including_calibration_rows,0.55498695737346593,6,0.42857142857142855,0.50753775223979436,0.51320936810033679,0.0056716158605424338,0.84255227707466229,10000,0,0.55504003660467904,0.53305403975039001,0.59361836613889174
DOCKSTRING-58,200,61,10,row_disjoint_complement_map,0.55498695737346593,6,0.42857142857142855,0.50753533691597574,0.51321092542028068,0.0056755885043049403,0.84259944114467444,200,0,0.55385386813845661,0.53464072325688017,0.58763570395570119
DOCKSTRING-58,200,62,6,full_source_map_including_calibration_rows,0.65403143681769493,0,0,0.56629741220678864,0.58639003777205823,0.020092625565269584,0.90178335699167822,10000,0.0066,0.62715641132076039,0.59359080196324443,0.6872939310382834
DOCKSTRING-58,200,62,6,row_disjoint_complement_map,0.65403143681769493,0,0,0.56628601087153474,0.58640977782525894,0.020123766953724198,0.90183635664420392,200,0,0.629422123638538,0.59718423212480709,0.67916039126279237
DOCKSTRING-58,200,62,8,full_source_map_including_calibration_rows,0.6395142929420693,2,0.14285714285714285,0.53608801513880355,0.55471458799478135,0.018626572855977797,0.90010195828734063,10000,0.0032000000000000002,0.58865614151348522,0.56186880118375171,0.63708014428473936
DOCKSTRING-58,200,62,8,row_disjoint_complement_map,0.6395142929420693,2,0.14285714285714285,0.53607502541397967,0.55473036830057387,0.018655342886594206,0.90011205137985328,200,0,0.59138692364939938,0.56338051657954691,0.62760757253476018
DOCKSTRING-58,200,62,10,full_source_map_including_calibration_rows,0.74884505931775347,3,0.17647058823529413,0.50753775223979436,0.52472155464743775,0.017183802407643389,0.90010195828734063,10000,0.0027000000000000001,0.55504003660467904,0.53305403975039001,0.59361836613889174
DOCKSTRING-58,200,62,10,row_disjoint_complement_map,0.74884505931775347,3,0.17647058823529413,0.50752833275997111,0.52473936607939375,0.017211033319422642,0.90011205137985328,200,0,0.55387657901693155,0.53463799210000196,0.58764212034913099
DOCKSTRING-58,200,63,6,full_source_map_including_calibration_rows,0.85520510723475773,4,0.5,0.56629741220678864,0.56826776414040847,0.0019703519336198294,0.91991643054856909,10000,0,0.62715641132076039,0.59359080196324443,0.6872939310382834
DOCKSTRING-58,200,63,6,row_disjoint_complement_map,0.85520510723475773,4,0.5,0.56630474990860524,0.56827380838411545,0.0019690584755102103,0.91997885175830807,200,0,0.62943089478422565,0.59719551727195719,0.67918090410158605
DOCKSTRING-58,200,63,8,full_source_map_including_calibration_rows,0.55587770004872272,7,0.77777777777777779,0.53608801513880355,0.53709821532382052,0.0010102001850169628,0.90114388780564503,10000,0,0.58865614151348522,0.56186880118375171,0.63708014428473936
DOCKSTRING-58,200,63,8,row_disjoint_complement_map,0.55587770004872272,7,0.77777777777777779,0.53609597546278842,0.53710496273193353,0.0010089872691451118,0.9010580237923087,200,0,0.59139719306695548,0.56339087688255984,0.62761471804227809
DOCKSTRING-58,200,63,10,full_source_map_including_calibration_rows,0.83466438925306985,8,0.66666666666666663,0.50753775223979436,0.50925885668792781,0.0017211044481334481,0.82453622243243574,10000,0,0.55504003660467904,0.53305403975039001,0.59361836613889174
DOCKSTRING-58,200,63,10,row_disjoint_complement_map,0.83466438925306985,8,0.66666666666666663,0.50754275990940967,0.50926878441947054,0.0017260245100608751,0.82455258927506914,200,0,0.55386333161174073,0.53464439115422391,0.58762477895690202
DOCKSTRING-58,200,64,6,full_source_map_including_calibration_rows,0.56886647778961874,2,0.20000000000000001,0.56629741220678864,0.5742531339051522,0.0079557216983635604,0.90864271790847106,10000,0.00020000000000000001,0.62715641132076039,0.59359080196324443,0.6872939310382834
DOCKSTRING-58,200,64,6,row_disjoint_complement_map,0.56886647778961874,2,0.20000000000000001,0.56629972676107609,0.57426203811078169,0.0079623113497055975,0.90857914679896457,200,0,0.62943533901654991,0.59720699933102495,0.67918002055882798
DOCKSTRING-58,200,64,8,full_source_map_including_calibration_rows,0.65035495951818423,3,0.23076923076923078,0.53608801513880355,0.54696678577936875,0.010878770640565194,0.90864271790847106,10000,0.00020000000000000001,0.58865614151348522,0.56186880118375171,0.63708014428473936
DOCKSTRING-58,200,64,8,row_disjoint_complement_map,0.65035495951818423,3,0.23076923076923078,0.53608913502137312,0.54697754672722554,0.010888411705852419,0.90857914679896457,200,0,0.59140211811348276,0.56340419782125051,0.62762521938665838
DOCKSTRING-58,200,64,10,full_source_map_including_calibration_rows,0.60533637597227075,4,0.25,0.50753775223979436,0.51916773418579643,0.011629981946002066,0.86970296891965271,10000,0.0001,0.55504003660467904,0.53305403975039001,0.59361836613889174
DOCKSTRING-58,200,64,10,row_disjoint_complement_map,0.60533637597227075,4,0.25,0.50753917938710713,0.5191799434574802,0.011640764070373066,0.86982866384509694,200,0,0.55387709550803432,0.53465085918002109,0.58765016254602487
DOCKSTRING-58,200,65,6,full_source_map_including_calibration_rows,0.57343592617976691,2,0.20000000000000001,0.56629741220678864,0.58189283913019452,0.015595426923405875,0.90802978791885081,10000,0.0023999999999999998,0.62715641132076039,0.59359080196324443,0.6872939310382834
DOCKSTRING-58,200,65,6,row_disjoint_complement_map,0.57343592617976691,2,0.20000000000000001,0.56629050126491465,0.58190870312590959,0.01561820186099494,0.90800268257669425,200,0,0.62939913122552205,0.59719324848028721,0.67918299435199347
DOCKSTRING-58,200,65,8,full_source_map_including_calibration_rows,0.42636395368248525,3,0.23076923076923078,0.53608801513880355,0.54630096909126591,0.010212953952462356,0.88694435278989781,10000,0.0001,0.58865614151348522,0.56186880118375171,0.63708014428473936
DOCKSTRING-58,200,65,8,row_disjoint_complement_map,0.42636395368248525,3,0.23076923076923078,0.53608044668536881,0.54630949010478425,0.01022904341941544,0.88698071557432434,200,0,0.59138598759731131,0.56338194947817788,0.62761803289063334
DOCKSTRING-58,200,65,10,full_source_map_including_calibration_rows,0.67791769657291734,5,0.33333333333333331,0.50753775223979436,0.51640606992746962,0.0088683176876752645,0.80568874168266769,10000,0,0.55504003660467904,0.53305403975039001,0.59361836613889174
DOCKSTRING-58,200,65,10,row_disjoint_complement_map,0.67791769657291734,5,0.33333333333333331,0.50753180723981861,0.51641413475443865,0.0088823275146200364,0.8057288593734071,200,0,0.5538633971033059,0.53464103266768792,0.5876216766983331
DOCKSTRING-58,200,66,6,full_source_map_including_calibration_rows,0.39621981504923326,2,0.20000000000000001,0.56629741220678864,0.58304722967475342,0.016749817467964778,0.90010195828734063,10000,0.0030000000000000001,0.62715641132076039,0.59359080196324443,0.6872939310382834
DOCKSTRING-58,200,66,6,row_disjoint_complement_map,0.39621981504923326,2,0.20000000000000001,0.56631522177288018,0.58307703294212532,0.016761811169245133,0.90013318206905035,200,0,0.6294355640528031,0.59721532395798616,0.679183608549072
DOCKSTRING-58,200,66,8,full_source_map_including_calibration_rows,0.37450761291928852,3,0.23076923076923078,0.53608801513880355,0.55135877336992911,0.015270758231125559,0.90010195828734063,10000,0.00089999999999999998,0.58865614151348522,0.56186880118375171,0.63708014428473936
DOCKSTRING-58,200,66,8,row_disjoint_complement_map,0.37450761291928852,3,0.23076923076923078,0.53610398381257374,0.5513860286814003,0.015282044868826561,0.90013318206905035,200,0,0.59141031445856784,0.56339945470325403,0.62762048891485223
DOCKSTRING-58,200,66,10,full_source_map_including_calibration_rows,0.45177078011132921,6,0.42857142857142855,0.50753775223979436,0.52110691070512771,0.013569158465333353,0.82772961969021241,10000,0.00040000000000000002,0.55504003660467904,0.53305403975039001,0.59361836613889174
DOCKSTRING-58,200,66,10,row_disjoint_complement_map,0.45177078011132921,6,0.42857142857142855,0.50755361989923486,0.52113293239702219,0.013579312497787321,0.82779245263722046,200,0,0.55388248875313018,0.53466155094970957,0.58766281887396599
DOCKSTRING-58,200,67,6,full_source_map_including_calibration_rows,0.5670297230802599,3,0.33333333333333331,0.56629741220678864,0.57528120075423839,0.0089837885474497448,0.93181240526846187,10000,0.00029999999999999997,0.62715641132076039,0.59359080196324443,0.6872939310382834
DOCKSTRING-58,200,67,6,row_disjoint_complement_map,0.5670297230802599,3,0.33333333333333331,0.56630037947296519,0.57529204338257611,0.0089916639096109252,0.93178340725657283,200,0,0.62942162594129525,0.59720152692881878,0.67915668597245338
DOCKSTRING-58,200,67,8,full_source_map_including_calibration_rows,0.52673127454581414,4,0.33333333333333331,0.53608801513880355,0.54931180097658194,0.01322378583777839,0.92895398096476378,10000,0.00050000000000000001,0.58865614151348522,0.56186880118375171,0.63708014428473936
DOCKSTRING-58,200,67,8,row_disjoint_complement_map,0.52673127454581414,4,0.33333333333333331,0.53609501146605576,0.54932670861324029,0.013231697147184529,0.92895893260891749,200,0,0.59139295692418004,0.56338933679381598,0.62759996822585218
DOCKSTRING-58,200,67,10,full_source_map_including_calibration_rows,0.56795558352877473,6,0.42857142857142855,0.50753775223979436,0.51796585324622679,0.010428101006432433,0.90010195828734063,10000,0,0.55504003660467904,0.53305403975039001,0.59361836613889174
DOCKSTRING-58,200,67,10,row_disjoint_complement_map,0.56795558352877473,6,0.42857142857142855,0.50754226198175056,0.51797852919010068,0.010436267208350114,0.89998520887622935,200,0,0.55386245826584024,0.53464069926736135,0.58761310696684343
DOCKSTRING-58,200,68,6,full_source_map_including_calibration_rows,0.59729876575043261,2,0.20000000000000001,0.56629741220678864,0.58313376044268284,0.016836348235894194,0.90802978791885081,10000,0.0030999999999999999,0.62715641132076039,0.59359080196324443,0.6872939310382834
DOCKSTRING-58,200,68,6,row_disjoint_complement_map,0.59729876575043261,2,0.20000000000000001,0.56629498552403346,0.58315346799899481,0.016858482474961356,0.90808328230289215,200,0,0.62942355460490551,0.59719479199894365,0.67916088605499159
DOCKSTRING-58,200,68,8,full_source_map_including_calibration_rows,0.43032272358023782,4,0.33333333333333331,0.53608801513880355,0.54870001493218246,0.012611999793378903,0.87497344705519442,10000,0.00050000000000000001,0.58865614151348522,0.56186880118375171,0.63708014428473936
DOCKSTRING-58,200,68,8,row_disjoint_complement_map,0.43032272358023782,4,0.33333333333333331,0.53608685217400942,0.54872047982391237,0.012633627649902945,0.87485752809821749,200,0,0.59139358171299738,0.56337927870786819,0.62761144474288832
DOCKSTRING-58,200,68,10,full_source_map_including_calibration_rows,0.57987127224089385,3,0.17647058823529413,0.50753775223979436,0.52492918031204239,0.017391428072248027,0.87497344705519442,10000,0.0028999999999999998,0.55504003660467904,0.53305403975039001,0.59361836613889174
DOCKSTRING-58,200,68,10,row_disjoint_complement_map,0.57987127224089385,3,0.17647058823529413,0.50753644307926959,0.52494935225471262,0.017412909175443025,0.87485752809821749,200,0,0.55387186308437708,0.53464080681471016,0.58762993728235946
DOCKSTRING-58,200,69,6,full_source_map_including_calibration_rows,0.76319903957448787,4,0.5,0.56629741220678864,0.56995486262198569,0.0036574504151970499,0.90864271790847106,10000,0,0.62715641132076039,0.59359080196324443,0.6872939310382834
DOCKSTRING-58,200,69,6,row_disjoint_complement_map,0.76319903957448787,4,0.5,0.56630794705939702,0.56996818392357829,0.0036602368641812655,0.90867061173458108,200,0,0.62941118287585018,0.5971950406936779,0.67916493638853637
DOCKSTRING-58,200,69,8,full_source_map_including_calibration_rows,0.77289830215521249,6,0.59999999999999998,0.53608801513880355,0.54281115600988616,0.0067231408710826113,0.90864271790847106,10000,0,0.58865614151348522,0.56186880118375171,0.63708014428473936
DOCKSTRING-58,200,69,8,row_disjoint_complement_map,0.77289830215521249,6,0.59999999999999998,0.53609634167052744,0.54282260777003311,0.0067262660995056622,0.90867061173458108,200,0,0.59139295322932883,0.5633901690121107,0.62760837465834063
DOCKSTRING-58,200,69,10,full_source_map_including_calibration_rows,0.66599063028543204,7,0.53846153846153844,0.50753775223979436,0.51385143654800447,0.0063136843082101102,0.89148174007826553,10000,0,0.55504003660467904,0.53305403975039001,0.59361836613889174
DOCKSTRING-58,200,69,10,row_disjoint_complement_map,0.66599063028543204,7,0.53846153846153844,0.50754522191649842,0.51386118379620727,0.0063159618797088424,0.89145825151894464,200,0,0.55385766847913676,0.53463850885369235,0.58762276572216132
DOCKSTRING-58,200,70,6,full_source_map_including_calibration_rows,0.57616309518613884,3,0.33333333333333331,0.56629741220678864,0.57383193357329165,0.0075345213665030109,0.90864271790847106,10000,0.00020000000000000001,0.62715641132076039,0.59359080196324443,0.6872939310382834
DOCKSTRING-58,200,70,6,row_disjoint_complement_map,0.57616309518613884,3,0.33333333333333331,0.5662886957095904,0.57383273157376014,0.0075440358641697403,0.90865316926801598,200,0,0.62941717390439644,0.59718256469977749,0.67916700456977541
DOCKSTRING-58,200,70,8,full_source_map_including_calibration_rows,0.48275356281645848,6,0.59999999999999998,0.53608801513880355,0.54264668053543275,0.006558665396629193,0.84255227707466229,10000,0,0.58865614151348522,0.56186880118375171,0.63708014428473936
DOCKSTRING-58,200,70,8,row_disjoint_complement_map,0.48275356281645848,6,0.59999999999999998,0.53607990978183373,0.54264717950811847,0.0065672697262847413,0.84259240526911494,200,0,0.59139034208208874,0.56338106767785023,0.62761278904637541
DOCKSTRING-58,200,70,10,full_source_map_including_calibration_rows,0.72500776125972122,7,0.53846153846153844,0.50753775223979436,0.51321882203384117,0.0056810697940468113,0.78284032867517661,10000,0,0.55504003660467904,0.53305403975039001,0.59361836613889174
DOCKSTRING-58,200,70,10,row_disjoint_complement_map,0.72500776125972122,7,0.53846153846153844,0.50752855582268663,0.51322090789487274,0.0056923520721861021,0.78284037971954701,200,0,0.55385973881372286,0.53463540381492469,0.5876336330862143
DOCKSTRING-58,200,71,6,full_source_map_including_calibration_rows,0.55116136323219811,3,0.33333333333333331,0.56629741220678864,0.577044659694953,0.010747247488164358,0.89334600825778687,10000,0.00059999999999999995,0.62715641132076039,0.59359080196324443,0.6872939310382834
DOCKSTRING-58,200,71,6,row_disjoint_complement_map,0.55116136323219811,3,0.33333333333333331,0.56627991596384686,0.57703912315366324,0.010759207189816378,0.89340469339425022,200,0,0.62941160578128474,0.5971815832661822,0.67915449466546485
DOCKSTRING-58,200,71,8,full_source_map_including_calibration_rows,0.55792317812033576,4,0.33333333333333331,0.53608801513880355,0.54778503291312874,0.011697017774325191,0.89334600825778687,10000,0.00029999999999999997,0.58865614151348522,0.56186880118375171,0.63708014428473936
DOCKSTRING-58,200,71,8,row_disjoint_complement_map,0.55792317812033576,4,0.33333333333333331,0.53606852388829762,0.54778048985536276,0.011711965967065141,0.89340469339425022,200,0,0.59137388465215346,0.5633710186121178,0.62761275119776838
DOCKSTRING-58,200,71,10,full_source_map_including_calibration_rows,0.47412649270234408,5,0.33333333333333331,0.50753775223979436,0.52229748701298973,0.014759734773195365,0.87399744265896107,10000,0.00059999999999999995,0.55504003660467904,0.53305403975039001,0.59361836613889174
DOCKSTRING-58,200,71,10,row_disjoint_complement_map,0.47412649270234408,5,0.33333333333333331,0.50751749496078913,0.52229298068206154,0.014775485721272408,0.87395305521091093,200,0,0.55382852164452512,0.53461750047093404,0.58761480948715616
DOCKSTRING-58,200,72,6,full_source_map_including_calibration_rows,0.51701532687073759,2,0.20000000000000001,0.56629741220678864,0.57498694942402773,0.008689537217239085,0.90010195828734063,10000,0.00029999999999999997,0.62715641132076039,0.59359080196324443,0.6872939310382834
DOCKSTRING-58,200,72,6,row_disjoint_complement_map,0.51701532687073759,2,0.20000000000000001,0.56630282906427865,0.57500151462242499,0.0086986855581463463,0.90003762850604374,200,0,0.62942096074920728,0.59720017735734521,0.67916260879163393
DOCKSTRING-58,200,72,8,full_source_map_including_calibration_rows,0.48526227032011116,2,0.14285714285714285,0.53608801513880355,0.5471228184697785,0.011034803330974952,0.89896435763704741,10000,0.00020000000000000001,0.58865614151348522,0.56186880118375171,0.63708014428473936
DOCKSTRING-58,200,72,8,row_disjoint_complement_map,0.48526227032011116,2,0.14285714285714285,0.53609454943021284,0.547139125853773,0.01104457642356016,0.8988714325022148,200,0,0.59139355099137592,0.56339601100340264,0.62761041044711896
DOCKSTRING-58,200,72,10,full_source_map_including_calibration_rows,0.72559981365012816,3,0.17647058823529413,0.50753775223979436,0.52217222782154515,0.014634475581750794,0.89896435763704741,10000,0.00059999999999999995,0.55504003660467904,0.53305403975039001,0.59361836613889174
DOCKSTRING-58,200,72,10,row_disjoint_complement_map,0.72559981365012816,3,0.17647058823529413,0.50754207377259264,0.52218523370432279,0.014643159931730154,0.8988714325022148,200,0,0.55386705597683428,0.53464846143957578,0.58763588761899732
DOCKSTRING-58,200,73,6,full_source_map_including_calibration_rows,0.60195868171827915,3,0.33333333333333331,0.56629741220678864,0.57147732474182078,0.0051799125350321384,0.90981739053470312,10000,0,0.62715641132076039,0.59359080196324443,0.6872939310382834
DOCKSTRING-58,200,73,6,row_disjoint_complement_map,0.60195868171827915,3,0.33333333333333331,0.56630447705249365,0.57149323171320299,0.0051887546607093382,0.90975378022165598,200,0,0.62941368277375109,0.59719699030462914,0.67918610595410878
DOCKSTRING-58,200,73,8,full_source_map_including_calibration_rows,0.52543407111554885,5,0.45454545454545453,0.53608801513880355,0.54246796331682035,0.0063799481780167921,0.90981739053470312,10000,0,0.58865614151348522,0.56186880118375171,0.63708014428473936
DOCKSTRING-58,200,73,8,row_disjoint_complement_map,0.52543407111554885,5,0.45454545454545453,0.53609531127960564,0.54248464127539864,0.0063893299957930028,0.90975378022165598,200,0,0.59138660753424954,0.56339407221121374,0.62763766189963133
DOCKSTRING-58,200,73,10,full_source_map_including_calibration_rows,0.62638916024042379,6,0.42857142857142855,0.50753775223979436,0.51584884766790917,0.0083110954281148119,0.90114388780564503,10000,0,0.55504003660467904,0.53305403975039001,0.59361836613889174
DOCKSTRING-58,200,73,10,row_disjoint_complement_map,0.62638916024042379,6,0.42857142857142855,0.50754005138268765,0.51586812077854782,0.0083280693958601715,0.90114765070774794,200,0,0.55386027775795066,0.53464288775992086,0.58763159386802821
DOCKSTRING-58,200,74,6,full_source_map_including_calibration_rows,0.45721247165665058,3,0.33333333333333331,0.56629741220678864,0.57387908401257959,0.007581671805790946,0.90010195828734063,10000,0.00020000000000000001,0.62715641132076039,0.59359080196324443,0.6872939310382834
DOCKSTRING-58,200,74,6,row_disjoint_complement_map,0.45721247165665058,3,0.33333333333333331,0.56629142841885283,0.57387378543921674,0.0075823570203639168,0.90008966572187044,200,0,0.62940288366743169,0.5971881724521696,0.67914781233890031
DOCKSTRING-58,200,74,8,full_source_map_including_calibration_rows,0.42616741648233908,3,0.23076923076923078,0.53608801513880355,0.54571182179714495,0.0096238066583413939,0.90010195828734063,10000,0.0001,0.58865614151348522,0.56186880118375171,0.63708014428473936
DOCKSTRING-58,200,74,8,row_disjoint_complement_map,0.42616741648233908,3,0.23076923076923078,0.53608511407779347,0.54570593940655776,0.0096208253287642931,0.90008966572187044,200,0,0.59138575320172504,0.56336956471602107,0.62759312193233574
DOCKSTRING-58,200,74,10,full_source_map_including_calibration_rows,0.58523916307702006,6,0.42857142857142855,0.50753775223979436,0.51388436114758307,0.0063466089077887089,0.85450607627113873,10000,0,0.55504003660467904,0.53305403975039001,0.59361836613889174
DOCKSTRING-58,200,74,10,row_disjoint_complement_map,0.58523916307702006,6,0.42857142857142855,0.50753291465855466,0.51387935334585988,0.0063464386873052225,0.8544615017071393,200,0,0.55385853807678787,0.53464274201396367,0.58761281891095996
DOCKSTRING-58,200,75,6,full_source_map_including_calibration_rows,0.68777503936593154,2,0.20000000000000001,0.56629741220678864,0.58548139133923993,0.01918397913245129,0.90129684073043859,10000,0.0054999999999999997,0.62715641132076039,0.59359080196324443,0.6872939310382834
DOCKSTRING-58,200,75,6,row_disjoint_complement_map,0.68777503936593154,2,0.20000000000000001,0.56628657541769634,0.58548833473019601,0.019201759312499678,0.90122629539411947,200,0,0.62942560015082638,0.59718605352328735,0.6791651640366505
DOCKSTRING-58,200,75,8,full_source_map_including_calibration_rows,0.67117320616860476,2,0.14285714285714285,0.53608801513880355,0.55463872297887307,0.018550707840069514,0.90129684073043859,10000,0.0030000000000000001,0.58865614151348522,0.56186880118375171,0.63708014428473936
DOCKSTRING-58,200,75,8,row_disjoint_complement_map,0.67117320616860476,2,0.14285714285714285,0.53607444963144613,0.5546477562307095,0.018573306599263373,0.90122629539411947,200,0,0.59139213515614086,0.56337756206417267,0.62760853349276668
DOCKSTRING-58,200,75,10,full_source_map_including_calibration_rows,0.50074119333863332,3,0.17647058823529413,0.50753775223979436,0.52459073004645773,0.017052977806663372,0.89334600825778687,10000,0.0027000000000000001,0.55504003660467904,0.53305403975039001,0.59361836613889174
DOCKSTRING-58,200,75,10,row_disjoint_complement_map,0.50074119333863332,3,0.17647058823529413,0.50752774278007473,0.52460285043276722,0.017075107652692489,0.89340347137907328,200,0,0.55386812198267799,0.53463783960405364,0.58763607959195852
DOCKSTRING-58,200,76,6,full_source_map_including_calibration_rows,0.39127121579494284,2,0.20000000000000001,0.56629741220678864,0.57417081610189669,0.0078734038951080443,0.90010195828734063,10000,0.00020000000000000001,0.62715641132076039,0.59359080196324443,0.6872939310382834
DOCKSTRING-58,200,76,6,row_disjoint_complement_map,0.39127121579494284,2,0.20000000000000001,0.56629728333849594,0.57418792044940825,0.007890637110912313,0.90016422006881436,200,0,0.62941305535238146,0.59719276908915664,0.67916766640460846
DOCKSTRING-58,200,76,8,full_source_map_including_calibration_rows,0.45154591034211561,2,0.14285714285714285,0.53608801513880355,0.54592915862319424,0.0098411434843906909,0.90010195828734063,10000,0.0001,0.58865614151348522,0.56186880118375171,0.63708014428473936
DOCKSTRING-58,200,76,8,row_disjoint_complement_map,0.45154591034211561,2,0.14285714285714285,0.53608613270264238,0.54594739126701886,0.0098612585643764739,0.90016422006881436,200,0,0.59138325910605327,0.56338621996767047,0.62762338181219957
DOCKSTRING-58,200,76,10,full_source_map_including_calibration_rows,0.58717128831643117,3,0.17647058823529413,0.50753775223979436,0.52031730928397757,0.01277955704418321,0.90010195828734063,10000,0.00020000000000000001,0.55504003660467904,0.53305403975039001,0.59361836613889174
DOCKSTRING-58,200,76,10,row_disjoint_complement_map,0.58717128831643117,3,0.17647058823529413,0.50753113927612103,0.52033243554289721,0.012801296266776174,0.90016422006881436,200,0,0.55386051943865444,0.53464924388114932,0.58761969423453519
DOCKSTRING-58,200,77,6,full_source_map_including_calibration_rows,0.68509840674789124,5,0.7142857142857143,0.56629741220678864,0.57036329463302915,0.004065882426240508,0.87037946757054308,10000,0,0.62715641132076039,0.59359080196324443,0.6872939310382834
DOCKSTRING-58,200,77,6,row_disjoint_complement_map,0.68509840674789124,5,0.7142857142857143,0.56630443255697405,0.57037214110991041,0.0040677085529363666,0.870471055279047,200,0,0.62941967447539404,0.59720185652869917,0.67916170600360748
DOCKSTRING-58,200,77,8,full_source_map_including_calibration_rows,0.74602157428174731,6,0.59999999999999998,0.53608801513880355,0.54180755845905992,0.0057195433202563706,0.87037946757054308,10000,0,0.58865614151348522,0.56186880118375171,0.63708014428473936
DOCKSTRING-58,200,77,8,row_disjoint_complement_map,0.74602157428174731,6,0.59999999999999998,0.53609585776985813,0.54181736900808508,0.0057215112382269506,0.870471055279047,200,0,0.59138120387580451,0.56338587930795914,0.6275917733273737
DOCKSTRING-58,200,77,10,full_source_map_including_calibration_rows,0.64624338503736289,6,0.42857142857142855,0.50753775223979436,0.51443370121816245,0.0068959489783680938,0.87037946757054308,10000,0,0.55504003660467904,0.53305403975039001,0.59361836613889174
DOCKSTRING-58,200,77,10,row_disjoint_complement_map,0.64624338503736289,6,0.42857142857142855,0.50754146942412992,0.51444449350327992,0.0069030240791499997,0.870471055279047,200,0,0.55385739961689262,0.53464675033295483,0.58763391317781588
DOCKSTRING-58,200,78,6,full_source_map_including_calibration_rows,0.49878171599363241,2,0.20000000000000001,0.56629741220678864,0.58536003180686158,0.019062619600072939,0.90010195828734063,10000,0.0054999999999999997,0.62715641132076039,0.59359080196324443,0.6872939310382834
DOCKSTRING-58,200,78,6,row_disjoint_complement_map,0.49878171599363241,2,0.20000000000000001,0.56626965761411641,0.58532271028460492,0.019053052670488513,0.90007871161053921,200,0,0.62939342398839149,0.59716832174205947,0.67914002227995307
DOCKSTRING-58,200,78,8,full_source_map_including_calibration_rows,0.40667256648121447,3,0.23076923076923078,0.53608801513880355,0.55472082392650734,0.018632808787703792,0.83680415034695721,10000,0.0032000000000000002,0.58865614151348522,0.56186880118375171,0.63708014428473936
DOCKSTRING-58,200,78,8,row_disjoint_complement_map,0.40667256648121447,3,0.23076923076923078,0.53605770831753996,0.55471019162276258,0.018652483305222622,0.83685586078235308,200,0,0.59134615767440468,0.56336242199781428,0.62758061635495677
DOCKSTRING-58,200,78,10,full_source_map_including_calibration_rows,0.54330420441014982,6,0.42857142857142855,0.50753775223979436,0.52155399326225049,0.014016241022456133,0.83680415034695721,10000,0.00050000000000000001,0.55504003660467904,0.53305403975039001,0.59361836613889174
DOCKSTRING-58,200,78,10,row_disjoint_complement_map,0.54330420441014982,6,0.42857142857142855,0.50751012397997775,0.52153297979206403,0.014022855812086288,0.83685586078235308,200,0,0.55377943999734713,0.53456943474948648,0.58758741866430653
DOCKSTRING-58,200,79,6,full_source_map_including_calibration_rows,0.64171146176521587,3,0.33333333333333331,0.56629741220678864,0.57416971402162398,0.0078723018148353363,0.91991643054856909,10000,0.00020000000000000001,0.62715641132076039,0.59359080196324443,0.6872939310382834
DOCKSTRING-58,200,79,6,row_disjoint_complement_map,0.64171146176521587,3,0.33333333333333331,0.56628181200232519,0.57416259652673385,0.0078807845244086572,0.91989174787851768,200,0,0.62941025104702431,0.59717221182320235,0.67917335212598628
DOCKSTRING-58,200,79,8,full_source_map_including_calibration_rows,0.5380886426592798,3,0.23076923076923078,0.53608801513880355,0.54699934312418175,0.010911327985378194,0.90010195828734063,10000,0.00020000000000000001,0.58865614151348522,0.56186880118375171,0.63708014428473936
DOCKSTRING-58,200,79,8,row_disjoint_complement_map,0.5380886426592798,3,0.23076923076923078,0.53607313270380597,0.54699609770125157,0.010922964997445606,0.90012848572049298,200,0,0.59138484443895267,0.56337032334738224,0.62761544662270496
DOCKSTRING-58,200,79,10,full_source_map_including_calibration_rows,0.75615483675479134,6,0.42857142857142855,0.50753775223979436,0.5169496874355809,0.009411935195786536,0.90010195828734063,10000,0,0.55504003660467904,0.53305403975039001,0.59361836613889174
DOCKSTRING-58,200,79,10,row_disjoint_complement_map,0.75615483675479134,6,0.42857142857142855,0.50752428454270815,0.51694288286240908,0.0094185983197009326,0.90012848572049298,200,0,0.55385003830257262,0.53462917560238232,0.58762855553773707
DOCKSTRING-58,200,80,6,full_source_map_including_calibration_rows,0.65246518630033867,2,0.20000000000000001,0.56629741220678864,0.57771237996265601,0.011414967755867367,0.89334600825778687,10000,0.00059999999999999995,0.62715641132076039,0.59359080196324443,0.6872939310382834
DOCKSTRING-58,200,80,6,row_disjoint_complement_map,0.65246518630033867,2,0.20000000000000001,0.56629880280337486,0.5777283836539604,0.011429580850585541,0.89342919161164991,200,0,0.62941933497728031,0.59720218049745544,0.67918072909819804
DOCKSTRING-58,200,80,8,full_source_map_including_calibration_rows,0.56720820501229052,2,0.14285714285714285,0.53608801513880355,0.5503934360359084,0.014305420897104848,0.89334600825778687,10000,0.00069999999999999999,0.58865614151348522,0.56186880118375171,0.63708014428473936
DOCKSTRING-58,200,80,8,row_disjoint_complement_map,0.56720820501229052,2,0.14285714285714285,0.53608689096167306,0.55041362486704148,0.014326733905368427,0.89342919161164991,200,0,0.591407385937885,0.56338817540737507,0.62761328547237138
DOCKSTRING-58,200,80,10,full_source_map_including_calibration_rows,0.73042118199083905,4,0.25,0.50753775223979436,0.52025805526816837,0.012720303028374014,0.84255227707466229,10000,0.00020000000000000001,0.55504003660467904,0.53305403975039001,0.59361836613889174
DOCKSTRING-58,200,80,10,row_disjoint_complement_map,0.73042118199083905,4,0.25,0.50753790194681547,0.520277780740379,0.01273987879356353,0.84253797212111792,200,0,0.55387196526826865,0.53464312019295601,0.58765226365276635
DOCKSTRING-58,200,81,6,full_source_map_including_calibration_rows,0.50075322006180456,3,0.33333333333333331,0.56629741220678864,0.57499030651008998,0.0086928943033013351,0.90010195828734063,10000,0.00029999999999999997,0.62715641132076039,0.59359080196324443,0.6872939310382834
DOCKSTRING-58,200,81,6,row_disjoint_complement_map,0.50075322006180456,3,0.33333333333333331,0.56629499701037078,0.57499444865668914,0.0086994516463183569,0.90003984509488011,200,0,0.62941872995002868,0.59719405713199136,0.67915359666718633
DOCKSTRING-58,200,81,8,full_source_map_including_calibration_rows,0.49580081962611577,3,0.23076923076923078,0.53608801513880355,0.54758381908569076,0.011495803946887206,0.90010195828734063,10000,0.00029999999999999997,0.58865614151348522,0.56186880118375171,0.63708014428473936
DOCKSTRING-58,200,81,8,row_disjoint_complement_map,0.49580081962611577,3,0.23076923076923078,0.53608063049101229,0.54758811064709045,0.011507480156078165,0.90003984509488011,200,0,0.59138398063898268,0.56337091639088754,0.62760542471593062
DOCKSTRING-58,200,81,10,full_source_map_including_calibration_rows,0.49253844405726838,4,0.25,0.50753775223979436,0.51862590494892424,0.011088152709129884,0.91046350452599822,10000,0,0.55504003660467904,0.53305403975039001,0.59361836613889174
DOCKSTRING-58,200,81,10,row_disjoint_complement_map,0.49253844405726838,4,0.25,0.50752841499408341,0.51862922244715459,0.011100807453071182,0.9104817722535431,200,0,0.55385510718388065,0.53463498286537547,0.5876320596855642
DOCKSTRING-58,200,82,6,full_source_map_including_calibration_rows,0.50170556410541178,4,0.5,0.56629741220678864,0.56965453510511888,0.0033571228983302337,0.90010195828734063,10000,0,0.62715641132076039,0.59359080196324443,0.6872939310382834
DOCKSTRING-58,200,82,6,row_disjoint_complement_map,0.50170556410541178,4,0.5,0.56629874543708036,0.5696757996445645,0.0033770542074841314,0.90000116613778502,200,0,0.6294315792268087,0.59720309636190572,0.67915418940952366
DOCKSTRING-58,200,82,8,full_source_map_including_calibration_rows,0.49493017676481904,6,0.59999999999999998,0.53608801513880355,0.53960877242646355,0.0035207572876599924,0.83357233750752746,10000,0,0.58865614151348522,0.56186880118375171,0.63708014428473936
DOCKSTRING-58,200,82,8,row_disjoint_complement_map,0.49493017676481904,6,0.59999999999999998,0.53609121611292732,0.53963219485479685,0.0035409787418695382,0.83356008040416874,200,0,0.59140258108997856,0.56340423953212049,0.62760629517794297
DOCKSTRING-58,200,82,10,full_source_map_including_calibration_rows,0.60161844245769669,8,0.66666666666666663,0.50753775223979436,0.51135625693735443,0.0038185046975600656,0.80219180584248329,10000,0,0.55504003660467904,0.53305403975039001,0.59361836613889174
DOCKSTRING-58,200,82,10,row_disjoint_complement_map,0.60161844245769669,8,0.66666666666666663,0.50753797728722605,0.51137656307136736,0.0038385857841413129,0.8022459453571118,200,0,0.55387666040853323,0.53465228771720907,0.58765234468948424
DOCKSTRING-58,200,83,6,full_source_map_including_calibration_rows,0.72337114513694201,4,0.5,0.56629741220678864,0.57003285333408271,0.0037354411272940702,0.91991643054856909,10000,0,0.62715641132076039,0.59359080196324443,0.6872939310382834
DOCKSTRING-58,200,83,6,row_disjoint_complement_map,0.72337114513694201,4,0.5,0.56631343194231021,0.57005429433122135,0.003740862388911137,0.91988107180986545,200,0,0.629415336867722,0.59719992853006809,0.67913300943069055
DOCKSTRING-58,200,83,8,full_source_map_including_calibration_rows,0.46930010540216377,5,0.45454545454545453,0.53608801513880355,0.53945718435903001,0.0033691692202264534,0.91089310430050541,10000,0,0.58865614151348522,0.56186880118375171,0.63708014428473936
DOCKSTRING-58,200,83,8,row_disjoint_complement_map,0.46930010540216377,5,0.45454545454545453,0.53610503141193255,0.5394783958860776,0.0033733644741450464,0.91094669531523464,200,0,0.59139404084777425,0.56339362020135519,0.627601109953554
DOCKSTRING-58,200,83,10,full_source_map_including_calibration_rows,0.63479920464436579,6,0.42857142857142855,0.50753775223979436,0.51139463524692885,0.0038568830071344928,0.84255227707466229,10000,0,0.55504003660467904,0.53305403975039001,0.59361836613889174
DOCKSTRING-58,200,83,10,row_disjoint_complement_map,0.63479920464436579,6,0.42857142857142855,0.50754883378846438,0.51141494314418989,0.0038661093557255111,0.84265493669506242,200,0,0.55386307524241407,0.53464801710087817,0.58763691212799674
DOCKSTRING-58,200,84,6,full_source_map_including_calibration_rows,0.37922699035687363,2,0.20000000000000001,0.56629741220678864,0.57064658498038578,0.004349172773597143,0.90114388780564503,10000,0,0.62715641132076039,0.59359080196324443,0.6872939310382834
DOCKSTRING-58,200,84,6,row_disjoint_complement_map,0.37922699035687363,2,0.20000000000000001,0.56630847346349933,0.57066792564671931,0.0043594521832199806,0.90121298854929821,200,0,0.62943149909604157,0.59720793165894903,0.67916555144852209
DOCKSTRING-58,200,84,8,full_source_map_including_calibration_rows,0.40616554516111386,4,0.33333333333333331,0.53608801513880355,0.54151466573922213,0.005426650600418581,0.88694435278989781,10000,0,0.58865614151348522,0.56186880118375171,0.63708014428473936
DOCKSTRING-58,200,84,8,row_disjoint_complement_map,0.40616554516111386,4,0.33333333333333331,0.53609710005716515,0.54153607383217983,0.0054389737750146772,0.8869105644096269,200,0,0.59140701694004205,0.56338955336814289,0.62760521609146502
DOCKSTRING-58,200,84,10,full_source_map_including_calibration_rows,0.46734121741372087,7,0.53846153846153844,0.50753775223979436,0.51344811553769443,0.0059103632979000675,0.80219180584248329,10000,0,0.55504003660467904,0.53305403975039001,0.59361836613889174
DOCKSTRING-58,200,84,10,row_disjoint_complement_map,0.46734121741372087,7,0.53846153846153844,0.50754699457938535,0.51345949995611651,0.0059125053767311586,0.80221518226650512,200,0,0.55386720484728946,0.53465613843915205,0.58762811968872619
DOCKSTRING-58,200,85,6,full_source_map_including_calibration_rows,0.75349574010392339,4,0.5,0.56629741220678864,0.5749391226426922,0.0086417104359035601,0.90010195828734063,10000,0.00029999999999999997,0.62715641132076039,0.59359080196324443,0.6872939310382834
DOCKSTRING-58,200,85,6,row_disjoint_complement_map,0.75349574010392339,4,0.5,0.56630331816039736,0.57495557655389051,0.0086522583934931507,0.90016413937671003,200,0,0.62941838493519642,0.59718778867672462,0.67917730214240846
DOCKSTRING-58,200,85,8,full_source_map_including_calibration_rows,0.78625090835578038,4,0.33333333333333331,0.53608801513880355,0.54758537206559965,0.011497356926796098,0.89383242711227562,10000,0.00029999999999999997,0.58865614151348522,0.56186880118375171,0.63708014428473936
DOCKSTRING-58,200,85,8,row_disjoint_complement_map,0.78625090835578038,4,0.33333333333333331,0.5360925337816107,0.54759931020087205,0.011506776419261344,0.89372733962562778,200,0,0.59139067684987834,0.56338354853302175,0.627619284371977
DOCKSTRING-58,200,85,10,full_source_map_including_calibration_rows,0.53519374391344143,6,0.42857142857142855,0.50753775223979436,0.51660542481498684,0.0090676725751924758,0.89383242711227562,10000,0,0.55504003660467904,0.53305403975039001,0.59361836613889174
DOCKSTRING-58,200,85,10,row_disjoint_complement_map,0.53519374391344143,6,0.42857142857142855,0.50753832883399508,0.51661585230935048,0.0090775234753553979,0.89372733962562778,200,0,0.55386930847842142,0.53464608341387465,0.58763136554962214
DOCKSTRING-58,200,86,6,full_source_map_including_calibration_rows,0.61007602048657406,2,0.20000000000000001,0.56629741220678864,0.57517407906535101,0.0088766668585623654,0.85450607627113873,10000,0.00029999999999999997,0.62715641132076039,0.59359080196324443,0.6872939310382834
DOCKSTRING-58,200,86,6,row_disjoint_complement_map,0.61007602048657406,2,0.20000000000000001,0.56631238603093448,0.57520268540492647,0.0088902993739919944,0.85452197772572069,200,0,0.62943340998930097,0.59721115243923806,0.67917635669879728
DOCKSTRING-58,200,86,8,full_source_map_including_calibration_rows,0.61200315066701183,4,0.33333333333333331,0.53608801513880355,0.54452790054767863,0.0084398854088750808,0.8325093919846549,10000,0,0.58865614151348522,0.56186880118375171,0.63708014428473936
DOCKSTRING-58,200,86,8,row_disjoint_complement_map,0.61200315066701183,4,0.33333333333333331,0.53610197756469413,0.54456129552882115,0.0084593179641270222,0.83254340409638328,200,0,0.59140070583252524,0.56339110368251355,0.62761901879697668
DOCKSTRING-58,200,86,10,full_source_map_including_calibration_rows,0.4419408392762052,5,0.33333333333333331,0.50753775223979436,0.51871863161237486,0.011180879372580499,0.8325093919846549,10000,0.0001,0.55504003660467904,0.53305403975039001,0.59361836613889174
DOCKSTRING-58,200,86,10,row_disjoint_complement_map,0.4419408392762052,5,0.33333333333333331,0.50755407665529995,0.51874964342364993,0.011195566768349985,0.83254340409638328,200,0,0.55387027050388471,0.53464644964130359,0.58764765274294406
DOCKSTRING-58,200,87,6,full_source_map_including_calibration_rows,0.75072713727791951,1,0.090909090909090912,0.56629741220678864,0.57858345501823627,0.012286042811447628,0.85450607627113873,10000,0.00069999999999999999,0.62715641132076039,0.59359080196324443,0.6872939310382834
DOCKSTRING-58,200,87,6,row_disjoint_complement_map,0.75072713727791951,1,0.090909090909090912,0.56628572367922747,0.57859827314755907,0.012312549468331602,0.85449444718960388,200,0,0.62941610007410986,0.5971903197648778,0.67915638689772928
DOCKSTRING-58,200,87,8,full_source_map_including_calibration_rows,0.507125439596123,2,0.14285714285714285,0.53608801513880355,0.54877981384398866,0.012691798705185109,0.85450607627113873,10000,0.00050000000000000001,0.58865614151348522,0.56186880118375171,0.63708014428473936
DOCKSTRING-58,200,87,8,row_disjoint_complement_map,0.507125439596123,2,0.14285714285714285,0.53607819548085123,0.54879515399799017,0.012716958517138943,0.85449444718960388,200,0,0.59138652079884024,0.56339082987484501,0.62760486105525026
DOCKSTRING-58,200,87,10,full_source_map_including_calibration_rows,0.72993422272013975,2,0.1111111111111111,0.50753775223979436,0.52523478999459627,0.017697037754801914,0.87497344705519442,10000,0.0030000000000000001,0.55504003660467904,0.53305403975039001,0.59361836613889174
DOCKSTRING-58,200,87,10,row_disjoint_complement_map,0.72993422272013975,2,0.1111111111111111,0.50752423148357506,0.52525311541934783,0.017728883935772766,0.87495256898342322,200,0,0.55386618906217577,0.5346475358244781,0.58761840204147109
DOCKSTRING-58,200,88,6,full_source_map_including_calibration_rows,0.462980513226669,2,0.20000000000000001,0.56629741220678864,0.57908194969201954,0.012784537485230896,0.90129684073043859,10000,0.00089999999999999998,0.62715641132076039,0.59359080196324443,0.6872939310382834
DOCKSTRING-58,200,88,6,row_disjoint_complement_map,0.462980513226669,2,0.20000000000000001,0.56629422383431249,0.57909596951276032,0.012801745678447829,0.90139900489253089,200,0,0.62941384243439291,0.59718716174292408,0.67917559707553166
DOCKSTRING-58,200,88,8,full_source_map_including_calibration_rows,0.50586577353172646,3,0.23076923076923078,0.53608801513880355,0.55061796568539467,0.014529950546591119,0.90129684073043859,10000,0.00069999999999999999,0.58865614151348522,0.56186880118375171,0.63708014428473936
DOCKSTRING-58,200,88,8,row_disjoint_complement_map,0.50586577353172646,3,0.23076923076923078,0.53608109783841029,0.55063318487032442,0.014552087031914129,0.90139900489253089,200,0,0.59138913091503786,0.56337255909502737,0.62762086620776314
DOCKSTRING-58,200,88,10,full_source_map_including_calibration_rows,0.78063889419708266,5,0.33333333333333331,0.50753775223979436,0.52401620693926521,0.016478454699470846,0.89334600825778687,10000,0.002,0.55504003660467904,0.53305403975039001,0.59361836613889174
DOCKSTRING-58,200,88,10,row_disjoint_complement_map,0.78063889419708266,5,0.33333333333333331,0.50753358053656361,0.52402249148329005,0.016488910946726443,0.89335218554841278,200,0,0.55386659017577766,0.53463723668064134,0.58764246086908523
DOCKSTRING-58,200,89,6,full_source_map_including_calibration_rows,0.59162785453616951,3,0.33333333333333331,0.56629741220678864,0.5738696170459392,0.0075722048391505536,0.91991643054856909,10000,0.00020000000000000001,0.62715641132076039,0.59359080196324443,0.6872939310382834
DOCKSTRING-58,200,89,6,row_disjoint_complement_map,0.59162785453616951,3,0.33333333333333331,0.56630192706690963,0.57388500452638247,0.0075830774594728423,0.91993485323418789,200,0,0.62941413997401963,0.59719809645296207,0.67916910022954979
DOCKSTRING-58,200,89,8,full_source_map_including_calibration_rows,0.55073661636751514,5,0.45454545454545453,0.53608801513880355,0.54492957949502163,0.008841564356218079,0.84255227707466229,10000,0,0.58865614151348522,0.56186880118375171,0.63708014428473936
DOCKSTRING-58,200,89,8,row_disjoint_complement_map,0.55073661636751514,5,0.45454545454545453,0.53609443201934226,0.54493669895867169,0.0088422669393294351,0.84257067432801569,200,0,0.59138235547059492,0.56339861267384439,0.62760558435427372
DOCKSTRING-58,200,89,10,full_source_map_including_calibration_rows,0.63351496949090924,7,0.53846153846153844,0.50753775223979436,0.5161866743311061,0.0086489220913117393,0.80219180584248329,10000,0,0.55504003660467904,0.53305403975039001,0.59361836613889174
DOCKSTRING-58,200,89,10,row_disjoint_complement_map,0.63351496949090924,7,0.53846153846153844,0.50754234174852964,0.51619504290382512,0.0086527011552954836,0.80213644539939866,200,0,0.55386029558106864,0.53464923383090068,0.58763746326695598
DOCKSTRING-58,200,90,6,full_source_map_including_calibration_rows,0.45313470119525523,2,0.20000000000000001,0.56629741220678864,0.57669222131498321,0.010394809108194569,0.90129684073043859,10000,0.00059999999999999995,0.62715641132076039,0.59359080196324443,0.6872939310382834
DOCKSTRING-58,200,90,6,row_disjoint_complement_map,0.45313470119525523,2,0.20000000000000001,0.56629683038622614,0.5767079531479733,0.01041112276174716,0.90128114375911772,200,0,0.62943200959983181,0.59720140483401163,0.67916276862732383
DOCKSTRING-58,200,90,8,full_source_map_including_calibration_rows,0.52803649839057243,5,0.45454545454545453,0.53608801513880355,0.54382276444205868,0.0077347493032551284,0.85450607627113873,10000,0,0.58865614151348522,0.56186880118375171,0.63708014428473936
DOCKSTRING-58,200,90,8,row_disjoint_complement_map,0.52803649839057243,5,0.45454545454545453,0.53609067171491476,0.54383746264321708,0.0077467909283023273,0.85444622575616114,200,0,0.59139933184961468,0.56340563106803199,0.6275780662575714
DOCKSTRING-58,200,90,10,full_source_map_including_calibration_rows,0.8399978024910334,7,0.53846153846153844,0.50753775223979436,0.51456313766023454,0.0070253854204401778,0.83336782288455868,10000,0,0.55504003660467904,0.53305403975039001,0.59361836613889174
DOCKSTRING-58,200,90,10,row_disjoint_complement_map,0.8399978024910334,7,0.53846153846153844,0.50754020303907854,0.51457895609218951,0.0070387530531109688,0.83347388571016512,200,0,0.55386863761736493,0.53464151387583692,0.58764201739168842
DOCKSTRING-58,200,91,6,full_source_map_including_calibration_rows,0.50505678513192653,3,0.33333333333333331,0.56629741220678864,0.57319692672968536,0.0068995145228967214,0.90010195828734063,10000,0.0001,0.62715641132076039,0.59359080196324443,0.6872939310382834
DOCKSTRING-58,200,91,6,row_disjoint_complement_map,0.50505678513192653,3,0.33333333333333331,0.56629917503739247,0.57321224163781348,0.006913066600421014,0.90013095984388891,200,0,0.62941856143894803,0.59719736810937585,0.67917668750544546
DOCKSTRING-58,200,91,8,full_source_map_including_calibration_rows,0.53377181887174296,3,0.23076923076923078,0.53608801513880355,0.5451370175375656,0.0090490023987620516,0.90010195828734063,10000,0,0.58865614151348522,0.56186880118375171,0.63708014428473936
DOCKSTRING-58,200,91,8,row_disjoint_complement_map,0.53377181887174296,3,0.23076923076923078,0.53608704748016611,0.54515646513395477,0.0090694176537886584,0.90013095984388891,200,0,0.59139027318484139,0.56338724500919179,0.62761903073309766
DOCKSTRING-58,200,91,10,full_source_map_including_calibration_rows,0.629165297146703,5,0.33333333333333331,0.50753775223979436,0.51369252900494888,0.0061547767651545238,0.84255227707466229,10000,0,0.55504003660467904,0.53305403975039001,0.59361836613889174
DOCKSTRING-58,200,91,10,row_disjoint_complement_map,0.629165297146703,5,0.33333333333333331,0.50753386696853309,0.51370766234902532,0.0061737953804922308,0.84255020102911315,200,0,0.55385905813155167,0.53464571112033921,0.58761117023634746
DOCKSTRING-58,200,92,6,full_source_map_including_calibration_rows,0.80136949581183481,4,0.5,0.56629741220678864,0.57338203334048199,0.0070846211336933473,0.91991643054856909,10000,0.0001,0.62715641132076039,0.59359080196324443,0.6872939310382834
DOCKSTRING-58,200,92,6,row_disjoint_complement_map,0.80136949581183481,4,0.5,0.56629594646251002,0.57338920798681503,0.0070932615243050057,0.91990347436886188,200,0,0.62940961332064538,0.59719433020094215,0.67917431489542235
DOCKSTRING-58,200,92,8,full_source_map_including_calibration_rows,0.73073429307331428,5,0.45454545454545453,0.53608801513880355,0.54286232752999175,0.0067743123911881975,0.90010195828734063,10000,0,0.58865614151348522,0.56186880118375171,0.63708014428473936
DOCKSTRING-58,200,92,8,row_disjoint_complement_map,0.73073429307331428,5,0.45454545454545453,0.53608555891780996,0.54287194341687361,0.0067863844990636579,0.90009448437878681,200,0,0.59139598279760874,0.56338905763209024,0.62761994843665148
DOCKSTRING-58,200,92,10,full_source_map_including_calibration_rows,0.55251869735025505,6,0.42857142857142855,0.50753775223979436,0.51882114745828767,0.011283395218493308,0.89383242711227562,10000,0.0001,0.55504003660467904,0.53305403975039001,0.59361836613889174
DOCKSTRING-58,200,92,10,row_disjoint_complement_map,0.55251869735025505,6,0.42857142857142855,0.50753679664751439,0.51883087132887507,0.011294074681360677,0.89390577818736339,200,0,0.55386424972671633,0.53464064096898856,0.58762256580219796
DOCKSTRING-58,200,93,6,full_source_map_including_calibration_rows,0.47522943439676202,3,0.33333333333333331,0.56629741220678864,0.57108692954821649,0.0047895173414278513,0.89334600825778687,10000,0,0.62715641132076039,0.59359080196324443,0.6872939310382834
DOCKSTRING-58,200,93,6,row_disjoint_complement_map,0.47522943439676202,3,0.33333333333333331,0.56629937409617426,0.57109374818529068,0.0047943740891164266,0.8933194230577981,200,0,0.62941265264005819,0.59720287799351779,0.67916585959147291
DOCKSTRING-58,200,93,8,full_source_map_including_calibration_rows,0.505767951337737,5,0.45454545454545453,0.53608801513880355,0.54100847931290341,0.0049204641740998589,0.88694435278989781,10000,0,0.58865614151348522,0.56186880118375171,0.63708014428473936
DOCKSTRING-58,200,93,8,row_disjoint_complement_map,0.505767951337737,5,0.45454545454545453,0.53608906171267079,0.54101550424686584,0.0049264425341950524,0.88693993593546239,200,0,0.59138531340416201,0.56338689241210149,0.62760803615850203
DOCKSTRING-58,200,93,10,full_source_map_including_calibration_rows,0.70703766957754643,7,0.53846153846153844,0.50753775223979436,0.5126989430293778,0.0051611907895834364,0.80568874168266769,10000,0,0.55504003660467904,0.53305403975039001,0.59361836613889174
DOCKSTRING-58,200,93,10,row_disjoint_complement_map,0.70703766957754643,7,0.53846153846153844,0.50753868352378306,0.51270635184253954,0.0051676683187564798,0.80573069514323925,200,0,0.55386585163448721,0.53464008238011862,0.58763866607605708
DOCKSTRING-58,200,94,6,full_source_map_including_calibration_rows,0.55076067283839969,3,0.33333333333333331,0.56629741220678864,0.57538558958828079,0.0090881773814921463,0.90010195828734063,10000,0.00029999999999999997,0.62715641132076039,0.59359080196324443,0.6872939310382834
DOCKSTRING-58,200,94,6,row_disjoint_complement_map,0.55076067283839969,3,0.33333333333333331,0.56630090207947947,0.5753983523821361,0.0090974503026566289,0.90011634253998352,200,0,0.6294303461209757,0.5972078199082741,0.67916207642853943
DOCKSTRING-58,200,94,8,full_source_map_including_calibration_rows,0.55792317812033576,4,0.33333333333333331,0.53608801513880355,0.54646665327895905,0.010378638140155494,0.90010195828734063,10000,0.0001,0.58865614151348522,0.56186880118375171,0.63708014428473936
DOCKSTRING-58,200,94,8,row_disjoint_complement_map,0.55792317812033576,4,0.33333333333333331,0.53609071918267526,0.54647958320275114,0.010388864020075883,0.90011634253998352,200,0,0.59140230498926649,0.56339298355675527,0.62760833742427824
DOCKSTRING-58,200,94,10,full_source_map_including_calibration_rows,0.82801001974295141,5,0.33333333333333331,0.50753775223979436,0.51763484367005763,0.010097091430263272,0.89148174007826553,10000,0,0.55504003660467904,0.53305403975039001,0.59361836613889174
DOCKSTRING-58,200,94,10,row_disjoint_complement_map,0.82801001974295141,5,0.33333333333333331,0.50753738392984127,0.51764856289808803,0.010111178968246759,0.89145866765739645,200,0,0.55386448695933288,0.53464774907336854,0.58762638169920034
DOCKSTRING-58,200,95,6,full_source_map_including_calibration_rows,0.4264110900429674,3,0.33333333333333331,0.56629741220678864,0.570884619884515,0.0045872076777263571,0.89383242711227562,10000,0,0.62715641132076039,0.59359080196324443,0.6872939310382834
DOCKSTRING-58,200,95,6,row_disjoint_complement_map,0.4264110900429674,3,0.33333333333333331,0.56630036622962399,0.57090119443114684,0.0046008282015228552,0.89379108817851649,200,0,0.62943242745925798,0.59719614556316947,0.67917085918167908
DOCKSTRING-58,200,95,8,full_source_map_including_calibration_rows,0.41458040921774431,3,0.23076923076923078,0.53608801513880355,0.54670457651999316,0.010616561381189604,0.90129684073043859,10000,0.00020000000000000001,0.58865614151348522,0.56186880118375171,0.63708014428473936
DOCKSTRING-58,200,95,8,row_disjoint_complement_map,0.41458040921774431,3,0.23076923076923078,0.53609394681963929,0.54672764435653776,0.010633697536898468,0.90131206248724427,200,0,0.59139964724259708,0.56340257543024153,0.62761311595118729
DOCKSTRING-58,200,95,10,full_source_map_including_calibration_rows,0.50747896540978499,6,0.42857142857142855,0.50753775223979436,0.51727379061631895,0.0097360383765245917,0.88694435278989781,10000,0,0.55504003660467904,0.53305403975039001,0.59361836613889174
DOCKSTRING-58,200,95,10,row_disjoint_complement_map,0.50747896540978499,6,0.42857142857142855,0.50754686831990603,0.51729799236750496,0.0097511240475989247,0.88701690759162388,200,0,0.55386577840680018,0.53464153265364478,0.5876280007964525
DOCKSTRING-58,200,96,6,full_source_map_including_calibration_rows,0.84246697270966731,3,0.33333333333333331,0.56629741220678864,0.57313396239216008,0.0068365501853714372,0.90178335699167822,10000,0.0001,0.62715641132076039,0.59359080196324443,0.6872939310382834
DOCKSTRING-58,200,96,6,row_disjoint_complement_map,0.84246697270966731,3,0.33333333333333331,0.56628100471653198,0.57313020215640642,0.0068491974398744437,0.9017809971904801,200,0,0.62941622997831081,0.59718571584097435,0.67915287945394964
DOCKSTRING-58,200,96,8,full_source_map_including_calibration_rows,0.80487023389939127,3,0.23076923076923078,0.53608801513880355,0.54696572939424914,0.010877714255445592,0.89896435763704741,10000,0.00020000000000000001,0.58865614151348522,0.56186880118375171,0.63708014428473936
DOCKSTRING-58,200,96,8,row_disjoint_complement_map,0.80487023389939127,3,0.23076923076923078,0.5360718234306554,0.54697119856014398,0.010899375129488575,0.8989711900571169,200,0,0.59138681785295977,0.56336573190900274,0.62759965393906003
DOCKSTRING-58,200,96,10,full_source_map_including_calibration_rows,0.74885317744073532,4,0.25,0.50753775223979436,0.51878734685692351,0.011249594617129155,0.89896435763704741,10000,0.0001,0.55504003660467904,0.53305403975039001,0.59361836613889174
DOCKSTRING-58,200,96,10,row_disjoint_complement_map,0.74885317744073532,4,0.25,0.50752774383655319,0.51879286266077562,0.011265118824222431,0.8989711900571169,200,0,0.5538633409626782,0.53463131647412809,0.58764200980374826
DOCKSTRING-58,200,97,6,full_source_map_including_calibration_rows,0.52721746338767617,3,0.33333333333333331,0.56629741220678864,0.57970849639147937,0.013411084184690725,0.90496036166882332,10000,0.0011999999999999999,0.62715641132076039,0.59359080196324443,0.6872939310382834
DOCKSTRING-58,200,97,6,row_disjoint_complement_map,0.52721746338767617,3,0.33333333333333331,0.56628670868399633,0.57970977255933798,0.013423063875341645,0.90507066642761336,200,0,0.6294067310789262,0.59718320094519428,0.67915916134059306
DOCKSTRING-58,200,97,8,full_source_map_including_calibration_rows,0.55443676398356356,3,0.23076923076923078,0.53608801513880355,0.5456784624421338,0.0095904473033302517,0.89896435763704741,10000,0,0.58865614151348522,0.56186880118375171,0.63708014428473936
DOCKSTRING-58,200,97,8,row_disjoint_complement_map,0.55443676398356356,3,0.23076923076923078,0.53607817150691739,0.54567637093619226,0.0095981994292748674,0.8990551734533716,200,0,0.59137899289508078,0.56336868278066243,0.62759285043862212
DOCKSTRING-58,200,97,10,full_source_map_including_calibration_rows,0.7110016356565354,3,0.17647058823529413,0.50753775223979436,0.51835846016425269,0.010820707924458328,0.87399744265896107,10000,0,0.55504003660467904,0.53305403975039001,0.59361836613889174
DOCKSTRING-58,200,97,10,row_disjoint_complement_map,0.7110016356565354,3,0.17647058823529413,0.50752671643866321,0.51835338998401825,0.010826673545355048,0.87398374820688396,200,0,0.5538575220053028,0.53462990138127597,0.58762574846536686
DOCKSTRING-58,200,98,6,full_source_map_including_calibration_rows,0.67279186292097104,2,0.20000000000000001,0.56629741220678864,0.59153349313551495,0.025236080928726312,0.89334600825778687,10000,0.0172,0.62715641132076039,0.59359080196324443,0.6872939310382834
DOCKSTRING-58,200,98,6,row_disjoint_complement_map,0.67279186292097104,2,0.20000000000000001,0.56628975149817429,0.5915479467031195,0.025258195204945211,0.89336237178851452,200,0.014999999999999999,0.62941662437865475,0.59718830911675702,0.67915986250348059
DOCKSTRING-58,200,98,8,full_source_map_including_calibration_rows,0.64830565993051081,3,0.23076923076923078,0.53608801513880355,0.55284700826011846,0.016758993121314902,0.89148174007826553,10000,0.0015,0.58865614151348522,0.56186880118375171,0.63708014428473936
DOCKSTRING-58,200,98,8,row_disjoint_complement_map,0.64830565993051081,3,0.23076923076923078,0.53607955080358838,0.55285664576987759,0.016777094966289208,0.89159247849258894,200,0,0.59139538828557858,0.56338138248353009,0.62760972340573196
DOCKSTRING-58,200,98,10,full_source_map_including_calibration_rows,0.56990391847972632,3,0.17647058823529413,0.50753775223979436,0.52378276407221547,0.016245011832421108,0.89148174007826553,10000,0.0019,0.55504003660467904,0.53305403975039001,0.59361836613889174
DOCKSTRING-58,200,98,10,row_disjoint_complement_map,0.56990391847972632,3,0.17647058823529413,0.50752869424746561,0.52379004372249616,0.016261349475030551,0.89159247849258894,200,0,0.55386597341625454,0.53463622880668782,0.5876433491726778
DOCKSTRING-58,200,99,6,full_source_map_including_calibration_rows,0.57277966015046988,3,0.33333333333333331,0.56629741220678864,0.57099692308794314,0.0046995108811545006,0.90010195828734063,10000,0,0.62715641132076039,0.59359080196324443,0.6872939310382834
DOCKSTRING-58,200,99,6,row_disjoint_complement_map,0.57277966015046988,3,0.33333333333333331,0.56629634277271801,0.57100831814160857,0.0047119753688905641,0.90010983016948487,200,0,0.62941725784481095,0.59719311486744631,0.67915520117750294
DOCKSTRING-58,200,99,8,full_source_map_including_calibration_rows,0.49076400802184261,2,0.14285714285714285,0.53608801513880355,0.55172490414645536,0.015636889007651811,0.87037946757054308,10000,0.00089999999999999998,0.58865614151348522,0.56186880118375171,0.63708014428473936
DOCKSTRING-58,200,99,8,row_disjoint_complement_map,0.49076400802184261,2,0.14285714285714285,0.53609013173384079,0.55174063919831584,0.01565050746447505,0.87041317197932255,200,0,0.59139209584493113,0.56339422579844156,0.62758973545570029
DOCKSTRING-58,200,99,10,full_source_map_including_calibration_rows,0.50564209178329622,2,0.1111111111111111,0.50753775223979436,0.52268282436690472,0.015145072127110359,0.87037946757054308,10000,0.0014,0.55504003660467904,0.53305403975039001,0.59361836613889174
DOCKSTRING-58,200,99,10,row_disjoint_complement_map,0.50564209178329622,2,0.1111111111111111,0.50753785684528452,0.52269877123411257,0.015160914388828051,0.87041317197932255,200,0,0.55385428374357581,0.53464720554948075,0.5876477209033244
DOCKSTRING-58,500,0,6,full_source_map_including_calibration_rows,0.6147852259337182,1,0.090909090909090912,0.56629741220678864,0.58275923179678291,0.016461819589994264,0.90178335699167822,10000,0.0027000000000000001,0.62715641132076039,0.59359080196324443,0.6872939310382834
DOCKSTRING-58,500,0,6,row_disjoint_complement_map,0.6147852259337182,1,0.090909090909090912,0.56629733281023653,0.58279356074355815,0.016496227933321617,0.90178078546518292,200,0,0.62943271327357009,0.59718986877481051,0.6791844463480381
DOCKSTRING-58,500,0,8,full_source_map_including_calibration_rows,0.40964465920433696,5,0.45454545454545453,0.53608801513880355,0.54622062662684923,0.010132611488045673,0.8626032851276686,10000,0.0001,0.58865614151348522,0.56186880118375171,0.63708014428473936
DOCKSTRING-58,500,0,8,row_disjoint_complement_map,0.40964465920433696,5,0.45454545454545453,0.53608757392371309,0.5462452068266247,0.010157632902911606,0.86279465473709116,200,0,0.59139236140693541,0.56339075846735998,0.62758348894650096
DOCKSTRING-58,500,0,10,full_source_map_including_calibration_rows,0.65206391852921419,5,0.33333333333333331,0.50753775223979436,0.51589837821525908,0.0083606259754647194,0.80568874168266769,10000,0,0.55504003660467904,0.53305403975039001,0.59361836613889174
DOCKSTRING-58,500,0,10,row_disjoint_complement_map,0.65206391852921419,5,0.33333333333333331,0.50753769648801361,0.51591550195272251,0.0083778054647088984,0.80565916529722026,200,0,0.55387572972182375,0.53463627312353001,0.58758722705761146
DOCKSTRING-58,500,1,6,full_source_map_including_calibration_rows,0.7718442650509455,3,0.33333333333333331,0.56629741220678864,0.57263548813077558,0.0063380759239869411,0.89383242711227562,10000,0.0001,0.62715641132076039,0.59359080196324443,0.6872939310382834
DOCKSTRING-58,500,1,6,row_disjoint_complement_map,0.7718442650509455,3,0.33333333333333331,0.56628874728657908,0.57265914240004601,0.0063703951134669312,0.89384619348852656,200,0,0.62941637166361941,0.59718740906746426,0.67917564723578572
DOCKSTRING-58,500,1,8,full_source_map_including_calibration_rows,0.77513668660322643,4,0.33333333333333331,0.53608801513880355,0.54269782081720763,0.0066098056784040793,0.83336782288455868,10000,0,0.58865614151348522,0.56186880118375171,0.63708014428473936
DOCKSTRING-58,500,1,8,row_disjoint_complement_map,0.77513668660322643,4,0.33333333333333331,0.53607510048416007,0.54272063206447274,0.0066455315803126691,0.83347714932782513,200,0,0.59139831455735203,0.56338890030663302,0.62760635835088208
DOCKSTRING-58,500,1,10,full_source_map_including_calibration_rows,0.7007412211980667,5,0.33333333333333331,0.50753775223979436,0.51537656546884281,0.0078388132290484469,0.83336782288455868,10000,0,0.55504003660467904,0.53305403975039001,0.59361836613889174
DOCKSTRING-58,500,1,10,row_disjoint_complement_map,0.7007412211980667,5,0.33333333333333331,0.50752028429887541,0.51540105049454366,0.0078807661956682429,0.83347714932782513,200,0,0.55386219629070554,0.5346555740903105,0.58763199227111862
DOCKSTRING-58,500,2,6,full_source_map_including_calibration_rows,0.76956986409700923,4,0.5,0.56629741220678864,0.57035013664742706,0.0040527244406384222,0.91991643054856909,10000,0,0.62715641132076039,0.59359080196324443,0.6872939310382834
DOCKSTRING-58,500,2,6,row_disjoint_complement_map,0.76956986409700923,4,0.5,0.56630523030486402,0.57037531030966937,0.0040700800048053543,0.9197943402653237,200,0,0.6294285033293141,0.59718728998956916,0.67919879342354561
DOCKSTRING-58,500,2,8,full_source_map_including_calibration_rows,0.59324369155177514,5,0.45454545454545453,0.53608801513880355,0.54043217706338686,0.0043441619245833119,0.90010195828734063,10000,0,0.58865614151348522,0.56186880118375171,0.63708014428473936
DOCKSTRING-58,500,2,8,row_disjoint_complement_map,0.59324369155177514,5,0.45454545454545453,0.53609617132807519,0.5404604601840578,0.0043642888559826121,0.90014676350719069,200,0,0.59140176742924933,0.56338974562820032,0.62764025453118755
DOCKSTRING-58,500,2,10,full_source_map_including_calibration_rows,0.69047222405169706,8,0.66666666666666663,0.50753775223979436,0.50962103376895163,0.0020832815291572659,0.80568874168266769,10000,0,0.55504003660467904,0.53305403975039001,0.59361836613889174
DOCKSTRING-58,500,2,10,row_disjoint_complement_map,0.69047222405169706,8,0.66666666666666663,0.50754545576933974,0.50964939051333313,0.0021039347439933964,0.80575791513824147,200,0,0.55387986409629564,0.53465898531328893,0.58765307551974721
DOCKSTRING-58,500,3,6,full_source_map_including_calibration_rows,0.60557224370480789,3,0.33333333333333331,0.56629741220678864,0.57217725217732407,0.0058798399705354276,0.91991643054856909,10000,0.0001,0.62715641132076039,0.59359080196324443,0.6872939310382834
DOCKSTRING-58,500,3,6,row_disjoint_complement_map,0.60557224370480789,3,0.33333333333333331,0.56629507625605124,0.57220315763545027,0.0059080813793990217,0.92000160634779726,200,0,0.62943401544065813,0.59719742377222906,0.67917491388052098
DOCKSTRING-58,500,3,8,full_source_map_including_calibration_rows,0.6772428415088193,5,0.45454545454545453,0.53608801513880355,0.54208760807647882,0.0059995929376752688,0.84255227707466229,10000,0,0.58865614151348522,0.56186880118375171,0.63708014428473936
DOCKSTRING-58,500,3,8,row_disjoint_complement_map,0.6772428415088193,5,0.45454545454545453,0.53608607743128434,0.54211558974948715,0.0060295123182028121,0.84267142421732411,200,0,0.5914040853713729,0.5634011052657536,0.62760532837481475
DOCKSTRING-58,500,3,10,full_source_map_including_calibration_rows,0.76523602189588502,6,0.42857142857142855,0.50753775223979436,0.51351970279738768,0.0059819505575933185,0.84255227707466229,10000,0,0.55504003660467904,0.53305403975039001,0.59361836613889174
DOCKSTRING-58,500,3,10,row_disjoint_complement_map,0.76523602189588502,6,0.42857142857142855,0.50753194801491008,0.51354371592972026,0.0060117679148101733,0.84267142421732411,200,0,0.5538851138936115,0.53465910679114959,0.58765464650233101
DOCKSTRING-58,500,4,6,full_source_map_including_calibration_rows,0.88261106284187263,3,0.33333333333333331,0.56629741220678864,0.5739805074178419,0.0076830952110532591,0.89896435763704741,10000,0.00020000000000000001,0.62715641132076039,0.59359080196324443,0.6872939310382834
DOCKSTRING-58,500,4,6,row_disjoint_complement_map,0.88261106284187263,3,0.33333333333333331,0.5662814439847359,0.57398406380926237,0.0077026198245264688,0.8988855534960084,200,0,0.62941952844209115,0.59719560046593756,0.67916579201188632
DOCKSTRING-58,500,4,8,full_source_map_including_calibration_rows,0.63907619439990282,7,0.77777777777777779,0.53608801513880355,0.53862224749217258,0.0025342323533690259,0.83357233750752746,10000,0,0.58865614151348522,0.56186880118375171,0.63708014428473936
DOCKSTRING-58,500,4,8,row_disjoint_complement_map,0.63907619439990282,7,0.77777777777777779,0.53607411162661511,0.53862208056702832,0.0025479689404132033,0.83369686314362101,200,0,0.59138879420738977,0.56336332311022619,0.62761676946194966
DOCKSTRING-58,500,4,10,full_source_map_including_calibration_rows,0.85039967419166795,7,0.53846153846153844,0.50753775223979436,0.51094628036053213,0.0034085281207377749,0.80705712516638939,10000,0,0.55504003660467904,0.53305403975039001,0.59361836613889174
DOCKSTRING-58,500,4,10,row_disjoint_complement_map,0.85039967419166795,7,0.53846153846153844,0.5075291320984272,0.51095064198792783,0.0034215098895006291,0.80718444592016492,200,0,0.55386613478856728,0.5346512145451976,0.58765462542155034
DOCKSTRING-58,500,5,6,full_source_map_including_calibration_rows,0.91344574284261337,3,0.33333333333333331,0.56629741220678864,0.57003974289056425,0.0037423306837756076,0.90010195828734063,10000,0,0.62715641132076039,0.59359080196324443,0.6872939310382834
DOCKSTRING-58,500,5,6,row_disjoint_complement_map,0.91344574284261337,3,0.33333333333333331,0.56630176603685956,0.57006200358824299,0.0037602375513834385,0.90007219809570649,200,0,0.62941781758205229,0.59719482187181228,0.67917955202370384
DOCKSTRING-58,500,5,8,full_source_map_including_calibration_rows,0.66476852115483176,5,0.45454545454545453,0.53608801513880355,0.53984481075819002,0.003756795619386466,0.88694435278989781,10000,0,0.58865614151348522,0.56186880118375171,0.63708014428473936
DOCKSTRING-58,500,5,8,row_disjoint_complement_map,0.66476852115483176,5,0.45454545454545453,0.53609184974131596,0.53986985387014719,0.0037780041288312249,0.88706980145273107,200,0,0.5913975291994793,0.56339162221121897,0.62761495030667891
DOCKSTRING-58,500,5,10,full_source_map_including_calibration_rows,0.76797669683869751,8,0.66666666666666663,0.50753775223979436,0.50986226895740205,0.0023245167176076942,0.80568874168266769,10000,0,0.55504003660467904,0.53305403975039001,0.59361836613889174
DOCKSTRING-58,500,5,10,row_disjoint_complement_map,0.76797669683869751,8,0.66666666666666663,0.50754641084003782,0.50988411682706858,0.0023377059870307582,0.80581804845838545,200,0,0.55387202315020789,0.53463800862231869,0.5876440402385763
DOCKSTRING-58,500,6,6,full_source_map_including_calibration_rows,0.70147209766430074,4,0.5,0.56629741220678864,0.5680493928123771,0.0017519806055884546,0.90010195828734063,10000,0,0.62715641132076039,0.59359080196324443,0.6872939310382834
DOCKSTRING-58,500,6,6,row_disjoint_complement_map,0.70147209766430074,4,0.5,0.56630311146329304,0.56806783693859186,0.0017647254752988228,0.9001722441560237,200,0,0.6294163084425608,0.59720883686210779,0.67918613544576001
DOCKSTRING-58,500,6,8,full_source_map_including_calibration_rows,0.78317588207150557,7,0.77777777777777779,0.53608801513880355,0.536947936722036,0.00085992158323244805,0.90010195828734063,10000,0,0.58865614151348522,0.56186880118375171,0.63708014428473936
DOCKSTRING-58,500,6,8,row_disjoint_complement_map,0.78317588207150557,7,0.77777777777777779,0.53609783643260223,0.53696743458294127,0.00086959815033904597,0.9001722441560237,200,0,0.59140148166183071,0.56339056433638901,0.62762107484858753
DOCKSTRING-58,500,6,10,full_source_map_including_calibration_rows,0.76798511383186485,9,0.81818181818181823,0.50753775223979436,0.50949669631580352,0.0019589440760091614,0.80568874168266769,10000,0,0.55504003660467904,0.53305403975039001,0.59361836613889174
DOCKSTRING-58,500,6,10,row_disjoint_complement_map,0.76798511383186485,9,0.81818181818181823,0.50755410392615075,0.50951596716763892,0.0019618632414881709,0.80580093393782704,200,0,0.55385572545874229,0.53464993623780688,0.58766356426712707
DOCKSTRING-58,500,7,6,full_source_map_including_calibration_rows,0.84222334114144359,4,0.5,0.56629741220678864,0.57134808294937134,0.0050506707425826969,0.90010195828734063,10000,0,0.62715641132076039,0.59359080196324443,0.6872939310382834
DOCKSTRING-58,500,7,6,row_disjoint_complement_map,0.84222334114144359,4,0.5,0.56628762321589476,0.57135344980708547,0.005065826591190703,0.90008230768505471,200,0,0.6294297037125085,0.5971964834598632,0.67919944005173338
DOCKSTRING-58,500,7,8,full_source_map_including_calibration_rows,0.59977998462906312,5,0.45454545454545453,0.53608801513880355,0.54090864394155624,0.0048206288027526911,0.90010195828734063,10000,0,0.58865614151348522,0.56186880118375171,0.63708014428473936
DOCKSTRING-58,500,7,8,row_disjoint_complement_map,0.59977998462906312,5,0.45454545454545453,0.53607748153495371,0.54091558001199269,0.0048380984770389768,0.90008230768505471,200,0,0.59139671756002832,0.56337254141042103,0.62766532509664563
DOCKSTRING-58,500,7,10,full_source_map_including_calibration_rows,0.94962015352873597,5,0.33333333333333331,0.50753775223979436,0.5134417803441802,0.0059040281043858389,0.89896435763704741,10000,0,0.55504003660467904,0.53305403975039001,0.59361836613889174
DOCKSTRING-58,500,7,10,row_disjoint_complement_map,0.94962015352873597,5,0.33333333333333331,0.50753085603102732,0.51345548427769916,0.005924628246671837,0.89915448554971467,200,0,0.55386490228475171,0.5346296377330938,0.58764248998091506
DOCKSTRING-58,500,8,6,full_source_map_including_calibration_rows,0.60566241647260777,5,0.7142857142857143,0.56629741220678864,0.5693743337731666,0.0030769215663779548,0.91991643054856909,10000,0,0.62715641132076039,0.59359080196324443,0.6872939310382834
DOCKSTRING-58,500,8,6,row_disjoint_complement_map,0.60566241647260777,5,0.7142857142857143,0.56629916984968376,0.56937265179901086,0.0030734819493271059,0.9199483238568158,200,0,0.62942177422546619,0.59719771837809776,0.67914731000412365
DOCKSTRING-58,500,8,8,full_source_map_including_calibration_rows,0.826852682805303,7,0.77777777777777779,0.53608801513880355,0.53811118827650528,0.0020231731377017281,0.84255227707466229,10000,0,0.58865614151348522,0.56186880118375171,0.63708014428473936
DOCKSTRING-58,500,8,8,row_disjoint_complement_map,0.826852682805303,7,0.77777777777777779,0.53608747362236486,0.5381124639316951,0.0020249903093302324,0.84260972770919118,200,0,0.5913787012099383,0.5633880239659963,0.62760505401091016
DOCKSTRING-58,500,8,10,full_source_map_including_calibration_rows,0.62881064834693001,7,0.53846153846153844,0.50753775223979436,0.51173907458015566,0.004201322340361302,0.84255227707466229,10000,0,0.55504003660467904,0.53305403975039001,0.59361836613889174
DOCKSTRING-58,500,8,10,row_disjoint_complement_map,0.62881064834693001,7,0.53846153846153844,0.50752975658868593,0.51174536688386452,0.0042156102951785845,0.84260972770919118,200,0,0.55384265109119735,0.53463899172682816,0.58759426061753628
DOCKSTRING-58,500,9,6,full_source_map_including_calibration_rows,0.87516250667558548,4,0.5,0.56629741220678864,0.56826776414040847,0.0019703519336198294,0.91991643054856909,10000,0,0.62715641132076039,0.59359080196324443,0.6872939310382834
DOCKSTRING-58,500,9,6,row_disjoint_complement_map,0.87516250667558548,4,0.5,0.56630250104842106,0.56827116509070807,0.0019686640422870161,0.91985853199662537,200,0,0.62940631720730278,0.59719911353885846,0.67913587977244272
DOCKSTRING-58,500,9,8,full_source_map_including_calibration_rows,0.82964861689629388,6,0.59999999999999998,0.53608801513880355,0.53800643229679002,0.0019184171579864628,0.90114388780564503,10000,0,0.58865614151348522,0.56186880118375171,0.63708014428473936
DOCKSTRING-58,500,9,8,row_disjoint_complement_map,0.82964861689629388,6,0.59999999999999998,0.53609352103255659,0.53801434852857832,0.0019208274960217375,0.90126428758750354,200,0,0.59138974457207538,0.56339012566135582,0.6275945113910768
DOCKSTRING-58,500,9,10,full_source_map_including_calibration_rows,0.63607682997562598,8,0.66666666666666663,0.50753775223979436,0.50897222166781042,0.0014344694280160608,0.80219180584248329,10000,0,0.55504003660467904,0.53305403975039001,0.59361836613889174
DOCKSTRING-58,500,9,10,row_disjoint_complement_map,0.63607682997562598,8,0.66666666666666663,0.50754066173199186,0.50897924463431388,0.0014385829023220165,0.80218196781038809,200,0,0.55385346508292099,0.53465472903982669,0.58766787661301001
DOCKSTRING-58,500,10,6,full_source_map_including_calibration_rows,0.82701278495256003,5,0.7142857142857143,0.56629741220678864,0.56827942140311827,0.001982009196329626,0.90010195828734063,10000,0,0.62715641132076039,0.59359080196324443,0.6872939310382834
DOCKSTRING-58,500,10,6,row_disjoint_complement_map,0.82701278495256003,5,0.7142857142857143,0.56630774997142919,0.56829124313017654,0.0019834931587473514,0.89999653995745821,200,0,0.62943085809434285,0.59719453316864091,0.67915748667197307
DOCKSTRING-58,500,10,8,full_source_map_including_calibration_rows,0.84121703853955376,5,0.45454545454545453,0.53608801513880355,0.539149902855102,0.0030618877162984504,0.90010195828734063,10000,0,0.58865614151348522,0.56186880118375171,0.63708014428473936
DOCKSTRING-58,500,10,8,row_disjoint_complement_map,0.84121703853955376,5,0.45454545454545453,0.53609897225031633,0.53916467720111849,0.0030657049508021617,0.89999653995745821,200,0,0.59139530837625509,0.56339784151684413,0.62761261890127473
DOCKSTRING-58,500,10,10,full_source_map_including_calibration_rows,0.61927153280015879,8,0.66666666666666663,0.50753775223979436,0.50920324580968312,0.0016654935698887652,0.80219180584248329,10000,0,0.55504003660467904,0.53305403975039001,0.59361836613889174
DOCKSTRING-58,500,10,10,row_disjoint_complement_map,0.61927153280015879,8,0.66666666666666663,0.507539826848038,0.50922076741625988,0.0016809405682218781,0.80232611637130002,200,0,0.55386235596974198,0.53465044487526203,0.5876009701397058
DOCKSTRING-58,500,11,6,full_source_map_including_calibration_rows,0.52640449122596766,4,0.5,0.56629741220678864,0.57127767992526868,0.0049802677184800359,0.91991643054856909,10000,0,0.62715641132076039,0.59359080196324443,0.6872939310382834
DOCKSTRING-58,500,11,6,row_disjoint_complement_map,0.52640449122596766,4,0.5,0.56628579468268814,0.57127035531058257,0.0049845606278944299,0.91998903654706565,200,0,0.62939934080499282,0.59718452160910107,0.67914704723341424
DOCKSTRING-58,500,11,8,full_source_map_including_calibration_rows,0.5676386376433098,5,0.45454545454545453,0.53608801513880355,0.54075797411477844,0.0046699589759748861,0.86970296891965271,10000,0,0.58865614151348522,0.56186880118375171,0.63708014428473936
DOCKSTRING-58,500,11,8,row_disjoint_complement_map,0.5676386376433098,5,0.45454545454545453,0.53607091053863831,0.5407480253259318,0.0046771147872934904,0.86977692205077739,200,0,0.59139734126777865,0.56336778743916838,0.62761324695413223
DOCKSTRING-58,500,11,10,full_source_map_including_calibration_rows,0.74253216780825826,7,0.53846153846153844,0.50753775223979436,0.51318154144731021,0.005643789207515848,0.80568874168266769,10000,0,0.55504003660467904,0.53305403975039001,0.59361836613889174
DOCKSTRING-58,500,11,10,row_disjoint_complement_map,0.74253216780825826,7,0.53846153846153844,0.50751819601931181,0.51317606157019013,0.0056578655508783271,0.80575133955826217,200,0,0.55384160064806287,0.53463673644265619,0.58762546100483803
DOCKSTRING-58,500,12,6,full_source_map_including_calibration_rows,0.90122497759187337,4,0.5,0.56629741220678864,0.57104916581071208,0.0047517536039234365,0.88694435278989781,10000,0,0.62715641132076039,0.59359080196324443,0.6872939310382834
DOCKSTRING-58,500,12,6,row_disjoint_complement_map,0.90122497759187337,4,0.5,0.56632738741667432,0.57108636196717122,0.0047589745504968972,0.88698010800742355,200,0,0.62941234901374532,0.59722221058980773,0.67915641786367187
DOCKSTRING-58,500,12,8,full_source_map_including_calibration_rows,0.68030075547766167,5,0.45454545454545453,0.53608801513880355,0.54298214976920545,0.0068941346304018936,0.86970296891965271,10000,0,0.58865614151348522,0.56186880118375171,0.63708014428473936
DOCKSTRING-58,500,12,8,row_disjoint_complement_map,0.68030075547766167,5,0.45454545454545453,0.53611413667161334,0.54302441432087245,0.0069102776492591111,0.86977321588661516,200,0,0.59140342075888386,0.5634023183346758,0.62759341707648053
DOCKSTRING-58,500,12,10,full_source_map_including_calibration_rows,0.79891206220299715,7,0.53846153846153844,0.50753775223979436,0.51352897046550927,0.0059912182257149116,0.80568874168266769,10000,0,0.55504003660467904,0.53305403975039001,0.59361836613889174
DOCKSTRING-58,500,12,10,row_disjoint_complement_map,0.79891206220299715,7,0.53846153846153844,0.50756584565655516,0.51357293037479856,0.0060070847182434051,0.80586688626410108,200,0,0.55387323334560379,0.53465314055741597,0.58765965734645276
DOCKSTRING-58,500,13,6,full_source_map_including_calibration_rows,0.71787410822275588,5,0.7142857142857143,0.56629741220678864,0.56734929293777847,0.0010518807309898293,0.86970296891965271,10000,0,0.62715641132076039,0.59359080196324443,0.6872939310382834
DOCKSTRING-58,500,13,6,row_disjoint_complement_map,0.71787410822275588,5,0.7142857142857143,0.56630363671201456,0.56736251104110758,0.001058874329093018,0.86969203973262088,200,0,0.62942957351013351,0.59719091315329187,0.67917413331560905
DOCKSTRING-58,500,13,8,full_source_map_including_calibration_rows,0.73673269235605254,7,0.77777777777777779,0.53608801513880355,0.53742369149952973,0.001335676360726179,0.84255227707466229,10000,0,0.58865614151348522,0.56186880118375171,0.63708014428473936
DOCKSTRING-58,500,13,8,row_disjoint_complement_map,0.73673269235605254,7,0.77777777777777779,0.53609676070450818,0.53743755526688153,0.0013407945623733486,0.84261241616493621,200,0,0.59139948079389515,0.56340617665415993,0.62759521700355836
DOCKSTRING-58,500,13,10,full_source_map_including_calibration_rows,0.66543428101091606,8,0.66666666666666663,0.50753775223979436,0.51246686665038665,0.0049291144105922946,0.80219180584248329,10000,0,0.55504003660467904,0.53305403975039001,0.59361836613889174
DOCKSTRING-58,500,13,10,row_disjoint_complement_map,0.66543428101091606,8,0.66666666666666663,0.50754365915988753,0.51248774218404547,0.0049440830241579414,0.80220099506362641,200,0,0.55387092563531959,0.53465923390276027,0.58763439081425539
DOCKSTRING-58,500,14,6,full_source_map_including_calibration_rows,0.55781335197483395,3,0.33333333333333331,0.56629741220678864,0.58130819809510903,0.015010785888320388,0.88694435278989781,10000,0.0016000000000000001,0.62715641132076039,0.59359080196324443,0.6872939310382834
DOCKSTRING-58,500,14,6,row_disjoint_complement_map,0.55781335197483395,3,0.33333333333333331,0.56629237641979813,0.58131299910055034,0.015020622680752216,0.88708178206345667,200,0,0.62942589086027079,0.59720177949833986,0.67919104837466504
DOCKSTRING-58,500,14,8,full_source_map_including_calibration_rows,0.37723918610520185,6,0.59999999999999998,0.53608801513880355,0.54750010081484324,0.011412085676039685,0.88694435278989781,10000,0.00029999999999999997,0.58865614151348522,0.56186880118375171,0.63708014428473936
DOCKSTRING-58,500,14,8,row_disjoint_complement_map,0.37723918610520185,6,0.59999999999999998,0.53608232276016954,0.54749570898006139,0.011413386219891852,0.88708178206345667,200,0,0.59140721941276886,0.56338112196862489,0.62760759481391604
DOCKSTRING-58,500,14,10,full_source_map_including_calibration_rows,0.59179828887600061,9,0.81818181818181823,0.50753775223979436,0.51186351457655277,0.0043257623367584097,0.80568874168266769,10000,0,0.55504003660467904,0.53305403975039001,0.59361836613889174
DOCKSTRING-58,500,14,10,row_disjoint_complement_map,0.59179828887600061,9,0.81818181818181823,0.50753606444461485,0.51184849934323373,0.0043124348986188776,0.80550235954575011,200,0,0.55382953608957952,0.53458640375179667,0.58760173969550078
DOCKSTRING-58,500,15,6,full_source_map_including_calibration_rows,0.68175724818527972,3,0.33333333333333331,0.56629741220678864,0.570884619884515,0.0045872076777263571,0.89383242711227562,10000,0,0.62715641132076039,0.59359080196324443,0.6872939310382834
DOCKSTRING-58,500,15,6,row_disjoint_complement_map,0.68175724818527972,3,0.33333333333333331,0.5662912095839624,0.57089106412677926,0.0045998545428168613,0.89383578027894772,200,0,0.62942951966962402,0.597185424152333,0.67914617371676966
DOCKSTRING-58,500,15,8,full_source_map_including_calibration_rows,0.74755325432355002,5,0.45454545454545453,0.53608801513880355,0.5403108928731315,0.0042228777343279456,0.88694435278989781,10000,0,0.58865614151348522,0.56186880118375171,0.63708014428473936
DOCKSTRING-58,500,15,8,row_disjoint_complement_map,0.74755325432355002,5,0.45454545454545453,0.53608262084407199,0.5403152985057591,0.004232677661687112,0.88695428694340761,200,0,0.5913999320975476,0.56339004222945666,0.62761592611034467
DOCKSTRING-58,500,15,10,full_source_map_including_calibration_rows,0.58403148007108407,7,0.53846153846153844,0.50753775223979436,0.51118785565533176,0.0036501034155373979,0.80568874168266769,10000,0,0.55504003660467904,0.53305403975039001,0.59361836613889174
DOCKSTRING-58,500,15,10,row_disjoint_complement_map,0.58403148007108407,7,0.53846153846153844,0.50753169405934373,0.51119604112827499,0.0036643470689312618,0.80575031802240171,200,0,0.5538530204117611,0.53462878993737495,0.58762986964759245
DOCKSTRING-58,500,16,6,full_source_map_including_calibration_rows,0.91344574284261337,4,0.5,0.56629741220678864,0.56882783208588572,0.0025304198790970789,0.91991643054856909,10000,0,0.62715641132076039,0.59359080196324443,0.6872939310382834
DOCKSTRING-58,500,16,6,row_disjoint_complement_map,0.91344574284261337,4,0.5,0.56629880862452253,0.56883355401337787,0.0025347453888553417,0.91984699079861709,200,0,0.6294037703907307,0.59719588935706136,0.67914118183564609
DOCKSTRING-58,500,16,8,full_source_map_including_calibration_rows,0.87254718900404937,5,0.45454545454545453,0.53608801513880355,0.53927113011742367,0.0031831149786201163,0.90010195828734063,10000,0,0.58865614151348522,0.56186880118375171,0.63708014428473936
DOCKSTRING-58,500,16,8,row_disjoint_complement_map,0.87254718900404937,5,0.45454545454545453,0.53609011048046118,0.53927455959247328,0.0031844491120120999,0.9001772162506243,200,0,0.59139421994773556,0.56337651861241411,0.62760022296529372
DOCKSTRING-58,500,16,10,full_source_map_including_calibration_rows,0.86829493845979022,7,0.53846153846153844,0.50753775223979436,0.51023238957912542,0.002694637339331063,0.84255227707466229,10000,0,0.55504003660467904,0.53305403975039001,0.59361836613889174
DOCKSTRING-58,500,16,10,row_disjoint_complement_map,0.86829493845979022,7,0.53846153846153844,0.50753582956427434,0.51024042987842377,0.0027046003141494301,0.84268821143046835,200,0,0.55385591179572569,0.53463337983239456,0.58762557243608804
DOCKSTRING-58,500,17,6,full_source_map_including_calibration_rows,0.75379957101257977,3,0.33333333333333331,0.56629741220678864,0.57455746918304818,0.0082600569762595333,0.86970296891965271,10000,0.00020000000000000001,0.62715641132076039,0.59359080196324443,0.6872939310382834
DOCKSTRING-58,500,17,6,row_disjoint_complement_map,0.75379957101257977,3,0.33333333333333331,0.56629756630627914,0.57457134269930621,0.0082737763930270658,0.86968119486018591,200,0,0.6294150718031466,0.5972046542039583,0.67915679988489874
DOCKSTRING-58,500,17,8,full_source_map_including_calibration_rows,0.7243591671154388,4,0.33333333333333331,0.53608801513880355,0.54517526689232898,0.0090872517535254271,0.86970296891965271,10000,0,0.58865614151348522,0.56186880118375171,0.63708014428473936
DOCKSTRING-58,500,17,8,row_disjoint_complement_map,0.7243591671154388,4,0.33333333333333331,0.53609392817522561,0.545191744850275,0.0090978166750493861,0.86968119486018591,200,0,0.59139694840851287,0.56338050426860287,0.62758459250201581
DOCKSTRING-58,500,17,10,full_source_map_including_calibration_rows,0.58554377598955454,4,0.25,0.50753775223979436,0.51724921112200339,0.0097114588822090342,0.86970296891965271,10000,0,0.55504003660467904,0.53305403975039001,0.59361836613889174
DOCKSTRING-58,500,17,10,row_disjoint_complement_map,0.58554377598955454,4,0.25,0.50754286417549255,0.51726522138181108,0.0097223572063185326,0.86968119486018591,200,0,0.55387234171828204,0.53463250084039782,0.58763569277393468
DOCKSTRING-58,500,18,6,full_source_map_including_calibration_rows,0.95518197728268595,4,0.5,0.56629741220678864,0.5680493928123771,0.0017519806055884546,0.90010195828734063,10000,0,0.62715641132076039,0.59359080196324443,0.6872939310382834
DOCKSTRING-58,500,18,6,row_disjoint_complement_map,0.95518197728268595,4,0.5,0.56632939814908712,0.56808233585521462,0.0017529377061274998,0.90021143095876288,200,0,0.6294349313266886,0.59720697607025663,0.67918673458143597
DOCKSTRING-58,500,18,8,full_source_map_including_calibration_rows,0.63425989070442002,7,0.77777777777777779,0.53608801513880355,0.53723824951794197,0.0011502343791384151,0.83357233750752746,10000,0,0.58865614151348522,0.56186880118375171,0.63708014428473936
DOCKSTRING-58,500,18,8,row_disjoint_complement_map,0.63425989070442002,7,0.77777777777777779,0.53611776392230126,0.53727189741308767,0.0011541334907864131,0.83354599673846397,200,0,0.59141481133297447,0.56340887446542942,0.62764834470426933
DOCKSTRING-58,500,18,10,full_source_map_including_calibration_rows,0.91895416002448826,9,0.81818181818181823,0.50753775223979436,0.50865406541333202,0.0011163131735376641,0.80568874168266769,10000,0,0.55504003660467904,0.53305403975039001,0.59361836613889174
DOCKSTRING-58,500,18,10,row_disjoint_complement_map,0.91895416002448826,9,0.81818181818181823,0.50757302597185316,0.50868755555772371,0.0011145295858705495,0.80556500619024063,200,0,0.5538706503195221,0.53465898354528507,0.58761685852926338
DOCKSTRING-58,500,19,6,full_source_map_including_calibration_rows,0.9524055488033113,3,0.33333333333333331,0.56629741220678864,0.56891342249098076,0.0026160102841921162,0.84255227707466229,10000,0,0.62715641132076039,0.59359080196324443,0.6872939310382834
DOCKSTRING-58,500,19,6,row_disjoint_complement_map,0.9524055488033113,3,0.33333333333333331,0.56626783607099651,0.56889535466849861,0.0026275185975020987,0.84265721635442081,200,0,0.62940450220541422,0.59717037573492859,0.67918087835896135
DOCKSTRING-58,500,19,8,full_source_map_including_calibration_rows,0.70217616093250612,4,0.33333333333333331,0.53608801513880355,0.54144362695827464,0.0053556118194710844,0.84255227707466229,10000,0,0.58865614151348522,0.56186880118375171,0.63708014428473936
DOCKSTRING-58,500,19,8,row_disjoint_complement_map,0.70217616093250612,4,0.33333333333333331,0.53605938984472357,0.54142678435199632,0.0053673945072727491,0.84265721635442081,200,0,0.59137645565348906,0.56336800854680147,0.62761255825238338
DOCKSTRING-58,500,19,10,full_source_map_including_calibration_rows,0.86010063706028994,4,0.25,0.50753775223979436,0.51886973229314093,0.011331980053346569,0.88694435278989781,10000,0.0001,0.55504003660467904,0.53305403975039001,0.59361836613889174
DOCKSTRING-58,500,19,10,row_disjoint_complement_map,0.86010063706028994,4,0.25,0.5075114988913132,0.51886266633399469,0.011351167442681498,0.88694212159448349,200,0,0.55384741258865133,0.53461091735386379,0.5876255537100411
DOCKSTRING-58,500,20,6,full_source_map_including_calibration_rows,0.58957205596976814,5,0.7142857142857143,0.56629741220678864,0.56746764253252613,0.0011702303257374869,0.91991643054856909,10000,0,0.62715641132076039,0.59359080196324443,0.6872939310382834
DOCKSTRING-58,500,20,6,row_disjoint_complement_map,0.58957205596976814,5,0.7142857142857143,0.56630082675653792,0.5674702506096736,0.001169423853135676,0.91992656096845682,200,0,0.6294094012308904,0.59719507161658858,0.67918330362954471
DOCKSTRING-58,500,20,8,full_source_map_including_calibration_rows,0.65917359248347329,8,1,0.53608801513880355,0.53608801513880355,0,0.84255227707466229,10000,0,0.58865614151348522,0.56186880118375171,0.63708014428473936
DOCKSTRING-58,500,20,8,row_disjoint_complement_map,0.65917359248347329,8,1,0.53609064371868886,0.53609064371868886,0,0.84256170650407236,200,0,0.5913948359218224,0.56338889593501651,0.62762253882844377
DOCKSTRING-58,500,20,10,full_source_map_including_calibration_rows,0.53924458038644363,9,0.81818181818181823,0.50753775223979436,0.50793857529703568,0.00040082305724131739,0.80568874168266769,10000,0,0.55504003660467904,0.53305403975039001,0.59361836613889174
DOCKSTRING-58,500,20,10,row_disjoint_complement_map,0.53924458038644363,9,0.81818181818181823,0.50753860458408928,0.50794393858456177,0.00040533400047249035,0.80585332481871608,200,0,0.55384328479331668,0.53464286513627179,0.58760461202386105
DOCKSTRING-58,500,21,6,full_source_map_including_calibration_rows,0.76266835225861795,4,0.5,0.56629741220678864,0.57386100789913641,0.0075635956923477687,0.90010195828734063,10000,0.00020000000000000001,0.62715641132076039,0.59359080196324443,0.6872939310382834
DOCKSTRING-58,500,21,6,row_disjoint_complement_map,0.76266835225861795,4,0.5,0.56630902751449252,0.57388577165240551,0.007576744137912983,0.90014810613373619,200,0,0.62939486110578735,0.59719271891404468,0.67915978642290231
DOCKSTRING-58,500,21,8,full_source_map_including_calibration_rows,0.54262031796062482,6,0.59999999999999998,0.53608801513880355,0.54030783961023865,0.0042198244714350963,0.90010195828734063,10000,0,0.58865614151348522,0.56186880118375171,0.63708014428473936
DOCKSTRING-58,500,21,8,row_disjoint_complement_map,0.54262031796062482,6,0.59999999999999998,0.53610113835640716,0.54033028635717173,0.004229148000764571,0.90014810613373619,200,0,0.59138915451009377,0.56340039598918978,0.62760708335770854
DOCKSTRING-58,500,21,10,full_source_map_including_calibration_rows,0.71952943838018213,9,0.81818181818181823,0.50753775223979436,0.50949669631580352,0.0019589440760091614,0.80568874168266769,10000,0,0.55504003660467904,0.53305403975039001,0.59361836613889174
DOCKSTRING-58,500,21,10,row_disjoint_complement_map,0.71952943838018213,9,0.81818181818181823,0.50755038501210847,0.50951568312971895,0.0019652981176104811,0.8058525377917356,200,0,0.55386473807089875,0.53465785459967463,0.58765558208741586
DOCKSTRING-58,500,22,6,full_source_map_including_calibration_rows,0.58068513263871402,4,0.5,0.56629741220678864,0.56872167505717175,0.0024242628503831076,0.91089310430050541,10000,0,0.62715641132076039,0.59359080196324443,0.6872939310382834
DOCKSTRING-58,500,22,6,row_disjoint_complement_map,0.58068513263871402,4,0.5,0.5662708809621817,0.56871018357098768,0.0024393026088059822,0.91115012286860975,200,0,0.62941531834234521,0.59718023339202153,0.6791557633697326
DOCKSTRING-58,500,22,8,full_source_map_including_calibration_rows,0.57966722729456988,6,0.59999999999999998,0.53608801513880355,0.54136405262053555,0.0052760374817319988,0.91089310430050541,10000,0,0.58865614151348522,0.56186880118375171,0.63708014428473936
DOCKSTRING-58,500,22,8,row_disjoint_complement_map,0.57966722729456988,6,0.59999999999999998,0.53605998343882677,0.54135135101027776,0.0052913675714509889,0.91115012286860975,200,0,0.59139312067126437,0.56336452442633467,0.62760220262475042
DOCKSTRING-58,500,22,10,full_source_map_including_calibration_rows,0.93341765217671513,8,0.66666666666666663,0.50753775223979436,0.51670690321092994,0.0091691509711355756,0.83680415034695721,10000,0,0.55504003660467904,0.53305403975039001,0.59361836613889174
DOCKSTRING-58,500,22,10,row_disjoint_complement_map,0.93341765217671513,8,0.66666666666666663,0.50751486863022255,0.51671035469286219,0.0091954860626396462,0.83682030253610795,200,0,0.55384936907535898,0.53462611679565208,0.58760805546502581
DOCKSTRING-58,500,23,6,full_source_map_including_calibration_rows,0.74947658447205134,4,0.5,0.56629741220678864,0.56958750154655524,0.0032900893397665998,0.86970296891965271,10000,0,0.62715641132076039,0.59359080196324443,0.6872939310382834
DOCKSTRING-58,500,23,6,row_disjoint_complement_map,0.74947658447205134,4,0.5,0.56629681390669129,0.5696097600258957,0.0033129461192044074,0.8696671236650575,200,0,0.62941660063729743,0.59719337967900699,0.67916647169082411
DOCKSTRING-58,500,23,8,full_source_map_including_calibration_rows,0.77492699783063501,4,0.33333333333333331,0.53608801513880355,0.54054633488417236,0.0044583197453688106,0.89383242711227562,10000,0,0.58865614151348522,0.56186880118375171,0.63708014428473936
DOCKSTRING-58,500,23,8,row_disjoint_complement_map,0.77492699783063501,4,0.33333333333333331,0.53609136022464632,0.5405737209332877,0.0044823607086413864,0.89387658551448257,200,0,0.59139390179059104,0.56338611938031136,0.62759734577087045
DOCKSTRING-58,500,23,10,full_source_map_including_calibration_rows,0.74297401711991518,5,0.33333333333333331,0.50753775223979436,0.51310236660925934,0.0055646143694649819,0.80568874168266769,10000,0,0.55504003660467904,0.53305403975039001,0.59361836613889174
DOCKSTRING-58,500,23,10,row_disjoint_complement_map,0.74297401711991518,5,0.33333333333333331,0.50754225498146321,0.51312704778993701,0.005584792808473793,0.80573060302446275,200,0,0.55387998840840746,0.53465384867971577,0.58764197475750179
DOCKSTRING-58,500,24,6,full_source_map_including_calibration_rows,0.62157480229797624,3,0.33333333333333331,0.56629741220678864,0.57486169134182241,0.0085642791350337699,0.91991643054856909,10000,0.00029999999999999997,0.62715641132076039,0.59359080196324443,0.6872939310382834
DOCKSTRING-58,500,24,6,row_disjoint_complement_map,0.62157480229797624,3,0.33333333333333331,0.56629461835160122,0.574882342328218,0.008587723976616779,0.91992439970370865,200,0,0.62943063067509619,0.59720255040893822,0.67913284200396162
DOCKSTRING-58,500,24,8,full_source_map_including_calibration_rows,0.64256720323418559,4,0.33333333333333331,0.53608801513880355,0.54495495094787127,0.0088669358090677219,0.86970296891965271,10000,0,0.58865614151348522,0.56186880118375171,0.63708014428473936
DOCKSTRING-58,500,24,8,row_disjoint_complement_map,0.64256720323418559,4,0.33333333333333331,0.5360850711741636,0.54497869746282046,0.008893626288656864,0.86991665616175007,200,0,0.59140204046900147,0.5633902121126908,0.62757302031629625
DOCKSTRING-58,500,24,10,full_source_map_including_calibration_rows,0.70761703356301742,5,0.33333333333333331,0.50753775223979436,0.51602691739441087,0.008489165154616507,0.86970296891965271,10000,0,0.55504003660467904,0.53305403975039001,0.59361836613889174
DOCKSTRING-58,500,24,10,row_disjoint_complement_map,0.70761703356301742,5,0.33333333333333331,0.50753344808030942,0.51604984337477466,0.0085163952944652399,0.86991665616175007,200,0,0.55388353751913022,0.53464270233077849,0.58763313501027592
DOCKSTRING-58,500,25,6,full_source_map_including_calibration_rows,0.61068686934722649,3,0.33333333333333331,0.56629741220678864,0.57562396424395579,0.0093265520371671462,0.90540639920206323,10000,0.00029999999999999997,0.62715641132076039,0.59359080196324443,0.6872939310382834
DOCKSTRING-58,500,25,6,row_disjoint_complement_map,0.61068686934722649,3,0.33333333333333331,0.56625992509905498,0.57562239435298057,0.0093624692539255872,0.90548152802241055,200,0,0.62941405607440737,0.59718410675109268,0.67916902272124069
DOCKSTRING-58,500,25,8,full_source_map_including_calibration_rows,0.79032225760580022,2,0.14285714285714285,0.53608801513880355,0.54998807729924803,0.013900062160444482,0.84255227707466229,10000,0.00059999999999999995,0.58865614151348522,0.56186880118375171,0.63708014428473936
DOCKSTRING-58,500,25,8,row_disjoint_complement_map,0.79032225760580022,2,0.14285714285714285,0.53605285838303507,0.54999545291861018,0.013942594535575115,0.84249633091955145,200,0,0.59138174153289924,0.56336036157212244,0.62761007358712351
DOCKSTRING-58,500,25,10,full_source_map_including_calibration_rows,0.61190833611986595,4,0.25,0.50753775223979436,0.5186032369661665,0.011065484726372143,0.85313165174393957,10000,0,0.55504003660467904,0.53305403975039001,0.59361836613889174
DOCKSTRING-58,500,25,10,row_disjoint_complement_map,0.61190833611986595,4,0.25,0.50750595064584214,0.51861361676701567,0.011107666121173532,0.85320119886392998,200,0,0.55385586895151118,0.53462271205935941,0.58761548228718552
DOCKSTRING-58,500,26,6,full_source_map_including_calibration_rows,0.53997700194227294,3,0.33333333333333331,0.56629741220678864,0.57715352336214598,0.01085611115535734,0.90010195828734063,10000,0.00059999999999999995,0.62715641132076039,0.59359080196324443,0.6872939310382834
DOCKSTRING-58,500,26,6,row_disjoint_complement_map,0.53997700194227294,3,0.33333333333333331,0.56623900885879841,0.57712630522990671,0.010887296371108302,0.90012696175930051,200,0,0.62938519971832796,0.59712877395546249,0.67913920470924416
DOCKSTRING-58,500,26,8,full_source_map_including_calibration_rows,0.57407545581796526,4,0.33333333333333331,0.53608801513880355,0.54682546489614936,0.010737449757345807,0.89383242711227562,10000,0.00020000000000000001,0.58865614151348522,0.56186880118375171,0.63708014428473936
DOCKSTRING-58,500,26,8,row_disjoint_complement_map,0.57407545581796526,4,0.33333333333333331,0.53603499078481331,0.546803626762141,0.01076863597732769,0.89399547395193069,200,0,0.591351631298761,0.56335975957845175,0.62757584261239885
DOCKSTRING-58,500,26,10,full_source_map_including_calibration_rows,0.6887776419430216,7,0.53846153846153844,0.50753775223979436,0.51988428522398911,0.012346532984194747,0.89383242711227562,10000,0.0001,0.55504003660467904,0.53305403975039001,0.59361836613889174
DOCKSTRING-58,500,26,10,row_disjoint_complement_map,0.6887776419430216,7,0.53846153846153844,0.50748977919370819,0.51986566373384224,0.012375884540134052,0.89399547395193069,200,0,0.55380814095241715,0.53459353105529706,0.58761870447165709
DOCKSTRING-58,500,27,6,full_source_map_including_calibration_rows,0.54732229857533166,4,0.5,0.56629741220678864,0.57024105739242181,0.0039436451856331711,0.91091216525743512,10000,0,0.62715641132076039,0.59359080196324443,0.6872939310382834
DOCKSTRING-58,500,27,6,row_disjoint_complement_map,0.54732229857533166,4,0.5,0.56627653903701369,0.57022910449430464,0.0039525654572909463,0.91096079608681979,200,0,0.62942715408997407,0.59718720347960164,0.67919530666120387
DOCKSTRING-58,500,27,8,full_source_map_including_calibration_rows,0.63203859461264345,5,0.45454545454545453,0.53608801513880355,0.54322491630823644,0.0071369011694328854,0.90010195828734063,10000,0,0.58865614151348522,0.56186880118375171,0.63708014428473936
DOCKSTRING-58,500,27,8,row_disjoint_complement_map,0.63203859461264345,5,0.45454545454545453,0.53607018440686416,0.54320917948524017,0.0071389950783760092,0.90006375435579911,200,0,0.59136517916151732,0.56335906024584248,0.6276321165990193
DOCKSTRING-58,500,27,10,full_source_map_including_calibration_rows,0.65277257206875106,9,0.81818181818181823,0.50753775223979436,0.51186351457655277,0.0043257623367584097,0.80568874168266769,10000,0,0.55504003660467904,0.53305403975039001,0.59361836613889174
DOCKSTRING-58,500,27,10,row_disjoint_complement_map,0.65277257206875106,9,0.81818181818181823,0.50752119325604028,0.51183366133523212,0.0043124680791918335,0.80561845286914913,200,0,0.55379136658949357,0.53458100881503368,0.5876116107188567
DOCKSTRING-58,500,28,6,full_source_map_including_calibration_rows,0.47816822208630111,4,0.5,0.56629741220678864,0.56857849208112621,0.002281079874337566,0.90010195828734063,10000,0,0.62715641132076039,0.59359080196324443,0.6872939310382834
DOCKSTRING-58,500,28,6,row_disjoint_complement_map,0.47816822208630111,4,0.5,0.56628629403551789,0.56858806734652922,0.0023017733110113348,0.90002049462288514,200,0,0.62941567560726297,0.59719183871538106,0.6791760187296797
DOCKSTRING-58,500,28,8,full_source_map_including_calibration_rows,0.52109547641635379,5,0.45454545454545453,0.53608801513880355,0.54099626614022445,0.0049082510014208935,0.89334600825778687,10000,0,0.58865614151348522,0.56186880118375171,0.63708014428473936
DOCKSTRING-58,500,28,8,row_disjoint_complement_map,0.52109547641635379,5,0.45454545454545453,0.53608039676096342,0.54101355685340191,0.0049331600924384933,0.89344149521085625,200,0,0.59139724425067608,0.56339503860383033,0.62762154152637295
DOCKSTRING-58,500,28,10,full_source_map_including_calibration_rows,0.69727581519014759,6,0.42857142857142855,0.50753775223979436,0.5169001826171683,0.0093624303773739426,0.89334600825778687,10000,0,0.55504003660467904,0.53305403975039001,0.59361836613889174
DOCKSTRING-58,500,28,10,row_disjoint_complement_map,0.69727581519014759,6,0.42857142857142855,0.50753470670934764,0.5169158594352361,0.0093811527258884642,0.89344149521085625,200,0,0.5538596270871623,0.53463803312502167,0.58766323655279018
DOCKSTRING-58,500,29,6,full_source_map_including_calibration_rows,0.78492392932719157,5,0.7142857142857143,0.56629741220678864,0.56734929293777847,0.0010518807309898293,0.86970296891965271,10000,0,0.62715641132076039,0.59359080196324443,0.6872939310382834
DOCKSTRING-58,500,29,6,row_disjoint_complement_map,0.78492392932719157,5,0.7142857142857143,0.56631011925804031,0.56736762023391218,0.0010575009758718723,0.86982184446310795,200,0,0.62942601167968082,0.59720477627703328,0.67915009130817738
DOCKSTRING-58,500,29,8,full_source_map_including_calibration_rows,0.80191069134364301,6,0.59999999999999998,0.53608801513880355,0.54100141805102298,0.0049134029122194223,0.86970296891965271,10000,0,0.58865614151348522,0.56186880118375171,0.63708014428473936
DOCKSTRING-58,500,29,8,row_disjoint_complement_map,0.80191069134364301,6,0.59999999999999998,0.53610088561072411,0.54102450835300242,0.0049236227422783108,0.86982184446310795,200,0,0.59140209616964701,0.5633938230348986,0.62758149773326388
DOCKSTRING-58,500,29,10,full_source_map_including_calibration_rows,0.73704979567611351,8,0.66666666666666663,0.50753775223979436,0.51163428347962348,0.0040965312398291154,0.84255227707466229,10000,0,0.55504003660467904,0.53305403975039001,0.59361836613889174
DOCKSTRING-58,500,29,10,row_disjoint_complement_map,0.73704979567611351,8,0.66666666666666663,0.50754656336838699,0.5116545419552132,0.0041079785868262109,0.84263971813518845,200,0,0.5538730858041323,0.53466060810058602,0.58763470945060525
DOCKSTRING-58,500,30,6,full_source_map_including_calibration_rows,1,3,0.33333333333333331,0.56629741220678864,0.57420240447905324,0.0079049922722645993,0.89334600825778687,10000,0.00020000000000000001,0.62715641132076039,0.59359080196324443,0.6872939310382834
DOCKSTRING-58,500,30,6,row_disjoint_complement_map,1,3,0.33333333333333331,0.56629819504723489,0.57421600336863055,0.0079178083213956585,0.8933966184851212,200,0,0.62939768967522247,0.59719278071122095,0.67918257210224486
DOCKSTRING-58,500,30,8,full_source_map_including_calibration_rows,0.71694980049219892,4,0.33333333333333331,0.53608801513880355,0.54178222543489474,0.0056942102960911845,0.89334600825778687,10000,0,0.58865614151348522,0.56186880118375171,0.63708014428473936
DOCKSTRING-58,500,30,8,row_disjoint_complement_map,0.71694980049219892,4,0.33333333333333331,0.53608900594138986,0.54179703316050454,0.0057080272191146753,0.8933966184851212,200,0,0.59138910242166798,0.56337845708264767,0.62763483378515039
DOCKSTRING-58,500,30,10,full_source_map_including_calibration_rows,0.91664277979489139,7,0.53846153846153844,0.50753775223979436,0.51182254756157197,0.0042847953217776125,0.80568874168266769,10000,0,0.55504003660467904,0.53305403975039001,0.59361836613889174
DOCKSTRING-58,500,30,10,row_disjoint_complement_map,0.91664277979489139,7,0.53846153846153844,0.50754101648346495,0.5118374818520699,0.0042964653686049514,0.80569567525135399,200,0,0.55385946194180202,0.53462421241431479,0.58762733250957133
DOCKSTRING-58,500,31,6,full_source_map_including_calibration_rows,0.95954365551095755,5,0.7142857142857143,0.56629741220678864,0.56882012927899417,0.002522717072205527,0.91991643054856909,10000,0,0.62715641132076039,0.59359080196324443,0.6872939310382834
DOCKSTRING-58,500,31,6,row_disjoint_complement_map,0.95954365551095755,5,0.7142857142857143,0.56628269831087463,0.56880842540425314,0.0025257270933785048,0.91993356423434181,200,0,0.62939210576896576,0.5971830903533214,0.67914684614589038
DOCKSTRING-58,500,31,8,full_source_map_including_calibration_rows,0.62015532251078287,6,0.59999999999999998,0.53608801513880355,0.53835674601591044,0.0022687308771068837,0.84255227707466229,10000,0,0.58865614151348522,0.56186880118375171,0.63708014428473936
DOCKSTRING-58,500,31,8,row_disjoint_complement_map,0.62015532251078287,6,0.59999999999999998,0.53607122478000135,0.53834420522881454,0.0022729804488131888,0.8424920943022185,200,0,0.59138117851481353,0.5633676171226677,0.627568709810856
DOCKSTRING-58,500,31,10,full_source_map_including_calibration_rows,0.87679973168725589,7,0.53846153846153844,0.50753775223979436,0.51105511059018371,0.0035173583503893546,0.81867590367029397,10000,0,0.55504003660467904,0.53305403975039001,0.59361836613889174
DOCKSTRING-58,500,31,10,row_disjoint_complement_map,0.87679973168725589,7,0.53846153846153844,0.50752042123153951,0.51104773331679909,0.0035273120852595818,0.81869489990049682,200,0,0.55384976108620887,0.53462234946842035,0.58761092753858624
DOCKSTRING-58,500,32,6,full_source_map_including_calibration_rows,0.5626133312580256,4,0.5,0.56629741220678864,0.56973047280865263,0.0034330606018639909,0.90010195828734063,10000,0,0.62715641132076039,0.59359080196324443,0.6872939310382834
DOCKSTRING-58,500,32,6,row_disjoint_complement_map,0.5626133312580256,4,0.5,0.56630916857688451,0.56975240802620797,0.0034432394493234542,0.90010560964776032,200,0,0.62943659972243127,0.59720293499422661,0.67915580291772748
DOCKSTRING-58,500,32,8,full_source_map_including_calibration_rows,0.56262069782595814,4,0.33333333333333331,0.53608801513880355,0.54108160537743044,0.0049935902386268882,0.90010195828734063,10000,0,0.58865614151348522,0.56186880118375171,0.63708014428473936
DOCKSTRING-58,500,32,8,row_disjoint_complement_map,0.56262069782595814,4,0.33333333333333331,0.5360984934119909,0.54110702747268813,0.0050085340606972339,0.90010560964776032,200,0,0.59140814464303626,0.56339894506217747,0.62764388176633612
DOCKSTRING-58,500,32,10,full_source_map_including_calibration_rows,0.9173632653705589,5,0.33333333333333331,0.50753775223979436,0.51241776484365575,0.0048800126038613945,0.84255227707466229,10000,0,0.55504003660467904,0.53305403975039001,0.59361836613889174
DOCKSTRING-58,500,32,10,row_disjoint_complement_map,0.9173632653705589,5,0.33333333333333331,0.5075449391705783,0.51244367875583141,0.004898739585253109,0.84281571856835535,200,0,0.55388639354135294,0.53464848973323309,0.58764237155985233
DOCKSTRING-58,500,33,6,full_source_map_including_calibration_rows,0.59690634766425155,3,0.33333333333333331,0.56629741220678864,0.57147260292397417,0.0051751907171855294,0.89383242711227562,10000,0,0.62715641132076039,0.59359080196324443,0.6872939310382834
DOCKSTRING-58,500,33,6,row_disjoint_complement_map,0.59690634766425155,3,0.33333333333333331,0.56631710677698965,0.57150333274120724,0.0051862259642175834,0.89392906324917787,200,0,0.62942702626430025,0.59720105334264595,0.6791640828646085
DOCKSTRING-58,500,33,8,full_source_map_including_calibration_rows,0.61991566344556215,4,0.33333333333333331,0.53608801513880355,0.54153493561040622,0.0054469204716026676,0.85450607627113873,10000,0,0.58865614151348522,0.56186880118375171,0.63708014428473936
DOCKSTRING-58,500,33,8,row_disjoint_complement_map,0.61991566344556215,4,0.33333333333333331,0.53610328318856315,0.54156558014420075,0.0054622969556376022,0.85459189888024523,200,0,0.59141710282176152,0.56340051391312873,0.62763032876530522
DOCKSTRING-58,500,33,10,full_source_map_including_calibration_rows,0.68293730866906555,6,0.42857142857142855,0.50753775223979436,0.51297117902224032,0.0054334267824459603,0.78791265246216402,10000,0,0.55504003660467904,0.53305403975039001,0.59361836613889174
DOCKSTRING-58,500,33,10,row_disjoint_complement_map,0.68293730866906555,6,0.42857142857142855,0.50755178000044276,0.51300165009650678,0.0054498700960640134,0.78802063678457124,200,0,0.55388446441319972,0.53465849169105639,0.58764704910707743
DOCKSTRING-58,500,34,6,full_source_map_including_calibration_rows,0.80560146217368356,4,0.5,0.56629741220678864,0.56955196831948629,0.0032545561126976486,0.89383242711227562,10000,0,0.62715641132076039,0.59359080196324443,0.6872939310382834
DOCKSTRING-58,500,34,6,row_disjoint_complement_map,0.80560146217368356,4,0.5,0.56630625137424428,0.56956385134011689,0.003257599965872604,0.89375939572263385,200,0,0.62941913741915834,0.59719306465444222,0.67917949839193514
DOCKSTRING-58,500,34,8,full_source_map_including_calibration_rows,0.81249068373640532,5,0.45454545454545453,0.53608801513880355,0.53961430100591834,0.0035262858671147868,0.83680415034695721,10000,0,0.58865614151348522,0.56186880118375171,0.63708014428473936
DOCKSTRING-58,500,34,8,row_disjoint_complement_map,0.81249068373640532,5,0.45454545454545453,0.53609532613914912,0.53962877754711147,0.0035334514079623514,0.83691329185681584,200,0,0.59138283279762049,0.56337594058110474,0.62763842991617147
DOCKSTRING-58,500,34,10,full_source_map_including_calibration_rows,0.67578809254888172,7,0.53846153846153844,0.50753775223979436,0.51521830793474255,0.0076805556949481879,0.83680415034695721,10000,0,0.55504003660467904,0.53305403975039001,0.59361836613889174
DOCKSTRING-58,500,34,10,row_disjoint_complement_map,0.67578809254888172,7,0.53846153846153844,0.5075441187147407,0.51524357221642414,0.0076994535016834398,0.83691329185681584,200,0,0.55384559793932175,0.53463319484744076,0.58762208480553302
DOCKSTRING-58,500,35,6,full_source_map_including_calibration_rows,0.86066171838673622,2,0.20000000000000001,0.56629741220678864,0.57894131468202037,0.012643902475231728,0.89896435763704741,10000,0.00089999999999999998,0.62715641132076039,0.59359080196324443,0.6872939310382834
DOCKSTRING-58,500,35,6,row_disjoint_complement_map,0.86066171838673622,2,0.20000000000000001,0.56630044661162515,0.5789743959082394,0.012673949296614251,0.89912058284333984,200,0,0.62940918818710245,0.59720332003063581,0.67917025722313662
DOCKSTRING-58,500,35,8,full_source_map_including_calibration_rows,0.65385265904752699,4,0.33333333333333331,0.53608801513880355,0.54468932844393592,0.0086013133051323631,0.89896435763704741,10000,0,0.58865614151348522,0.56186880118375171,0.63708014428473936
DOCKSTRING-58,500,35,8,row_disjoint_complement_map,0.65385265904752699,4,0.33333333333333331,0.53608697288408025,0.54472229067025701,0.008635317786176766,0.89912058284333984,200,0,0.59140393152976789,0.56339129220850992,0.62762423722513327
DOCKSTRING-58,500,35,10,full_source_map_including_calibration_rows,0.87566141683266929,6,0.42857142857142855,0.50753775223979436,0.51527516494732484,0.0077374127075304777,0.78791265246216402,10000,0,0.55504003660467904,0.53305403975039001,0.59361836613889174
DOCKSTRING-58,500,35,10,row_disjoint_complement_map,0.87566141683266929,6,0.42857142857142855,0.50753761444226697,0.51530588579549219,0.0077682713532252201,0.78802019741674423,200,0,0.55387585628688996,0.53463614792854119,0.5876592046431911
DOCKSTRING-58,500,36,6,full_source_map_including_calibration_rows,0.43800873783573285,4,0.5,0.56629741220678864,0.56876481111624366,0.0024673989094550208,0.89383242711227562,10000,0,0.62715641132076039,0.59359080196324443,0.6872939310382834
DOCKSTRING-58,500,36,6,row_disjoint_complement_map,0.43800873783573285,4,0.5,0.56631542433659987,0.56878383209870642,0.0024684077621065503,0.8938257990289955,200,0,0.62944707544694789,0.59721413459554706,0.67916192784632756
DOCKSTRING-58,500,36,8,full_source_map_including_calibration_rows,0.42858907513537581,6,0.59999999999999998,0.53608801513880355,0.53819108410486027,0.0021030689660567203,0.84255227707466229,10000,0,0.58865614151348522,0.56186880118375171,0.63708014428473936
DOCKSTRING-58,500,36,8,row_disjoint_complement_map,0.42858907513537581,6,0.59999999999999998,0.53610352484731449,0.53821068047803844,0.0021071556307239447,0.84259440610673209,200,0,0.59140923569389892,0.56340788175942735,0.62760473955976415
DOCKSTRING-58,500,36,10,full_source_map_including_calibration_rows,0.81659775664804557,7,0.53846153846153844,0.50753775223979436,0.51099709605755383,0.0034593438177594749,0.82453622243243574,10000,0,0.55504003660467904,0.53305403975039001,0.59361836613889174
DOCKSTRING-58,500,36,10,row_disjoint_complement_map,0.81659775664804557,7,0.53846153846153844,0.50755011955292129,0.511017560349322,0.0034674407964007115,0.82478230838795663,200,0,0.55389628924741319,0.53466107006549402,0.58763210565108515
DOCKSTRING-58,500,37,6,full_source_map_including_calibration_rows,0.45142186076266788,2,0.20000000000000001,0.56629741220678864,0.57448101591349787,0.0081836037067092304,0.91991643054856909,10000,0.00020000000000000001,0.62715641132076039,0.59359080196324443,0.6872939310382834
DOCKSTRING-58,500,37,6,row_disjoint_complement_map,0.45142186076266788,2,0.20000000000000001,0.56629263058995405,0.57449816646111107,0.0082055358711570214,0.91978625244927259,200,0,0.62943652617263179,0.59718673112182441,0.67914206702073165
DOCKSTRING-58,500,37,8,full_source_map_including_calibration_rows,0.68047590899795218,3,0.23076923076923078,0.53608801513880355,0.54409362440275255,0.0080056092639489984,0.90010195828734063,10000,0,0.58865614151348522,0.56186880118375171,0.63708014428473936
DOCKSTRING-58,500,37,8,row_disjoint_complement_map,0.68047590899795218,3,0.23076923076923078,0.53608138416613238,0.54411563928735851,0.0080342551212261304,0.90013865805374249,200,0,0.59140641112452341,0.56339472983625771,0.62760448038978245
DOCKSTRING-58,500,37,10,full_source_map_including_calibration_rows,0.59108634345778632,5,0.33333333333333331,0.50753775223979436,0.51657976275739836,0.0090420105176040044,0.90010195828734063,10000,0,0.55504003660467904,0.53305403975039001,0.59361836613889174
DOCKSTRING-58,500,37,10,row_disjoint_complement_map,0.59108634345778632,5,0.33333333333333331,0.50753576270819523,0.51660490746100285,0.009069144752807623,0.90013865805374249,200,0,0.553882555309548,0.53465732061602456,0.58763449505874055
DOCKSTRING-58,500,38,6,full_source_map_including_calibration_rows,0.84302872007050222,3,0.33333333333333331,0.56629741220678864,0.57284731984773152,0.0065499076409428758,0.90864271790847106,10000,0.0001,0.62715641132076039,0.59359080196324443,0.6872939310382834
DOCKSTRING-58,500,38,6,row_disjoint_complement_map,0.84302872007050222,3,0.33333333333333331,0.56625081084555162,0.57282827013554272,0.0065774592899910944,0.90850474522884717,200,0,0.62939531498484724,0.59715332775191921,0.6791549802936373
DOCKSTRING-58,500,38,8,full_source_map_including_calibration_rows,0.61683235986712703,4,0.33333333333333331,0.53608801513880355,0.54355428171104458,0.0074662665722410315,0.90129684073043859,10000,0,0.58865614151348522,0.56186880118375171,0.63708014428473936
DOCKSTRING-58,500,38,8,row_disjoint_complement_map,0.61683235986712703,4,0.33333333333333331,0.53604765843255364,0.54354163203237471,0.0074939735998210688,0.90131635502467056,200,0,0.59136617631097244,0.56336780427099087,0.62759810023715812
DOCKSTRING-58,500,38,10,full_source_map_including_calibration_rows,0.84402696765396557,6,0.42857142857142855,0.50753775223979436,0.51425784176356693,0.0067200895237725655,0.90129684073043859,10000,0,0.55504003660467904,0.53305403975039001,0.59361836613889174
DOCKSTRING-58,500,38,10,row_disjoint_complement_map,0.84402696765396557,6,0.42857142857142855,0.50749972834877166,0.51424654542100545,0.0067468170722337906,0.90131635502467056,200,0,0.55383463042000691,0.53461259526861693,0.58764317312647907
DOCKSTRING-58,500,39,6,full_source_map_including_calibration_rows,0.85672458356519166,2,0.20000000000000001,0.56629741220678864,0.57584448907377217,0.0095470768669835282,0.88694435278989781,10000,0.00029999999999999997,0.62715641132076039,0.59359080196324443,0.6872939310382834
DOCKSTRING-58,500,39,6,row_disjoint_complement_map,0.85672458356519166,2,0.20000000000000001,0.56629502689391009,0.57588893452762302,0.0095939076337129281,0.88695662580652457,200,0,0.62943622786485409,0.59719844198178851,0.67916961672192933
DOCKSTRING-58,500,39,8,full_source_map_including_calibration_rows,0.60532314871230919,4,0.33333333333333331,0.53608801513880355,0.545949589909976,0.0098615747711724433,0.86974841856721752,10000,0.0001,0.58865614151348522,0.56186880118375171,0.63708014428473936
DOCKSTRING-58,500,39,8,row_disjoint_complement_map,0.60532314871230919,4,0.33333333333333331,0.53608866460358384,0.54599295226028588,0.0099042876567020377,0.86993415284403053,200,0,0.59141639248804934,0.56340876624627212,0.62760654156814999
DOCKSTRING-58,500,39,10,full_source_map_including_calibration_rows,0.84257082884125278,4,0.25,0.50753775223979436,0.52058662251835242,0.013048870278558056,0.86974841856721752,10000,0.00020000000000000001,0.55504003660467904,0.53305403975039001,0.59361836613889174
DOCKSTRING-58,500,39,10,row_disjoint_complement_map,0.84257082884125278,4,0.25,0.50753971510182228,0.5206292018951354,0.013089486793313121,0.86993415284403053,200,0,0.55388266187220647,0.53465480811188137,0.58763164313708771
DOCKSTRING-58,500,40,6,full_source_map_including_calibration_rows,0.57218045251779803,3,0.33333333333333331,0.56629741220678864,0.57019946094652862,0.0039020487397399828,0.86970296891965271,10000,0,0.62715641132076039,0.59359080196324443,0.6872939310382834
DOCKSTRING-58,500,40,6,row_disjoint_complement_map,0.57218045251779803,3,0.33333333333333331,0.56631710913242561,0.57023365565600381,0.0039165465235782015,0.86979237684648369,200,0,0.62942552533423068,0.59719565771879823,0.67915924136155947
DOCKSTRING-58,500,40,8,full_source_map_including_calibration_rows,0.59115668055110537,5,0.45454545454545453,0.53608801513880355,0.54040654984674186,0.0043185347079383041,0.84255227707466229,10000,0,0.58865614151348522,0.56186880118375171,0.63708014428473936
DOCKSTRING-58,500,40,8,row_disjoint_complement_map,0.59115668055110537,5,0.45454545454545453,0.5361041118616896,0.54044003279504949,0.0043359209333598825,0.84261011060663904,200,0,0.5913857326216978,0.56339501284352178,0.62760758489222179
DOCKSTRING-58,500,40,10,full_source_map_including_calibration_rows,0.72770735407352927,6,0.42857142857142855,0.50753775223979436,0.51161083059302614,0.0040730783532317849,0.80219180584248329,10000,0,0.55504003660467904,0.53305403975039001,0.59361836613889174
DOCKSTRING-58,500,40,10,row_disjoint_complement_map,0.72770735407352927,6,0.42857142857142855,0.50754012638426071,0.51164254317330415,0.0041024167890434393,0.80231325638182893,200,0,0.55386877509392951,0.53466812720389112,0.58765198998689283
DOCKSTRING-58,500,41,6,full_source_map_including_calibration_rows,0.74638192589293462,4,0.5,0.56629741220678864,0.57078594268029947,0.0044885304735108322,0.90010195828734063,10000,0,0.62715641132076039,0.59359080196324443,0.6872939310382834
DOCKSTRING-58,500,41,6,row_disjoint_complement_map,0.74638192589293462,4,0.5,0.56630694566583228,0.57080691776235615,0.0044999720965238632,0.8999951874514085,200,0,0.62942009010501176,0.59720021077540342,0.6791548835386505
DOCKSTRING-58,500,41,8,full_source_map_including_calibration_rows,0.75148126255396275,4,0.33333333333333331,0.53608801513880355,0.54323962770800471,0.0071516125692011601,0.90010195828734063,10000,0,0.58865614151348522,0.56186880118375171,0.63708014428473936
DOCKSTRING-58,500,41,8,row_disjoint_complement_map,0.75148126255396275,4,0.33333333333333331,0.53609666874658612,0.54326444705485422,0.0071677783082680913,0.8999951874514085,200,0,0.59138479471021976,0.56339091024613996,0.62759299552861147
DOCKSTRING-58,500,41,10,full_source_map_including_calibration_rows,0.56256164746072601,7,0.53846153846153844,0.50753775223979436,0.50957691896724355,0.0020391667274491931,0.80705712516638939,10000,0,0.55504003660467904,0.53305403975039001,0.59361836613889174
DOCKSTRING-58,500,41,10,row_disjoint_complement_map,0.56256164746072601,7,0.53846153846153844,0.50754385055587425,0.50959747644667575,0.0020536258908014915,0.80727102284686214,200,0,0.55386375721516523,0.53464645825520307,0.58766483276498294
DOCKSTRING-58,500,42,6,full_source_map_including_calibration_rows,0.56169741460026235,2,0.20000000000000001,0.56629741220678864,0.57514168612354866,0.0088442739167600148,0.85450607627113873,10000,0.00029999999999999997,0.62715641132076039,0.59359080196324443,0.6872939310382834
DOCKSTRING-58,500,42,6,row_disjoint_complement_map,0.56169741460026235,2,0.20000000000000001,0.56627726862434047,0.57514785944620306,0.0088705908218625895,0.8543412741993428,200,0,0.62940760122284167,0.59717595923522604,0.67917652558474073
DOCKSTRING-58,500,42,8,full_source_map_including_calibration_rows,0.66149544408017502,3,0.23076923076923078,0.53608801513880355,0.54748532903947689,0.011397313900673334,0.88694435278989781,10000,0.00029999999999999997,0.58865614151348522,0.56186880118375171,0.63708014428473936
DOCKSTRING-58,500,42,8,row_disjoint_complement_map,0.66149544408017502,3,0.23076923076923078,0.53606731715511069,0.54749315039115809,0.0114258332360474,0.88672000721775956,200,0,0.59140787232710068,0.56338300715916578,0.62760314408105378
DOCKSTRING-58,500,42,10,full_source_map_including_calibration_rows,0.61466285914097563,5,0.33333333333333331,0.50753775223979436,0.51875443832474044,0.011216686084946081,0.83054112187199325,10000,0.0001,0.55504003660467904,0.53305403975039001,0.59361836613889174
DOCKSTRING-58,500,42,10,row_disjoint_complement_map,0.61466285914097563,5,0.33333333333333331,0.50751837976203551,0.51876833012100865,0.011249950358973138,0.83060259812747828,200,0,0.55387095088992089,0.53463942945922482,0.58765692629053246
DOCKSTRING-58,500,43,6,full_source_map_including_calibration_rows,0.70142287004715109,3,0.33333333333333331,0.56629741220678864,0.57044123404796843,0.0041438218411797845,0.89383242711227562,10000,0,0.62715641132076039,0.59359080196324443,0.6872939310382834
DOCKSTRING-58,500,43,6,row_disjoint_complement_map,0.70142287004715109,3,0.33333333333333331,0.56629214168724096,0.57044618470638186,0.0041540430191409072,0.89379812523862534,200,0,0.62940431704268274,0.5971853296226235,0.67917242857984195
DOCKSTRING-58,500,43,8,full_source_map_including_calibration_rows,0.49852104664391356,6,0.59999999999999998,0.53608801513880355,0.53918614533081277,0.0030981301920092186,0.90010195828734063,10000,0,0.58865614151348522,0.56186880118375171,0.63708014428473936
DOCKSTRING-58,500,43,8,row_disjoint_complement_map,0.49852104664391356,6,0.59999999999999998,0.53608404718033742,0.53919478078054217,0.0031107336002047514,0.9002516573273206,200,0,0.59137863367295851,0.56337900352974257,0.62762259930962649
DOCKSTRING-58,500,43,10,full_source_map_including_calibration_rows,0.80943275465217512,9,0.81818181818181823,0.50753775223979436,0.51093298089578942,0.003395228655995064,0.80568874168266769,10000,0,0.55504003660467904,0.53305403975039001,0.59361836613889174
DOCKSTRING-58,500,43,10,row_disjoint_complement_map,0.80943275465217512,9,0.81818181818181823,0.50753830082739981,0.51093843086334856,0.0034001300359487452,0.80579220270008189,200,0,0.55385952513778003,0.5346297505872496,0.5875984439926093
DOCKSTRING-58,500,44,6,full_source_map_including_calibration_rows,0.81754230101360903,3,0.33333333333333331,0.56629741220678864,0.57287392227962008,0.006576510072831443,0.90010195828734063,10000,0.0001,0.62715641132076039,0.59359080196324443,0.6872939310382834
DOCKSTRING-58,500,44,6,row_disjoint_complement_map,0.81754230101360903,3,0.33333333333333331,0.56632228426304754,0.57291191408617292,0.0065896298231253869,0.90021792765839015,200,0,0.62943788169475412,0.59721632417037906,0.67918085755504032
DOCKSTRING-58,500,44,8,full_source_map_including_calibration_rows,0.56582073661479604,5,0.45454545454545453,0.53608801513880355,0.54206277898518496,0.0059747638463814035,0.83336782288455868,10000,0,0.58865614151348522,0.56186880118375171,0.63708014428473936
DOCKSTRING-58,500,44,8,row_disjoint_complement_map,0.56582073661479604,5,0.45454545454545453,0.53610633478344061,0.54210076307932853,0.0059944282958879214,0.83347540352673133,200,0,0.5914198711671409,0.56341045788212851,0.62761356550314396
DOCKSTRING-58,500,44,10,full_source_map_including_calibration_rows,0.85770296285861858,7,0.53846153846153844,0.50753775223979436,0.51181332048340411,0.0042755682436097509,0.80568874168266769,10000,0,0.55504003660467904,0.53305403975039001,0.59361836613889174
DOCKSTRING-58,500,44,10,row_disjoint_complement_map,0.85770296285861858,7,0.53846153846153844,0.50755874291881653,0.51185112678591238,0.0042923838670958503,0.805786358400993,200,0,0.55388313526699773,0.53467571009572412,0.58766135777403039
DOCKSTRING-58,500,45,6,full_source_map_including_calibration_rows,0.85320784809631978,3,0.33333333333333331,0.56629741220678864,0.57375262650977732,0.0074552143029886775,0.89383242711227562,10000,0.00020000000000000001,0.62715641132076039,0.59359080196324443,0.6872939310382834
DOCKSTRING-58,500,45,6,row_disjoint_complement_map,0.85320784809631978,3,0.33333333333333331,0.56628780354390773,0.57376694268330675,0.0074791391393990159,0.89407056547924979,200,0,0.62940995524130017,0.59719649170425892,0.67914958763998556
DOCKSTRING-58,500,45,8,full_source_map_including_calibration_rows,0.57337204730363245,5,0.45454545454545453,0.53608801513880355,0.5403645911620959,0.0042765760232923444,0.89334600825778687,10000,0,0.58865614151348522,0.56186880118375171,0.63708014428473936
DOCKSTRING-58,500,45,8,row_disjoint_complement_map,0.57337204730363245,5,0.45454545454545453,0.53608228997382312,0.54037082952370796,0.00428853954988484,0.89331721689022892,200,0,0.59139226568886061,0.56337853195308374,0.62760476696229894
DOCKSTRING-58,500,45,10,full_source_map_including_calibration_rows,0.82308872319931503,8,0.66666666666666663,0.50753775223979436,0.51067088273487959,0.0031331304950852346,0.89334600825778687,10000,0,0.55504003660467904,0.53305403975039001,0.59361836613889174
DOCKSTRING-58,500,45,10,row_disjoint_complement_map,0.82308872319931503,8,0.66666666666666663,0.50753580641164087,0.51067530171303299,0.0031394953013921256,0.89331721689022892,200,0,0.55385897953525998,0.5346203608926493,0.58761269854435949
DOCKSTRING-58,500,46,6,full_source_map_including_calibration_rows,0.81776830504509657,4,0.5,0.56629741220678864,0.5686111784894291,0.0023137662826404615,0.90010195828734063,10000,0,0.62715641132076039,0.59359080196324443,0.6872939310382834
DOCKSTRING-58,500,46,6,row_disjoint_complement_map,0.81776830504509657,4,0.5,0.56629240521580759,0.56861320648868563,0.0023208012728780369,0.89993452543489472,200,0,0.62942120644801225,0.597190299517394,0.67913041764326654
DOCKSTRING-58,500,46,8,full_source_map_including_calibration_rows,0.86080586080586086,6,0.59999999999999998,0.53608801513880355,0.54196604625982869,0.0058780311210251401,0.84255227707466229,10000,0,0.58865614151348522,0.56186880118375171,0.63708014428473936
DOCKSTRING-58,500,46,8,row_disjoint_complement_map,0.86080586080586086,6,0.59999999999999998,0.53608965111900841,0.54197643668119377,0.0058867855621853593,0.84253759278732865,200,0,0.59139659793798705,0.56338157602189065,0.62760353677025249
DOCKSTRING-58,500,46,10,full_source_map_including_calibration_rows,0.80350842583670345,7,0.53846153846153844,0.50753775223979436,0.51307087212260072,0.0055331198828063588,0.82453622243243574,10000,0,0.55504003660467904,0.53305403975039001,0.59361836613889174
DOCKSTRING-58,500,46,10,row_disjoint_complement_map,0.80350842583670345,7,0.53846153846153844,0.50753956432426184,0.51308697701590777,0.0055474126916459365,0.8247089543955396,200,0,0.55385213379476417,0.53463570195665633,0.5876400298545118
DOCKSTRING-58,500,47,6,full_source_map_including_calibration_rows,0.53042831604773866,2,0.20000000000000001,0.56629741220678864,0.57614028404067175,0.0098428718338831045,0.91046350452599822,10000,0.00040000000000000002,0.62715641132076039,0.59359080196324443,0.6872939310382834
DOCKSTRING-58,500,47,6,row_disjoint_complement_map,0.53042831604773866,2,0.20000000000000001,0.56628946373007716,0.57616527751054003,0.0098758137804628721,0.91051975648922379,200,0,0.62941923981937808,0.59718599764030744,0.67914421890169863
DOCKSTRING-58,500,47,8,full_source_map_including_calibration_rows,0.53220649201728853,4,0.33333333333333331,0.53608801513880355,0.54525547325552415,0.0091674581167205949,0.89383242711227562,10000,0,0.58865614151348522,0.56186880118375171,0.63708014428473936
DOCKSTRING-58,500,47,8,row_disjoint_complement_map,0.53220649201728853,4,0.33333333333333331,0.5360807150485869,0.54528176224841474,0.0092010471998278387,0.89394303986608659,200,0,0.5913780102106847,0.56339436748537897,0.62759549529052927
DOCKSTRING-58,500,47,10,full_source_map_including_calibration_rows,0.55416277018378135,6,0.42857142857142855,0.50753775223979436,0.51372081417963067,0.0061830619398363096,0.80568874168266769,10000,0,0.55504003660467904,0.53305403975039001,0.59361836613889174
DOCKSTRING-58,500,47,10,row_disjoint_complement_map,0.55416277018378135,6,0.42857142857142855,0.50752996464621358,0.51373458916855208,0.0062046245223384977,0.80564014085012003,200,0,0.5538771484834637,0.53464402724532856,0.58762983155737081
DOCKSTRING-58,500,48,6,full_source_map_including_calibration_rows,0.66403689316497438,5,0.7142857142857143,0.56629741220678864,0.56746764253252613,0.0011702303257374869,0.91991643054856909,10000,0,0.62715641132076039,0.59359080196324443,0.6872939310382834
DOCKSTRING-58,500,48,6,row_disjoint_complement_map,0.66403689316497438,5,0.7142857142857143,0.56629750554599501,0.56747283706880824,0.0011753315228132388,0.92007232428019647,200,0,0.62941190313633621,0.59720091882662907,0.67916350117107827
DOCKSTRING-58,500,48,8,full_source_map_including_calibration_rows,0.58316753833140733,7,0.77777777777777779,0.53608801513880355,0.53796217545704528,0.0018741603182417244,0.91089310430050541,10000,0,0.58865614151348522,0.56186880118375171,0.63708014428473936
DOCKSTRING-58,500,48,8,row_disjoint_complement_map,0.58316753833140733,7,0.77777777777777779,0.53609015622536871,0.53796548958925672,0.0018753333638880099,0.91081270988142182,200,0,0.59138549076724711,0.56338709364781892,0.62764057086411462
DOCKSTRING-58,500,48,10,full_source_map_including_calibration_rows,0.7523443292394808,8,0.66666666666666663,0.50753775223979436,0.50911228068166436,0.0015745284418700045,0.84255227707466229,10000,0,0.55504003660467904,0.53305403975039001,0.59361836613889174
DOCKSTRING-58,500,48,10,row_disjoint_complement_map,0.7523443292394808,8,0.66666666666666663,0.50753840011372364,0.50912083681053677,0.0015824366968131276,0.84264630284539854,200,0,0.55384686745489886,0.53463997957803366,0.58760567622070126
DOCKSTRING-58,500,49,6,full_source_map_including_calibration_rows,0.89695191362573945,2,0.20000000000000001,0.56629741220678864,0.57236852350886835,0.0060711113020797125,0.90864271790847106,10000,0.0001,0.62715641132076039,0.59359080196324443,0.6872939310382834
DOCKSTRING-58,500,49,6,row_disjoint_complement_map,0.89695191362573945,2,0.20000000000000001,0.56631272711105074,0.57240682646805208,0.0060940993570013369,0.90844262831003719,200,0,0.62941850298920421,0.59720417606455556,0.67915957449947395
DOCKSTRING-58,500,49,8,full_source_map_including_calibration_rows,0.57079813658007283,4,0.33333333333333331,0.53608801513880355,0.54118327047100945,0.0050952553322058947,0.84255227707466229,10000,0,0.58865614151348522,0.56186880118375171,0.63708014428473936
DOCKSTRING-58,500,49,8,row_disjoint_complement_map,0.57079813658007283,4,0.33333333333333331,0.53610884580478757,0.54122467828743193,0.0051158324826443557,0.84256857733453205,200,0,0.59140396022741282,0.5633864679813565,0.62760537726117671
DOCKSTRING-58,500,49,10,full_source_map_including_calibration_rows,0.68309006592151356,8,0.66666666666666663,0.50753775223979436,0.50961338742440465,0.0020756351846102916,0.80219180584248329,10000,0,0.55504003660467904,0.53305403975039001,0.59361836613889174
DOCKSTRING-58,500,49,10,row_disjoint_complement_map,0.68309006592151356,8,0.66666666666666663,0.50755543998689956,0.5096512827127353,0.0020958427258357393,0.80220459445161529,200,0,0.553877334822926,0.53467488157863508,0.58767231883239213
DOCKSTRING-58,500,50,6,full_source_map_including_calibration_rows,0.95687454962391061,4,0.5,0.56629741220678864,0.5703774254948516,0.0040800132880629558,0.89334600825778687,10000,0,0.62715641132076039,0.59359080196324443,0.6872939310382834
DOCKSTRING-58,500,50,6,row_disjoint_complement_map,0.95687454962391061,4,0.5,0.56628811246686206,0.57038378408487567,0.0040956716180136077,0.89317751892400243,200,0,0.62940686677790436,0.5971899046637249,0.67920848253393606
DOCKSTRING-58,500,50,8,full_source_map_including_calibration_rows,0.73271889400921664,4,0.33333333333333331,0.53608801513880355,0.54227742329855055,0.0061894081597470008,0.89334600825778687,10000,0,0.58865614151348522,0.56186880118375171,0.63708014428473936
DOCKSTRING-58,500,50,8,row_disjoint_complement_map,0.73271889400921664,4,0.33333333333333331,0.53608215435637596,0.54228598060435573,0.0062038262479797712,0.89317751892400243,200,0,0.59140306738140658,0.56338314252899946,0.62764823756294141
DOCKSTRING-58,500,50,10,full_source_map_including_calibration_rows,0.77848122668129505,6,0.42857142857142855,0.50753775223979436,0.51445679365901198,0.0069190414192176197,0.88694435278989781,10000,0,0.55504003660467904,0.53305403975039001,0.59361836613889174
DOCKSTRING-58,500,50,10,row_disjoint_complement_map,0.77848122668129505,6,0.42857142857142855,0.50753445324347202,0.51446962517783057,0.0069351719343585527,0.88708166366269936,200,0,0.55387640571945951,0.53462587892171465,0.58763762723386559
DOCKSTRING-58,500,51,6,full_source_map_including_calibration_rows,0.82183485699168113,3,0.33333333333333331,0.56629741220678864,0.57343970501754216,0.0071422928107535144,0.90802978791885081,10000,0.0001,0.62715641132076039,0.59359080196324443,0.6872939310382834
DOCKSTRING-58,500,51,6,row_disjoint_complement_map,0.82183485699168113,3,0.33333333333333331,0.56626224187353646,0.57344037511144019,0.0071781332379037277,0.90799189585272755,200,0,0.62940770980163474,0.59716693469450954,0.67914009785969531
DOCKSTRING-58,500,51,8,full_source_map_including_calibration_rows,0.84781808138464376,4,0.33333333333333331,0.53608801513880355,0.54518882483282349,0.0091008096940199401,0.85450607627113873,10000,0,0.58865614151348522,0.56186880118375171,0.63708014428473936
DOCKSTRING-58,500,51,8,row_disjoint_complement_map,0.84781808138464376,4,0.33333333333333331,0.53605064567538552,0.5451909810573039,0.0091403353819183852,0.85459592630179626,200,0,0.59137167724208317,0.56335546538775039,0.62759667385239226
DOCKSTRING-58,500,51,10,full_source_map_including_calibration_rows,0.85770296285861858,6,0.42857142857142855,0.50753775223979436,0.51546344249550435,0.007925690255709994,0.85450607627113873,10000,0,0.55504003660467904,0.53305403975039001,0.59361836613889174
DOCKSTRING-58,500,51,10,row_disjoint_complement_map,0.85770296285861858,6,0.42857142857142855,0.50750437060249431,0.51545918555635895,0.0079548149538646307,0.85459592630179626,200,0,0.55385084021741093,0.53460700585746546,0.5876463676822189
DOCKSTRING-58,500,52,6,full_source_map_including_calibration_rows,0.64253600415761258,4,0.5,0.56629741220678864,0.56961207296814709,0.0033146607613584456,0.90010195828734063,10000,0,0.62715641132076039,0.59359080196324443,0.6872939310382834
DOCKSTRING-58,500,52,6,row_disjoint_complement_map,0.64253600415761258,4,0.5,0.56628154310575596,0.56960880826707105,0.0033272651613150961,0.9001184549672735,200,0,0.62941233223352167,0.59717520792172174,0.67914288733382444
DOCKSTRING-58,500,52,8,full_source_map_including_calibration_rows,0.7433322161185687,5,0.45454545454545453,0.53608801513880355,0.54054072338159498,0.0044527082427914255,0.90010195828734063,10000,0,0.58865614151348522,0.56186880118375171,0.63708014428473936
DOCKSTRING-58,500,52,8,row_disjoint_complement_map,0.7433322161185687,5,0.45454545454545453,0.53606768091968859,0.54053835872659561,0.0044706778069070197,0.9001184549672735,200,0,0.59139310266214484,0.56336760726189361,0.6276010797929199
DOCKSTRING-58,500,52,10,full_source_map_including_calibration_rows,0.60182929347152825,7,0.53846153846153844,0.50753775223979436,0.51224116193118141,0.0047034096913870505,0.90010195828734063,10000,0,0.55504003660467904,0.53305403975039001,0.59361836613889174
DOCKSTRING-58,500,52,10,row_disjoint_complement_map,0.60182929347152825,7,0.53846153846153844,0.50752136278355764,0.5122391222784457,0.004717759494888063,0.9001184549672735,200,0,0.55384157762857134,0.53463221929258442,0.58762764713753679
DOCKSTRING-58,500,53,6,full_source_map_including_calibration_rows,0.92077144896353214,3,0.33333333333333331,0.56629741220678864,0.57075976633304848,0.0044623541262598376,0.90010195828734063,10000,0,0.62715641132076039,0.59359080196324443,0.6872939310382834
DOCKSTRING-58,500,53,6,row_disjoint_complement_map,0.92077144896353214,3,0.33333333333333331,0.56629612077181535,0.57076936274488355,0.0044732419730681983,0.90011723393417309,200,0,0.62941757868223247,0.59720618395393965,0.67917033426302875
DOCKSTRING-58,500,53,8,full_source_map_including_calibration_rows,0.63429457512001886,5,0.45454545454545453,0.53608801513880355,0.54047242540243257,0.0043844102636290128,0.86970296891965271,10000,0,0.58865614151348522,0.56186880118375171,0.63708014428473936
DOCKSTRING-58,500,53,8,row_disjoint_complement_map,0.63429457512001886,5,0.45454545454545453,0.53608804423042411,0.54049080890509149,0.004402764674667381,0.86992771770187804,200,0,0.59140216607799367,0.56340082423982341,0.62761532234835082
DOCKSTRING-58,500,53,10,full_source_map_including_calibration_rows,0.76411866994495359,5,0.33333333333333331,0.50753775223979436,0.51655200180694449,0.0090142495671501344,0.86970296891965271,10000,0,0.55504003660467904,0.53305403975039001,0.59361836613889174
DOCKSTRING-58,500,53,10,row_disjoint_complement_map,0.76411866994495359,5,0.33333333333333331,0.50753801055632941,0.51657616765107239,0.0090381570947429823,0.86992771770187804,200,0,0.55385921247420788,0.53462615491235588,0.58762870129513955
DOCKSTRING-58,500,54,6,full_source_map_including_calibration_rows,0.79954244627829074,2,0.20000000000000001,0.56629741220678864,0.57437851047332389,0.0080810982665352471,0.89383242711227562,10000,0.00020000000000000001,0.62715641132076039,0.59359080196324443,0.6872939310382834
DOCKSTRING-58,500,54,6,row_disjoint_complement_map,0.79954244627829074,2,0.20000000000000001,0.5662993461731809,0.5744061750854218,0.0081068289122409043,0.89375445937522002,200,0,0.62943025236333461,0.59720209144513114,0.67914560300106119
DOCKSTRING-58,500,54,8,full_source_map_including_calibration_rows,0.84646192008654653,5,0.45454545454545453,0.53608801513880355,0.539986266938695,0.0038982517998914501,0.89383242711227562,10000,0,0.58865614151348522,0.56186880118375171,0.63708014428473936
DOCKSTRING-58,500,54,8,row_disjoint_complement_map,0.84646192008654653,5,0.45454545454545453,0.53609066436732777,0.54000604254307516,0.003915378175747386,0.89375445937522002,200,0,0.59139952041339539,0.56339349436193475,0.62760780371278446
DOCKSTRING-58,500,54,10,full_source_map_including_calibration_rows,0.77503874678431417,7,0.53846153846153844,0.50753775223979436,0.51052925074192135,0.002991498502126988,0.80568874168266769,10000,0,0.55504003660467904,0.53305403975039001,0.59361836613889174
DOCKSTRING-58,500,54,10,row_disjoint_complement_map,0.77503874678431417,7,0.53846153846153844,0.5075505340624773,0.51055205815468274,0.0030015240922054431,0.80520691238413611,200,0,0.55388808706909842,0.53465303971533296,0.58762358759491129
DOCKSTRING-58,500,55,6,full_source_map_including_calibration_rows,0.57685791212555382,4,0.5,0.56629741220678864,0.56947424464229435,0.0031768324355057054,0.86970296891965271,10000,0,0.62715641132076039,0.59359080196324443,0.6872939310382834
DOCKSTRING-58,500,55,6,row_disjoint_complement_map,0.57685791212555382,4,0.5,0.56632380691016615,0.56950436878360566,0.0031805618734395136,0.86971604525500679,200,0,0.62942458607786556,0.59723216984280081,0.67918594072445271
DOCKSTRING-58,500,55,8,full_source_map_including_calibration_rows,0.58771808461075836,5,0.45454545454545453,0.53608801513880355,0.54021041001194103,0.0041223948731374804,0.85450607627113873,10000,0,0.58865614151348522,0.56186880118375171,0.63708014428473936
DOCKSTRING-58,500,55,8,row_disjoint_complement_map,0.58771808461075836,5,0.45454545454545453,0.53611298112977712,0.54024277232785023,0.0041297911980731072,0.85456677846985407,200,0,0.59140402242658696,0.5634053156952652,0.62763346310426393
DOCKSTRING-58,500,55,10,full_source_map_including_calibration_rows,0.75589319629091722,6,0.42857142857142855,0.50753775223979436,0.51164665342377513,0.0041089011839807732,0.84255227707466229,10000,0,0.55504003660467904,0.53305403975039001,0.59361836613889174
DOCKSTRING-58,500,55,10,row_disjoint_complement_map,0.75589319629091722,6,0.42857142857142855,0.50755597793336749,0.51167853799255325,0.0041225600591857647,0.84261842575145529,200,0,0.55387664874228815,0.53464715371654847,0.58763311087306613
DOCKSTRING-58,500,56,6,full_source_map_including_calibration_rows,0.51292997079200442,4,0.5,0.56629741220678864,0.56835949312279532,0.0020620809160066811,0.90114388780564503,10000,0,0.62715641132076039,0.59359080196324443,0.6872939310382834
DOCKSTRING-58,500,56,6,row_disjoint_complement_map,0.51292997079200442,4,0.5,0.56628446856445058,0.56835784349624541,0.0020733749317948247,0.90139443789063267,200,0,0.62941130934056333,0.5971834806650953,0.67915775978288762
DOCKSTRING-58,500,56,8,full_source_map_including_calibration_rows,0.48071084323750835,5,0.45454545454545453,0.53608801513880355,0.54128569531743975,0.0051976801786361992,0.90114388780564503,10000,0,0.58865614151348522,0.56186880118375171,0.63708014428473936
DOCKSTRING-58,500,56,8,row_disjoint_complement_map,0.48071084323750835,5,0.45454545454545453,0.53607905377370479,0.54129168888385992,0.0052126351101551283,0.90139443789063267,200,0,0.59139877781126537,0.56338160144537996,0.62761711805116804
DOCKSTRING-58,500,56,10,full_source_map_including_calibration_rows,0.75337037356428038,6,0.42857142857142855,0.50753775223979436,0.5132634035847069,0.0057256513449125412,0.90114388780564503,10000,0,0.55504003660467904,0.53305403975039001,0.59361836613889174
DOCKSTRING-58,500,56,10,row_disjoint_complement_map,0.75337037356428038,6,0.42857142857142855,0.50752934109268755,0.51326747037283216,0.0057381292801446104,0.90139443789063267,200,0,0.55386796698881957,0.53463804503284995,0.58765721171094798
DOCKSTRING-58,500,57,6,full_source_map_including_calibration_rows,0.67696626124209325,3,0.33333333333333331,0.56629741220678864,0.57066335613748453,0.0043659439306958925,0.90010195828734063,10000,0,0.62715641132076039,0.59359080196324443,0.6872939310382834
DOCKSTRING-58,500,57,6,row_disjoint_complement_map,0.67696626124209325,3,0.33333333333333331,0.56630499443748805,0.57068728913589351,0.0043822946984054534,0.8999410631231517,200,0,0.62942904459108695,0.59723255728208935,0.67919415464149624
DOCKSTRING-58,500,57,8,full_source_map_including_calibration_rows,0.81749845618368611,5,0.45454545454545453,0.53608801513880355,0.54089489471659113,0.0048068795777875817,0.90010195828734063,10000,0,0.58865614151348522,0.56186880118375171,0.63708014428473936
DOCKSTRING-58,500,57,8,row_disjoint_complement_map,0.81749845618368611,5,0.45454545454545453,0.53609912854584196,0.54091817895405248,0.0048190504082105123,0.8999410631231517,200,0,0.59143233235114578,0.56341562000773793,0.6276104404600652
DOCKSTRING-58,500,57,10,full_source_map_including_calibration_rows,0.64892121105593881,7,0.53846153846153844,0.50753775223979436,0.51271280109015049,0.0051750488503561343,0.80219180584248329,10000,0,0.55504003660467904,0.53305403975039001,0.59361836613889174
DOCKSTRING-58,500,57,10,row_disjoint_complement_map,0.64892121105593881,7,0.53846153846153844,0.50754999688265645,0.51274117989198242,0.0051911830093259725,0.8021651314125573,200,0,0.55385949189101669,0.53464752191099907,0.58760849623872791
DOCKSTRING-58,500,58,6,full_source_map_including_calibration_rows,0.75982695335840889,5,0.7142857142857143,0.56629741220678864,0.5693743337731666,0.0030769215663779548,0.91991643054856909,10000,0,0.62715641132076039,0.59359080196324443,0.6872939310382834
DOCKSTRING-58,500,58,6,row_disjoint_complement_map,0.75982695335840889,5,0.7142857142857143,0.56629790980807304,0.56937801613246364,0.0030801063243905968,0.9199986811211478,200,0,0.62940980540167302,0.59719277734283094,0.67917656356928924
DOCKSTRING-58,500,58,8,full_source_map_including_calibration_rows,0.58728586271051297,6,0.59999999999999998,0.53608801513880355,0.53975134562453919,0.0036633304857356386,0.86970296891965271,10000,0,0.58865614151348522,0.56186880118375171,0.63708014428473936
DOCKSTRING-58,500,58,8,row_disjoint_complement_map,0.58728586271051297,6,0.59999999999999998,0.53608313747821801,0.53975356486434389,0.0036704273861258851,0.86976143077728185,200,0,0.59140853547904881,0.56339342282018456,0.62761324149771081
DOCKSTRING-58,500,58,10,full_source_map_including_calibration_rows,0.78504757328996921,7,0.53846153846153844,0.50753775223979436,0.51125921980393862,0.0037214675641442652,0.84255227707466229,10000,0,0.55504003660467904,0.53305403975039001,0.59361836613889174
DOCKSTRING-58,500,58,10,row_disjoint_complement_map,0.78504757328996921,7,0.53846153846153844,0.50752686790544688,0.51126325643173276,0.0037363885262858831,0.84262487870173997,200,0,0.55387018940520749,0.5346405267340828,0.58764441509046117
DOCKSTRING-58,500,59,6,full_source_map_including_calibration_rows,0.56102742656496662,4,0.5,0.56629741220678864,0.5686348146285326,0.0023374024217439615,0.90010195828734063,10000,0,0.62715641132076039,0.59359080196324443,0.6872939310382834
DOCKSTRING-58,500,59,6,row_disjoint_complement_map,0.56102742656496662,4,0.5,0.56632576941057167,0.56867241019803805,0.0023466407874663808,0.90010802051400196,200,0,0.62944657338391885,0.59722849717358106,0.67916995777591282
DOCKSTRING-58,500,59,8,full_source_map_including_calibration_rows,0.53271707393901213,4,0.33333333333333331,0.53608801513880355,0.54118327047100945,0.0050952553322058947,0.84255227707466229,10000,0,0.58865614151348522,0.56186880118375171,0.63708014428473936
DOCKSTRING-58,500,59,8,row_disjoint_complement_map,0.53271707393901213,4,0.33333333333333331,0.53611677201438801,0.54122264582799939,0.0051058738136113835,0.84267145274252597,200,0,0.59140211710224033,0.5634214417905169,0.62761084888369445
DOCKSTRING-58,500,59,10,full_source_map_including_calibration_rows,0.84689219336757782,5,0.33333333333333331,0.50753775223979436,0.51335235278041969,0.0058146005406253254,0.80568874168266769,10000,0,0.55504003660467904,0.53305403975039001,0.59361836613889174
DOCKSTRING-58,500,59,10,row_disjoint_complement_map,0.84689219336757782,5,0.33333333333333331,0.50756397590869962,0.51339167312408573,0.0058276972153861184,0.80577560909945622,200,0,0.55388035729975138,0.53466707797319923,0.58762612414522675
DOCKSTRING-58,500,60,6,full_source_map_including_calibration_rows,0.65407838232188265,3,0.33333333333333331,0.56629741220678864,0.57273145667149661,0.0064340444647079664,0.91991643054856909,10000,0.0001,0.62715641132076039,0.59359080196324443,0.6872939310382834
DOCKSTRING-58,500,60,6,row_disjoint_complement_map,0.65407838232188265,3,0.33333333333333331,0.56627661753437308,0.57272841038894096,0.0064517928545678727,0.91995041241394215,200,0,0.62940506427226839,0.59718063827743562,0.67916818570179716
DOCKSTRING-58,500,60,8,full_source_map_including_calibration_rows,0.60230844940201023,5,0.45454545454545453,0.53608801513880355,0.5428605505003129,0.0067725353615093464,0.90010195828734063,10000,0,0.58865614151348522,0.56186880118375171,0.63708014428473936
DOCKSTRING-58,500,60,8,row_disjoint_complement_map,0.60230844940201023,5,0.45454545454545453,0.53607361094071693,0.54285909290679024,0.0067854819660733146,0.8999592103021935,200,0,0.5913749933240473,0.56336924804618571,0.62759190938897114
DOCKSTRING-58,500,60,10,full_source_map_including_calibration_rows,0.7856231324701195,7,0.53846153846153844,0.50753775223979436,0.51275547485165962,0.0052177226118652609,0.83357233750752746,10000,0,0.55504003660467904,0.53305403975039001,0.59361836613889174
DOCKSTRING-58,500,60,10,row_disjoint_complement_map,0.7856231324701195,7,0.53846153846153844,0.50751754053124865,0.51275686085590821,0.0052393203246595688,0.83362456794547213,200,0,0.55386188403512882,0.53463634239660851,0.58760188896695187
DOCKSTRING-58,500,61,6,full_source_map_including_calibration_rows,0.81210604556328936,5,0.7142857142857143,0.56629741220678864,0.56852171795993633,0.0022243057531476929,0.90010195828734063,10000,0,0.62715641132076039,0.59359080196324443,0.6872939310382834
DOCKSTRING-58,500,61,6,row_disjoint_complement_map,0.81210604556328936,5,0.7142857142857143,0.56629348358874265,0.56852608221159717,0.0022325986228545203,0.89979477137741048,200,0,0.62940410669032654,0.59718926058423727,0.67916519500759431
DOCKSTRING-58,500,61,8,full_source_map_including_calibration_rows,0.78706415127203055,5,0.45454545454545453,0.53608801513880355,0.54198672168434292,0.0058987065455393672,0.90010195828734063,10000,0,0.58865614151348522,0.56186880118375171,0.63708014428473936
DOCKSTRING-58,500,61,8,row_disjoint_complement_map,0.78706415127203055,5,0.45454545454545453,0.53609132022242489,0.54199436197128548,0.0059030417488605824,0.89979477137741048,200,0,0.59139554126068927,0.56336917605285464,0.62762076567610225
DOCKSTRING-58,500,61,10,full_source_map_including_calibration_rows,0.66849796551669538,6,0.42857142857142855,0.50753775223979436,0.51412984061816325,0.0065920883783688877,0.90010195828734063,10000,0,0.55504003660467904,0.53305403975039001,0.59361836613889174
DOCKSTRING-58,500,61,10,row_disjoint_complement_map,0.66849796551669538,6,0.42857142857142855,0.50754524835649395,0.5141404875086808,0.0065952391521868492,0.89979477137741048,200,0,0.55386679302128938,0.53464140995783038,0.58765007563945326
DOCKSTRING-58,500,62,6,full_source_map_including_calibration_rows,0.78032117983844029,3,0.33333333333333331,0.56629741220678864,0.57113471593682485,0.0048373037300362132,0.90864271790847106,10000,0,0.62715641132076039,0.59359080196324443,0.6872939310382834
DOCKSTRING-58,500,62,6,row_disjoint_complement_map,0.78032117983844029,3,0.33333333333333331,0.56629865170920046,0.57114291288462316,0.0048442611754226927,0.90829983308294182,200,0,0.62942657195547591,0.59719092634076043,0.67917794703136813
DOCKSTRING-58,500,62,8,full_source_map_including_calibration_rows,0.81239050804268198,6,0.59999999999999998,0.53608801513880355,0.5398064045792863,0.00371838944048275,0.90864271790847106,10000,0,0.58865614151348522,0.56186880118375171,0.63708014428473936
DOCKSTRING-58,500,62,8,row_disjoint_complement_map,0.81239050804268198,6,0.59999999999999998,0.53609154332065123,0.53981102459727404,0.0037194812766228047,0.90829983308294182,200,0,0.59138927359816029,0.5633902563042521,0.62761675355320479
DOCKSTRING-58,500,62,10,full_source_map_including_calibration_rows,0.70830232397554038,6,0.42857142857142855,0.50753775223979436,0.51593439512408734,0.0083966428842929819,0.89896435763704741,10000,0,0.55504003660467904,0.53305403975039001,0.59361836613889174
DOCKSTRING-58,500,62,10,row_disjoint_complement_map,0.70830232397554038,6,0.42857142857142855,0.50754138782978797,0.5159587147166359,0.0084173268868479312,0.89909680979061368,200,0,0.5538805413599095,0.53465997293502709,0.58763866430123535
DOCKSTRING-58,500,63,6,full_source_map_including_calibration_rows,0.4960200381813662,4,0.5,0.56629741220678864,0.57184770671119578,0.0055502945044071383,0.91089310430050541,10000,0,0.62715641132076039,0.59359080196324443,0.6872939310382834
DOCKSTRING-58,500,63,6,row_disjoint_complement_map,0.4960200381813662,4,0.5,0.56632044396058112,0.57188329807695193,0.0055628541163708078,0.91097360971154251,200,0,0.62943183609371378,0.59721389141246262,0.67917719018941314
DOCKSTRING-58,500,63,8,full_source_map_including_calibration_rows,0.52294917549840125,7,0.77777777777777779,0.53608801513880355,0.54145225540160435,0.0053642402628008012,0.84255227707466229,10000,0,0.58865614151348522,0.56186880118375171,0.63708014428473936
DOCKSTRING-58,500,63,8,row_disjoint_complement_map,0.52294917549840125,7,0.77777777777777779,0.5361111511387725,0.54148631403105296,0.0053751628922804606,0.84260214272052814,200,0,0.59141476700894646,0.56341443668781066,0.6276299049567392
DOCKSTRING-58,500,63,10,full_source_map_including_calibration_rows,0.77414485958036927,8,0.66666666666666663,0.50753775223979436,0.51257188179713342,0.0050341295573390621,0.78284032867517661,10000,0,0.55504003660467904,0.53305403975039001,0.59361836613889174
DOCKSTRING-58,500,63,10,row_disjoint_complement_map,0.77414485958036927,8,0.66666666666666663,0.50755991759336783,0.5126039836019427,0.0050440660085748767,0.78272410104059031,200,0,0.55387667870259882,0.53467552400558016,0.58763666908310241
DOCKSTRING-58,500,64,6,full_source_map_including_calibration_rows,0.76723543040362718,4,0.5,0.56629741220678864,0.5696965515150143,0.0033991393082256627,0.90010195828734063,10000,0,0.62715641132076039,0.59359080196324443,0.6872939310382834
DOCKSTRING-58,500,64,6,row_disjoint_complement_map,0.76723543040362718,4,0.5,0.56629566828065125,0.56970704184803722,0.0034113735673859669,0.90015773969806978,200,0,0.62943995892934601,0.59720130497449053,0.67916104917250264
DOCKSTRING-58,500,64,8,full_source_map_including_calibration_rows,0.5820072635175495,4,0.33333333333333331,0.53608801513880355,0.54173557622932933,0.0056475610905257767,0.83680415034695721,10000,0,0.58865614151348522,0.56186880118375171,0.63708014428473936
DOCKSTRING-58,500,64,8,row_disjoint_complement_map,0.5820072635175495,4,0.33333333333333331,0.5360838952146042,0.54175270444209545,0.0056688092274912449,0.83669457404604719,200,0,0.59137409073281555,0.56337965852919869,0.62763337386718243
DOCKSTRING-58,500,64,10,full_source_map_including_calibration_rows,0.80314549247240774,7,0.53846153846153844,0.50753775223979436,0.51235636648967919,0.0048186142498848339,0.83357233750752746,10000,0,0.55504003660467904,0.53305403975039001,0.59361836613889174
DOCKSTRING-58,500,64,10,row_disjoint_complement_map,0.80314549247240774,7,0.53846153846153844,0.50754238477504221,0.51237465810307803,0.0048322733280358188,0.83365543374776174,200,0,0.55385827254149622,0.53464199119285793,0.58763785043942274
DOCKSTRING-58,500,65,6,full_source_map_including_calibration_rows,0.59672705181131513,3,0.33333333333333331,0.56629741220678864,0.57215696691315343,0.005859554706364789,0.90114388780564503,10000,0.0001,0.62715641132076039,0.59359080196324443,0.6872939310382834
DOCKSTRING-58,500,65,6,row_disjoint_complement_map,0.59672705181131513,3,0.33333333333333331,0.56630772261725226,0.57218405043520204,0.005876327817949778,0.90128105193126462,200,0,0.62944322134576169,0.5972028553732861,0.6791849002568614
DOCKSTRING-58,500,65,8,full_source_map_including_calibration_rows,0.54372389966787471,4,0.33333333333333331,0.53608801513880355,0.54057470453665513,0.0044866893978515732,0.90010195828734063,10000,0,0.58865614151348522,0.56186880118375171,0.63708014428473936
DOCKSTRING-58,500,65,8,row_disjoint_complement_map,0.54372389966787471,4,0.33333333333333331,0.53609415068832367,0.54059955574712615,0.0045054050588024808,0.90022181802295786,200,0,0.59141295955620965,0.56339169411580781,0.62763423933342333
DOCKSTRING-58,500,65,10,full_source_map_including_calibration_rows,0.85586126242575322,7,0.53846153846153844,0.50753775223979436,0.51094649880974174,0.0034087465699473851,0.78791265246216402,10000,0,0.55504003660467904,0.53305403975039001,0.59361836613889174
DOCKSTRING-58,500,65,10,row_disjoint_complement_map,0.85586126242575322,7,0.53846153846153844,0.5075461047469525,0.51096977331025917,0.0034236685633066699,0.78800338406346415,200,0,0.5538810861813972,0.53465171688964674,0.58763574181348177
DOCKSTRING-58,500,66,6,full_source_map_including_calibration_rows,0.93548742401548612,5,0.7142857142857143,0.56629741220678864,0.5693743337731666,0.0030769215663779548,0.91991643054856909,10000,0,0.62715641132076039,0.59359080196324443,0.6872939310382834
DOCKSTRING-58,500,66,6,row_disjoint_complement_map,0.93548742401548612,5,0.7142857142857143,0.56632078497551896,0.5694025420495904,0.003081757074071434,0.9199442202467385,200,0,0.6294202022818628,0.59720511460577874,0.67916765029094639
DOCKSTRING-58,500,66,8,full_source_map_including_calibration_rows,0.92492737984293338,6,0.59999999999999998,0.53608801513880355,0.54094836051942341,0.0048603453806198571,0.89334600825778687,10000,0,0.58865614151348522,0.56186880118375171,0.63708014428473936
DOCKSTRING-58,500,66,8,row_disjoint_complement_map,0.92492737984293338,6,0.59999999999999998,0.5361067197250885,0.54098015125838883,0.004873431533300332,0.89350348806395941,200,0,0.59140823115675833,0.5634104328278462,0.62759991213502253
DOCKSTRING-58,500,66,10,full_source_map_including_calibration_rows,0.91664277979489139,6,0.42857142857142855,0.50753775223979436,0.51359797881910851,0.0060602265793141541,0.84255227707466229,10000,0,0.55504003660467904,0.53305403975039001,0.59361836613889174
DOCKSTRING-58,500,66,10,row_disjoint_complement_map,0.91664277979489139,6,0.42857142857142855,0.5075495347152259,0.51362630470672344,0.0060767699914975326,0.8425462374938103,200,0,0.55387011897539851,0.5346558364915569,0.58766283232892635
DOCKSTRING-58,500,67,6,full_source_map_including_calibration_rows,0.81171207166664916,5,0.7142857142857143,0.56629741220678864,0.56829559270282071,0.0019981804960320648,0.90010195828734063,10000,0,0.62715641132076039,0.59359080196324443,0.6872939310382834
DOCKSTRING-58,500,67,6,row_disjoint_complement_map,0.81171207166664916,5,0.7142857142857143,0.56629845210767304,0.568299051280302,0.0020005991726289585,0.9002312694058866,200,0,0.62941868846966686,0.59719269309897782,0.67913316794412482
DOCKSTRING-58,500,67,8,full_source_map_including_calibration_rows,0.57966722729456988,7,0.77777777777777779,0.53608801513880355,0.53996508609010962,0.0038770709513060719,0.84255227707466229,10000,0,0.58865614151348522,0.56186880118375171,0.63708014428473936
DOCKSTRING-58,500,67,8,row_disjoint_complement_map,0.57966722729456988,7,0.77777777777777779,0.5360874008805856,0.53996343873840291,0.003876037857817316,0.84249563055930343,200,0,0.59139975535061073,0.56338452359425162,0.62757784574374109
DOCKSTRING-58,500,67,10,full_source_map_including_calibration_rows,0.81051426352010159,7,0.53846153846153844,0.50753775223979436,0.51440297410187841,0.0068652218620840477,0.84255227707466229,10000,0,0.55504003660467904,0.53305403975039001,0.59361836613889174
DOCKSTRING-58,500,67,10,row_disjoint_complement_map,0.81051426352010159,7,0.53846153846153844,0.50753746392422083,0.51440843365211142,0.0068709697278905857,0.84249563055930343,200,0,0.55386273123524266,0.53464079287217647,0.58765112581755807
DOCKSTRING-58,500,68,6,full_source_map_including_calibration_rows,0.88702724299998947,5,0.7142857142857143,0.56629741220678864,0.56648346644839498,0.0001860542416063371,0.91089310430050541,10000,0,0.62715641132076039,0.59359080196324443,0.6872939310382834
DOCKSTRING-58,500,68,6,row_disjoint_complement_map,0.88702724299998947,5,0.7142857142857143,0.56630880210158951,0.56649291254945677,0.00018411044786725839,0.91081418540457015,200,0,0.62942447894022513,0.59719589179129418,0.67918882452401763
DOCKSTRING-58,500,68,8,full_source_map_including_calibration_rows,0.65314310928077657,7,0.77777777777777779,0.53608801513880355,0.53728116587984875,0.0011931507410452014,0.84255227707466229,10000,0,0.58865614151348522,0.56186880118375171,0.63708014428473936
DOCKSTRING-58,500,68,8,row_disjoint_complement_map,0.65314310928077657,7,0.77777777777777779,0.53609720432138042,0.53729337471334992,0.0011961703919695088,0.84276782712077236,200,0,0.59140196551656921,0.56339543807299641,0.62763996197105687
DOCKSTRING-58,500,68,10,full_source_map_including_calibration_rows,0.78969780425379055,8,0.66666666666666663,0.50753775223979436,0.50926710900748129,0.0017293567676869293,0.84255227707466229,10000,0,0.55504003660467904,0.53305403975039001,0.59361836613889174
DOCKSTRING-58,500,68,10,row_disjoint_complement_map,0.78969780425379055,8,0.66666666666666663,0.50754142122304113,0.50927876390011506,0.0017373426770739275,0.84276782712077236,200,0,0.55386380577447314,0.53465937998649748,0.58763152140767783
DOCKSTRING-58,500,69,6,full_source_map_including_calibration_rows,0.77047854745044231,3,0.33333333333333331,0.56629741220678864,0.57154804004660675,0.0052506278398181117,0.91089310430050541,10000,0,0.62715641132076039,0.59359080196324443,0.6872939310382834
DOCKSTRING-58,500,69,6,row_disjoint_complement_map,0.77047854745044231,3,0.33333333333333331,0.56629002917883087,0.57155858326247577,0.0052685540836449052,0.91085037036901428,200,0,0.62939501021564004,0.59718175158576248,0.67916603519662899
DOCKSTRING-58,500,69,8,full_source_map_including_calibration_rows,0.54262031796062482,5,0.45454545454545453,0.53608801513880355,0.54118390882660039,0.0050958936877968375,0.83357233750752746,10000,0,0.58865614151348522,0.56186880118375171,0.63708014428473936
DOCKSTRING-58,500,69,8,row_disjoint_complement_map,0.54262031796062482,5,0.45454545454545453,0.53607681708068222,0.54119355727426965,0.0051167401935874324,0.83370202606849653,200,0,0.59139367486439631,0.56339374636622963,0.62763174167051128
DOCKSTRING-58,500,69,10,full_source_map_including_calibration_rows,0.81837588390874061,5,0.33333333333333331,0.50753775223979436,0.51386734365331632,0.0063295914135219622,0.80568874168266769,10000,0,0.55504003660467904,0.53305403975039001,0.59361836613889174
DOCKSTRING-58,500,69,10,row_disjoint_complement_map,0.81837588390874061,5,0.33333333333333331,0.50752370274488967,0.51388206918961388,0.0063583664447242061,0.80575949452900864,200,0,0.55387393537608887,0.53464084279517221,0.58765349365765407
DOCKSTRING-58,500,70,6,full_source_map_including_calibration_rows,0.62087671251495058,2,0.20000000000000001,0.56629741220678864,0.5718606905485164,0.005563278341727762,0.89896435763704741,10000,0.0001,0.62715641132076039,0.59359080196324443,0.6872939310382834
DOCKSTRING-58,500,70,6,row_disjoint_complement_map,0.62087671251495058,2,0.20000000000000001,0.56631609406655303,0.57189372925921167,0.0055776351926586365,0.89899402862630551,200,0,0.62943039447821891,0.59721065178548438,0.67917411452306953
DOCKSTRING-58,500,70,8,full_source_map_including_calibration_rows,0.690037457294568,4,0.33333333333333331,0.53608801513880355,0.5436940804225483,0.0076060652837447451,0.80705712516638939,10000,0,0.58865614151348522,0.56186880118375171,0.63708014428473936
DOCKSTRING-58,500,70,8,row_disjoint_complement_map,0.690037457294568,4,0.33333333333333331,0.53609943861349341,0.54372921123000817,0.0076297726165147628,0.80721259435852255,200,0,0.59141691731876733,0.56341843046655427,0.62764518142386294
DOCKSTRING-58,500,70,10,full_source_map_including_calibration_rows,0.55523944370194911,6,0.42857142857142855,0.50753775223979436,0.51242028646303117,0.0048825342232368119,0.80705712516638939,10000,0,0.55504003660467904,0.53305403975039001,0.59361836613889174
DOCKSTRING-58,500,70,10,row_disjoint_complement_map,0.55523944370194911,6,0.42857142857142855,0.50754901278677977,0.51245670745012151,0.0049076946633417329,0.80721259435852255,200,0,0.55387457596729828,0.53465343659615261,0.58765650858477858
DOCKSTRING-58,500,71,6,full_source_map_including_calibration_rows,0.54865628097473396,4,0.5,0.56629741220678864,0.5713447134838322,0.0050473012770435588,0.91991643054856909,10000,0,0.62715641132076039,0.59359080196324443,0.6872939310382834
DOCKSTRING-58,500,71,6,row_disjoint_complement_map,0.54865628097473396,4,0.5,0.56629810286062954,0.57135699965395381,0.0050588967933242746,0.91995623175974706,200,0,0.62942811692566569,0.59720826380453251,0.67914273495323152
DOCKSTRING-58,500,71,8,full_source_map_including_calibration_rows,0.64797122625604131,7,0.77777777777777779,0.53608801513880355,0.53699623211177316,0.00090821697296961101,0.84255227707466229,10000,0,0.58865614151348522,0.56186880118375171,0.63708014428473936
DOCKSTRING-58,500,71,8,row_disjoint_complement_map,0.64797122625604131,7,0.77777777777777779,0.53608968723397155,0.53700306892311744,0.0009133816891458979,0.84272730935866658,200,0,0.59138495748366171,0.56338271660627037,0.62759037830548658
DOCKSTRING-58,500,71,10,full_source_map_including_calibration_rows,0.8916027299828998,8,0.66666666666666663,0.50753775223979436,0.50850626121000864,0.00096850897021427684,0.80568874168266769,10000,0,0.55504003660467904,0.53305403975039001,0.59361836613889174
DOCKSTRING-58,500,71,10,row_disjoint_complement_map,0.8916027299828998,8,0.66666666666666663,0.50753743943676544,0.50851347440773487,0.00097603497096943048,0.8057048280324336,200,0,0.55384943265396802,0.53464406151448485,0.58762412386784624
DOCKSTRING-58,500,72,6,full_source_map_including_calibration_rows,0.67428788069003298,4,0.5,0.56629741220678864,0.57027788104979948,0.0039804688430108426,0.90010195828734063,10000,0,0.62715641132076039,0.59359080196324443,0.6872939310382834
DOCKSTRING-58,500,72,6,row_disjoint_complement_map,0.67428788069003298,4,0.5,0.56631346563814022,0.57030216912103338,0.0039887034828931522,0.90002014256653495,200,0,0.62944052115613336,0.5972275544588882,0.67915619295917284
DOCKSTRING-58,500,72,8,full_source_map_including_calibration_rows,0.87610106018249911,6,0.59999999999999998,0.53608801513880355,0.53925949629248238,0.0031714811536788234,0.80705712516638939,10000,0,0.58865614151348522,0.56186880118375171,0.63708014428473936
DOCKSTRING-58,500,72,8,row_disjoint_complement_map,0.87610106018249911,6,0.59999999999999998,0.53610402869650409,0.53928560791879032,0.0031815792222862349,0.80717074862905125,200,0,0.59139822271894316,0.56339792441102243,0.62759551259283208
DOCKSTRING-58,500,72,10,full_source_map_including_calibration_rows,0.63904907694344226,7,0.53846153846153844,0.50753775223979436,0.50989025918423914,0.0023525069444447766,0.80705712516638939,10000,0,0.55504003660467904,0.53305403975039001,0.59361836613889174
DOCKSTRING-58,500,72,10,row_disjoint_complement_map,0.63904907694344226,7,0.53846153846153844,0.50755332955381194,0.50991500550863189,0.0023616759548199528,0.80717074862905125,200,0,0.55386273078381953,0.53464568042566951,0.58763234832267675
DOCKSTRING-58,500,73,6,full_source_map_including_calibration_rows,0.6025273673591971,4,0.5,0.56629741220678864,0.57053380131159748,0.0042363891048088353,0.90010195828734063,10000,0,0.62715641132076039,0.59359080196324443,0.6872939310382834
DOCKSTRING-58,500,73,6,row_disjoint_complement_map,0.6025273673591971,4,0.5,0.56630189150932331,0.57055691087320559,0.0042550193638822842,0.90022343737976529,200,0,0.6294222854809427,0.59720351621030621,0.67917188860321076
DOCKSTRING-58,500,73,8,full_source_map_including_calibration_rows,0.56588472246904808,5,0.45454545454545453,0.53608801513880355,0.5408093844821984,0.0047213693433948434,0.90010195828734063,10000,0,0.58865614151348522,0.56186880118375171,0.63708014428473936
DOCKSTRING-58,500,73,8,row_disjoint_complement_map,0.56588472246904808,5,0.45454545454545453,0.53609294490168913,0.54083368247221297,0.0047407375705238453,0.90022343737976529,200,0,0.5914063476134731,0.56339880822048649,0.62763444717606809
DOCKSTRING-58,500,73,10,full_source_map_including_calibration_rows,0.64877206402188148,7,0.53846153846153844,0.50753775223979436,0.51106136921344314,0.0035236169736487799,0.80568874168266769,10000,0,0.55504003660467904,0.53305403975039001,0.59361836613889174
DOCKSTRING-58,500,73,10,row_disjoint_complement_map,0.64877206402188148,7,0.53846153846153844,0.50754341959206395,0.51108193498933219,0.0035385153972682382,0.80581674281986471,200,0,0.55387644459701313,0.5346648163376081,0.58764623959817808
DOCKSTRING-58,500,74,6,full_source_map_including_calibration_rows,0.61605760297305667,3,0.33333333333333331,0.56629741220678864,0.57125589872405191,0.0049584865172632719,0.90864271790847106,10000,0,0.62715641132076039,0.59359080196324443,0.6872939310382834
DOCKSTRING-58,500,74,6,row_disjoint_complement_map,0.61605760297305667,3,0.33333333333333331,0.56630339374639138,0.57128105306502797,0.0049776593186365847,0.90872007613254613,200,0,0.62941454329868263,0.59718543550332559,0.67919879146647311
DOCKSTRING-58,500,74,8,full_source_map_including_calibration_rows,0.50891559346568649,4,0.33333333333333331,0.53608801513880355,0.54907826281511596,0.012990247676312405,0.85450607627113873,10000,0.00050000000000000001,0.58865614151348522,0.56186880118375171,0.63708014428473936
DOCKSTRING-58,500,74,8,row_disjoint_complement_map,0.50891559346568649,4,0.33333333333333331,0.53609098334534333,0.54910521865705875,0.013014235311715416,0.85459170765055004,200,0,0.59137828443024087,0.5633929517615357,0.62764828570683673
DOCKSTRING-58,500,74,10,full_source_map_including_calibration_rows,0.72366461688026107,5,0.33333333333333331,0.50753775223979436,0.51939384745608341,0.011856095216289053,0.84255227707466229,10000,0.0001,0.55504003660467904,0.53305403975039001,0.59361836613889174
DOCKSTRING-58,500,74,10,row_disjoint_complement_map,0.72366461688026107,5,0.33333333333333331,0.50753617051034283,0.5194197276567919,0.011883557146449064,0.84270202992164311,200,0,0.5538387453806024,0.53463591086318163,0.58761339016121295
DOCKSTRING-58,500,75,6,full_source_map_including_calibration_rows,0.75547714532302024,4,0.5,0.56629741220678864,0.57029178390542856,0.0039943716986399203,0.90010195828734063,10000,0,0.62715641132076039,0.59359080196324443,0.6872939310382834
DOCKSTRING-58,500,75,6,row_disjoint_complement_map,0.75547714532302024,4,0.5,0.56632370029154278,0.57032886390747939,0.0040051636159366133,0.90009907828573199,200,0,0.62943467864058844,0.59721264710053024,0.67917059254378231
DOCKSTRING-58,500,75,8,full_source_map_including_calibration_rows,0.7893217333481104,5,0.45454545454545453,0.53608801513880355,0.54022667660352708,0.0041386614647235254,0.90010195828734063,10000,0,0.58865614151348522,0.56186880118375171,0.63708014428473936
DOCKSTRING-58,500,75,8,row_disjoint_complement_map,0.7893217333481104,5,0.45454545454545453,0.53611295666327274,0.54026051315220402,0.004147556488931281,0.90009907828573199,200,0,0.59139834144029813,0.56340245907885489,0.62762604659257659
DOCKSTRING-58,500,75,10,full_source_map_including_calibration_rows,0.83822080288301037,7,0.53846153846153844,0.50753775223979436,0.51442716075927331,0.0068894085194789456,0.80219180584248329,10000,0,0.55504003660467904,0.53305403975039001,0.59361836613889174
DOCKSTRING-58,500,75,10,row_disjoint_complement_map,0.83822080288301037,7,0.53846153846153844,0.50755562970492307,0.51446074379147111,0.0069051140865480365,0.80228862812181823,200,0,0.5538873037863723,0.53467611534800752,0.58763564832223725
DOCKSTRING-58,500,76,6,full_source_map_including_calibration_rows,0.5151320874780364,4,0.5,0.56629741220678864,0.56916868713160063,0.002871274924811984,0.90010195828734063,10000,0,0.62715641132076039,0.59359080196324443,0.6872939310382834
DOCKSTRING-58,500,76,6,row_disjoint_complement_map,0.5151320874780364,4,0.5,0.56631218148944062,0.56919830428821339,0.0028861227987727611,0.90033582707031001,200,0,0.62941322122244192,0.59720038058347003,0.67916088617391135
DOCKSTRING-58,500,76,8,full_source_map_including_calibration_rows,0.54395791260484982,5,0.45454545454545453,0.53608801513880355,0.53983043083693694,0.0037424156981333834,0.90010195828734063,10000,0,0.58865614151348522,0.56186880118375171,0.63708014428473936
DOCKSTRING-58,500,76,8,row_disjoint_complement_map,0.54395791260484982,5,0.45454545454545453,0.53609698147189044,0.53986194175526436,0.0037649602833739193,0.90033582707031001,200,0,0.59139543501957947,0.56339258376838042,0.62762728416708047
DOCKSTRING-58,500,76,10,full_source_map_including_calibration_rows,0.70076031860970311,6,0.42857142857142855,0.50753775223979436,0.51403874009601258,0.0065009878562182211,0.90010195828734063,10000,0,0.55504003660467904,0.53305403975039001,0.59361836613889174
DOCKSTRING-58,500,76,10,row_disjoint_complement_map,0.70076031860970311,6,0.42857142857142855,0.50754716432919011,0.51407164712009878,0.00652448279090867,0.90033582707031001,200,0,0.55386860452889042,0.53465241502444949,0.58762586752342594
DOCKSTRING-58,500,77,6,full_source_map_including_calibration_rows,0.86307309070817428,2,0.20000000000000001,0.56629741220678864,0.57104855069910487,0.0047511384923162314,0.88694435278989781,10000,0,0.62715641132076039,0.59359080196324443,0.6872939310382834
DOCKSTRING-58,500,77,6,row_disjoint_complement_map,0.86307309070817428,2,0.20000000000000001,0.56629351669136729,0.57107505891790566,0.0047815422265383711,0.8869479306988971,200,0,0.6294474695573361,0.59719270845751016,0.6791348048969027
DOCKSTRING-58,500,77,8,full_source_map_including_calibration_rows,0.78703599323617035,4,0.33333333333333331,0.53608801513880355,0.5411536515353087,0.0050656363965051465,0.80568874168266769,10000,0,0.58865614151348522,0.56186880118375171,0.63708014428473936
DOCKSTRING-58,500,77,8,row_disjoint_complement_map,0.78703599323617035,4,0.33333333333333331,0.53608653700678888,0.5411817535121034,0.005095216505314526,0.80572988723173733,200,0,0.59139913261578603,0.56338938044314479,0.62757330256706823
DOCKSTRING-58,500,77,10,full_source_map_including_calibration_rows,0.79317201164013695,5,0.33333333333333331,0.50753775223979436,0.51373554363385032,0.0061977913940559626,0.80568874168266769,10000,0,0.55504003660467904,0.53305403975039001,0.59361836613889174
DOCKSTRING-58,500,77,10,row_disjoint_complement_map,0.79317201164013695,5,0.33333333333333331,0.5075420411189695,0.51376469789812274,0.006222656779153235,0.80572988723173733,200,0,0.55386090167660407,0.53464609508548144,0.58763610069275185
DOCKSTRING-58,500,78,6,full_source_map_including_calibration_rows,0.82122694768535942,4,0.5,0.56629741220678864,0.57208189345674476,0.0057844812499561193,0.90010195828734063,10000,0.0001,0.62715641132076039,0.59359080196324443,0.6872939310382834
DOCKSTRING-58,500,78,6,row_disjoint_complement_map,0.82122694768535942,4,0.5,0.56628976134367282,0.57208556738328065,0.0057958060396078315,0.90004131412586852,200,0,0.62942844721109603,0.59719170587012294,0.67920567523283437
DOCKSTRING-58,500,78,8,full_source_map_including_calibration_rows,0.6817268986157875,3,0.23076923076923078,0.53608801513880355,0.55925339323425949,0.023165378095455935,0.90010195828734063,10000,0.0147,0.58865614151348522,0.56186880118375171,0.63708014428473936
DOCKSTRING-58,500,78,8,row_disjoint_complement_map,0.6817268986157875,3,0.23076923076923078,0.53608227621743842,0.55928165586858591,0.023199379651147489,0.90004131412586852,200,0.01,0.59139344679499994,0.56337385175103494,0.62763183665095645
DOCKSTRING-58,500,78,10,full_source_map_including_calibration_rows,0.91432467237330506,6,0.42857142857142855,0.50753775223979436,0.52589225426608932,0.018354502026294961,0.85687666849658539,10000,0.0037000000000000002,0.55504003660467904,0.53305403975039001,0.59361836613889174
DOCKSTRING-58,500,78,10,row_disjoint_complement_map,0.91432467237330506,6,0.42857142857142855,0.5075346893531647,0.52590752716260147,0.018372837809436771,0.85690759912272774,200,0,0.55385058958983535,0.53463841665011491,0.5876251624708928
DOCKSTRING-58,500,79,6,full_source_map_including_calibration_rows,0.46755233794827777,4,0.5,0.56629741220678864,0.56967387972836492,0.0033764675215762763,0.84255227707466229,10000,0,0.62715641132076039,0.59359080196324443,0.6872939310382834
DOCKSTRING-58,500,79,6,row_disjoint_complement_map,0.46755233794827777,4,0.5,0.56630284444440904,0.56970057359854398,0.003397729154134943,0.84246565076975743,200,0,0.62941225823424651,0.59719830836888355,0.67916748615861167
DOCKSTRING-58,500,79,8,full_source_map_including_calibration_rows,0.46661520175470844,5,0.45454545454545453,0.53608801513880355,0.54184430958415042,0.0057562944453468656,0.83357233750752746,10000,0,0.58865614151348522,0.56186880118375171,0.63708014428473936
DOCKSTRING-58,500,79,8,row_disjoint_complement_map,0.46661520175470844,5,0.45454545454545453,0.53609275904634124,0.54187411182428258,0.0057813527779413398,0.83372952844175841,200,0,0.59139041645508739,0.56339987919318602,0.62760218005628632
DOCKSTRING-58,500,79,10,full_source_map_including_calibration_rows,0.72479296233042245,6,0.42857142857142855,0.50753775223979436,0.51459790132630467,0.0070601490865103145,0.80219180584248329,10000,0,0.55504003660467904,0.53305403975039001,0.59361836613889174
DOCKSTRING-58,500,79,10,row_disjoint_complement_map,0.72479296233042245,6,0.42857142857142855,0.50753777409976453,0.51462570680452757,0.0070879327047630447,0.80223418776691213,200,0,0.55386042568400318,0.53466176090402595,0.58762303941822058
DOCKSTRING-58,500,80,6,full_source_map_including_calibration_rows,0.72759874829306614,6,1,0.56629741220678864,0.56629741220678864,0,0.90010195828734063,10000,0,0.62715641132076039,0.59359080196324443,0.6872939310382834
DOCKSTRING-58,500,80,6,row_disjoint_complement_map,0.72759874829306614,6,1,0.566305141097867,0.566305141097867,0,0.90014110527395252,200,0,0.6294201694573871,0.59720484778600347,0.67918997469277209
DOCKSTRING-58,500,80,8,full_source_map_including_calibration_rows,0.73134742330948022,7,0.77777777777777779,0.53608801513880355,0.53694751972179167,0.00085950458298811316,0.84255227707466229,10000,0,0.58865614151348522,0.56186880118375171,0.63708014428473936
DOCKSTRING-58,500,80,8,row_disjoint_complement_map,0.73134742330948022,7,0.77777777777777779,0.53608967023675336,0.53695566724447297,0.00086599700771960997,0.8425585884584943,200,0,0.59140993545448028,0.56338877600697723,0.62760141096360333
DOCKSTRING-58,500,80,10,full_source_map_including_calibration_rows,0.66549827632311176,9,0.81818181818181823,0.50753775223979436,0.50839725682278258,0.00085950458298822419,0.78791265246216402,10000,0,0.55504003660467904,0.53305403975039001,0.59361836613889174
DOCKSTRING-58,500,80,10,row_disjoint_complement_map,0.66549827632311176,9,0.81818181818181823,0.50754065088462585,0.50840664789234546,0.00086599700771960997,0.78792820571291722,200,0,0.55386231959321353,0.5346275066119246,0.58759199380374139
DOCKSTRING-58,500,81,6,full_source_map_including_calibration_rows,0.85873848634219185,2,0.20000000000000001,0.56629741220678864,0.57273519011303908,0.0064377779062504414,0.89383242711227562,10000,0.0001,0.62715641132076039,0.59359080196324443,0.6872939310382834
DOCKSTRING-58,500,81,6,row_disjoint_complement_map,0.85873848634219185,2,0.20000000000000001,0.56632391325946707,0.57278454168085935,0.0064606284213922782,0.89380081313005844,200,0,0.62945530072942901,0.59722714105954977,0.67916431137105882
DOCKSTRING-58,500,81,8,full_source_map_including_calibration_rows,0.82678308315997517,5,0.45454545454545453,0.53608801513880355,0.54203214218369133,0.0059441270448877814,0.83336782288455868,10000,0,0.58865614151348522,0.56186880118375171,0.63708014428473936
DOCKSTRING-58,500,81,8,row_disjoint_complement_map,0.82678308315997517,5,0.45454545454545453,0.53611598377878278,0.54208506250801003,0.0059690787292272507,0.83350725955628735,200,0,0.59143159637857823,0.56344560451339809,0.62761988197497554
DOCKSTRING-58,500,81,10,full_source_map_including_calibration_rows,0.85688536976985796,8,0.66666666666666663,0.50753775223979436,0.5111275636580872,0.0035898114182928431,0.80219180584248329,10000,0,0.55504003660467904,0.53305403975039001,0.59361836613889174
DOCKSTRING-58,500,81,10,row_disjoint_complement_map,0.85688536976985796,8,0.66666666666666663,0.50756735604835357,0.51117312190686304,0.0036057658585094687,0.80221503593335364,200,0,0.55388434500109351,0.53467608786519316,0.58768328146366278
DOCKSTRING-58,500,82,6,full_source_map_including_calibration_rows,0.84352167874053152,2,0.20000000000000001,0.56629741220678864,0.57416071115411105,0.0078632989473224058,0.86970296891965271,10000,0.00020000000000000001,0.62715641132076039,0.59359080196324443,0.6872939310382834
DOCKSTRING-58,500,82,6,row_disjoint_complement_map,0.84352167874053152,2,0.20000000000000001,0.56627662047802452,0.57416671036007871,0.0078900898820541965,0.86985365297335437,200,0,0.62941470573049663,0.59717510973394139,0.67915227178800253
DOCKSTRING-58,500,82,8,full_source_map_including_calibration_rows,0.58430231704775293,2,0.14285714285714285,0.53608801513880355,0.54580305455209155,0.0097150394132879958,0.86970296891965271,10000,0.0001,0.58865614151348522,0.56186880118375171,0.63708014428473936
DOCKSTRING-58,500,82,8,row_disjoint_complement_map,0.58430231704775293,2,0.14285714285714285,0.53606866582925106,0.54581106575783034,0.0097423999285792817,0.86985365297335437,200,0,0.59140067873625712,0.56339067818526889,0.62758212596100349
DOCKSTRING-58,500,82,10,full_source_map_including_calibration_rows,0.76918119421261233,6,0.42857142857142855,0.50753775223979436,0.51577137706964693,0.0082336248298525705,0.86974841856721752,10000,0,0.55504003660467904,0.53305403975039001,0.59361836613889174
DOCKSTRING-58,500,82,10,row_disjoint_complement_map,0.76918119421261233,6,0.42857142857142855,0.50751820164466299,0.51577703744382353,0.0082588357991605355,0.86968263774279131,200,0,0.553870673883325,0.53463486778935454,0.58758799409398854
DOCKSTRING-58,500,83,6,full_source_map_including_calibration_rows,0.41414906396663259,3,0.33333333333333331,0.56629741220678864,0.57019946094652862,0.0039020487397399828,0.86970296891965271,10000,0,0.62715641132076039,0.59359080196324443,0.6872939310382834
DOCKSTRING-58,500,83,6,row_disjoint_complement_map,0.41414906396663259,3,0.33333333333333331,0.56628806150438726,0.57021087318541308,0.0039228116810258173,0.86991539683818297,200,0,0.62940890472712985,0.59718089252942264,0.67914061329517861
DOCKSTRING-58,500,83,8,full_source_map_including_calibration_rows,0.4016995332873019,4,0.33333333333333331,0.53608801513880355,0.54172569090088107,0.0056376757620775209,0.86970296891965271,10000,0,0.58865614151348522,0.56186880118375171,0.63708014428473936
DOCKSTRING-58,500,83,8,row_disjoint_complement_map,0.4016995332873019,4,0.33333333333333331,0.53607312861026724,0.54173400552386497,0.0056608769135977344,0.86991539683818297,200,0,0.59139620810716731,0.56339998222855803,0.62760200737930005
DOCKSTRING-58,500,83,10,full_source_map_including_calibration_rows,0.84682806380665043,5,0.33333333333333331,0.50753775223979436,0.51344559162618586,0.0059078393863915002,0.86970296891965271,10000,0,0.55504003660467904,0.53305403975039001,0.59361836613889174
DOCKSTRING-58,500,83,10,row_disjoint_complement_map,0.84682806380665043,5,0.33333333333333331,0.50751592801375511,0.51345311034033636,0.0059371823265812473,0.86991539683818297,200,0,0.55386124623221122,0.53464472181644029,0.58762738032834094
DOCKSTRING-58,500,84,6,full_source_map_including_calibration_rows,0.45179243229798216,4,0.5,0.56629741220678864,0.56980816773193343,0.0035107555251447931,0.89383242711227562,10000,0,0.62715641132076039,0.59359080196324443,0.6872939310382834
DOCKSTRING-58,500,84,6,row_disjoint_complement_map,0.45179243229798216,4,0.5,0.56629726450519968,0.56982327736777649,0.0035260128625768106,0.89406046842603304,200,0,0.6294184633291342,0.59719037260127716,0.67918018187178186
DOCKSTRING-58,500,84,8,full_source_map_including_calibration_rows,0.61863671670751941,5,0.45454545454545453,0.53608801513880355,0.53938305534113185,0.0032950402023282921,0.89383242711227562,10000,0,0.58865614151348522,0.56186880118375171,0.63708014428473936
DOCKSTRING-58,500,84,8,row_disjoint_complement_map,0.61863671670751941,5,0.45454545454545453,0.5360878502795452,0.5393911928706,0.0033033425910548031,0.89406046842603304,200,0,0.59139674375036233,0.56337723381992144,0.62763601524214996
DOCKSTRING-58,500,84,10,full_source_map_including_calibration_rows,0.82511295106955751,8,0.66666666666666663,0.50753775223979436,0.51032904704405191,0.0027912948042575492,0.89383242711227562,10000,0,0.55504003660467904,0.53305403975039001,0.59361836613889174
DOCKSTRING-58,500,84,10,row_disjoint_complement_map,0.82511295106955751,8,0.66666666666666663,0.50753835060789521,0.51033649040992513,0.0027981398020299197,0.89406046842603304,200,0,0.55386921613788564,0.53464869335254195,0.58761237622998763
DOCKSTRING-58,500,85,6,full_source_map_including_calibration_rows,0.89695191362573945,4,0.5,0.56629741220678864,0.57067960701264431,0.0043821948058556659,0.90178335699167822,10000,0,0.62715641132076039,0.59359080196324443,0.6872939310382834
DOCKSTRING-58,500,85,6,row_disjoint_complement_map,0.89695191362573945,4,0.5,0.56629764301520791,0.57069852851252156,0.0044008854973136557,0.90171296926231514,200,0,0.62942850901098346,0.59721478410175188,0.67916411710146396
DOCKSTRING-58,500,85,8,full_source_map_including_calibration_rows,0.645767344099058,6,0.59999999999999998,0.53608801513880355,0.53983947408537569,0.0037514589465721393,0.81224916416381077,10000,0,0.58865614151348522,0.56186880118375171,0.63708014428473936
DOCKSTRING-58,500,85,8,row_disjoint_complement_map,0.645767344099058,6,0.59999999999999998,0.53608356771390142,0.53985821142622514,0.003774643712323722,0.81215142423416198,200,0,0.59139947989051123,0.56338848236314698,0.62761938124490002
DOCKSTRING-58,500,85,10,full_source_map_including_calibration_rows,0.80082283976611679,7,0.53846153846153844,0.50753775223979436,0.51328517076109326,0.0057474185212988971,0.81224916416381077,10000,0,0.55504003660467904,0.53305403975039001,0.59361836613889174
DOCKSTRING-58,500,85,10,row_disjoint_complement_map,0.80082283976611679,7,0.53846153846153844,0.50753471538304962,0.51330738246226837,0.0057726670792187518,0.81215142423416198,200,0,0.55387471698381474,0.53463294717543008,0.58767269000434097
DOCKSTRING-58,500,86,6,full_source_map_including_calibration_rows,0.48627849178669391,4,0.5,0.56629741220678864,0.56956062282410402,0.0032632106173153819,0.85450607627113873,10000,0,0.62715641132076039,0.59359080196324443,0.6872939310382834
DOCKSTRING-58,500,86,6,row_disjoint_complement_map,0.48627849178669391,4,0.5,0.56630716357778355,0.56957865178278388,0.0032714882050003391,0.85453744762551409,200,0,0.6294115844390169,0.59720507785512333,0.67914855830544696
DOCKSTRING-58,500,86,8,full_source_map_including_calibration_rows,0.56609442580051128,5,0.45454545454545453,0.53608801513880355,0.54471858404727658,0.0086305689084730242,0.85450607627113873,10000,0,0.58865614151348522,0.56186880118375171,0.63708014428473936
DOCKSTRING-58,500,86,8,row_disjoint_complement_map,0.56609442580051128,5,0.45454545454545453,0.53609780587782641,0.54474654370868192,0.008648737830855513,0.85453744762551409,200,0,0.59139123962985984,0.56339167576592519,0.6275862439728247
DOCKSTRING-58,500,86,10,full_source_map_including_calibration_rows,0.76882094963664283,6,0.42857142857142855,0.50753775223979436,0.51538296551311413,0.0078452132733197733,0.84255227707466229,10000,0,0.55504003660467904,0.53305403975039001,0.59361836613889174
DOCKSTRING-58,500,86,10,row_disjoint_complement_map,0.76882094963664283,6,0.42857142857142855,0.50754476878870958,0.51540920320635097,0.0078644344176413972,0.84270035315294822,200,0,0.55388634561283878,0.534655716053277,0.58764907882665263
DOCKSTRING-58,500,87,6,full_source_map_including_calibration_rows,0.85547394199952131,3,0.33333333333333331,0.56629741220678864,0.57301086587906469,0.0067134536722760485,0.90864271790847106,10000,0.0001,0.62715641132076039,0.59359080196324443,0.6872939310382834
DOCKSTRING-58,500,87,6,row_disjoint_complement_map,0.85547394199952131,3,0.33333333333333331,0.56631868522449924,0.57304808171831734,0.0067293964938180961,0.9086162050397858,200,0,0.6294313595362202,0.59720364129260894,0.67918472666614216
DOCKSTRING-58,500,87,8,full_source_map_including_calibration_rows,0.66514883211063325,6,0.59999999999999998,0.53608801513880355,0.54193370820629316,0.0058456930674896102,0.84255227707466229,10000,0,0.58865614151348522,0.56186880118375171,0.63708014428473936
DOCKSTRING-58,500,87,8,row_disjoint_complement_map,0.66514883211063325,6,0.59999999999999998,0.53611146948300348,0.54197249839800599,0.0058610289150025086,0.84259424578497744,200,0,0.59142251204783802,0.56341154945681715,0.62762021144856406
DOCKSTRING-58,500,87,10,full_source_map_including_calibration_rows,0.68831130165535315,7,0.53846153846153844,0.50753775223979436,0.5130385340690653,0.0055007818292709398,0.80219180584248329,10000,0,0.55504003660467904,0.53305403975039001,0.59361836613889174
DOCKSTRING-58,500,87,10,row_disjoint_complement_map,0.68831130165535315,7,0.53846153846153844,0.50755076803164134,0.51307627950576151,0.0055255114741201705,0.80227056543029229,200,0,0.55387420729347547,0.53466463240875839,0.5876670509466797
DOCKSTRING-58,500,88,6,full_source_map_including_calibration_rows,0.87574122764079831,4,0.5,0.56629741220678864,0.5686111784894291,0.0023137662826404615,0.90010195828734063,10000,0,0.62715641132076039,0.59359080196324443,0.6872939310382834
DOCKSTRING-58,500,88,6,row_disjoint_complement_map,0.87574122764079831,4,0.5,0.56631720011700903,0.56863699618848329,0.002319796071474256,0.90006428342767975,200,0,0.62943481599791051,0.59721423090675718,0.67914014113437793
DOCKSTRING-58,500,88,8,full_source_map_including_calibration_rows,0.83065843117736493,5,0.45454545454545453,0.53608801513880355,0.54438292756321571,0.0082949124244121597,0.90010195828734063,10000,0,0.58865614151348522,0.56186880118375171,0.63708014428473936
DOCKSTRING-58,500,88,8,row_disjoint_complement_map,0.83065843117736493,5,0.45454545454545453,0.53610943531211563,0.54441318567005503,0.008303750357939399,0.90006428342767975,200,0,0.59140326858676451,0.56339222911092723,0.62759953294417214
DOCKSTRING-58,500,88,10,full_source_map_including_calibration_rows,0.79293659126216975,6,0.42857142857142855,0.50753775223979436,0.51505205937429888,0.0075143071345045165,0.84255227707466229,10000,0,0.55504003660467904,0.53305403975039001,0.59361836613889174
DOCKSTRING-58,500,88,10,row_disjoint_complement_map,0.79293659126216975,6,0.42857142857142855,0.50755690352696803,0.51508674685948774,0.0075298433325197145,0.84263521361094806,200,0,0.5538738668059896,0.53465844917313554,0.58762419150043788
DOCKSTRING-58,500,89,6,full_source_map_including_calibration_rows,0.77956126506997703,2,0.20000000000000001,0.56629741220678864,0.57299915203707785,0.0067017398302892106,0.88694435278989781,10000,0.0001,0.62715641132076039,0.59359080196324443,0.6872939310382834
DOCKSTRING-58,500,89,6,row_disjoint_complement_map,0.77956126506997703,2,0.20000000000000001,0.56626956035326159,0.57299844318983373,0.0067288828365721365,0.88704409946677265,200,0,0.62939430549266095,0.59718096953101718,0.67918031214226782
DOCKSTRING-58,500,89,8,full_source_map_including_calibration_rows,0.54634044435705864,2,0.14285714285714285,0.53608801513880355,0.54579505682064089,0.0097070416818373362,0.88694435278989781,10000,0.0001,0.58865614151348522,0.56186880118375171,0.63708014428473936
DOCKSTRING-58,500,89,8,row_disjoint_complement_map,0.54634044435705864,2,0.14285714285714285,0.5360637088639526,0.54581402114557154,0.0097503122816189336,0.88704409946677265,200,0,0.59137945472379472,0.56337370699428468,0.62762765992114933
DOCKSTRING-58,500,89,10,full_source_map_including_calibration_rows,0.79847525541097397,6,0.42857142857142855,0.50753775223979436,0.51257430765412892,0.0050365554143345648,0.88694435278989781,10000,0,0.55504003660467904,0.53305403975039001,0.59361836613889174
DOCKSTRING-58,500,89,10,row_disjoint_complement_map,0.79847525541097397,6,0.42857142857142855,0.50751888166906844,0.51258061315160452,0.0050617314825360804,0.88704409946677265,200,0,0.5538658418747886,0.53463264537391031,0.58763528878375981
DOCKSTRING-58,500,90,6,full_source_map_including_calibration_rows,0.74310358225192319,4,0.5,0.56629741220678864,0.56969491082767254,0.0033974986208838986,0.89383242711227562,10000,0,0.62715641132076039,0.59359080196324443,0.6872939310382834
DOCKSTRING-58,500,90,6,row_disjoint_complement_map,0.74310358225192319,4,0.5,0.56630029491722933,0.5697010057090367,0.0034007107918073709,0.89373623481051967,200,0,0.62940112600426645,0.59720133363676264,0.67916909279196236
DOCKSTRING-58,500,90,8,full_source_map_including_calibration_rows,0.78211045326711259,6,0.59999999999999998,0.53608801513880355,0.53866869306324361,0.0025806779244400557,0.84255227707466229,10000,0,0.58865614151348522,0.56186880118375171,0.63708014428473936
DOCKSTRING-58,500,90,8,row_disjoint_complement_map,0.78211045326711259,6,0.59999999999999998,0.53609096180071347,0.53867821924246007,0.0025872574417465932,0.84267906118612435,200,0,0.59139303491818829,0.56337858058253365,0.62763381655778938
DOCKSTRING-58,500,90,10,full_source_map_including_calibration_rows,0.62511589211369589,7,0.53846153846153844,0.50753775223979436,0.51089795828811979,0.0033602060483254315,0.84255227707466229,10000,0,0.55504003660467904,0.53305403975039001,0.59361836613889174
DOCKSTRING-58,500,90,10,row_disjoint_complement_map,0.62511589211369589,7,0.53846153846153844,0.50753527116497166,0.51090828579901437,0.0033730146340427147,0.84267906118612435,200,0,0.55387086205290736,0.53465325719487344,0.58764417671946978
DOCKSTRING-58,500,91,6,full_source_map_including_calibration_rows,0.71796725221299817,4,0.5,0.56629741220678864,0.57254105119919285,0.0062436389924042102,0.86970296891965271,10000,0.0001,0.62715641132076039,0.59359080196324443,0.6872939310382834
DOCKSTRING-58,500,91,6,row_disjoint_complement_map,0.71796725221299817,4,0.5,0.56629465992646721,0.57254830057653294,0.0062536406500657282,0.86985547011590447,200,0,0.62939454503735148,0.59717943612406921,0.67912630174605271
DOCKSTRING-58,500,91,8,full_source_map_including_calibration_rows,0.74426407350038304,5,0.45454545454545453,0.53608801513880355,0.54353923195933107,0.0074512168205275175,0.86970296891965271,10000,0,0.58865614151348522,0.56186880118375171,0.63708014428473936
DOCKSTRING-58,500,91,8,row_disjoint_complement_map,0.74426407350038304,5,0.45454545454545453,0.5360816902102804,0.54354726235840589,0.0074655721481254878,0.86985547011590447,200,0,0.59138699528810812,0.56339733302433748,0.62762293742885311
DOCKSTRING-58,500,91,10,full_source_map_including_calibration_rows,0.55365319530161261,6,0.42857142857142855,0.50753775223979436,0.51599507629158525,0.0084573240517908932,0.86970296891965271,10000,0,0.55504003660467904,0.53305403975039001,0.59361836613889174
DOCKSTRING-58,500,91,10,row_disjoint_complement_map,0.55365319530161261,6,0.42857142857142855,0.50753515598773102,0.51600962596268896,0.0084744699749579322,0.86985547011590447,200,0,0.55385902320345404,0.5346341955760161,0.58765660881576154
DOCKSTRING-58,500,92,6,full_source_map_including_calibration_rows,0.7157332024400761,3,0.33333333333333331,0.56629741220678864,0.57503377542644285,0.0087363632196542085,0.90864271790847106,10000,0.00029999999999999997,0.62715641132076039,0.59359080196324443,0.6872939310382834
DOCKSTRING-58,500,92,6,row_disjoint_complement_map,0.7157332024400761,3,0.33333333333333331,0.56626622358785805,0.57503621400884553,0.0087699904209874724,0.90870952991699538,200,0,0.62939364658202379,0.59715624822040891,0.67917015059049179
DOCKSTRING-58,500,92,8,full_source_map_including_calibration_rows,0.57660324759646886,5,0.45454545454545453,0.53608801513880355,0.54421054091257948,0.0081225257737759238,0.90010195828734063,10000,0,0.58865614151348522,0.56186880118375171,0.63708014428473936
DOCKSTRING-58,500,92,8,row_disjoint_complement_map,0.57660324759646886,5,0.45454545454545453,0.53605182336540325,0.54420231731331614,0.0081504939479128957,0.90015503404754904,200,0,0.59138291190517012,0.56337870618566976,0.62757836723839222
DOCKSTRING-58,500,92,10,full_source_map_including_calibration_rows,0.62596004325621413,5,0.33333333333333331,0.50753775223979436,0.51734325737603604,0.0098055051362416767,0.84255227707466229,10000,0,0.55504003660467904,0.53305403975039001,0.59361836613889174
DOCKSTRING-58,500,92,10,row_disjoint_complement_map,0.62596004325621413,5,0.33333333333333331,0.50750226036333057,0.5173468320532183,0.0098445716898877267,0.84242081889396081,200,0,0.55384784141393439,0.53462616517379835,0.5876284930440735
DOCKSTRING-58,500,93,6,full_source_map_including_calibration_rows,0.61919023210274726,3,0.33333333333333331,0.56629741220678864,0.57113471593682485,0.0048373037300362132,0.90864271790847106,10000,0,0.62715641132076039,0.59359080196324443,0.6872939310382834
DOCKSTRING-58,500,93,6,row_disjoint_complement_map,0.61919023210274726,3,0.33333333333333331,0.56629911206464345,0.5711479180205622,0.0048488059559187446,0.90841570017911799,200,0,0.62942411288325206,0.59721227086489848,0.67918444806273848
DOCKSTRING-58,500,93,8,full_source_map_including_calibration_rows,0.61201473472261825,5,0.45454545454545453,0.53608801513880355,0.54207441460348182,0.0059863994646782714,0.85450607627113873,10000,0,0.58865614151348522,0.56186880118375171,0.63708014428473936
DOCKSTRING-58,500,93,8,row_disjoint_complement_map,0.61201473472261825,5,0.45454545454545453,0.53609382568136343,0.54209034033414394,0.0059965146527805047,0.85449951171937211,200,0,0.59139894750883104,0.56338880423690951,0.62763306588068946
DOCKSTRING-58,500,93,10,full_source_map_including_calibration_rows,0.7078965758211041,5,0.33333333333333331,0.50753775223979436,0.5141559272298224,0.0066181749900280362,0.85450607627113873,10000,0,0.55504003660467904,0.53305403975039001,0.59361836613889174
DOCKSTRING-58,500,93,10,row_disjoint_complement_map,0.7078965758211041,5,0.33333333333333331,0.50753640503445685,0.51417269180836356,0.0066362867739067077,0.85449951171937211,200,0,0.55386649099515117,0.53463867195217818,0.58763669243491945
DOCKSTRING-58,500,94,6,full_source_map_including_calibration_rows,0.82744942483141615,3,0.33333333333333331,0.56629741220678864,0.5717205707135512,0.0054231585067625598,0.91991643054856909,10000,0,0.62715641132076039,0.59359080196324443,0.6872939310382834
DOCKSTRING-58,500,94,6,row_disjoint_complement_map,0.82744942483141615,3,0.33333333333333331,0.56630074850441769,0.57173799754005916,0.0054372490356414671,0.91999258283374408,200,0,0.62941958844448886,0.59720919969882402,0.67915979643789737
DOCKSTRING-58,500,94,8,full_source_map_including_calibration_rows,0.66375198044906414,5,0.45454545454545453,0.53608801513880355,0.54034094331982852,0.004252928181024962,0.84255227707466229,10000,0,0.58865614151348522,0.56186880118375171,0.63708014428473936
DOCKSTRING-58,500,94,8,row_disjoint_complement_map,0.66375198044906414,5,0.45454545454545453,0.53609705719717282,0.54035892849085909,0.0042618712936862702,0.84253676672754874,200,0,0.59140486392350633,0.56339773873471422,0.62759543440185594
DOCKSTRING-58,500,94,10,full_source_map_including_calibration_rows,0.67423777521665595,7,0.53846153846153844,0.50753775223979436,0.51113824707043154,0.0036004948306371798,0.78487920825339508,10000,0,0.55504003660467904,0.53305403975039001,0.59361836613889174
DOCKSTRING-58,500,94,10,row_disjoint_complement_map,0.67423777521665595,7,0.53846153846153844,0.50754320833921684,0.5111541800883862,0.003610971749169356,0.78499682400022375,200,0,0.55385132373885049,0.53463669494269861,0.58765289503252893
DOCKSTRING-58,500,95,6,full_source_map_including_calibration_rows,0.74647630404656695,3,0.33333333333333331,0.56629741220678864,0.57100301972502032,0.0047056075182316803,0.89383242711227562,10000,0,0.62715641132076039,0.59359080196324443,0.6872939310382834
DOCKSTRING-58,500,95,6,row_disjoint_complement_map,0.74647630404656695,3,0.33333333333333331,0.56631171719657325,0.571037193990378,0.0047254767938047504,0.89364842456165994,200,0,0.62944189615938329,0.59720000924979899,0.6792088493315116
DOCKSTRING-58,500,95,8,full_source_map_including_calibration_rows,0.52337658409702692,4,0.33333333333333331,0.53608801513880355,0.54176122260511073,0.005673207466307173,0.84255227707466229,10000,0,0.58865614151348522,0.56186880118375171,0.63708014428473936
DOCKSTRING-58,500,95,8,row_disjoint_complement_map,0.52337658409702692,4,0.33333333333333331,0.53609533686976574,0.54179923124362017,0.0057038943738544345,0.84245417162911107,200,0,0.59140177235499569,0.56340512456301484,0.62762254232618198
DOCKSTRING-58,500,95,10,full_source_map_including_calibration_rows,0.8337686670847988,5,0.33333333333333331,0.50753775223979436,0.51491282152003759,0.0073750692802432294,0.84255227707466229,10000,0,0.55504003660467904,0.53305403975039001,0.59361836613889174
DOCKSTRING-58,500,95,10,row_disjoint_complement_map,0.8337686670847988,5,0.33333333333333331,0.50754104049887949,0.5149567280561238,0.0074156875572443104,0.84245417162911107,200,0,0.55388425616387482,0.53466853072434284,0.58766920013982848
DOCKSTRING-58,500,96,6,full_source_map_including_calibration_rows,0.82319847121404432,2,0.20000000000000001,0.56629741220678864,0.57434006989521347,0.0080426576884248258,0.89334600825778687,10000,0.00020000000000000001,0.62715641132076039,0.59359080196324443,0.6872939310382834
DOCKSTRING-58,500,96,6,row_disjoint_complement_map,0.82319847121404432,2,0.20000000000000001,0.56627697348571393,0.57434600043347928,0.0080690269477653453,0.89352843666158832,200,0,0.62940734491749462,0.59717681981426807,0.67914789000362896
DOCKSTRING-58,500,96,8,full_source_map_including_calibration_rows,0.76764857651739193,3,0.23076923076923078,0.53608801513880355,0.54559533274896188,0.0095073176101583279,0.88694435278989781,10000,0,0.58865614151348522,0.56186880118375171,0.63708014428473936
DOCKSTRING-58,500,96,8,row_disjoint_complement_map,0.76764857651739193,3,0.23076923076923078,0.53607252383446669,0.54560137724416469,0.0095288534096980015,0.88697282953494438,200,0,0.59135213202559345,0.56337018340736456,0.62757902786944797
DOCKSTRING-58,500,96,10,full_source_map_including_calibration_rows,0.75643909793427899,6,0.42857142857142855,0.50753775223979436,0.51440598649649405,0.0068682342566996901,0.87037946757054308,10000,0,0.55504003660467904,0.53305403975039001,0.59361836613889174
DOCKSTRING-58,500,96,10,row_disjoint_complement_map,0.75643909793427899,6,0.42857142857142855,0.50752156626393685,0.51441016810188911,0.0068886018379522573,0.87037459171980058,200,0,0.55384024314299296,0.53462883205726175,0.58761991824775406
DOCKSTRING-58,500,97,6,full_source_map_including_calibration_rows,0.5982965913577033,5,0.7142857142857143,0.56629741220678864,0.5673076123918056,0.0010102001850169628,0.90114388780564503,10000,0,0.62715641132076039,0.59359080196324443,0.6872939310382834
DOCKSTRING-58,500,97,6,row_disjoint_complement_map,0.5982965913577033,5,0.7142857142857143,0.56633431409621604,0.56734489861855164,0.0010105845223356003,0.9011381751549542,200,0,0.62942450159187824,0.59722921219535352,0.67915441592612547
DOCKSTRING-58,500,97,8,full_source_map_including_calibration_rows,0.58472056897098323,6,0.59999999999999998,0.53608801513880355,0.5387863214004559,0.0026983062616523501,0.90114388780564503,10000,0,0.58865614151348522,0.56186880118375171,0.63708014428473936
DOCKSTRING-58,500,97,8,row_disjoint_complement_map,0.58472056897098323,6,0.59999999999999998,0.53612240613316442,0.53882499062468681,0.0027025844915223862,0.9011381751549542,200,0,0.59141810137301087,0.56339028668225755,0.62762668959291046
DOCKSTRING-58,500,97,10,full_source_map_including_calibration_rows,0.70530461418777657,9,0.81818181818181823,0.50753775223979436,0.50773035853678372,0.0001926062969893616,0.78284032867517661,10000,0,0.55504003660467904,0.53305403975039001,0.59361836613889174
DOCKSTRING-58,500,97,10,row_disjoint_complement_map,0.70530461418777657,9,0.81818181818181823,0.50756898320834776,0.50776645602353332,0.00019747281518556203,0.78298814780344106,200,0,0.55387109800004941,0.53464731008443989,0.58765550074399708
DOCKSTRING-58,500,98,6,full_source_map_including_calibration_rows,0.72198750639890374,4,0.5,0.56629741220678864,0.56820302543919177,0.001905613232403125,0.89383242711227562,10000,0,0.62715641132076039,0.59359080196324443,0.6872939310382834
DOCKSTRING-58,500,98,6,row_disjoint_complement_map,0.72198750639890374,4,0.5,0.56632299019177501,0.56823251991736279,0.0019095297255877774,0.89375567807954759,200,0,0.62944129750246125,0.597213307927427,0.67917378399881645
DOCKSTRING-58,500,98,8,full_source_map_including_calibration_rows,0.73193945053654608,6,0.59999999999999998,0.53608801513880355,0.53749997750984391,0.0014119623710403539,0.80568874168266769,10000,0,0.58865614151348522,0.56186880118375171,0.63708014428473936
DOCKSTRING-58,500,98,8,row_disjoint_complement_map,0.73193945053654608,6,0.59999999999999998,0.53610916943554165,0.53753393492083057,0.0014247654852889147,0.80566127737315274,200,0,0.59142271414698278,0.56339530679710792,0.62761582845697073
DOCKSTRING-58,500,98,10,full_source_map_including_calibration_rows,0.65534269141260892,8,0.66666666666666663,0.50753775223979436,0.50900603715824133,0.0014682849184469715,0.80219180584248329,10000,0,0.55504003660467904,0.53305403975039001,0.59361836613889174
DOCKSTRING-58,500,98,10,row_disjoint_complement_map,0.65534269141260892,8,0.66666666666666663,0.50756557609713382,0.50903886879462978,0.0014732926974959648,0.80225649796152487,200,0,0.55388236579367989,0.5346555721272982,0.58763900522910306
DOCKSTRING-58,500,99,6,full_source_map_including_calibration_rows,0.87554111363872855,4,0.5,0.56629741220678864,0.56771857049789365,0.0014211582911050069,0.84255227707466229,10000,0,0.62715641132076039,0.59359080196324443,0.6872939310382834
DOCKSTRING-58,500,99,6,row_disjoint_complement_map,0.87554111363872855,4,0.5,0.56631031875710114,0.56773465540637857,0.0014243366492774356,0.842562523378938,200,0,0.62938885821553059,0.59719017924261031,0.6791720185523954
DOCKSTRING-58,500,99,8,full_source_map_including_calibration_rows,0.72207336309220094,5,0.45454545454545453,0.53608801513880355,0.53858905194987738,0.0025010368110738312,0.80219180584248329,10000,0,0.58865614151348522,0.56186880118375171,0.63708014428473936
DOCKSTRING-58,500,99,8,row_disjoint_complement_map,0.72207336309220094,5,0.45454545454545453,0.53609899750796552,0.53860369534075625,0.0025046978327907254,0.80225517430444093,200,0,0.59137886974026244,0.56338947096930359,0.62757109689479496
DOCKSTRING-58,500,99,10,full_source_map_including_calibration_rows,0.82740107232356197,6,0.42857142857142855,0.50753775223979436,0.51193275735144528,0.0043950051116509181,0.80219180584248329,10000,0,0.55504003660467904,0.53305403975039001,0.59361836613889174
DOCKSTRING-58,500,99,10,row_disjoint_complement_map,0.82740107232356197,6,0.42857142857142855,0.50754664981276965,0.5119486994926119,0.004402049679842257,0.80225517430444093,200,0,0.55385879011167927,0.53464503418203702,0.58764734523786899
