dataset,calibration_ligands,repetition,panel_targets_k,selection_source,target_index,target
Docking-44,200,0,6,full_map,4,2vt4
Docking-44,200,0,6,full_map,19,5u09
Docking-44,200,0,6,full_map,23,6kux
Docking-44,200,0,6,full_map,36,8fhs
Docking-44,200,0,6,full_map,38,8st0
Docking-44,200,0,6,full_map,40,8xvk
Docking-44,200,0,6,sample_map,13,4iar
Docking-44,200,0,6,sample_map,14,4mqs
Docking-44,200,0,6,sample_map,23,6kux
Docking-44,200,0,6,sample_map,31,7wc9
Docking-44,200,0,6,sample_map,34,8e9y
Docking-44,200,0,6,sample_map,36,8fhs
Docking-44,200,0,8,full_map,4,2vt4
Docking-44,200,0,8,full_map,16,5cxv
Docking-44,200,0,8,full_map,19,5u09
Docking-44,200,0,8,full_map,23,6kux
Docking-44,200,0,8,full_map,34,8e9y
Docking-44,200,0,8,full_map,36,8fhs
Docking-44,200,0,8,full_map,38,8st0
Docking-44,200,0,8,full_map,40,8xvk
Docking-44,200,0,8,sample_map,13,4iar
Docking-44,200,0,8,sample_map,14,4mqs
Docking-44,200,0,8,sample_map,16,5cxv
Docking-44,200,0,8,sample_map,23,6kux
Docking-44,200,0,8,sample_map,25,6pdj
Docking-44,200,0,8,sample_map,31,7wc9
Docking-44,200,0,8,sample_map,34,8e9y
Docking-44,200,0,8,sample_map,36,8fhs
Docking-44,200,0,10,full_map,13,4iar
Docking-44,200,0,10,full_map,16,5cxv
Docking-44,200,0,10,full_map,19,5u09
Docking-44,200,0,10,full_map,21,6cm4
Docking-44,200,0,10,full_map,23,6kux
Docking-44,200,0,10,full_map,25,6pdj
Docking-44,200,0,10,full_map,30,7ljd
Docking-44,200,0,10,full_map,36,8fhs
Docking-44,200,0,10,full_map,38,8st0
Docking-44,200,0,10,full_map,40,8xvk
Docking-44,200,0,10,sample_map,13,4iar
Docking-44,200,0,10,sample_map,14,4mqs
Docking-44,200,0,10,sample_map,16,5cxv
Docking-44,200,0,10,sample_map,23,6kux
Docking-44,200,0,10,sample_map,25,6pdj
Docking-44,200,0,10,sample_map,27,6y1z
Docking-44,200,0,10,sample_map,31,7wc9
Docking-44,200,0,10,sample_map,34,8e9y
Docking-44,200,0,10,sample_map,36,8fhs
Docking-44,200,0,10,sample_map,42,9eo4
Docking-44,200,1,6,full_map,4,2vt4
Docking-44,200,1,6,full_map,19,5u09
Docking-44,200,1,6,full_map,23,6kux
Docking-44,200,1,6,full_map,36,8fhs
Docking-44,200,1,6,full_map,38,8st0
Docking-44,200,1,6,full_map,40,8xvk
Docking-44,200,1,6,sample_map,9,3ln1
Docking-44,200,1,6,sample_map,17,5i71
Docking-44,200,1,6,sample_map,19,5u09
Docking-44,200,1,6,sample_map,20,5va1
Docking-44,200,1,6,sample_map,36,8fhs
Docking-44,200,1,6,sample_map,39,8wty
Docking-44,200,1,8,full_map,4,2vt4
Docking-44,200,1,8,full_map,16,5cxv
Docking-44,200,1,8,full_map,19,5u09
Docking-44,200,1,8,full_map,23,6kux
Docking-44,200,1,8,full_map,34,8e9y
Docking-44,200,1,8,full_map,36,8fhs
Docking-44,200,1,8,full_map,38,8st0
Docking-44,200,1,8,full_map,40,8xvk
Docking-44,200,1,8,sample_map,9,3ln1
Docking-44,200,1,8,sample_map,16,5cxv
Docking-44,200,1,8,sample_map,17,5i71
Docking-44,200,1,8,sample_map,19,5u09
Docking-44,200,1,8,sample_map,20,5va1
Docking-44,200,1,8,sample_map,36,8fhs
Docking-44,200,1,8,sample_map,38,8st0
Docking-44,200,1,8,sample_map,39,8wty
Docking-44,200,1,10,full_map,13,4iar
Docking-44,200,1,10,full_map,16,5cxv
Docking-44,200,1,10,full_map,19,5u09
Docking-44,200,1,10,full_map,21,6cm4
Docking-44,200,1,10,full_map,23,6kux
Docking-44,200,1,10,full_map,25,6pdj
Docking-44,200,1,10,full_map,30,7ljd
Docking-44,200,1,10,full_map,36,8fhs
Docking-44,200,1,10,full_map,38,8st0
Docking-44,200,1,10,full_map,40,8xvk
Docking-44,200,1,10,sample_map,9,3ln1
Docking-44,200,1,10,sample_map,16,5cxv
Docking-44,200,1,10,sample_map,17,5i71
Docking-44,200,1,10,sample_map,19,5u09
Docking-44,200,1,10,sample_map,20,5va1
Docking-44,200,1,10,sample_map,21,6cm4
Docking-44,200,1,10,sample_map,36,8fhs
Docking-44,200,1,10,sample_map,38,8st0
Docking-44,200,1,10,sample_map,39,8wty
Docking-44,200,1,10,sample_map,42,9eo4
Docking-44,200,2,6,full_map,4,2vt4
Docking-44,200,2,6,full_map,19,5u09
Docking-44,200,2,6,full_map,23,6kux
Docking-44,200,2,6,full_map,36,8fhs
Docking-44,200,2,6,full_map,38,8st0
Docking-44,200,2,6,full_map,40,8xvk
Docking-44,200,2,6,sample_map,4,2vt4
Docking-44,200,2,6,sample_map,13,4iar
Docking-44,200,2,6,sample_map,20,5va1
Docking-44,200,2,6,sample_map,27,6y1z
Docking-44,200,2,6,sample_map,36,8fhs
Docking-44,200,2,6,sample_map,38,8st0
Docking-44,200,2,8,full_map,4,2vt4
Docking-44,200,2,8,full_map,16,5cxv
Docking-44,200,2,8,full_map,19,5u09
Docking-44,200,2,8,full_map,23,6kux
Docking-44,200,2,8,full_map,34,8e9y
Docking-44,200,2,8,full_map,36,8fhs
Docking-44,200,2,8,full_map,38,8st0
Docking-44,200,2,8,full_map,40,8xvk
Docking-44,200,2,8,sample_map,4,2vt4
Docking-44,200,2,8,sample_map,5,2ydo
Docking-44,200,2,8,sample_map,13,4iar
Docking-44,200,2,8,sample_map,20,5va1
Docking-44,200,2,8,sample_map,23,6kux
Docking-44,200,2,8,sample_map,27,6y1z
Docking-44,200,2,8,sample_map,36,8fhs
Docking-44,200,2,8,sample_map,38,8st0
Docking-44,200,2,10,full_map,13,4iar
Docking-44,200,2,10,full_map,16,5cxv
Docking-44,200,2,10,full_map,19,5u09
Docking-44,200,2,10,full_map,21,6cm4
Docking-44,200,2,10,full_map,23,6kux
Docking-44,200,2,10,full_map,25,6pdj
Docking-44,200,2,10,full_map,30,7ljd
Docking-44,200,2,10,full_map,36,8fhs
Docking-44,200,2,10,full_map,38,8st0
Docking-44,200,2,10,full_map,40,8xvk
Docking-44,200,2,10,sample_map,2,1xoq
Docking-44,200,2,10,sample_map,5,2ydo
Docking-44,200,2,10,sample_map,13,4iar
Docking-44,200,2,10,sample_map,20,5va1
Docking-44,200,2,10,sample_map,21,6cm4
Docking-44,200,2,10,sample_map,23,6kux
Docking-44,200,2,10,sample_map,25,6pdj
Docking-44,200,2,10,sample_map,27,6y1z
Docking-44,200,2,10,sample_map,36,8fhs
Docking-44,200,2,10,sample_map,38,8st0
Docking-44,200,3,6,full_map,4,2vt4
Docking-44,200,3,6,full_map,19,5u09
Docking-44,200,3,6,full_map,23,6kux
Docking-44,200,3,6,full_map,36,8fhs
Docking-44,200,3,6,full_map,38,8st0
Docking-44,200,3,6,full_map,40,8xvk
Docking-44,200,3,6,sample_map,13,4iar
Docking-44,200,3,6,sample_map,14,4mqs
Docking-44,200,3,6,sample_map,19,5u09
Docking-44,200,3,6,sample_map,22,6kpf
Docking-44,200,3,6,sample_map,36,8fhs
Docking-44,200,3,6,sample_map,43,V1A
Docking-44,200,3,8,full_map,4,2vt4
Docking-44,200,3,8,full_map,16,5cxv
Docking-44,200,3,8,full_map,19,5u09
Docking-44,200,3,8,full_map,23,6kux
Docking-44,200,3,8,full_map,34,8e9y
Docking-44,200,3,8,full_map,36,8fhs
Docking-44,200,3,8,full_map,38,8st0
Docking-44,200,3,8,full_map,40,8xvk
Docking-44,200,3,8,sample_map,5,2ydo
Docking-44,200,3,8,sample_map,13,4iar
Docking-44,200,3,8,sample_map,19,5u09
Docking-44,200,3,8,sample_map,20,5va1
Docking-44,200,3,8,sample_map,22,6kpf
Docking-44,200,3,8,sample_map,36,8fhs
Docking-44,200,3,8,sample_map,39,8wty
Docking-44,200,3,8,sample_map,43,V1A
Docking-44,200,3,10,full_map,13,4iar
Docking-44,200,3,10,full_map,16,5cxv
Docking-44,200,3,10,full_map,19,5u09
Docking-44,200,3,10,full_map,21,6cm4
Docking-44,200,3,10,full_map,23,6kux
Docking-44,200,3,10,full_map,25,6pdj
Docking-44,200,3,10,full_map,30,7ljd
Docking-44,200,3,10,full_map,36,8fhs
Docking-44,200,3,10,full_map,38,8st0
Docking-44,200,3,10,full_map,40,8xvk
Docking-44,200,3,10,sample_map,5,2ydo
Docking-44,200,3,10,sample_map,13,4iar
Docking-44,200,3,10,sample_map,14,4mqs
Docking-44,200,3,10,sample_map,17,5i71
Docking-44,200,3,10,sample_map,19,5u09
Docking-44,200,3,10,sample_map,20,5va1
Docking-44,200,3,10,sample_map,21,6cm4
Docking-44,200,3,10,sample_map,22,6kpf
Docking-44,200,3,10,sample_map,36,8fhs
Docking-44,200,3,10,sample_map,43,V1A
Docking-44,200,4,6,full_map,4,2vt4
Docking-44,200,4,6,full_map,19,5u09
Docking-44,200,4,6,full_map,23,6kux
Docking-44,200,4,6,full_map,36,8fhs
Docking-44,200,4,6,full_map,38,8st0
Docking-44,200,4,6,full_map,40,8xvk
Docking-44,200,4,6,sample_map,4,2vt4
Docking-44,200,4,6,sample_map,11,4djh
Docking-44,200,4,6,sample_map,19,5u09
Docking-44,200,4,6,sample_map,20,5va1
Docking-44,200,4,6,sample_map,36,8fhs
Docking-44,200,4,6,sample_map,39,8wty
Docking-44,200,4,8,full_map,4,2vt4
Docking-44,200,4,8,full_map,16,5cxv
Docking-44,200,4,8,full_map,19,5u09
Docking-44,200,4,8,full_map,23,6kux
Docking-44,200,4,8,full_map,34,8e9y
Docking-44,200,4,8,full_map,36,8fhs
Docking-44,200,4,8,full_map,38,8st0
Docking-44,200,4,8,full_map,40,8xvk
Docking-44,200,4,8,sample_map,11,4djh
Docking-44,200,4,8,sample_map,19,5u09
Docking-44,200,4,8,sample_map,21,6cm4
Docking-44,200,4,8,sample_map,23,6kux
Docking-44,200,4,8,sample_map,28,7f8y
Docking-44,200,4,8,sample_map,34,8e9y
Docking-44,200,4,8,sample_map,36,8fhs
Docking-44,200,4,8,sample_map,40,8xvk
Docking-44,200,4,10,full_map,13,4iar
Docking-44,200,4,10,full_map,16,5cxv
Docking-44,200,4,10,full_map,19,5u09
Docking-44,200,4,10,full_map,21,6cm4
Docking-44,200,4,10,full_map,23,6kux
Docking-44,200,4,10,full_map,25,6pdj
Docking-44,200,4,10,full_map,30,7ljd
Docking-44,200,4,10,full_map,36,8fhs
Docking-44,200,4,10,full_map,38,8st0
Docking-44,200,4,10,full_map,40,8xvk
Docking-44,200,4,10,sample_map,2,1xoq
Docking-44,200,4,10,sample_map,11,4djh
Docking-44,200,4,10,sample_map,19,5u09
Docking-44,200,4,10,sample_map,20,5va1
Docking-44,200,4,10,sample_map,21,6cm4
Docking-44,200,4,10,sample_map,23,6kux
Docking-44,200,4,10,sample_map,30,7ljd
Docking-44,200,4,10,sample_map,34,8e9y
Docking-44,200,4,10,sample_map,36,8fhs
Docking-44,200,4,10,sample_map,39,8wty
Docking-44,200,5,6,full_map,4,2vt4
Docking-44,200,5,6,full_map,19,5u09
Docking-44,200,5,6,full_map,23,6kux
Docking-44,200,5,6,full_map,36,8fhs
Docking-44,200,5,6,full_map,38,8st0
Docking-44,200,5,6,full_map,40,8xvk
Docking-44,200,5,6,sample_map,13,4iar
Docking-44,200,5,6,sample_map,16,5cxv
Docking-44,200,5,6,sample_map,36,8fhs
Docking-44,200,5,6,sample_map,38,8st0
Docking-44,200,5,6,sample_map,40,8xvk
Docking-44,200,5,6,sample_map,41,8yn3
Docking-44,200,5,8,full_map,4,2vt4
Docking-44,200,5,8,full_map,16,5cxv
Docking-44,200,5,8,full_map,19,5u09
Docking-44,200,5,8,full_map,23,6kux
Docking-44,200,5,8,full_map,34,8e9y
Docking-44,200,5,8,full_map,36,8fhs
Docking-44,200,5,8,full_map,38,8st0
Docking-44,200,5,8,full_map,40,8xvk
Docking-44,200,5,8,sample_map,13,4iar
Docking-44,200,5,8,sample_map,16,5cxv
Docking-44,200,5,8,sample_map,23,6kux
Docking-44,200,5,8,sample_map,30,7ljd
Docking-44,200,5,8,sample_map,36,8fhs
Docking-44,200,5,8,sample_map,38,8st0
Docking-44,200,5,8,sample_map,40,8xvk
Docking-44,200,5,8,sample_map,41,8yn3
Docking-44,200,5,10,full_map,13,4iar
Docking-44,200,5,10,full_map,16,5cxv
Docking-44,200,5,10,full_map,19,5u09
Docking-44,200,5,10,full_map,21,6cm4
Docking-44,200,5,10,full_map,23,6kux
Docking-44,200,5,10,full_map,25,6pdj
Docking-44,200,5,10,full_map,30,7ljd
Docking-44,200,5,10,full_map,36,8fhs
Docking-44,200,5,10,full_map,38,8st0
Docking-44,200,5,10,full_map,40,8xvk
Docking-44,200,5,10,sample_map,13,4iar
Docking-44,200,5,10,sample_map,16,5cxv
Docking-44,200,5,10,sample_map,21,6cm4
Docking-44,200,5,10,sample_map,22,6kpf
Docking-44,200,5,10,sample_map,23,6kux
Docking-44,200,5,10,sample_map,25,6pdj
Docking-44,200,5,10,sample_map,30,7ljd
Docking-44,200,5,10,sample_map,31,7wc9
Docking-44,200,5,10,sample_map,36,8fhs
Docking-44,200,5,10,sample_map,38,8st0
Docking-44,200,6,6,full_map,4,2vt4
Docking-44,200,6,6,full_map,19,5u09
Docking-44,200,6,6,full_map,23,6kux
Docking-44,200,6,6,full_map,36,8fhs
Docking-44,200,6,6,full_map,38,8st0
Docking-44,200,6,6,full_map,40,8xvk
Docking-44,200,6,6,sample_map,13,4iar
Docking-44,200,6,6,sample_map,22,6kpf
Docking-44,200,6,6,sample_map,31,7wc9
Docking-44,200,6,6,sample_map,36,8fhs
Docking-44,200,6,6,sample_map,37,8pjk
Docking-44,200,6,6,sample_map,40,8xvk
Docking-44,200,6,8,full_map,4,2vt4
Docking-44,200,6,8,full_map,16,5cxv
Docking-44,200,6,8,full_map,19,5u09
Docking-44,200,6,8,full_map,23,6kux
Docking-44,200,6,8,full_map,34,8e9y
Docking-44,200,6,8,full_map,36,8fhs
Docking-44,200,6,8,full_map,38,8st0
Docking-44,200,6,8,full_map,40,8xvk
Docking-44,200,6,8,sample_map,13,4iar
Docking-44,200,6,8,sample_map,19,5u09
Docking-44,200,6,8,sample_map,22,6kpf
Docking-44,200,6,8,sample_map,23,6kux
Docking-44,200,6,8,sample_map,31,7wc9
Docking-44,200,6,8,sample_map,36,8fhs
Docking-44,200,6,8,sample_map,37,8pjk
Docking-44,200,6,8,sample_map,40,8xvk
Docking-44,200,6,10,full_map,13,4iar
Docking-44,200,6,10,full_map,16,5cxv
Docking-44,200,6,10,full_map,19,5u09
Docking-44,200,6,10,full_map,21,6cm4
Docking-44,200,6,10,full_map,23,6kux
Docking-44,200,6,10,full_map,25,6pdj
Docking-44,200,6,10,full_map,30,7ljd
Docking-44,200,6,10,full_map,36,8fhs
Docking-44,200,6,10,full_map,38,8st0
Docking-44,200,6,10,full_map,40,8xvk
Docking-44,200,6,10,sample_map,5,2ydo
Docking-44,200,6,10,sample_map,14,4mqs
Docking-44,200,6,10,sample_map,17,5i71
Docking-44,200,6,10,sample_map,19,5u09
Docking-44,200,6,10,sample_map,22,6kpf
Docking-44,200,6,10,sample_map,23,6kux
Docking-44,200,6,10,sample_map,31,7wc9
Docking-44,200,6,10,sample_map,34,8e9y
Docking-44,200,6,10,sample_map,36,8fhs
Docking-44,200,6,10,sample_map,39,8wty
Docking-44,200,7,6,full_map,4,2vt4
Docking-44,200,7,6,full_map,19,5u09
Docking-44,200,7,6,full_map,23,6kux
Docking-44,200,7,6,full_map,36,8fhs
Docking-44,200,7,6,full_map,38,8st0
Docking-44,200,7,6,full_map,40,8xvk
Docking-44,200,7,6,sample_map,13,4iar
Docking-44,200,7,6,sample_map,21,6cm4
Docking-44,200,7,6,sample_map,31,7wc9
Docking-44,200,7,6,sample_map,36,8fhs
Docking-44,200,7,6,sample_map,38,8st0
Docking-44,200,7,6,sample_map,40,8xvk
Docking-44,200,7,8,full_map,4,2vt4
Docking-44,200,7,8,full_map,16,5cxv
Docking-44,200,7,8,full_map,19,5u09
Docking-44,200,7,8,full_map,23,6kux
Docking-44,200,7,8,full_map,34,8e9y
Docking-44,200,7,8,full_map,36,8fhs
Docking-44,200,7,8,full_map,38,8st0
Docking-44,200,7,8,full_map,40,8xvk
Docking-44,200,7,8,sample_map,11,4djh
Docking-44,200,7,8,sample_map,13,4iar
Docking-44,200,7,8,sample_map,19,5u09
Docking-44,200,7,8,sample_map,21,6cm4
Docking-44,200,7,8,sample_map,26,6x3x
Docking-44,200,7,8,sample_map,36,8fhs
Docking-44,200,7,8,sample_map,38,8st0
Docking-44,200,7,8,sample_map,40,8xvk
Docking-44,200,7,10,full_map,13,4iar
Docking-44,200,7,10,full_map,16,5cxv
Docking-44,200,7,10,full_map,19,5u09
Docking-44,200,7,10,full_map,21,6cm4
Docking-44,200,7,10,full_map,23,6kux
Docking-44,200,7,10,full_map,25,6pdj
Docking-44,200,7,10,full_map,30,7ljd
Docking-44,200,7,10,full_map,36,8fhs
Docking-44,200,7,10,full_map,38,8st0
Docking-44,200,7,10,full_map,40,8xvk
Docking-44,200,7,10,sample_map,0,1m2z
Docking-44,200,7,10,sample_map,13,4iar
Docking-44,200,7,10,sample_map,19,5u09
Docking-44,200,7,10,sample_map,21,6cm4
Docking-44,200,7,10,sample_map,23,6kux
Docking-44,200,7,10,sample_map,25,6pdj
Docking-44,200,7,10,sample_map,26,6x3x
Docking-44,200,7,10,sample_map,36,8fhs
Docking-44,200,7,10,sample_map,38,8st0
Docking-44,200,7,10,sample_map,40,8xvk
Docking-44,200,8,6,full_map,4,2vt4
Docking-44,200,8,6,full_map,19,5u09
Docking-44,200,8,6,full_map,23,6kux
Docking-44,200,8,6,full_map,36,8fhs
Docking-44,200,8,6,full_map,38,8st0
Docking-44,200,8,6,full_map,40,8xvk
Docking-44,200,8,6,sample_map,17,5i71
Docking-44,200,8,6,sample_map,27,6y1z
Docking-44,200,8,6,sample_map,29,7kwe
Docking-44,200,8,6,sample_map,31,7wc9
Docking-44,200,8,6,sample_map,33,7ym8
Docking-44,200,8,6,sample_map,36,8fhs
Docking-44,200,8,8,full_map,4,2vt4
Docking-44,200,8,8,full_map,16,5cxv
Docking-44,200,8,8,full_map,19,5u09
Docking-44,200,8,8,full_map,23,6kux
Docking-44,200,8,8,full_map,34,8e9y
Docking-44,200,8,8,full_map,36,8fhs
Docking-44,200,8,8,full_map,38,8st0
Docking-44,200,8,8,full_map,40,8xvk
Docking-44,200,8,8,sample_map,13,4iar
Docking-44,200,8,8,sample_map,27,6y1z
Docking-44,200,8,8,sample_map,29,7kwe
Docking-44,200,8,8,sample_map,31,7wc9
Docking-44,200,8,8,sample_map,33,7ym8
Docking-44,200,8,8,sample_map,36,8fhs
Docking-44,200,8,8,sample_map,39,8wty
Docking-44,200,8,8,sample_map,42,9eo4
Docking-44,200,8,10,full_map,13,4iar
Docking-44,200,8,10,full_map,16,5cxv
Docking-44,200,8,10,full_map,19,5u09
Docking-44,200,8,10,full_map,21,6cm4
Docking-44,200,8,10,full_map,23,6kux
Docking-44,200,8,10,full_map,25,6pdj
Docking-44,200,8,10,full_map,30,7ljd
Docking-44,200,8,10,full_map,36,8fhs
Docking-44,200,8,10,full_map,38,8st0
Docking-44,200,8,10,full_map,40,8xvk
Docking-44,200,8,10,sample_map,0,1m2z
Docking-44,200,8,10,sample_map,5,2ydo
Docking-44,200,8,10,sample_map,13,4iar
Docking-44,200,8,10,sample_map,20,5va1
Docking-44,200,8,10,sample_map,21,6cm4
Docking-44,200,8,10,sample_map,27,6y1z
Docking-44,200,8,10,sample_map,29,7kwe
Docking-44,200,8,10,sample_map,33,7ym8
Docking-44,200,8,10,sample_map,36,8fhs
Docking-44,200,8,10,sample_map,39,8wty
Docking-44,200,9,6,full_map,4,2vt4
Docking-44,200,9,6,full_map,19,5u09
Docking-44,200,9,6,full_map,23,6kux
Docking-44,200,9,6,full_map,36,8fhs
Docking-44,200,9,6,full_map,38,8st0
Docking-44,200,9,6,full_map,40,8xvk
Docking-44,200,9,6,sample_map,4,2vt4
Docking-44,200,9,6,sample_map,20,5va1
Docking-44,200,9,6,sample_map,34,8e9y
Docking-44,200,9,6,sample_map,36,8fhs
Docking-44,200,9,6,sample_map,38,8st0
Docking-44,200,9,6,sample_map,42,9eo4
Docking-44,200,9,8,full_map,4,2vt4
Docking-44,200,9,8,full_map,16,5cxv
Docking-44,200,9,8,full_map,19,5u09
Docking-44,200,9,8,full_map,23,6kux
Docking-44,200,9,8,full_map,34,8e9y
Docking-44,200,9,8,full_map,36,8fhs
Docking-44,200,9,8,full_map,38,8st0
Docking-44,200,9,8,full_map,40,8xvk
Docking-44,200,9,8,sample_map,4,2vt4
Docking-44,200,9,8,sample_map,5,2ydo
Docking-44,200,9,8,sample_map,20,5va1
Docking-44,200,9,8,sample_map,23,6kux
Docking-44,200,9,8,sample_map,34,8e9y
Docking-44,200,9,8,sample_map,36,8fhs
Docking-44,200,9,8,sample_map,38,8st0
Docking-44,200,9,8,sample_map,42,9eo4
Docking-44,200,9,10,full_map,13,4iar
Docking-44,200,9,10,full_map,16,5cxv
Docking-44,200,9,10,full_map,19,5u09
Docking-44,200,9,10,full_map,21,6cm4
Docking-44,200,9,10,full_map,23,6kux
Docking-44,200,9,10,full_map,25,6pdj
Docking-44,200,9,10,full_map,30,7ljd
Docking-44,200,9,10,full_map,36,8fhs
Docking-44,200,9,10,full_map,38,8st0
Docking-44,200,9,10,full_map,40,8xvk
Docking-44,200,9,10,sample_map,0,1m2z
Docking-44,200,9,10,sample_map,4,2vt4
Docking-44,200,9,10,sample_map,5,2ydo
Docking-44,200,9,10,sample_map,20,5va1
Docking-44,200,9,10,sample_map,23,6kux
Docking-44,200,9,10,sample_map,25,6pdj
Docking-44,200,9,10,sample_map,34,8e9y
Docking-44,200,9,10,sample_map,36,8fhs
Docking-44,200,9,10,sample_map,38,8st0
Docking-44,200,9,10,sample_map,42,9eo4
Docking-44,200,10,6,full_map,4,2vt4
Docking-44,200,10,6,full_map,19,5u09
Docking-44,200,10,6,full_map,23,6kux
Docking-44,200,10,6,full_map,36,8fhs
Docking-44,200,10,6,full_map,38,8st0
Docking-44,200,10,6,full_map,40,8xvk
Docking-44,200,10,6,sample_map,4,2vt4
Docking-44,200,10,6,sample_map,17,5i71
Docking-44,200,10,6,sample_map,34,8e9y
Docking-44,200,10,6,sample_map,36,8fhs
Docking-44,200,10,6,sample_map,40,8xvk
Docking-44,200,10,6,sample_map,42,9eo4
Docking-44,200,10,8,full_map,4,2vt4
Docking-44,200,10,8,full_map,16,5cxv
Docking-44,200,10,8,full_map,19,5u09
Docking-44,200,10,8,full_map,23,6kux
Docking-44,200,10,8,full_map,34,8e9y
Docking-44,200,10,8,full_map,36,8fhs
Docking-44,200,10,8,full_map,38,8st0
Docking-44,200,10,8,full_map,40,8xvk
Docking-44,200,10,8,sample_map,4,2vt4
Docking-44,200,10,8,sample_map,17,5i71
Docking-44,200,10,8,sample_map,19,5u09
Docking-44,200,10,8,sample_map,23,6kux
Docking-44,200,10,8,sample_map,27,6y1z
Docking-44,200,10,8,sample_map,34,8e9y
Docking-44,200,10,8,sample_map,36,8fhs
Docking-44,200,10,8,sample_map,40,8xvk
Docking-44,200,10,10,full_map,13,4iar
Docking-44,200,10,10,full_map,16,5cxv
Docking-44,200,10,10,full_map,19,5u09
Docking-44,200,10,10,full_map,21,6cm4
Docking-44,200,10,10,full_map,23,6kux
Docking-44,200,10,10,full_map,25,6pdj
Docking-44,200,10,10,full_map,30,7ljd
Docking-44,200,10,10,full_map,36,8fhs
Docking-44,200,10,10,full_map,38,8st0
Docking-44,200,10,10,full_map,40,8xvk
Docking-44,200,10,10,sample_map,4,2vt4
Docking-44,200,10,10,sample_map,16,5cxv
Docking-44,200,10,10,sample_map,17,5i71
Docking-44,200,10,10,sample_map,19,5u09
Docking-44,200,10,10,sample_map,23,6kux
Docking-44,200,10,10,sample_map,25,6pdj
Docking-44,200,10,10,sample_map,27,6y1z
Docking-44,200,10,10,sample_map,34,8e9y
Docking-44,200,10,10,sample_map,36,8fhs
Docking-44,200,10,10,sample_map,40,8xvk
Docking-44,200,11,6,full_map,4,2vt4
Docking-44,200,11,6,full_map,19,5u09
Docking-44,200,11,6,full_map,23,6kux
Docking-44,200,11,6,full_map,36,8fhs
Docking-44,200,11,6,full_map,38,8st0
Docking-44,200,11,6,full_map,40,8xvk
Docking-44,200,11,6,sample_map,4,2vt4
Docking-44,200,11,6,sample_map,20,5va1
Docking-44,200,11,6,sample_map,22,6kpf
Docking-44,200,11,6,sample_map,27,6y1z
Docking-44,200,11,6,sample_map,34,8e9y
Docking-44,200,11,6,sample_map,36,8fhs
Docking-44,200,11,8,full_map,4,2vt4
Docking-44,200,11,8,full_map,16,5cxv
Docking-44,200,11,8,full_map,19,5u09
Docking-44,200,11,8,full_map,23,6kux
Docking-44,200,11,8,full_map,34,8e9y
Docking-44,200,11,8,full_map,36,8fhs
Docking-44,200,11,8,full_map,38,8st0
Docking-44,200,11,8,full_map,40,8xvk
Docking-44,200,11,8,sample_map,4,2vt4
Docking-44,200,11,8,sample_map,5,2ydo
Docking-44,200,11,8,sample_map,20,5va1
Docking-44,200,11,8,sample_map,21,6cm4
Docking-44,200,11,8,sample_map,22,6kpf
Docking-44,200,11,8,sample_map,27,6y1z
Docking-44,200,11,8,sample_map,34,8e9y
Docking-44,200,11,8,sample_map,36,8fhs
Docking-44,200,11,10,full_map,13,4iar
Docking-44,200,11,10,full_map,16,5cxv
Docking-44,200,11,10,full_map,19,5u09
Docking-44,200,11,10,full_map,21,6cm4
Docking-44,200,11,10,full_map,23,6kux
Docking-44,200,11,10,full_map,25,6pdj
Docking-44,200,11,10,full_map,30,7ljd
Docking-44,200,11,10,full_map,36,8fhs
Docking-44,200,11,10,full_map,38,8st0
Docking-44,200,11,10,full_map,40,8xvk
Docking-44,200,11,10,sample_map,4,2vt4
Docking-44,200,11,10,sample_map,5,2ydo
Docking-44,200,11,10,sample_map,6,2z5x
Docking-44,200,11,10,sample_map,20,5va1
Docking-44,200,11,10,sample_map,21,6cm4
Docking-44,200,11,10,sample_map,22,6kpf
Docking-44,200,11,10,sample_map,23,6kux
Docking-44,200,11,10,sample_map,27,6y1z
Docking-44,200,11,10,sample_map,34,8e9y
Docking-44,200,11,10,sample_map,36,8fhs
Docking-44,200,12,6,full_map,4,2vt4
Docking-44,200,12,6,full_map,19,5u09
Docking-44,200,12,6,full_map,23,6kux
Docking-44,200,12,6,full_map,36,8fhs
Docking-44,200,12,6,full_map,38,8st0
Docking-44,200,12,6,full_map,40,8xvk
Docking-44,200,12,6,sample_map,17,5i71
Docking-44,200,12,6,sample_map,19,5u09
Docking-44,200,12,6,sample_map,28,7f8y
Docking-44,200,12,6,sample_map,34,8e9y
Docking-44,200,12,6,sample_map,41,8yn3
Docking-44,200,12,6,sample_map,43,V1A
Docking-44,200,12,8,full_map,4,2vt4
Docking-44,200,12,8,full_map,16,5cxv
Docking-44,200,12,8,full_map,19,5u09
Docking-44,200,12,8,full_map,23,6kux
Docking-44,200,12,8,full_map,34,8e9y
Docking-44,200,12,8,full_map,36,8fhs
Docking-44,200,12,8,full_map,38,8st0
Docking-44,200,12,8,full_map,40,8xvk
Docking-44,200,12,8,sample_map,2,1xoq
Docking-44,200,12,8,sample_map,19,5u09
Docking-44,200,12,8,sample_map,28,7f8y
Docking-44,200,12,8,sample_map,34,8e9y
Docking-44,200,12,8,sample_map,36,8fhs
Docking-44,200,12,8,sample_map,38,8st0
Docking-44,200,12,8,sample_map,40,8xvk
Docking-44,200,12,8,sample_map,41,8yn3
Docking-44,200,12,10,full_map,13,4iar
Docking-44,200,12,10,full_map,16,5cxv
Docking-44,200,12,10,full_map,19,5u09
Docking-44,200,12,10,full_map,21,6cm4
Docking-44,200,12,10,full_map,23,6kux
Docking-44,200,12,10,full_map,25,6pdj
Docking-44,200,12,10,full_map,30,7ljd
Docking-44,200,12,10,full_map,36,8fhs
Docking-44,200,12,10,full_map,38,8st0
Docking-44,200,12,10,full_map,40,8xvk
Docking-44,200,12,10,sample_map,0,1m2z
Docking-44,200,12,10,sample_map,19,5u09
Docking-44,200,12,10,sample_map,25,6pdj
Docking-44,200,12,10,sample_map,28,7f8y
Docking-44,200,12,10,sample_map,29,7kwe
Docking-44,200,12,10,sample_map,30,7ljd
Docking-44,200,12,10,sample_map,34,8e9y
Docking-44,200,12,10,sample_map,36,8fhs
Docking-44,200,12,10,sample_map,38,8st0
Docking-44,200,12,10,sample_map,40,8xvk
Docking-44,200,13,6,full_map,4,2vt4
Docking-44,200,13,6,full_map,19,5u09
Docking-44,200,13,6,full_map,23,6kux
Docking-44,200,13,6,full_map,36,8fhs
Docking-44,200,13,6,full_map,38,8st0
Docking-44,200,13,6,full_map,40,8xvk
Docking-44,200,13,6,sample_map,4,2vt4
Docking-44,200,13,6,sample_map,13,4iar
Docking-44,200,13,6,sample_map,16,5cxv
Docking-44,200,13,6,sample_map,19,5u09
Docking-44,200,13,6,sample_map,36,8fhs
Docking-44,200,13,6,sample_map,40,8xvk
Docking-44,200,13,8,full_map,4,2vt4
Docking-44,200,13,8,full_map,16,5cxv
Docking-44,200,13,8,full_map,19,5u09
Docking-44,200,13,8,full_map,23,6kux
Docking-44,200,13,8,full_map,34,8e9y
Docking-44,200,13,8,full_map,36,8fhs
Docking-44,200,13,8,full_map,38,8st0
Docking-44,200,13,8,full_map,40,8xvk
Docking-44,200,13,8,sample_map,4,2vt4
Docking-44,200,13,8,sample_map,13,4iar
Docking-44,200,13,8,sample_map,14,4mqs
Docking-44,200,13,8,sample_map,16,5cxv
Docking-44,200,13,8,sample_map,19,5u09
Docking-44,200,13,8,sample_map,21,6cm4
Docking-44,200,13,8,sample_map,36,8fhs
Docking-44,200,13,8,sample_map,43,V1A
Docking-44,200,13,10,full_map,13,4iar
Docking-44,200,13,10,full_map,16,5cxv
Docking-44,200,13,10,full_map,19,5u09
Docking-44,200,13,10,full_map,21,6cm4
Docking-44,200,13,10,full_map,23,6kux
Docking-44,200,13,10,full_map,25,6pdj
Docking-44,200,13,10,full_map,30,7ljd
Docking-44,200,13,10,full_map,36,8fhs
Docking-44,200,13,10,full_map,38,8st0
Docking-44,200,13,10,full_map,40,8xvk
Docking-44,200,13,10,sample_map,4,2vt4
Docking-44,200,13,10,sample_map,13,4iar
Docking-44,200,13,10,sample_map,14,4mqs
Docking-44,200,13,10,sample_map,16,5cxv
Docking-44,200,13,10,sample_map,19,5u09
Docking-44,200,13,10,sample_map,21,6cm4
Docking-44,200,13,10,sample_map,25,6pdj
Docking-44,200,13,10,sample_map,30,7ljd
Docking-44,200,13,10,sample_map,36,8fhs
Docking-44,200,13,10,sample_map,43,V1A
Docking-44,200,14,6,full_map,4,2vt4
Docking-44,200,14,6,full_map,19,5u09
Docking-44,200,14,6,full_map,23,6kux
Docking-44,200,14,6,full_map,36,8fhs
Docking-44,200,14,6,full_map,38,8st0
Docking-44,200,14,6,full_map,40,8xvk
Docking-44,200,14,6,sample_map,0,1m2z
Docking-44,200,14,6,sample_map,8,3kk6
Docking-44,200,14,6,sample_map,13,4iar
Docking-44,200,14,6,sample_map,14,4mqs
Docking-44,200,14,6,sample_map,19,5u09
Docking-44,200,14,6,sample_map,36,8fhs
Docking-44,200,14,8,full_map,4,2vt4
Docking-44,200,14,8,full_map,16,5cxv
Docking-44,200,14,8,full_map,19,5u09
Docking-44,200,14,8,full_map,23,6kux
Docking-44,200,14,8,full_map,34,8e9y
Docking-44,200,14,8,full_map,36,8fhs
Docking-44,200,14,8,full_map,38,8st0
Docking-44,200,14,8,full_map,40,8xvk
Docking-44,200,14,8,sample_map,0,1m2z
Docking-44,200,14,8,sample_map,8,3kk6
Docking-44,200,14,8,sample_map,13,4iar
Docking-44,200,14,8,sample_map,14,4mqs
Docking-44,200,14,8,sample_map,19,5u09
Docking-44,200,14,8,sample_map,21,6cm4
Docking-44,200,14,8,sample_map,27,6y1z
Docking-44,200,14,8,sample_map,36,8fhs
Docking-44,200,14,10,full_map,13,4iar
Docking-44,200,14,10,full_map,16,5cxv
Docking-44,200,14,10,full_map,19,5u09
Docking-44,200,14,10,full_map,21,6cm4
Docking-44,200,14,10,full_map,23,6kux
Docking-44,200,14,10,full_map,25,6pdj
Docking-44,200,14,10,full_map,30,7ljd
Docking-44,200,14,10,full_map,36,8fhs
Docking-44,200,14,10,full_map,38,8st0
Docking-44,200,14,10,full_map,40,8xvk
Docking-44,200,14,10,sample_map,0,1m2z
Docking-44,200,14,10,sample_map,2,1xoq
Docking-44,200,14,10,sample_map,5,2ydo
Docking-44,200,14,10,sample_map,8,3kk6
Docking-44,200,14,10,sample_map,13,4iar
Docking-44,200,14,10,sample_map,14,4mqs
Docking-44,200,14,10,sample_map,19,5u09
Docking-44,200,14,10,sample_map,21,6cm4
Docking-44,200,14,10,sample_map,27,6y1z
Docking-44,200,14,10,sample_map,36,8fhs
Docking-44,200,15,6,full_map,4,2vt4
Docking-44,200,15,6,full_map,19,5u09
Docking-44,200,15,6,full_map,23,6kux
Docking-44,200,15,6,full_map,36,8fhs
Docking-44,200,15,6,full_map,38,8st0
Docking-44,200,15,6,full_map,40,8xvk
Docking-44,200,15,6,sample_map,0,1m2z
Docking-44,200,15,6,sample_map,13,4iar
Docking-44,200,15,6,sample_map,22,6kpf
Docking-44,200,15,6,sample_map,30,7ljd
Docking-44,200,15,6,sample_map,36,8fhs
Docking-44,200,15,6,sample_map,38,8st0
Docking-44,200,15,8,full_map,4,2vt4
Docking-44,200,15,8,full_map,16,5cxv
Docking-44,200,15,8,full_map,19,5u09
Docking-44,200,15,8,full_map,23,6kux
Docking-44,200,15,8,full_map,34,8e9y
Docking-44,200,15,8,full_map,36,8fhs
Docking-44,200,15,8,full_map,38,8st0
Docking-44,200,15,8,full_map,40,8xvk
Docking-44,200,15,8,sample_map,0,1m2z
Docking-44,200,15,8,sample_map,13,4iar
Docking-44,200,15,8,sample_map,20,5va1
Docking-44,200,15,8,sample_map,21,6cm4
Docking-44,200,15,8,sample_map,22,6kpf
Docking-44,200,15,8,sample_map,30,7ljd
Docking-44,200,15,8,sample_map,36,8fhs
Docking-44,200,15,8,sample_map,38,8st0
Docking-44,200,15,10,full_map,13,4iar
Docking-44,200,15,10,full_map,16,5cxv
Docking-44,200,15,10,full_map,19,5u09
Docking-44,200,15,10,full_map,21,6cm4
Docking-44,200,15,10,full_map,23,6kux
Docking-44,200,15,10,full_map,25,6pdj
Docking-44,200,15,10,full_map,30,7ljd
Docking-44,200,15,10,full_map,36,8fhs
Docking-44,200,15,10,full_map,38,8st0
Docking-44,200,15,10,full_map,40,8xvk
Docking-44,200,15,10,sample_map,0,1m2z
Docking-44,200,15,10,sample_map,6,2z5x
Docking-44,200,15,10,sample_map,13,4iar
Docking-44,200,15,10,sample_map,20,5va1
Docking-44,200,15,10,sample_map,21,6cm4
Docking-44,200,15,10,sample_map,23,6kux
Docking-44,200,15,10,sample_map,25,6pdj
Docking-44,200,15,10,sample_map,30,7ljd
Docking-44,200,15,10,sample_map,36,8fhs
Docking-44,200,15,10,sample_map,38,8st0
Docking-44,200,16,6,full_map,4,2vt4
Docking-44,200,16,6,full_map,19,5u09
Docking-44,200,16,6,full_map,23,6kux
Docking-44,200,16,6,full_map,36,8fhs
Docking-44,200,16,6,full_map,38,8st0
Docking-44,200,16,6,full_map,40,8xvk
Docking-44,200,16,6,sample_map,11,4djh
Docking-44,200,16,6,sample_map,13,4iar
Docking-44,200,16,6,sample_map,16,5cxv
Docking-44,200,16,6,sample_map,20,5va1
Docking-44,200,16,6,sample_map,38,8st0
Docking-44,200,16,6,sample_map,43,V1A
Docking-44,200,16,8,full_map,4,2vt4
Docking-44,200,16,8,full_map,16,5cxv
Docking-44,200,16,8,full_map,19,5u09
Docking-44,200,16,8,full_map,23,6kux
Docking-44,200,16,8,full_map,34,8e9y
Docking-44,200,16,8,full_map,36,8fhs
Docking-44,200,16,8,full_map,38,8st0
Docking-44,200,16,8,full_map,40,8xvk
Docking-44,200,16,8,sample_map,11,4djh
Docking-44,200,16,8,sample_map,13,4iar
Docking-44,200,16,8,sample_map,16,5cxv
Docking-44,200,16,8,sample_map,20,5va1
Docking-44,200,16,8,sample_map,23,6kux
Docking-44,200,16,8,sample_map,30,7ljd
Docking-44,200,16,8,sample_map,36,8fhs
Docking-44,200,16,8,sample_map,38,8st0
Docking-44,200,16,10,full_map,13,4iar
Docking-44,200,16,10,full_map,16,5cxv
Docking-44,200,16,10,full_map,19,5u09
Docking-44,200,16,10,full_map,21,6cm4
Docking-44,200,16,10,full_map,23,6kux
Docking-44,200,16,10,full_map,25,6pdj
Docking-44,200,16,10,full_map,30,7ljd
Docking-44,200,16,10,full_map,36,8fhs
Docking-44,200,16,10,full_map,38,8st0
Docking-44,200,16,10,full_map,40,8xvk
Docking-44,200,16,10,sample_map,5,2ydo
Docking-44,200,16,10,sample_map,11,4djh
Docking-44,200,16,10,sample_map,13,4iar
Docking-44,200,16,10,sample_map,16,5cxv
Docking-44,200,16,10,sample_map,20,5va1
Docking-44,200,16,10,sample_map,21,6cm4
Docking-44,200,16,10,sample_map,23,6kux
Docking-44,200,16,10,sample_map,30,7ljd
Docking-44,200,16,10,sample_map,36,8fhs
Docking-44,200,16,10,sample_map,38,8st0
Docking-44,200,17,6,full_map,4,2vt4
Docking-44,200,17,6,full_map,19,5u09
Docking-44,200,17,6,full_map,23,6kux
Docking-44,200,17,6,full_map,36,8fhs
Docking-44,200,17,6,full_map,38,8st0
Docking-44,200,17,6,full_map,40,8xvk
Docking-44,200,17,6,sample_map,13,4iar
Docking-44,200,17,6,sample_map,20,5va1
Docking-44,200,17,6,sample_map,22,6kpf
Docking-44,200,17,6,sample_map,25,6pdj
Docking-44,200,17,6,sample_map,36,8fhs
Docking-44,200,17,6,sample_map,38,8st0
Docking-44,200,17,8,full_map,4,2vt4
Docking-44,200,17,8,full_map,16,5cxv
Docking-44,200,17,8,full_map,19,5u09
Docking-44,200,17,8,full_map,23,6kux
Docking-44,200,17,8,full_map,34,8e9y
Docking-44,200,17,8,full_map,36,8fhs
Docking-44,200,17,8,full_map,38,8st0
Docking-44,200,17,8,full_map,40,8xvk
Docking-44,200,17,8,sample_map,13,4iar
Docking-44,200,17,8,sample_map,20,5va1
Docking-44,200,17,8,sample_map,22,6kpf
Docking-44,200,17,8,sample_map,25,6pdj
Docking-44,200,17,8,sample_map,27,6y1z
Docking-44,200,17,8,sample_map,30,7ljd
Docking-44,200,17,8,sample_map,36,8fhs
Docking-44,200,17,8,sample_map,38,8st0
Docking-44,200,17,10,full_map,13,4iar
Docking-44,200,17,10,full_map,16,5cxv
Docking-44,200,17,10,full_map,19,5u09
Docking-44,200,17,10,full_map,21,6cm4
Docking-44,200,17,10,full_map,23,6kux
Docking-44,200,17,10,full_map,25,6pdj
Docking-44,200,17,10,full_map,30,7ljd
Docking-44,200,17,10,full_map,36,8fhs
Docking-44,200,17,10,full_map,38,8st0
Docking-44,200,17,10,full_map,40,8xvk
Docking-44,200,17,10,sample_map,0,1m2z
Docking-44,200,17,10,sample_map,13,4iar
Docking-44,200,17,10,sample_map,19,5u09
Docking-44,200,17,10,sample_map,20,5va1
Docking-44,200,17,10,sample_map,23,6kux
Docking-44,200,17,10,sample_map,25,6pdj
Docking-44,200,17,10,sample_map,27,6y1z
Docking-44,200,17,10,sample_map,30,7ljd
Docking-44,200,17,10,sample_map,36,8fhs
Docking-44,200,17,10,sample_map,38,8st0
Docking-44,200,18,6,full_map,4,2vt4
Docking-44,200,18,6,full_map,19,5u09
Docking-44,200,18,6,full_map,23,6kux
Docking-44,200,18,6,full_map,36,8fhs
Docking-44,200,18,6,full_map,38,8st0
Docking-44,200,18,6,full_map,40,8xvk
Docking-44,200,18,6,sample_map,0,1m2z
Docking-44,200,18,6,sample_map,13,4iar
Docking-44,200,18,6,sample_map,16,5cxv
Docking-44,200,18,6,sample_map,17,5i71
Docking-44,200,18,6,sample_map,20,5va1
Docking-44,200,18,6,sample_map,23,6kux
Docking-44,200,18,8,full_map,4,2vt4
Docking-44,200,18,8,full_map,16,5cxv
Docking-44,200,18,8,full_map,19,5u09
Docking-44,200,18,8,full_map,23,6kux
Docking-44,200,18,8,full_map,34,8e9y
Docking-44,200,18,8,full_map,36,8fhs
Docking-44,200,18,8,full_map,38,8st0
Docking-44,200,18,8,full_map,40,8xvk
Docking-44,200,18,8,sample_map,0,1m2z
Docking-44,200,18,8,sample_map,13,4iar
Docking-44,200,18,8,sample_map,16,5cxv
Docking-44,200,18,8,sample_map,17,5i71
Docking-44,200,18,8,sample_map,20,5va1
Docking-44,200,18,8,sample_map,23,6kux
Docking-44,200,18,8,sample_map,25,6pdj
Docking-44,200,18,8,sample_map,31,7wc9
Docking-44,200,18,10,full_map,13,4iar
Docking-44,200,18,10,full_map,16,5cxv
Docking-44,200,18,10,full_map,19,5u09
Docking-44,200,18,10,full_map,21,6cm4
Docking-44,200,18,10,full_map,23,6kux
Docking-44,200,18,10,full_map,25,6pdj
Docking-44,200,18,10,full_map,30,7ljd
Docking-44,200,18,10,full_map,36,8fhs
Docking-44,200,18,10,full_map,38,8st0
Docking-44,200,18,10,full_map,40,8xvk
Docking-44,200,18,10,sample_map,0,1m2z
Docking-44,200,18,10,sample_map,6,2z5x
Docking-44,200,18,10,sample_map,13,4iar
Docking-44,200,18,10,sample_map,16,5cxv
Docking-44,200,18,10,sample_map,17,5i71
Docking-44,200,18,10,sample_map,20,5va1
Docking-44,200,18,10,sample_map,23,6kux
Docking-44,200,18,10,sample_map,25,6pdj
Docking-44,200,18,10,sample_map,31,7wc9
Docking-44,200,18,10,sample_map,42,9eo4
Docking-44,200,19,6,full_map,4,2vt4
Docking-44,200,19,6,full_map,19,5u09
Docking-44,200,19,6,full_map,23,6kux
Docking-44,200,19,6,full_map,36,8fhs
Docking-44,200,19,6,full_map,38,8st0
Docking-44,200,19,6,full_map,40,8xvk
Docking-44,200,19,6,sample_map,3,2rh1
Docking-44,200,19,6,sample_map,16,5cxv
Docking-44,200,19,6,sample_map,20,5va1
Docking-44,200,19,6,sample_map,34,8e9y
Docking-44,200,19,6,sample_map,36,8fhs
Docking-44,200,19,6,sample_map,41,8yn3
Docking-44,200,19,8,full_map,4,2vt4
Docking-44,200,19,8,full_map,16,5cxv
Docking-44,200,19,8,full_map,19,5u09
Docking-44,200,19,8,full_map,23,6kux
Docking-44,200,19,8,full_map,34,8e9y
Docking-44,200,19,8,full_map,36,8fhs
Docking-44,200,19,8,full_map,38,8st0
Docking-44,200,19,8,full_map,40,8xvk
Docking-44,200,19,8,sample_map,0,1m2z
Docking-44,200,19,8,sample_map,3,2rh1
Docking-44,200,19,8,sample_map,16,5cxv
Docking-44,200,19,8,sample_map,19,5u09
Docking-44,200,19,8,sample_map,20,5va1
Docking-44,200,19,8,sample_map,34,8e9y
Docking-44,200,19,8,sample_map,36,8fhs
Docking-44,200,19,8,sample_map,41,8yn3
Docking-44,200,19,10,full_map,13,4iar
Docking-44,200,19,10,full_map,16,5cxv
Docking-44,200,19,10,full_map,19,5u09
Docking-44,200,19,10,full_map,21,6cm4
Docking-44,200,19,10,full_map,23,6kux
Docking-44,200,19,10,full_map,25,6pdj
Docking-44,200,19,10,full_map,30,7ljd
Docking-44,200,19,10,full_map,36,8fhs
Docking-44,200,19,10,full_map,38,8st0
Docking-44,200,19,10,full_map,40,8xvk
Docking-44,200,19,10,sample_map,0,1m2z
Docking-44,200,19,10,sample_map,3,2rh1
Docking-44,200,19,10,sample_map,16,5cxv
Docking-44,200,19,10,sample_map,19,5u09
Docking-44,200,19,10,sample_map,20,5va1
Docking-44,200,19,10,sample_map,23,6kux
Docking-44,200,19,10,sample_map,34,8e9y
Docking-44,200,19,10,sample_map,36,8fhs
Docking-44,200,19,10,sample_map,41,8yn3
Docking-44,200,19,10,sample_map,42,9eo4
Docking-44,200,20,6,full_map,4,2vt4
Docking-44,200,20,6,full_map,19,5u09
Docking-44,200,20,6,full_map,23,6kux
Docking-44,200,20,6,full_map,36,8fhs
Docking-44,200,20,6,full_map,38,8st0
Docking-44,200,20,6,full_map,40,8xvk
Docking-44,200,20,6,sample_map,7,3b66
Docking-44,200,20,6,sample_map,19,5u09
Docking-44,200,20,6,sample_map,22,6kpf
Docking-44,200,20,6,sample_map,25,6pdj
Docking-44,200,20,6,sample_map,36,8fhs
Docking-44,200,20,6,sample_map,40,8xvk
Docking-44,200,20,8,full_map,4,2vt4
Docking-44,200,20,8,full_map,16,5cxv
Docking-44,200,20,8,full_map,19,5u09
Docking-44,200,20,8,full_map,23,6kux
Docking-44,200,20,8,full_map,34,8e9y
Docking-44,200,20,8,full_map,36,8fhs
Docking-44,200,20,8,full_map,38,8st0
Docking-44,200,20,8,full_map,40,8xvk
Docking-44,200,20,8,sample_map,7,3b66
Docking-44,200,20,8,sample_map,8,3kk6
Docking-44,200,20,8,sample_map,14,4mqs
Docking-44,200,20,8,sample_map,19,5u09
Docking-44,200,20,8,sample_map,22,6kpf
Docking-44,200,20,8,sample_map,25,6pdj
Docking-44,200,20,8,sample_map,36,8fhs
Docking-44,200,20,8,sample_map,40,8xvk
Docking-44,200,20,10,full_map,13,4iar
Docking-44,200,20,10,full_map,16,5cxv
Docking-44,200,20,10,full_map,19,5u09
Docking-44,200,20,10,full_map,21,6cm4
Docking-44,200,20,10,full_map,23,6kux
Docking-44,200,20,10,full_map,25,6pdj
Docking-44,200,20,10,full_map,30,7ljd
Docking-44,200,20,10,full_map,36,8fhs
Docking-44,200,20,10,full_map,38,8st0
Docking-44,200,20,10,full_map,40,8xvk
Docking-44,200,20,10,sample_map,7,3b66
Docking-44,200,20,10,sample_map,14,4mqs
Docking-44,200,20,10,sample_map,17,5i71
Docking-44,200,20,10,sample_map,19,5u09
Docking-44,200,20,10,sample_map,21,6cm4
Docking-44,200,20,10,sample_map,22,6kpf
Docking-44,200,20,10,sample_map,23,6kux
Docking-44,200,20,10,sample_map,25,6pdj
Docking-44,200,20,10,sample_map,36,8fhs
Docking-44,200,20,10,sample_map,40,8xvk
Docking-44,200,21,6,full_map,4,2vt4
Docking-44,200,21,6,full_map,19,5u09
Docking-44,200,21,6,full_map,23,6kux
Docking-44,200,21,6,full_map,36,8fhs
Docking-44,200,21,6,full_map,38,8st0
Docking-44,200,21,6,full_map,40,8xvk
Docking-44,200,21,6,sample_map,13,4iar
Docking-44,200,21,6,sample_map,16,5cxv
Docking-44,200,21,6,sample_map,17,5i71
Docking-44,200,21,6,sample_map,38,8st0
Docking-44,200,21,6,sample_map,42,9eo4
Docking-44,200,21,6,sample_map,43,V1A
Docking-44,200,21,8,full_map,4,2vt4
Docking-44,200,21,8,full_map,16,5cxv
Docking-44,200,21,8,full_map,19,5u09
Docking-44,200,21,8,full_map,23,6kux
Docking-44,200,21,8,full_map,34,8e9y
Docking-44,200,21,8,full_map,36,8fhs
Docking-44,200,21,8,full_map,38,8st0
Docking-44,200,21,8,full_map,40,8xvk
Docking-44,200,21,8,sample_map,13,4iar
Docking-44,200,21,8,sample_map,16,5cxv
Docking-44,200,21,8,sample_map,17,5i71
Docking-44,200,21,8,sample_map,21,6cm4
Docking-44,200,21,8,sample_map,23,6kux
Docking-44,200,21,8,sample_map,38,8st0
Docking-44,200,21,8,sample_map,42,9eo4
Docking-44,200,21,8,sample_map,43,V1A
Docking-44,200,21,10,full_map,13,4iar
Docking-44,200,21,10,full_map,16,5cxv
Docking-44,200,21,10,full_map,19,5u09
Docking-44,200,21,10,full_map,21,6cm4
Docking-44,200,21,10,full_map,23,6kux
Docking-44,200,21,10,full_map,25,6pdj
Docking-44,200,21,10,full_map,30,7ljd
Docking-44,200,21,10,full_map,36,8fhs
Docking-44,200,21,10,full_map,38,8st0
Docking-44,200,21,10,full_map,40,8xvk
Docking-44,200,21,10,sample_map,0,1m2z
Docking-44,200,21,10,sample_map,5,2ydo
Docking-44,200,21,10,sample_map,13,4iar
Docking-44,200,21,10,sample_map,16,5cxv
Docking-44,200,21,10,sample_map,17,5i71
Docking-44,200,21,10,sample_map,21,6cm4
Docking-44,200,21,10,sample_map,23,6kux
Docking-44,200,21,10,sample_map,38,8st0
Docking-44,200,21,10,sample_map,42,9eo4
Docking-44,200,21,10,sample_map,43,V1A
Docking-44,200,22,6,full_map,4,2vt4
Docking-44,200,22,6,full_map,19,5u09
Docking-44,200,22,6,full_map,23,6kux
Docking-44,200,22,6,full_map,36,8fhs
Docking-44,200,22,6,full_map,38,8st0
Docking-44,200,22,6,full_map,40,8xvk
Docking-44,200,22,6,sample_map,13,4iar
Docking-44,200,22,6,sample_map,16,5cxv
Docking-44,200,22,6,sample_map,20,5va1
Docking-44,200,22,6,sample_map,22,6kpf
Docking-44,200,22,6,sample_map,35,8ef6
Docking-44,200,22,6,sample_map,38,8st0
Docking-44,200,22,8,full_map,4,2vt4
Docking-44,200,22,8,full_map,16,5cxv
Docking-44,200,22,8,full_map,19,5u09
Docking-44,200,22,8,full_map,23,6kux
Docking-44,200,22,8,full_map,34,8e9y
Docking-44,200,22,8,full_map,36,8fhs
Docking-44,200,22,8,full_map,38,8st0
Docking-44,200,22,8,full_map,40,8xvk
Docking-44,200,22,8,sample_map,3,2rh1
Docking-44,200,22,8,sample_map,13,4iar
Docking-44,200,22,8,sample_map,16,5cxv
Docking-44,200,22,8,sample_map,20,5va1
Docking-44,200,22,8,sample_map,22,6kpf
Docking-44,200,22,8,sample_map,30,7ljd
Docking-44,200,22,8,sample_map,35,8ef6
Docking-44,200,22,8,sample_map,38,8st0
Docking-44,200,22,10,full_map,13,4iar
Docking-44,200,22,10,full_map,16,5cxv
Docking-44,200,22,10,full_map,19,5u09
Docking-44,200,22,10,full_map,21,6cm4
Docking-44,200,22,10,full_map,23,6kux
Docking-44,200,22,10,full_map,25,6pdj
Docking-44,200,22,10,full_map,30,7ljd
Docking-44,200,22,10,full_map,36,8fhs
Docking-44,200,22,10,full_map,38,8st0
Docking-44,200,22,10,full_map,40,8xvk
Docking-44,200,22,10,sample_map,3,2rh1
Docking-44,200,22,10,sample_map,8,3kk6
Docking-44,200,22,10,sample_map,13,4iar
Docking-44,200,22,10,sample_map,16,5cxv
Docking-44,200,22,10,sample_map,20,5va1
Docking-44,200,22,10,sample_map,22,6kpf
Docking-44,200,22,10,sample_map,27,6y1z
Docking-44,200,22,10,sample_map,30,7ljd
Docking-44,200,22,10,sample_map,35,8ef6
Docking-44,200,22,10,sample_map,38,8st0
Docking-44,200,23,6,full_map,4,2vt4
Docking-44,200,23,6,full_map,19,5u09
Docking-44,200,23,6,full_map,23,6kux
Docking-44,200,23,6,full_map,36,8fhs
Docking-44,200,23,6,full_map,38,8st0
Docking-44,200,23,6,full_map,40,8xvk
Docking-44,200,23,6,sample_map,14,4mqs
Docking-44,200,23,6,sample_map,22,6kpf
Docking-44,200,23,6,sample_map,34,8e9y
Docking-44,200,23,6,sample_map,36,8fhs
Docking-44,200,23,6,sample_map,39,8wty
Docking-44,200,23,6,sample_map,43,V1A
Docking-44,200,23,8,full_map,4,2vt4
Docking-44,200,23,8,full_map,16,5cxv
Docking-44,200,23,8,full_map,19,5u09
Docking-44,200,23,8,full_map,23,6kux
Docking-44,200,23,8,full_map,34,8e9y
Docking-44,200,23,8,full_map,36,8fhs
Docking-44,200,23,8,full_map,38,8st0
Docking-44,200,23,8,full_map,40,8xvk
Docking-44,200,23,8,sample_map,14,4mqs
Docking-44,200,23,8,sample_map,16,5cxv
Docking-44,200,23,8,sample_map,22,6kpf
Docking-44,200,23,8,sample_map,23,6kux
Docking-44,200,23,8,sample_map,34,8e9y
Docking-44,200,23,8,sample_map,36,8fhs
Docking-44,200,23,8,sample_map,39,8wty
Docking-44,200,23,8,sample_map,43,V1A
Docking-44,200,23,10,full_map,13,4iar
Docking-44,200,23,10,full_map,16,5cxv
Docking-44,200,23,10,full_map,19,5u09
Docking-44,200,23,10,full_map,21,6cm4
Docking-44,200,23,10,full_map,23,6kux
Docking-44,200,23,10,full_map,25,6pdj
Docking-44,200,23,10,full_map,30,7ljd
Docking-44,200,23,10,full_map,36,8fhs
Docking-44,200,23,10,full_map,38,8st0
Docking-44,200,23,10,full_map,40,8xvk
Docking-44,200,23,10,sample_map,5,2ydo
Docking-44,200,23,10,sample_map,14,4mqs
Docking-44,200,23,10,sample_map,16,5cxv
Docking-44,200,23,10,sample_map,20,5va1
Docking-44,200,23,10,sample_map,22,6kpf
Docking-44,200,23,10,sample_map,23,6kux
Docking-44,200,23,10,sample_map,25,6pdj
Docking-44,200,23,10,sample_map,34,8e9y
Docking-44,200,23,10,sample_map,36,8fhs
Docking-44,200,23,10,sample_map,39,8wty
Docking-44,200,24,6,full_map,4,2vt4
Docking-44,200,24,6,full_map,19,5u09
Docking-44,200,24,6,full_map,23,6kux
Docking-44,200,24,6,full_map,36,8fhs
Docking-44,200,24,6,full_map,38,8st0
Docking-44,200,24,6,full_map,40,8xvk
Docking-44,200,24,6,sample_map,0,1m2z
Docking-44,200,24,6,sample_map,13,4iar
Docking-44,200,24,6,sample_map,19,5u09
Docking-44,200,24,6,sample_map,25,6pdj
Docking-44,200,24,6,sample_map,36,8fhs
Docking-44,200,24,6,sample_map,40,8xvk
Docking-44,200,24,8,full_map,4,2vt4
Docking-44,200,24,8,full_map,16,5cxv
Docking-44,200,24,8,full_map,19,5u09
Docking-44,200,24,8,full_map,23,6kux
Docking-44,200,24,8,full_map,34,8e9y
Docking-44,200,24,8,full_map,36,8fhs
Docking-44,200,24,8,full_map,38,8st0
Docking-44,200,24,8,full_map,40,8xvk
Docking-44,200,24,8,sample_map,0,1m2z
Docking-44,200,24,8,sample_map,13,4iar
Docking-44,200,24,8,sample_map,16,5cxv
Docking-44,200,24,8,sample_map,19,5u09
Docking-44,200,24,8,sample_map,23,6kux
Docking-44,200,24,8,sample_map,25,6pdj
Docking-44,200,24,8,sample_map,36,8fhs
Docking-44,200,24,8,sample_map,40,8xvk
Docking-44,200,24,10,full_map,13,4iar
Docking-44,200,24,10,full_map,16,5cxv
Docking-44,200,24,10,full_map,19,5u09
Docking-44,200,24,10,full_map,21,6cm4
Docking-44,200,24,10,full_map,23,6kux
Docking-44,200,24,10,full_map,25,6pdj
Docking-44,200,24,10,full_map,30,7ljd
Docking-44,200,24,10,full_map,36,8fhs
Docking-44,200,24,10,full_map,38,8st0
Docking-44,200,24,10,full_map,40,8xvk
Docking-44,200,24,10,sample_map,0,1m2z
Docking-44,200,24,10,sample_map,13,4iar
Docking-44,200,24,10,sample_map,16,5cxv
Docking-44,200,24,10,sample_map,19,5u09
Docking-44,200,24,10,sample_map,23,6kux
Docking-44,200,24,10,sample_map,25,6pdj
Docking-44,200,24,10,sample_map,26,6x3x
Docking-44,200,24,10,sample_map,30,7ljd
Docking-44,200,24,10,sample_map,36,8fhs
Docking-44,200,24,10,sample_map,40,8xvk
Docking-44,200,25,6,full_map,4,2vt4
Docking-44,200,25,6,full_map,19,5u09
Docking-44,200,25,6,full_map,23,6kux
Docking-44,200,25,6,full_map,36,8fhs
Docking-44,200,25,6,full_map,38,8st0
Docking-44,200,25,6,full_map,40,8xvk
Docking-44,200,25,6,sample_map,0,1m2z
Docking-44,200,25,6,sample_map,13,4iar
Docking-44,200,25,6,sample_map,16,5cxv
Docking-44,200,25,6,sample_map,19,5u09
Docking-44,200,25,6,sample_map,20,5va1
Docking-44,200,25,6,sample_map,36,8fhs
Docking-44,200,25,8,full_map,4,2vt4
Docking-44,200,25,8,full_map,16,5cxv
Docking-44,200,25,8,full_map,19,5u09
Docking-44,200,25,8,full_map,23,6kux
Docking-44,200,25,8,full_map,34,8e9y
Docking-44,200,25,8,full_map,36,8fhs
Docking-44,200,25,8,full_map,38,8st0
Docking-44,200,25,8,full_map,40,8xvk
Docking-44,200,25,8,sample_map,0,1m2z
Docking-44,200,25,8,sample_map,13,4iar
Docking-44,200,25,8,sample_map,16,5cxv
Docking-44,200,25,8,sample_map,19,5u09
Docking-44,200,25,8,sample_map,20,5va1
Docking-44,200,25,8,sample_map,23,6kux
Docking-44,200,25,8,sample_map,26,6x3x
Docking-44,200,25,8,sample_map,36,8fhs
Docking-44,200,25,10,full_map,13,4iar
Docking-44,200,25,10,full_map,16,5cxv
Docking-44,200,25,10,full_map,19,5u09
Docking-44,200,25,10,full_map,21,6cm4
Docking-44,200,25,10,full_map,23,6kux
Docking-44,200,25,10,full_map,25,6pdj
Docking-44,200,25,10,full_map,30,7ljd
Docking-44,200,25,10,full_map,36,8fhs
Docking-44,200,25,10,full_map,38,8st0
Docking-44,200,25,10,full_map,40,8xvk
Docking-44,200,25,10,sample_map,0,1m2z
Docking-44,200,25,10,sample_map,5,2ydo
Docking-44,200,25,10,sample_map,13,4iar
Docking-44,200,25,10,sample_map,16,5cxv
Docking-44,200,25,10,sample_map,18,5tvn
Docking-44,200,25,10,sample_map,19,5u09
Docking-44,200,25,10,sample_map,20,5va1
Docking-44,200,25,10,sample_map,23,6kux
Docking-44,200,25,10,sample_map,26,6x3x
Docking-44,200,25,10,sample_map,36,8fhs
Docking-44,200,26,6,full_map,4,2vt4
Docking-44,200,26,6,full_map,19,5u09
Docking-44,200,26,6,full_map,23,6kux
Docking-44,200,26,6,full_map,36,8fhs
Docking-44,200,26,6,full_map,38,8st0
Docking-44,200,26,6,full_map,40,8xvk
Docking-44,200,26,6,sample_map,6,2z5x
Docking-44,200,26,6,sample_map,9,3ln1
Docking-44,200,26,6,sample_map,19,5u09
Docking-44,200,26,6,sample_map,20,5va1
Docking-44,200,26,6,sample_map,36,8fhs
Docking-44,200,26,6,sample_map,39,8wty
Docking-44,200,26,8,full_map,4,2vt4
Docking-44,200,26,8,full_map,16,5cxv
Docking-44,200,26,8,full_map,19,5u09
Docking-44,200,26,8,full_map,23,6kux
Docking-44,200,26,8,full_map,34,8e9y
Docking-44,200,26,8,full_map,36,8fhs
Docking-44,200,26,8,full_map,38,8st0
Docking-44,200,26,8,full_map,40,8xvk
Docking-44,200,26,8,sample_map,6,2z5x
Docking-44,200,26,8,sample_map,7,3b66
Docking-44,200,26,8,sample_map,16,5cxv
Docking-44,200,26,8,sample_map,19,5u09
Docking-44,200,26,8,sample_map,20,5va1
Docking-44,200,26,8,sample_map,36,8fhs
Docking-44,200,26,8,sample_map,39,8wty
Docking-44,200,26,8,sample_map,41,8yn3
Docking-44,200,26,10,full_map,13,4iar
Docking-44,200,26,10,full_map,16,5cxv
Docking-44,200,26,10,full_map,19,5u09
Docking-44,200,26,10,full_map,21,6cm4
Docking-44,200,26,10,full_map,23,6kux
Docking-44,200,26,10,full_map,25,6pdj
Docking-44,200,26,10,full_map,30,7ljd
Docking-44,200,26,10,full_map,36,8fhs
Docking-44,200,26,10,full_map,38,8st0
Docking-44,200,26,10,full_map,40,8xvk
Docking-44,200,26,10,sample_map,5,2ydo
Docking-44,200,26,10,sample_map,6,2z5x
Docking-44,200,26,10,sample_map,7,3b66
Docking-44,200,26,10,sample_map,16,5cxv
Docking-44,200,26,10,sample_map,19,5u09
Docking-44,200,26,10,sample_map,20,5va1
Docking-44,200,26,10,sample_map,36,8fhs
Docking-44,200,26,10,sample_map,37,8pjk
Docking-44,200,26,10,sample_map,39,8wty
Docking-44,200,26,10,sample_map,41,8yn3
Docking-44,200,27,6,full_map,4,2vt4
Docking-44,200,27,6,full_map,19,5u09
Docking-44,200,27,6,full_map,23,6kux
Docking-44,200,27,6,full_map,36,8fhs
Docking-44,200,27,6,full_map,38,8st0
Docking-44,200,27,6,full_map,40,8xvk
Docking-44,200,27,6,sample_map,13,4iar
Docking-44,200,27,6,sample_map,21,6cm4
Docking-44,200,27,6,sample_map,30,7ljd
Docking-44,200,27,6,sample_map,36,8fhs
Docking-44,200,27,6,sample_map,38,8st0
Docking-44,200,27,6,sample_map,40,8xvk
Docking-44,200,27,8,full_map,4,2vt4
Docking-44,200,27,8,full_map,16,5cxv
Docking-44,200,27,8,full_map,19,5u09
Docking-44,200,27,8,full_map,23,6kux
Docking-44,200,27,8,full_map,34,8e9y
Docking-44,200,27,8,full_map,36,8fhs
Docking-44,200,27,8,full_map,38,8st0
Docking-44,200,27,8,full_map,40,8xvk
Docking-44,200,27,8,sample_map,13,4iar
Docking-44,200,27,8,sample_map,19,5u09
Docking-44,200,27,8,sample_map,20,5va1
Docking-44,200,27,8,sample_map,21,6cm4
Docking-44,200,27,8,sample_map,22,6kpf
Docking-44,200,27,8,sample_map,25,6pdj
Docking-44,200,27,8,sample_map,36,8fhs
Docking-44,200,27,8,sample_map,38,8st0
Docking-44,200,27,10,full_map,13,4iar
Docking-44,200,27,10,full_map,16,5cxv
Docking-44,200,27,10,full_map,19,5u09
Docking-44,200,27,10,full_map,21,6cm4
Docking-44,200,27,10,full_map,23,6kux
Docking-44,200,27,10,full_map,25,6pdj
Docking-44,200,27,10,full_map,30,7ljd
Docking-44,200,27,10,full_map,36,8fhs
Docking-44,200,27,10,full_map,38,8st0
Docking-44,200,27,10,full_map,40,8xvk
Docking-44,200,27,10,sample_map,13,4iar
Docking-44,200,27,10,sample_map,16,5cxv
Docking-44,200,27,10,sample_map,19,5u09
Docking-44,200,27,10,sample_map,20,5va1
Docking-44,200,27,10,sample_map,21,6cm4
Docking-44,200,27,10,sample_map,22,6kpf
Docking-44,200,27,10,sample_map,25,6pdj
Docking-44,200,27,10,sample_map,33,7ym8
Docking-44,200,27,10,sample_map,36,8fhs
Docking-44,200,27,10,sample_map,38,8st0
Docking-44,200,28,6,full_map,4,2vt4
Docking-44,200,28,6,full_map,19,5u09
Docking-44,200,28,6,full_map,23,6kux
Docking-44,200,28,6,full_map,36,8fhs
Docking-44,200,28,6,full_map,38,8st0
Docking-44,200,28,6,full_map,40,8xvk
Docking-44,200,28,6,sample_map,17,5i71
Docking-44,200,28,6,sample_map,28,7f8y
Docking-44,200,28,6,sample_map,31,7wc9
Docking-44,200,28,6,sample_map,36,8fhs
Docking-44,200,28,6,sample_map,40,8xvk
Docking-44,200,28,6,sample_map,42,9eo4
Docking-44,200,28,8,full_map,4,2vt4
Docking-44,200,28,8,full_map,16,5cxv
Docking-44,200,28,8,full_map,19,5u09
Docking-44,200,28,8,full_map,23,6kux
Docking-44,200,28,8,full_map,34,8e9y
Docking-44,200,28,8,full_map,36,8fhs
Docking-44,200,28,8,full_map,38,8st0
Docking-44,200,28,8,full_map,40,8xvk
Docking-44,200,28,8,sample_map,17,5i71
Docking-44,200,28,8,sample_map,21,6cm4
Docking-44,200,28,8,sample_map,23,6kux
Docking-44,200,28,8,sample_map,25,6pdj
Docking-44,200,28,8,sample_map,28,7f8y
Docking-44,200,28,8,sample_map,36,8fhs
Docking-44,200,28,8,sample_map,40,8xvk
Docking-44,200,28,8,sample_map,42,9eo4
Docking-44,200,28,10,full_map,13,4iar
Docking-44,200,28,10,full_map,16,5cxv
Docking-44,200,28,10,full_map,19,5u09
Docking-44,200,28,10,full_map,21,6cm4
Docking-44,200,28,10,full_map,23,6kux
Docking-44,200,28,10,full_map,25,6pdj
Docking-44,200,28,10,full_map,30,7ljd
Docking-44,200,28,10,full_map,36,8fhs
Docking-44,200,28,10,full_map,38,8st0
Docking-44,200,28,10,full_map,40,8xvk
Docking-44,200,28,10,sample_map,0,1m2z
Docking-44,200,28,10,sample_map,7,3b66
Docking-44,200,28,10,sample_map,14,4mqs
Docking-44,200,28,10,sample_map,17,5i71
Docking-44,200,28,10,sample_map,23,6kux
Docking-44,200,28,10,sample_map,25,6pdj
Docking-44,200,28,10,sample_map,30,7ljd
Docking-44,200,28,10,sample_map,31,7wc9
Docking-44,200,28,10,sample_map,36,8fhs
Docking-44,200,28,10,sample_map,40,8xvk
Docking-44,200,29,6,full_map,4,2vt4
Docking-44,200,29,6,full_map,19,5u09
Docking-44,200,29,6,full_map,23,6kux
Docking-44,200,29,6,full_map,36,8fhs
Docking-44,200,29,6,full_map,38,8st0
Docking-44,200,29,6,full_map,40,8xvk
Docking-44,200,29,6,sample_map,20,5va1
Docking-44,200,29,6,sample_map,21,6cm4
Docking-44,200,29,6,sample_map,22,6kpf
Docking-44,200,29,6,sample_map,28,7f8y
Docking-44,200,29,6,sample_map,36,8fhs
Docking-44,200,29,6,sample_map,39,8wty
Docking-44,200,29,8,full_map,4,2vt4
Docking-44,200,29,8,full_map,16,5cxv
Docking-44,200,29,8,full_map,19,5u09
Docking-44,200,29,8,full_map,23,6kux
Docking-44,200,29,8,full_map,34,8e9y
Docking-44,200,29,8,full_map,36,8fhs
Docking-44,200,29,8,full_map,38,8st0
Docking-44,200,29,8,full_map,40,8xvk
Docking-44,200,29,8,sample_map,9,3ln1
Docking-44,200,29,8,sample_map,16,5cxv
Docking-44,200,29,8,sample_map,20,5va1
Docking-44,200,29,8,sample_map,21,6cm4
Docking-44,200,29,8,sample_map,22,6kpf
Docking-44,200,29,8,sample_map,28,7f8y
Docking-44,200,29,8,sample_map,36,8fhs
Docking-44,200,29,8,sample_map,39,8wty
Docking-44,200,29,10,full_map,13,4iar
Docking-44,200,29,10,full_map,16,5cxv
Docking-44,200,29,10,full_map,19,5u09
Docking-44,200,29,10,full_map,21,6cm4
Docking-44,200,29,10,full_map,23,6kux
Docking-44,200,29,10,full_map,25,6pdj
Docking-44,200,29,10,full_map,30,7ljd
Docking-44,200,29,10,full_map,36,8fhs
Docking-44,200,29,10,full_map,38,8st0
Docking-44,200,29,10,full_map,40,8xvk
Docking-44,200,29,10,sample_map,9,3ln1
Docking-44,200,29,10,sample_map,16,5cxv
Docking-44,200,29,10,sample_map,20,5va1
Docking-44,200,29,10,sample_map,21,6cm4
Docking-44,200,29,10,sample_map,23,6kux
Docking-44,200,29,10,sample_map,28,7f8y
Docking-44,200,29,10,sample_map,30,7ljd
Docking-44,200,29,10,sample_map,36,8fhs
Docking-44,200,29,10,sample_map,39,8wty
Docking-44,200,29,10,sample_map,42,9eo4
Docking-44,200,30,6,full_map,4,2vt4
Docking-44,200,30,6,full_map,19,5u09
Docking-44,200,30,6,full_map,23,6kux
Docking-44,200,30,6,full_map,36,8fhs
Docking-44,200,30,6,full_map,38,8st0
Docking-44,200,30,6,full_map,40,8xvk
Docking-44,200,30,6,sample_map,4,2vt4
Docking-44,200,30,6,sample_map,6,2z5x
Docking-44,200,30,6,sample_map,36,8fhs
Docking-44,200,30,6,sample_map,38,8st0
Docking-44,200,30,6,sample_map,40,8xvk
Docking-44,200,30,6,sample_map,42,9eo4
Docking-44,200,30,8,full_map,4,2vt4
Docking-44,200,30,8,full_map,16,5cxv
Docking-44,200,30,8,full_map,19,5u09
Docking-44,200,30,8,full_map,23,6kux
Docking-44,200,30,8,full_map,34,8e9y
Docking-44,200,30,8,full_map,36,8fhs
Docking-44,200,30,8,full_map,38,8st0
Docking-44,200,30,8,full_map,40,8xvk
Docking-44,200,30,8,sample_map,4,2vt4
Docking-44,200,30,8,sample_map,5,2ydo
Docking-44,200,30,8,sample_map,16,5cxv
Docking-44,200,30,8,sample_map,21,6cm4
Docking-44,200,30,8,sample_map,36,8fhs
Docking-44,200,30,8,sample_map,38,8st0
Docking-44,200,30,8,sample_map,42,9eo4
Docking-44,200,30,8,sample_map,43,V1A
Docking-44,200,30,10,full_map,13,4iar
Docking-44,200,30,10,full_map,16,5cxv
Docking-44,200,30,10,full_map,19,5u09
Docking-44,200,30,10,full_map,21,6cm4
Docking-44,200,30,10,full_map,23,6kux
Docking-44,200,30,10,full_map,25,6pdj
Docking-44,200,30,10,full_map,30,7ljd
Docking-44,200,30,10,full_map,36,8fhs
Docking-44,200,30,10,full_map,38,8st0
Docking-44,200,30,10,full_map,40,8xvk
Docking-44,200,30,10,sample_map,4,2vt4
Docking-44,200,30,10,sample_map,5,2ydo
Docking-44,200,30,10,sample_map,16,5cxv
Docking-44,200,30,10,sample_map,21,6cm4
Docking-44,200,30,10,sample_map,27,6y1z
Docking-44,200,30,10,sample_map,34,8e9y
Docking-44,200,30,10,sample_map,36,8fhs
Docking-44,200,30,10,sample_map,38,8st0
Docking-44,200,30,10,sample_map,42,9eo4
Docking-44,200,30,10,sample_map,43,V1A
Docking-44,200,31,6,full_map,4,2vt4
Docking-44,200,31,6,full_map,19,5u09
Docking-44,200,31,6,full_map,23,6kux
Docking-44,200,31,6,full_map,36,8fhs
Docking-44,200,31,6,full_map,38,8st0
Docking-44,200,31,6,full_map,40,8xvk
Docking-44,200,31,6,sample_map,13,4iar
Docking-44,200,31,6,sample_map,16,5cxv
Docking-44,200,31,6,sample_map,17,5i71
Docking-44,200,31,6,sample_map,36,8fhs
Docking-44,200,31,6,sample_map,40,8xvk
Docking-44,200,31,6,sample_map,42,9eo4
Docking-44,200,31,8,full_map,4,2vt4
Docking-44,200,31,8,full_map,16,5cxv
Docking-44,200,31,8,full_map,19,5u09
Docking-44,200,31,8,full_map,23,6kux
Docking-44,200,31,8,full_map,34,8e9y
Docking-44,200,31,8,full_map,36,8fhs
Docking-44,200,31,8,full_map,38,8st0
Docking-44,200,31,8,full_map,40,8xvk
Docking-44,200,31,8,sample_map,13,4iar
Docking-44,200,31,8,sample_map,16,5cxv
Docking-44,200,31,8,sample_map,17,5i71
Docking-44,200,31,8,sample_map,25,6pdj
Docking-44,200,31,8,sample_map,31,7wc9
Docking-44,200,31,8,sample_map,36,8fhs
Docking-44,200,31,8,sample_map,40,8xvk
Docking-44,200,31,8,sample_map,42,9eo4
Docking-44,200,31,10,full_map,13,4iar
Docking-44,200,31,10,full_map,16,5cxv
Docking-44,200,31,10,full_map,19,5u09
Docking-44,200,31,10,full_map,21,6cm4
Docking-44,200,31,10,full_map,23,6kux
Docking-44,200,31,10,full_map,25,6pdj
Docking-44,200,31,10,full_map,30,7ljd
Docking-44,200,31,10,full_map,36,8fhs
Docking-44,200,31,10,full_map,38,8st0
Docking-44,200,31,10,full_map,40,8xvk
Docking-44,200,31,10,sample_map,6,2z5x
Docking-44,200,31,10,sample_map,13,4iar
Docking-44,200,31,10,sample_map,16,5cxv
Docking-44,200,31,10,sample_map,17,5i71
Docking-44,200,31,10,sample_map,19,5u09
Docking-44,200,31,10,sample_map,25,6pdj
Docking-44,200,31,10,sample_map,31,7wc9
Docking-44,200,31,10,sample_map,36,8fhs
Docking-44,200,31,10,sample_map,40,8xvk
Docking-44,200,31,10,sample_map,42,9eo4
Docking-44,200,32,6,full_map,4,2vt4
Docking-44,200,32,6,full_map,19,5u09
Docking-44,200,32,6,full_map,23,6kux
Docking-44,200,32,6,full_map,36,8fhs
Docking-44,200,32,6,full_map,38,8st0
Docking-44,200,32,6,full_map,40,8xvk
Docking-44,200,32,6,sample_map,17,5i71
Docking-44,200,32,6,sample_map,33,7ym8
Docking-44,200,32,6,sample_map,36,8fhs
Docking-44,200,32,6,sample_map,39,8wty
Docking-44,200,32,6,sample_map,40,8xvk
Docking-44,200,32,6,sample_map,42,9eo4
Docking-44,200,32,8,full_map,4,2vt4
Docking-44,200,32,8,full_map,16,5cxv
Docking-44,200,32,8,full_map,19,5u09
Docking-44,200,32,8,full_map,23,6kux
Docking-44,200,32,8,full_map,34,8e9y
Docking-44,200,32,8,full_map,36,8fhs
Docking-44,200,32,8,full_map,38,8st0
Docking-44,200,32,8,full_map,40,8xvk
Docking-44,200,32,8,sample_map,13,4iar
Docking-44,200,32,8,sample_map,17,5i71
Docking-44,200,32,8,sample_map,22,6kpf
Docking-44,200,32,8,sample_map,25,6pdj
Docking-44,200,32,8,sample_map,36,8fhs
Docking-44,200,32,8,sample_map,39,8wty
Docking-44,200,32,8,sample_map,40,8xvk
Docking-44,200,32,8,sample_map,42,9eo4
Docking-44,200,32,10,full_map,13,4iar
Docking-44,200,32,10,full_map,16,5cxv
Docking-44,200,32,10,full_map,19,5u09
Docking-44,200,32,10,full_map,21,6cm4
Docking-44,200,32,10,full_map,23,6kux
Docking-44,200,32,10,full_map,25,6pdj
Docking-44,200,32,10,full_map,30,7ljd
Docking-44,200,32,10,full_map,36,8fhs
Docking-44,200,32,10,full_map,38,8st0
Docking-44,200,32,10,full_map,40,8xvk
Docking-44,200,32,10,sample_map,0,1m2z
Docking-44,200,32,10,sample_map,13,4iar
Docking-44,200,32,10,sample_map,17,5i71
Docking-44,200,32,10,sample_map,21,6cm4
Docking-44,200,32,10,sample_map,22,6kpf
Docking-44,200,32,10,sample_map,25,6pdj
Docking-44,200,32,10,sample_map,36,8fhs
Docking-44,200,32,10,sample_map,39,8wty
Docking-44,200,32,10,sample_map,40,8xvk
Docking-44,200,32,10,sample_map,42,9eo4
Docking-44,200,33,6,full_map,4,2vt4
Docking-44,200,33,6,full_map,19,5u09
Docking-44,200,33,6,full_map,23,6kux
Docking-44,200,33,6,full_map,36,8fhs
Docking-44,200,33,6,full_map,38,8st0
Docking-44,200,33,6,full_map,40,8xvk
Docking-44,200,33,6,sample_map,13,4iar
Docking-44,200,33,6,sample_map,16,5cxv
Docking-44,200,33,6,sample_map,19,5u09
Docking-44,200,33,6,sample_map,36,8fhs
Docking-44,200,33,6,sample_map,38,8st0
Docking-44,200,33,6,sample_map,40,8xvk
Docking-44,200,33,8,full_map,4,2vt4
Docking-44,200,33,8,full_map,16,5cxv
Docking-44,200,33,8,full_map,19,5u09
Docking-44,200,33,8,full_map,23,6kux
Docking-44,200,33,8,full_map,34,8e9y
Docking-44,200,33,8,full_map,36,8fhs
Docking-44,200,33,8,full_map,38,8st0
Docking-44,200,33,8,full_map,40,8xvk
Docking-44,200,33,8,sample_map,13,4iar
Docking-44,200,33,8,sample_map,16,5cxv
Docking-44,200,33,8,sample_map,19,5u09
Docking-44,200,33,8,sample_map,30,7ljd
Docking-44,200,33,8,sample_map,34,8e9y
Docking-44,200,33,8,sample_map,36,8fhs
Docking-44,200,33,8,sample_map,38,8st0
Docking-44,200,33,8,sample_map,40,8xvk
Docking-44,200,33,10,full_map,13,4iar
Docking-44,200,33,10,full_map,16,5cxv
Docking-44,200,33,10,full_map,19,5u09
Docking-44,200,33,10,full_map,21,6cm4
Docking-44,200,33,10,full_map,23,6kux
Docking-44,200,33,10,full_map,25,6pdj
Docking-44,200,33,10,full_map,30,7ljd
Docking-44,200,33,10,full_map,36,8fhs
Docking-44,200,33,10,full_map,38,8st0
Docking-44,200,33,10,full_map,40,8xvk
Docking-44,200,33,10,sample_map,13,4iar
Docking-44,200,33,10,sample_map,16,5cxv
Docking-44,200,33,10,sample_map,19,5u09
Docking-44,200,33,10,sample_map,21,6cm4
Docking-44,200,33,10,sample_map,23,6kux
Docking-44,200,33,10,sample_map,30,7ljd
Docking-44,200,33,10,sample_map,34,8e9y
Docking-44,200,33,10,sample_map,36,8fhs
Docking-44,200,33,10,sample_map,38,8st0
Docking-44,200,33,10,sample_map,40,8xvk
Docking-44,200,34,6,full_map,4,2vt4
Docking-44,200,34,6,full_map,19,5u09
Docking-44,200,34,6,full_map,23,6kux
Docking-44,200,34,6,full_map,36,8fhs
Docking-44,200,34,6,full_map,38,8st0
Docking-44,200,34,6,full_map,40,8xvk
Docking-44,200,34,6,sample_map,13,4iar
Docking-44,200,34,6,sample_map,16,5cxv
Docking-44,200,34,6,sample_map,19,5u09
Docking-44,200,34,6,sample_map,36,8fhs
Docking-44,200,34,6,sample_map,38,8st0
Docking-44,200,34,6,sample_map,40,8xvk
Docking-44,200,34,8,full_map,4,2vt4
Docking-44,200,34,8,full_map,16,5cxv
Docking-44,200,34,8,full_map,19,5u09
Docking-44,200,34,8,full_map,23,6kux
Docking-44,200,34,8,full_map,34,8e9y
Docking-44,200,34,8,full_map,36,8fhs
Docking-44,200,34,8,full_map,38,8st0
Docking-44,200,34,8,full_map,40,8xvk
Docking-44,200,34,8,sample_map,13,4iar
Docking-44,200,34,8,sample_map,16,5cxv
Docking-44,200,34,8,sample_map,19,5u09
Docking-44,200,34,8,sample_map,21,6cm4
Docking-44,200,34,8,sample_map,27,6y1z
Docking-44,200,34,8,sample_map,36,8fhs
Docking-44,200,34,8,sample_map,38,8st0
Docking-44,200,34,8,sample_map,40,8xvk
Docking-44,200,34,10,full_map,13,4iar
Docking-44,200,34,10,full_map,16,5cxv
Docking-44,200,34,10,full_map,19,5u09
Docking-44,200,34,10,full_map,21,6cm4
Docking-44,200,34,10,full_map,23,6kux
Docking-44,200,34,10,full_map,25,6pdj
Docking-44,200,34,10,full_map,30,7ljd
Docking-44,200,34,10,full_map,36,8fhs
Docking-44,200,34,10,full_map,38,8st0
Docking-44,200,34,10,full_map,40,8xvk
Docking-44,200,34,10,sample_map,13,4iar
Docking-44,200,34,10,sample_map,16,5cxv
Docking-44,200,34,10,sample_map,19,5u09
Docking-44,200,34,10,sample_map,21,6cm4
Docking-44,200,34,10,sample_map,22,6kpf
Docking-44,200,34,10,sample_map,23,6kux
Docking-44,200,34,10,sample_map,27,6y1z
Docking-44,200,34,10,sample_map,36,8fhs
Docking-44,200,34,10,sample_map,38,8st0
Docking-44,200,34,10,sample_map,40,8xvk
Docking-44,200,35,6,full_map,4,2vt4
Docking-44,200,35,6,full_map,19,5u09
Docking-44,200,35,6,full_map,23,6kux
Docking-44,200,35,6,full_map,36,8fhs
Docking-44,200,35,6,full_map,38,8st0
Docking-44,200,35,6,full_map,40,8xvk
Docking-44,200,35,6,sample_map,17,5i71
Docking-44,200,35,6,sample_map,18,5tvn
Docking-44,200,35,6,sample_map,20,5va1
Docking-44,200,35,6,sample_map,21,6cm4
Docking-44,200,35,6,sample_map,27,6y1z
Docking-44,200,35,6,sample_map,36,8fhs
Docking-44,200,35,8,full_map,4,2vt4
Docking-44,200,35,8,full_map,16,5cxv
Docking-44,200,35,8,full_map,19,5u09
Docking-44,200,35,8,full_map,23,6kux
Docking-44,200,35,8,full_map,34,8e9y
Docking-44,200,35,8,full_map,36,8fhs
Docking-44,200,35,8,full_map,38,8st0
Docking-44,200,35,8,full_map,40,8xvk
Docking-44,200,35,8,sample_map,16,5cxv
Docking-44,200,35,8,sample_map,17,5i71
Docking-44,200,35,8,sample_map,18,5tvn
Docking-44,200,35,8,sample_map,21,6cm4
Docking-44,200,35,8,sample_map,27,6y1z
Docking-44,200,35,8,sample_map,36,8fhs
Docking-44,200,35,8,sample_map,40,8xvk
Docking-44,200,35,8,sample_map,42,9eo4
Docking-44,200,35,10,full_map,13,4iar
Docking-44,200,35,10,full_map,16,5cxv
Docking-44,200,35,10,full_map,19,5u09
Docking-44,200,35,10,full_map,21,6cm4
Docking-44,200,35,10,full_map,23,6kux
Docking-44,200,35,10,full_map,25,6pdj
Docking-44,200,35,10,full_map,30,7ljd
Docking-44,200,35,10,full_map,36,8fhs
Docking-44,200,35,10,full_map,38,8st0
Docking-44,200,35,10,full_map,40,8xvk
Docking-44,200,35,10,sample_map,5,2ydo
Docking-44,200,35,10,sample_map,16,5cxv
Docking-44,200,35,10,sample_map,17,5i71
Docking-44,200,35,10,sample_map,18,5tvn
Docking-44,200,35,10,sample_map,20,5va1
Docking-44,200,35,10,sample_map,21,6cm4
Docking-44,200,35,10,sample_map,22,6kpf
Docking-44,200,35,10,sample_map,27,6y1z
Docking-44,200,35,10,sample_map,36,8fhs
Docking-44,200,35,10,sample_map,42,9eo4
Docking-44,200,36,6,full_map,4,2vt4
Docking-44,200,36,6,full_map,19,5u09
Docking-44,200,36,6,full_map,23,6kux
Docking-44,200,36,6,full_map,36,8fhs
Docking-44,200,36,6,full_map,38,8st0
Docking-44,200,36,6,full_map,40,8xvk
Docking-44,200,36,6,sample_map,4,2vt4
Docking-44,200,36,6,sample_map,20,5va1
Docking-44,200,36,6,sample_map,34,8e9y
Docking-44,200,36,6,sample_map,36,8fhs
Docking-44,200,36,6,sample_map,38,8st0
Docking-44,200,36,6,sample_map,42,9eo4
Docking-44,200,36,8,full_map,4,2vt4
Docking-44,200,36,8,full_map,16,5cxv
Docking-44,200,36,8,full_map,19,5u09
Docking-44,200,36,8,full_map,23,6kux
Docking-44,200,36,8,full_map,34,8e9y
Docking-44,200,36,8,full_map,36,8fhs
Docking-44,200,36,8,full_map,38,8st0
Docking-44,200,36,8,full_map,40,8xvk
Docking-44,200,36,8,sample_map,4,2vt4
Docking-44,200,36,8,sample_map,20,5va1
Docking-44,200,36,8,sample_map,22,6kpf
Docking-44,200,36,8,sample_map,25,6pdj
Docking-44,200,36,8,sample_map,34,8e9y
Docking-44,200,36,8,sample_map,36,8fhs
Docking-44,200,36,8,sample_map,38,8st0
Docking-44,200,36,8,sample_map,42,9eo4
Docking-44,200,36,10,full_map,13,4iar
Docking-44,200,36,10,full_map,16,5cxv
Docking-44,200,36,10,full_map,19,5u09
Docking-44,200,36,10,full_map,21,6cm4
Docking-44,200,36,10,full_map,23,6kux
Docking-44,200,36,10,full_map,25,6pdj
Docking-44,200,36,10,full_map,30,7ljd
Docking-44,200,36,10,full_map,36,8fhs
Docking-44,200,36,10,full_map,38,8st0
Docking-44,200,36,10,full_map,40,8xvk
Docking-44,200,36,10,sample_map,4,2vt4
Docking-44,200,36,10,sample_map,20,5va1
Docking-44,200,36,10,sample_map,21,6cm4
Docking-44,200,36,10,sample_map,22,6kpf
Docking-44,200,36,10,sample_map,25,6pdj
Docking-44,200,36,10,sample_map,27,6y1z
Docking-44,200,36,10,sample_map,34,8e9y
Docking-44,200,36,10,sample_map,36,8fhs
Docking-44,200,36,10,sample_map,38,8st0
Docking-44,200,36,10,sample_map,42,9eo4
Docking-44,200,37,6,full_map,4,2vt4
Docking-44,200,37,6,full_map,19,5u09
Docking-44,200,37,6,full_map,23,6kux
Docking-44,200,37,6,full_map,36,8fhs
Docking-44,200,37,6,full_map,38,8st0
Docking-44,200,37,6,full_map,40,8xvk
Docking-44,200,37,6,sample_map,6,2z5x
Docking-44,200,37,6,sample_map,17,5i71
Docking-44,200,37,6,sample_map,20,5va1
Docking-44,200,37,6,sample_map,21,6cm4
Docking-44,200,37,6,sample_map,31,7wc9
Docking-44,200,37,6,sample_map,34,8e9y
Docking-44,200,37,8,full_map,4,2vt4
Docking-44,200,37,8,full_map,16,5cxv
Docking-44,200,37,8,full_map,19,5u09
Docking-44,200,37,8,full_map,23,6kux
Docking-44,200,37,8,full_map,34,8e9y
Docking-44,200,37,8,full_map,36,8fhs
Docking-44,200,37,8,full_map,38,8st0
Docking-44,200,37,8,full_map,40,8xvk
Docking-44,200,37,8,sample_map,6,2z5x
Docking-44,200,37,8,sample_map,17,5i71
Docking-44,200,37,8,sample_map,20,5va1
Docking-44,200,37,8,sample_map,21,6cm4
Docking-44,200,37,8,sample_map,30,7ljd
Docking-44,200,37,8,sample_map,31,7wc9
Docking-44,200,37,8,sample_map,34,8e9y
Docking-44,200,37,8,sample_map,42,9eo4
Docking-44,200,37,10,full_map,13,4iar
Docking-44,200,37,10,full_map,16,5cxv
Docking-44,200,37,10,full_map,19,5u09
Docking-44,200,37,10,full_map,21,6cm4
Docking-44,200,37,10,full_map,23,6kux
Docking-44,200,37,10,full_map,25,6pdj
Docking-44,200,37,10,full_map,30,7ljd
Docking-44,200,37,10,full_map,36,8fhs
Docking-44,200,37,10,full_map,38,8st0
Docking-44,200,37,10,full_map,40,8xvk
Docking-44,200,37,10,sample_map,0,1m2z
Docking-44,200,37,10,sample_map,6,2z5x
Docking-44,200,37,10,sample_map,16,5cxv
Docking-44,200,37,10,sample_map,17,5i71
Docking-44,200,37,10,sample_map,20,5va1
Docking-44,200,37,10,sample_map,21,6cm4
Docking-44,200,37,10,sample_map,30,7ljd
Docking-44,200,37,10,sample_map,34,8e9y
Docking-44,200,37,10,sample_map,42,9eo4
Docking-44,200,37,10,sample_map,43,V1A
Docking-44,200,38,6,full_map,4,2vt4
Docking-44,200,38,6,full_map,19,5u09
Docking-44,200,38,6,full_map,23,6kux
Docking-44,200,38,6,full_map,36,8fhs
Docking-44,200,38,6,full_map,38,8st0
Docking-44,200,38,6,full_map,40,8xvk
Docking-44,200,38,6,sample_map,16,5cxv
Docking-44,200,38,6,sample_map,17,5i71
Docking-44,200,38,6,sample_map,37,8pjk
Docking-44,200,38,6,sample_map,38,8st0
Docking-44,200,38,6,sample_map,42,9eo4
Docking-44,200,38,6,sample_map,43,V1A
Docking-44,200,38,8,full_map,4,2vt4
Docking-44,200,38,8,full_map,16,5cxv
Docking-44,200,38,8,full_map,19,5u09
Docking-44,200,38,8,full_map,23,6kux
Docking-44,200,38,8,full_map,34,8e9y
Docking-44,200,38,8,full_map,36,8fhs
Docking-44,200,38,8,full_map,38,8st0
Docking-44,200,38,8,full_map,40,8xvk
Docking-44,200,38,8,sample_map,16,5cxv
Docking-44,200,38,8,sample_map,20,5va1
Docking-44,200,38,8,sample_map,23,6kux
Docking-44,200,38,8,sample_map,34,8e9y
Docking-44,200,38,8,sample_map,36,8fhs
Docking-44,200,38,8,sample_map,37,8pjk
Docking-44,200,38,8,sample_map,38,8st0
Docking-44,200,38,8,sample_map,42,9eo4
Docking-44,200,38,10,full_map,13,4iar
Docking-44,200,38,10,full_map,16,5cxv
Docking-44,200,38,10,full_map,19,5u09
Docking-44,200,38,10,full_map,21,6cm4
Docking-44,200,38,10,full_map,23,6kux
Docking-44,200,38,10,full_map,25,6pdj
Docking-44,200,38,10,full_map,30,7ljd
Docking-44,200,38,10,full_map,36,8fhs
Docking-44,200,38,10,full_map,38,8st0
Docking-44,200,38,10,full_map,40,8xvk
Docking-44,200,38,10,sample_map,2,1xoq
Docking-44,200,38,10,sample_map,16,5cxv
Docking-44,200,38,10,sample_map,19,5u09
Docking-44,200,38,10,sample_map,20,5va1
Docking-44,200,38,10,sample_map,23,6kux
Docking-44,200,38,10,sample_map,34,8e9y
Docking-44,200,38,10,sample_map,36,8fhs
Docking-44,200,38,10,sample_map,37,8pjk
Docking-44,200,38,10,sample_map,38,8st0
Docking-44,200,38,10,sample_map,42,9eo4
Docking-44,200,39,6,full_map,4,2vt4
Docking-44,200,39,6,full_map,19,5u09
Docking-44,200,39,6,full_map,23,6kux
Docking-44,200,39,6,full_map,36,8fhs
Docking-44,200,39,6,full_map,38,8st0
Docking-44,200,39,6,full_map,40,8xvk
Docking-44,200,39,6,sample_map,13,4iar
Docking-44,200,39,6,sample_map,16,5cxv
Docking-44,200,39,6,sample_map,22,6kpf
Docking-44,200,39,6,sample_map,23,6kux
Docking-44,200,39,6,sample_map,38,8st0
Docking-44,200,39,6,sample_map,43,V1A
Docking-44,200,39,8,full_map,4,2vt4
Docking-44,200,39,8,full_map,16,5cxv
Docking-44,200,39,8,full_map,19,5u09
Docking-44,200,39,8,full_map,23,6kux
Docking-44,200,39,8,full_map,34,8e9y
Docking-44,200,39,8,full_map,36,8fhs
Docking-44,200,39,8,full_map,38,8st0
Docking-44,200,39,8,full_map,40,8xvk
Docking-44,200,39,8,sample_map,13,4iar
Docking-44,200,39,8,sample_map,16,5cxv
Docking-44,200,39,8,sample_map,19,5u09
Docking-44,200,39,8,sample_map,20,5va1
Docking-44,200,39,8,sample_map,21,6cm4
Docking-44,200,39,8,sample_map,23,6kux
Docking-44,200,39,8,sample_map,30,7ljd
Docking-44,200,39,8,sample_map,36,8fhs
Docking-44,200,39,10,full_map,13,4iar
Docking-44,200,39,10,full_map,16,5cxv
Docking-44,200,39,10,full_map,19,5u09
Docking-44,200,39,10,full_map,21,6cm4
Docking-44,200,39,10,full_map,23,6kux
Docking-44,200,39,10,full_map,25,6pdj
Docking-44,200,39,10,full_map,30,7ljd
Docking-44,200,39,10,full_map,36,8fhs
Docking-44,200,39,10,full_map,38,8st0
Docking-44,200,39,10,full_map,40,8xvk
Docking-44,200,39,10,sample_map,13,4iar
Docking-44,200,39,10,sample_map,16,5cxv
Docking-44,200,39,10,sample_map,19,5u09
Docking-44,200,39,10,sample_map,20,5va1
Docking-44,200,39,10,sample_map,21,6cm4
Docking-44,200,39,10,sample_map,23,6kux
Docking-44,200,39,10,sample_map,25,6pdj
Docking-44,200,39,10,sample_map,30,7ljd
Docking-44,200,39,10,sample_map,36,8fhs
Docking-44,200,39,10,sample_map,38,8st0
Docking-44,200,40,6,full_map,4,2vt4
Docking-44,200,40,6,full_map,19,5u09
Docking-44,200,40,6,full_map,23,6kux
Docking-44,200,40,6,full_map,36,8fhs
Docking-44,200,40,6,full_map,38,8st0
Docking-44,200,40,6,full_map,40,8xvk
Docking-44,200,40,6,sample_map,13,4iar
Docking-44,200,40,6,sample_map,20,5va1
Docking-44,200,40,6,sample_map,22,6kpf
Docking-44,200,40,6,sample_map,30,7ljd
Docking-44,200,40,6,sample_map,36,8fhs
Docking-44,200,40,6,sample_map,39,8wty
Docking-44,200,40,8,full_map,4,2vt4
Docking-44,200,40,8,full_map,16,5cxv
Docking-44,200,40,8,full_map,19,5u09
Docking-44,200,40,8,full_map,23,6kux
Docking-44,200,40,8,full_map,34,8e9y
Docking-44,200,40,8,full_map,36,8fhs
Docking-44,200,40,8,full_map,38,8st0
Docking-44,200,40,8,full_map,40,8xvk
Docking-44,200,40,8,sample_map,17,5i71
Docking-44,200,40,8,sample_map,20,5va1
Docking-44,200,40,8,sample_map,21,6cm4
Docking-44,200,40,8,sample_map,22,6kpf
Docking-44,200,40,8,sample_map,27,6y1z
Docking-44,200,40,8,sample_map,30,7ljd
Docking-44,200,40,8,sample_map,36,8fhs
Docking-44,200,40,8,sample_map,38,8st0
Docking-44,200,40,10,full_map,13,4iar
Docking-44,200,40,10,full_map,16,5cxv
Docking-44,200,40,10,full_map,19,5u09
Docking-44,200,40,10,full_map,21,6cm4
Docking-44,200,40,10,full_map,23,6kux
Docking-44,200,40,10,full_map,25,6pdj
Docking-44,200,40,10,full_map,30,7ljd
Docking-44,200,40,10,full_map,36,8fhs
Docking-44,200,40,10,full_map,38,8st0
Docking-44,200,40,10,full_map,40,8xvk
Docking-44,200,40,10,sample_map,17,5i71
Docking-44,200,40,10,sample_map,20,5va1
Docking-44,200,40,10,sample_map,21,6cm4
Docking-44,200,40,10,sample_map,22,6kpf
Docking-44,200,40,10,sample_map,23,6kux
Docking-44,200,40,10,sample_map,25,6pdj
Docking-44,200,40,10,sample_map,27,6y1z
Docking-44,200,40,10,sample_map,30,7ljd
Docking-44,200,40,10,sample_map,36,8fhs
Docking-44,200,40,10,sample_map,38,8st0
Docking-44,200,41,6,full_map,4,2vt4
Docking-44,200,41,6,full_map,19,5u09
Docking-44,200,41,6,full_map,23,6kux
Docking-44,200,41,6,full_map,36,8fhs
Docking-44,200,41,6,full_map,38,8st0
Docking-44,200,41,6,full_map,40,8xvk
Docking-44,200,41,6,sample_map,2,1xoq
Docking-44,200,41,6,sample_map,13,4iar
Docking-44,200,41,6,sample_map,17,5i71
Docking-44,200,41,6,sample_map,20,5va1
Docking-44,200,41,6,sample_map,34,8e9y
Docking-44,200,41,6,sample_map,43,V1A
Docking-44,200,41,8,full_map,4,2vt4
Docking-44,200,41,8,full_map,16,5cxv
Docking-44,200,41,8,full_map,19,5u09
Docking-44,200,41,8,full_map,23,6kux
Docking-44,200,41,8,full_map,34,8e9y
Docking-44,200,41,8,full_map,36,8fhs
Docking-44,200,41,8,full_map,38,8st0
Docking-44,200,41,8,full_map,40,8xvk
Docking-44,200,41,8,sample_map,13,4iar
Docking-44,200,41,8,sample_map,17,5i71
Docking-44,200,41,8,sample_map,20,5va1
Docking-44,200,41,8,sample_map,23,6kux
Docking-44,200,41,8,sample_map,27,6y1z
Docking-44,200,41,8,sample_map,29,7kwe
Docking-44,200,41,8,sample_map,34,8e9y
Docking-44,200,41,8,sample_map,43,V1A
Docking-44,200,41,10,full_map,13,4iar
Docking-44,200,41,10,full_map,16,5cxv
Docking-44,200,41,10,full_map,19,5u09
Docking-44,200,41,10,full_map,21,6cm4
Docking-44,200,41,10,full_map,23,6kux
Docking-44,200,41,10,full_map,25,6pdj
Docking-44,200,41,10,full_map,30,7ljd
Docking-44,200,41,10,full_map,36,8fhs
Docking-44,200,41,10,full_map,38,8st0
Docking-44,200,41,10,full_map,40,8xvk
Docking-44,200,41,10,sample_map,6,2z5x
Docking-44,200,41,10,sample_map,13,4iar
Docking-44,200,41,10,sample_map,17,5i71
Docking-44,200,41,10,sample_map,19,5u09
Docking-44,200,41,10,sample_map,20,5va1
Docking-44,200,41,10,sample_map,23,6kux
Docking-44,200,41,10,sample_map,27,6y1z
Docking-44,200,41,10,sample_map,29,7kwe
Docking-44,200,41,10,sample_map,34,8e9y
Docking-44,200,41,10,sample_map,43,V1A
Docking-44,200,42,6,full_map,4,2vt4
Docking-44,200,42,6,full_map,19,5u09
Docking-44,200,42,6,full_map,23,6kux
Docking-44,200,42,6,full_map,36,8fhs
Docking-44,200,42,6,full_map,38,8st0
Docking-44,200,42,6,full_map,40,8xvk
Docking-44,200,42,6,sample_map,12,4ey7
Docking-44,200,42,6,sample_map,17,5i71
Docking-44,200,42,6,sample_map,23,6kux
Docking-44,200,42,6,sample_map,34,8e9y
Docking-44,200,42,6,sample_map,40,8xvk
Docking-44,200,42,6,sample_map,43,V1A
Docking-44,200,42,8,full_map,4,2vt4
Docking-44,200,42,8,full_map,16,5cxv
Docking-44,200,42,8,full_map,19,5u09
Docking-44,200,42,8,full_map,23,6kux
Docking-44,200,42,8,full_map,34,8e9y
Docking-44,200,42,8,full_map,36,8fhs
Docking-44,200,42,8,full_map,38,8st0
Docking-44,200,42,8,full_map,40,8xvk
Docking-44,200,42,8,sample_map,11,4djh
Docking-44,200,42,8,sample_map,12,4ey7
Docking-44,200,42,8,sample_map,17,5i71
Docking-44,200,42,8,sample_map,19,5u09
Docking-44,200,42,8,sample_map,23,6kux
Docking-44,200,42,8,sample_map,34,8e9y
Docking-44,200,42,8,sample_map,40,8xvk
Docking-44,200,42,8,sample_map,43,V1A
Docking-44,200,42,10,full_map,13,4iar
Docking-44,200,42,10,full_map,16,5cxv
Docking-44,200,42,10,full_map,19,5u09
Docking-44,200,42,10,full_map,21,6cm4
Docking-44,200,42,10,full_map,23,6kux
Docking-44,200,42,10,full_map,25,6pdj
Docking-44,200,42,10,full_map,30,7ljd
Docking-44,200,42,10,full_map,36,8fhs
Docking-44,200,42,10,full_map,38,8st0
Docking-44,200,42,10,full_map,40,8xvk
Docking-44,200,42,10,sample_map,11,4djh
Docking-44,200,42,10,sample_map,12,4ey7
Docking-44,200,42,10,sample_map,17,5i71
Docking-44,200,42,10,sample_map,19,5u09
Docking-44,200,42,10,sample_map,23,6kux
Docking-44,200,42,10,sample_map,27,6y1z
Docking-44,200,42,10,sample_map,30,7ljd
Docking-44,200,42,10,sample_map,34,8e9y
Docking-44,200,42,10,sample_map,40,8xvk
Docking-44,200,42,10,sample_map,43,V1A
Docking-44,200,43,6,full_map,4,2vt4
Docking-44,200,43,6,full_map,19,5u09
Docking-44,200,43,6,full_map,23,6kux
Docking-44,200,43,6,full_map,36,8fhs
Docking-44,200,43,6,full_map,38,8st0
Docking-44,200,43,6,full_map,40,8xvk
Docking-44,200,43,6,sample_map,9,3ln1
Docking-44,200,43,6,sample_map,14,4mqs
Docking-44,200,43,6,sample_map,28,7f8y
Docking-44,200,43,6,sample_map,36,8fhs
Docking-44,200,43,6,sample_map,40,8xvk
Docking-44,200,43,6,sample_map,42,9eo4
Docking-44,200,43,8,full_map,4,2vt4
Docking-44,200,43,8,full_map,16,5cxv
Docking-44,200,43,8,full_map,19,5u09
Docking-44,200,43,8,full_map,23,6kux
Docking-44,200,43,8,full_map,34,8e9y
Docking-44,200,43,8,full_map,36,8fhs
Docking-44,200,43,8,full_map,38,8st0
Docking-44,200,43,8,full_map,40,8xvk
Docking-44,200,43,8,sample_map,9,3ln1
Docking-44,200,43,8,sample_map,14,4mqs
Docking-44,200,43,8,sample_map,19,5u09
Docking-44,200,43,8,sample_map,26,6x3x
Docking-44,200,43,8,sample_map,28,7f8y
Docking-44,200,43,8,sample_map,30,7ljd
Docking-44,200,43,8,sample_map,36,8fhs
Docking-44,200,43,8,sample_map,40,8xvk
Docking-44,200,43,10,full_map,13,4iar
Docking-44,200,43,10,full_map,16,5cxv
Docking-44,200,43,10,full_map,19,5u09
Docking-44,200,43,10,full_map,21,6cm4
Docking-44,200,43,10,full_map,23,6kux
Docking-44,200,43,10,full_map,25,6pdj
Docking-44,200,43,10,full_map,30,7ljd
Docking-44,200,43,10,full_map,36,8fhs
Docking-44,200,43,10,full_map,38,8st0
Docking-44,200,43,10,full_map,40,8xvk
Docking-44,200,43,10,sample_map,9,3ln1
Docking-44,200,43,10,sample_map,14,4mqs
Docking-44,200,43,10,sample_map,16,5cxv
Docking-44,200,43,10,sample_map,22,6kpf
Docking-44,200,43,10,sample_map,23,6kux
Docking-44,200,43,10,sample_map,27,6y1z
Docking-44,200,43,10,sample_map,28,7f8y
Docking-44,200,43,10,sample_map,30,7ljd
Docking-44,200,43,10,sample_map,36,8fhs
Docking-44,200,43,10,sample_map,40,8xvk
Docking-44,200,44,6,full_map,4,2vt4
Docking-44,200,44,6,full_map,19,5u09
Docking-44,200,44,6,full_map,23,6kux
Docking-44,200,44,6,full_map,36,8fhs
Docking-44,200,44,6,full_map,38,8st0
Docking-44,200,44,6,full_map,40,8xvk
Docking-44,200,44,6,sample_map,12,4ey7
Docking-44,200,44,6,sample_map,19,5u09
Docking-44,200,44,6,sample_map,20,5va1
Docking-44,200,44,6,sample_map,33,7ym8
Docking-44,200,44,6,sample_map,34,8e9y
Docking-44,200,44,6,sample_map,36,8fhs
Docking-44,200,44,8,full_map,4,2vt4
Docking-44,200,44,8,full_map,16,5cxv
Docking-44,200,44,8,full_map,19,5u09
Docking-44,200,44,8,full_map,23,6kux
Docking-44,200,44,8,full_map,34,8e9y
Docking-44,200,44,8,full_map,36,8fhs
Docking-44,200,44,8,full_map,38,8st0
Docking-44,200,44,8,full_map,40,8xvk
Docking-44,200,44,8,sample_map,12,4ey7
Docking-44,200,44,8,sample_map,19,5u09
Docking-44,200,44,8,sample_map,20,5va1
Docking-44,200,44,8,sample_map,21,6cm4
Docking-44,200,44,8,sample_map,30,7ljd
Docking-44,200,44,8,sample_map,33,7ym8
Docking-44,200,44,8,sample_map,34,8e9y
Docking-44,200,44,8,sample_map,36,8fhs
Docking-44,200,44,10,full_map,13,4iar
Docking-44,200,44,10,full_map,16,5cxv
Docking-44,200,44,10,full_map,19,5u09
Docking-44,200,44,10,full_map,21,6cm4
Docking-44,200,44,10,full_map,23,6kux
Docking-44,200,44,10,full_map,25,6pdj
Docking-44,200,44,10,full_map,30,7ljd
Docking-44,200,44,10,full_map,36,8fhs
Docking-44,200,44,10,full_map,38,8st0
Docking-44,200,44,10,full_map,40,8xvk
Docking-44,200,44,10,sample_map,0,1m2z
Docking-44,200,44,10,sample_map,5,2ydo
Docking-44,200,44,10,sample_map,12,4ey7
Docking-44,200,44,10,sample_map,19,5u09
Docking-44,200,44,10,sample_map,20,5va1
Docking-44,200,44,10,sample_map,21,6cm4
Docking-44,200,44,10,sample_map,30,7ljd
Docking-44,200,44,10,sample_map,33,7ym8
Docking-44,200,44,10,sample_map,34,8e9y
Docking-44,200,44,10,sample_map,36,8fhs
Docking-44,200,45,6,full_map,4,2vt4
Docking-44,200,45,6,full_map,19,5u09
Docking-44,200,45,6,full_map,23,6kux
Docking-44,200,45,6,full_map,36,8fhs
Docking-44,200,45,6,full_map,38,8st0
Docking-44,200,45,6,full_map,40,8xvk
Docking-44,200,45,6,sample_map,0,1m2z
Docking-44,200,45,6,sample_map,16,5cxv
Docking-44,200,45,6,sample_map,17,5i71
Docking-44,200,45,6,sample_map,22,6kpf
Docking-44,200,45,6,sample_map,31,7wc9
Docking-44,200,45,6,sample_map,39,8wty
Docking-44,200,45,8,full_map,4,2vt4
Docking-44,200,45,8,full_map,16,5cxv
Docking-44,200,45,8,full_map,19,5u09
Docking-44,200,45,8,full_map,23,6kux
Docking-44,200,45,8,full_map,34,8e9y
Docking-44,200,45,8,full_map,36,8fhs
Docking-44,200,45,8,full_map,38,8st0
Docking-44,200,45,8,full_map,40,8xvk
Docking-44,200,45,8,sample_map,0,1m2z
Docking-44,200,45,8,sample_map,5,2ydo
Docking-44,200,45,8,sample_map,16,5cxv
Docking-44,200,45,8,sample_map,17,5i71
Docking-44,200,45,8,sample_map,22,6kpf
Docking-44,200,45,8,sample_map,23,6kux
Docking-44,200,45,8,sample_map,31,7wc9
Docking-44,200,45,8,sample_map,39,8wty
Docking-44,200,45,10,full_map,13,4iar
Docking-44,200,45,10,full_map,16,5cxv
Docking-44,200,45,10,full_map,19,5u09
Docking-44,200,45,10,full_map,21,6cm4
Docking-44,200,45,10,full_map,23,6kux
Docking-44,200,45,10,full_map,25,6pdj
Docking-44,200,45,10,full_map,30,7ljd
Docking-44,200,45,10,full_map,36,8fhs
Docking-44,200,45,10,full_map,38,8st0
Docking-44,200,45,10,full_map,40,8xvk
Docking-44,200,45,10,sample_map,5,2ydo
Docking-44,200,45,10,sample_map,6,2z5x
Docking-44,200,45,10,sample_map,15,4n6h
Docking-44,200,45,10,sample_map,16,5cxv
Docking-44,200,45,10,sample_map,17,5i71
Docking-44,200,45,10,sample_map,22,6kpf
Docking-44,200,45,10,sample_map,23,6kux
Docking-44,200,45,10,sample_map,25,6pdj
Docking-44,200,45,10,sample_map,31,7wc9
Docking-44,200,45,10,sample_map,39,8wty
Docking-44,200,46,6,full_map,4,2vt4
Docking-44,200,46,6,full_map,19,5u09
Docking-44,200,46,6,full_map,23,6kux
Docking-44,200,46,6,full_map,36,8fhs
Docking-44,200,46,6,full_map,38,8st0
Docking-44,200,46,6,full_map,40,8xvk
Docking-44,200,46,6,sample_map,4,2vt4
Docking-44,200,46,6,sample_map,22,6kpf
Docking-44,200,46,6,sample_map,36,8fhs
Docking-44,200,46,6,sample_map,38,8st0
Docking-44,200,46,6,sample_map,40,8xvk
Docking-44,200,46,6,sample_map,42,9eo4
Docking-44,200,46,8,full_map,4,2vt4
Docking-44,200,46,8,full_map,16,5cxv
Docking-44,200,46,8,full_map,19,5u09
Docking-44,200,46,8,full_map,23,6kux
Docking-44,200,46,8,full_map,34,8e9y
Docking-44,200,46,8,full_map,36,8fhs
Docking-44,200,46,8,full_map,38,8st0
Docking-44,200,46,8,full_map,40,8xvk
Docking-44,200,46,8,sample_map,4,2vt4
Docking-44,200,46,8,sample_map,22,6kpf
Docking-44,200,46,8,sample_map,25,6pdj
Docking-44,200,46,8,sample_map,34,8e9y
Docking-44,200,46,8,sample_map,36,8fhs
Docking-44,200,46,8,sample_map,38,8st0
Docking-44,200,46,8,sample_map,40,8xvk
Docking-44,200,46,8,sample_map,42,9eo4
Docking-44,200,46,10,full_map,13,4iar
Docking-44,200,46,10,full_map,16,5cxv
Docking-44,200,46,10,full_map,19,5u09
Docking-44,200,46,10,full_map,21,6cm4
Docking-44,200,46,10,full_map,23,6kux
Docking-44,200,46,10,full_map,25,6pdj
Docking-44,200,46,10,full_map,30,7ljd
Docking-44,200,46,10,full_map,36,8fhs
Docking-44,200,46,10,full_map,38,8st0
Docking-44,200,46,10,full_map,40,8xvk
Docking-44,200,46,10,sample_map,4,2vt4
Docking-44,200,46,10,sample_map,21,6cm4
Docking-44,200,46,10,sample_map,22,6kpf
Docking-44,200,46,10,sample_map,25,6pdj
Docking-44,200,46,10,sample_map,33,7ym8
Docking-44,200,46,10,sample_map,34,8e9y
Docking-44,200,46,10,sample_map,36,8fhs
Docking-44,200,46,10,sample_map,38,8st0
Docking-44,200,46,10,sample_map,40,8xvk
Docking-44,200,46,10,sample_map,42,9eo4
Docking-44,200,47,6,full_map,4,2vt4
Docking-44,200,47,6,full_map,19,5u09
Docking-44,200,47,6,full_map,23,6kux
Docking-44,200,47,6,full_map,36,8fhs
Docking-44,200,47,6,full_map,38,8st0
Docking-44,200,47,6,full_map,40,8xvk
Docking-44,200,47,6,sample_map,13,4iar
Docking-44,200,47,6,sample_map,16,5cxv
Docking-44,200,47,6,sample_map,31,7wc9
Docking-44,200,47,6,sample_map,34,8e9y
Docking-44,200,47,6,sample_map,36,8fhs
Docking-44,200,47,6,sample_map,38,8st0
Docking-44,200,47,8,full_map,4,2vt4
Docking-44,200,47,8,full_map,16,5cxv
Docking-44,200,47,8,full_map,19,5u09
Docking-44,200,47,8,full_map,23,6kux
Docking-44,200,47,8,full_map,34,8e9y
Docking-44,200,47,8,full_map,36,8fhs
Docking-44,200,47,8,full_map,38,8st0
Docking-44,200,47,8,full_map,40,8xvk
Docking-44,200,47,8,sample_map,13,4iar
Docking-44,200,47,8,sample_map,16,5cxv
Docking-44,200,47,8,sample_map,19,5u09
Docking-44,200,47,8,sample_map,21,6cm4
Docking-44,200,47,8,sample_map,31,7wc9
Docking-44,200,47,8,sample_map,34,8e9y
Docking-44,200,47,8,sample_map,36,8fhs
Docking-44,200,47,8,sample_map,38,8st0
Docking-44,200,47,10,full_map,13,4iar
Docking-44,200,47,10,full_map,16,5cxv
Docking-44,200,47,10,full_map,19,5u09
Docking-44,200,47,10,full_map,21,6cm4
Docking-44,200,47,10,full_map,23,6kux
Docking-44,200,47,10,full_map,25,6pdj
Docking-44,200,47,10,full_map,30,7ljd
Docking-44,200,47,10,full_map,36,8fhs
Docking-44,200,47,10,full_map,38,8st0
Docking-44,200,47,10,full_map,40,8xvk
Docking-44,200,47,10,sample_map,13,4iar
Docking-44,200,47,10,sample_map,16,5cxv
Docking-44,200,47,10,sample_map,19,5u09
Docking-44,200,47,10,sample_map,20,5va1
Docking-44,200,47,10,sample_map,21,6cm4
Docking-44,200,47,10,sample_map,25,6pdj
Docking-44,200,47,10,sample_map,31,7wc9
Docking-44,200,47,10,sample_map,34,8e9y
Docking-44,200,47,10,sample_map,36,8fhs
Docking-44,200,47,10,sample_map,38,8st0
Docking-44,200,48,6,full_map,4,2vt4
Docking-44,200,48,6,full_map,19,5u09
Docking-44,200,48,6,full_map,23,6kux
Docking-44,200,48,6,full_map,36,8fhs
Docking-44,200,48,6,full_map,38,8st0
Docking-44,200,48,6,full_map,40,8xvk
Docking-44,200,48,6,sample_map,13,4iar
Docking-44,200,48,6,sample_map,16,5cxv
Docking-44,200,48,6,sample_map,17,5i71
Docking-44,200,48,6,sample_map,19,5u09
Docking-44,200,48,6,sample_map,20,5va1
Docking-44,200,48,6,sample_map,21,6cm4
Docking-44,200,48,8,full_map,4,2vt4
Docking-44,200,48,8,full_map,16,5cxv
Docking-44,200,48,8,full_map,19,5u09
Docking-44,200,48,8,full_map,23,6kux
Docking-44,200,48,8,full_map,34,8e9y
Docking-44,200,48,8,full_map,36,8fhs
Docking-44,200,48,8,full_map,38,8st0
Docking-44,200,48,8,full_map,40,8xvk
Docking-44,200,48,8,sample_map,13,4iar
Docking-44,200,48,8,sample_map,15,4n6h
Docking-44,200,48,8,sample_map,16,5cxv
Docking-44,200,48,8,sample_map,17,5i71
Docking-44,200,48,8,sample_map,19,5u09
Docking-44,200,48,8,sample_map,20,5va1
Docking-44,200,48,8,sample_map,21,6cm4
Docking-44,200,48,8,sample_map,22,6kpf
Docking-44,200,48,10,full_map,13,4iar
Docking-44,200,48,10,full_map,16,5cxv
Docking-44,200,48,10,full_map,19,5u09
Docking-44,200,48,10,full_map,21,6cm4
Docking-44,200,48,10,full_map,23,6kux
Docking-44,200,48,10,full_map,25,6pdj
Docking-44,200,48,10,full_map,30,7ljd
Docking-44,200,48,10,full_map,36,8fhs
Docking-44,200,48,10,full_map,38,8st0
Docking-44,200,48,10,full_map,40,8xvk
Docking-44,200,48,10,sample_map,0,1m2z
Docking-44,200,48,10,sample_map,13,4iar
Docking-44,200,48,10,sample_map,15,4n6h
Docking-44,200,48,10,sample_map,16,5cxv
Docking-44,200,48,10,sample_map,17,5i71
Docking-44,200,48,10,sample_map,19,5u09
Docking-44,200,48,10,sample_map,20,5va1
Docking-44,200,48,10,sample_map,21,6cm4
Docking-44,200,48,10,sample_map,22,6kpf
Docking-44,200,48,10,sample_map,42,9eo4
Docking-44,200,49,6,full_map,4,2vt4
Docking-44,200,49,6,full_map,19,5u09
Docking-44,200,49,6,full_map,23,6kux
Docking-44,200,49,6,full_map,36,8fhs
Docking-44,200,49,6,full_map,38,8st0
Docking-44,200,49,6,full_map,40,8xvk
Docking-44,200,49,6,sample_map,13,4iar
Docking-44,200,49,6,sample_map,18,5tvn
Docking-44,200,49,6,sample_map,20,5va1
Docking-44,200,49,6,sample_map,22,6kpf
Docking-44,200,49,6,sample_map,26,6x3x
Docking-44,200,49,6,sample_map,36,8fhs
Docking-44,200,49,8,full_map,4,2vt4
Docking-44,200,49,8,full_map,16,5cxv
Docking-44,200,49,8,full_map,19,5u09
Docking-44,200,49,8,full_map,23,6kux
Docking-44,200,49,8,full_map,34,8e9y
Docking-44,200,49,8,full_map,36,8fhs
Docking-44,200,49,8,full_map,38,8st0
Docking-44,200,49,8,full_map,40,8xvk
Docking-44,200,49,8,sample_map,13,4iar
Docking-44,200,49,8,sample_map,16,5cxv
Docking-44,200,49,8,sample_map,18,5tvn
Docking-44,200,49,8,sample_map,20,5va1
Docking-44,200,49,8,sample_map,22,6kpf
Docking-44,200,49,8,sample_map,25,6pdj
Docking-44,200,49,8,sample_map,36,8fhs
Docking-44,200,49,8,sample_map,43,V1A
Docking-44,200,49,10,full_map,13,4iar
Docking-44,200,49,10,full_map,16,5cxv
Docking-44,200,49,10,full_map,19,5u09
Docking-44,200,49,10,full_map,21,6cm4
Docking-44,200,49,10,full_map,23,6kux
Docking-44,200,49,10,full_map,25,6pdj
Docking-44,200,49,10,full_map,30,7ljd
Docking-44,200,49,10,full_map,36,8fhs
Docking-44,200,49,10,full_map,38,8st0
Docking-44,200,49,10,full_map,40,8xvk
Docking-44,200,49,10,sample_map,13,4iar
Docking-44,200,49,10,sample_map,16,5cxv
Docking-44,200,49,10,sample_map,18,5tvn
Docking-44,200,49,10,sample_map,20,5va1
Docking-44,200,49,10,sample_map,22,6kpf
Docking-44,200,49,10,sample_map,25,6pdj
Docking-44,200,49,10,sample_map,27,6y1z
Docking-44,200,49,10,sample_map,36,8fhs
Docking-44,200,49,10,sample_map,42,9eo4
Docking-44,200,49,10,sample_map,43,V1A
Docking-44,200,50,6,full_map,4,2vt4
Docking-44,200,50,6,full_map,19,5u09
Docking-44,200,50,6,full_map,23,6kux
Docking-44,200,50,6,full_map,36,8fhs
Docking-44,200,50,6,full_map,38,8st0
Docking-44,200,50,6,full_map,40,8xvk
Docking-44,200,50,6,sample_map,18,5tvn
Docking-44,200,50,6,sample_map,28,7f8y
Docking-44,200,50,6,sample_map,34,8e9y
Docking-44,200,50,6,sample_map,36,8fhs
Docking-44,200,50,6,sample_map,40,8xvk
Docking-44,200,50,6,sample_map,42,9eo4
Docking-44,200,50,8,full_map,4,2vt4
Docking-44,200,50,8,full_map,16,5cxv
Docking-44,200,50,8,full_map,19,5u09
Docking-44,200,50,8,full_map,23,6kux
Docking-44,200,50,8,full_map,34,8e9y
Docking-44,200,50,8,full_map,36,8fhs
Docking-44,200,50,8,full_map,38,8st0
Docking-44,200,50,8,full_map,40,8xvk
Docking-44,200,50,8,sample_map,5,2ydo
Docking-44,200,50,8,sample_map,18,5tvn
Docking-44,200,50,8,sample_map,21,6cm4
Docking-44,200,50,8,sample_map,28,7f8y
Docking-44,200,50,8,sample_map,34,8e9y
Docking-44,200,50,8,sample_map,36,8fhs
Docking-44,200,50,8,sample_map,40,8xvk
Docking-44,200,50,8,sample_map,42,9eo4
Docking-44,200,50,10,full_map,13,4iar
Docking-44,200,50,10,full_map,16,5cxv
Docking-44,200,50,10,full_map,19,5u09
Docking-44,200,50,10,full_map,21,6cm4
Docking-44,200,50,10,full_map,23,6kux
Docking-44,200,50,10,full_map,25,6pdj
Docking-44,200,50,10,full_map,30,7ljd
Docking-44,200,50,10,full_map,36,8fhs
Docking-44,200,50,10,full_map,38,8st0
Docking-44,200,50,10,full_map,40,8xvk
Docking-44,200,50,10,sample_map,5,2ydo
Docking-44,200,50,10,sample_map,6,2z5x
Docking-44,200,50,10,sample_map,16,5cxv
Docking-44,200,50,10,sample_map,18,5tvn
Docking-44,200,50,10,sample_map,21,6cm4
Docking-44,200,50,10,sample_map,23,6kux
Docking-44,200,50,10,sample_map,28,7f8y
Docking-44,200,50,10,sample_map,34,8e9y
Docking-44,200,50,10,sample_map,36,8fhs
Docking-44,200,50,10,sample_map,40,8xvk
Docking-44,200,51,6,full_map,4,2vt4
Docking-44,200,51,6,full_map,19,5u09
Docking-44,200,51,6,full_map,23,6kux
Docking-44,200,51,6,full_map,36,8fhs
Docking-44,200,51,6,full_map,38,8st0
Docking-44,200,51,6,full_map,40,8xvk
Docking-44,200,51,6,sample_map,4,2vt4
Docking-44,200,51,6,sample_map,13,4iar
Docking-44,200,51,6,sample_map,20,5va1
Docking-44,200,51,6,sample_map,27,6y1z
Docking-44,200,51,6,sample_map,36,8fhs
Docking-44,200,51,6,sample_map,41,8yn3
Docking-44,200,51,8,full_map,4,2vt4
Docking-44,200,51,8,full_map,16,5cxv
Docking-44,200,51,8,full_map,19,5u09
Docking-44,200,51,8,full_map,23,6kux
Docking-44,200,51,8,full_map,34,8e9y
Docking-44,200,51,8,full_map,36,8fhs
Docking-44,200,51,8,full_map,38,8st0
Docking-44,200,51,8,full_map,40,8xvk
Docking-44,200,51,8,sample_map,4,2vt4
Docking-44,200,51,8,sample_map,13,4iar
Docking-44,200,51,8,sample_map,16,5cxv
Docking-44,200,51,8,sample_map,19,5u09
Docking-44,200,51,8,sample_map,20,5va1
Docking-44,200,51,8,sample_map,36,8fhs
Docking-44,200,51,8,sample_map,38,8st0
Docking-44,200,51,8,sample_map,41,8yn3
Docking-44,200,51,10,full_map,13,4iar
Docking-44,200,51,10,full_map,16,5cxv
Docking-44,200,51,10,full_map,19,5u09
Docking-44,200,51,10,full_map,21,6cm4
Docking-44,200,51,10,full_map,23,6kux
Docking-44,200,51,10,full_map,25,6pdj
Docking-44,200,51,10,full_map,30,7ljd
Docking-44,200,51,10,full_map,36,8fhs
Docking-44,200,51,10,full_map,38,8st0
Docking-44,200,51,10,full_map,40,8xvk
Docking-44,200,51,10,sample_map,4,2vt4
Docking-44,200,51,10,sample_map,13,4iar
Docking-44,200,51,10,sample_map,16,5cxv
Docking-44,200,51,10,sample_map,19,5u09
Docking-44,200,51,10,sample_map,20,5va1
Docking-44,200,51,10,sample_map,23,6kux
Docking-44,200,51,10,sample_map,36,8fhs
Docking-44,200,51,10,sample_map,38,8st0
Docking-44,200,51,10,sample_map,41,8yn3
Docking-44,200,51,10,sample_map,42,9eo4
Docking-44,200,52,6,full_map,4,2vt4
Docking-44,200,52,6,full_map,19,5u09
Docking-44,200,52,6,full_map,23,6kux
Docking-44,200,52,6,full_map,36,8fhs
Docking-44,200,52,6,full_map,38,8st0
Docking-44,200,52,6,full_map,40,8xvk
Docking-44,200,52,6,sample_map,4,2vt4
Docking-44,200,52,6,sample_map,17,5i71
Docking-44,200,52,6,sample_map,20,5va1
Docking-44,200,52,6,sample_map,34,8e9y
Docking-44,200,52,6,sample_map,42,9eo4
Docking-44,200,52,6,sample_map,43,V1A
Docking-44,200,52,8,full_map,4,2vt4
Docking-44,200,52,8,full_map,16,5cxv
Docking-44,200,52,8,full_map,19,5u09
Docking-44,200,52,8,full_map,23,6kux
Docking-44,200,52,8,full_map,34,8e9y
Docking-44,200,52,8,full_map,36,8fhs
Docking-44,200,52,8,full_map,38,8st0
Docking-44,200,52,8,full_map,40,8xvk
Docking-44,200,52,8,sample_map,4,2vt4
Docking-44,200,52,8,sample_map,17,5i71
Docking-44,200,52,8,sample_map,20,5va1
Docking-44,200,52,8,sample_map,23,6kux
Docking-44,200,52,8,sample_map,30,7ljd
Docking-44,200,52,8,sample_map,34,8e9y
Docking-44,200,52,8,sample_map,42,9eo4
Docking-44,200,52,8,sample_map,43,V1A
Docking-44,200,52,10,full_map,13,4iar
Docking-44,200,52,10,full_map,16,5cxv
Docking-44,200,52,10,full_map,19,5u09
Docking-44,200,52,10,full_map,21,6cm4
Docking-44,200,52,10,full_map,23,6kux
Docking-44,200,52,10,full_map,25,6pdj
Docking-44,200,52,10,full_map,30,7ljd
Docking-44,200,52,10,full_map,36,8fhs
Docking-44,200,52,10,full_map,38,8st0
Docking-44,200,52,10,full_map,40,8xvk
Docking-44,200,52,10,sample_map,4,2vt4
Docking-44,200,52,10,sample_map,5,2ydo
Docking-44,200,52,10,sample_map,16,5cxv
Docking-44,200,52,10,sample_map,17,5i71
Docking-44,200,52,10,sample_map,20,5va1
Docking-44,200,52,10,sample_map,23,6kux
Docking-44,200,52,10,sample_map,30,7ljd
Docking-44,200,52,10,sample_map,34,8e9y
Docking-44,200,52,10,sample_map,42,9eo4
Docking-44,200,52,10,sample_map,43,V1A
Docking-44,200,53,6,full_map,4,2vt4
Docking-44,200,53,6,full_map,19,5u09
Docking-44,200,53,6,full_map,23,6kux
Docking-44,200,53,6,full_map,36,8fhs
Docking-44,200,53,6,full_map,38,8st0
Docking-44,200,53,6,full_map,40,8xvk
Docking-44,200,53,6,sample_map,4,2vt4
Docking-44,200,53,6,sample_map,16,5cxv
Docking-44,200,53,6,sample_map,20,5va1
Docking-44,200,53,6,sample_map,34,8e9y
Docking-44,200,53,6,sample_map,35,8ef6
Docking-44,200,53,6,sample_map,38,8st0
Docking-44,200,53,8,full_map,4,2vt4
Docking-44,200,53,8,full_map,16,5cxv
Docking-44,200,53,8,full_map,19,5u09
Docking-44,200,53,8,full_map,23,6kux
Docking-44,200,53,8,full_map,34,8e9y
Docking-44,200,53,8,full_map,36,8fhs
Docking-44,200,53,8,full_map,38,8st0
Docking-44,200,53,8,full_map,40,8xvk
Docking-44,200,53,8,sample_map,4,2vt4
Docking-44,200,53,8,sample_map,16,5cxv
Docking-44,200,53,8,sample_map,20,5va1
Docking-44,200,53,8,sample_map,22,6kpf
Docking-44,200,53,8,sample_map,23,6kux
Docking-44,200,53,8,sample_map,34,8e9y
Docking-44,200,53,8,sample_map,35,8ef6
Docking-44,200,53,8,sample_map,38,8st0
Docking-44,200,53,10,full_map,13,4iar
Docking-44,200,53,10,full_map,16,5cxv
Docking-44,200,53,10,full_map,19,5u09
Docking-44,200,53,10,full_map,21,6cm4
Docking-44,200,53,10,full_map,23,6kux
Docking-44,200,53,10,full_map,25,6pdj
Docking-44,200,53,10,full_map,30,7ljd
Docking-44,200,53,10,full_map,36,8fhs
Docking-44,200,53,10,full_map,38,8st0
Docking-44,200,53,10,full_map,40,8xvk
Docking-44,200,53,10,sample_map,4,2vt4
Docking-44,200,53,10,sample_map,5,2ydo
Docking-44,200,53,10,sample_map,16,5cxv
Docking-44,200,53,10,sample_map,20,5va1
Docking-44,200,53,10,sample_map,22,6kpf
Docking-44,200,53,10,sample_map,23,6kux
Docking-44,200,53,10,sample_map,30,7ljd
Docking-44,200,53,10,sample_map,34,8e9y
Docking-44,200,53,10,sample_map,35,8ef6
Docking-44,200,53,10,sample_map,38,8st0
Docking-44,200,54,6,full_map,4,2vt4
Docking-44,200,54,6,full_map,19,5u09
Docking-44,200,54,6,full_map,23,6kux
Docking-44,200,54,6,full_map,36,8fhs
Docking-44,200,54,6,full_map,38,8st0
Docking-44,200,54,6,full_map,40,8xvk
Docking-44,200,54,6,sample_map,13,4iar
Docking-44,200,54,6,sample_map,20,5va1
Docking-44,200,54,6,sample_map,23,6kux
Docking-44,200,54,6,sample_map,27,6y1z
Docking-44,200,54,6,sample_map,31,7wc9
Docking-44,200,54,6,sample_map,38,8st0
Docking-44,200,54,8,full_map,4,2vt4
Docking-44,200,54,8,full_map,16,5cxv
Docking-44,200,54,8,full_map,19,5u09
Docking-44,200,54,8,full_map,23,6kux
Docking-44,200,54,8,full_map,34,8e9y
Docking-44,200,54,8,full_map,36,8fhs
Docking-44,200,54,8,full_map,38,8st0
Docking-44,200,54,8,full_map,40,8xvk
Docking-44,200,54,8,sample_map,13,4iar
Docking-44,200,54,8,sample_map,16,5cxv
Docking-44,200,54,8,sample_map,20,5va1
Docking-44,200,54,8,sample_map,23,6kux
Docking-44,200,54,8,sample_map,27,6y1z
Docking-44,200,54,8,sample_map,31,7wc9
Docking-44,200,54,8,sample_map,33,7ym8
Docking-44,200,54,8,sample_map,38,8st0
Docking-44,200,54,10,full_map,13,4iar
Docking-44,200,54,10,full_map,16,5cxv
Docking-44,200,54,10,full_map,19,5u09
Docking-44,200,54,10,full_map,21,6cm4
Docking-44,200,54,10,full_map,23,6kux
Docking-44,200,54,10,full_map,25,6pdj
Docking-44,200,54,10,full_map,30,7ljd
Docking-44,200,54,10,full_map,36,8fhs
Docking-44,200,54,10,full_map,38,8st0
Docking-44,200,54,10,full_map,40,8xvk
Docking-44,200,54,10,sample_map,13,4iar
Docking-44,200,54,10,sample_map,16,5cxv
Docking-44,200,54,10,sample_map,20,5va1
Docking-44,200,54,10,sample_map,23,6kux
Docking-44,200,54,10,sample_map,25,6pdj
Docking-44,200,54,10,sample_map,27,6y1z
Docking-44,200,54,10,sample_map,31,7wc9
Docking-44,200,54,10,sample_map,33,7ym8
Docking-44,200,54,10,sample_map,36,8fhs
Docking-44,200,54,10,sample_map,38,8st0
Docking-44,200,55,6,full_map,4,2vt4
Docking-44,200,55,6,full_map,19,5u09
Docking-44,200,55,6,full_map,23,6kux
Docking-44,200,55,6,full_map,36,8fhs
Docking-44,200,55,6,full_map,38,8st0
Docking-44,200,55,6,full_map,40,8xvk
Docking-44,200,55,6,sample_map,6,2z5x
Docking-44,200,55,6,sample_map,13,4iar
Docking-44,200,55,6,sample_map,16,5cxv
Docking-44,200,55,6,sample_map,17,5i71
Docking-44,200,55,6,sample_map,20,5va1
Docking-44,200,55,6,sample_map,30,7ljd
Docking-44,200,55,8,full_map,4,2vt4
Docking-44,200,55,8,full_map,16,5cxv
Docking-44,200,55,8,full_map,19,5u09
Docking-44,200,55,8,full_map,23,6kux
Docking-44,200,55,8,full_map,34,8e9y
Docking-44,200,55,8,full_map,36,8fhs
Docking-44,200,55,8,full_map,38,8st0
Docking-44,200,55,8,full_map,40,8xvk
Docking-44,200,55,8,sample_map,6,2z5x
Docking-44,200,55,8,sample_map,13,4iar
Docking-44,200,55,8,sample_map,16,5cxv
Docking-44,200,55,8,sample_map,17,5i71
Docking-44,200,55,8,sample_map,20,5va1
Docking-44,200,55,8,sample_map,21,6cm4
Docking-44,200,55,8,sample_map,30,7ljd
Docking-44,200,55,8,sample_map,32,7xnk
Docking-44,200,55,10,full_map,13,4iar
Docking-44,200,55,10,full_map,16,5cxv
Docking-44,200,55,10,full_map,19,5u09
Docking-44,200,55,10,full_map,21,6cm4
Docking-44,200,55,10,full_map,23,6kux
Docking-44,200,55,10,full_map,25,6pdj
Docking-44,200,55,10,full_map,30,7ljd
Docking-44,200,55,10,full_map,36,8fhs
Docking-44,200,55,10,full_map,38,8st0
Docking-44,200,55,10,full_map,40,8xvk
Docking-44,200,55,10,sample_map,6,2z5x
Docking-44,200,55,10,sample_map,9,3ln1
Docking-44,200,55,10,sample_map,13,4iar
Docking-44,200,55,10,sample_map,16,5cxv
Docking-44,200,55,10,sample_map,17,5i71
Docking-44,200,55,10,sample_map,20,5va1
Docking-44,200,55,10,sample_map,21,6cm4
Docking-44,200,55,10,sample_map,23,6kux
Docking-44,200,55,10,sample_map,30,7ljd
Docking-44,200,55,10,sample_map,32,7xnk
Docking-44,200,56,6,full_map,4,2vt4
Docking-44,200,56,6,full_map,19,5u09
Docking-44,200,56,6,full_map,23,6kux
Docking-44,200,56,6,full_map,36,8fhs
Docking-44,200,56,6,full_map,38,8st0
Docking-44,200,56,6,full_map,40,8xvk
Docking-44,200,56,6,sample_map,13,4iar
Docking-44,200,56,6,sample_map,22,6kpf
Docking-44,200,56,6,sample_map,23,6kux
Docking-44,200,56,6,sample_map,31,7wc9
Docking-44,200,56,6,sample_map,36,8fhs
Docking-44,200,56,6,sample_map,38,8st0
Docking-44,200,56,8,full_map,4,2vt4
Docking-44,200,56,8,full_map,16,5cxv
Docking-44,200,56,8,full_map,19,5u09
Docking-44,200,56,8,full_map,23,6kux
Docking-44,200,56,8,full_map,34,8e9y
Docking-44,200,56,8,full_map,36,8fhs
Docking-44,200,56,8,full_map,38,8st0
Docking-44,200,56,8,full_map,40,8xvk
Docking-44,200,56,8,sample_map,6,2z5x
Docking-44,200,56,8,sample_map,13,4iar
Docking-44,200,56,8,sample_map,22,6kpf
Docking-44,200,56,8,sample_map,23,6kux
Docking-44,200,56,8,sample_map,31,7wc9
Docking-44,200,56,8,sample_map,36,8fhs
Docking-44,200,56,8,sample_map,38,8st0
Docking-44,200,56,8,sample_map,42,9eo4
Docking-44,200,56,10,full_map,13,4iar
Docking-44,200,56,10,full_map,16,5cxv
Docking-44,200,56,10,full_map,19,5u09
Docking-44,200,56,10,full_map,21,6cm4
Docking-44,200,56,10,full_map,23,6kux
Docking-44,200,56,10,full_map,25,6pdj
Docking-44,200,56,10,full_map,30,7ljd
Docking-44,200,56,10,full_map,36,8fhs
Docking-44,200,56,10,full_map,38,8st0
Docking-44,200,56,10,full_map,40,8xvk
Docking-44,200,56,10,sample_map,6,2z5x
Docking-44,200,56,10,sample_map,13,4iar
Docking-44,200,56,10,sample_map,16,5cxv
Docking-44,200,56,10,sample_map,20,5va1
Docking-44,200,56,10,sample_map,21,6cm4
Docking-44,200,56,10,sample_map,22,6kpf
Docking-44,200,56,10,sample_map,23,6kux
Docking-44,200,56,10,sample_map,36,8fhs
Docking-44,200,56,10,sample_map,38,8st0
Docking-44,200,56,10,sample_map,42,9eo4
Docking-44,200,57,6,full_map,4,2vt4
Docking-44,200,57,6,full_map,19,5u09
Docking-44,200,57,6,full_map,23,6kux
Docking-44,200,57,6,full_map,36,8fhs
Docking-44,200,57,6,full_map,38,8st0
Docking-44,200,57,6,full_map,40,8xvk
Docking-44,200,57,6,sample_map,4,2vt4
Docking-44,200,57,6,sample_map,7,3b66
Docking-44,200,57,6,sample_map,19,5u09
Docking-44,200,57,6,sample_map,20,5va1
Docking-44,200,57,6,sample_map,36,8fhs
Docking-44,200,57,6,sample_map,39,8wty
Docking-44,200,57,8,full_map,4,2vt4
Docking-44,200,57,8,full_map,16,5cxv
Docking-44,200,57,8,full_map,19,5u09
Docking-44,200,57,8,full_map,23,6kux
Docking-44,200,57,8,full_map,34,8e9y
Docking-44,200,57,8,full_map,36,8fhs
Docking-44,200,57,8,full_map,38,8st0
Docking-44,200,57,8,full_map,40,8xvk
Docking-44,200,57,8,sample_map,4,2vt4
Docking-44,200,57,8,sample_map,6,2z5x
Docking-44,200,57,8,sample_map,7,3b66
Docking-44,200,57,8,sample_map,19,5u09
Docking-44,200,57,8,sample_map,20,5va1
Docking-44,200,57,8,sample_map,25,6pdj
Docking-44,200,57,8,sample_map,36,8fhs
Docking-44,200,57,8,sample_map,39,8wty
Docking-44,200,57,10,full_map,13,4iar
Docking-44,200,57,10,full_map,16,5cxv
Docking-44,200,57,10,full_map,19,5u09
Docking-44,200,57,10,full_map,21,6cm4
Docking-44,200,57,10,full_map,23,6kux
Docking-44,200,57,10,full_map,25,6pdj
Docking-44,200,57,10,full_map,30,7ljd
Docking-44,200,57,10,full_map,36,8fhs
Docking-44,200,57,10,full_map,38,8st0
Docking-44,200,57,10,full_map,40,8xvk
Docking-44,200,57,10,sample_map,0,1m2z
Docking-44,200,57,10,sample_map,6,2z5x
Docking-44,200,57,10,sample_map,17,5i71
Docking-44,200,57,10,sample_map,19,5u09
Docking-44,200,57,10,sample_map,20,5va1
Docking-44,200,57,10,sample_map,21,6cm4
Docking-44,200,57,10,sample_map,22,6kpf
Docking-44,200,57,10,sample_map,25,6pdj
Docking-44,200,57,10,sample_map,36,8fhs
Docking-44,200,57,10,sample_map,39,8wty
Docking-44,200,58,6,full_map,4,2vt4
Docking-44,200,58,6,full_map,19,5u09
Docking-44,200,58,6,full_map,23,6kux
Docking-44,200,58,6,full_map,36,8fhs
Docking-44,200,58,6,full_map,38,8st0
Docking-44,200,58,6,full_map,40,8xvk
Docking-44,200,58,6,sample_map,13,4iar
Docking-44,200,58,6,sample_map,14,4mqs
Docking-44,200,58,6,sample_map,16,5cxv
Docking-44,200,58,6,sample_map,23,6kux
Docking-44,200,58,6,sample_map,31,7wc9
Docking-44,200,58,6,sample_map,36,8fhs
Docking-44,200,58,8,full_map,4,2vt4
Docking-44,200,58,8,full_map,16,5cxv
Docking-44,200,58,8,full_map,19,5u09
Docking-44,200,58,8,full_map,23,6kux
Docking-44,200,58,8,full_map,34,8e9y
Docking-44,200,58,8,full_map,36,8fhs
Docking-44,200,58,8,full_map,38,8st0
Docking-44,200,58,8,full_map,40,8xvk
Docking-44,200,58,8,sample_map,13,4iar
Docking-44,200,58,8,sample_map,16,5cxv
Docking-44,200,58,8,sample_map,20,5va1
Docking-44,200,58,8,sample_map,21,6cm4
Docking-44,200,58,8,sample_map,23,6kux
Docking-44,200,58,8,sample_map,25,6pdj
Docking-44,200,58,8,sample_map,36,8fhs
Docking-44,200,58,8,sample_map,38,8st0
Docking-44,200,58,10,full_map,13,4iar
Docking-44,200,58,10,full_map,16,5cxv
Docking-44,200,58,10,full_map,19,5u09
Docking-44,200,58,10,full_map,21,6cm4
Docking-44,200,58,10,full_map,23,6kux
Docking-44,200,58,10,full_map,25,6pdj
Docking-44,200,58,10,full_map,30,7ljd
Docking-44,200,58,10,full_map,36,8fhs
Docking-44,200,58,10,full_map,38,8st0
Docking-44,200,58,10,full_map,40,8xvk
Docking-44,200,58,10,sample_map,13,4iar
Docking-44,200,58,10,sample_map,16,5cxv
Docking-44,200,58,10,sample_map,20,5va1
Docking-44,200,58,10,sample_map,21,6cm4
Docking-44,200,58,10,sample_map,23,6kux
Docking-44,200,58,10,sample_map,25,6pdj
Docking-44,200,58,10,sample_map,26,6x3x
Docking-44,200,58,10,sample_map,30,7ljd
Docking-44,200,58,10,sample_map,36,8fhs
Docking-44,200,58,10,sample_map,38,8st0
Docking-44,200,59,6,full_map,4,2vt4
Docking-44,200,59,6,full_map,19,5u09
Docking-44,200,59,6,full_map,23,6kux
Docking-44,200,59,6,full_map,36,8fhs
Docking-44,200,59,6,full_map,38,8st0
Docking-44,200,59,6,full_map,40,8xvk
Docking-44,200,59,6,sample_map,14,4mqs
Docking-44,200,59,6,sample_map,22,6kpf
Docking-44,200,59,6,sample_map,34,8e9y
Docking-44,200,59,6,sample_map,36,8fhs
Docking-44,200,59,6,sample_map,40,8xvk
Docking-44,200,59,6,sample_map,42,9eo4
Docking-44,200,59,8,full_map,4,2vt4
Docking-44,200,59,8,full_map,16,5cxv
Docking-44,200,59,8,full_map,19,5u09
Docking-44,200,59,8,full_map,23,6kux
Docking-44,200,59,8,full_map,34,8e9y
Docking-44,200,59,8,full_map,36,8fhs
Docking-44,200,59,8,full_map,38,8st0
Docking-44,200,59,8,full_map,40,8xvk
Docking-44,200,59,8,sample_map,14,4mqs
Docking-44,200,59,8,sample_map,16,5cxv
Docking-44,200,59,8,sample_map,22,6kpf
Docking-44,200,59,8,sample_map,23,6kux
Docking-44,200,59,8,sample_map,34,8e9y
Docking-44,200,59,8,sample_map,36,8fhs
Docking-44,200,59,8,sample_map,40,8xvk
Docking-44,200,59,8,sample_map,42,9eo4
Docking-44,200,59,10,full_map,13,4iar
Docking-44,200,59,10,full_map,16,5cxv
Docking-44,200,59,10,full_map,19,5u09
Docking-44,200,59,10,full_map,21,6cm4
Docking-44,200,59,10,full_map,23,6kux
Docking-44,200,59,10,full_map,25,6pdj
Docking-44,200,59,10,full_map,30,7ljd
Docking-44,200,59,10,full_map,36,8fhs
Docking-44,200,59,10,full_map,38,8st0
Docking-44,200,59,10,full_map,40,8xvk
Docking-44,200,59,10,sample_map,0,1m2z
Docking-44,200,59,10,sample_map,14,4mqs
Docking-44,200,59,10,sample_map,16,5cxv
Docking-44,200,59,10,sample_map,22,6kpf
Docking-44,200,59,10,sample_map,23,6kux
Docking-44,200,59,10,sample_map,27,6y1z
Docking-44,200,59,10,sample_map,34,8e9y
Docking-44,200,59,10,sample_map,36,8fhs
Docking-44,200,59,10,sample_map,40,8xvk
Docking-44,200,59,10,sample_map,42,9eo4
Docking-44,200,60,6,full_map,4,2vt4
Docking-44,200,60,6,full_map,19,5u09
Docking-44,200,60,6,full_map,23,6kux
Docking-44,200,60,6,full_map,36,8fhs
Docking-44,200,60,6,full_map,38,8st0
Docking-44,200,60,6,full_map,40,8xvk
Docking-44,200,60,6,sample_map,4,2vt4
Docking-44,200,60,6,sample_map,20,5va1
Docking-44,200,60,6,sample_map,25,6pdj
Docking-44,200,60,6,sample_map,30,7ljd
Docking-44,200,60,6,sample_map,36,8fhs
Docking-44,200,60,6,sample_map,38,8st0
Docking-44,200,60,8,full_map,4,2vt4
Docking-44,200,60,8,full_map,16,5cxv
Docking-44,200,60,8,full_map,19,5u09
Docking-44,200,60,8,full_map,23,6kux
Docking-44,200,60,8,full_map,34,8e9y
Docking-44,200,60,8,full_map,36,8fhs
Docking-44,200,60,8,full_map,38,8st0
Docking-44,200,60,8,full_map,40,8xvk
Docking-44,200,60,8,sample_map,4,2vt4
Docking-44,200,60,8,sample_map,16,5cxv
Docking-44,200,60,8,sample_map,20,5va1
Docking-44,200,60,8,sample_map,22,6kpf
Docking-44,200,60,8,sample_map,25,6pdj
Docking-44,200,60,8,sample_map,30,7ljd
Docking-44,200,60,8,sample_map,36,8fhs
Docking-44,200,60,8,sample_map,38,8st0
Docking-44,200,60,10,full_map,13,4iar
Docking-44,200,60,10,full_map,16,5cxv
Docking-44,200,60,10,full_map,19,5u09
Docking-44,200,60,10,full_map,21,6cm4
Docking-44,200,60,10,full_map,23,6kux
Docking-44,200,60,10,full_map,25,6pdj
Docking-44,200,60,10,full_map,30,7ljd
Docking-44,200,60,10,full_map,36,8fhs
Docking-44,200,60,10,full_map,38,8st0
Docking-44,200,60,10,full_map,40,8xvk
Docking-44,200,60,10,sample_map,4,2vt4
Docking-44,200,60,10,sample_map,16,5cxv
Docking-44,200,60,10,sample_map,20,5va1
Docking-44,200,60,10,sample_map,21,6cm4
Docking-44,200,60,10,sample_map,22,6kpf
Docking-44,200,60,10,sample_map,23,6kux
Docking-44,200,60,10,sample_map,25,6pdj
Docking-44,200,60,10,sample_map,30,7ljd
Docking-44,200,60,10,sample_map,36,8fhs
Docking-44,200,60,10,sample_map,38,8st0
Docking-44,200,61,6,full_map,4,2vt4
Docking-44,200,61,6,full_map,19,5u09
Docking-44,200,61,6,full_map,23,6kux
Docking-44,200,61,6,full_map,36,8fhs
Docking-44,200,61,6,full_map,38,8st0
Docking-44,200,61,6,full_map,40,8xvk
Docking-44,200,61,6,sample_map,33,7ym8
Docking-44,200,61,6,sample_map,36,8fhs
Docking-44,200,61,6,sample_map,37,8pjk
Docking-44,200,61,6,sample_map,39,8wty
Docking-44,200,61,6,sample_map,40,8xvk
Docking-44,200,61,6,sample_map,42,9eo4
Docking-44,200,61,8,full_map,4,2vt4
Docking-44,200,61,8,full_map,16,5cxv
Docking-44,200,61,8,full_map,19,5u09
Docking-44,200,61,8,full_map,23,6kux
Docking-44,200,61,8,full_map,34,8e9y
Docking-44,200,61,8,full_map,36,8fhs
Docking-44,200,61,8,full_map,38,8st0
Docking-44,200,61,8,full_map,40,8xvk
Docking-44,200,61,8,sample_map,14,4mqs
Docking-44,200,61,8,sample_map,21,6cm4
Docking-44,200,61,8,sample_map,33,7ym8
Docking-44,200,61,8,sample_map,36,8fhs
Docking-44,200,61,8,sample_map,37,8pjk
Docking-44,200,61,8,sample_map,39,8wty
Docking-44,200,61,8,sample_map,42,9eo4
Docking-44,200,61,8,sample_map,43,V1A
Docking-44,200,61,10,full_map,13,4iar
Docking-44,200,61,10,full_map,16,5cxv
Docking-44,200,61,10,full_map,19,5u09
Docking-44,200,61,10,full_map,21,6cm4
Docking-44,200,61,10,full_map,23,6kux
Docking-44,200,61,10,full_map,25,6pdj
Docking-44,200,61,10,full_map,30,7ljd
Docking-44,200,61,10,full_map,36,8fhs
Docking-44,200,61,10,full_map,38,8st0
Docking-44,200,61,10,full_map,40,8xvk
Docking-44,200,61,10,sample_map,14,4mqs
Docking-44,200,61,10,sample_map,16,5cxv
Docking-44,200,61,10,sample_map,21,6cm4
Docking-44,200,61,10,sample_map,33,7ym8
Docking-44,200,61,10,sample_map,34,8e9y
Docking-44,200,61,10,sample_map,36,8fhs
Docking-44,200,61,10,sample_map,37,8pjk
Docking-44,200,61,10,sample_map,39,8wty
Docking-44,200,61,10,sample_map,42,9eo4
Docking-44,200,61,10,sample_map,43,V1A
Docking-44,200,62,6,full_map,4,2vt4
Docking-44,200,62,6,full_map,19,5u09
Docking-44,200,62,6,full_map,23,6kux
Docking-44,200,62,6,full_map,36,8fhs
Docking-44,200,62,6,full_map,38,8st0
Docking-44,200,62,6,full_map,40,8xvk
Docking-44,200,62,6,sample_map,13,4iar
Docking-44,200,62,6,sample_map,30,7ljd
Docking-44,200,62,6,sample_map,31,7wc9
Docking-44,200,62,6,sample_map,36,8fhs
Docking-44,200,62,6,sample_map,38,8st0
Docking-44,200,62,6,sample_map,40,8xvk
Docking-44,200,62,8,full_map,4,2vt4
Docking-44,200,62,8,full_map,16,5cxv
Docking-44,200,62,8,full_map,19,5u09
Docking-44,200,62,8,full_map,23,6kux
Docking-44,200,62,8,full_map,34,8e9y
Docking-44,200,62,8,full_map,36,8fhs
Docking-44,200,62,8,full_map,38,8st0
Docking-44,200,62,8,full_map,40,8xvk
Docking-44,200,62,8,sample_map,13,4iar
Docking-44,200,62,8,sample_map,16,5cxv
Docking-44,200,62,8,sample_map,23,6kux
Docking-44,200,62,8,sample_map,30,7ljd
Docking-44,200,62,8,sample_map,31,7wc9
Docking-44,200,62,8,sample_map,36,8fhs
Docking-44,200,62,8,sample_map,38,8st0
Docking-44,200,62,8,sample_map,40,8xvk
Docking-44,200,62,10,full_map,13,4iar
Docking-44,200,62,10,full_map,16,5cxv
Docking-44,200,62,10,full_map,19,5u09
Docking-44,200,62,10,full_map,21,6cm4
Docking-44,200,62,10,full_map,23,6kux
Docking-44,200,62,10,full_map,25,6pdj
Docking-44,200,62,10,full_map,30,7ljd
Docking-44,200,62,10,full_map,36,8fhs
Docking-44,200,62,10,full_map,38,8st0
Docking-44,200,62,10,full_map,40,8xvk
Docking-44,200,62,10,sample_map,13,4iar
Docking-44,200,62,10,sample_map,16,5cxv
Docking-44,200,62,10,sample_map,21,6cm4
Docking-44,200,62,10,sample_map,23,6kux
Docking-44,200,62,10,sample_map,26,6x3x
Docking-44,200,62,10,sample_map,30,7ljd
Docking-44,200,62,10,sample_map,31,7wc9
Docking-44,200,62,10,sample_map,36,8fhs
Docking-44,200,62,10,sample_map,38,8st0
Docking-44,200,62,10,sample_map,40,8xvk
Docking-44,200,63,6,full_map,4,2vt4
Docking-44,200,63,6,full_map,19,5u09
Docking-44,200,63,6,full_map,23,6kux
Docking-44,200,63,6,full_map,36,8fhs
Docking-44,200,63,6,full_map,38,8st0
Docking-44,200,63,6,full_map,40,8xvk
Docking-44,200,63,6,sample_map,13,4iar
Docking-44,200,63,6,sample_map,16,5cxv
Docking-44,200,63,6,sample_map,19,5u09
Docking-44,200,63,6,sample_map,30,7ljd
Docking-44,200,63,6,sample_map,36,8fhs
Docking-44,200,63,6,sample_map,40,8xvk
Docking-44,200,63,8,full_map,4,2vt4
Docking-44,200,63,8,full_map,16,5cxv
Docking-44,200,63,8,full_map,19,5u09
Docking-44,200,63,8,full_map,23,6kux
Docking-44,200,63,8,full_map,34,8e9y
Docking-44,200,63,8,full_map,36,8fhs
Docking-44,200,63,8,full_map,38,8st0
Docking-44,200,63,8,full_map,40,8xvk
Docking-44,200,63,8,sample_map,13,4iar
Docking-44,200,63,8,sample_map,16,5cxv
Docking-44,200,63,8,sample_map,19,5u09
Docking-44,200,63,8,sample_map,27,6y1z
Docking-44,200,63,8,sample_map,30,7ljd
Docking-44,200,63,8,sample_map,36,8fhs
Docking-44,200,63,8,sample_map,38,8st0
Docking-44,200,63,8,sample_map,40,8xvk
Docking-44,200,63,10,full_map,13,4iar
Docking-44,200,63,10,full_map,16,5cxv
Docking-44,200,63,10,full_map,19,5u09
Docking-44,200,63,10,full_map,21,6cm4
Docking-44,200,63,10,full_map,23,6kux
Docking-44,200,63,10,full_map,25,6pdj
Docking-44,200,63,10,full_map,30,7ljd
Docking-44,200,63,10,full_map,36,8fhs
Docking-44,200,63,10,full_map,38,8st0
Docking-44,200,63,10,full_map,40,8xvk
Docking-44,200,63,10,sample_map,5,2ydo
Docking-44,200,63,10,sample_map,13,4iar
Docking-44,200,63,10,sample_map,14,4mqs
Docking-44,200,63,10,sample_map,16,5cxv
Docking-44,200,63,10,sample_map,19,5u09
Docking-44,200,63,10,sample_map,20,5va1
Docking-44,200,63,10,sample_map,23,6kux
Docking-44,200,63,10,sample_map,27,6y1z
Docking-44,200,63,10,sample_map,30,7ljd
Docking-44,200,63,10,sample_map,36,8fhs
Docking-44,200,64,6,full_map,4,2vt4
Docking-44,200,64,6,full_map,19,5u09
Docking-44,200,64,6,full_map,23,6kux
Docking-44,200,64,6,full_map,36,8fhs
Docking-44,200,64,6,full_map,38,8st0
Docking-44,200,64,6,full_map,40,8xvk
Docking-44,200,64,6,sample_map,4,2vt4
Docking-44,200,64,6,sample_map,14,4mqs
Docking-44,200,64,6,sample_map,19,5u09
Docking-44,200,64,6,sample_map,21,6cm4
Docking-44,200,64,6,sample_map,34,8e9y
Docking-44,200,64,6,sample_map,36,8fhs
Docking-44,200,64,8,full_map,4,2vt4
Docking-44,200,64,8,full_map,16,5cxv
Docking-44,200,64,8,full_map,19,5u09
Docking-44,200,64,8,full_map,23,6kux
Docking-44,200,64,8,full_map,34,8e9y
Docking-44,200,64,8,full_map,36,8fhs
Docking-44,200,64,8,full_map,38,8st0
Docking-44,200,64,8,full_map,40,8xvk
Docking-44,200,64,8,sample_map,4,2vt4
Docking-44,200,64,8,sample_map,16,5cxv
Docking-44,200,64,8,sample_map,19,5u09
Docking-44,200,64,8,sample_map,21,6cm4
Docking-44,200,64,8,sample_map,23,6kux
Docking-44,200,64,8,sample_map,36,8fhs
Docking-44,200,64,8,sample_map,38,8st0
Docking-44,200,64,8,sample_map,40,8xvk
Docking-44,200,64,10,full_map,13,4iar
Docking-44,200,64,10,full_map,16,5cxv
Docking-44,200,64,10,full_map,19,5u09
Docking-44,200,64,10,full_map,21,6cm4
Docking-44,200,64,10,full_map,23,6kux
Docking-44,200,64,10,full_map,25,6pdj
Docking-44,200,64,10,full_map,30,7ljd
Docking-44,200,64,10,full_map,36,8fhs
Docking-44,200,64,10,full_map,38,8st0
Docking-44,200,64,10,full_map,40,8xvk
Docking-44,200,64,10,sample_map,4,2vt4
Docking-44,200,64,10,sample_map,16,5cxv
Docking-44,200,64,10,sample_map,19,5u09
Docking-44,200,64,10,sample_map,21,6cm4
Docking-44,200,64,10,sample_map,23,6kux
Docking-44,200,64,10,sample_map,30,7ljd
Docking-44,200,64,10,sample_map,34,8e9y
Docking-44,200,64,10,sample_map,36,8fhs
Docking-44,200,64,10,sample_map,38,8st0
Docking-44,200,64,10,sample_map,40,8xvk
Docking-44,200,65,6,full_map,4,2vt4
Docking-44,200,65,6,full_map,19,5u09
Docking-44,200,65,6,full_map,23,6kux
Docking-44,200,65,6,full_map,36,8fhs
Docking-44,200,65,6,full_map,38,8st0
Docking-44,200,65,6,full_map,40,8xvk
Docking-44,200,65,6,sample_map,13,4iar
Docking-44,200,65,6,sample_map,14,4mqs
Docking-44,200,65,6,sample_map,21,6cm4
Docking-44,200,65,6,sample_map,27,6y1z
Docking-44,200,65,6,sample_map,36,8fhs
Docking-44,200,65,6,sample_map,40,8xvk
Docking-44,200,65,8,full_map,4,2vt4
Docking-44,200,65,8,full_map,16,5cxv
Docking-44,200,65,8,full_map,19,5u09
Docking-44,200,65,8,full_map,23,6kux
Docking-44,200,65,8,full_map,34,8e9y
Docking-44,200,65,8,full_map,36,8fhs
Docking-44,200,65,8,full_map,38,8st0
Docking-44,200,65,8,full_map,40,8xvk
Docking-44,200,65,8,sample_map,13,4iar
Docking-44,200,65,8,sample_map,14,4mqs
Docking-44,200,65,8,sample_map,19,5u09
Docking-44,200,65,8,sample_map,21,6cm4
Docking-44,200,65,8,sample_map,23,6kux
Docking-44,200,65,8,sample_map,27,6y1z
Docking-44,200,65,8,sample_map,36,8fhs
Docking-44,200,65,8,sample_map,40,8xvk
Docking-44,200,65,10,full_map,13,4iar
Docking-44,200,65,10,full_map,16,5cxv
Docking-44,200,65,10,full_map,19,5u09
Docking-44,200,65,10,full_map,21,6cm4
Docking-44,200,65,10,full_map,23,6kux
Docking-44,200,65,10,full_map,25,6pdj
Docking-44,200,65,10,full_map,30,7ljd
Docking-44,200,65,10,full_map,36,8fhs
Docking-44,200,65,10,full_map,38,8st0
Docking-44,200,65,10,full_map,40,8xvk
Docking-44,200,65,10,sample_map,13,4iar
Docking-44,200,65,10,sample_map,14,4mqs
Docking-44,200,65,10,sample_map,19,5u09
Docking-44,200,65,10,sample_map,21,6cm4
Docking-44,200,65,10,sample_map,23,6kux
Docking-44,200,65,10,sample_map,25,6pdj
Docking-44,200,65,10,sample_map,27,6y1z
Docking-44,200,65,10,sample_map,33,7ym8
Docking-44,200,65,10,sample_map,36,8fhs
Docking-44,200,65,10,sample_map,40,8xvk
Docking-44,200,66,6,full_map,4,2vt4
Docking-44,200,66,6,full_map,19,5u09
Docking-44,200,66,6,full_map,23,6kux
Docking-44,200,66,6,full_map,36,8fhs
Docking-44,200,66,6,full_map,38,8st0
Docking-44,200,66,6,full_map,40,8xvk
Docking-44,200,66,6,sample_map,4,2vt4
Docking-44,200,66,6,sample_map,23,6kux
Docking-44,200,66,6,sample_map,31,7wc9
Docking-44,200,66,6,sample_map,36,8fhs
Docking-44,200,66,6,sample_map,38,8st0
Docking-44,200,66,6,sample_map,40,8xvk
Docking-44,200,66,8,full_map,4,2vt4
Docking-44,200,66,8,full_map,16,5cxv
Docking-44,200,66,8,full_map,19,5u09
Docking-44,200,66,8,full_map,23,6kux
Docking-44,200,66,8,full_map,34,8e9y
Docking-44,200,66,8,full_map,36,8fhs
Docking-44,200,66,8,full_map,38,8st0
Docking-44,200,66,8,full_map,40,8xvk
Docking-44,200,66,8,sample_map,2,1xoq
Docking-44,200,66,8,sample_map,4,2vt4
Docking-44,200,66,8,sample_map,19,5u09
Docking-44,200,66,8,sample_map,23,6kux
Docking-44,200,66,8,sample_map,26,6x3x
Docking-44,200,66,8,sample_map,36,8fhs
Docking-44,200,66,8,sample_map,38,8st0
Docking-44,200,66,8,sample_map,43,V1A
Docking-44,200,66,10,full_map,13,4iar
Docking-44,200,66,10,full_map,16,5cxv
Docking-44,200,66,10,full_map,19,5u09
Docking-44,200,66,10,full_map,21,6cm4
Docking-44,200,66,10,full_map,23,6kux
Docking-44,200,66,10,full_map,25,6pdj
Docking-44,200,66,10,full_map,30,7ljd
Docking-44,200,66,10,full_map,36,8fhs
Docking-44,200,66,10,full_map,38,8st0
Docking-44,200,66,10,full_map,40,8xvk
Docking-44,200,66,10,sample_map,2,1xoq
Docking-44,200,66,10,sample_map,4,2vt4
Docking-44,200,66,10,sample_map,19,5u09
Docking-44,200,66,10,sample_map,23,6kux
Docking-44,200,66,10,sample_map,26,6x3x
Docking-44,200,66,10,sample_map,30,7ljd
Docking-44,200,66,10,sample_map,33,7ym8
Docking-44,200,66,10,sample_map,36,8fhs
Docking-44,200,66,10,sample_map,38,8st0
Docking-44,200,66,10,sample_map,40,8xvk
Docking-44,200,67,6,full_map,4,2vt4
Docking-44,200,67,6,full_map,19,5u09
Docking-44,200,67,6,full_map,23,6kux
Docking-44,200,67,6,full_map,36,8fhs
Docking-44,200,67,6,full_map,38,8st0
Docking-44,200,67,6,full_map,40,8xvk
Docking-44,200,67,6,sample_map,13,4iar
Docking-44,200,67,6,sample_map,14,4mqs
Docking-44,200,67,6,sample_map,16,5cxv
Docking-44,200,67,6,sample_map,34,8e9y
Docking-44,200,67,6,sample_map,35,8ef6
Docking-44,200,67,6,sample_map,43,V1A
Docking-44,200,67,8,full_map,4,2vt4
Docking-44,200,67,8,full_map,16,5cxv
Docking-44,200,67,8,full_map,19,5u09
Docking-44,200,67,8,full_map,23,6kux
Docking-44,200,67,8,full_map,34,8e9y
Docking-44,200,67,8,full_map,36,8fhs
Docking-44,200,67,8,full_map,38,8st0
Docking-44,200,67,8,full_map,40,8xvk
Docking-44,200,67,8,sample_map,13,4iar
Docking-44,200,67,8,sample_map,16,5cxv
Docking-44,200,67,8,sample_map,17,5i71
Docking-44,200,67,8,sample_map,19,5u09
Docking-44,200,67,8,sample_map,23,6kux
Docking-44,200,67,8,sample_map,25,6pdj
Docking-44,200,67,8,sample_map,34,8e9y
Docking-44,200,67,8,sample_map,43,V1A
Docking-44,200,67,10,full_map,13,4iar
Docking-44,200,67,10,full_map,16,5cxv
Docking-44,200,67,10,full_map,19,5u09
Docking-44,200,67,10,full_map,21,6cm4
Docking-44,200,67,10,full_map,23,6kux
Docking-44,200,67,10,full_map,25,6pdj
Docking-44,200,67,10,full_map,30,7ljd
Docking-44,200,67,10,full_map,36,8fhs
Docking-44,200,67,10,full_map,38,8st0
Docking-44,200,67,10,full_map,40,8xvk
Docking-44,200,67,10,sample_map,13,4iar
Docking-44,200,67,10,sample_map,14,4mqs
Docking-44,200,67,10,sample_map,16,5cxv
Docking-44,200,67,10,sample_map,23,6kux
Docking-44,200,67,10,sample_map,25,6pdj
Docking-44,200,67,10,sample_map,33,7ym8
Docking-44,200,67,10,sample_map,34,8e9y
Docking-44,200,67,10,sample_map,35,8ef6
Docking-44,200,67,10,sample_map,42,9eo4
Docking-44,200,67,10,sample_map,43,V1A
Docking-44,200,68,6,full_map,4,2vt4
Docking-44,200,68,6,full_map,19,5u09
Docking-44,200,68,6,full_map,23,6kux
Docking-44,200,68,6,full_map,36,8fhs
Docking-44,200,68,6,full_map,38,8st0
Docking-44,200,68,6,full_map,40,8xvk
Docking-44,200,68,6,sample_map,20,5va1
Docking-44,200,68,6,sample_map,21,6cm4
Docking-44,200,68,6,sample_map,22,6kpf
Docking-44,200,68,6,sample_map,34,8e9y
Docking-44,200,68,6,sample_map,36,8fhs
Docking-44,200,68,6,sample_map,38,8st0
Docking-44,200,68,8,full_map,4,2vt4
Docking-44,200,68,8,full_map,16,5cxv
Docking-44,200,68,8,full_map,19,5u09
Docking-44,200,68,8,full_map,23,6kux
Docking-44,200,68,8,full_map,34,8e9y
Docking-44,200,68,8,full_map,36,8fhs
Docking-44,200,68,8,full_map,38,8st0
Docking-44,200,68,8,full_map,40,8xvk
Docking-44,200,68,8,sample_map,4,2vt4
Docking-44,200,68,8,sample_map,20,5va1
Docking-44,200,68,8,sample_map,21,6cm4
Docking-44,200,68,8,sample_map,22,6kpf
Docking-44,200,68,8,sample_map,25,6pdj
Docking-44,200,68,8,sample_map,34,8e9y
Docking-44,200,68,8,sample_map,36,8fhs
Docking-44,200,68,8,sample_map,38,8st0
Docking-44,200,68,10,full_map,13,4iar
Docking-44,200,68,10,full_map,16,5cxv
Docking-44,200,68,10,full_map,19,5u09
Docking-44,200,68,10,full_map,21,6cm4
Docking-44,200,68,10,full_map,23,6kux
Docking-44,200,68,10,full_map,25,6pdj
Docking-44,200,68,10,full_map,30,7ljd
Docking-44,200,68,10,full_map,36,8fhs
Docking-44,200,68,10,full_map,38,8st0
Docking-44,200,68,10,full_map,40,8xvk
Docking-44,200,68,10,sample_map,0,1m2z
Docking-44,200,68,10,sample_map,4,2vt4
Docking-44,200,68,10,sample_map,5,2ydo
Docking-44,200,68,10,sample_map,20,5va1
Docking-44,200,68,10,sample_map,21,6cm4
Docking-44,200,68,10,sample_map,22,6kpf
Docking-44,200,68,10,sample_map,25,6pdj
Docking-44,200,68,10,sample_map,34,8e9y
Docking-44,200,68,10,sample_map,36,8fhs
Docking-44,200,68,10,sample_map,38,8st0
Docking-44,200,69,6,full_map,4,2vt4
Docking-44,200,69,6,full_map,19,5u09
Docking-44,200,69,6,full_map,23,6kux
Docking-44,200,69,6,full_map,36,8fhs
Docking-44,200,69,6,full_map,38,8st0
Docking-44,200,69,6,full_map,40,8xvk
Docking-44,200,69,6,sample_map,4,2vt4
Docking-44,200,69,6,sample_map,18,5tvn
Docking-44,200,69,6,sample_map,20,5va1
Docking-44,200,69,6,sample_map,22,6kpf
Docking-44,200,69,6,sample_map,26,6x3x
Docking-44,200,69,6,sample_map,36,8fhs
Docking-44,200,69,8,full_map,4,2vt4
Docking-44,200,69,8,full_map,16,5cxv
Docking-44,200,69,8,full_map,19,5u09
Docking-44,200,69,8,full_map,23,6kux
Docking-44,200,69,8,full_map,34,8e9y
Docking-44,200,69,8,full_map,36,8fhs
Docking-44,200,69,8,full_map,38,8st0
Docking-44,200,69,8,full_map,40,8xvk
Docking-44,200,69,8,sample_map,4,2vt4
Docking-44,200,69,8,sample_map,16,5cxv
Docking-44,200,69,8,sample_map,18,5tvn
Docking-44,200,69,8,sample_map,20,5va1
Docking-44,200,69,8,sample_map,22,6kpf
Docking-44,200,69,8,sample_map,26,6x3x
Docking-44,200,69,8,sample_map,36,8fhs
Docking-44,200,69,8,sample_map,38,8st0
Docking-44,200,69,10,full_map,13,4iar
Docking-44,200,69,10,full_map,16,5cxv
Docking-44,200,69,10,full_map,19,5u09
Docking-44,200,69,10,full_map,21,6cm4
Docking-44,200,69,10,full_map,23,6kux
Docking-44,200,69,10,full_map,25,6pdj
Docking-44,200,69,10,full_map,30,7ljd
Docking-44,200,69,10,full_map,36,8fhs
Docking-44,200,69,10,full_map,38,8st0
Docking-44,200,69,10,full_map,40,8xvk
Docking-44,200,69,10,sample_map,4,2vt4
Docking-44,200,69,10,sample_map,16,5cxv
Docking-44,200,69,10,sample_map,18,5tvn
Docking-44,200,69,10,sample_map,20,5va1
Docking-44,200,69,10,sample_map,22,6kpf
Docking-44,200,69,10,sample_map,25,6pdj
Docking-44,200,69,10,sample_map,27,6y1z
Docking-44,200,69,10,sample_map,30,7ljd
Docking-44,200,69,10,sample_map,36,8fhs
Docking-44,200,69,10,sample_map,38,8st0
Docking-44,200,70,6,full_map,4,2vt4
Docking-44,200,70,6,full_map,19,5u09
Docking-44,200,70,6,full_map,23,6kux
Docking-44,200,70,6,full_map,36,8fhs
Docking-44,200,70,6,full_map,38,8st0
Docking-44,200,70,6,full_map,40,8xvk
Docking-44,200,70,6,sample_map,17,5i71
Docking-44,200,70,6,sample_map,22,6kpf
Docking-44,200,70,6,sample_map,26,6x3x
Docking-44,200,70,6,sample_map,34,8e9y
Docking-44,200,70,6,sample_map,38,8st0
Docking-44,200,70,6,sample_map,43,V1A
Docking-44,200,70,8,full_map,4,2vt4
Docking-44,200,70,8,full_map,16,5cxv
Docking-44,200,70,8,full_map,19,5u09
Docking-44,200,70,8,full_map,23,6kux
Docking-44,200,70,8,full_map,34,8e9y
Docking-44,200,70,8,full_map,36,8fhs
Docking-44,200,70,8,full_map,38,8st0
Docking-44,200,70,8,full_map,40,8xvk
Docking-44,200,70,8,sample_map,16,5cxv
Docking-44,200,70,8,sample_map,17,5i71
Docking-44,200,70,8,sample_map,22,6kpf
Docking-44,200,70,8,sample_map,23,6kux
Docking-44,200,70,8,sample_map,26,6x3x
Docking-44,200,70,8,sample_map,34,8e9y
Docking-44,200,70,8,sample_map,38,8st0
Docking-44,200,70,8,sample_map,43,V1A
Docking-44,200,70,10,full_map,13,4iar
Docking-44,200,70,10,full_map,16,5cxv
Docking-44,200,70,10,full_map,19,5u09
Docking-44,200,70,10,full_map,21,6cm4
Docking-44,200,70,10,full_map,23,6kux
Docking-44,200,70,10,full_map,25,6pdj
Docking-44,200,70,10,full_map,30,7ljd
Docking-44,200,70,10,full_map,36,8fhs
Docking-44,200,70,10,full_map,38,8st0
Docking-44,200,70,10,full_map,40,8xvk
Docking-44,200,70,10,sample_map,4,2vt4
Docking-44,200,70,10,sample_map,9,3ln1
Docking-44,200,70,10,sample_map,16,5cxv
Docking-44,200,70,10,sample_map,17,5i71
Docking-44,200,70,10,sample_map,22,6kpf
Docking-44,200,70,10,sample_map,23,6kux
Docking-44,200,70,10,sample_map,25,6pdj
Docking-44,200,70,10,sample_map,26,6x3x
Docking-44,200,70,10,sample_map,38,8st0
Docking-44,200,70,10,sample_map,43,V1A
Docking-44,200,71,6,full_map,4,2vt4
Docking-44,200,71,6,full_map,19,5u09
Docking-44,200,71,6,full_map,23,6kux
Docking-44,200,71,6,full_map,36,8fhs
Docking-44,200,71,6,full_map,38,8st0
Docking-44,200,71,6,full_map,40,8xvk
Docking-44,200,71,6,sample_map,4,2vt4
Docking-44,200,71,6,sample_map,14,4mqs
Docking-44,200,71,6,sample_map,22,6kpf
Docking-44,200,71,6,sample_map,31,7wc9
Docking-44,200,71,6,sample_map,34,8e9y
Docking-44,200,71,6,sample_map,36,8fhs
Docking-44,200,71,8,full_map,4,2vt4
Docking-44,200,71,8,full_map,16,5cxv
Docking-44,200,71,8,full_map,19,5u09
Docking-44,200,71,8,full_map,23,6kux
Docking-44,200,71,8,full_map,34,8e9y
Docking-44,200,71,8,full_map,36,8fhs
Docking-44,200,71,8,full_map,38,8st0
Docking-44,200,71,8,full_map,40,8xvk
Docking-44,200,71,8,sample_map,14,4mqs
Docking-44,200,71,8,sample_map,20,5va1
Docking-44,200,71,8,sample_map,22,6kpf
Docking-44,200,71,8,sample_map,25,6pdj
Docking-44,200,71,8,sample_map,31,7wc9
Docking-44,200,71,8,sample_map,34,8e9y
Docking-44,200,71,8,sample_map,36,8fhs
Docking-44,200,71,8,sample_map,37,8pjk
Docking-44,200,71,10,full_map,13,4iar
Docking-44,200,71,10,full_map,16,5cxv
Docking-44,200,71,10,full_map,19,5u09
Docking-44,200,71,10,full_map,21,6cm4
Docking-44,200,71,10,full_map,23,6kux
Docking-44,200,71,10,full_map,25,6pdj
Docking-44,200,71,10,full_map,30,7ljd
Docking-44,200,71,10,full_map,36,8fhs
Docking-44,200,71,10,full_map,38,8st0
Docking-44,200,71,10,full_map,40,8xvk
Docking-44,200,71,10,sample_map,6,2z5x
Docking-44,200,71,10,sample_map,14,4mqs
Docking-44,200,71,10,sample_map,22,6kpf
Docking-44,200,71,10,sample_map,23,6kux
Docking-44,200,71,10,sample_map,25,6pdj
Docking-44,200,71,10,sample_map,31,7wc9
Docking-44,200,71,10,sample_map,34,8e9y
Docking-44,200,71,10,sample_map,36,8fhs
Docking-44,200,71,10,sample_map,37,8pjk
Docking-44,200,71,10,sample_map,40,8xvk
Docking-44,200,72,6,full_map,4,2vt4
Docking-44,200,72,6,full_map,19,5u09
Docking-44,200,72,6,full_map,23,6kux
Docking-44,200,72,6,full_map,36,8fhs
Docking-44,200,72,6,full_map,38,8st0
Docking-44,200,72,6,full_map,40,8xvk
Docking-44,200,72,6,sample_map,13,4iar
Docking-44,200,72,6,sample_map,19,5u09
Docking-44,200,72,6,sample_map,20,5va1
Docking-44,200,72,6,sample_map,36,8fhs
Docking-44,200,72,6,sample_map,37,8pjk
Docking-44,200,72,6,sample_map,38,8st0
Docking-44,200,72,8,full_map,4,2vt4
Docking-44,200,72,8,full_map,16,5cxv
Docking-44,200,72,8,full_map,19,5u09
Docking-44,200,72,8,full_map,23,6kux
Docking-44,200,72,8,full_map,34,8e9y
Docking-44,200,72,8,full_map,36,8fhs
Docking-44,200,72,8,full_map,38,8st0
Docking-44,200,72,8,full_map,40,8xvk
Docking-44,200,72,8,sample_map,6,2z5x
Docking-44,200,72,8,sample_map,14,4mqs
Docking-44,200,72,8,sample_map,17,5i71
Docking-44,200,72,8,sample_map,19,5u09
Docking-44,200,72,8,sample_map,26,6x3x
Docking-44,200,72,8,sample_map,30,7ljd
Docking-44,200,72,8,sample_map,36,8fhs
Docking-44,200,72,8,sample_map,37,8pjk
Docking-44,200,72,10,full_map,13,4iar
Docking-44,200,72,10,full_map,16,5cxv
Docking-44,200,72,10,full_map,19,5u09
Docking-44,200,72,10,full_map,21,6cm4
Docking-44,200,72,10,full_map,23,6kux
Docking-44,200,72,10,full_map,25,6pdj
Docking-44,200,72,10,full_map,30,7ljd
Docking-44,200,72,10,full_map,36,8fhs
Docking-44,200,72,10,full_map,38,8st0
Docking-44,200,72,10,full_map,40,8xvk
Docking-44,200,72,10,sample_map,5,2ydo
Docking-44,200,72,10,sample_map,6,2z5x
Docking-44,200,72,10,sample_map,14,4mqs
Docking-44,200,72,10,sample_map,17,5i71
Docking-44,200,72,10,sample_map,19,5u09
Docking-44,200,72,10,sample_map,23,6kux
Docking-44,200,72,10,sample_map,26,6x3x
Docking-44,200,72,10,sample_map,30,7ljd
Docking-44,200,72,10,sample_map,36,8fhs
Docking-44,200,72,10,sample_map,37,8pjk
Docking-44,200,73,6,full_map,4,2vt4
Docking-44,200,73,6,full_map,19,5u09
Docking-44,200,73,6,full_map,23,6kux
Docking-44,200,73,6,full_map,36,8fhs
Docking-44,200,73,6,full_map,38,8st0
Docking-44,200,73,6,full_map,40,8xvk
Docking-44,200,73,6,sample_map,13,4iar
Docking-44,200,73,6,sample_map,14,4mqs
Docking-44,200,73,6,sample_map,19,5u09
Docking-44,200,73,6,sample_map,33,7ym8
Docking-44,200,73,6,sample_map,36,8fhs
Docking-44,200,73,6,sample_map,40,8xvk
Docking-44,200,73,8,full_map,4,2vt4
Docking-44,200,73,8,full_map,16,5cxv
Docking-44,200,73,8,full_map,19,5u09
Docking-44,200,73,8,full_map,23,6kux
Docking-44,200,73,8,full_map,34,8e9y
Docking-44,200,73,8,full_map,36,8fhs
Docking-44,200,73,8,full_map,38,8st0
Docking-44,200,73,8,full_map,40,8xvk
Docking-44,200,73,8,sample_map,13,4iar
Docking-44,200,73,8,sample_map,14,4mqs
Docking-44,200,73,8,sample_map,19,5u09
Docking-44,200,73,8,sample_map,25,6pdj
Docking-44,200,73,8,sample_map,33,7ym8
Docking-44,200,73,8,sample_map,36,8fhs
Docking-44,200,73,8,sample_map,39,8wty
Docking-44,200,73,8,sample_map,40,8xvk
Docking-44,200,73,10,full_map,13,4iar
Docking-44,200,73,10,full_map,16,5cxv
Docking-44,200,73,10,full_map,19,5u09
Docking-44,200,73,10,full_map,21,6cm4
Docking-44,200,73,10,full_map,23,6kux
Docking-44,200,73,10,full_map,25,6pdj
Docking-44,200,73,10,full_map,30,7ljd
Docking-44,200,73,10,full_map,36,8fhs
Docking-44,200,73,10,full_map,38,8st0
Docking-44,200,73,10,full_map,40,8xvk
Docking-44,200,73,10,sample_map,13,4iar
Docking-44,200,73,10,sample_map,14,4mqs
Docking-44,200,73,10,sample_map,19,5u09
Docking-44,200,73,10,sample_map,21,6cm4
Docking-44,200,73,10,sample_map,23,6kux
Docking-44,200,73,10,sample_map,25,6pdj
Docking-44,200,73,10,sample_map,36,8fhs
Docking-44,200,73,10,sample_map,39,8wty
Docking-44,200,73,10,sample_map,40,8xvk
Docking-44,200,73,10,sample_map,42,9eo4
Docking-44,200,74,6,full_map,4,2vt4
Docking-44,200,74,6,full_map,19,5u09
Docking-44,200,74,6,full_map,23,6kux
Docking-44,200,74,6,full_map,36,8fhs
Docking-44,200,74,6,full_map,38,8st0
Docking-44,200,74,6,full_map,40,8xvk
Docking-44,200,74,6,sample_map,17,5i71
Docking-44,200,74,6,sample_map,22,6kpf
Docking-44,200,74,6,sample_map,25,6pdj
Docking-44,200,74,6,sample_map,34,8e9y
Docking-44,200,74,6,sample_map,42,9eo4
Docking-44,200,74,6,sample_map,43,V1A
Docking-44,200,74,8,full_map,4,2vt4
Docking-44,200,74,8,full_map,16,5cxv
Docking-44,200,74,8,full_map,19,5u09
Docking-44,200,74,8,full_map,23,6kux
Docking-44,200,74,8,full_map,34,8e9y
Docking-44,200,74,8,full_map,36,8fhs
Docking-44,200,74,8,full_map,38,8st0
Docking-44,200,74,8,full_map,40,8xvk
Docking-44,200,74,8,sample_map,0,1m2z
Docking-44,200,74,8,sample_map,2,1xoq
Docking-44,200,74,8,sample_map,13,4iar
Docking-44,200,74,8,sample_map,16,5cxv
Docking-44,200,74,8,sample_map,20,5va1
Docking-44,200,74,8,sample_map,36,8fhs
Docking-44,200,74,8,sample_map,39,8wty
Docking-44,200,74,8,sample_map,42,9eo4
Docking-44,200,74,10,full_map,13,4iar
Docking-44,200,74,10,full_map,16,5cxv
Docking-44,200,74,10,full_map,19,5u09
Docking-44,200,74,10,full_map,21,6cm4
Docking-44,200,74,10,full_map,23,6kux
Docking-44,200,74,10,full_map,25,6pdj
Docking-44,200,74,10,full_map,30,7ljd
Docking-44,200,74,10,full_map,36,8fhs
Docking-44,200,74,10,full_map,38,8st0
Docking-44,200,74,10,full_map,40,8xvk
Docking-44,200,74,10,sample_map,0,1m2z
Docking-44,200,74,10,sample_map,2,1xoq
Docking-44,200,74,10,sample_map,5,2ydo
Docking-44,200,74,10,sample_map,13,4iar
Docking-44,200,74,10,sample_map,16,5cxv
Docking-44,200,74,10,sample_map,20,5va1
Docking-44,200,74,10,sample_map,21,6cm4
Docking-44,200,74,10,sample_map,36,8fhs
Docking-44,200,74,10,sample_map,39,8wty
Docking-44,200,74,10,sample_map,42,9eo4
Docking-44,200,75,6,full_map,4,2vt4
Docking-44,200,75,6,full_map,19,5u09
Docking-44,200,75,6,full_map,23,6kux
Docking-44,200,75,6,full_map,36,8fhs
Docking-44,200,75,6,full_map,38,8st0
Docking-44,200,75,6,full_map,40,8xvk
Docking-44,200,75,6,sample_map,0,1m2z
Docking-44,200,75,6,sample_map,6,2z5x
Docking-44,200,75,6,sample_map,13,4iar
Docking-44,200,75,6,sample_map,20,5va1
Docking-44,200,75,6,sample_map,39,8wty
Docking-44,200,75,6,sample_map,43,V1A
Docking-44,200,75,8,full_map,4,2vt4
Docking-44,200,75,8,full_map,16,5cxv
Docking-44,200,75,8,full_map,19,5u09
Docking-44,200,75,8,full_map,23,6kux
Docking-44,200,75,8,full_map,34,8e9y
Docking-44,200,75,8,full_map,36,8fhs
Docking-44,200,75,8,full_map,38,8st0
Docking-44,200,75,8,full_map,40,8xvk
Docking-44,200,75,8,sample_map,0,1m2z
Docking-44,200,75,8,sample_map,13,4iar
Docking-44,200,75,8,sample_map,16,5cxv
Docking-44,200,75,8,sample_map,20,5va1
Docking-44,200,75,8,sample_map,21,6cm4
Docking-44,200,75,8,sample_map,36,8fhs
Docking-44,200,75,8,sample_map,39,8wty
Docking-44,200,75,8,sample_map,43,V1A
Docking-44,200,75,10,full_map,13,4iar
Docking-44,200,75,10,full_map,16,5cxv
Docking-44,200,75,10,full_map,19,5u09
Docking-44,200,75,10,full_map,21,6cm4
Docking-44,200,75,10,full_map,23,6kux
Docking-44,200,75,10,full_map,25,6pdj
Docking-44,200,75,10,full_map,30,7ljd
Docking-44,200,75,10,full_map,36,8fhs
Docking-44,200,75,10,full_map,38,8st0
Docking-44,200,75,10,full_map,40,8xvk
Docking-44,200,75,10,sample_map,0,1m2z
Docking-44,200,75,10,sample_map,13,4iar
Docking-44,200,75,10,sample_map,16,5cxv
Docking-44,200,75,10,sample_map,20,5va1
Docking-44,200,75,10,sample_map,21,6cm4
Docking-44,200,75,10,sample_map,23,6kux
Docking-44,200,75,10,sample_map,25,6pdj
Docking-44,200,75,10,sample_map,36,8fhs
Docking-44,200,75,10,sample_map,39,8wty
Docking-44,200,75,10,sample_map,43,V1A
Docking-44,200,76,6,full_map,4,2vt4
Docking-44,200,76,6,full_map,19,5u09
Docking-44,200,76,6,full_map,23,6kux
Docking-44,200,76,6,full_map,36,8fhs
Docking-44,200,76,6,full_map,38,8st0
Docking-44,200,76,6,full_map,40,8xvk
Docking-44,200,76,6,sample_map,9,3ln1
Docking-44,200,76,6,sample_map,12,4ey7
Docking-44,200,76,6,sample_map,13,4iar
Docking-44,200,76,6,sample_map,35,8ef6
Docking-44,200,76,6,sample_map,42,9eo4
Docking-44,200,76,6,sample_map,43,V1A
Docking-44,200,76,8,full_map,4,2vt4
Docking-44,200,76,8,full_map,16,5cxv
Docking-44,200,76,8,full_map,19,5u09
Docking-44,200,76,8,full_map,23,6kux
Docking-44,200,76,8,full_map,34,8e9y
Docking-44,200,76,8,full_map,36,8fhs
Docking-44,200,76,8,full_map,38,8st0
Docking-44,200,76,8,full_map,40,8xvk
Docking-44,200,76,8,sample_map,4,2vt4
Docking-44,200,76,8,sample_map,12,4ey7
Docking-44,200,76,8,sample_map,13,4iar
Docking-44,200,76,8,sample_map,22,6kpf
Docking-44,200,76,8,sample_map,34,8e9y
Docking-44,200,76,8,sample_map,35,8ef6
Docking-44,200,76,8,sample_map,42,9eo4
Docking-44,200,76,8,sample_map,43,V1A
Docking-44,200,76,10,full_map,13,4iar
Docking-44,200,76,10,full_map,16,5cxv
Docking-44,200,76,10,full_map,19,5u09
Docking-44,200,76,10,full_map,21,6cm4
Docking-44,200,76,10,full_map,23,6kux
Docking-44,200,76,10,full_map,25,6pdj
Docking-44,200,76,10,full_map,30,7ljd
Docking-44,200,76,10,full_map,36,8fhs
Docking-44,200,76,10,full_map,38,8st0
Docking-44,200,76,10,full_map,40,8xvk
Docking-44,200,76,10,sample_map,3,2rh1
Docking-44,200,76,10,sample_map,4,2vt4
Docking-44,200,76,10,sample_map,13,4iar
Docking-44,200,76,10,sample_map,20,5va1
Docking-44,200,76,10,sample_map,21,6cm4
Docking-44,200,76,10,sample_map,22,6kpf
Docking-44,200,76,10,sample_map,34,8e9y
Docking-44,200,76,10,sample_map,35,8ef6
Docking-44,200,76,10,sample_map,42,9eo4
Docking-44,200,76,10,sample_map,43,V1A
Docking-44,200,77,6,full_map,4,2vt4
Docking-44,200,77,6,full_map,19,5u09
Docking-44,200,77,6,full_map,23,6kux
Docking-44,200,77,6,full_map,36,8fhs
Docking-44,200,77,6,full_map,38,8st0
Docking-44,200,77,6,full_map,40,8xvk
Docking-44,200,77,6,sample_map,13,4iar
Docking-44,200,77,6,sample_map,17,5i71
Docking-44,200,77,6,sample_map,19,5u09
Docking-44,200,77,6,sample_map,23,6kux
Docking-44,200,77,6,sample_map,25,6pdj
Docking-44,200,77,6,sample_map,43,V1A
Docking-44,200,77,8,full_map,4,2vt4
Docking-44,200,77,8,full_map,16,5cxv
Docking-44,200,77,8,full_map,19,5u09
Docking-44,200,77,8,full_map,23,6kux
Docking-44,200,77,8,full_map,34,8e9y
Docking-44,200,77,8,full_map,36,8fhs
Docking-44,200,77,8,full_map,38,8st0
Docking-44,200,77,8,full_map,40,8xvk
Docking-44,200,77,8,sample_map,13,4iar
Docking-44,200,77,8,sample_map,16,5cxv
Docking-44,200,77,8,sample_map,17,5i71
Docking-44,200,77,8,sample_map,19,5u09
Docking-44,200,77,8,sample_map,20,5va1
Docking-44,200,77,8,sample_map,23,6kux
Docking-44,200,77,8,sample_map,25,6pdj
Docking-44,200,77,8,sample_map,36,8fhs
Docking-44,200,77,10,full_map,13,4iar
Docking-44,200,77,10,full_map,16,5cxv
Docking-44,200,77,10,full_map,19,5u09
Docking-44,200,77,10,full_map,21,6cm4
Docking-44,200,77,10,full_map,23,6kux
Docking-44,200,77,10,full_map,25,6pdj
Docking-44,200,77,10,full_map,30,7ljd
Docking-44,200,77,10,full_map,36,8fhs
Docking-44,200,77,10,full_map,38,8st0
Docking-44,200,77,10,full_map,40,8xvk
Docking-44,200,77,10,sample_map,0,1m2z
Docking-44,200,77,10,sample_map,13,4iar
Docking-44,200,77,10,sample_map,16,5cxv
Docking-44,200,77,10,sample_map,17,5i71
Docking-44,200,77,10,sample_map,20,5va1
Docking-44,200,77,10,sample_map,22,6kpf
Docking-44,200,77,10,sample_map,23,6kux
Docking-44,200,77,10,sample_map,25,6pdj
Docking-44,200,77,10,sample_map,30,7ljd
Docking-44,200,77,10,sample_map,36,8fhs
Docking-44,200,78,6,full_map,4,2vt4
Docking-44,200,78,6,full_map,19,5u09
Docking-44,200,78,6,full_map,23,6kux
Docking-44,200,78,6,full_map,36,8fhs
Docking-44,200,78,6,full_map,38,8st0
Docking-44,200,78,6,full_map,40,8xvk
Docking-44,200,78,6,sample_map,19,5u09
Docking-44,200,78,6,sample_map,20,5va1
Docking-44,200,78,6,sample_map,23,6kux
Docking-44,200,78,6,sample_map,34,8e9y
Docking-44,200,78,6,sample_map,36,8fhs
Docking-44,200,78,6,sample_map,39,8wty
Docking-44,200,78,8,full_map,4,2vt4
Docking-44,200,78,8,full_map,16,5cxv
Docking-44,200,78,8,full_map,19,5u09
Docking-44,200,78,8,full_map,23,6kux
Docking-44,200,78,8,full_map,34,8e9y
Docking-44,200,78,8,full_map,36,8fhs
Docking-44,200,78,8,full_map,38,8st0
Docking-44,200,78,8,full_map,40,8xvk
Docking-44,200,78,8,sample_map,19,5u09
Docking-44,200,78,8,sample_map,20,5va1
Docking-44,200,78,8,sample_map,23,6kux
Docking-44,200,78,8,sample_map,25,6pdj
Docking-44,200,78,8,sample_map,26,6x3x
Docking-44,200,78,8,sample_map,34,8e9y
Docking-44,200,78,8,sample_map,36,8fhs
Docking-44,200,78,8,sample_map,39,8wty
Docking-44,200,78,10,full_map,13,4iar
Docking-44,200,78,10,full_map,16,5cxv
Docking-44,200,78,10,full_map,19,5u09
Docking-44,200,78,10,full_map,21,6cm4
Docking-44,200,78,10,full_map,23,6kux
Docking-44,200,78,10,full_map,25,6pdj
Docking-44,200,78,10,full_map,30,7ljd
Docking-44,200,78,10,full_map,36,8fhs
Docking-44,200,78,10,full_map,38,8st0
Docking-44,200,78,10,full_map,40,8xvk
Docking-44,200,78,10,sample_map,5,2ydo
Docking-44,200,78,10,sample_map,19,5u09
Docking-44,200,78,10,sample_map,20,5va1
Docking-44,200,78,10,sample_map,23,6kux
Docking-44,200,78,10,sample_map,25,6pdj
Docking-44,200,78,10,sample_map,26,6x3x
Docking-44,200,78,10,sample_map,27,6y1z
Docking-44,200,78,10,sample_map,34,8e9y
Docking-44,200,78,10,sample_map,36,8fhs
Docking-44,200,78,10,sample_map,39,8wty
Docking-44,200,79,6,full_map,4,2vt4
Docking-44,200,79,6,full_map,19,5u09
Docking-44,200,79,6,full_map,23,6kux
Docking-44,200,79,6,full_map,36,8fhs
Docking-44,200,79,6,full_map,38,8st0
Docking-44,200,79,6,full_map,40,8xvk
Docking-44,200,79,6,sample_map,7,3b66
Docking-44,200,79,6,sample_map,20,5va1
Docking-44,200,79,6,sample_map,30,7ljd
Docking-44,200,79,6,sample_map,31,7wc9
Docking-44,200,79,6,sample_map,36,8fhs
Docking-44,200,79,6,sample_map,39,8wty
Docking-44,200,79,8,full_map,4,2vt4
Docking-44,200,79,8,full_map,16,5cxv
Docking-44,200,79,8,full_map,19,5u09
Docking-44,200,79,8,full_map,23,6kux
Docking-44,200,79,8,full_map,34,8e9y
Docking-44,200,79,8,full_map,36,8fhs
Docking-44,200,79,8,full_map,38,8st0
Docking-44,200,79,8,full_map,40,8xvk
Docking-44,200,79,8,sample_map,7,3b66
Docking-44,200,79,8,sample_map,16,5cxv
Docking-44,200,79,8,sample_map,20,5va1
Docking-44,200,79,8,sample_map,23,6kux
Docking-44,200,79,8,sample_map,30,7ljd
Docking-44,200,79,8,sample_map,31,7wc9
Docking-44,200,79,8,sample_map,36,8fhs
Docking-44,200,79,8,sample_map,39,8wty
Docking-44,200,79,10,full_map,13,4iar
Docking-44,200,79,10,full_map,16,5cxv
Docking-44,200,79,10,full_map,19,5u09
Docking-44,200,79,10,full_map,21,6cm4
Docking-44,200,79,10,full_map,23,6kux
Docking-44,200,79,10,full_map,25,6pdj
Docking-44,200,79,10,full_map,30,7ljd
Docking-44,200,79,10,full_map,36,8fhs
Docking-44,200,79,10,full_map,38,8st0
Docking-44,200,79,10,full_map,40,8xvk
Docking-44,200,79,10,sample_map,7,3b66
Docking-44,200,79,10,sample_map,16,5cxv
Docking-44,200,79,10,sample_map,19,5u09
Docking-44,200,79,10,sample_map,20,5va1
Docking-44,200,79,10,sample_map,23,6kux
Docking-44,200,79,10,sample_map,30,7ljd
Docking-44,200,79,10,sample_map,31,7wc9
Docking-44,200,79,10,sample_map,36,8fhs
Docking-44,200,79,10,sample_map,39,8wty
Docking-44,200,79,10,sample_map,42,9eo4
Docking-44,200,80,6,full_map,4,2vt4
Docking-44,200,80,6,full_map,19,5u09
Docking-44,200,80,6,full_map,23,6kux
Docking-44,200,80,6,full_map,36,8fhs
Docking-44,200,80,6,full_map,38,8st0
Docking-44,200,80,6,full_map,40,8xvk
Docking-44,200,80,6,sample_map,12,4ey7
Docking-44,200,80,6,sample_map,17,5i71
Docking-44,200,80,6,sample_map,30,7ljd
Docking-44,200,80,6,sample_map,33,7ym8
Docking-44,200,80,6,sample_map,38,8st0
Docking-44,200,80,6,sample_map,43,V1A
Docking-44,200,80,8,full_map,4,2vt4
Docking-44,200,80,8,full_map,16,5cxv
Docking-44,200,80,8,full_map,19,5u09
Docking-44,200,80,8,full_map,23,6kux
Docking-44,200,80,8,full_map,34,8e9y
Docking-44,200,80,8,full_map,36,8fhs
Docking-44,200,80,8,full_map,38,8st0
Docking-44,200,80,8,full_map,40,8xvk
Docking-44,200,80,8,sample_map,12,4ey7
Docking-44,200,80,8,sample_map,17,5i71
Docking-44,200,80,8,sample_map,20,5va1
Docking-44,200,80,8,sample_map,30,7ljd
Docking-44,200,80,8,sample_map,37,8pjk
Docking-44,200,80,8,sample_map,38,8st0
Docking-44,200,80,8,sample_map,42,9eo4
Docking-44,200,80,8,sample_map,43,V1A
Docking-44,200,80,10,full_map,13,4iar
Docking-44,200,80,10,full_map,16,5cxv
Docking-44,200,80,10,full_map,19,5u09
Docking-44,200,80,10,full_map,21,6cm4
Docking-44,200,80,10,full_map,23,6kux
Docking-44,200,80,10,full_map,25,6pdj
Docking-44,200,80,10,full_map,30,7ljd
Docking-44,200,80,10,full_map,36,8fhs
Docking-44,200,80,10,full_map,38,8st0
Docking-44,200,80,10,full_map,40,8xvk
Docking-44,200,80,10,sample_map,0,1m2z
Docking-44,200,80,10,sample_map,12,4ey7
Docking-44,200,80,10,sample_map,17,5i71
Docking-44,200,80,10,sample_map,19,5u09
Docking-44,200,80,10,sample_map,20,5va1
Docking-44,200,80,10,sample_map,21,6cm4
Docking-44,200,80,10,sample_map,23,6kux
Docking-44,200,80,10,sample_map,27,6y1z
Docking-44,200,80,10,sample_map,30,7ljd
Docking-44,200,80,10,sample_map,43,V1A
Docking-44,200,81,6,full_map,4,2vt4
Docking-44,200,81,6,full_map,19,5u09
Docking-44,200,81,6,full_map,23,6kux
Docking-44,200,81,6,full_map,36,8fhs
Docking-44,200,81,6,full_map,38,8st0
Docking-44,200,81,6,full_map,40,8xvk
Docking-44,200,81,6,sample_map,13,4iar
Docking-44,200,81,6,sample_map,19,5u09
Docking-44,200,81,6,sample_map,20,5va1
Docking-44,200,81,6,sample_map,26,6x3x
Docking-44,200,81,6,sample_map,34,8e9y
Docking-44,200,81,6,sample_map,36,8fhs
Docking-44,200,81,8,full_map,4,2vt4
Docking-44,200,81,8,full_map,16,5cxv
Docking-44,200,81,8,full_map,19,5u09
Docking-44,200,81,8,full_map,23,6kux
Docking-44,200,81,8,full_map,34,8e9y
Docking-44,200,81,8,full_map,36,8fhs
Docking-44,200,81,8,full_map,38,8st0
Docking-44,200,81,8,full_map,40,8xvk
Docking-44,200,81,8,sample_map,8,3kk6
Docking-44,200,81,8,sample_map,13,4iar
Docking-44,200,81,8,sample_map,16,5cxv
Docking-44,200,81,8,sample_map,19,5u09
Docking-44,200,81,8,sample_map,20,5va1
Docking-44,200,81,8,sample_map,26,6x3x
Docking-44,200,81,8,sample_map,34,8e9y
Docking-44,200,81,8,sample_map,36,8fhs
Docking-44,200,81,10,full_map,13,4iar
Docking-44,200,81,10,full_map,16,5cxv
Docking-44,200,81,10,full_map,19,5u09
Docking-44,200,81,10,full_map,21,6cm4
Docking-44,200,81,10,full_map,23,6kux
Docking-44,200,81,10,full_map,25,6pdj
Docking-44,200,81,10,full_map,30,7ljd
Docking-44,200,81,10,full_map,36,8fhs
Docking-44,200,81,10,full_map,38,8st0
Docking-44,200,81,10,full_map,40,8xvk
Docking-44,200,81,10,sample_map,8,3kk6
Docking-44,200,81,10,sample_map,13,4iar
Docking-44,200,81,10,sample_map,16,5cxv
Docking-44,200,81,10,sample_map,19,5u09
Docking-44,200,81,10,sample_map,20,5va1
Docking-44,200,81,10,sample_map,25,6pdj
Docking-44,200,81,10,sample_map,26,6x3x
Docking-44,200,81,10,sample_map,33,7ym8
Docking-44,200,81,10,sample_map,34,8e9y
Docking-44,200,81,10,sample_map,36,8fhs
Docking-44,200,82,6,full_map,4,2vt4
Docking-44,200,82,6,full_map,19,5u09
Docking-44,200,82,6,full_map,23,6kux
Docking-44,200,82,6,full_map,36,8fhs
Docking-44,200,82,6,full_map,38,8st0
Docking-44,200,82,6,full_map,40,8xvk
Docking-44,200,82,6,sample_map,2,1xoq
Docking-44,200,82,6,sample_map,13,4iar
Docking-44,200,82,6,sample_map,14,4mqs
Docking-44,200,82,6,sample_map,19,5u09
Docking-44,200,82,6,sample_map,26,6x3x
Docking-44,200,82,6,sample_map,36,8fhs
Docking-44,200,82,8,full_map,4,2vt4
Docking-44,200,82,8,full_map,16,5cxv
Docking-44,200,82,8,full_map,19,5u09
Docking-44,200,82,8,full_map,23,6kux
Docking-44,200,82,8,full_map,34,8e9y
Docking-44,200,82,8,full_map,36,8fhs
Docking-44,200,82,8,full_map,38,8st0
Docking-44,200,82,8,full_map,40,8xvk
Docking-44,200,82,8,sample_map,9,3ln1
Docking-44,200,82,8,sample_map,13,4iar
Docking-44,200,82,8,sample_map,16,5cxv
Docking-44,200,82,8,sample_map,20,5va1
Docking-44,200,82,8,sample_map,25,6pdj
Docking-44,200,82,8,sample_map,26,6x3x
Docking-44,200,82,8,sample_map,36,8fhs
Docking-44,200,82,8,sample_map,42,9eo4
Docking-44,200,82,10,full_map,13,4iar
Docking-44,200,82,10,full_map,16,5cxv
Docking-44,200,82,10,full_map,19,5u09
Docking-44,200,82,10,full_map,21,6cm4
Docking-44,200,82,10,full_map,23,6kux
Docking-44,200,82,10,full_map,25,6pdj
Docking-44,200,82,10,full_map,30,7ljd
Docking-44,200,82,10,full_map,36,8fhs
Docking-44,200,82,10,full_map,38,8st0
Docking-44,200,82,10,full_map,40,8xvk
Docking-44,200,82,10,sample_map,13,4iar
Docking-44,200,82,10,sample_map,14,4mqs
Docking-44,200,82,10,sample_map,16,5cxv
Docking-44,200,82,10,sample_map,17,5i71
Docking-44,200,82,10,sample_map,19,5u09
Docking-44,200,82,10,sample_map,21,6cm4
Docking-44,200,82,10,sample_map,25,6pdj
Docking-44,200,82,10,sample_map,26,6x3x
Docking-44,200,82,10,sample_map,36,8fhs
Docking-44,200,82,10,sample_map,42,9eo4
Docking-44,200,83,6,full_map,4,2vt4
Docking-44,200,83,6,full_map,19,5u09
Docking-44,200,83,6,full_map,23,6kux
Docking-44,200,83,6,full_map,36,8fhs
Docking-44,200,83,6,full_map,38,8st0
Docking-44,200,83,6,full_map,40,8xvk
Docking-44,200,83,6,sample_map,13,4iar
Docking-44,200,83,6,sample_map,16,5cxv
Docking-44,200,83,6,sample_map,17,5i71
Docking-44,200,83,6,sample_map,20,5va1
Docking-44,200,83,6,sample_map,33,7ym8
Docking-44,200,83,6,sample_map,36,8fhs
Docking-44,200,83,8,full_map,4,2vt4
Docking-44,200,83,8,full_map,16,5cxv
Docking-44,200,83,8,full_map,19,5u09
Docking-44,200,83,8,full_map,23,6kux
Docking-44,200,83,8,full_map,34,8e9y
Docking-44,200,83,8,full_map,36,8fhs
Docking-44,200,83,8,full_map,38,8st0
Docking-44,200,83,8,full_map,40,8xvk
Docking-44,200,83,8,sample_map,6,2z5x
Docking-44,200,83,8,sample_map,13,4iar
Docking-44,200,83,8,sample_map,16,5cxv
Docking-44,200,83,8,sample_map,17,5i71
Docking-44,200,83,8,sample_map,19,5u09
Docking-44,200,83,8,sample_map,20,5va1
Docking-44,200,83,8,sample_map,21,6cm4
Docking-44,200,83,8,sample_map,36,8fhs
Docking-44,200,83,10,full_map,13,4iar
Docking-44,200,83,10,full_map,16,5cxv
Docking-44,200,83,10,full_map,19,5u09
Docking-44,200,83,10,full_map,21,6cm4
Docking-44,200,83,10,full_map,23,6kux
Docking-44,200,83,10,full_map,25,6pdj
Docking-44,200,83,10,full_map,30,7ljd
Docking-44,200,83,10,full_map,36,8fhs
Docking-44,200,83,10,full_map,38,8st0
Docking-44,200,83,10,full_map,40,8xvk
Docking-44,200,83,10,sample_map,6,2z5x
Docking-44,200,83,10,sample_map,8,3kk6
Docking-44,200,83,10,sample_map,13,4iar
Docking-44,200,83,10,sample_map,14,4mqs
Docking-44,200,83,10,sample_map,16,5cxv
Docking-44,200,83,10,sample_map,19,5u09
Docking-44,200,83,10,sample_map,20,5va1
Docking-44,200,83,10,sample_map,21,6cm4
Docking-44,200,83,10,sample_map,23,6kux
Docking-44,200,83,10,sample_map,36,8fhs
Docking-44,200,84,6,full_map,4,2vt4
Docking-44,200,84,6,full_map,19,5u09
Docking-44,200,84,6,full_map,23,6kux
Docking-44,200,84,6,full_map,36,8fhs
Docking-44,200,84,6,full_map,38,8st0
Docking-44,200,84,6,full_map,40,8xvk
Docking-44,200,84,6,sample_map,4,2vt4
Docking-44,200,84,6,sample_map,14,4mqs
Docking-44,200,84,6,sample_map,16,5cxv
Docking-44,200,84,6,sample_map,20,5va1
Docking-44,200,84,6,sample_map,36,8fhs
Docking-44,200,84,6,sample_map,42,9eo4
Docking-44,200,84,8,full_map,4,2vt4
Docking-44,200,84,8,full_map,16,5cxv
Docking-44,200,84,8,full_map,19,5u09
Docking-44,200,84,8,full_map,23,6kux
Docking-44,200,84,8,full_map,34,8e9y
Docking-44,200,84,8,full_map,36,8fhs
Docking-44,200,84,8,full_map,38,8st0
Docking-44,200,84,8,full_map,40,8xvk
Docking-44,200,84,8,sample_map,4,2vt4
Docking-44,200,84,8,sample_map,14,4mqs
Docking-44,200,84,8,sample_map,16,5cxv
Docking-44,200,84,8,sample_map,20,5va1
Docking-44,200,84,8,sample_map,21,6cm4
Docking-44,200,84,8,sample_map,34,8e9y
Docking-44,200,84,8,sample_map,36,8fhs
Docking-44,200,84,8,sample_map,42,9eo4
Docking-44,200,84,10,full_map,13,4iar
Docking-44,200,84,10,full_map,16,5cxv
Docking-44,200,84,10,full_map,19,5u09
Docking-44,200,84,10,full_map,21,6cm4
Docking-44,200,84,10,full_map,23,6kux
Docking-44,200,84,10,full_map,25,6pdj
Docking-44,200,84,10,full_map,30,7ljd
Docking-44,200,84,10,full_map,36,8fhs
Docking-44,200,84,10,full_map,38,8st0
Docking-44,200,84,10,full_map,40,8xvk
Docking-44,200,84,10,sample_map,4,2vt4
Docking-44,200,84,10,sample_map,14,4mqs
Docking-44,200,84,10,sample_map,16,5cxv
Docking-44,200,84,10,sample_map,20,5va1
Docking-44,200,84,10,sample_map,21,6cm4
Docking-44,200,84,10,sample_map,23,6kux
Docking-44,200,84,10,sample_map,25,6pdj
Docking-44,200,84,10,sample_map,34,8e9y
Docking-44,200,84,10,sample_map,36,8fhs
Docking-44,200,84,10,sample_map,42,9eo4
Docking-44,200,85,6,full_map,4,2vt4
Docking-44,200,85,6,full_map,19,5u09
Docking-44,200,85,6,full_map,23,6kux
Docking-44,200,85,6,full_map,36,8fhs
Docking-44,200,85,6,full_map,38,8st0
Docking-44,200,85,6,full_map,40,8xvk
Docking-44,200,85,6,sample_map,13,4iar
Docking-44,200,85,6,sample_map,16,5cxv
Docking-44,200,85,6,sample_map,18,5tvn
Docking-44,200,85,6,sample_map,25,6pdj
Docking-44,200,85,6,sample_map,36,8fhs
Docking-44,200,85,6,sample_map,40,8xvk
Docking-44,200,85,8,full_map,4,2vt4
Docking-44,200,85,8,full_map,16,5cxv
Docking-44,200,85,8,full_map,19,5u09
Docking-44,200,85,8,full_map,23,6kux
Docking-44,200,85,8,full_map,34,8e9y
Docking-44,200,85,8,full_map,36,8fhs
Docking-44,200,85,8,full_map,38,8st0
Docking-44,200,85,8,full_map,40,8xvk
Docking-44,200,85,8,sample_map,4,2vt4
Docking-44,200,85,8,sample_map,17,5i71
Docking-44,200,85,8,sample_map,21,6cm4
Docking-44,200,85,8,sample_map,25,6pdj
Docking-44,200,85,8,sample_map,34,8e9y
Docking-44,200,85,8,sample_map,36,8fhs
Docking-44,200,85,8,sample_map,40,8xvk
Docking-44,200,85,8,sample_map,42,9eo4
Docking-44,200,85,10,full_map,13,4iar
Docking-44,200,85,10,full_map,16,5cxv
Docking-44,200,85,10,full_map,19,5u09
Docking-44,200,85,10,full_map,21,6cm4
Docking-44,200,85,10,full_map,23,6kux
Docking-44,200,85,10,full_map,25,6pdj
Docking-44,200,85,10,full_map,30,7ljd
Docking-44,200,85,10,full_map,36,8fhs
Docking-44,200,85,10,full_map,38,8st0
Docking-44,200,85,10,full_map,40,8xvk
Docking-44,200,85,10,sample_map,4,2vt4
Docking-44,200,85,10,sample_map,5,2ydo
Docking-44,200,85,10,sample_map,16,5cxv
Docking-44,200,85,10,sample_map,17,5i71
Docking-44,200,85,10,sample_map,21,6cm4
Docking-44,200,85,10,sample_map,22,6kpf
Docking-44,200,85,10,sample_map,25,6pdj
Docking-44,200,85,10,sample_map,34,8e9y
Docking-44,200,85,10,sample_map,36,8fhs
Docking-44,200,85,10,sample_map,40,8xvk
Docking-44,200,86,6,full_map,4,2vt4
Docking-44,200,86,6,full_map,19,5u09
Docking-44,200,86,6,full_map,23,6kux
Docking-44,200,86,6,full_map,36,8fhs
Docking-44,200,86,6,full_map,38,8st0
Docking-44,200,86,6,full_map,40,8xvk
Docking-44,200,86,6,sample_map,0,1m2z
Docking-44,200,86,6,sample_map,17,5i71
Docking-44,200,86,6,sample_map,19,5u09
Docking-44,200,86,6,sample_map,20,5va1
Docking-44,200,86,6,sample_map,27,6y1z
Docking-44,200,86,6,sample_map,36,8fhs
Docking-44,200,86,8,full_map,4,2vt4
Docking-44,200,86,8,full_map,16,5cxv
Docking-44,200,86,8,full_map,19,5u09
Docking-44,200,86,8,full_map,23,6kux
Docking-44,200,86,8,full_map,34,8e9y
Docking-44,200,86,8,full_map,36,8fhs
Docking-44,200,86,8,full_map,38,8st0
Docking-44,200,86,8,full_map,40,8xvk
Docking-44,200,86,8,sample_map,0,1m2z
Docking-44,200,86,8,sample_map,17,5i71
Docking-44,200,86,8,sample_map,19,5u09
Docking-44,200,86,8,sample_map,20,5va1
Docking-44,200,86,8,sample_map,23,6kux
Docking-44,200,86,8,sample_map,27,6y1z
Docking-44,200,86,8,sample_map,34,8e9y
Docking-44,200,86,8,sample_map,36,8fhs
Docking-44,200,86,10,full_map,13,4iar
Docking-44,200,86,10,full_map,16,5cxv
Docking-44,200,86,10,full_map,19,5u09
Docking-44,200,86,10,full_map,21,6cm4
Docking-44,200,86,10,full_map,23,6kux
Docking-44,200,86,10,full_map,25,6pdj
Docking-44,200,86,10,full_map,30,7ljd
Docking-44,200,86,10,full_map,36,8fhs
Docking-44,200,86,10,full_map,38,8st0
Docking-44,200,86,10,full_map,40,8xvk
Docking-44,200,86,10,sample_map,0,1m2z
Docking-44,200,86,10,sample_map,2,1xoq
Docking-44,200,86,10,sample_map,16,5cxv
Docking-44,200,86,10,sample_map,17,5i71
Docking-44,200,86,10,sample_map,19,5u09
Docking-44,200,86,10,sample_map,20,5va1
Docking-44,200,86,10,sample_map,23,6kux
Docking-44,200,86,10,sample_map,27,6y1z
Docking-44,200,86,10,sample_map,34,8e9y
Docking-44,200,86,10,sample_map,36,8fhs
Docking-44,200,87,6,full_map,4,2vt4
Docking-44,200,87,6,full_map,19,5u09
Docking-44,200,87,6,full_map,23,6kux
Docking-44,200,87,6,full_map,36,8fhs
Docking-44,200,87,6,full_map,38,8st0
Docking-44,200,87,6,full_map,40,8xvk
Docking-44,200,87,6,sample_map,4,2vt4
Docking-44,200,87,6,sample_map,22,6kpf
Docking-44,200,87,6,sample_map,31,7wc9
Docking-44,200,87,6,sample_map,33,7ym8
Docking-44,200,87,6,sample_map,36,8fhs
Docking-44,200,87,6,sample_map,39,8wty
Docking-44,200,87,8,full_map,4,2vt4
Docking-44,200,87,8,full_map,16,5cxv
Docking-44,200,87,8,full_map,19,5u09
Docking-44,200,87,8,full_map,23,6kux
Docking-44,200,87,8,full_map,34,8e9y
Docking-44,200,87,8,full_map,36,8fhs
Docking-44,200,87,8,full_map,38,8st0
Docking-44,200,87,8,full_map,40,8xvk
Docking-44,200,87,8,sample_map,4,2vt4
Docking-44,200,87,8,sample_map,20,5va1
Docking-44,200,87,8,sample_map,21,6cm4
Docking-44,200,87,8,sample_map,23,6kux
Docking-44,200,87,8,sample_map,31,7wc9
Docking-44,200,87,8,sample_map,33,7ym8
Docking-44,200,87,8,sample_map,36,8fhs
Docking-44,200,87,8,sample_map,39,8wty
Docking-44,200,87,10,full_map,13,4iar
Docking-44,200,87,10,full_map,16,5cxv
Docking-44,200,87,10,full_map,19,5u09
Docking-44,200,87,10,full_map,21,6cm4
Docking-44,200,87,10,full_map,23,6kux
Docking-44,200,87,10,full_map,25,6pdj
Docking-44,200,87,10,full_map,30,7ljd
Docking-44,200,87,10,full_map,36,8fhs
Docking-44,200,87,10,full_map,38,8st0
Docking-44,200,87,10,full_map,40,8xvk
Docking-44,200,87,10,sample_map,0,1m2z
Docking-44,200,87,10,sample_map,4,2vt4
Docking-44,200,87,10,sample_map,19,5u09
Docking-44,200,87,10,sample_map,20,5va1
Docking-44,200,87,10,sample_map,21,6cm4
Docking-44,200,87,10,sample_map,23,6kux
Docking-44,200,87,10,sample_map,31,7wc9
Docking-44,200,87,10,sample_map,33,7ym8
Docking-44,200,87,10,sample_map,36,8fhs
Docking-44,200,87,10,sample_map,39,8wty
Docking-44,200,88,6,full_map,4,2vt4
Docking-44,200,88,6,full_map,19,5u09
Docking-44,200,88,6,full_map,23,6kux
Docking-44,200,88,6,full_map,36,8fhs
Docking-44,200,88,6,full_map,38,8st0
Docking-44,200,88,6,full_map,40,8xvk
Docking-44,200,88,6,sample_map,13,4iar
Docking-44,200,88,6,sample_map,19,5u09
Docking-44,200,88,6,sample_map,20,5va1
Docking-44,200,88,6,sample_map,30,7ljd
Docking-44,200,88,6,sample_map,36,8fhs
Docking-44,200,88,6,sample_map,39,8wty
Docking-44,200,88,8,full_map,4,2vt4
Docking-44,200,88,8,full_map,16,5cxv
Docking-44,200,88,8,full_map,19,5u09
Docking-44,200,88,8,full_map,23,6kux
Docking-44,200,88,8,full_map,34,8e9y
Docking-44,200,88,8,full_map,36,8fhs
Docking-44,200,88,8,full_map,38,8st0
Docking-44,200,88,8,full_map,40,8xvk
Docking-44,200,88,8,sample_map,13,4iar
Docking-44,200,88,8,sample_map,16,5cxv
Docking-44,200,88,8,sample_map,19,5u09
Docking-44,200,88,8,sample_map,20,5va1
Docking-44,200,88,8,sample_map,23,6kux
Docking-44,200,88,8,sample_map,30,7ljd
Docking-44,200,88,8,sample_map,36,8fhs
Docking-44,200,88,8,sample_map,39,8wty
Docking-44,200,88,10,full_map,13,4iar
Docking-44,200,88,10,full_map,16,5cxv
Docking-44,200,88,10,full_map,19,5u09
Docking-44,200,88,10,full_map,21,6cm4
Docking-44,200,88,10,full_map,23,6kux
Docking-44,200,88,10,full_map,25,6pdj
Docking-44,200,88,10,full_map,30,7ljd
Docking-44,200,88,10,full_map,36,8fhs
Docking-44,200,88,10,full_map,38,8st0
Docking-44,200,88,10,full_map,40,8xvk
Docking-44,200,88,10,sample_map,12,4ey7
Docking-44,200,88,10,sample_map,13,4iar
Docking-44,200,88,10,sample_map,16,5cxv
Docking-44,200,88,10,sample_map,19,5u09
Docking-44,200,88,10,sample_map,20,5va1
Docking-44,200,88,10,sample_map,23,6kux
Docking-44,200,88,10,sample_map,26,6x3x
Docking-44,200,88,10,sample_map,30,7ljd
Docking-44,200,88,10,sample_map,36,8fhs
Docking-44,200,88,10,sample_map,39,8wty
Docking-44,200,89,6,full_map,4,2vt4
Docking-44,200,89,6,full_map,19,5u09
Docking-44,200,89,6,full_map,23,6kux
Docking-44,200,89,6,full_map,36,8fhs
Docking-44,200,89,6,full_map,38,8st0
Docking-44,200,89,6,full_map,40,8xvk
Docking-44,200,89,6,sample_map,13,4iar
Docking-44,200,89,6,sample_map,20,5va1
Docking-44,200,89,6,sample_map,28,7f8y
Docking-44,200,89,6,sample_map,30,7ljd
Docking-44,200,89,6,sample_map,36,8fhs
Docking-44,200,89,6,sample_map,42,9eo4
Docking-44,200,89,8,full_map,4,2vt4
Docking-44,200,89,8,full_map,16,5cxv
Docking-44,200,89,8,full_map,19,5u09
Docking-44,200,89,8,full_map,23,6kux
Docking-44,200,89,8,full_map,34,8e9y
Docking-44,200,89,8,full_map,36,8fhs
Docking-44,200,89,8,full_map,38,8st0
Docking-44,200,89,8,full_map,40,8xvk
Docking-44,200,89,8,sample_map,13,4iar
Docking-44,200,89,8,sample_map,20,5va1
Docking-44,200,89,8,sample_map,27,6y1z
Docking-44,200,89,8,sample_map,28,7f8y
Docking-44,200,89,8,sample_map,30,7ljd
Docking-44,200,89,8,sample_map,36,8fhs
Docking-44,200,89,8,sample_map,38,8st0
Docking-44,200,89,8,sample_map,42,9eo4
Docking-44,200,89,10,full_map,13,4iar
Docking-44,200,89,10,full_map,16,5cxv
Docking-44,200,89,10,full_map,19,5u09
Docking-44,200,89,10,full_map,21,6cm4
Docking-44,200,89,10,full_map,23,6kux
Docking-44,200,89,10,full_map,25,6pdj
Docking-44,200,89,10,full_map,30,7ljd
Docking-44,200,89,10,full_map,36,8fhs
Docking-44,200,89,10,full_map,38,8st0
Docking-44,200,89,10,full_map,40,8xvk
Docking-44,200,89,10,sample_map,5,2ydo
Docking-44,200,89,10,sample_map,6,2z5x
Docking-44,200,89,10,sample_map,13,4iar
Docking-44,200,89,10,sample_map,20,5va1
Docking-44,200,89,10,sample_map,27,6y1z
Docking-44,200,89,10,sample_map,28,7f8y
Docking-44,200,89,10,sample_map,30,7ljd
Docking-44,200,89,10,sample_map,36,8fhs
Docking-44,200,89,10,sample_map,38,8st0
Docking-44,200,89,10,sample_map,42,9eo4
Docking-44,200,90,6,full_map,4,2vt4
Docking-44,200,90,6,full_map,19,5u09
Docking-44,200,90,6,full_map,23,6kux
Docking-44,200,90,6,full_map,36,8fhs
Docking-44,200,90,6,full_map,38,8st0
Docking-44,200,90,6,full_map,40,8xvk
Docking-44,200,90,6,sample_map,4,2vt4
Docking-44,200,90,6,sample_map,9,3ln1
Docking-44,200,90,6,sample_map,14,4mqs
Docking-44,200,90,6,sample_map,32,7xnk
Docking-44,200,90,6,sample_map,36,8fhs
Docking-44,200,90,6,sample_map,39,8wty
Docking-44,200,90,8,full_map,4,2vt4
Docking-44,200,90,8,full_map,16,5cxv
Docking-44,200,90,8,full_map,19,5u09
Docking-44,200,90,8,full_map,23,6kux
Docking-44,200,90,8,full_map,34,8e9y
Docking-44,200,90,8,full_map,36,8fhs
Docking-44,200,90,8,full_map,38,8st0
Docking-44,200,90,8,full_map,40,8xvk
Docking-44,200,90,8,sample_map,0,1m2z
Docking-44,200,90,8,sample_map,4,2vt4
Docking-44,200,90,8,sample_map,9,3ln1
Docking-44,200,90,8,sample_map,20,5va1
Docking-44,200,90,8,sample_map,22,6kpf
Docking-44,200,90,8,sample_map,23,6kux
Docking-44,200,90,8,sample_map,36,8fhs
Docking-44,200,90,8,sample_map,39,8wty
Docking-44,200,90,10,full_map,13,4iar
Docking-44,200,90,10,full_map,16,5cxv
Docking-44,200,90,10,full_map,19,5u09
Docking-44,200,90,10,full_map,21,6cm4
Docking-44,200,90,10,full_map,23,6kux
Docking-44,200,90,10,full_map,25,6pdj
Docking-44,200,90,10,full_map,30,7ljd
Docking-44,200,90,10,full_map,36,8fhs
Docking-44,200,90,10,full_map,38,8st0
Docking-44,200,90,10,full_map,40,8xvk
Docking-44,200,90,10,sample_map,0,1m2z
Docking-44,200,90,10,sample_map,4,2vt4
Docking-44,200,90,10,sample_map,14,4mqs
Docking-44,200,90,10,sample_map,20,5va1
Docking-44,200,90,10,sample_map,21,6cm4
Docking-44,200,90,10,sample_map,22,6kpf
Docking-44,200,90,10,sample_map,23,6kux
Docking-44,200,90,10,sample_map,34,8e9y
Docking-44,200,90,10,sample_map,36,8fhs
Docking-44,200,90,10,sample_map,39,8wty
Docking-44,200,91,6,full_map,4,2vt4
Docking-44,200,91,6,full_map,19,5u09
Docking-44,200,91,6,full_map,23,6kux
Docking-44,200,91,6,full_map,36,8fhs
Docking-44,200,91,6,full_map,38,8st0
Docking-44,200,91,6,full_map,40,8xvk
Docking-44,200,91,6,sample_map,14,4mqs
Docking-44,200,91,6,sample_map,17,5i71
Docking-44,200,91,6,sample_map,19,5u09
Docking-44,200,91,6,sample_map,21,6cm4
Docking-44,200,91,6,sample_map,28,7f8y
Docking-44,200,91,6,sample_map,43,V1A
Docking-44,200,91,8,full_map,4,2vt4
Docking-44,200,91,8,full_map,16,5cxv
Docking-44,200,91,8,full_map,19,5u09
Docking-44,200,91,8,full_map,23,6kux
Docking-44,200,91,8,full_map,34,8e9y
Docking-44,200,91,8,full_map,36,8fhs
Docking-44,200,91,8,full_map,38,8st0
Docking-44,200,91,8,full_map,40,8xvk
Docking-44,200,91,8,sample_map,7,3b66
Docking-44,200,91,8,sample_map,14,4mqs
Docking-44,200,91,8,sample_map,16,5cxv
Docking-44,200,91,8,sample_map,17,5i71
Docking-44,200,91,8,sample_map,19,5u09
Docking-44,200,91,8,sample_map,21,6cm4
Docking-44,200,91,8,sample_map,28,7f8y
Docking-44,200,91,8,sample_map,43,V1A
Docking-44,200,91,10,full_map,13,4iar
Docking-44,200,91,10,full_map,16,5cxv
Docking-44,200,91,10,full_map,19,5u09
Docking-44,200,91,10,full_map,21,6cm4
Docking-44,200,91,10,full_map,23,6kux
Docking-44,200,91,10,full_map,25,6pdj
Docking-44,200,91,10,full_map,30,7ljd
Docking-44,200,91,10,full_map,36,8fhs
Docking-44,200,91,10,full_map,38,8st0
Docking-44,200,91,10,full_map,40,8xvk
Docking-44,200,91,10,sample_map,7,3b66
Docking-44,200,91,10,sample_map,11,4djh
Docking-44,200,91,10,sample_map,14,4mqs
Docking-44,200,91,10,sample_map,16,5cxv
Docking-44,200,91,10,sample_map,17,5i71
Docking-44,200,91,10,sample_map,19,5u09
Docking-44,200,91,10,sample_map,21,6cm4
Docking-44,200,91,10,sample_map,28,7f8y
Docking-44,200,91,10,sample_map,33,7ym8
Docking-44,200,91,10,sample_map,43,V1A
Docking-44,200,92,6,full_map,4,2vt4
Docking-44,200,92,6,full_map,19,5u09
Docking-44,200,92,6,full_map,23,6kux
Docking-44,200,92,6,full_map,36,8fhs
Docking-44,200,92,6,full_map,38,8st0
Docking-44,200,92,6,full_map,40,8xvk
Docking-44,200,92,6,sample_map,5,2ydo
Docking-44,200,92,6,sample_map,13,4iar
Docking-44,200,92,6,sample_map,20,5va1
Docking-44,200,92,6,sample_map,21,6cm4
Docking-44,200,92,6,sample_map,36,8fhs
Docking-44,200,92,6,sample_map,42,9eo4
Docking-44,200,92,8,full_map,4,2vt4
Docking-44,200,92,8,full_map,16,5cxv
Docking-44,200,92,8,full_map,19,5u09
Docking-44,200,92,8,full_map,23,6kux
Docking-44,200,92,8,full_map,34,8e9y
Docking-44,200,92,8,full_map,36,8fhs
Docking-44,200,92,8,full_map,38,8st0
Docking-44,200,92,8,full_map,40,8xvk
Docking-44,200,92,8,sample_map,5,2ydo
Docking-44,200,92,8,sample_map,12,4ey7
Docking-44,200,92,8,sample_map,13,4iar
Docking-44,200,92,8,sample_map,20,5va1
Docking-44,200,92,8,sample_map,21,6cm4
Docking-44,200,92,8,sample_map,23,6kux
Docking-44,200,92,8,sample_map,36,8fhs
Docking-44,200,92,8,sample_map,42,9eo4
Docking-44,200,92,10,full_map,13,4iar
Docking-44,200,92,10,full_map,16,5cxv
Docking-44,200,92,10,full_map,19,5u09
Docking-44,200,92,10,full_map,21,6cm4
Docking-44,200,92,10,full_map,23,6kux
Docking-44,200,92,10,full_map,25,6pdj
Docking-44,200,92,10,full_map,30,7ljd
Docking-44,200,92,10,full_map,36,8fhs
Docking-44,200,92,10,full_map,38,8st0
Docking-44,200,92,10,full_map,40,8xvk
Docking-44,200,92,10,sample_map,5,2ydo
Docking-44,200,92,10,sample_map,12,4ey7
Docking-44,200,92,10,sample_map,13,4iar
Docking-44,200,92,10,sample_map,20,5va1
Docking-44,200,92,10,sample_map,21,6cm4
Docking-44,200,92,10,sample_map,23,6kux
Docking-44,200,92,10,sample_map,25,6pdj
Docking-44,200,92,10,sample_map,27,6y1z
Docking-44,200,92,10,sample_map,36,8fhs
Docking-44,200,92,10,sample_map,42,9eo4
Docking-44,200,93,6,full_map,4,2vt4
Docking-44,200,93,6,full_map,19,5u09
Docking-44,200,93,6,full_map,23,6kux
Docking-44,200,93,6,full_map,36,8fhs
Docking-44,200,93,6,full_map,38,8st0
Docking-44,200,93,6,full_map,40,8xvk
Docking-44,200,93,6,sample_map,4,2vt4
Docking-44,200,93,6,sample_map,6,2z5x
Docking-44,200,93,6,sample_map,9,3ln1
Docking-44,200,93,6,sample_map,12,4ey7
Docking-44,200,93,6,sample_map,30,7ljd
Docking-44,200,93,6,sample_map,36,8fhs
Docking-44,200,93,8,full_map,4,2vt4
Docking-44,200,93,8,full_map,16,5cxv
Docking-44,200,93,8,full_map,19,5u09
Docking-44,200,93,8,full_map,23,6kux
Docking-44,200,93,8,full_map,34,8e9y
Docking-44,200,93,8,full_map,36,8fhs
Docking-44,200,93,8,full_map,38,8st0
Docking-44,200,93,8,full_map,40,8xvk
Docking-44,200,93,8,sample_map,4,2vt4
Docking-44,200,93,8,sample_map,6,2z5x
Docking-44,200,93,8,sample_map,23,6kux
Docking-44,200,93,8,sample_map,30,7ljd
Docking-44,200,93,8,sample_map,34,8e9y
Docking-44,200,93,8,sample_map,36,8fhs
Docking-44,200,93,8,sample_map,38,8st0
Docking-44,200,93,8,sample_map,40,8xvk
Docking-44,200,93,10,full_map,13,4iar
Docking-44,200,93,10,full_map,16,5cxv
Docking-44,200,93,10,full_map,19,5u09
Docking-44,200,93,10,full_map,21,6cm4
Docking-44,200,93,10,full_map,23,6kux
Docking-44,200,93,10,full_map,25,6pdj
Docking-44,200,93,10,full_map,30,7ljd
Docking-44,200,93,10,full_map,36,8fhs
Docking-44,200,93,10,full_map,38,8st0
Docking-44,200,93,10,full_map,40,8xvk
Docking-44,200,93,10,sample_map,4,2vt4
Docking-44,200,93,10,sample_map,5,2ydo
Docking-44,200,93,10,sample_map,6,2z5x
Docking-44,200,93,10,sample_map,12,4ey7
Docking-44,200,93,10,sample_map,22,6kpf
Docking-44,200,93,10,sample_map,23,6kux
Docking-44,200,93,10,sample_map,25,6pdj
Docking-44,200,93,10,sample_map,30,7ljd
Docking-44,200,93,10,sample_map,34,8e9y
Docking-44,200,93,10,sample_map,36,8fhs
Docking-44,200,94,6,full_map,4,2vt4
Docking-44,200,94,6,full_map,19,5u09
Docking-44,200,94,6,full_map,23,6kux
Docking-44,200,94,6,full_map,36,8fhs
Docking-44,200,94,6,full_map,38,8st0
Docking-44,200,94,6,full_map,40,8xvk
Docking-44,200,94,6,sample_map,13,4iar
Docking-44,200,94,6,sample_map,16,5cxv
Docking-44,200,94,6,sample_map,17,5i71
Docking-44,200,94,6,sample_map,20,5va1
Docking-44,200,94,6,sample_map,22,6kpf
Docking-44,200,94,6,sample_map,36,8fhs
Docking-44,200,94,8,full_map,4,2vt4
Docking-44,200,94,8,full_map,16,5cxv
Docking-44,200,94,8,full_map,19,5u09
Docking-44,200,94,8,full_map,23,6kux
Docking-44,200,94,8,full_map,34,8e9y
Docking-44,200,94,8,full_map,36,8fhs
Docking-44,200,94,8,full_map,38,8st0
Docking-44,200,94,8,full_map,40,8xvk
Docking-44,200,94,8,sample_map,13,4iar
Docking-44,200,94,8,sample_map,16,5cxv
Docking-44,200,94,8,sample_map,17,5i71
Docking-44,200,94,8,sample_map,20,5va1
Docking-44,200,94,8,sample_map,22,6kpf
Docking-44,200,94,8,sample_map,30,7ljd
Docking-44,200,94,8,sample_map,36,8fhs
Docking-44,200,94,8,sample_map,38,8st0
Docking-44,200,94,10,full_map,13,4iar
Docking-44,200,94,10,full_map,16,5cxv
Docking-44,200,94,10,full_map,19,5u09
Docking-44,200,94,10,full_map,21,6cm4
Docking-44,200,94,10,full_map,23,6kux
Docking-44,200,94,10,full_map,25,6pdj
Docking-44,200,94,10,full_map,30,7ljd
Docking-44,200,94,10,full_map,36,8fhs
Docking-44,200,94,10,full_map,38,8st0
Docking-44,200,94,10,full_map,40,8xvk
Docking-44,200,94,10,sample_map,5,2ydo
Docking-44,200,94,10,sample_map,13,4iar
Docking-44,200,94,10,sample_map,16,5cxv
Docking-44,200,94,10,sample_map,17,5i71
Docking-44,200,94,10,sample_map,20,5va1
Docking-44,200,94,10,sample_map,22,6kpf
Docking-44,200,94,10,sample_map,25,6pdj
Docking-44,200,94,10,sample_map,30,7ljd
Docking-44,200,94,10,sample_map,36,8fhs
Docking-44,200,94,10,sample_map,38,8st0
Docking-44,200,95,6,full_map,4,2vt4
Docking-44,200,95,6,full_map,19,5u09
Docking-44,200,95,6,full_map,23,6kux
Docking-44,200,95,6,full_map,36,8fhs
Docking-44,200,95,6,full_map,38,8st0
Docking-44,200,95,6,full_map,40,8xvk
Docking-44,200,95,6,sample_map,0,1m2z
Docking-44,200,95,6,sample_map,19,5u09
Docking-44,200,95,6,sample_map,34,8e9y
Docking-44,200,95,6,sample_map,36,8fhs
Docking-44,200,95,6,sample_map,39,8wty
Docking-44,200,95,6,sample_map,40,8xvk
Docking-44,200,95,8,full_map,4,2vt4
Docking-44,200,95,8,full_map,16,5cxv
Docking-44,200,95,8,full_map,19,5u09
Docking-44,200,95,8,full_map,23,6kux
Docking-44,200,95,8,full_map,34,8e9y
Docking-44,200,95,8,full_map,36,8fhs
Docking-44,200,95,8,full_map,38,8st0
Docking-44,200,95,8,full_map,40,8xvk
Docking-44,200,95,8,sample_map,0,1m2z
Docking-44,200,95,8,sample_map,2,1xoq
Docking-44,200,95,8,sample_map,13,4iar
Docking-44,200,95,8,sample_map,14,4mqs
Docking-44,200,95,8,sample_map,19,5u09
Docking-44,200,95,8,sample_map,34,8e9y
Docking-44,200,95,8,sample_map,36,8fhs
Docking-44,200,95,8,sample_map,40,8xvk
Docking-44,200,95,10,full_map,13,4iar
Docking-44,200,95,10,full_map,16,5cxv
Docking-44,200,95,10,full_map,19,5u09
Docking-44,200,95,10,full_map,21,6cm4
Docking-44,200,95,10,full_map,23,6kux
Docking-44,200,95,10,full_map,25,6pdj
Docking-44,200,95,10,full_map,30,7ljd
Docking-44,200,95,10,full_map,36,8fhs
Docking-44,200,95,10,full_map,38,8st0
Docking-44,200,95,10,full_map,40,8xvk
Docking-44,200,95,10,sample_map,0,1m2z
Docking-44,200,95,10,sample_map,2,1xoq
Docking-44,200,95,10,sample_map,13,4iar
Docking-44,200,95,10,sample_map,14,4mqs
Docking-44,200,95,10,sample_map,19,5u09
Docking-44,200,95,10,sample_map,23,6kux
Docking-44,200,95,10,sample_map,27,6y1z
Docking-44,200,95,10,sample_map,34,8e9y
Docking-44,200,95,10,sample_map,36,8fhs
Docking-44,200,95,10,sample_map,40,8xvk
Docking-44,200,96,6,full_map,4,2vt4
Docking-44,200,96,6,full_map,19,5u09
Docking-44,200,96,6,full_map,23,6kux
Docking-44,200,96,6,full_map,36,8fhs
Docking-44,200,96,6,full_map,38,8st0
Docking-44,200,96,6,full_map,40,8xvk
Docking-44,200,96,6,sample_map,4,2vt4
Docking-44,200,96,6,sample_map,20,5va1
Docking-44,200,96,6,sample_map,32,7xnk
Docking-44,200,96,6,sample_map,34,8e9y
Docking-44,200,96,6,sample_map,36,8fhs
Docking-44,200,96,6,sample_map,39,8wty
Docking-44,200,96,8,full_map,4,2vt4
Docking-44,200,96,8,full_map,16,5cxv
Docking-44,200,96,8,full_map,19,5u09
Docking-44,200,96,8,full_map,23,6kux
Docking-44,200,96,8,full_map,34,8e9y
Docking-44,200,96,8,full_map,36,8fhs
Docking-44,200,96,8,full_map,38,8st0
Docking-44,200,96,8,full_map,40,8xvk
Docking-44,200,96,8,sample_map,2,1xoq
Docking-44,200,96,8,sample_map,13,4iar
Docking-44,200,96,8,sample_map,20,5va1
Docking-44,200,96,8,sample_map,32,7xnk
Docking-44,200,96,8,sample_map,33,7ym8
Docking-44,200,96,8,sample_map,34,8e9y
Docking-44,200,96,8,sample_map,36,8fhs
Docking-44,200,96,8,sample_map,38,8st0
Docking-44,200,96,10,full_map,13,4iar
Docking-44,200,96,10,full_map,16,5cxv
Docking-44,200,96,10,full_map,19,5u09
Docking-44,200,96,10,full_map,21,6cm4
Docking-44,200,96,10,full_map,23,6kux
Docking-44,200,96,10,full_map,25,6pdj
Docking-44,200,96,10,full_map,30,7ljd
Docking-44,200,96,10,full_map,36,8fhs
Docking-44,200,96,10,full_map,38,8st0
Docking-44,200,96,10,full_map,40,8xvk
Docking-44,200,96,10,sample_map,0,1m2z
Docking-44,200,96,10,sample_map,4,2vt4
Docking-44,200,96,10,sample_map,16,5cxv
Docking-44,200,96,10,sample_map,20,5va1
Docking-44,200,96,10,sample_map,32,7xnk
Docking-44,200,96,10,sample_map,33,7ym8
Docking-44,200,96,10,sample_map,34,8e9y
Docking-44,200,96,10,sample_map,36,8fhs
Docking-44,200,96,10,sample_map,38,8st0
Docking-44,200,96,10,sample_map,39,8wty
Docking-44,200,97,6,full_map,4,2vt4
Docking-44,200,97,6,full_map,19,5u09
Docking-44,200,97,6,full_map,23,6kux
Docking-44,200,97,6,full_map,36,8fhs
Docking-44,200,97,6,full_map,38,8st0
Docking-44,200,97,6,full_map,40,8xvk
Docking-44,200,97,6,sample_map,13,4iar
Docking-44,200,97,6,sample_map,16,5cxv
Docking-44,200,97,6,sample_map,19,5u09
Docking-44,200,97,6,sample_map,21,6cm4
Docking-44,200,97,6,sample_map,36,8fhs
Docking-44,200,97,6,sample_map,40,8xvk
Docking-44,200,97,8,full_map,4,2vt4
Docking-44,200,97,8,full_map,16,5cxv
Docking-44,200,97,8,full_map,19,5u09
Docking-44,200,97,8,full_map,23,6kux
Docking-44,200,97,8,full_map,34,8e9y
Docking-44,200,97,8,full_map,36,8fhs
Docking-44,200,97,8,full_map,38,8st0
Docking-44,200,97,8,full_map,40,8xvk
Docking-44,200,97,8,sample_map,13,4iar
Docking-44,200,97,8,sample_map,16,5cxv
Docking-44,200,97,8,sample_map,19,5u09
Docking-44,200,97,8,sample_map,21,6cm4
Docking-44,200,97,8,sample_map,23,6kux
Docking-44,200,97,8,sample_map,25,6pdj
Docking-44,200,97,8,sample_map,36,8fhs
Docking-44,200,97,8,sample_map,40,8xvk
Docking-44,200,97,10,full_map,13,4iar
Docking-44,200,97,10,full_map,16,5cxv
Docking-44,200,97,10,full_map,19,5u09
Docking-44,200,97,10,full_map,21,6cm4
Docking-44,200,97,10,full_map,23,6kux
Docking-44,200,97,10,full_map,25,6pdj
Docking-44,200,97,10,full_map,30,7ljd
Docking-44,200,97,10,full_map,36,8fhs
Docking-44,200,97,10,full_map,38,8st0
Docking-44,200,97,10,full_map,40,8xvk
Docking-44,200,97,10,sample_map,0,1m2z
Docking-44,200,97,10,sample_map,13,4iar
Docking-44,200,97,10,sample_map,16,5cxv
Docking-44,200,97,10,sample_map,19,5u09
Docking-44,200,97,10,sample_map,21,6cm4
Docking-44,200,97,10,sample_map,23,6kux
Docking-44,200,97,10,sample_map,25,6pdj
Docking-44,200,97,10,sample_map,27,6y1z
Docking-44,200,97,10,sample_map,36,8fhs
Docking-44,200,97,10,sample_map,40,8xvk
Docking-44,200,98,6,full_map,4,2vt4
Docking-44,200,98,6,full_map,19,5u09
Docking-44,200,98,6,full_map,23,6kux
Docking-44,200,98,6,full_map,36,8fhs
Docking-44,200,98,6,full_map,38,8st0
Docking-44,200,98,6,full_map,40,8xvk
Docking-44,200,98,6,sample_map,13,4iar
Docking-44,200,98,6,sample_map,20,5va1
Docking-44,200,98,6,sample_map,21,6cm4
Docking-44,200,98,6,sample_map,36,8fhs
Docking-44,200,98,6,sample_map,38,8st0
Docking-44,200,98,6,sample_map,42,9eo4
Docking-44,200,98,8,full_map,4,2vt4
Docking-44,200,98,8,full_map,16,5cxv
Docking-44,200,98,8,full_map,19,5u09
Docking-44,200,98,8,full_map,23,6kux
Docking-44,200,98,8,full_map,34,8e9y
Docking-44,200,98,8,full_map,36,8fhs
Docking-44,200,98,8,full_map,38,8st0
Docking-44,200,98,8,full_map,40,8xvk
Docking-44,200,98,8,sample_map,13,4iar
Docking-44,200,98,8,sample_map,16,5cxv
Docking-44,200,98,8,sample_map,19,5u09
Docking-44,200,98,8,sample_map,20,5va1
Docking-44,200,98,8,sample_map,21,6cm4
Docking-44,200,98,8,sample_map,30,7ljd
Docking-44,200,98,8,sample_map,36,8fhs
Docking-44,200,98,8,sample_map,38,8st0
Docking-44,200,98,10,full_map,13,4iar
Docking-44,200,98,10,full_map,16,5cxv
Docking-44,200,98,10,full_map,19,5u09
Docking-44,200,98,10,full_map,21,6cm4
Docking-44,200,98,10,full_map,23,6kux
Docking-44,200,98,10,full_map,25,6pdj
Docking-44,200,98,10,full_map,30,7ljd
Docking-44,200,98,10,full_map,36,8fhs
Docking-44,200,98,10,full_map,38,8st0
Docking-44,200,98,10,full_map,40,8xvk
Docking-44,200,98,10,sample_map,4,2vt4
Docking-44,200,98,10,sample_map,13,4iar
Docking-44,200,98,10,sample_map,16,5cxv
Docking-44,200,98,10,sample_map,19,5u09
Docking-44,200,98,10,sample_map,20,5va1
Docking-44,200,98,10,sample_map,21,6cm4
Docking-44,200,98,10,sample_map,23,6kux
Docking-44,200,98,10,sample_map,30,7ljd
Docking-44,200,98,10,sample_map,36,8fhs
Docking-44,200,98,10,sample_map,38,8st0
Docking-44,200,99,6,full_map,4,2vt4
Docking-44,200,99,6,full_map,19,5u09
Docking-44,200,99,6,full_map,23,6kux
Docking-44,200,99,6,full_map,36,8fhs
Docking-44,200,99,6,full_map,38,8st0
Docking-44,200,99,6,full_map,40,8xvk
Docking-44,200,99,6,sample_map,17,5i71
Docking-44,200,99,6,sample_map,18,5tvn
Docking-44,200,99,6,sample_map,20,5va1
Docking-44,200,99,6,sample_map,23,6kux
Docking-44,200,99,6,sample_map,31,7wc9
Docking-44,200,99,6,sample_map,36,8fhs
Docking-44,200,99,8,full_map,4,2vt4
Docking-44,200,99,8,full_map,16,5cxv
Docking-44,200,99,8,full_map,19,5u09
Docking-44,200,99,8,full_map,23,6kux
Docking-44,200,99,8,full_map,34,8e9y
Docking-44,200,99,8,full_map,36,8fhs
Docking-44,200,99,8,full_map,38,8st0
Docking-44,200,99,8,full_map,40,8xvk
Docking-44,200,99,8,sample_map,7,3b66
Docking-44,200,99,8,sample_map,17,5i71
Docking-44,200,99,8,sample_map,18,5tvn
Docking-44,200,99,8,sample_map,20,5va1
Docking-44,200,99,8,sample_map,21,6cm4
Docking-44,200,99,8,sample_map,25,6pdj
Docking-44,200,99,8,sample_map,31,7wc9
Docking-44,200,99,8,sample_map,36,8fhs
Docking-44,200,99,10,full_map,13,4iar
Docking-44,200,99,10,full_map,16,5cxv
Docking-44,200,99,10,full_map,19,5u09
Docking-44,200,99,10,full_map,21,6cm4
Docking-44,200,99,10,full_map,23,6kux
Docking-44,200,99,10,full_map,25,6pdj
Docking-44,200,99,10,full_map,30,7ljd
Docking-44,200,99,10,full_map,36,8fhs
Docking-44,200,99,10,full_map,38,8st0
Docking-44,200,99,10,full_map,40,8xvk
Docking-44,200,99,10,sample_map,0,1m2z
Docking-44,200,99,10,sample_map,16,5cxv
Docking-44,200,99,10,sample_map,17,5i71
Docking-44,200,99,10,sample_map,18,5tvn
Docking-44,200,99,10,sample_map,20,5va1
Docking-44,200,99,10,sample_map,21,6cm4
Docking-44,200,99,10,sample_map,23,6kux
Docking-44,200,99,10,sample_map,27,6y1z
Docking-44,200,99,10,sample_map,31,7wc9
Docking-44,200,99,10,sample_map,36,8fhs
Docking-44,500,0,6,full_map,4,2vt4
Docking-44,500,0,6,full_map,19,5u09
Docking-44,500,0,6,full_map,23,6kux
Docking-44,500,0,6,full_map,36,8fhs
Docking-44,500,0,6,full_map,38,8st0
Docking-44,500,0,6,full_map,40,8xvk
Docking-44,500,0,6,sample_map,4,2vt4
Docking-44,500,0,6,sample_map,19,5u09
Docking-44,500,0,6,sample_map,30,7ljd
Docking-44,500,0,6,sample_map,36,8fhs
Docking-44,500,0,6,sample_map,38,8st0
Docking-44,500,0,6,sample_map,43,V1A
Docking-44,500,0,8,full_map,4,2vt4
Docking-44,500,0,8,full_map,16,5cxv
Docking-44,500,0,8,full_map,19,5u09
Docking-44,500,0,8,full_map,23,6kux
Docking-44,500,0,8,full_map,34,8e9y
Docking-44,500,0,8,full_map,36,8fhs
Docking-44,500,0,8,full_map,38,8st0
Docking-44,500,0,8,full_map,40,8xvk
Docking-44,500,0,8,sample_map,4,2vt4
Docking-44,500,0,8,sample_map,5,2ydo
Docking-44,500,0,8,sample_map,19,5u09
Docking-44,500,0,8,sample_map,23,6kux
Docking-44,500,0,8,sample_map,30,7ljd
Docking-44,500,0,8,sample_map,36,8fhs
Docking-44,500,0,8,sample_map,38,8st0
Docking-44,500,0,8,sample_map,43,V1A
Docking-44,500,0,10,full_map,13,4iar
Docking-44,500,0,10,full_map,16,5cxv
Docking-44,500,0,10,full_map,19,5u09
Docking-44,500,0,10,full_map,21,6cm4
Docking-44,500,0,10,full_map,23,6kux
Docking-44,500,0,10,full_map,25,6pdj
Docking-44,500,0,10,full_map,30,7ljd
Docking-44,500,0,10,full_map,36,8fhs
Docking-44,500,0,10,full_map,38,8st0
Docking-44,500,0,10,full_map,40,8xvk
Docking-44,500,0,10,sample_map,4,2vt4
Docking-44,500,0,10,sample_map,5,2ydo
Docking-44,500,0,10,sample_map,19,5u09
Docking-44,500,0,10,sample_map,20,5va1
Docking-44,500,0,10,sample_map,21,6cm4
Docking-44,500,0,10,sample_map,23,6kux
Docking-44,500,0,10,sample_map,27,6y1z
Docking-44,500,0,10,sample_map,30,7ljd
Docking-44,500,0,10,sample_map,36,8fhs
Docking-44,500,0,10,sample_map,38,8st0
Docking-44,500,1,6,full_map,4,2vt4
Docking-44,500,1,6,full_map,19,5u09
Docking-44,500,1,6,full_map,23,6kux
Docking-44,500,1,6,full_map,36,8fhs
Docking-44,500,1,6,full_map,38,8st0
Docking-44,500,1,6,full_map,40,8xvk
Docking-44,500,1,6,sample_map,4,2vt4
Docking-44,500,1,6,sample_map,19,5u09
Docking-44,500,1,6,sample_map,20,5va1
Docking-44,500,1,6,sample_map,26,6x3x
Docking-44,500,1,6,sample_map,34,8e9y
Docking-44,500,1,6,sample_map,36,8fhs
Docking-44,500,1,8,full_map,4,2vt4
Docking-44,500,1,8,full_map,16,5cxv
Docking-44,500,1,8,full_map,19,5u09
Docking-44,500,1,8,full_map,23,6kux
Docking-44,500,1,8,full_map,34,8e9y
Docking-44,500,1,8,full_map,36,8fhs
Docking-44,500,1,8,full_map,38,8st0
Docking-44,500,1,8,full_map,40,8xvk
Docking-44,500,1,8,sample_map,4,2vt4
Docking-44,500,1,8,sample_map,16,5cxv
Docking-44,500,1,8,sample_map,19,5u09
Docking-44,500,1,8,sample_map,20,5va1
Docking-44,500,1,8,sample_map,23,6kux
Docking-44,500,1,8,sample_map,26,6x3x
Docking-44,500,1,8,sample_map,34,8e9y
Docking-44,500,1,8,sample_map,36,8fhs
Docking-44,500,1,10,full_map,13,4iar
Docking-44,500,1,10,full_map,16,5cxv
Docking-44,500,1,10,full_map,19,5u09
Docking-44,500,1,10,full_map,21,6cm4
Docking-44,500,1,10,full_map,23,6kux
Docking-44,500,1,10,full_map,25,6pdj
Docking-44,500,1,10,full_map,30,7ljd
Docking-44,500,1,10,full_map,36,8fhs
Docking-44,500,1,10,full_map,38,8st0
Docking-44,500,1,10,full_map,40,8xvk
Docking-44,500,1,10,sample_map,4,2vt4
Docking-44,500,1,10,sample_map,16,5cxv
Docking-44,500,1,10,sample_map,19,5u09
Docking-44,500,1,10,sample_map,20,5va1
Docking-44,500,1,10,sample_map,23,6kux
Docking-44,500,1,10,sample_map,25,6pdj
Docking-44,500,1,10,sample_map,26,6x3x
Docking-44,500,1,10,sample_map,30,7ljd
Docking-44,500,1,10,sample_map,34,8e9y
Docking-44,500,1,10,sample_map,36,8fhs
Docking-44,500,2,6,full_map,4,2vt4
Docking-44,500,2,6,full_map,19,5u09
Docking-44,500,2,6,full_map,23,6kux
Docking-44,500,2,6,full_map,36,8fhs
Docking-44,500,2,6,full_map,38,8st0
Docking-44,500,2,6,full_map,40,8xvk
Docking-44,500,2,6,sample_map,4,2vt4
Docking-44,500,2,6,sample_map,9,3ln1
Docking-44,500,2,6,sample_map,19,5u09
Docking-44,500,2,6,sample_map,35,8ef6
Docking-44,500,2,6,sample_map,38,8st0
Docking-44,500,2,6,sample_map,40,8xvk
Docking-44,500,2,8,full_map,4,2vt4
Docking-44,500,2,8,full_map,16,5cxv
Docking-44,500,2,8,full_map,19,5u09
Docking-44,500,2,8,full_map,23,6kux
Docking-44,500,2,8,full_map,34,8e9y
Docking-44,500,2,8,full_map,36,8fhs
Docking-44,500,2,8,full_map,38,8st0
Docking-44,500,2,8,full_map,40,8xvk
Docking-44,500,2,8,sample_map,4,2vt4
Docking-44,500,2,8,sample_map,9,3ln1
Docking-44,500,2,8,sample_map,19,5u09
Docking-44,500,2,8,sample_map,21,6cm4
Docking-44,500,2,8,sample_map,23,6kux
Docking-44,500,2,8,sample_map,35,8ef6
Docking-44,500,2,8,sample_map,38,8st0
Docking-44,500,2,8,sample_map,40,8xvk
Docking-44,500,2,10,full_map,13,4iar
Docking-44,500,2,10,full_map,16,5cxv
Docking-44,500,2,10,full_map,19,5u09
Docking-44,500,2,10,full_map,21,6cm4
Docking-44,500,2,10,full_map,23,6kux
Docking-44,500,2,10,full_map,25,6pdj
Docking-44,500,2,10,full_map,30,7ljd
Docking-44,500,2,10,full_map,36,8fhs
Docking-44,500,2,10,full_map,38,8st0
Docking-44,500,2,10,full_map,40,8xvk
Docking-44,500,2,10,sample_map,4,2vt4
Docking-44,500,2,10,sample_map,5,2ydo
Docking-44,500,2,10,sample_map,9,3ln1
Docking-44,500,2,10,sample_map,16,5cxv
Docking-44,500,2,10,sample_map,19,5u09
Docking-44,500,2,10,sample_map,21,6cm4
Docking-44,500,2,10,sample_map,23,6kux
Docking-44,500,2,10,sample_map,35,8ef6
Docking-44,500,2,10,sample_map,38,8st0
Docking-44,500,2,10,sample_map,40,8xvk
Docking-44,500,3,6,full_map,4,2vt4
Docking-44,500,3,6,full_map,19,5u09
Docking-44,500,3,6,full_map,23,6kux
Docking-44,500,3,6,full_map,36,8fhs
Docking-44,500,3,6,full_map,38,8st0
Docking-44,500,3,6,full_map,40,8xvk
Docking-44,500,3,6,sample_map,13,4iar
Docking-44,500,3,6,sample_map,16,5cxv
Docking-44,500,3,6,sample_map,19,5u09
Docking-44,500,3,6,sample_map,36,8fhs
Docking-44,500,3,6,sample_map,38,8st0
Docking-44,500,3,6,sample_map,40,8xvk
Docking-44,500,3,8,full_map,4,2vt4
Docking-44,500,3,8,full_map,16,5cxv
Docking-44,500,3,8,full_map,19,5u09
Docking-44,500,3,8,full_map,23,6kux
Docking-44,500,3,8,full_map,34,8e9y
Docking-44,500,3,8,full_map,36,8fhs
Docking-44,500,3,8,full_map,38,8st0
Docking-44,500,3,8,full_map,40,8xvk
Docking-44,500,3,8,sample_map,13,4iar
Docking-44,500,3,8,sample_map,16,5cxv
Docking-44,500,3,8,sample_map,19,5u09
Docking-44,500,3,8,sample_map,27,6y1z
Docking-44,500,3,8,sample_map,33,7ym8
Docking-44,500,3,8,sample_map,36,8fhs
Docking-44,500,3,8,sample_map,38,8st0
Docking-44,500,3,8,sample_map,40,8xvk
Docking-44,500,3,10,full_map,13,4iar
Docking-44,500,3,10,full_map,16,5cxv
Docking-44,500,3,10,full_map,19,5u09
Docking-44,500,3,10,full_map,21,6cm4
Docking-44,500,3,10,full_map,23,6kux
Docking-44,500,3,10,full_map,25,6pdj
Docking-44,500,3,10,full_map,30,7ljd
Docking-44,500,3,10,full_map,36,8fhs
Docking-44,500,3,10,full_map,38,8st0
Docking-44,500,3,10,full_map,40,8xvk
Docking-44,500,3,10,sample_map,0,1m2z
Docking-44,500,3,10,sample_map,13,4iar
Docking-44,500,3,10,sample_map,16,5cxv
Docking-44,500,3,10,sample_map,19,5u09
Docking-44,500,3,10,sample_map,21,6cm4
Docking-44,500,3,10,sample_map,27,6y1z
Docking-44,500,3,10,sample_map,33,7ym8
Docking-44,500,3,10,sample_map,36,8fhs
Docking-44,500,3,10,sample_map,38,8st0
Docking-44,500,3,10,sample_map,40,8xvk
Docking-44,500,4,6,full_map,4,2vt4
Docking-44,500,4,6,full_map,19,5u09
Docking-44,500,4,6,full_map,23,6kux
Docking-44,500,4,6,full_map,36,8fhs
Docking-44,500,4,6,full_map,38,8st0
Docking-44,500,4,6,full_map,40,8xvk
Docking-44,500,4,6,sample_map,9,3ln1
Docking-44,500,4,6,sample_map,13,4iar
Docking-44,500,4,6,sample_map,36,8fhs
Docking-44,500,4,6,sample_map,38,8st0
Docking-44,500,4,6,sample_map,40,8xvk
Docking-44,500,4,6,sample_map,42,9eo4
Docking-44,500,4,8,full_map,4,2vt4
Docking-44,500,4,8,full_map,16,5cxv
Docking-44,500,4,8,full_map,19,5u09
Docking-44,500,4,8,full_map,23,6kux
Docking-44,500,4,8,full_map,34,8e9y
Docking-44,500,4,8,full_map,36,8fhs
Docking-44,500,4,8,full_map,38,8st0
Docking-44,500,4,8,full_map,40,8xvk
Docking-44,500,4,8,sample_map,9,3ln1
Docking-44,500,4,8,sample_map,13,4iar
Docking-44,500,4,8,sample_map,21,6cm4
Docking-44,500,4,8,sample_map,25,6pdj
Docking-44,500,4,8,sample_map,36,8fhs
Docking-44,500,4,8,sample_map,38,8st0
Docking-44,500,4,8,sample_map,40,8xvk
Docking-44,500,4,8,sample_map,42,9eo4
Docking-44,500,4,10,full_map,13,4iar
Docking-44,500,4,10,full_map,16,5cxv
Docking-44,500,4,10,full_map,19,5u09
Docking-44,500,4,10,full_map,21,6cm4
Docking-44,500,4,10,full_map,23,6kux
Docking-44,500,4,10,full_map,25,6pdj
Docking-44,500,4,10,full_map,30,7ljd
Docking-44,500,4,10,full_map,36,8fhs
Docking-44,500,4,10,full_map,38,8st0
Docking-44,500,4,10,full_map,40,8xvk
Docking-44,500,4,10,sample_map,9,3ln1
Docking-44,500,4,10,sample_map,13,4iar
Docking-44,500,4,10,sample_map,19,5u09
Docking-44,500,4,10,sample_map,21,6cm4
Docking-44,500,4,10,sample_map,23,6kux
Docking-44,500,4,10,sample_map,25,6pdj
Docking-44,500,4,10,sample_map,30,7ljd
Docking-44,500,4,10,sample_map,36,8fhs
Docking-44,500,4,10,sample_map,38,8st0
Docking-44,500,4,10,sample_map,40,8xvk
Docking-44,500,5,6,full_map,4,2vt4
Docking-44,500,5,6,full_map,19,5u09
Docking-44,500,5,6,full_map,23,6kux
Docking-44,500,5,6,full_map,36,8fhs
Docking-44,500,5,6,full_map,38,8st0
Docking-44,500,5,6,full_map,40,8xvk
Docking-44,500,5,6,sample_map,0,1m2z
Docking-44,500,5,6,sample_map,13,4iar
Docking-44,500,5,6,sample_map,19,5u09
Docking-44,500,5,6,sample_map,20,5va1
Docking-44,500,5,6,sample_map,21,6cm4
Docking-44,500,5,6,sample_map,36,8fhs
Docking-44,500,5,8,full_map,4,2vt4
Docking-44,500,5,8,full_map,16,5cxv
Docking-44,500,5,8,full_map,19,5u09
Docking-44,500,5,8,full_map,23,6kux
Docking-44,500,5,8,full_map,34,8e9y
Docking-44,500,5,8,full_map,36,8fhs
Docking-44,500,5,8,full_map,38,8st0
Docking-44,500,5,8,full_map,40,8xvk
Docking-44,500,5,8,sample_map,0,1m2z
Docking-44,500,5,8,sample_map,13,4iar
Docking-44,500,5,8,sample_map,16,5cxv
Docking-44,500,5,8,sample_map,19,5u09
Docking-44,500,5,8,sample_map,20,5va1
Docking-44,500,5,8,sample_map,21,6cm4
Docking-44,500,5,8,sample_map,36,8fhs
Docking-44,500,5,8,sample_map,38,8st0
Docking-44,500,5,10,full_map,13,4iar
Docking-44,500,5,10,full_map,16,5cxv
Docking-44,500,5,10,full_map,19,5u09
Docking-44,500,5,10,full_map,21,6cm4
Docking-44,500,5,10,full_map,23,6kux
Docking-44,500,5,10,full_map,25,6pdj
Docking-44,500,5,10,full_map,30,7ljd
Docking-44,500,5,10,full_map,36,8fhs
Docking-44,500,5,10,full_map,38,8st0
Docking-44,500,5,10,full_map,40,8xvk
Docking-44,500,5,10,sample_map,0,1m2z
Docking-44,500,5,10,sample_map,13,4iar
Docking-44,500,5,10,sample_map,16,5cxv
Docking-44,500,5,10,sample_map,19,5u09
Docking-44,500,5,10,sample_map,20,5va1
Docking-44,500,5,10,sample_map,21,6cm4
Docking-44,500,5,10,sample_map,25,6pdj
Docking-44,500,5,10,sample_map,30,7ljd
Docking-44,500,5,10,sample_map,36,8fhs
Docking-44,500,5,10,sample_map,38,8st0
Docking-44,500,6,6,full_map,4,2vt4
Docking-44,500,6,6,full_map,19,5u09
Docking-44,500,6,6,full_map,23,6kux
Docking-44,500,6,6,full_map,36,8fhs
Docking-44,500,6,6,full_map,38,8st0
Docking-44,500,6,6,full_map,40,8xvk
Docking-44,500,6,6,sample_map,4,2vt4
Docking-44,500,6,6,sample_map,17,5i71
Docking-44,500,6,6,sample_map,20,5va1
Docking-44,500,6,6,sample_map,21,6cm4
Docking-44,500,6,6,sample_map,27,6y1z
Docking-44,500,6,6,sample_map,43,V1A
Docking-44,500,6,8,full_map,4,2vt4
Docking-44,500,6,8,full_map,16,5cxv
Docking-44,500,6,8,full_map,19,5u09
Docking-44,500,6,8,full_map,23,6kux
Docking-44,500,6,8,full_map,34,8e9y
Docking-44,500,6,8,full_map,36,8fhs
Docking-44,500,6,8,full_map,38,8st0
Docking-44,500,6,8,full_map,40,8xvk
Docking-44,500,6,8,sample_map,0,1m2z
Docking-44,500,6,8,sample_map,4,2vt4
Docking-44,500,6,8,sample_map,17,5i71
Docking-44,500,6,8,sample_map,20,5va1
Docking-44,500,6,8,sample_map,21,6cm4
Docking-44,500,6,8,sample_map,23,6kux
Docking-44,500,6,8,sample_map,27,6y1z
Docking-44,500,6,8,sample_map,43,V1A
Docking-44,500,6,10,full_map,13,4iar
Docking-44,500,6,10,full_map,16,5cxv
Docking-44,500,6,10,full_map,19,5u09
Docking-44,500,6,10,full_map,21,6cm4
Docking-44,500,6,10,full_map,23,6kux
Docking-44,500,6,10,full_map,25,6pdj
Docking-44,500,6,10,full_map,30,7ljd
Docking-44,500,6,10,full_map,36,8fhs
Docking-44,500,6,10,full_map,38,8st0
Docking-44,500,6,10,full_map,40,8xvk
Docking-44,500,6,10,sample_map,0,1m2z
Docking-44,500,6,10,sample_map,4,2vt4
Docking-44,500,6,10,sample_map,17,5i71
Docking-44,500,6,10,sample_map,20,5va1
Docking-44,500,6,10,sample_map,21,6cm4
Docking-44,500,6,10,sample_map,22,6kpf
Docking-44,500,6,10,sample_map,23,6kux
Docking-44,500,6,10,sample_map,27,6y1z
Docking-44,500,6,10,sample_map,38,8st0
Docking-44,500,6,10,sample_map,43,V1A
Docking-44,500,7,6,full_map,4,2vt4
Docking-44,500,7,6,full_map,19,5u09
Docking-44,500,7,6,full_map,23,6kux
Docking-44,500,7,6,full_map,36,8fhs
Docking-44,500,7,6,full_map,38,8st0
Docking-44,500,7,6,full_map,40,8xvk
Docking-44,500,7,6,sample_map,4,2vt4
Docking-44,500,7,6,sample_map,20,5va1
Docking-44,500,7,6,sample_map,21,6cm4
Docking-44,500,7,6,sample_map,36,8fhs
Docking-44,500,7,6,sample_map,38,8st0
Docking-44,500,7,6,sample_map,42,9eo4
Docking-44,500,7,8,full_map,4,2vt4
Docking-44,500,7,8,full_map,16,5cxv
Docking-44,500,7,8,full_map,19,5u09
Docking-44,500,7,8,full_map,23,6kux
Docking-44,500,7,8,full_map,34,8e9y
Docking-44,500,7,8,full_map,36,8fhs
Docking-44,500,7,8,full_map,38,8st0
Docking-44,500,7,8,full_map,40,8xvk
Docking-44,500,7,8,sample_map,4,2vt4
Docking-44,500,7,8,sample_map,20,5va1
Docking-44,500,7,8,sample_map,21,6cm4
Docking-44,500,7,8,sample_map,23,6kux
Docking-44,500,7,8,sample_map,26,6x3x
Docking-44,500,7,8,sample_map,36,8fhs
Docking-44,500,7,8,sample_map,38,8st0
Docking-44,500,7,8,sample_map,42,9eo4
Docking-44,500,7,10,full_map,13,4iar
Docking-44,500,7,10,full_map,16,5cxv
Docking-44,500,7,10,full_map,19,5u09
Docking-44,500,7,10,full_map,21,6cm4
Docking-44,500,7,10,full_map,23,6kux
Docking-44,500,7,10,full_map,25,6pdj
Docking-44,500,7,10,full_map,30,7ljd
Docking-44,500,7,10,full_map,36,8fhs
Docking-44,500,7,10,full_map,38,8st0
Docking-44,500,7,10,full_map,40,8xvk
Docking-44,500,7,10,sample_map,4,2vt4
Docking-44,500,7,10,sample_map,5,2ydo
Docking-44,500,7,10,sample_map,20,5va1
Docking-44,500,7,10,sample_map,21,6cm4
Docking-44,500,7,10,sample_map,23,6kux
Docking-44,500,7,10,sample_map,25,6pdj
Docking-44,500,7,10,sample_map,26,6x3x
Docking-44,500,7,10,sample_map,36,8fhs
Docking-44,500,7,10,sample_map,38,8st0
Docking-44,500,7,10,sample_map,42,9eo4
Docking-44,500,8,6,full_map,4,2vt4
Docking-44,500,8,6,full_map,19,5u09
Docking-44,500,8,6,full_map,23,6kux
Docking-44,500,8,6,full_map,36,8fhs
Docking-44,500,8,6,full_map,38,8st0
Docking-44,500,8,6,full_map,40,8xvk
Docking-44,500,8,6,sample_map,17,5i71
Docking-44,500,8,6,sample_map,19,5u09
Docking-44,500,8,6,sample_map,25,6pdj
Docking-44,500,8,6,sample_map,34,8e9y
Docking-44,500,8,6,sample_map,38,8st0
Docking-44,500,8,6,sample_map,43,V1A
Docking-44,500,8,8,full_map,4,2vt4
Docking-44,500,8,8,full_map,16,5cxv
Docking-44,500,8,8,full_map,19,5u09
Docking-44,500,8,8,full_map,23,6kux
Docking-44,500,8,8,full_map,34,8e9y
Docking-44,500,8,8,full_map,36,8fhs
Docking-44,500,8,8,full_map,38,8st0
Docking-44,500,8,8,full_map,40,8xvk
Docking-44,500,8,8,sample_map,16,5cxv
Docking-44,500,8,8,sample_map,17,5i71
Docking-44,500,8,8,sample_map,19,5u09
Docking-44,500,8,8,sample_map,23,6kux
Docking-44,500,8,8,sample_map,25,6pdj
Docking-44,500,8,8,sample_map,34,8e9y
Docking-44,500,8,8,sample_map,38,8st0
Docking-44,500,8,8,sample_map,43,V1A
Docking-44,500,8,10,full_map,13,4iar
Docking-44,500,8,10,full_map,16,5cxv
Docking-44,500,8,10,full_map,19,5u09
Docking-44,500,8,10,full_map,21,6cm4
Docking-44,500,8,10,full_map,23,6kux
Docking-44,500,8,10,full_map,25,6pdj
Docking-44,500,8,10,full_map,30,7ljd
Docking-44,500,8,10,full_map,36,8fhs
Docking-44,500,8,10,full_map,38,8st0
Docking-44,500,8,10,full_map,40,8xvk
Docking-44,500,8,10,sample_map,13,4iar
Docking-44,500,8,10,sample_map,16,5cxv
Docking-44,500,8,10,sample_map,19,5u09
Docking-44,500,8,10,sample_map,20,5va1
Docking-44,500,8,10,sample_map,21,6cm4
Docking-44,500,8,10,sample_map,23,6kux
Docking-44,500,8,10,sample_map,25,6pdj
Docking-44,500,8,10,sample_map,36,8fhs
Docking-44,500,8,10,sample_map,38,8st0
Docking-44,500,8,10,sample_map,42,9eo4
Docking-44,500,9,6,full_map,4,2vt4
Docking-44,500,9,6,full_map,19,5u09
Docking-44,500,9,6,full_map,23,6kux
Docking-44,500,9,6,full_map,36,8fhs
Docking-44,500,9,6,full_map,38,8st0
Docking-44,500,9,6,full_map,40,8xvk
Docking-44,500,9,6,sample_map,19,5u09
Docking-44,500,9,6,sample_map,21,6cm4
Docking-44,500,9,6,sample_map,36,8fhs
Docking-44,500,9,6,sample_map,37,8pjk
Docking-44,500,9,6,sample_map,38,8st0
Docking-44,500,9,6,sample_map,40,8xvk
Docking-44,500,9,8,full_map,4,2vt4
Docking-44,500,9,8,full_map,16,5cxv
Docking-44,500,9,8,full_map,19,5u09
Docking-44,500,9,8,full_map,23,6kux
Docking-44,500,9,8,full_map,34,8e9y
Docking-44,500,9,8,full_map,36,8fhs
Docking-44,500,9,8,full_map,38,8st0
Docking-44,500,9,8,full_map,40,8xvk
Docking-44,500,9,8,sample_map,0,1m2z
Docking-44,500,9,8,sample_map,4,2vt4
Docking-44,500,9,8,sample_map,19,5u09
Docking-44,500,9,8,sample_map,21,6cm4
Docking-44,500,9,8,sample_map,34,8e9y
Docking-44,500,9,8,sample_map,36,8fhs
Docking-44,500,9,8,sample_map,38,8st0
Docking-44,500,9,8,sample_map,40,8xvk
Docking-44,500,9,10,full_map,13,4iar
Docking-44,500,9,10,full_map,16,5cxv
Docking-44,500,9,10,full_map,19,5u09
Docking-44,500,9,10,full_map,21,6cm4
Docking-44,500,9,10,full_map,23,6kux
Docking-44,500,9,10,full_map,25,6pdj
Docking-44,500,9,10,full_map,30,7ljd
Docking-44,500,9,10,full_map,36,8fhs
Docking-44,500,9,10,full_map,38,8st0
Docking-44,500,9,10,full_map,40,8xvk
Docking-44,500,9,10,sample_map,0,1m2z
Docking-44,500,9,10,sample_map,4,2vt4
Docking-44,500,9,10,sample_map,19,5u09
Docking-44,500,9,10,sample_map,21,6cm4
Docking-44,500,9,10,sample_map,23,6kux
Docking-44,500,9,10,sample_map,30,7ljd
Docking-44,500,9,10,sample_map,34,8e9y
Docking-44,500,9,10,sample_map,36,8fhs
Docking-44,500,9,10,sample_map,38,8st0
Docking-44,500,9,10,sample_map,40,8xvk
Docking-44,500,10,6,full_map,4,2vt4
Docking-44,500,10,6,full_map,19,5u09
Docking-44,500,10,6,full_map,23,6kux
Docking-44,500,10,6,full_map,36,8fhs
Docking-44,500,10,6,full_map,38,8st0
Docking-44,500,10,6,full_map,40,8xvk
Docking-44,500,10,6,sample_map,9,3ln1
Docking-44,500,10,6,sample_map,17,5i71
Docking-44,500,10,6,sample_map,19,5u09
Docking-44,500,10,6,sample_map,38,8st0
Docking-44,500,10,6,sample_map,40,8xvk
Docking-44,500,10,6,sample_map,43,V1A
Docking-44,500,10,8,full_map,4,2vt4
Docking-44,500,10,8,full_map,16,5cxv
Docking-44,500,10,8,full_map,19,5u09
Docking-44,500,10,8,full_map,23,6kux
Docking-44,500,10,8,full_map,34,8e9y
Docking-44,500,10,8,full_map,36,8fhs
Docking-44,500,10,8,full_map,38,8st0
Docking-44,500,10,8,full_map,40,8xvk
Docking-44,500,10,8,sample_map,9,3ln1
Docking-44,500,10,8,sample_map,17,5i71
Docking-44,500,10,8,sample_map,19,5u09
Docking-44,500,10,8,sample_map,25,6pdj
Docking-44,500,10,8,sample_map,30,7ljd
Docking-44,500,10,8,sample_map,38,8st0
Docking-44,500,10,8,sample_map,40,8xvk
Docking-44,500,10,8,sample_map,43,V1A
Docking-44,500,10,10,full_map,13,4iar
Docking-44,500,10,10,full_map,16,5cxv
Docking-44,500,10,10,full_map,19,5u09
Docking-44,500,10,10,full_map,21,6cm4
Docking-44,500,10,10,full_map,23,6kux
Docking-44,500,10,10,full_map,25,6pdj
Docking-44,500,10,10,full_map,30,7ljd
Docking-44,500,10,10,full_map,36,8fhs
Docking-44,500,10,10,full_map,38,8st0
Docking-44,500,10,10,full_map,40,8xvk
Docking-44,500,10,10,sample_map,9,3ln1
Docking-44,500,10,10,sample_map,16,5cxv
Docking-44,500,10,10,sample_map,17,5i71
Docking-44,500,10,10,sample_map,19,5u09
Docking-44,500,10,10,sample_map,21,6cm4
Docking-44,500,10,10,sample_map,25,6pdj
Docking-44,500,10,10,sample_map,30,7ljd
Docking-44,500,10,10,sample_map,38,8st0
Docking-44,500,10,10,sample_map,40,8xvk
Docking-44,500,10,10,sample_map,43,V1A
Docking-44,500,11,6,full_map,4,2vt4
Docking-44,500,11,6,full_map,19,5u09
Docking-44,500,11,6,full_map,23,6kux
Docking-44,500,11,6,full_map,36,8fhs
Docking-44,500,11,6,full_map,38,8st0
Docking-44,500,11,6,full_map,40,8xvk
Docking-44,500,11,6,sample_map,13,4iar
Docking-44,500,11,6,sample_map,23,6kux
Docking-44,500,11,6,sample_map,31,7wc9
Docking-44,500,11,6,sample_map,36,8fhs
Docking-44,500,11,6,sample_map,38,8st0
Docking-44,500,11,6,sample_map,40,8xvk
Docking-44,500,11,8,full_map,4,2vt4
Docking-44,500,11,8,full_map,16,5cxv
Docking-44,500,11,8,full_map,19,5u09
Docking-44,500,11,8,full_map,23,6kux
Docking-44,500,11,8,full_map,34,8e9y
Docking-44,500,11,8,full_map,36,8fhs
Docking-44,500,11,8,full_map,38,8st0
Docking-44,500,11,8,full_map,40,8xvk
Docking-44,500,11,8,sample_map,13,4iar
Docking-44,500,11,8,sample_map,23,6kux
Docking-44,500,11,8,sample_map,27,6y1z
Docking-44,500,11,8,sample_map,31,7wc9
Docking-44,500,11,8,sample_map,36,8fhs
Docking-44,500,11,8,sample_map,38,8st0
Docking-44,500,11,8,sample_map,40,8xvk
Docking-44,500,11,8,sample_map,42,9eo4
Docking-44,500,11,10,full_map,13,4iar
Docking-44,500,11,10,full_map,16,5cxv
Docking-44,500,11,10,full_map,19,5u09
Docking-44,500,11,10,full_map,21,6cm4
Docking-44,500,11,10,full_map,23,6kux
Docking-44,500,11,10,full_map,25,6pdj
Docking-44,500,11,10,full_map,30,7ljd
Docking-44,500,11,10,full_map,36,8fhs
Docking-44,500,11,10,full_map,38,8st0
Docking-44,500,11,10,full_map,40,8xvk
Docking-44,500,11,10,sample_map,13,4iar
Docking-44,500,11,10,sample_map,16,5cxv
Docking-44,500,11,10,sample_map,21,6cm4
Docking-44,500,11,10,sample_map,23,6kux
Docking-44,500,11,10,sample_map,27,6y1z
Docking-44,500,11,10,sample_map,31,7wc9
Docking-44,500,11,10,sample_map,36,8fhs
Docking-44,500,11,10,sample_map,38,8st0
Docking-44,500,11,10,sample_map,40,8xvk
Docking-44,500,11,10,sample_map,42,9eo4
Docking-44,500,12,6,full_map,4,2vt4
Docking-44,500,12,6,full_map,19,5u09
Docking-44,500,12,6,full_map,23,6kux
Docking-44,500,12,6,full_map,36,8fhs
Docking-44,500,12,6,full_map,38,8st0
Docking-44,500,12,6,full_map,40,8xvk
Docking-44,500,12,6,sample_map,0,1m2z
Docking-44,500,12,6,sample_map,17,5i71
Docking-44,500,12,6,sample_map,19,5u09
Docking-44,500,12,6,sample_map,29,7kwe
Docking-44,500,12,6,sample_map,38,8st0
Docking-44,500,12,6,sample_map,43,V1A
Docking-44,500,12,8,full_map,4,2vt4
Docking-44,500,12,8,full_map,16,5cxv
Docking-44,500,12,8,full_map,19,5u09
Docking-44,500,12,8,full_map,23,6kux
Docking-44,500,12,8,full_map,34,8e9y
Docking-44,500,12,8,full_map,36,8fhs
Docking-44,500,12,8,full_map,38,8st0
Docking-44,500,12,8,full_map,40,8xvk
Docking-44,500,12,8,sample_map,0,1m2z
Docking-44,500,12,8,sample_map,16,5cxv
Docking-44,500,12,8,sample_map,17,5i71
Docking-44,500,12,8,sample_map,19,5u09
Docking-44,500,12,8,sample_map,25,6pdj
Docking-44,500,12,8,sample_map,29,7kwe
Docking-44,500,12,8,sample_map,38,8st0
Docking-44,500,12,8,sample_map,43,V1A
Docking-44,500,12,10,full_map,13,4iar
Docking-44,500,12,10,full_map,16,5cxv
Docking-44,500,12,10,full_map,19,5u09
Docking-44,500,12,10,full_map,21,6cm4
Docking-44,500,12,10,full_map,23,6kux
Docking-44,500,12,10,full_map,25,6pdj
Docking-44,500,12,10,full_map,30,7ljd
Docking-44,500,12,10,full_map,36,8fhs
Docking-44,500,12,10,full_map,38,8st0
Docking-44,500,12,10,full_map,40,8xvk
Docking-44,500,12,10,sample_map,0,1m2z
Docking-44,500,12,10,sample_map,16,5cxv
Docking-44,500,12,10,sample_map,17,5i71
Docking-44,500,12,10,sample_map,20,5va1
Docking-44,500,12,10,sample_map,22,6kpf
Docking-44,500,12,10,sample_map,25,6pdj
Docking-44,500,12,10,sample_map,29,7kwe
Docking-44,500,12,10,sample_map,30,7ljd
Docking-44,500,12,10,sample_map,38,8st0
Docking-44,500,12,10,sample_map,43,V1A
Docking-44,500,13,6,full_map,4,2vt4
Docking-44,500,13,6,full_map,19,5u09
Docking-44,500,13,6,full_map,23,6kux
Docking-44,500,13,6,full_map,36,8fhs
Docking-44,500,13,6,full_map,38,8st0
Docking-44,500,13,6,full_map,40,8xvk
Docking-44,500,13,6,sample_map,17,5i71
Docking-44,500,13,6,sample_map,19,5u09
Docking-44,500,13,6,sample_map,23,6kux
Docking-44,500,13,6,sample_map,34,8e9y
Docking-44,500,13,6,sample_map,36,8fhs
Docking-44,500,13,6,sample_map,40,8xvk
Docking-44,500,13,8,full_map,4,2vt4
Docking-44,500,13,8,full_map,16,5cxv
Docking-44,500,13,8,full_map,19,5u09
Docking-44,500,13,8,full_map,23,6kux
Docking-44,500,13,8,full_map,34,8e9y
Docking-44,500,13,8,full_map,36,8fhs
Docking-44,500,13,8,full_map,38,8st0
Docking-44,500,13,8,full_map,40,8xvk
Docking-44,500,13,8,sample_map,12,4ey7
Docking-44,500,13,8,sample_map,16,5cxv
Docking-44,500,13,8,sample_map,17,5i71
Docking-44,500,13,8,sample_map,19,5u09
Docking-44,500,13,8,sample_map,23,6kux
Docking-44,500,13,8,sample_map,34,8e9y
Docking-44,500,13,8,sample_map,36,8fhs
Docking-44,500,13,8,sample_map,40,8xvk
Docking-44,500,13,10,full_map,13,4iar
Docking-44,500,13,10,full_map,16,5cxv
Docking-44,500,13,10,full_map,19,5u09
Docking-44,500,13,10,full_map,21,6cm4
Docking-44,500,13,10,full_map,23,6kux
Docking-44,500,13,10,full_map,25,6pdj
Docking-44,500,13,10,full_map,30,7ljd
Docking-44,500,13,10,full_map,36,8fhs
Docking-44,500,13,10,full_map,38,8st0
Docking-44,500,13,10,full_map,40,8xvk
Docking-44,500,13,10,sample_map,12,4ey7
Docking-44,500,13,10,sample_map,16,5cxv
Docking-44,500,13,10,sample_map,17,5i71
Docking-44,500,13,10,sample_map,19,5u09
Docking-44,500,13,10,sample_map,23,6kux
Docking-44,500,13,10,sample_map,27,6y1z
Docking-44,500,13,10,sample_map,30,7ljd
Docking-44,500,13,10,sample_map,34,8e9y
Docking-44,500,13,10,sample_map,36,8fhs
Docking-44,500,13,10,sample_map,40,8xvk
Docking-44,500,14,6,full_map,4,2vt4
Docking-44,500,14,6,full_map,19,5u09
Docking-44,500,14,6,full_map,23,6kux
Docking-44,500,14,6,full_map,36,8fhs
Docking-44,500,14,6,full_map,38,8st0
Docking-44,500,14,6,full_map,40,8xvk
Docking-44,500,14,6,sample_map,13,4iar
Docking-44,500,14,6,sample_map,21,6cm4
Docking-44,500,14,6,sample_map,27,6y1z
Docking-44,500,14,6,sample_map,36,8fhs
Docking-44,500,14,6,sample_map,38,8st0
Docking-44,500,14,6,sample_map,40,8xvk
Docking-44,500,14,8,full_map,4,2vt4
Docking-44,500,14,8,full_map,16,5cxv
Docking-44,500,14,8,full_map,19,5u09
Docking-44,500,14,8,full_map,23,6kux
Docking-44,500,14,8,full_map,34,8e9y
Docking-44,500,14,8,full_map,36,8fhs
Docking-44,500,14,8,full_map,38,8st0
Docking-44,500,14,8,full_map,40,8xvk
Docking-44,500,14,8,sample_map,13,4iar
Docking-44,500,14,8,sample_map,21,6cm4
Docking-44,500,14,8,sample_map,23,6kux
Docking-44,500,14,8,sample_map,25,6pdj
Docking-44,500,14,8,sample_map,27,6y1z
Docking-44,500,14,8,sample_map,36,8fhs
Docking-44,500,14,8,sample_map,38,8st0
Docking-44,500,14,8,sample_map,40,8xvk
Docking-44,500,14,10,full_map,13,4iar
Docking-44,500,14,10,full_map,16,5cxv
Docking-44,500,14,10,full_map,19,5u09
Docking-44,500,14,10,full_map,21,6cm4
Docking-44,500,14,10,full_map,23,6kux
Docking-44,500,14,10,full_map,25,6pdj
Docking-44,500,14,10,full_map,30,7ljd
Docking-44,500,14,10,full_map,36,8fhs
Docking-44,500,14,10,full_map,38,8st0
Docking-44,500,14,10,full_map,40,8xvk
Docking-44,500,14,10,sample_map,13,4iar
Docking-44,500,14,10,sample_map,21,6cm4
Docking-44,500,14,10,sample_map,23,6kux
Docking-44,500,14,10,sample_map,25,6pdj
Docking-44,500,14,10,sample_map,27,6y1z
Docking-44,500,14,10,sample_map,30,7ljd
Docking-44,500,14,10,sample_map,36,8fhs
Docking-44,500,14,10,sample_map,38,8st0
Docking-44,500,14,10,sample_map,40,8xvk
Docking-44,500,14,10,sample_map,42,9eo4
Docking-44,500,15,6,full_map,4,2vt4
Docking-44,500,15,6,full_map,19,5u09
Docking-44,500,15,6,full_map,23,6kux
Docking-44,500,15,6,full_map,36,8fhs
Docking-44,500,15,6,full_map,38,8st0
Docking-44,500,15,6,full_map,40,8xvk
Docking-44,500,15,6,sample_map,13,4iar
Docking-44,500,15,6,sample_map,16,5cxv
Docking-44,500,15,6,sample_map,19,5u09
Docking-44,500,15,6,sample_map,31,7wc9
Docking-44,500,15,6,sample_map,36,8fhs
Docking-44,500,15,6,sample_map,38,8st0
Docking-44,500,15,8,full_map,4,2vt4
Docking-44,500,15,8,full_map,16,5cxv
Docking-44,500,15,8,full_map,19,5u09
Docking-44,500,15,8,full_map,23,6kux
Docking-44,500,15,8,full_map,34,8e9y
Docking-44,500,15,8,full_map,36,8fhs
Docking-44,500,15,8,full_map,38,8st0
Docking-44,500,15,8,full_map,40,8xvk
Docking-44,500,15,8,sample_map,13,4iar
Docking-44,500,15,8,sample_map,16,5cxv
Docking-44,500,15,8,sample_map,19,5u09
Docking-44,500,15,8,sample_map,23,6kux
Docking-44,500,15,8,sample_map,31,7wc9
Docking-44,500,15,8,sample_map,36,8fhs
Docking-44,500,15,8,sample_map,38,8st0
Docking-44,500,15,8,sample_map,40,8xvk
Docking-44,500,15,10,full_map,13,4iar
Docking-44,500,15,10,full_map,16,5cxv
Docking-44,500,15,10,full_map,19,5u09
Docking-44,500,15,10,full_map,21,6cm4
Docking-44,500,15,10,full_map,23,6kux
Docking-44,500,15,10,full_map,25,6pdj
Docking-44,500,15,10,full_map,30,7ljd
Docking-44,500,15,10,full_map,36,8fhs
Docking-44,500,15,10,full_map,38,8st0
Docking-44,500,15,10,full_map,40,8xvk
Docking-44,500,15,10,sample_map,0,1m2z
Docking-44,500,15,10,sample_map,13,4iar
Docking-44,500,15,10,sample_map,16,5cxv
Docking-44,500,15,10,sample_map,19,5u09
Docking-44,500,15,10,sample_map,22,6kpf
Docking-44,500,15,10,sample_map,23,6kux
Docking-44,500,15,10,sample_map,31,7wc9
Docking-44,500,15,10,sample_map,36,8fhs
Docking-44,500,15,10,sample_map,38,8st0
Docking-44,500,15,10,sample_map,40,8xvk
Docking-44,500,16,6,full_map,4,2vt4
Docking-44,500,16,6,full_map,19,5u09
Docking-44,500,16,6,full_map,23,6kux
Docking-44,500,16,6,full_map,36,8fhs
Docking-44,500,16,6,full_map,38,8st0
Docking-44,500,16,6,full_map,40,8xvk
Docking-44,500,16,6,sample_map,13,4iar
Docking-44,500,16,6,sample_map,22,6kpf
Docking-44,500,16,6,sample_map,25,6pdj
Docking-44,500,16,6,sample_map,36,8fhs
Docking-44,500,16,6,sample_map,38,8st0
Docking-44,500,16,6,sample_map,40,8xvk
Docking-44,500,16,8,full_map,4,2vt4
Docking-44,500,16,8,full_map,16,5cxv
Docking-44,500,16,8,full_map,19,5u09
Docking-44,500,16,8,full_map,23,6kux
Docking-44,500,16,8,full_map,34,8e9y
Docking-44,500,16,8,full_map,36,8fhs
Docking-44,500,16,8,full_map,38,8st0
Docking-44,500,16,8,full_map,40,8xvk
Docking-44,500,16,8,sample_map,13,4iar
Docking-44,500,16,8,sample_map,21,6cm4
Docking-44,500,16,8,sample_map,22,6kpf
Docking-44,500,16,8,sample_map,23,6kux
Docking-44,500,16,8,sample_map,27,6y1z
Docking-44,500,16,8,sample_map,36,8fhs
Docking-44,500,16,8,sample_map,38,8st0
Docking-44,500,16,8,sample_map,40,8xvk
Docking-44,500,16,10,full_map,13,4iar
Docking-44,500,16,10,full_map,16,5cxv
Docking-44,500,16,10,full_map,19,5u09
Docking-44,500,16,10,full_map,21,6cm4
Docking-44,500,16,10,full_map,23,6kux
Docking-44,500,16,10,full_map,25,6pdj
Docking-44,500,16,10,full_map,30,7ljd
Docking-44,500,16,10,full_map,36,8fhs
Docking-44,500,16,10,full_map,38,8st0
Docking-44,500,16,10,full_map,40,8xvk
Docking-44,500,16,10,sample_map,5,2ydo
Docking-44,500,16,10,sample_map,13,4iar
Docking-44,500,16,10,sample_map,21,6cm4
Docking-44,500,16,10,sample_map,22,6kpf
Docking-44,500,16,10,sample_map,23,6kux
Docking-44,500,16,10,sample_map,25,6pdj
Docking-44,500,16,10,sample_map,27,6y1z
Docking-44,500,16,10,sample_map,36,8fhs
Docking-44,500,16,10,sample_map,38,8st0
Docking-44,500,16,10,sample_map,40,8xvk
Docking-44,500,17,6,full_map,4,2vt4
Docking-44,500,17,6,full_map,19,5u09
Docking-44,500,17,6,full_map,23,6kux
Docking-44,500,17,6,full_map,36,8fhs
Docking-44,500,17,6,full_map,38,8st0
Docking-44,500,17,6,full_map,40,8xvk
Docking-44,500,17,6,sample_map,17,5i71
Docking-44,500,17,6,sample_map,19,5u09
Docking-44,500,17,6,sample_map,21,6cm4
Docking-44,500,17,6,sample_map,23,6kux
Docking-44,500,17,6,sample_map,39,8wty
Docking-44,500,17,6,sample_map,43,V1A
Docking-44,500,17,8,full_map,4,2vt4
Docking-44,500,17,8,full_map,16,5cxv
Docking-44,500,17,8,full_map,19,5u09
Docking-44,500,17,8,full_map,23,6kux
Docking-44,500,17,8,full_map,34,8e9y
Docking-44,500,17,8,full_map,36,8fhs
Docking-44,500,17,8,full_map,38,8st0
Docking-44,500,17,8,full_map,40,8xvk
Docking-44,500,17,8,sample_map,16,5cxv
Docking-44,500,17,8,sample_map,17,5i71
Docking-44,500,17,8,sample_map,19,5u09
Docking-44,500,17,8,sample_map,21,6cm4
Docking-44,500,17,8,sample_map,23,6kux
Docking-44,500,17,8,sample_map,39,8wty
Docking-44,500,17,8,sample_map,40,8xvk
Docking-44,500,17,8,sample_map,43,V1A
Docking-44,500,17,10,full_map,13,4iar
Docking-44,500,17,10,full_map,16,5cxv
Docking-44,500,17,10,full_map,19,5u09
Docking-44,500,17,10,full_map,21,6cm4
Docking-44,500,17,10,full_map,23,6kux
Docking-44,500,17,10,full_map,25,6pdj
Docking-44,500,17,10,full_map,30,7ljd
Docking-44,500,17,10,full_map,36,8fhs
Docking-44,500,17,10,full_map,38,8st0
Docking-44,500,17,10,full_map,40,8xvk
Docking-44,500,17,10,sample_map,16,5cxv
Docking-44,500,17,10,sample_map,17,5i71
Docking-44,500,17,10,sample_map,19,5u09
Docking-44,500,17,10,sample_map,21,6cm4
Docking-44,500,17,10,sample_map,23,6kux
Docking-44,500,17,10,sample_map,25,6pdj
Docking-44,500,17,10,sample_map,30,7ljd
Docking-44,500,17,10,sample_map,39,8wty
Docking-44,500,17,10,sample_map,40,8xvk
Docking-44,500,17,10,sample_map,43,V1A
Docking-44,500,18,6,full_map,4,2vt4
Docking-44,500,18,6,full_map,19,5u09
Docking-44,500,18,6,full_map,23,6kux
Docking-44,500,18,6,full_map,36,8fhs
Docking-44,500,18,6,full_map,38,8st0
Docking-44,500,18,6,full_map,40,8xvk
Docking-44,500,18,6,sample_map,4,2vt4
Docking-44,500,18,6,sample_map,23,6kux
Docking-44,500,18,6,sample_map,34,8e9y
Docking-44,500,18,6,sample_map,36,8fhs
Docking-44,500,18,6,sample_map,38,8st0
Docking-44,500,18,6,sample_map,40,8xvk
Docking-44,500,18,8,full_map,4,2vt4
Docking-44,500,18,8,full_map,16,5cxv
Docking-44,500,18,8,full_map,19,5u09
Docking-44,500,18,8,full_map,23,6kux
Docking-44,500,18,8,full_map,34,8e9y
Docking-44,500,18,8,full_map,36,8fhs
Docking-44,500,18,8,full_map,38,8st0
Docking-44,500,18,8,full_map,40,8xvk
Docking-44,500,18,8,sample_map,4,2vt4
Docking-44,500,18,8,sample_map,5,2ydo
Docking-44,500,18,8,sample_map,20,5va1
Docking-44,500,18,8,sample_map,23,6kux
Docking-44,500,18,8,sample_map,30,7ljd
Docking-44,500,18,8,sample_map,34,8e9y
Docking-44,500,18,8,sample_map,36,8fhs
Docking-44,500,18,8,sample_map,38,8st0
Docking-44,500,18,10,full_map,13,4iar
Docking-44,500,18,10,full_map,16,5cxv
Docking-44,500,18,10,full_map,19,5u09
Docking-44,500,18,10,full_map,21,6cm4
Docking-44,500,18,10,full_map,23,6kux
Docking-44,500,18,10,full_map,25,6pdj
Docking-44,500,18,10,full_map,30,7ljd
Docking-44,500,18,10,full_map,36,8fhs
Docking-44,500,18,10,full_map,38,8st0
Docking-44,500,18,10,full_map,40,8xvk
Docking-44,500,18,10,sample_map,4,2vt4
Docking-44,500,18,10,sample_map,5,2ydo
Docking-44,500,18,10,sample_map,16,5cxv
Docking-44,500,18,10,sample_map,20,5va1
Docking-44,500,18,10,sample_map,22,6kpf
Docking-44,500,18,10,sample_map,23,6kux
Docking-44,500,18,10,sample_map,30,7ljd
Docking-44,500,18,10,sample_map,34,8e9y
Docking-44,500,18,10,sample_map,36,8fhs
Docking-44,500,18,10,sample_map,38,8st0
Docking-44,500,19,6,full_map,4,2vt4
Docking-44,500,19,6,full_map,19,5u09
Docking-44,500,19,6,full_map,23,6kux
Docking-44,500,19,6,full_map,36,8fhs
Docking-44,500,19,6,full_map,38,8st0
Docking-44,500,19,6,full_map,40,8xvk
Docking-44,500,19,6,sample_map,13,4iar
Docking-44,500,19,6,sample_map,23,6kux
Docking-44,500,19,6,sample_map,25,6pdj
Docking-44,500,19,6,sample_map,36,8fhs
Docking-44,500,19,6,sample_map,38,8st0
Docking-44,500,19,6,sample_map,40,8xvk
Docking-44,500,19,8,full_map,4,2vt4
Docking-44,500,19,8,full_map,16,5cxv
Docking-44,500,19,8,full_map,19,5u09
Docking-44,500,19,8,full_map,23,6kux
Docking-44,500,19,8,full_map,34,8e9y
Docking-44,500,19,8,full_map,36,8fhs
Docking-44,500,19,8,full_map,38,8st0
Docking-44,500,19,8,full_map,40,8xvk
Docking-44,500,19,8,sample_map,13,4iar
Docking-44,500,19,8,sample_map,16,5cxv
Docking-44,500,19,8,sample_map,20,5va1
Docking-44,500,19,8,sample_map,21,6cm4
Docking-44,500,19,8,sample_map,23,6kux
Docking-44,500,19,8,sample_map,30,7ljd
Docking-44,500,19,8,sample_map,36,8fhs
Docking-44,500,19,8,sample_map,38,8st0
Docking-44,500,19,10,full_map,13,4iar
Docking-44,500,19,10,full_map,16,5cxv
Docking-44,500,19,10,full_map,19,5u09
Docking-44,500,19,10,full_map,21,6cm4
Docking-44,500,19,10,full_map,23,6kux
Docking-44,500,19,10,full_map,25,6pdj
Docking-44,500,19,10,full_map,30,7ljd
Docking-44,500,19,10,full_map,36,8fhs
Docking-44,500,19,10,full_map,38,8st0
Docking-44,500,19,10,full_map,40,8xvk
Docking-44,500,19,10,sample_map,13,4iar
Docking-44,500,19,10,sample_map,19,5u09
Docking-44,500,19,10,sample_map,21,6cm4
Docking-44,500,19,10,sample_map,23,6kux
Docking-44,500,19,10,sample_map,25,6pdj
Docking-44,500,19,10,sample_map,28,7f8y
Docking-44,500,19,10,sample_map,30,7ljd
Docking-44,500,19,10,sample_map,36,8fhs
Docking-44,500,19,10,sample_map,38,8st0
Docking-44,500,19,10,sample_map,40,8xvk
Docking-44,500,20,6,full_map,4,2vt4
Docking-44,500,20,6,full_map,19,5u09
Docking-44,500,20,6,full_map,23,6kux
Docking-44,500,20,6,full_map,36,8fhs
Docking-44,500,20,6,full_map,38,8st0
Docking-44,500,20,6,full_map,40,8xvk
Docking-44,500,20,6,sample_map,4,2vt4
Docking-44,500,20,6,sample_map,13,4iar
Docking-44,500,20,6,sample_map,16,5cxv
Docking-44,500,20,6,sample_map,20,5va1
Docking-44,500,20,6,sample_map,22,6kpf
Docking-44,500,20,6,sample_map,36,8fhs
Docking-44,500,20,8,full_map,4,2vt4
Docking-44,500,20,8,full_map,16,5cxv
Docking-44,500,20,8,full_map,19,5u09
Docking-44,500,20,8,full_map,23,6kux
Docking-44,500,20,8,full_map,34,8e9y
Docking-44,500,20,8,full_map,36,8fhs
Docking-44,500,20,8,full_map,38,8st0
Docking-44,500,20,8,full_map,40,8xvk
Docking-44,500,20,8,sample_map,4,2vt4
Docking-44,500,20,8,sample_map,13,4iar
Docking-44,500,20,8,sample_map,16,5cxv
Docking-44,500,20,8,sample_map,20,5va1
Docking-44,500,20,8,sample_map,23,6kux
Docking-44,500,20,8,sample_map,30,7ljd
Docking-44,500,20,8,sample_map,36,8fhs
Docking-44,500,20,8,sample_map,42,9eo4
Docking-44,500,20,10,full_map,13,4iar
Docking-44,500,20,10,full_map,16,5cxv
Docking-44,500,20,10,full_map,19,5u09
Docking-44,500,20,10,full_map,21,6cm4
Docking-44,500,20,10,full_map,23,6kux
Docking-44,500,20,10,full_map,25,6pdj
Docking-44,500,20,10,full_map,30,7ljd
Docking-44,500,20,10,full_map,36,8fhs
Docking-44,500,20,10,full_map,38,8st0
Docking-44,500,20,10,full_map,40,8xvk
Docking-44,500,20,10,sample_map,4,2vt4
Docking-44,500,20,10,sample_map,5,2ydo
Docking-44,500,20,10,sample_map,13,4iar
Docking-44,500,20,10,sample_map,16,5cxv
Docking-44,500,20,10,sample_map,20,5va1
Docking-44,500,20,10,sample_map,23,6kux
Docking-44,500,20,10,sample_map,27,6y1z
Docking-44,500,20,10,sample_map,30,7ljd
Docking-44,500,20,10,sample_map,36,8fhs
Docking-44,500,20,10,sample_map,42,9eo4
Docking-44,500,21,6,full_map,4,2vt4
Docking-44,500,21,6,full_map,19,5u09
Docking-44,500,21,6,full_map,23,6kux
Docking-44,500,21,6,full_map,36,8fhs
Docking-44,500,21,6,full_map,38,8st0
Docking-44,500,21,6,full_map,40,8xvk
Docking-44,500,21,6,sample_map,4,2vt4
Docking-44,500,21,6,sample_map,16,5cxv
Docking-44,500,21,6,sample_map,19,5u09
Docking-44,500,21,6,sample_map,36,8fhs
Docking-44,500,21,6,sample_map,38,8st0
Docking-44,500,21,6,sample_map,40,8xvk
Docking-44,500,21,8,full_map,4,2vt4
Docking-44,500,21,8,full_map,16,5cxv
Docking-44,500,21,8,full_map,19,5u09
Docking-44,500,21,8,full_map,23,6kux
Docking-44,500,21,8,full_map,34,8e9y
Docking-44,500,21,8,full_map,36,8fhs
Docking-44,500,21,8,full_map,38,8st0
Docking-44,500,21,8,full_map,40,8xvk
Docking-44,500,21,8,sample_map,4,2vt4
Docking-44,500,21,8,sample_map,16,5cxv
Docking-44,500,21,8,sample_map,19,5u09
Docking-44,500,21,8,sample_map,23,6kux
Docking-44,500,21,8,sample_map,31,7wc9
Docking-44,500,21,8,sample_map,36,8fhs
Docking-44,500,21,8,sample_map,38,8st0
Docking-44,500,21,8,sample_map,40,8xvk
Docking-44,500,21,10,full_map,13,4iar
Docking-44,500,21,10,full_map,16,5cxv
Docking-44,500,21,10,full_map,19,5u09
Docking-44,500,21,10,full_map,21,6cm4
Docking-44,500,21,10,full_map,23,6kux
Docking-44,500,21,10,full_map,25,6pdj
Docking-44,500,21,10,full_map,30,7ljd
Docking-44,500,21,10,full_map,36,8fhs
Docking-44,500,21,10,full_map,38,8st0
Docking-44,500,21,10,full_map,40,8xvk
Docking-44,500,21,10,sample_map,4,2vt4
Docking-44,500,21,10,sample_map,16,5cxv
Docking-44,500,21,10,sample_map,19,5u09
Docking-44,500,21,10,sample_map,21,6cm4
Docking-44,500,21,10,sample_map,23,6kux
Docking-44,500,21,10,sample_map,27,6y1z
Docking-44,500,21,10,sample_map,31,7wc9
Docking-44,500,21,10,sample_map,36,8fhs
Docking-44,500,21,10,sample_map,38,8st0
Docking-44,500,21,10,sample_map,40,8xvk
Docking-44,500,22,6,full_map,4,2vt4
Docking-44,500,22,6,full_map,19,5u09
Docking-44,500,22,6,full_map,23,6kux
Docking-44,500,22,6,full_map,36,8fhs
Docking-44,500,22,6,full_map,38,8st0
Docking-44,500,22,6,full_map,40,8xvk
Docking-44,500,22,6,sample_map,16,5cxv
Docking-44,500,22,6,sample_map,17,5i71
Docking-44,500,22,6,sample_map,19,5u09
Docking-44,500,22,6,sample_map,20,5va1
Docking-44,500,22,6,sample_map,34,8e9y
Docking-44,500,22,6,sample_map,36,8fhs
Docking-44,500,22,8,full_map,4,2vt4
Docking-44,500,22,8,full_map,16,5cxv
Docking-44,500,22,8,full_map,19,5u09
Docking-44,500,22,8,full_map,23,6kux
Docking-44,500,22,8,full_map,34,8e9y
Docking-44,500,22,8,full_map,36,8fhs
Docking-44,500,22,8,full_map,38,8st0
Docking-44,500,22,8,full_map,40,8xvk
Docking-44,500,22,8,sample_map,16,5cxv
Docking-44,500,22,8,sample_map,17,5i71
Docking-44,500,22,8,sample_map,19,5u09
Docking-44,500,22,8,sample_map,20,5va1
Docking-44,500,22,8,sample_map,22,6kpf
Docking-44,500,22,8,sample_map,25,6pdj
Docking-44,500,22,8,sample_map,34,8e9y
Docking-44,500,22,8,sample_map,36,8fhs
Docking-44,500,22,10,full_map,13,4iar
Docking-44,500,22,10,full_map,16,5cxv
Docking-44,500,22,10,full_map,19,5u09
Docking-44,500,22,10,full_map,21,6cm4
Docking-44,500,22,10,full_map,23,6kux
Docking-44,500,22,10,full_map,25,6pdj
Docking-44,500,22,10,full_map,30,7ljd
Docking-44,500,22,10,full_map,36,8fhs
Docking-44,500,22,10,full_map,38,8st0
Docking-44,500,22,10,full_map,40,8xvk
Docking-44,500,22,10,sample_map,16,5cxv
Docking-44,500,22,10,sample_map,17,5i71
Docking-44,500,22,10,sample_map,20,5va1
Docking-44,500,22,10,sample_map,22,6kpf
Docking-44,500,22,10,sample_map,23,6kux
Docking-44,500,22,10,sample_map,25,6pdj
Docking-44,500,22,10,sample_map,27,6y1z
Docking-44,500,22,10,sample_map,30,7ljd
Docking-44,500,22,10,sample_map,34,8e9y
Docking-44,500,22,10,sample_map,36,8fhs
Docking-44,500,23,6,full_map,4,2vt4
Docking-44,500,23,6,full_map,19,5u09
Docking-44,500,23,6,full_map,23,6kux
Docking-44,500,23,6,full_map,36,8fhs
Docking-44,500,23,6,full_map,38,8st0
Docking-44,500,23,6,full_map,40,8xvk
Docking-44,500,23,6,sample_map,13,4iar
Docking-44,500,23,6,sample_map,17,5i71
Docking-44,500,23,6,sample_map,19,5u09
Docking-44,500,23,6,sample_map,20,5va1
Docking-44,500,23,6,sample_map,23,6kux
Docking-44,500,23,6,sample_map,43,V1A
Docking-44,500,23,8,full_map,4,2vt4
Docking-44,500,23,8,full_map,16,5cxv
Docking-44,500,23,8,full_map,19,5u09
Docking-44,500,23,8,full_map,23,6kux
Docking-44,500,23,8,full_map,34,8e9y
Docking-44,500,23,8,full_map,36,8fhs
Docking-44,500,23,8,full_map,38,8st0
Docking-44,500,23,8,full_map,40,8xvk
Docking-44,500,23,8,sample_map,13,4iar
Docking-44,500,23,8,sample_map,17,5i71
Docking-44,500,23,8,sample_map,19,5u09
Docking-44,500,23,8,sample_map,20,5va1
Docking-44,500,23,8,sample_map,21,6cm4
Docking-44,500,23,8,sample_map,23,6kux
Docking-44,500,23,8,sample_map,25,6pdj
Docking-44,500,23,8,sample_map,43,V1A
Docking-44,500,23,10,full_map,13,4iar
Docking-44,500,23,10,full_map,16,5cxv
Docking-44,500,23,10,full_map,19,5u09
Docking-44,500,23,10,full_map,21,6cm4
Docking-44,500,23,10,full_map,23,6kux
Docking-44,500,23,10,full_map,25,6pdj
Docking-44,500,23,10,full_map,30,7ljd
Docking-44,500,23,10,full_map,36,8fhs
Docking-44,500,23,10,full_map,38,8st0
Docking-44,500,23,10,full_map,40,8xvk
Docking-44,500,23,10,sample_map,5,2ydo
Docking-44,500,23,10,sample_map,13,4iar
Docking-44,500,23,10,sample_map,16,5cxv
Docking-44,500,23,10,sample_map,17,5i71
Docking-44,500,23,10,sample_map,19,5u09
Docking-44,500,23,10,sample_map,20,5va1
Docking-44,500,23,10,sample_map,21,6cm4
Docking-44,500,23,10,sample_map,23,6kux
Docking-44,500,23,10,sample_map,25,6pdj
Docking-44,500,23,10,sample_map,43,V1A
Docking-44,500,24,6,full_map,4,2vt4
Docking-44,500,24,6,full_map,19,5u09
Docking-44,500,24,6,full_map,23,6kux
Docking-44,500,24,6,full_map,36,8fhs
Docking-44,500,24,6,full_map,38,8st0
Docking-44,500,24,6,full_map,40,8xvk
Docking-44,500,24,6,sample_map,4,2vt4
Docking-44,500,24,6,sample_map,19,5u09
Docking-44,500,24,6,sample_map,30,7ljd
Docking-44,500,24,6,sample_map,36,8fhs
Docking-44,500,24,6,sample_map,38,8st0
Docking-44,500,24,6,sample_map,40,8xvk
Docking-44,500,24,8,full_map,4,2vt4
Docking-44,500,24,8,full_map,16,5cxv
Docking-44,500,24,8,full_map,19,5u09
Docking-44,500,24,8,full_map,23,6kux
Docking-44,500,24,8,full_map,34,8e9y
Docking-44,500,24,8,full_map,36,8fhs
Docking-44,500,24,8,full_map,38,8st0
Docking-44,500,24,8,full_map,40,8xvk
Docking-44,500,24,8,sample_map,4,2vt4
Docking-44,500,24,8,sample_map,19,5u09
Docking-44,500,24,8,sample_map,23,6kux
Docking-44,500,24,8,sample_map,26,6x3x
Docking-44,500,24,8,sample_map,30,7ljd
Docking-44,500,24,8,sample_map,36,8fhs
Docking-44,500,24,8,sample_map,38,8st0
Docking-44,500,24,8,sample_map,40,8xvk
Docking-44,500,24,10,full_map,13,4iar
Docking-44,500,24,10,full_map,16,5cxv
Docking-44,500,24,10,full_map,19,5u09
Docking-44,500,24,10,full_map,21,6cm4
Docking-44,500,24,10,full_map,23,6kux
Docking-44,500,24,10,full_map,25,6pdj
Docking-44,500,24,10,full_map,30,7ljd
Docking-44,500,24,10,full_map,36,8fhs
Docking-44,500,24,10,full_map,38,8st0
Docking-44,500,24,10,full_map,40,8xvk
Docking-44,500,24,10,sample_map,4,2vt4
Docking-44,500,24,10,sample_map,16,5cxv
Docking-44,500,24,10,sample_map,19,5u09
Docking-44,500,24,10,sample_map,23,6kux
Docking-44,500,24,10,sample_map,26,6x3x
Docking-44,500,24,10,sample_map,30,7ljd
Docking-44,500,24,10,sample_map,34,8e9y
Docking-44,500,24,10,sample_map,36,8fhs
Docking-44,500,24,10,sample_map,38,8st0
Docking-44,500,24,10,sample_map,40,8xvk
Docking-44,500,25,6,full_map,4,2vt4
Docking-44,500,25,6,full_map,19,5u09
Docking-44,500,25,6,full_map,23,6kux
Docking-44,500,25,6,full_map,36,8fhs
Docking-44,500,25,6,full_map,38,8st0
Docking-44,500,25,6,full_map,40,8xvk
Docking-44,500,25,6,sample_map,17,5i71
Docking-44,500,25,6,sample_map,21,6cm4
Docking-44,500,25,6,sample_map,23,6kux
Docking-44,500,25,6,sample_map,25,6pdj
Docking-44,500,25,6,sample_map,38,8st0
Docking-44,500,25,6,sample_map,43,V1A
Docking-44,500,25,8,full_map,4,2vt4
Docking-44,500,25,8,full_map,16,5cxv
Docking-44,500,25,8,full_map,19,5u09
Docking-44,500,25,8,full_map,23,6kux
Docking-44,500,25,8,full_map,34,8e9y
Docking-44,500,25,8,full_map,36,8fhs
Docking-44,500,25,8,full_map,38,8st0
Docking-44,500,25,8,full_map,40,8xvk
Docking-44,500,25,8,sample_map,16,5cxv
Docking-44,500,25,8,sample_map,17,5i71
Docking-44,500,25,8,sample_map,21,6cm4
Docking-44,500,25,8,sample_map,23,6kux
Docking-44,500,25,8,sample_map,25,6pdj
Docking-44,500,25,8,sample_map,38,8st0
Docking-44,500,25,8,sample_map,40,8xvk
Docking-44,500,25,8,sample_map,43,V1A
Docking-44,500,25,10,full_map,13,4iar
Docking-44,500,25,10,full_map,16,5cxv
Docking-44,500,25,10,full_map,19,5u09
Docking-44,500,25,10,full_map,21,6cm4
Docking-44,500,25,10,full_map,23,6kux
Docking-44,500,25,10,full_map,25,6pdj
Docking-44,500,25,10,full_map,30,7ljd
Docking-44,500,25,10,full_map,36,8fhs
Docking-44,500,25,10,full_map,38,8st0
Docking-44,500,25,10,full_map,40,8xvk
Docking-44,500,25,10,sample_map,0,1m2z
Docking-44,500,25,10,sample_map,16,5cxv
Docking-44,500,25,10,sample_map,17,5i71
Docking-44,500,25,10,sample_map,21,6cm4
Docking-44,500,25,10,sample_map,23,6kux
Docking-44,500,25,10,sample_map,25,6pdj
Docking-44,500,25,10,sample_map,30,7ljd
Docking-44,500,25,10,sample_map,40,8xvk
Docking-44,500,25,10,sample_map,42,9eo4
Docking-44,500,25,10,sample_map,43,V1A
Docking-44,500,26,6,full_map,4,2vt4
Docking-44,500,26,6,full_map,19,5u09
Docking-44,500,26,6,full_map,23,6kux
Docking-44,500,26,6,full_map,36,8fhs
Docking-44,500,26,6,full_map,38,8st0
Docking-44,500,26,6,full_map,40,8xvk
Docking-44,500,26,6,sample_map,13,4iar
Docking-44,500,26,6,sample_map,19,5u09
Docking-44,500,26,6,sample_map,20,5va1
Docking-44,500,26,6,sample_map,23,6kux
Docking-44,500,26,6,sample_map,36,8fhs
Docking-44,500,26,6,sample_map,38,8st0
Docking-44,500,26,8,full_map,4,2vt4
Docking-44,500,26,8,full_map,16,5cxv
Docking-44,500,26,8,full_map,19,5u09
Docking-44,500,26,8,full_map,23,6kux
Docking-44,500,26,8,full_map,34,8e9y
Docking-44,500,26,8,full_map,36,8fhs
Docking-44,500,26,8,full_map,38,8st0
Docking-44,500,26,8,full_map,40,8xvk
Docking-44,500,26,8,sample_map,13,4iar
Docking-44,500,26,8,sample_map,16,5cxv
Docking-44,500,26,8,sample_map,19,5u09
Docking-44,500,26,8,sample_map,21,6cm4
Docking-44,500,26,8,sample_map,23,6kux
Docking-44,500,26,8,sample_map,36,8fhs
Docking-44,500,26,8,sample_map,38,8st0
Docking-44,500,26,8,sample_map,40,8xvk
Docking-44,500,26,10,full_map,13,4iar
Docking-44,500,26,10,full_map,16,5cxv
Docking-44,500,26,10,full_map,19,5u09
Docking-44,500,26,10,full_map,21,6cm4
Docking-44,500,26,10,full_map,23,6kux
Docking-44,500,26,10,full_map,25,6pdj
Docking-44,500,26,10,full_map,30,7ljd
Docking-44,500,26,10,full_map,36,8fhs
Docking-44,500,26,10,full_map,38,8st0
Docking-44,500,26,10,full_map,40,8xvk
Docking-44,500,26,10,sample_map,0,1m2z
Docking-44,500,26,10,sample_map,13,4iar
Docking-44,500,26,10,sample_map,16,5cxv
Docking-44,500,26,10,sample_map,19,5u09
Docking-44,500,26,10,sample_map,21,6cm4
Docking-44,500,26,10,sample_map,23,6kux
Docking-44,500,26,10,sample_map,36,8fhs
Docking-44,500,26,10,sample_map,38,8st0
Docking-44,500,26,10,sample_map,40,8xvk
Docking-44,500,26,10,sample_map,42,9eo4
Docking-44,500,27,6,full_map,4,2vt4
Docking-44,500,27,6,full_map,19,5u09
Docking-44,500,27,6,full_map,23,6kux
Docking-44,500,27,6,full_map,36,8fhs
Docking-44,500,27,6,full_map,38,8st0
Docking-44,500,27,6,full_map,40,8xvk
Docking-44,500,27,6,sample_map,14,4mqs
Docking-44,500,27,6,sample_map,17,5i71
Docking-44,500,27,6,sample_map,20,5va1
Docking-44,500,27,6,sample_map,23,6kux
Docking-44,500,27,6,sample_map,34,8e9y
Docking-44,500,27,6,sample_map,43,V1A
Docking-44,500,27,8,full_map,4,2vt4
Docking-44,500,27,8,full_map,16,5cxv
Docking-44,500,27,8,full_map,19,5u09
Docking-44,500,27,8,full_map,23,6kux
Docking-44,500,27,8,full_map,34,8e9y
Docking-44,500,27,8,full_map,36,8fhs
Docking-44,500,27,8,full_map,38,8st0
Docking-44,500,27,8,full_map,40,8xvk
Docking-44,500,27,8,sample_map,14,4mqs
Docking-44,500,27,8,sample_map,16,5cxv
Docking-44,500,27,8,sample_map,17,5i71
Docking-44,500,27,8,sample_map,20,5va1
Docking-44,500,27,8,sample_map,23,6kux
Docking-44,500,27,8,sample_map,30,7ljd
Docking-44,500,27,8,sample_map,34,8e9y
Docking-44,500,27,8,sample_map,43,V1A
Docking-44,500,27,10,full_map,13,4iar
Docking-44,500,27,10,full_map,16,5cxv
Docking-44,500,27,10,full_map,19,5u09
Docking-44,500,27,10,full_map,21,6cm4
Docking-44,500,27,10,full_map,23,6kux
Docking-44,500,27,10,full_map,25,6pdj
Docking-44,500,27,10,full_map,30,7ljd
Docking-44,500,27,10,full_map,36,8fhs
Docking-44,500,27,10,full_map,38,8st0
Docking-44,500,27,10,full_map,40,8xvk
Docking-44,500,27,10,sample_map,14,4mqs
Docking-44,500,27,10,sample_map,16,5cxv
Docking-44,500,27,10,sample_map,17,5i71
Docking-44,500,27,10,sample_map,21,6cm4
Docking-44,500,27,10,sample_map,23,6kux
Docking-44,500,27,10,sample_map,30,7ljd
Docking-44,500,27,10,sample_map,34,8e9y
Docking-44,500,27,10,sample_map,40,8xvk
Docking-44,500,27,10,sample_map,42,9eo4
Docking-44,500,27,10,sample_map,43,V1A
Docking-44,500,28,6,full_map,4,2vt4
Docking-44,500,28,6,full_map,19,5u09
Docking-44,500,28,6,full_map,23,6kux
Docking-44,500,28,6,full_map,36,8fhs
Docking-44,500,28,6,full_map,38,8st0
Docking-44,500,28,6,full_map,40,8xvk
Docking-44,500,28,6,sample_map,13,4iar
Docking-44,500,28,6,sample_map,21,6cm4
Docking-44,500,28,6,sample_map,23,6kux
Docking-44,500,28,6,sample_map,36,8fhs
Docking-44,500,28,6,sample_map,38,8st0
Docking-44,500,28,6,sample_map,40,8xvk
Docking-44,500,28,8,full_map,4,2vt4
Docking-44,500,28,8,full_map,16,5cxv
Docking-44,500,28,8,full_map,19,5u09
Docking-44,500,28,8,full_map,23,6kux
Docking-44,500,28,8,full_map,34,8e9y
Docking-44,500,28,8,full_map,36,8fhs
Docking-44,500,28,8,full_map,38,8st0
Docking-44,500,28,8,full_map,40,8xvk
Docking-44,500,28,8,sample_map,13,4iar
Docking-44,500,28,8,sample_map,19,5u09
Docking-44,500,28,8,sample_map,21,6cm4
Docking-44,500,28,8,sample_map,23,6kux
Docking-44,500,28,8,sample_map,30,7ljd
Docking-44,500,28,8,sample_map,36,8fhs
Docking-44,500,28,8,sample_map,38,8st0
Docking-44,500,28,8,sample_map,40,8xvk
Docking-44,500,28,10,full_map,13,4iar
Docking-44,500,28,10,full_map,16,5cxv
Docking-44,500,28,10,full_map,19,5u09
Docking-44,500,28,10,full_map,21,6cm4
Docking-44,500,28,10,full_map,23,6kux
Docking-44,500,28,10,full_map,25,6pdj
Docking-44,500,28,10,full_map,30,7ljd
Docking-44,500,28,10,full_map,36,8fhs
Docking-44,500,28,10,full_map,38,8st0
Docking-44,500,28,10,full_map,40,8xvk
Docking-44,500,28,10,sample_map,13,4iar
Docking-44,500,28,10,sample_map,16,5cxv
Docking-44,500,28,10,sample_map,19,5u09
Docking-44,500,28,10,sample_map,21,6cm4
Docking-44,500,28,10,sample_map,23,6kux
Docking-44,500,28,10,sample_map,25,6pdj
Docking-44,500,28,10,sample_map,30,7ljd
Docking-44,500,28,10,sample_map,36,8fhs
Docking-44,500,28,10,sample_map,38,8st0
Docking-44,500,28,10,sample_map,40,8xvk
Docking-44,500,29,6,full_map,4,2vt4
Docking-44,500,29,6,full_map,19,5u09
Docking-44,500,29,6,full_map,23,6kux
Docking-44,500,29,6,full_map,36,8fhs
Docking-44,500,29,6,full_map,38,8st0
Docking-44,500,29,6,full_map,40,8xvk
Docking-44,500,29,6,sample_map,13,4iar
Docking-44,500,29,6,sample_map,19,5u09
Docking-44,500,29,6,sample_map,20,5va1
Docking-44,500,29,6,sample_map,26,6x3x
Docking-44,500,29,6,sample_map,36,8fhs
Docking-44,500,29,6,sample_map,38,8st0
Docking-44,500,29,8,full_map,4,2vt4
Docking-44,500,29,8,full_map,16,5cxv
Docking-44,500,29,8,full_map,19,5u09
Docking-44,500,29,8,full_map,23,6kux
Docking-44,500,29,8,full_map,34,8e9y
Docking-44,500,29,8,full_map,36,8fhs
Docking-44,500,29,8,full_map,38,8st0
Docking-44,500,29,8,full_map,40,8xvk
Docking-44,500,29,8,sample_map,13,4iar
Docking-44,500,29,8,sample_map,19,5u09
Docking-44,500,29,8,sample_map,20,5va1
Docking-44,500,29,8,sample_map,23,6kux
Docking-44,500,29,8,sample_map,25,6pdj
Docking-44,500,29,8,sample_map,26,6x3x
Docking-44,500,29,8,sample_map,36,8fhs
Docking-44,500,29,8,sample_map,38,8st0
Docking-44,500,29,10,full_map,13,4iar
Docking-44,500,29,10,full_map,16,5cxv
Docking-44,500,29,10,full_map,19,5u09
Docking-44,500,29,10,full_map,21,6cm4
Docking-44,500,29,10,full_map,23,6kux
Docking-44,500,29,10,full_map,25,6pdj
Docking-44,500,29,10,full_map,30,7ljd
Docking-44,500,29,10,full_map,36,8fhs
Docking-44,500,29,10,full_map,38,8st0
Docking-44,500,29,10,full_map,40,8xvk
Docking-44,500,29,10,sample_map,4,2vt4
Docking-44,500,29,10,sample_map,16,5cxv
Docking-44,500,29,10,sample_map,19,5u09
Docking-44,500,29,10,sample_map,20,5va1
Docking-44,500,29,10,sample_map,21,6cm4
Docking-44,500,29,10,sample_map,23,6kux
Docking-44,500,29,10,sample_map,26,6x3x
Docking-44,500,29,10,sample_map,34,8e9y
Docking-44,500,29,10,sample_map,36,8fhs
Docking-44,500,29,10,sample_map,38,8st0
Docking-44,500,30,6,full_map,4,2vt4
Docking-44,500,30,6,full_map,19,5u09
Docking-44,500,30,6,full_map,23,6kux
Docking-44,500,30,6,full_map,36,8fhs
Docking-44,500,30,6,full_map,38,8st0
Docking-44,500,30,6,full_map,40,8xvk
Docking-44,500,30,6,sample_map,13,4iar
Docking-44,500,30,6,sample_map,16,5cxv
Docking-44,500,30,6,sample_map,21,6cm4
Docking-44,500,30,6,sample_map,36,8fhs
Docking-44,500,30,6,sample_map,40,8xvk
Docking-44,500,30,6,sample_map,42,9eo4
Docking-44,500,30,8,full_map,4,2vt4
Docking-44,500,30,8,full_map,16,5cxv
Docking-44,500,30,8,full_map,19,5u09
Docking-44,500,30,8,full_map,23,6kux
Docking-44,500,30,8,full_map,34,8e9y
Docking-44,500,30,8,full_map,36,8fhs
Docking-44,500,30,8,full_map,38,8st0
Docking-44,500,30,8,full_map,40,8xvk
Docking-44,500,30,8,sample_map,13,4iar
Docking-44,500,30,8,sample_map,16,5cxv
Docking-44,500,30,8,sample_map,19,5u09
Docking-44,500,30,8,sample_map,21,6cm4
Docking-44,500,30,8,sample_map,23,6kux
Docking-44,500,30,8,sample_map,36,8fhs
Docking-44,500,30,8,sample_map,40,8xvk
Docking-44,500,30,8,sample_map,42,9eo4
Docking-44,500,30,10,full_map,13,4iar
Docking-44,500,30,10,full_map,16,5cxv
Docking-44,500,30,10,full_map,19,5u09
Docking-44,500,30,10,full_map,21,6cm4
Docking-44,500,30,10,full_map,23,6kux
Docking-44,500,30,10,full_map,25,6pdj
Docking-44,500,30,10,full_map,30,7ljd
Docking-44,500,30,10,full_map,36,8fhs
Docking-44,500,30,10,full_map,38,8st0
Docking-44,500,30,10,full_map,40,8xvk
Docking-44,500,30,10,sample_map,13,4iar
Docking-44,500,30,10,sample_map,16,5cxv
Docking-44,500,30,10,sample_map,19,5u09
Docking-44,500,30,10,sample_map,21,6cm4
Docking-44,500,30,10,sample_map,23,6kux
Docking-44,500,30,10,sample_map,25,6pdj
Docking-44,500,30,10,sample_map,33,7ym8
Docking-44,500,30,10,sample_map,36,8fhs
Docking-44,500,30,10,sample_map,40,8xvk
Docking-44,500,30,10,sample_map,42,9eo4
Docking-44,500,31,6,full_map,4,2vt4
Docking-44,500,31,6,full_map,19,5u09
Docking-44,500,31,6,full_map,23,6kux
Docking-44,500,31,6,full_map,36,8fhs
Docking-44,500,31,6,full_map,38,8st0
Docking-44,500,31,6,full_map,40,8xvk
Docking-44,500,31,6,sample_map,0,1m2z
Docking-44,500,31,6,sample_map,17,5i71
Docking-44,500,31,6,sample_map,23,6kux
Docking-44,500,31,6,sample_map,36,8fhs
Docking-44,500,31,6,sample_map,38,8st0
Docking-44,500,31,6,sample_map,40,8xvk
Docking-44,500,31,8,full_map,4,2vt4
Docking-44,500,31,8,full_map,16,5cxv
Docking-44,500,31,8,full_map,19,5u09
Docking-44,500,31,8,full_map,23,6kux
Docking-44,500,31,8,full_map,34,8e9y
Docking-44,500,31,8,full_map,36,8fhs
Docking-44,500,31,8,full_map,38,8st0
Docking-44,500,31,8,full_map,40,8xvk
Docking-44,500,31,8,sample_map,0,1m2z
Docking-44,500,31,8,sample_map,17,5i71
Docking-44,500,31,8,sample_map,19,5u09
Docking-44,500,31,8,sample_map,23,6kux
Docking-44,500,31,8,sample_map,30,7ljd
Docking-44,500,31,8,sample_map,36,8fhs
Docking-44,500,31,8,sample_map,38,8st0
Docking-44,500,31,8,sample_map,40,8xvk
Docking-44,500,31,10,full_map,13,4iar
Docking-44,500,31,10,full_map,16,5cxv
Docking-44,500,31,10,full_map,19,5u09
Docking-44,500,31,10,full_map,21,6cm4
Docking-44,500,31,10,full_map,23,6kux
Docking-44,500,31,10,full_map,25,6pdj
Docking-44,500,31,10,full_map,30,7ljd
Docking-44,500,31,10,full_map,36,8fhs
Docking-44,500,31,10,full_map,38,8st0
Docking-44,500,31,10,full_map,40,8xvk
Docking-44,500,31,10,sample_map,0,1m2z
Docking-44,500,31,10,sample_map,16,5cxv
Docking-44,500,31,10,sample_map,17,5i71
Docking-44,500,31,10,sample_map,19,5u09
Docking-44,500,31,10,sample_map,20,5va1
Docking-44,500,31,10,sample_map,23,6kux
Docking-44,500,31,10,sample_map,26,6x3x
Docking-44,500,31,10,sample_map,30,7ljd
Docking-44,500,31,10,sample_map,36,8fhs
Docking-44,500,31,10,sample_map,38,8st0
Docking-44,500,32,6,full_map,4,2vt4
Docking-44,500,32,6,full_map,19,5u09
Docking-44,500,32,6,full_map,23,6kux
Docking-44,500,32,6,full_map,36,8fhs
Docking-44,500,32,6,full_map,38,8st0
Docking-44,500,32,6,full_map,40,8xvk
Docking-44,500,32,6,sample_map,4,2vt4
Docking-44,500,32,6,sample_map,19,5u09
Docking-44,500,32,6,sample_map,34,8e9y
Docking-44,500,32,6,sample_map,36,8fhs
Docking-44,500,32,6,sample_map,38,8st0
Docking-44,500,32,6,sample_map,40,8xvk
Docking-44,500,32,8,full_map,4,2vt4
Docking-44,500,32,8,full_map,16,5cxv
Docking-44,500,32,8,full_map,19,5u09
Docking-44,500,32,8,full_map,23,6kux
Docking-44,500,32,8,full_map,34,8e9y
Docking-44,500,32,8,full_map,36,8fhs
Docking-44,500,32,8,full_map,38,8st0
Docking-44,500,32,8,full_map,40,8xvk
Docking-44,500,32,8,sample_map,4,2vt4
Docking-44,500,32,8,sample_map,16,5cxv
Docking-44,500,32,8,sample_map,19,5u09
Docking-44,500,32,8,sample_map,21,6cm4
Docking-44,500,32,8,sample_map,34,8e9y
Docking-44,500,32,8,sample_map,36,8fhs
Docking-44,500,32,8,sample_map,38,8st0
Docking-44,500,32,8,sample_map,40,8xvk
Docking-44,500,32,10,full_map,13,4iar
Docking-44,500,32,10,full_map,16,5cxv
Docking-44,500,32,10,full_map,19,5u09
Docking-44,500,32,10,full_map,21,6cm4
Docking-44,500,32,10,full_map,23,6kux
Docking-44,500,32,10,full_map,25,6pdj
Docking-44,500,32,10,full_map,30,7ljd
Docking-44,500,32,10,full_map,36,8fhs
Docking-44,500,32,10,full_map,38,8st0
Docking-44,500,32,10,full_map,40,8xvk
Docking-44,500,32,10,sample_map,4,2vt4
Docking-44,500,32,10,sample_map,16,5cxv
Docking-44,500,32,10,sample_map,19,5u09
Docking-44,500,32,10,sample_map,21,6cm4
Docking-44,500,32,10,sample_map,23,6kux
Docking-44,500,32,10,sample_map,27,6y1z
Docking-44,500,32,10,sample_map,34,8e9y
Docking-44,500,32,10,sample_map,36,8fhs
Docking-44,500,32,10,sample_map,38,8st0
Docking-44,500,32,10,sample_map,40,8xvk
Docking-44,500,33,6,full_map,4,2vt4
Docking-44,500,33,6,full_map,19,5u09
Docking-44,500,33,6,full_map,23,6kux
Docking-44,500,33,6,full_map,36,8fhs
Docking-44,500,33,6,full_map,38,8st0
Docking-44,500,33,6,full_map,40,8xvk
Docking-44,500,33,6,sample_map,4,2vt4
Docking-44,500,33,6,sample_map,19,5u09
Docking-44,500,33,6,sample_map,20,5va1
Docking-44,500,33,6,sample_map,23,6kux
Docking-44,500,33,6,sample_map,36,8fhs
Docking-44,500,33,6,sample_map,38,8st0
Docking-44,500,33,8,full_map,4,2vt4
Docking-44,500,33,8,full_map,16,5cxv
Docking-44,500,33,8,full_map,19,5u09
Docking-44,500,33,8,full_map,23,6kux
Docking-44,500,33,8,full_map,34,8e9y
Docking-44,500,33,8,full_map,36,8fhs
Docking-44,500,33,8,full_map,38,8st0
Docking-44,500,33,8,full_map,40,8xvk
Docking-44,500,33,8,sample_map,4,2vt4
Docking-44,500,33,8,sample_map,14,4mqs
Docking-44,500,33,8,sample_map,19,5u09
Docking-44,500,33,8,sample_map,20,5va1
Docking-44,500,33,8,sample_map,23,6kux
Docking-44,500,33,8,sample_map,27,6y1z
Docking-44,500,33,8,sample_map,34,8e9y
Docking-44,500,33,8,sample_map,36,8fhs
Docking-44,500,33,10,full_map,13,4iar
Docking-44,500,33,10,full_map,16,5cxv
Docking-44,500,33,10,full_map,19,5u09
Docking-44,500,33,10,full_map,21,6cm4
Docking-44,500,33,10,full_map,23,6kux
Docking-44,500,33,10,full_map,25,6pdj
Docking-44,500,33,10,full_map,30,7ljd
Docking-44,500,33,10,full_map,36,8fhs
Docking-44,500,33,10,full_map,38,8st0
Docking-44,500,33,10,full_map,40,8xvk
Docking-44,500,33,10,sample_map,4,2vt4
Docking-44,500,33,10,sample_map,14,4mqs
Docking-44,500,33,10,sample_map,19,5u09
Docking-44,500,33,10,sample_map,20,5va1
Docking-44,500,33,10,sample_map,23,6kux
Docking-44,500,33,10,sample_map,25,6pdj
Docking-44,500,33,10,sample_map,27,6y1z
Docking-44,500,33,10,sample_map,34,8e9y
Docking-44,500,33,10,sample_map,36,8fhs
Docking-44,500,33,10,sample_map,42,9eo4
Docking-44,500,34,6,full_map,4,2vt4
Docking-44,500,34,6,full_map,19,5u09
Docking-44,500,34,6,full_map,23,6kux
Docking-44,500,34,6,full_map,36,8fhs
Docking-44,500,34,6,full_map,38,8st0
Docking-44,500,34,6,full_map,40,8xvk
Docking-44,500,34,6,sample_map,4,2vt4
Docking-44,500,34,6,sample_map,16,5cxv
Docking-44,500,34,6,sample_map,20,5va1
Docking-44,500,34,6,sample_map,34,8e9y
Docking-44,500,34,6,sample_map,36,8fhs
Docking-44,500,34,6,sample_map,38,8st0
Docking-44,500,34,8,full_map,4,2vt4
Docking-44,500,34,8,full_map,16,5cxv
Docking-44,500,34,8,full_map,19,5u09
Docking-44,500,34,8,full_map,23,6kux
Docking-44,500,34,8,full_map,34,8e9y
Docking-44,500,34,8,full_map,36,8fhs
Docking-44,500,34,8,full_map,38,8st0
Docking-44,500,34,8,full_map,40,8xvk
Docking-44,500,34,8,sample_map,4,2vt4
Docking-44,500,34,8,sample_map,16,5cxv
Docking-44,500,34,8,sample_map,19,5u09
Docking-44,500,34,8,sample_map,20,5va1
Docking-44,500,34,8,sample_map,23,6kux
Docking-44,500,34,8,sample_map,34,8e9y
Docking-44,500,34,8,sample_map,36,8fhs
Docking-44,500,34,8,sample_map,38,8st0
Docking-44,500,34,10,full_map,13,4iar
Docking-44,500,34,10,full_map,16,5cxv
Docking-44,500,34,10,full_map,19,5u09
Docking-44,500,34,10,full_map,21,6cm4
Docking-44,500,34,10,full_map,23,6kux
Docking-44,500,34,10,full_map,25,6pdj
Docking-44,500,34,10,full_map,30,7ljd
Docking-44,500,34,10,full_map,36,8fhs
Docking-44,500,34,10,full_map,38,8st0
Docking-44,500,34,10,full_map,40,8xvk
Docking-44,500,34,10,sample_map,4,2vt4
Docking-44,500,34,10,sample_map,5,2ydo
Docking-44,500,34,10,sample_map,16,5cxv
Docking-44,500,34,10,sample_map,19,5u09
Docking-44,500,34,10,sample_map,20,5va1
Docking-44,500,34,10,sample_map,23,6kux
Docking-44,500,34,10,sample_map,30,7ljd
Docking-44,500,34,10,sample_map,34,8e9y
Docking-44,500,34,10,sample_map,36,8fhs
Docking-44,500,34,10,sample_map,38,8st0
Docking-44,500,35,6,full_map,4,2vt4
Docking-44,500,35,6,full_map,19,5u09
Docking-44,500,35,6,full_map,23,6kux
Docking-44,500,35,6,full_map,36,8fhs
Docking-44,500,35,6,full_map,38,8st0
Docking-44,500,35,6,full_map,40,8xvk
Docking-44,500,35,6,sample_map,4,2vt4
Docking-44,500,35,6,sample_map,16,5cxv
Docking-44,500,35,6,sample_map,17,5i71
Docking-44,500,35,6,sample_map,19,5u09
Docking-44,500,35,6,sample_map,23,6kux
Docking-44,500,35,6,sample_map,43,V1A
Docking-44,500,35,8,full_map,4,2vt4
Docking-44,500,35,8,full_map,16,5cxv
Docking-44,500,35,8,full_map,19,5u09
Docking-44,500,35,8,full_map,23,6kux
Docking-44,500,35,8,full_map,34,8e9y
Docking-44,500,35,8,full_map,36,8fhs
Docking-44,500,35,8,full_map,38,8st0
Docking-44,500,35,8,full_map,40,8xvk
Docking-44,500,35,8,sample_map,4,2vt4
Docking-44,500,35,8,sample_map,16,5cxv
Docking-44,500,35,8,sample_map,17,5i71
Docking-44,500,35,8,sample_map,19,5u09
Docking-44,500,35,8,sample_map,20,5va1
Docking-44,500,35,8,sample_map,21,6cm4
Docking-44,500,35,8,sample_map,23,6kux
Docking-44,500,35,8,sample_map,43,V1A
Docking-44,500,35,10,full_map,13,4iar
Docking-44,500,35,10,full_map,16,5cxv
Docking-44,500,35,10,full_map,19,5u09
Docking-44,500,35,10,full_map,21,6cm4
Docking-44,500,35,10,full_map,23,6kux
Docking-44,500,35,10,full_map,25,6pdj
Docking-44,500,35,10,full_map,30,7ljd
Docking-44,500,35,10,full_map,36,8fhs
Docking-44,500,35,10,full_map,38,8st0
Docking-44,500,35,10,full_map,40,8xvk
Docking-44,500,35,10,sample_map,4,2vt4
Docking-44,500,35,10,sample_map,16,5cxv
Docking-44,500,35,10,sample_map,17,5i71
Docking-44,500,35,10,sample_map,19,5u09
Docking-44,500,35,10,sample_map,20,5va1
Docking-44,500,35,10,sample_map,21,6cm4
Docking-44,500,35,10,sample_map,23,6kux
Docking-44,500,35,10,sample_map,25,6pdj
Docking-44,500,35,10,sample_map,27,6y1z
Docking-44,500,35,10,sample_map,43,V1A
Docking-44,500,36,6,full_map,4,2vt4
Docking-44,500,36,6,full_map,19,5u09
Docking-44,500,36,6,full_map,23,6kux
Docking-44,500,36,6,full_map,36,8fhs
Docking-44,500,36,6,full_map,38,8st0
Docking-44,500,36,6,full_map,40,8xvk
Docking-44,500,36,6,sample_map,13,4iar
Docking-44,500,36,6,sample_map,19,5u09
Docking-44,500,36,6,sample_map,21,6cm4
Docking-44,500,36,6,sample_map,23,6kux
Docking-44,500,36,6,sample_map,36,8fhs
Docking-44,500,36,6,sample_map,40,8xvk
Docking-44,500,36,8,full_map,4,2vt4
Docking-44,500,36,8,full_map,16,5cxv
Docking-44,500,36,8,full_map,19,5u09
Docking-44,500,36,8,full_map,23,6kux
Docking-44,500,36,8,full_map,34,8e9y
Docking-44,500,36,8,full_map,36,8fhs
Docking-44,500,36,8,full_map,38,8st0
Docking-44,500,36,8,full_map,40,8xvk
Docking-44,500,36,8,sample_map,13,4iar
Docking-44,500,36,8,sample_map,19,5u09
Docking-44,500,36,8,sample_map,21,6cm4
Docking-44,500,36,8,sample_map,23,6kux
Docking-44,500,36,8,sample_map,26,6x3x
Docking-44,500,36,8,sample_map,36,8fhs
Docking-44,500,36,8,sample_map,38,8st0
Docking-44,500,36,8,sample_map,40,8xvk
Docking-44,500,36,10,full_map,13,4iar
Docking-44,500,36,10,full_map,16,5cxv
Docking-44,500,36,10,full_map,19,5u09
Docking-44,500,36,10,full_map,21,6cm4
Docking-44,500,36,10,full_map,23,6kux
Docking-44,500,36,10,full_map,25,6pdj
Docking-44,500,36,10,full_map,30,7ljd
Docking-44,500,36,10,full_map,36,8fhs
Docking-44,500,36,10,full_map,38,8st0
Docking-44,500,36,10,full_map,40,8xvk
Docking-44,500,36,10,sample_map,13,4iar
Docking-44,500,36,10,sample_map,19,5u09
Docking-44,500,36,10,sample_map,21,6cm4
Docking-44,500,36,10,sample_map,23,6kux
Docking-44,500,36,10,sample_map,25,6pdj
Docking-44,500,36,10,sample_map,26,6x3x
Docking-44,500,36,10,sample_map,36,8fhs
Docking-44,500,36,10,sample_map,38,8st0
Docking-44,500,36,10,sample_map,40,8xvk
Docking-44,500,36,10,sample_map,42,9eo4
Docking-44,500,37,6,full_map,4,2vt4
Docking-44,500,37,6,full_map,19,5u09
Docking-44,500,37,6,full_map,23,6kux
Docking-44,500,37,6,full_map,36,8fhs
Docking-44,500,37,6,full_map,38,8st0
Docking-44,500,37,6,full_map,40,8xvk
Docking-44,500,37,6,sample_map,6,2z5x
Docking-44,500,37,6,sample_map,13,4iar
Docking-44,500,37,6,sample_map,19,5u09
Docking-44,500,37,6,sample_map,31,7wc9
Docking-44,500,37,6,sample_map,36,8fhs
Docking-44,500,37,6,sample_map,39,8wty
Docking-44,500,37,8,full_map,4,2vt4
Docking-44,500,37,8,full_map,16,5cxv
Docking-44,500,37,8,full_map,19,5u09
Docking-44,500,37,8,full_map,23,6kux
Docking-44,500,37,8,full_map,34,8e9y
Docking-44,500,37,8,full_map,36,8fhs
Docking-44,500,37,8,full_map,38,8st0
Docking-44,500,37,8,full_map,40,8xvk
Docking-44,500,37,8,sample_map,6,2z5x
Docking-44,500,37,8,sample_map,13,4iar
Docking-44,500,37,8,sample_map,14,4mqs
Docking-44,500,37,8,sample_map,16,5cxv
Docking-44,500,37,8,sample_map,19,5u09
Docking-44,500,37,8,sample_map,21,6cm4
Docking-44,500,37,8,sample_map,31,7wc9
Docking-44,500,37,8,sample_map,36,8fhs
Docking-44,500,37,10,full_map,13,4iar
Docking-44,500,37,10,full_map,16,5cxv
Docking-44,500,37,10,full_map,19,5u09
Docking-44,500,37,10,full_map,21,6cm4
Docking-44,500,37,10,full_map,23,6kux
Docking-44,500,37,10,full_map,25,6pdj
Docking-44,500,37,10,full_map,30,7ljd
Docking-44,500,37,10,full_map,36,8fhs
Docking-44,500,37,10,full_map,38,8st0
Docking-44,500,37,10,full_map,40,8xvk
Docking-44,500,37,10,sample_map,6,2z5x
Docking-44,500,37,10,sample_map,11,4djh
Docking-44,500,37,10,sample_map,13,4iar
Docking-44,500,37,10,sample_map,14,4mqs
Docking-44,500,37,10,sample_map,16,5cxv
Docking-44,500,37,10,sample_map,19,5u09
Docking-44,500,37,10,sample_map,21,6cm4
Docking-44,500,37,10,sample_map,23,6kux
Docking-44,500,37,10,sample_map,31,7wc9
Docking-44,500,37,10,sample_map,36,8fhs
Docking-44,500,38,6,full_map,4,2vt4
Docking-44,500,38,6,full_map,19,5u09
Docking-44,500,38,6,full_map,23,6kux
Docking-44,500,38,6,full_map,36,8fhs
Docking-44,500,38,6,full_map,38,8st0
Docking-44,500,38,6,full_map,40,8xvk
Docking-44,500,38,6,sample_map,13,4iar
Docking-44,500,38,6,sample_map,16,5cxv
Docking-44,500,38,6,sample_map,19,5u09
Docking-44,500,38,6,sample_map,20,5va1
Docking-44,500,38,6,sample_map,36,8fhs
Docking-44,500,38,6,sample_map,42,9eo4
Docking-44,500,38,8,full_map,4,2vt4
Docking-44,500,38,8,full_map,16,5cxv
Docking-44,500,38,8,full_map,19,5u09
Docking-44,500,38,8,full_map,23,6kux
Docking-44,500,38,8,full_map,34,8e9y
Docking-44,500,38,8,full_map,36,8fhs
Docking-44,500,38,8,full_map,38,8st0
Docking-44,500,38,8,full_map,40,8xvk
Docking-44,500,38,8,sample_map,13,4iar
Docking-44,500,38,8,sample_map,16,5cxv
Docking-44,500,38,8,sample_map,19,5u09
Docking-44,500,38,8,sample_map,20,5va1
Docking-44,500,38,8,sample_map,22,6kpf
Docking-44,500,38,8,sample_map,33,7ym8
Docking-44,500,38,8,sample_map,36,8fhs
Docking-44,500,38,8,sample_map,42,9eo4
Docking-44,500,38,10,full_map,13,4iar
Docking-44,500,38,10,full_map,16,5cxv
Docking-44,500,38,10,full_map,19,5u09
Docking-44,500,38,10,full_map,21,6cm4
Docking-44,500,38,10,full_map,23,6kux
Docking-44,500,38,10,full_map,25,6pdj
Docking-44,500,38,10,full_map,30,7ljd
Docking-44,500,38,10,full_map,36,8fhs
Docking-44,500,38,10,full_map,38,8st0
Docking-44,500,38,10,full_map,40,8xvk
Docking-44,500,38,10,sample_map,13,4iar
Docking-44,500,38,10,sample_map,16,5cxv
Docking-44,500,38,10,sample_map,19,5u09
Docking-44,500,38,10,sample_map,20,5va1
Docking-44,500,38,10,sample_map,22,6kpf
Docking-44,500,38,10,sample_map,23,6kux
Docking-44,500,38,10,sample_map,25,6pdj
Docking-44,500,38,10,sample_map,33,7ym8
Docking-44,500,38,10,sample_map,36,8fhs
Docking-44,500,38,10,sample_map,42,9eo4
Docking-44,500,39,6,full_map,4,2vt4
Docking-44,500,39,6,full_map,19,5u09
Docking-44,500,39,6,full_map,23,6kux
Docking-44,500,39,6,full_map,36,8fhs
Docking-44,500,39,6,full_map,38,8st0
Docking-44,500,39,6,full_map,40,8xvk
Docking-44,500,39,6,sample_map,21,6cm4
Docking-44,500,39,6,sample_map,22,6kpf
Docking-44,500,39,6,sample_map,28,7f8y
Docking-44,500,39,6,sample_map,36,8fhs
Docking-44,500,39,6,sample_map,38,8st0
Docking-44,500,39,6,sample_map,40,8xvk
Docking-44,500,39,8,full_map,4,2vt4
Docking-44,500,39,8,full_map,16,5cxv
Docking-44,500,39,8,full_map,19,5u09
Docking-44,500,39,8,full_map,23,6kux
Docking-44,500,39,8,full_map,34,8e9y
Docking-44,500,39,8,full_map,36,8fhs
Docking-44,500,39,8,full_map,38,8st0
Docking-44,500,39,8,full_map,40,8xvk
Docking-44,500,39,8,sample_map,21,6cm4
Docking-44,500,39,8,sample_map,22,6kpf
Docking-44,500,39,8,sample_map,23,6kux
Docking-44,500,39,8,sample_map,26,6x3x
Docking-44,500,39,8,sample_map,28,7f8y
Docking-44,500,39,8,sample_map,36,8fhs
Docking-44,500,39,8,sample_map,38,8st0
Docking-44,500,39,8,sample_map,40,8xvk
Docking-44,500,39,10,full_map,13,4iar
Docking-44,500,39,10,full_map,16,5cxv
Docking-44,500,39,10,full_map,19,5u09
Docking-44,500,39,10,full_map,21,6cm4
Docking-44,500,39,10,full_map,23,6kux
Docking-44,500,39,10,full_map,25,6pdj
Docking-44,500,39,10,full_map,30,7ljd
Docking-44,500,39,10,full_map,36,8fhs
Docking-44,500,39,10,full_map,38,8st0
Docking-44,500,39,10,full_map,40,8xvk
Docking-44,500,39,10,sample_map,5,2ydo
Docking-44,500,39,10,sample_map,16,5cxv
Docking-44,500,39,10,sample_map,21,6cm4
Docking-44,500,39,10,sample_map,22,6kpf
Docking-44,500,39,10,sample_map,23,6kux
Docking-44,500,39,10,sample_map,26,6x3x
Docking-44,500,39,10,sample_map,28,7f8y
Docking-44,500,39,10,sample_map,36,8fhs
Docking-44,500,39,10,sample_map,38,8st0
Docking-44,500,39,10,sample_map,40,8xvk
Docking-44,500,40,6,full_map,4,2vt4
Docking-44,500,40,6,full_map,19,5u09
Docking-44,500,40,6,full_map,23,6kux
Docking-44,500,40,6,full_map,36,8fhs
Docking-44,500,40,6,full_map,38,8st0
Docking-44,500,40,6,full_map,40,8xvk
Docking-44,500,40,6,sample_map,11,4djh
Docking-44,500,40,6,sample_map,13,4iar
Docking-44,500,40,6,sample_map,27,6y1z
Docking-44,500,40,6,sample_map,36,8fhs
Docking-44,500,40,6,sample_map,38,8st0
Docking-44,500,40,6,sample_map,40,8xvk
Docking-44,500,40,8,full_map,4,2vt4
Docking-44,500,40,8,full_map,16,5cxv
Docking-44,500,40,8,full_map,19,5u09
Docking-44,500,40,8,full_map,23,6kux
Docking-44,500,40,8,full_map,34,8e9y
Docking-44,500,40,8,full_map,36,8fhs
Docking-44,500,40,8,full_map,38,8st0
Docking-44,500,40,8,full_map,40,8xvk
Docking-44,500,40,8,sample_map,13,4iar
Docking-44,500,40,8,sample_map,23,6kux
Docking-44,500,40,8,sample_map,25,6pdj
Docking-44,500,40,8,sample_map,27,6y1z
Docking-44,500,40,8,sample_map,36,8fhs
Docking-44,500,40,8,sample_map,38,8st0
Docking-44,500,40,8,sample_map,40,8xvk
Docking-44,500,40,8,sample_map,42,9eo4
Docking-44,500,40,10,full_map,13,4iar
Docking-44,500,40,10,full_map,16,5cxv
Docking-44,500,40,10,full_map,19,5u09
Docking-44,500,40,10,full_map,21,6cm4
Docking-44,500,40,10,full_map,23,6kux
Docking-44,500,40,10,full_map,25,6pdj
Docking-44,500,40,10,full_map,30,7ljd
Docking-44,500,40,10,full_map,36,8fhs
Docking-44,500,40,10,full_map,38,8st0
Docking-44,500,40,10,full_map,40,8xvk
Docking-44,500,40,10,sample_map,5,2ydo
Docking-44,500,40,10,sample_map,13,4iar
Docking-44,500,40,10,sample_map,20,5va1
Docking-44,500,40,10,sample_map,21,6cm4
Docking-44,500,40,10,sample_map,23,6kux
Docking-44,500,40,10,sample_map,25,6pdj
Docking-44,500,40,10,sample_map,27,6y1z
Docking-44,500,40,10,sample_map,36,8fhs
Docking-44,500,40,10,sample_map,38,8st0
Docking-44,500,40,10,sample_map,42,9eo4
Docking-44,500,41,6,full_map,4,2vt4
Docking-44,500,41,6,full_map,19,5u09
Docking-44,500,41,6,full_map,23,6kux
Docking-44,500,41,6,full_map,36,8fhs
Docking-44,500,41,6,full_map,38,8st0
Docking-44,500,41,6,full_map,40,8xvk
Docking-44,500,41,6,sample_map,13,4iar
Docking-44,500,41,6,sample_map,16,5cxv
Docking-44,500,41,6,sample_map,20,5va1
Docking-44,500,41,6,sample_map,22,6kpf
Docking-44,500,41,6,sample_map,35,8ef6
Docking-44,500,41,6,sample_map,38,8st0
Docking-44,500,41,8,full_map,4,2vt4
Docking-44,500,41,8,full_map,16,5cxv
Docking-44,500,41,8,full_map,19,5u09
Docking-44,500,41,8,full_map,23,6kux
Docking-44,500,41,8,full_map,34,8e9y
Docking-44,500,41,8,full_map,36,8fhs
Docking-44,500,41,8,full_map,38,8st0
Docking-44,500,41,8,full_map,40,8xvk
Docking-44,500,41,8,sample_map,13,4iar
Docking-44,500,41,8,sample_map,16,5cxv
Docking-44,500,41,8,sample_map,20,5va1
Docking-44,500,41,8,sample_map,22,6kpf
Docking-44,500,41,8,sample_map,23,6kux
Docking-44,500,41,8,sample_map,27,6y1z
Docking-44,500,41,8,sample_map,35,8ef6
Docking-44,500,41,8,sample_map,38,8st0
Docking-44,500,41,10,full_map,13,4iar
Docking-44,500,41,10,full_map,16,5cxv
Docking-44,500,41,10,full_map,19,5u09
Docking-44,500,41,10,full_map,21,6cm4
Docking-44,500,41,10,full_map,23,6kux
Docking-44,500,41,10,full_map,25,6pdj
Docking-44,500,41,10,full_map,30,7ljd
Docking-44,500,41,10,full_map,36,8fhs
Docking-44,500,41,10,full_map,38,8st0
Docking-44,500,41,10,full_map,40,8xvk
Docking-44,500,41,10,sample_map,13,4iar
Docking-44,500,41,10,sample_map,16,5cxv
Docking-44,500,41,10,sample_map,22,6kpf
Docking-44,500,41,10,sample_map,23,6kux
Docking-44,500,41,10,sample_map,25,6pdj
Docking-44,500,41,10,sample_map,30,7ljd
Docking-44,500,41,10,sample_map,35,8ef6
Docking-44,500,41,10,sample_map,38,8st0
Docking-44,500,41,10,sample_map,40,8xvk
Docking-44,500,41,10,sample_map,42,9eo4
Docking-44,500,42,6,full_map,4,2vt4
Docking-44,500,42,6,full_map,19,5u09
Docking-44,500,42,6,full_map,23,6kux
Docking-44,500,42,6,full_map,36,8fhs
Docking-44,500,42,6,full_map,38,8st0
Docking-44,500,42,6,full_map,40,8xvk
Docking-44,500,42,6,sample_map,19,5u09
Docking-44,500,42,6,sample_map,21,6cm4
Docking-44,500,42,6,sample_map,34,8e9y
Docking-44,500,42,6,sample_map,36,8fhs
Docking-44,500,42,6,sample_map,38,8st0
Docking-44,500,42,6,sample_map,40,8xvk
Docking-44,500,42,8,full_map,4,2vt4
Docking-44,500,42,8,full_map,16,5cxv
Docking-44,500,42,8,full_map,19,5u09
Docking-44,500,42,8,full_map,23,6kux
Docking-44,500,42,8,full_map,34,8e9y
Docking-44,500,42,8,full_map,36,8fhs
Docking-44,500,42,8,full_map,38,8st0
Docking-44,500,42,8,full_map,40,8xvk
Docking-44,500,42,8,sample_map,5,2ydo
Docking-44,500,42,8,sample_map,19,5u09
Docking-44,500,42,8,sample_map,21,6cm4
Docking-44,500,42,8,sample_map,25,6pdj
Docking-44,500,42,8,sample_map,34,8e9y
Docking-44,500,42,8,sample_map,36,8fhs
Docking-44,500,42,8,sample_map,38,8st0
Docking-44,500,42,8,sample_map,40,8xvk
Docking-44,500,42,10,full_map,13,4iar
Docking-44,500,42,10,full_map,16,5cxv
Docking-44,500,42,10,full_map,19,5u09
Docking-44,500,42,10,full_map,21,6cm4
Docking-44,500,42,10,full_map,23,6kux
Docking-44,500,42,10,full_map,25,6pdj
Docking-44,500,42,10,full_map,30,7ljd
Docking-44,500,42,10,full_map,36,8fhs
Docking-44,500,42,10,full_map,38,8st0
Docking-44,500,42,10,full_map,40,8xvk
Docking-44,500,42,10,sample_map,4,2vt4
Docking-44,500,42,10,sample_map,5,2ydo
Docking-44,500,42,10,sample_map,16,5cxv
Docking-44,500,42,10,sample_map,19,5u09
Docking-44,500,42,10,sample_map,21,6cm4
Docking-44,500,42,10,sample_map,23,6kux
Docking-44,500,42,10,sample_map,34,8e9y
Docking-44,500,42,10,sample_map,36,8fhs
Docking-44,500,42,10,sample_map,38,8st0
Docking-44,500,42,10,sample_map,40,8xvk
Docking-44,500,43,6,full_map,4,2vt4
Docking-44,500,43,6,full_map,19,5u09
Docking-44,500,43,6,full_map,23,6kux
Docking-44,500,43,6,full_map,36,8fhs
Docking-44,500,43,6,full_map,38,8st0
Docking-44,500,43,6,full_map,40,8xvk
Docking-44,500,43,6,sample_map,13,4iar
Docking-44,500,43,6,sample_map,19,5u09
Docking-44,500,43,6,sample_map,21,6cm4
Docking-44,500,43,6,sample_map,36,8fhs
Docking-44,500,43,6,sample_map,38,8st0
Docking-44,500,43,6,sample_map,40,8xvk
Docking-44,500,43,8,full_map,4,2vt4
Docking-44,500,43,8,full_map,16,5cxv
Docking-44,500,43,8,full_map,19,5u09
Docking-44,500,43,8,full_map,23,6kux
Docking-44,500,43,8,full_map,34,8e9y
Docking-44,500,43,8,full_map,36,8fhs
Docking-44,500,43,8,full_map,38,8st0
Docking-44,500,43,8,full_map,40,8xvk
Docking-44,500,43,8,sample_map,13,4iar
Docking-44,500,43,8,sample_map,19,5u09
Docking-44,500,43,8,sample_map,21,6cm4
Docking-44,500,43,8,sample_map,23,6kux
Docking-44,500,43,8,sample_map,26,6x3x
Docking-44,500,43,8,sample_map,36,8fhs
Docking-44,500,43,8,sample_map,38,8st0
Docking-44,500,43,8,sample_map,40,8xvk
Docking-44,500,43,10,full_map,13,4iar
Docking-44,500,43,10,full_map,16,5cxv
Docking-44,500,43,10,full_map,19,5u09
Docking-44,500,43,10,full_map,21,6cm4
Docking-44,500,43,10,full_map,23,6kux
Docking-44,500,43,10,full_map,25,6pdj
Docking-44,500,43,10,full_map,30,7ljd
Docking-44,500,43,10,full_map,36,8fhs
Docking-44,500,43,10,full_map,38,8st0
Docking-44,500,43,10,full_map,40,8xvk
Docking-44,500,43,10,sample_map,13,4iar
Docking-44,500,43,10,sample_map,16,5cxv
Docking-44,500,43,10,sample_map,19,5u09
Docking-44,500,43,10,sample_map,21,6cm4
Docking-44,500,43,10,sample_map,23,6kux
Docking-44,500,43,10,sample_map,25,6pdj
Docking-44,500,43,10,sample_map,26,6x3x
Docking-44,500,43,10,sample_map,36,8fhs
Docking-44,500,43,10,sample_map,38,8st0
Docking-44,500,43,10,sample_map,40,8xvk
Docking-44,500,44,6,full_map,4,2vt4
Docking-44,500,44,6,full_map,19,5u09
Docking-44,500,44,6,full_map,23,6kux
Docking-44,500,44,6,full_map,36,8fhs
Docking-44,500,44,6,full_map,38,8st0
Docking-44,500,44,6,full_map,40,8xvk
Docking-44,500,44,6,sample_map,4,2vt4
Docking-44,500,44,6,sample_map,19,5u09
Docking-44,500,44,6,sample_map,31,7wc9
Docking-44,500,44,6,sample_map,36,8fhs
Docking-44,500,44,6,sample_map,38,8st0
Docking-44,500,44,6,sample_map,40,8xvk
Docking-44,500,44,8,full_map,4,2vt4
Docking-44,500,44,8,full_map,16,5cxv
Docking-44,500,44,8,full_map,19,5u09
Docking-44,500,44,8,full_map,23,6kux
Docking-44,500,44,8,full_map,34,8e9y
Docking-44,500,44,8,full_map,36,8fhs
Docking-44,500,44,8,full_map,38,8st0
Docking-44,500,44,8,full_map,40,8xvk
Docking-44,500,44,8,sample_map,4,2vt4
Docking-44,500,44,8,sample_map,19,5u09
Docking-44,500,44,8,sample_map,23,6kux
Docking-44,500,44,8,sample_map,30,7ljd
Docking-44,500,44,8,sample_map,31,7wc9
Docking-44,500,44,8,sample_map,36,8fhs
Docking-44,500,44,8,sample_map,38,8st0
Docking-44,500,44,8,sample_map,40,8xvk
Docking-44,500,44,10,full_map,13,4iar
Docking-44,500,44,10,full_map,16,5cxv
Docking-44,500,44,10,full_map,19,5u09
Docking-44,500,44,10,full_map,21,6cm4
Docking-44,500,44,10,full_map,23,6kux
Docking-44,500,44,10,full_map,25,6pdj
Docking-44,500,44,10,full_map,30,7ljd
Docking-44,500,44,10,full_map,36,8fhs
Docking-44,500,44,10,full_map,38,8st0
Docking-44,500,44,10,full_map,40,8xvk
Docking-44,500,44,10,sample_map,4,2vt4
Docking-44,500,44,10,sample_map,9,3ln1
Docking-44,500,44,10,sample_map,16,5cxv
Docking-44,500,44,10,sample_map,19,5u09
Docking-44,500,44,10,sample_map,23,6kux
Docking-44,500,44,10,sample_map,30,7ljd
Docking-44,500,44,10,sample_map,31,7wc9
Docking-44,500,44,10,sample_map,36,8fhs
Docking-44,500,44,10,sample_map,38,8st0
Docking-44,500,44,10,sample_map,40,8xvk
Docking-44,500,45,6,full_map,4,2vt4
Docking-44,500,45,6,full_map,19,5u09
Docking-44,500,45,6,full_map,23,6kux
Docking-44,500,45,6,full_map,36,8fhs
Docking-44,500,45,6,full_map,38,8st0
Docking-44,500,45,6,full_map,40,8xvk
Docking-44,500,45,6,sample_map,13,4iar
Docking-44,500,45,6,sample_map,25,6pdj
Docking-44,500,45,6,sample_map,31,7wc9
Docking-44,500,45,6,sample_map,36,8fhs
Docking-44,500,45,6,sample_map,38,8st0
Docking-44,500,45,6,sample_map,40,8xvk
Docking-44,500,45,8,full_map,4,2vt4
Docking-44,500,45,8,full_map,16,5cxv
Docking-44,500,45,8,full_map,19,5u09
Docking-44,500,45,8,full_map,23,6kux
Docking-44,500,45,8,full_map,34,8e9y
Docking-44,500,45,8,full_map,36,8fhs
Docking-44,500,45,8,full_map,38,8st0
Docking-44,500,45,8,full_map,40,8xvk
Docking-44,500,45,8,sample_map,13,4iar
Docking-44,500,45,8,sample_map,23,6kux
Docking-44,500,45,8,sample_map,25,6pdj
Docking-44,500,45,8,sample_map,30,7ljd
Docking-44,500,45,8,sample_map,31,7wc9
Docking-44,500,45,8,sample_map,36,8fhs
Docking-44,500,45,8,sample_map,38,8st0
Docking-44,500,45,8,sample_map,40,8xvk
Docking-44,500,45,10,full_map,13,4iar
Docking-44,500,45,10,full_map,16,5cxv
Docking-44,500,45,10,full_map,19,5u09
Docking-44,500,45,10,full_map,21,6cm4
Docking-44,500,45,10,full_map,23,6kux
Docking-44,500,45,10,full_map,25,6pdj
Docking-44,500,45,10,full_map,30,7ljd
Docking-44,500,45,10,full_map,36,8fhs
Docking-44,500,45,10,full_map,38,8st0
Docking-44,500,45,10,full_map,40,8xvk
Docking-44,500,45,10,sample_map,5,2ydo
Docking-44,500,45,10,sample_map,13,4iar
Docking-44,500,45,10,sample_map,16,5cxv
Docking-44,500,45,10,sample_map,21,6cm4
Docking-44,500,45,10,sample_map,23,6kux
Docking-44,500,45,10,sample_map,30,7ljd
Docking-44,500,45,10,sample_map,31,7wc9
Docking-44,500,45,10,sample_map,36,8fhs
Docking-44,500,45,10,sample_map,38,8st0
Docking-44,500,45,10,sample_map,40,8xvk
Docking-44,500,46,6,full_map,4,2vt4
Docking-44,500,46,6,full_map,19,5u09
Docking-44,500,46,6,full_map,23,6kux
Docking-44,500,46,6,full_map,36,8fhs
Docking-44,500,46,6,full_map,38,8st0
Docking-44,500,46,6,full_map,40,8xvk
Docking-44,500,46,6,sample_map,4,2vt4
Docking-44,500,46,6,sample_map,16,5cxv
Docking-44,500,46,6,sample_map,19,5u09
Docking-44,500,46,6,sample_map,20,5va1
Docking-44,500,46,6,sample_map,36,8fhs
Docking-44,500,46,6,sample_map,38,8st0
Docking-44,500,46,8,full_map,4,2vt4
Docking-44,500,46,8,full_map,16,5cxv
Docking-44,500,46,8,full_map,19,5u09
Docking-44,500,46,8,full_map,23,6kux
Docking-44,500,46,8,full_map,34,8e9y
Docking-44,500,46,8,full_map,36,8fhs
Docking-44,500,46,8,full_map,38,8st0
Docking-44,500,46,8,full_map,40,8xvk
Docking-44,500,46,8,sample_map,4,2vt4
Docking-44,500,46,8,sample_map,16,5cxv
Docking-44,500,46,8,sample_map,19,5u09
Docking-44,500,46,8,sample_map,23,6kux
Docking-44,500,46,8,sample_map,26,6x3x
Docking-44,500,46,8,sample_map,36,8fhs
Docking-44,500,46,8,sample_map,38,8st0
Docking-44,500,46,8,sample_map,40,8xvk
Docking-44,500,46,10,full_map,13,4iar
Docking-44,500,46,10,full_map,16,5cxv
Docking-44,500,46,10,full_map,19,5u09
Docking-44,500,46,10,full_map,21,6cm4
Docking-44,500,46,10,full_map,23,6kux
Docking-44,500,46,10,full_map,25,6pdj
Docking-44,500,46,10,full_map,30,7ljd
Docking-44,500,46,10,full_map,36,8fhs
Docking-44,500,46,10,full_map,38,8st0
Docking-44,500,46,10,full_map,40,8xvk
Docking-44,500,46,10,sample_map,4,2vt4
Docking-44,500,46,10,sample_map,5,2ydo
Docking-44,500,46,10,sample_map,16,5cxv
Docking-44,500,46,10,sample_map,19,5u09
Docking-44,500,46,10,sample_map,21,6cm4
Docking-44,500,46,10,sample_map,23,6kux
Docking-44,500,46,10,sample_map,26,6x3x
Docking-44,500,46,10,sample_map,36,8fhs
Docking-44,500,46,10,sample_map,38,8st0
Docking-44,500,46,10,sample_map,40,8xvk
Docking-44,500,47,6,full_map,4,2vt4
Docking-44,500,47,6,full_map,19,5u09
Docking-44,500,47,6,full_map,23,6kux
Docking-44,500,47,6,full_map,36,8fhs
Docking-44,500,47,6,full_map,38,8st0
Docking-44,500,47,6,full_map,40,8xvk
Docking-44,500,47,6,sample_map,13,4iar
Docking-44,500,47,6,sample_map,19,5u09
Docking-44,500,47,6,sample_map,21,6cm4
Docking-44,500,47,6,sample_map,23,6kux
Docking-44,500,47,6,sample_map,36,8fhs
Docking-44,500,47,6,sample_map,40,8xvk
Docking-44,500,47,8,full_map,4,2vt4
Docking-44,500,47,8,full_map,16,5cxv
Docking-44,500,47,8,full_map,19,5u09
Docking-44,500,47,8,full_map,23,6kux
Docking-44,500,47,8,full_map,34,8e9y
Docking-44,500,47,8,full_map,36,8fhs
Docking-44,500,47,8,full_map,38,8st0
Docking-44,500,47,8,full_map,40,8xvk
Docking-44,500,47,8,sample_map,12,4ey7
Docking-44,500,47,8,sample_map,13,4iar
Docking-44,500,47,8,sample_map,19,5u09
Docking-44,500,47,8,sample_map,21,6cm4
Docking-44,500,47,8,sample_map,23,6kux
Docking-44,500,47,8,sample_map,25,6pdj
Docking-44,500,47,8,sample_map,36,8fhs
Docking-44,500,47,8,sample_map,40,8xvk
Docking-44,500,47,10,full_map,13,4iar
Docking-44,500,47,10,full_map,16,5cxv
Docking-44,500,47,10,full_map,19,5u09
Docking-44,500,47,10,full_map,21,6cm4
Docking-44,500,47,10,full_map,23,6kux
Docking-44,500,47,10,full_map,25,6pdj
Docking-44,500,47,10,full_map,30,7ljd
Docking-44,500,47,10,full_map,36,8fhs
Docking-44,500,47,10,full_map,38,8st0
Docking-44,500,47,10,full_map,40,8xvk
Docking-44,500,47,10,sample_map,12,4ey7
Docking-44,500,47,10,sample_map,13,4iar
Docking-44,500,47,10,sample_map,16,5cxv
Docking-44,500,47,10,sample_map,19,5u09
Docking-44,500,47,10,sample_map,21,6cm4
Docking-44,500,47,10,sample_map,23,6kux
Docking-44,500,47,10,sample_map,25,6pdj
Docking-44,500,47,10,sample_map,36,8fhs
Docking-44,500,47,10,sample_map,40,8xvk
Docking-44,500,47,10,sample_map,42,9eo4
Docking-44,500,48,6,full_map,4,2vt4
Docking-44,500,48,6,full_map,19,5u09
Docking-44,500,48,6,full_map,23,6kux
Docking-44,500,48,6,full_map,36,8fhs
Docking-44,500,48,6,full_map,38,8st0
Docking-44,500,48,6,full_map,40,8xvk
Docking-44,500,48,6,sample_map,4,2vt4
Docking-44,500,48,6,sample_map,16,5cxv
Docking-44,500,48,6,sample_map,36,8fhs
Docking-44,500,48,6,sample_map,38,8st0
Docking-44,500,48,6,sample_map,40,8xvk
Docking-44,500,48,6,sample_map,42,9eo4
Docking-44,500,48,8,full_map,4,2vt4
Docking-44,500,48,8,full_map,16,5cxv
Docking-44,500,48,8,full_map,19,5u09
Docking-44,500,48,8,full_map,23,6kux
Docking-44,500,48,8,full_map,34,8e9y
Docking-44,500,48,8,full_map,36,8fhs
Docking-44,500,48,8,full_map,38,8st0
Docking-44,500,48,8,full_map,40,8xvk
Docking-44,500,48,8,sample_map,4,2vt4
Docking-44,500,48,8,sample_map,16,5cxv
Docking-44,500,48,8,sample_map,19,5u09
Docking-44,500,48,8,sample_map,26,6x3x
Docking-44,500,48,8,sample_map,30,7ljd
Docking-44,500,48,8,sample_map,36,8fhs
Docking-44,500,48,8,sample_map,38,8st0
Docking-44,500,48,8,sample_map,40,8xvk
Docking-44,500,48,10,full_map,13,4iar
Docking-44,500,48,10,full_map,16,5cxv
Docking-44,500,48,10,full_map,19,5u09
Docking-44,500,48,10,full_map,21,6cm4
Docking-44,500,48,10,full_map,23,6kux
Docking-44,500,48,10,full_map,25,6pdj
Docking-44,500,48,10,full_map,30,7ljd
Docking-44,500,48,10,full_map,36,8fhs
Docking-44,500,48,10,full_map,38,8st0
Docking-44,500,48,10,full_map,40,8xvk
Docking-44,500,48,10,sample_map,4,2vt4
Docking-44,500,48,10,sample_map,5,2ydo
Docking-44,500,48,10,sample_map,16,5cxv
Docking-44,500,48,10,sample_map,19,5u09
Docking-44,500,48,10,sample_map,20,5va1
Docking-44,500,48,10,sample_map,23,6kux
Docking-44,500,48,10,sample_map,26,6x3x
Docking-44,500,48,10,sample_map,30,7ljd
Docking-44,500,48,10,sample_map,36,8fhs
Docking-44,500,48,10,sample_map,38,8st0
Docking-44,500,49,6,full_map,4,2vt4
Docking-44,500,49,6,full_map,19,5u09
Docking-44,500,49,6,full_map,23,6kux
Docking-44,500,49,6,full_map,36,8fhs
Docking-44,500,49,6,full_map,38,8st0
Docking-44,500,49,6,full_map,40,8xvk
Docking-44,500,49,6,sample_map,4,2vt4
Docking-44,500,49,6,sample_map,13,4iar
Docking-44,500,49,6,sample_map,19,5u09
Docking-44,500,49,6,sample_map,36,8fhs
Docking-44,500,49,6,sample_map,38,8st0
Docking-44,500,49,6,sample_map,40,8xvk
Docking-44,500,49,8,full_map,4,2vt4
Docking-44,500,49,8,full_map,16,5cxv
Docking-44,500,49,8,full_map,19,5u09
Docking-44,500,49,8,full_map,23,6kux
Docking-44,500,49,8,full_map,34,8e9y
Docking-44,500,49,8,full_map,36,8fhs
Docking-44,500,49,8,full_map,38,8st0
Docking-44,500,49,8,full_map,40,8xvk
Docking-44,500,49,8,sample_map,4,2vt4
Docking-44,500,49,8,sample_map,13,4iar
Docking-44,500,49,8,sample_map,16,5cxv
Docking-44,500,49,8,sample_map,19,5u09
Docking-44,500,49,8,sample_map,23,6kux
Docking-44,500,49,8,sample_map,36,8fhs
Docking-44,500,49,8,sample_map,38,8st0
Docking-44,500,49,8,sample_map,40,8xvk
Docking-44,500,49,10,full_map,13,4iar
Docking-44,500,49,10,full_map,16,5cxv
Docking-44,500,49,10,full_map,19,5u09
Docking-44,500,49,10,full_map,21,6cm4
Docking-44,500,49,10,full_map,23,6kux
Docking-44,500,49,10,full_map,25,6pdj
Docking-44,500,49,10,full_map,30,7ljd
Docking-44,500,49,10,full_map,36,8fhs
Docking-44,500,49,10,full_map,38,8st0
Docking-44,500,49,10,full_map,40,8xvk
Docking-44,500,49,10,sample_map,4,2vt4
Docking-44,500,49,10,sample_map,13,4iar
Docking-44,500,49,10,sample_map,16,5cxv
Docking-44,500,49,10,sample_map,19,5u09
Docking-44,500,49,10,sample_map,23,6kux
Docking-44,500,49,10,sample_map,25,6pdj
Docking-44,500,49,10,sample_map,26,6x3x
Docking-44,500,49,10,sample_map,36,8fhs
Docking-44,500,49,10,sample_map,38,8st0
Docking-44,500,49,10,sample_map,40,8xvk
Docking-44,500,50,6,full_map,4,2vt4
Docking-44,500,50,6,full_map,19,5u09
Docking-44,500,50,6,full_map,23,6kux
Docking-44,500,50,6,full_map,36,8fhs
Docking-44,500,50,6,full_map,38,8st0
Docking-44,500,50,6,full_map,40,8xvk
Docking-44,500,50,6,sample_map,19,5u09
Docking-44,500,50,6,sample_map,28,7f8y
Docking-44,500,50,6,sample_map,34,8e9y
Docking-44,500,50,6,sample_map,36,8fhs
Docking-44,500,50,6,sample_map,38,8st0
Docking-44,500,50,6,sample_map,40,8xvk
Docking-44,500,50,8,full_map,4,2vt4
Docking-44,500,50,8,full_map,16,5cxv
Docking-44,500,50,8,full_map,19,5u09
Docking-44,500,50,8,full_map,23,6kux
Docking-44,500,50,8,full_map,34,8e9y
Docking-44,500,50,8,full_map,36,8fhs
Docking-44,500,50,8,full_map,38,8st0
Docking-44,500,50,8,full_map,40,8xvk
Docking-44,500,50,8,sample_map,16,5cxv
Docking-44,500,50,8,sample_map,19,5u09
Docking-44,500,50,8,sample_map,21,6cm4
Docking-44,500,50,8,sample_map,28,7f8y
Docking-44,500,50,8,sample_map,34,8e9y
Docking-44,500,50,8,sample_map,36,8fhs
Docking-44,500,50,8,sample_map,38,8st0
Docking-44,500,50,8,sample_map,40,8xvk
Docking-44,500,50,10,full_map,13,4iar
Docking-44,500,50,10,full_map,16,5cxv
Docking-44,500,50,10,full_map,19,5u09
Docking-44,500,50,10,full_map,21,6cm4
Docking-44,500,50,10,full_map,23,6kux
Docking-44,500,50,10,full_map,25,6pdj
Docking-44,500,50,10,full_map,30,7ljd
Docking-44,500,50,10,full_map,36,8fhs
Docking-44,500,50,10,full_map,38,8st0
Docking-44,500,50,10,full_map,40,8xvk
Docking-44,500,50,10,sample_map,16,5cxv
Docking-44,500,50,10,sample_map,19,5u09
Docking-44,500,50,10,sample_map,21,6cm4
Docking-44,500,50,10,sample_map,25,6pdj
Docking-44,500,50,10,sample_map,27,6y1z
Docking-44,500,50,10,sample_map,28,7f8y
Docking-44,500,50,10,sample_map,34,8e9y
Docking-44,500,50,10,sample_map,36,8fhs
Docking-44,500,50,10,sample_map,38,8st0
Docking-44,500,50,10,sample_map,40,8xvk
Docking-44,500,51,6,full_map,4,2vt4
Docking-44,500,51,6,full_map,19,5u09
Docking-44,500,51,6,full_map,23,6kux
Docking-44,500,51,6,full_map,36,8fhs
Docking-44,500,51,6,full_map,38,8st0
Docking-44,500,51,6,full_map,40,8xvk
Docking-44,500,51,6,sample_map,13,4iar
Docking-44,500,51,6,sample_map,14,4mqs
Docking-44,500,51,6,sample_map,20,5va1
Docking-44,500,51,6,sample_map,25,6pdj
Docking-44,500,51,6,sample_map,36,8fhs
Docking-44,500,51,6,sample_map,42,9eo4
Docking-44,500,51,8,full_map,4,2vt4
Docking-44,500,51,8,full_map,16,5cxv
Docking-44,500,51,8,full_map,19,5u09
Docking-44,500,51,8,full_map,23,6kux
Docking-44,500,51,8,full_map,34,8e9y
Docking-44,500,51,8,full_map,36,8fhs
Docking-44,500,51,8,full_map,38,8st0
Docking-44,500,51,8,full_map,40,8xvk
Docking-44,500,51,8,sample_map,13,4iar
Docking-44,500,51,8,sample_map,14,4mqs
Docking-44,500,51,8,sample_map,20,5va1
Docking-44,500,51,8,sample_map,21,6cm4
Docking-44,500,51,8,sample_map,23,6kux
Docking-44,500,51,8,sample_map,25,6pdj
Docking-44,500,51,8,sample_map,27,6y1z
Docking-44,500,51,8,sample_map,36,8fhs
Docking-44,500,51,10,full_map,13,4iar
Docking-44,500,51,10,full_map,16,5cxv
Docking-44,500,51,10,full_map,19,5u09
Docking-44,500,51,10,full_map,21,6cm4
Docking-44,500,51,10,full_map,23,6kux
Docking-44,500,51,10,full_map,25,6pdj
Docking-44,500,51,10,full_map,30,7ljd
Docking-44,500,51,10,full_map,36,8fhs
Docking-44,500,51,10,full_map,38,8st0
Docking-44,500,51,10,full_map,40,8xvk
Docking-44,500,51,10,sample_map,13,4iar
Docking-44,500,51,10,sample_map,14,4mqs
Docking-44,500,51,10,sample_map,16,5cxv
Docking-44,500,51,10,sample_map,20,5va1
Docking-44,500,51,10,sample_map,21,6cm4
Docking-44,500,51,10,sample_map,23,6kux
Docking-44,500,51,10,sample_map,25,6pdj
Docking-44,500,51,10,sample_map,33,7ym8
Docking-44,500,51,10,sample_map,36,8fhs
Docking-44,500,51,10,sample_map,42,9eo4
Docking-44,500,52,6,full_map,4,2vt4
Docking-44,500,52,6,full_map,19,5u09
Docking-44,500,52,6,full_map,23,6kux
Docking-44,500,52,6,full_map,36,8fhs
Docking-44,500,52,6,full_map,38,8st0
Docking-44,500,52,6,full_map,40,8xvk
Docking-44,500,52,6,sample_map,17,5i71
Docking-44,500,52,6,sample_map,21,6cm4
Docking-44,500,52,6,sample_map,25,6pdj
Docking-44,500,52,6,sample_map,30,7ljd
Docking-44,500,52,6,sample_map,38,8st0
Docking-44,500,52,6,sample_map,43,V1A
Docking-44,500,52,8,full_map,4,2vt4
Docking-44,500,52,8,full_map,16,5cxv
Docking-44,500,52,8,full_map,19,5u09
Docking-44,500,52,8,full_map,23,6kux
Docking-44,500,52,8,full_map,34,8e9y
Docking-44,500,52,8,full_map,36,8fhs
Docking-44,500,52,8,full_map,38,8st0
Docking-44,500,52,8,full_map,40,8xvk
Docking-44,500,52,8,sample_map,16,5cxv
Docking-44,500,52,8,sample_map,17,5i71
Docking-44,500,52,8,sample_map,21,6cm4
Docking-44,500,52,8,sample_map,23,6kux
Docking-44,500,52,8,sample_map,25,6pdj
Docking-44,500,52,8,sample_map,30,7ljd
Docking-44,500,52,8,sample_map,38,8st0
Docking-44,500,52,8,sample_map,43,V1A
Docking-44,500,52,10,full_map,13,4iar
Docking-44,500,52,10,full_map,16,5cxv
Docking-44,500,52,10,full_map,19,5u09
Docking-44,500,52,10,full_map,21,6cm4
Docking-44,500,52,10,full_map,23,6kux
Docking-44,500,52,10,full_map,25,6pdj
Docking-44,500,52,10,full_map,30,7ljd
Docking-44,500,52,10,full_map,36,8fhs
Docking-44,500,52,10,full_map,38,8st0
Docking-44,500,52,10,full_map,40,8xvk
Docking-44,500,52,10,sample_map,0,1m2z
Docking-44,500,52,10,sample_map,16,5cxv
Docking-44,500,52,10,sample_map,17,5i71
Docking-44,500,52,10,sample_map,23,6kux
Docking-44,500,52,10,sample_map,25,6pdj
Docking-44,500,52,10,sample_map,30,7ljd
Docking-44,500,52,10,sample_map,33,7ym8
Docking-44,500,52,10,sample_map,38,8st0
Docking-44,500,52,10,sample_map,42,9eo4
Docking-44,500,52,10,sample_map,43,V1A
Docking-44,500,53,6,full_map,4,2vt4
Docking-44,500,53,6,full_map,19,5u09
Docking-44,500,53,6,full_map,23,6kux
Docking-44,500,53,6,full_map,36,8fhs
Docking-44,500,53,6,full_map,38,8st0
Docking-44,500,53,6,full_map,40,8xvk
Docking-44,500,53,6,sample_map,4,2vt4
Docking-44,500,53,6,sample_map,19,5u09
Docking-44,500,53,6,sample_map,21,6cm4
Docking-44,500,53,6,sample_map,36,8fhs
Docking-44,500,53,6,sample_map,38,8st0
Docking-44,500,53,6,sample_map,40,8xvk
Docking-44,500,53,8,full_map,4,2vt4
Docking-44,500,53,8,full_map,16,5cxv
Docking-44,500,53,8,full_map,19,5u09
Docking-44,500,53,8,full_map,23,6kux
Docking-44,500,53,8,full_map,34,8e9y
Docking-44,500,53,8,full_map,36,8fhs
Docking-44,500,53,8,full_map,38,8st0
Docking-44,500,53,8,full_map,40,8xvk
Docking-44,500,53,8,sample_map,4,2vt4
Docking-44,500,53,8,sample_map,16,5cxv
Docking-44,500,53,8,sample_map,21,6cm4
Docking-44,500,53,8,sample_map,23,6kux
Docking-44,500,53,8,sample_map,36,8fhs
Docking-44,500,53,8,sample_map,38,8st0
Docking-44,500,53,8,sample_map,40,8xvk
Docking-44,500,53,8,sample_map,42,9eo4
Docking-44,500,53,10,full_map,13,4iar
Docking-44,500,53,10,full_map,16,5cxv
Docking-44,500,53,10,full_map,19,5u09
Docking-44,500,53,10,full_map,21,6cm4
Docking-44,500,53,10,full_map,23,6kux
Docking-44,500,53,10,full_map,25,6pdj
Docking-44,500,53,10,full_map,30,7ljd
Docking-44,500,53,10,full_map,36,8fhs
Docking-44,500,53,10,full_map,38,8st0
Docking-44,500,53,10,full_map,40,8xvk
Docking-44,500,53,10,sample_map,4,2vt4
Docking-44,500,53,10,sample_map,16,5cxv
Docking-44,500,53,10,sample_map,19,5u09
Docking-44,500,53,10,sample_map,21,6cm4
Docking-44,500,53,10,sample_map,23,6kux
Docking-44,500,53,10,sample_map,30,7ljd
Docking-44,500,53,10,sample_map,36,8fhs
Docking-44,500,53,10,sample_map,38,8st0
Docking-44,500,53,10,sample_map,40,8xvk
Docking-44,500,53,10,sample_map,42,9eo4
Docking-44,500,54,6,full_map,4,2vt4
Docking-44,500,54,6,full_map,19,5u09
Docking-44,500,54,6,full_map,23,6kux
Docking-44,500,54,6,full_map,36,8fhs
Docking-44,500,54,6,full_map,38,8st0
Docking-44,500,54,6,full_map,40,8xvk
Docking-44,500,54,6,sample_map,13,4iar
Docking-44,500,54,6,sample_map,20,5va1
Docking-44,500,54,6,sample_map,21,6cm4
Docking-44,500,54,6,sample_map,27,6y1z
Docking-44,500,54,6,sample_map,36,8fhs
Docking-44,500,54,6,sample_map,42,9eo4
Docking-44,500,54,8,full_map,4,2vt4
Docking-44,500,54,8,full_map,16,5cxv
Docking-44,500,54,8,full_map,19,5u09
Docking-44,500,54,8,full_map,23,6kux
Docking-44,500,54,8,full_map,34,8e9y
Docking-44,500,54,8,full_map,36,8fhs
Docking-44,500,54,8,full_map,38,8st0
Docking-44,500,54,8,full_map,40,8xvk
Docking-44,500,54,8,sample_map,13,4iar
Docking-44,500,54,8,sample_map,20,5va1
Docking-44,500,54,8,sample_map,21,6cm4
Docking-44,500,54,8,sample_map,23,6kux
Docking-44,500,54,8,sample_map,27,6y1z
Docking-44,500,54,8,sample_map,36,8fhs
Docking-44,500,54,8,sample_map,38,8st0
Docking-44,500,54,8,sample_map,42,9eo4
Docking-44,500,54,10,full_map,13,4iar
Docking-44,500,54,10,full_map,16,5cxv
Docking-44,500,54,10,full_map,19,5u09
Docking-44,500,54,10,full_map,21,6cm4
Docking-44,500,54,10,full_map,23,6kux
Docking-44,500,54,10,full_map,25,6pdj
Docking-44,500,54,10,full_map,30,7ljd
Docking-44,500,54,10,full_map,36,8fhs
Docking-44,500,54,10,full_map,38,8st0
Docking-44,500,54,10,full_map,40,8xvk
Docking-44,500,54,10,sample_map,13,4iar
Docking-44,500,54,10,sample_map,20,5va1
Docking-44,500,54,10,sample_map,21,6cm4
Docking-44,500,54,10,sample_map,23,6kux
Docking-44,500,54,10,sample_map,26,6x3x
Docking-44,500,54,10,sample_map,27,6y1z
Docking-44,500,54,10,sample_map,30,7ljd
Docking-44,500,54,10,sample_map,36,8fhs
Docking-44,500,54,10,sample_map,38,8st0
Docking-44,500,54,10,sample_map,42,9eo4
Docking-44,500,55,6,full_map,4,2vt4
Docking-44,500,55,6,full_map,19,5u09
Docking-44,500,55,6,full_map,23,6kux
Docking-44,500,55,6,full_map,36,8fhs
Docking-44,500,55,6,full_map,38,8st0
Docking-44,500,55,6,full_map,40,8xvk
Docking-44,500,55,6,sample_map,2,1xoq
Docking-44,500,55,6,sample_map,13,4iar
Docking-44,500,55,6,sample_map,16,5cxv
Docking-44,500,55,6,sample_map,20,5va1
Docking-44,500,55,6,sample_map,36,8fhs
Docking-44,500,55,6,sample_map,42,9eo4
Docking-44,500,55,8,full_map,4,2vt4
Docking-44,500,55,8,full_map,16,5cxv
Docking-44,500,55,8,full_map,19,5u09
Docking-44,500,55,8,full_map,23,6kux
Docking-44,500,55,8,full_map,34,8e9y
Docking-44,500,55,8,full_map,36,8fhs
Docking-44,500,55,8,full_map,38,8st0
Docking-44,500,55,8,full_map,40,8xvk
Docking-44,500,55,8,sample_map,2,1xoq
Docking-44,500,55,8,sample_map,13,4iar
Docking-44,500,55,8,sample_map,16,5cxv
Docking-44,500,55,8,sample_map,20,5va1
Docking-44,500,55,8,sample_map,30,7ljd
Docking-44,500,55,8,sample_map,36,8fhs
Docking-44,500,55,8,sample_map,38,8st0
Docking-44,500,55,8,sample_map,42,9eo4
Docking-44,500,55,10,full_map,13,4iar
Docking-44,500,55,10,full_map,16,5cxv
Docking-44,500,55,10,full_map,19,5u09
Docking-44,500,55,10,full_map,21,6cm4
Docking-44,500,55,10,full_map,23,6kux
Docking-44,500,55,10,full_map,25,6pdj
Docking-44,500,55,10,full_map,30,7ljd
Docking-44,500,55,10,full_map,36,8fhs
Docking-44,500,55,10,full_map,38,8st0
Docking-44,500,55,10,full_map,40,8xvk
Docking-44,500,55,10,sample_map,5,2ydo
Docking-44,500,55,10,sample_map,13,4iar
Docking-44,500,55,10,sample_map,16,5cxv
Docking-44,500,55,10,sample_map,20,5va1
Docking-44,500,55,10,sample_map,23,6kux
Docking-44,500,55,10,sample_map,29,7kwe
Docking-44,500,55,10,sample_map,30,7ljd
Docking-44,500,55,10,sample_map,36,8fhs
Docking-44,500,55,10,sample_map,38,8st0
Docking-44,500,55,10,sample_map,42,9eo4
Docking-44,500,56,6,full_map,4,2vt4
Docking-44,500,56,6,full_map,19,5u09
Docking-44,500,56,6,full_map,23,6kux
Docking-44,500,56,6,full_map,36,8fhs
Docking-44,500,56,6,full_map,38,8st0
Docking-44,500,56,6,full_map,40,8xvk
Docking-44,500,56,6,sample_map,13,4iar
Docking-44,500,56,6,sample_map,16,5cxv
Docking-44,500,56,6,sample_map,36,8fhs
Docking-44,500,56,6,sample_map,38,8st0
Docking-44,500,56,6,sample_map,40,8xvk
Docking-44,500,56,6,sample_map,42,9eo4
Docking-44,500,56,8,full_map,4,2vt4
Docking-44,500,56,8,full_map,16,5cxv
Docking-44,500,56,8,full_map,19,5u09
Docking-44,500,56,8,full_map,23,6kux
Docking-44,500,56,8,full_map,34,8e9y
Docking-44,500,56,8,full_map,36,8fhs
Docking-44,500,56,8,full_map,38,8st0
Docking-44,500,56,8,full_map,40,8xvk
Docking-44,500,56,8,sample_map,13,4iar
Docking-44,500,56,8,sample_map,16,5cxv
Docking-44,500,56,8,sample_map,23,6kux
Docking-44,500,56,8,sample_map,25,6pdj
Docking-44,500,56,8,sample_map,36,8fhs
Docking-44,500,56,8,sample_map,38,8st0
Docking-44,500,56,8,sample_map,40,8xvk
Docking-44,500,56,8,sample_map,42,9eo4
Docking-44,500,56,10,full_map,13,4iar
Docking-44,500,56,10,full_map,16,5cxv
Docking-44,500,56,10,full_map,19,5u09
Docking-44,500,56,10,full_map,21,6cm4
Docking-44,500,56,10,full_map,23,6kux
Docking-44,500,56,10,full_map,25,6pdj
Docking-44,500,56,10,full_map,30,7ljd
Docking-44,500,56,10,full_map,36,8fhs
Docking-44,500,56,10,full_map,38,8st0
Docking-44,500,56,10,full_map,40,8xvk
Docking-44,500,56,10,sample_map,13,4iar
Docking-44,500,56,10,sample_map,16,5cxv
Docking-44,500,56,10,sample_map,21,6cm4
Docking-44,500,56,10,sample_map,23,6kux
Docking-44,500,56,10,sample_map,25,6pdj
Docking-44,500,56,10,sample_map,30,7ljd
Docking-44,500,56,10,sample_map,36,8fhs
Docking-44,500,56,10,sample_map,38,8st0
Docking-44,500,56,10,sample_map,40,8xvk
Docking-44,500,56,10,sample_map,42,9eo4
Docking-44,500,57,6,full_map,4,2vt4
Docking-44,500,57,6,full_map,19,5u09
Docking-44,500,57,6,full_map,23,6kux
Docking-44,500,57,6,full_map,36,8fhs
Docking-44,500,57,6,full_map,38,8st0
Docking-44,500,57,6,full_map,40,8xvk
Docking-44,500,57,6,sample_map,4,2vt4
Docking-44,500,57,6,sample_map,17,5i71
Docking-44,500,57,6,sample_map,19,5u09
Docking-44,500,57,6,sample_map,25,6pdj
Docking-44,500,57,6,sample_map,36,8fhs
Docking-44,500,57,6,sample_map,40,8xvk
Docking-44,500,57,8,full_map,4,2vt4
Docking-44,500,57,8,full_map,16,5cxv
Docking-44,500,57,8,full_map,19,5u09
Docking-44,500,57,8,full_map,23,6kux
Docking-44,500,57,8,full_map,34,8e9y
Docking-44,500,57,8,full_map,36,8fhs
Docking-44,500,57,8,full_map,38,8st0
Docking-44,500,57,8,full_map,40,8xvk
Docking-44,500,57,8,sample_map,4,2vt4
Docking-44,500,57,8,sample_map,16,5cxv
Docking-44,500,57,8,sample_map,17,5i71
Docking-44,500,57,8,sample_map,19,5u09
Docking-44,500,57,8,sample_map,21,6cm4
Docking-44,500,57,8,sample_map,23,6kux
Docking-44,500,57,8,sample_map,36,8fhs
Docking-44,500,57,8,sample_map,40,8xvk
Docking-44,500,57,10,full_map,13,4iar
Docking-44,500,57,10,full_map,16,5cxv
Docking-44,500,57,10,full_map,19,5u09
Docking-44,500,57,10,full_map,21,6cm4
Docking-44,500,57,10,full_map,23,6kux
Docking-44,500,57,10,full_map,25,6pdj
Docking-44,500,57,10,full_map,30,7ljd
Docking-44,500,57,10,full_map,36,8fhs
Docking-44,500,57,10,full_map,38,8st0
Docking-44,500,57,10,full_map,40,8xvk
Docking-44,500,57,10,sample_map,4,2vt4
Docking-44,500,57,10,sample_map,5,2ydo
Docking-44,500,57,10,sample_map,16,5cxv
Docking-44,500,57,10,sample_map,17,5i71
Docking-44,500,57,10,sample_map,19,5u09
Docking-44,500,57,10,sample_map,21,6cm4
Docking-44,500,57,10,sample_map,23,6kux
Docking-44,500,57,10,sample_map,27,6y1z
Docking-44,500,57,10,sample_map,36,8fhs
Docking-44,500,57,10,sample_map,40,8xvk
Docking-44,500,58,6,full_map,4,2vt4
Docking-44,500,58,6,full_map,19,5u09
Docking-44,500,58,6,full_map,23,6kux
Docking-44,500,58,6,full_map,36,8fhs
Docking-44,500,58,6,full_map,38,8st0
Docking-44,500,58,6,full_map,40,8xvk
Docking-44,500,58,6,sample_map,4,2vt4
Docking-44,500,58,6,sample_map,19,5u09
Docking-44,500,58,6,sample_map,20,5va1
Docking-44,500,58,6,sample_map,34,8e9y
Docking-44,500,58,6,sample_map,36,8fhs
Docking-44,500,58,6,sample_map,38,8st0
Docking-44,500,58,8,full_map,4,2vt4
Docking-44,500,58,8,full_map,16,5cxv
Docking-44,500,58,8,full_map,19,5u09
Docking-44,500,58,8,full_map,23,6kux
Docking-44,500,58,8,full_map,34,8e9y
Docking-44,500,58,8,full_map,36,8fhs
Docking-44,500,58,8,full_map,38,8st0
Docking-44,500,58,8,full_map,40,8xvk
Docking-44,500,58,8,sample_map,4,2vt4
Docking-44,500,58,8,sample_map,16,5cxv
Docking-44,500,58,8,sample_map,19,5u09
Docking-44,500,58,8,sample_map,20,5va1
Docking-44,500,58,8,sample_map,30,7ljd
Docking-44,500,58,8,sample_map,34,8e9y
Docking-44,500,58,8,sample_map,36,8fhs
Docking-44,500,58,8,sample_map,38,8st0
Docking-44,500,58,10,full_map,13,4iar
Docking-44,500,58,10,full_map,16,5cxv
Docking-44,500,58,10,full_map,19,5u09
Docking-44,500,58,10,full_map,21,6cm4
Docking-44,500,58,10,full_map,23,6kux
Docking-44,500,58,10,full_map,25,6pdj
Docking-44,500,58,10,full_map,30,7ljd
Docking-44,500,58,10,full_map,36,8fhs
Docking-44,500,58,10,full_map,38,8st0
Docking-44,500,58,10,full_map,40,8xvk
Docking-44,500,58,10,sample_map,4,2vt4
Docking-44,500,58,10,sample_map,16,5cxv
Docking-44,500,58,10,sample_map,19,5u09
Docking-44,500,58,10,sample_map,20,5va1
Docking-44,500,58,10,sample_map,21,6cm4
Docking-44,500,58,10,sample_map,27,6y1z
Docking-44,500,58,10,sample_map,30,7ljd
Docking-44,500,58,10,sample_map,34,8e9y
Docking-44,500,58,10,sample_map,36,8fhs
Docking-44,500,58,10,sample_map,38,8st0
Docking-44,500,59,6,full_map,4,2vt4
Docking-44,500,59,6,full_map,19,5u09
Docking-44,500,59,6,full_map,23,6kux
Docking-44,500,59,6,full_map,36,8fhs
Docking-44,500,59,6,full_map,38,8st0
Docking-44,500,59,6,full_map,40,8xvk
Docking-44,500,59,6,sample_map,11,4djh
Docking-44,500,59,6,sample_map,17,5i71
Docking-44,500,59,6,sample_map,19,5u09
Docking-44,500,59,6,sample_map,20,5va1
Docking-44,500,59,6,sample_map,38,8st0
Docking-44,500,59,6,sample_map,43,V1A
Docking-44,500,59,8,full_map,4,2vt4
Docking-44,500,59,8,full_map,16,5cxv
Docking-44,500,59,8,full_map,19,5u09
Docking-44,500,59,8,full_map,23,6kux
Docking-44,500,59,8,full_map,34,8e9y
Docking-44,500,59,8,full_map,36,8fhs
Docking-44,500,59,8,full_map,38,8st0
Docking-44,500,59,8,full_map,40,8xvk
Docking-44,500,59,8,sample_map,17,5i71
Docking-44,500,59,8,sample_map,19,5u09
Docking-44,500,59,8,sample_map,23,6kux
Docking-44,500,59,8,sample_map,25,6pdj
Docking-44,500,59,8,sample_map,30,7ljd
Docking-44,500,59,8,sample_map,34,8e9y
Docking-44,500,59,8,sample_map,40,8xvk
Docking-44,500,59,8,sample_map,43,V1A
Docking-44,500,59,10,full_map,13,4iar
Docking-44,500,59,10,full_map,16,5cxv
Docking-44,500,59,10,full_map,19,5u09
Docking-44,500,59,10,full_map,21,6cm4
Docking-44,500,59,10,full_map,23,6kux
Docking-44,500,59,10,full_map,25,6pdj
Docking-44,500,59,10,full_map,30,7ljd
Docking-44,500,59,10,full_map,36,8fhs
Docking-44,500,59,10,full_map,38,8st0
Docking-44,500,59,10,full_map,40,8xvk
Docking-44,500,59,10,sample_map,16,5cxv
Docking-44,500,59,10,sample_map,17,5i71
Docking-44,500,59,10,sample_map,19,5u09
Docking-44,500,59,10,sample_map,20,5va1
Docking-44,500,59,10,sample_map,21,6cm4
Docking-44,500,59,10,sample_map,23,6kux
Docking-44,500,59,10,sample_map,25,6pdj
Docking-44,500,59,10,sample_map,30,7ljd
Docking-44,500,59,10,sample_map,38,8st0
Docking-44,500,59,10,sample_map,43,V1A
Docking-44,500,60,6,full_map,4,2vt4
Docking-44,500,60,6,full_map,19,5u09
Docking-44,500,60,6,full_map,23,6kux
Docking-44,500,60,6,full_map,36,8fhs
Docking-44,500,60,6,full_map,38,8st0
Docking-44,500,60,6,full_map,40,8xvk
Docking-44,500,60,6,sample_map,13,4iar
Docking-44,500,60,6,sample_map,19,5u09
Docking-44,500,60,6,sample_map,20,5va1
Docking-44,500,60,6,sample_map,26,6x3x
Docking-44,500,60,6,sample_map,36,8fhs
Docking-44,500,60,6,sample_map,38,8st0
Docking-44,500,60,8,full_map,4,2vt4
Docking-44,500,60,8,full_map,16,5cxv
Docking-44,500,60,8,full_map,19,5u09
Docking-44,500,60,8,full_map,23,6kux
Docking-44,500,60,8,full_map,34,8e9y
Docking-44,500,60,8,full_map,36,8fhs
Docking-44,500,60,8,full_map,38,8st0
Docking-44,500,60,8,full_map,40,8xvk
Docking-44,500,60,8,sample_map,4,2vt4
Docking-44,500,60,8,sample_map,13,4iar
Docking-44,500,60,8,sample_map,19,5u09
Docking-44,500,60,8,sample_map,20,5va1
Docking-44,500,60,8,sample_map,23,6kux
Docking-44,500,60,8,sample_map,26,6x3x
Docking-44,500,60,8,sample_map,36,8fhs
Docking-44,500,60,8,sample_map,38,8st0
Docking-44,500,60,10,full_map,13,4iar
Docking-44,500,60,10,full_map,16,5cxv
Docking-44,500,60,10,full_map,19,5u09
Docking-44,500,60,10,full_map,21,6cm4
Docking-44,500,60,10,full_map,23,6kux
Docking-44,500,60,10,full_map,25,6pdj
Docking-44,500,60,10,full_map,30,7ljd
Docking-44,500,60,10,full_map,36,8fhs
Docking-44,500,60,10,full_map,38,8st0
Docking-44,500,60,10,full_map,40,8xvk
Docking-44,500,60,10,sample_map,4,2vt4
Docking-44,500,60,10,sample_map,13,4iar
Docking-44,500,60,10,sample_map,19,5u09
Docking-44,500,60,10,sample_map,20,5va1
Docking-44,500,60,10,sample_map,21,6cm4
Docking-44,500,60,10,sample_map,23,6kux
Docking-44,500,60,10,sample_map,26,6x3x
Docking-44,500,60,10,sample_map,27,6y1z
Docking-44,500,60,10,sample_map,36,8fhs
Docking-44,500,60,10,sample_map,38,8st0
Docking-44,500,61,6,full_map,4,2vt4
Docking-44,500,61,6,full_map,19,5u09
Docking-44,500,61,6,full_map,23,6kux
Docking-44,500,61,6,full_map,36,8fhs
Docking-44,500,61,6,full_map,38,8st0
Docking-44,500,61,6,full_map,40,8xvk
Docking-44,500,61,6,sample_map,17,5i71
Docking-44,500,61,6,sample_map,19,5u09
Docking-44,500,61,6,sample_map,20,5va1
Docking-44,500,61,6,sample_map,34,8e9y
Docking-44,500,61,6,sample_map,36,8fhs
Docking-44,500,61,6,sample_map,39,8wty
Docking-44,500,61,8,full_map,4,2vt4
Docking-44,500,61,8,full_map,16,5cxv
Docking-44,500,61,8,full_map,19,5u09
Docking-44,500,61,8,full_map,23,6kux
Docking-44,500,61,8,full_map,34,8e9y
Docking-44,500,61,8,full_map,36,8fhs
Docking-44,500,61,8,full_map,38,8st0
Docking-44,500,61,8,full_map,40,8xvk
Docking-44,500,61,8,sample_map,17,5i71
Docking-44,500,61,8,sample_map,19,5u09
Docking-44,500,61,8,sample_map,20,5va1
Docking-44,500,61,8,sample_map,21,6cm4
Docking-44,500,61,8,sample_map,25,6pdj
Docking-44,500,61,8,sample_map,34,8e9y
Docking-44,500,61,8,sample_map,36,8fhs
Docking-44,500,61,8,sample_map,39,8wty
Docking-44,500,61,10,full_map,13,4iar
Docking-44,500,61,10,full_map,16,5cxv
Docking-44,500,61,10,full_map,19,5u09
Docking-44,500,61,10,full_map,21,6cm4
Docking-44,500,61,10,full_map,23,6kux
Docking-44,500,61,10,full_map,25,6pdj
Docking-44,500,61,10,full_map,30,7ljd
Docking-44,500,61,10,full_map,36,8fhs
Docking-44,500,61,10,full_map,38,8st0
Docking-44,500,61,10,full_map,40,8xvk
Docking-44,500,61,10,sample_map,17,5i71
Docking-44,500,61,10,sample_map,19,5u09
Docking-44,500,61,10,sample_map,20,5va1
Docking-44,500,61,10,sample_map,21,6cm4
Docking-44,500,61,10,sample_map,23,6kux
Docking-44,500,61,10,sample_map,25,6pdj
Docking-44,500,61,10,sample_map,30,7ljd
Docking-44,500,61,10,sample_map,34,8e9y
Docking-44,500,61,10,sample_map,36,8fhs
Docking-44,500,61,10,sample_map,39,8wty
Docking-44,500,62,6,full_map,4,2vt4
Docking-44,500,62,6,full_map,19,5u09
Docking-44,500,62,6,full_map,23,6kux
Docking-44,500,62,6,full_map,36,8fhs
Docking-44,500,62,6,full_map,38,8st0
Docking-44,500,62,6,full_map,40,8xvk
Docking-44,500,62,6,sample_map,20,5va1
Docking-44,500,62,6,sample_map,27,6y1z
Docking-44,500,62,6,sample_map,34,8e9y
Docking-44,500,62,6,sample_map,36,8fhs
Docking-44,500,62,6,sample_map,38,8st0
Docking-44,500,62,6,sample_map,41,8yn3
Docking-44,500,62,8,full_map,4,2vt4
Docking-44,500,62,8,full_map,16,5cxv
Docking-44,500,62,8,full_map,19,5u09
Docking-44,500,62,8,full_map,23,6kux
Docking-44,500,62,8,full_map,34,8e9y
Docking-44,500,62,8,full_map,36,8fhs
Docking-44,500,62,8,full_map,38,8st0
Docking-44,500,62,8,full_map,40,8xvk
Docking-44,500,62,8,sample_map,19,5u09
Docking-44,500,62,8,sample_map,20,5va1
Docking-44,500,62,8,sample_map,25,6pdj
Docking-44,500,62,8,sample_map,27,6y1z
Docking-44,500,62,8,sample_map,34,8e9y
Docking-44,500,62,8,sample_map,36,8fhs
Docking-44,500,62,8,sample_map,38,8st0
Docking-44,500,62,8,sample_map,41,8yn3
Docking-44,500,62,10,full_map,13,4iar
Docking-44,500,62,10,full_map,16,5cxv
Docking-44,500,62,10,full_map,19,5u09
Docking-44,500,62,10,full_map,21,6cm4
Docking-44,500,62,10,full_map,23,6kux
Docking-44,500,62,10,full_map,25,6pdj
Docking-44,500,62,10,full_map,30,7ljd
Docking-44,500,62,10,full_map,36,8fhs
Docking-44,500,62,10,full_map,38,8st0
Docking-44,500,62,10,full_map,40,8xvk
Docking-44,500,62,10,sample_map,4,2vt4
Docking-44,500,62,10,sample_map,19,5u09
Docking-44,500,62,10,sample_map,20,5va1
Docking-44,500,62,10,sample_map,21,6cm4
Docking-44,500,62,10,sample_map,23,6kux
Docking-44,500,62,10,sample_map,25,6pdj
Docking-44,500,62,10,sample_map,27,6y1z
Docking-44,500,62,10,sample_map,34,8e9y
Docking-44,500,62,10,sample_map,36,8fhs
Docking-44,500,62,10,sample_map,38,8st0
Docking-44,500,63,6,full_map,4,2vt4
Docking-44,500,63,6,full_map,19,5u09
Docking-44,500,63,6,full_map,23,6kux
Docking-44,500,63,6,full_map,36,8fhs
Docking-44,500,63,6,full_map,38,8st0
Docking-44,500,63,6,full_map,40,8xvk
Docking-44,500,63,6,sample_map,13,4iar
Docking-44,500,63,6,sample_map,19,5u09
Docking-44,500,63,6,sample_map,25,6pdj
Docking-44,500,63,6,sample_map,36,8fhs
Docking-44,500,63,6,sample_map,38,8st0
Docking-44,500,63,6,sample_map,40,8xvk
Docking-44,500,63,8,full_map,4,2vt4
Docking-44,500,63,8,full_map,16,5cxv
Docking-44,500,63,8,full_map,19,5u09
Docking-44,500,63,8,full_map,23,6kux
Docking-44,500,63,8,full_map,34,8e9y
Docking-44,500,63,8,full_map,36,8fhs
Docking-44,500,63,8,full_map,38,8st0
Docking-44,500,63,8,full_map,40,8xvk
Docking-44,500,63,8,sample_map,13,4iar
Docking-44,500,63,8,sample_map,19,5u09
Docking-44,500,63,8,sample_map,21,6cm4
Docking-44,500,63,8,sample_map,23,6kux
Docking-44,500,63,8,sample_map,25,6pdj
Docking-44,500,63,8,sample_map,36,8fhs
Docking-44,500,63,8,sample_map,38,8st0
Docking-44,500,63,8,sample_map,40,8xvk
Docking-44,500,63,10,full_map,13,4iar
Docking-44,500,63,10,full_map,16,5cxv
Docking-44,500,63,10,full_map,19,5u09
Docking-44,500,63,10,full_map,21,6cm4
Docking-44,500,63,10,full_map,23,6kux
Docking-44,500,63,10,full_map,25,6pdj
Docking-44,500,63,10,full_map,30,7ljd
Docking-44,500,63,10,full_map,36,8fhs
Docking-44,500,63,10,full_map,38,8st0
Docking-44,500,63,10,full_map,40,8xvk
Docking-44,500,63,10,sample_map,13,4iar
Docking-44,500,63,10,sample_map,19,5u09
Docking-44,500,63,10,sample_map,21,6cm4
Docking-44,500,63,10,sample_map,22,6kpf
Docking-44,500,63,10,sample_map,23,6kux
Docking-44,500,63,10,sample_map,25,6pdj
Docking-44,500,63,10,sample_map,30,7ljd
Docking-44,500,63,10,sample_map,36,8fhs
Docking-44,500,63,10,sample_map,38,8st0
Docking-44,500,63,10,sample_map,40,8xvk
Docking-44,500,64,6,full_map,4,2vt4
Docking-44,500,64,6,full_map,19,5u09
Docking-44,500,64,6,full_map,23,6kux
Docking-44,500,64,6,full_map,36,8fhs
Docking-44,500,64,6,full_map,38,8st0
Docking-44,500,64,6,full_map,40,8xvk
Docking-44,500,64,6,sample_map,4,2vt4
Docking-44,500,64,6,sample_map,19,5u09
Docking-44,500,64,6,sample_map,30,7ljd
Docking-44,500,64,6,sample_map,36,8fhs
Docking-44,500,64,6,sample_map,38,8st0
Docking-44,500,64,6,sample_map,40,8xvk
Docking-44,500,64,8,full_map,4,2vt4
Docking-44,500,64,8,full_map,16,5cxv
Docking-44,500,64,8,full_map,19,5u09
Docking-44,500,64,8,full_map,23,6kux
Docking-44,500,64,8,full_map,34,8e9y
Docking-44,500,64,8,full_map,36,8fhs
Docking-44,500,64,8,full_map,38,8st0
Docking-44,500,64,8,full_map,40,8xvk
Docking-44,500,64,8,sample_map,4,2vt4
Docking-44,500,64,8,sample_map,16,5cxv
Docking-44,500,64,8,sample_map,19,5u09
Docking-44,500,64,8,sample_map,21,6cm4
Docking-44,500,64,8,sample_map,30,7ljd
Docking-44,500,64,8,sample_map,36,8fhs
Docking-44,500,64,8,sample_map,38,8st0
Docking-44,500,64,8,sample_map,40,8xvk
Docking-44,500,64,10,full_map,13,4iar
Docking-44,500,64,10,full_map,16,5cxv
Docking-44,500,64,10,full_map,19,5u09
Docking-44,500,64,10,full_map,21,6cm4
Docking-44,500,64,10,full_map,23,6kux
Docking-44,500,64,10,full_map,25,6pdj
Docking-44,500,64,10,full_map,30,7ljd
Docking-44,500,64,10,full_map,36,8fhs
Docking-44,500,64,10,full_map,38,8st0
Docking-44,500,64,10,full_map,40,8xvk
Docking-44,500,64,10,sample_map,0,1m2z
Docking-44,500,64,10,sample_map,4,2vt4
Docking-44,500,64,10,sample_map,16,5cxv
Docking-44,500,64,10,sample_map,19,5u09
Docking-44,500,64,10,sample_map,21,6cm4
Docking-44,500,64,10,sample_map,23,6kux
Docking-44,500,64,10,sample_map,30,7ljd
Docking-44,500,64,10,sample_map,36,8fhs
Docking-44,500,64,10,sample_map,38,8st0
Docking-44,500,64,10,sample_map,40,8xvk
Docking-44,500,65,6,full_map,4,2vt4
Docking-44,500,65,6,full_map,19,5u09
Docking-44,500,65,6,full_map,23,6kux
Docking-44,500,65,6,full_map,36,8fhs
Docking-44,500,65,6,full_map,38,8st0
Docking-44,500,65,6,full_map,40,8xvk
Docking-44,500,65,6,sample_map,17,5i71
Docking-44,500,65,6,sample_map,19,5u09
Docking-44,500,65,6,sample_map,25,6pdj
Docking-44,500,65,6,sample_map,36,8fhs
Docking-44,500,65,6,sample_map,39,8wty
Docking-44,500,65,6,sample_map,43,V1A
Docking-44,500,65,8,full_map,4,2vt4
Docking-44,500,65,8,full_map,16,5cxv
Docking-44,500,65,8,full_map,19,5u09
Docking-44,500,65,8,full_map,23,6kux
Docking-44,500,65,8,full_map,34,8e9y
Docking-44,500,65,8,full_map,36,8fhs
Docking-44,500,65,8,full_map,38,8st0
Docking-44,500,65,8,full_map,40,8xvk
Docking-44,500,65,8,sample_map,4,2vt4
Docking-44,500,65,8,sample_map,16,5cxv
Docking-44,500,65,8,sample_map,19,5u09
Docking-44,500,65,8,sample_map,23,6kux
Docking-44,500,65,8,sample_map,36,8fhs
Docking-44,500,65,8,sample_map,39,8wty
Docking-44,500,65,8,sample_map,40,8xvk
Docking-44,500,65,8,sample_map,43,V1A
Docking-44,500,65,10,full_map,13,4iar
Docking-44,500,65,10,full_map,16,5cxv
Docking-44,500,65,10,full_map,19,5u09
Docking-44,500,65,10,full_map,21,6cm4
Docking-44,500,65,10,full_map,23,6kux
Docking-44,500,65,10,full_map,25,6pdj
Docking-44,500,65,10,full_map,30,7ljd
Docking-44,500,65,10,full_map,36,8fhs
Docking-44,500,65,10,full_map,38,8st0
Docking-44,500,65,10,full_map,40,8xvk
Docking-44,500,65,10,sample_map,0,1m2z
Docking-44,500,65,10,sample_map,16,5cxv
Docking-44,500,65,10,sample_map,17,5i71
Docking-44,500,65,10,sample_map,19,5u09
Docking-44,500,65,10,sample_map,21,6cm4
Docking-44,500,65,10,sample_map,23,6kux
Docking-44,500,65,10,sample_map,36,8fhs
Docking-44,500,65,10,sample_map,39,8wty
Docking-44,500,65,10,sample_map,40,8xvk
Docking-44,500,65,10,sample_map,43,V1A
Docking-44,500,66,6,full_map,4,2vt4
Docking-44,500,66,6,full_map,19,5u09
Docking-44,500,66,6,full_map,23,6kux
Docking-44,500,66,6,full_map,36,8fhs
Docking-44,500,66,6,full_map,38,8st0
Docking-44,500,66,6,full_map,40,8xvk
Docking-44,500,66,6,sample_map,4,2vt4
Docking-44,500,66,6,sample_map,19,5u09
Docking-44,500,66,6,sample_map,20,5va1
Docking-44,500,66,6,sample_map,30,7ljd
Docking-44,500,66,6,sample_map,36,8fhs
Docking-44,500,66,6,sample_map,38,8st0
Docking-44,500,66,8,full_map,4,2vt4
Docking-44,500,66,8,full_map,16,5cxv
Docking-44,500,66,8,full_map,19,5u09
Docking-44,500,66,8,full_map,23,6kux
Docking-44,500,66,8,full_map,34,8e9y
Docking-44,500,66,8,full_map,36,8fhs
Docking-44,500,66,8,full_map,38,8st0
Docking-44,500,66,8,full_map,40,8xvk
Docking-44,500,66,8,sample_map,4,2vt4
Docking-44,500,66,8,sample_map,16,5cxv
Docking-44,500,66,8,sample_map,19,5u09
Docking-44,500,66,8,sample_map,20,5va1
Docking-44,500,66,8,sample_map,29,7kwe
Docking-44,500,66,8,sample_map,30,7ljd
Docking-44,500,66,8,sample_map,36,8fhs
Docking-44,500,66,8,sample_map,38,8st0
Docking-44,500,66,10,full_map,13,4iar
Docking-44,500,66,10,full_map,16,5cxv
Docking-44,500,66,10,full_map,19,5u09
Docking-44,500,66,10,full_map,21,6cm4
Docking-44,500,66,10,full_map,23,6kux
Docking-44,500,66,10,full_map,25,6pdj
Docking-44,500,66,10,full_map,30,7ljd
Docking-44,500,66,10,full_map,36,8fhs
Docking-44,500,66,10,full_map,38,8st0
Docking-44,500,66,10,full_map,40,8xvk
Docking-44,500,66,10,sample_map,4,2vt4
Docking-44,500,66,10,sample_map,16,5cxv
Docking-44,500,66,10,sample_map,19,5u09
Docking-44,500,66,10,sample_map,20,5va1
Docking-44,500,66,10,sample_map,23,6kux
Docking-44,500,66,10,sample_map,29,7kwe
Docking-44,500,66,10,sample_map,30,7ljd
Docking-44,500,66,10,sample_map,34,8e9y
Docking-44,500,66,10,sample_map,36,8fhs
Docking-44,500,66,10,sample_map,38,8st0
Docking-44,500,67,6,full_map,4,2vt4
Docking-44,500,67,6,full_map,19,5u09
Docking-44,500,67,6,full_map,23,6kux
Docking-44,500,67,6,full_map,36,8fhs
Docking-44,500,67,6,full_map,38,8st0
Docking-44,500,67,6,full_map,40,8xvk
Docking-44,500,67,6,sample_map,4,2vt4
Docking-44,500,67,6,sample_map,12,4ey7
Docking-44,500,67,6,sample_map,19,5u09
Docking-44,500,67,6,sample_map,34,8e9y
Docking-44,500,67,6,sample_map,36,8fhs
Docking-44,500,67,6,sample_map,40,8xvk
Docking-44,500,67,8,full_map,4,2vt4
Docking-44,500,67,8,full_map,16,5cxv
Docking-44,500,67,8,full_map,19,5u09
Docking-44,500,67,8,full_map,23,6kux
Docking-44,500,67,8,full_map,34,8e9y
Docking-44,500,67,8,full_map,36,8fhs
Docking-44,500,67,8,full_map,38,8st0
Docking-44,500,67,8,full_map,40,8xvk
Docking-44,500,67,8,sample_map,4,2vt4
Docking-44,500,67,8,sample_map,12,4ey7
Docking-44,500,67,8,sample_map,16,5cxv
Docking-44,500,67,8,sample_map,19,5u09
Docking-44,500,67,8,sample_map,23,6kux
Docking-44,500,67,8,sample_map,34,8e9y
Docking-44,500,67,8,sample_map,36,8fhs
Docking-44,500,67,8,sample_map,40,8xvk
Docking-44,500,67,10,full_map,13,4iar
Docking-44,500,67,10,full_map,16,5cxv
Docking-44,500,67,10,full_map,19,5u09
Docking-44,500,67,10,full_map,21,6cm4
Docking-44,500,67,10,full_map,23,6kux
Docking-44,500,67,10,full_map,25,6pdj
Docking-44,500,67,10,full_map,30,7ljd
Docking-44,500,67,10,full_map,36,8fhs
Docking-44,500,67,10,full_map,38,8st0
Docking-44,500,67,10,full_map,40,8xvk
Docking-44,500,67,10,sample_map,4,2vt4
Docking-44,500,67,10,sample_map,5,2ydo
Docking-44,500,67,10,sample_map,12,4ey7
Docking-44,500,67,10,sample_map,16,5cxv
Docking-44,500,67,10,sample_map,19,5u09
Docking-44,500,67,10,sample_map,23,6kux
Docking-44,500,67,10,sample_map,25,6pdj
Docking-44,500,67,10,sample_map,34,8e9y
Docking-44,500,67,10,sample_map,36,8fhs
Docking-44,500,67,10,sample_map,40,8xvk
Docking-44,500,68,6,full_map,4,2vt4
Docking-44,500,68,6,full_map,19,5u09
Docking-44,500,68,6,full_map,23,6kux
Docking-44,500,68,6,full_map,36,8fhs
Docking-44,500,68,6,full_map,38,8st0
Docking-44,500,68,6,full_map,40,8xvk
Docking-44,500,68,6,sample_map,13,4iar
Docking-44,500,68,6,sample_map,16,5cxv
Docking-44,500,68,6,sample_map,20,5va1
Docking-44,500,68,6,sample_map,23,6kux
Docking-44,500,68,6,sample_map,42,9eo4
Docking-44,500,68,6,sample_map,43,V1A
Docking-44,500,68,8,full_map,4,2vt4
Docking-44,500,68,8,full_map,16,5cxv
Docking-44,500,68,8,full_map,19,5u09
Docking-44,500,68,8,full_map,23,6kux
Docking-44,500,68,8,full_map,34,8e9y
Docking-44,500,68,8,full_map,36,8fhs
Docking-44,500,68,8,full_map,38,8st0
Docking-44,500,68,8,full_map,40,8xvk
Docking-44,500,68,8,sample_map,13,4iar
Docking-44,500,68,8,sample_map,16,5cxv
Docking-44,500,68,8,sample_map,20,5va1
Docking-44,500,68,8,sample_map,23,6kux
Docking-44,500,68,8,sample_map,25,6pdj
Docking-44,500,68,8,sample_map,36,8fhs
Docking-44,500,68,8,sample_map,42,9eo4
Docking-44,500,68,8,sample_map,43,V1A
Docking-44,500,68,10,full_map,13,4iar
Docking-44,500,68,10,full_map,16,5cxv
Docking-44,500,68,10,full_map,19,5u09
Docking-44,500,68,10,full_map,21,6cm4
Docking-44,500,68,10,full_map,23,6kux
Docking-44,500,68,10,full_map,25,6pdj
Docking-44,500,68,10,full_map,30,7ljd
Docking-44,500,68,10,full_map,36,8fhs
Docking-44,500,68,10,full_map,38,8st0
Docking-44,500,68,10,full_map,40,8xvk
Docking-44,500,68,10,sample_map,13,4iar
Docking-44,500,68,10,sample_map,16,5cxv
Docking-44,500,68,10,sample_map,19,5u09
Docking-44,500,68,10,sample_map,20,5va1
Docking-44,500,68,10,sample_map,23,6kux
Docking-44,500,68,10,sample_map,25,6pdj
Docking-44,500,68,10,sample_map,36,8fhs
Docking-44,500,68,10,sample_map,38,8st0
Docking-44,500,68,10,sample_map,42,9eo4
Docking-44,500,68,10,sample_map,43,V1A
Docking-44,500,69,6,full_map,4,2vt4
Docking-44,500,69,6,full_map,19,5u09
Docking-44,500,69,6,full_map,23,6kux
Docking-44,500,69,6,full_map,36,8fhs
Docking-44,500,69,6,full_map,38,8st0
Docking-44,500,69,6,full_map,40,8xvk
Docking-44,500,69,6,sample_map,4,2vt4
Docking-44,500,69,6,sample_map,19,5u09
Docking-44,500,69,6,sample_map,20,5va1
Docking-44,500,69,6,sample_map,34,8e9y
Docking-44,500,69,6,sample_map,36,8fhs
Docking-44,500,69,6,sample_map,38,8st0
Docking-44,500,69,8,full_map,4,2vt4
Docking-44,500,69,8,full_map,16,5cxv
Docking-44,500,69,8,full_map,19,5u09
Docking-44,500,69,8,full_map,23,6kux
Docking-44,500,69,8,full_map,34,8e9y
Docking-44,500,69,8,full_map,36,8fhs
Docking-44,500,69,8,full_map,38,8st0
Docking-44,500,69,8,full_map,40,8xvk
Docking-44,500,69,8,sample_map,4,2vt4
Docking-44,500,69,8,sample_map,16,5cxv
Docking-44,500,69,8,sample_map,19,5u09
Docking-44,500,69,8,sample_map,20,5va1
Docking-44,500,69,8,sample_map,23,6kux
Docking-44,500,69,8,sample_map,34,8e9y
Docking-44,500,69,8,sample_map,36,8fhs
Docking-44,500,69,8,sample_map,38,8st0
Docking-44,500,69,10,full_map,13,4iar
Docking-44,500,69,10,full_map,16,5cxv
Docking-44,500,69,10,full_map,19,5u09
Docking-44,500,69,10,full_map,21,6cm4
Docking-44,500,69,10,full_map,23,6kux
Docking-44,500,69,10,full_map,25,6pdj
Docking-44,500,69,10,full_map,30,7ljd
Docking-44,500,69,10,full_map,36,8fhs
Docking-44,500,69,10,full_map,38,8st0
Docking-44,500,69,10,full_map,40,8xvk
Docking-44,500,69,10,sample_map,4,2vt4
Docking-44,500,69,10,sample_map,16,5cxv
Docking-44,500,69,10,sample_map,19,5u09
Docking-44,500,69,10,sample_map,20,5va1
Docking-44,500,69,10,sample_map,21,6cm4
Docking-44,500,69,10,sample_map,23,6kux
Docking-44,500,69,10,sample_map,25,6pdj
Docking-44,500,69,10,sample_map,34,8e9y
Docking-44,500,69,10,sample_map,36,8fhs
Docking-44,500,69,10,sample_map,38,8st0
Docking-44,500,70,6,full_map,4,2vt4
Docking-44,500,70,6,full_map,19,5u09
Docking-44,500,70,6,full_map,23,6kux
Docking-44,500,70,6,full_map,36,8fhs
Docking-44,500,70,6,full_map,38,8st0
Docking-44,500,70,6,full_map,40,8xvk
Docking-44,500,70,6,sample_map,4,2vt4
Docking-44,500,70,6,sample_map,19,5u09
Docking-44,500,70,6,sample_map,23,6kux
Docking-44,500,70,6,sample_map,34,8e9y
Docking-44,500,70,6,sample_map,36,8fhs
Docking-44,500,70,6,sample_map,40,8xvk
Docking-44,500,70,8,full_map,4,2vt4
Docking-44,500,70,8,full_map,16,5cxv
Docking-44,500,70,8,full_map,19,5u09
Docking-44,500,70,8,full_map,23,6kux
Docking-44,500,70,8,full_map,34,8e9y
Docking-44,500,70,8,full_map,36,8fhs
Docking-44,500,70,8,full_map,38,8st0
Docking-44,500,70,8,full_map,40,8xvk
Docking-44,500,70,8,sample_map,4,2vt4
Docking-44,500,70,8,sample_map,16,5cxv
Docking-44,500,70,8,sample_map,19,5u09
Docking-44,500,70,8,sample_map,20,5va1
Docking-44,500,70,8,sample_map,21,6cm4
Docking-44,500,70,8,sample_map,23,6kux
Docking-44,500,70,8,sample_map,36,8fhs
Docking-44,500,70,8,sample_map,38,8st0
Docking-44,500,70,10,full_map,13,4iar
Docking-44,500,70,10,full_map,16,5cxv
Docking-44,500,70,10,full_map,19,5u09
Docking-44,500,70,10,full_map,21,6cm4
Docking-44,500,70,10,full_map,23,6kux
Docking-44,500,70,10,full_map,25,6pdj
Docking-44,500,70,10,full_map,30,7ljd
Docking-44,500,70,10,full_map,36,8fhs
Docking-44,500,70,10,full_map,38,8st0
Docking-44,500,70,10,full_map,40,8xvk
Docking-44,500,70,10,sample_map,4,2vt4
Docking-44,500,70,10,sample_map,16,5cxv
Docking-44,500,70,10,sample_map,19,5u09
Docking-44,500,70,10,sample_map,20,5va1
Docking-44,500,70,10,sample_map,21,6cm4
Docking-44,500,70,10,sample_map,23,6kux
Docking-44,500,70,10,sample_map,25,6pdj
Docking-44,500,70,10,sample_map,34,8e9y
Docking-44,500,70,10,sample_map,36,8fhs
Docking-44,500,70,10,sample_map,38,8st0
Docking-44,500,71,6,full_map,4,2vt4
Docking-44,500,71,6,full_map,19,5u09
Docking-44,500,71,6,full_map,23,6kux
Docking-44,500,71,6,full_map,36,8fhs
Docking-44,500,71,6,full_map,38,8st0
Docking-44,500,71,6,full_map,40,8xvk
Docking-44,500,71,6,sample_map,13,4iar
Docking-44,500,71,6,sample_map,16,5cxv
Docking-44,500,71,6,sample_map,25,6pdj
Docking-44,500,71,6,sample_map,31,7wc9
Docking-44,500,71,6,sample_map,36,8fhs
Docking-44,500,71,6,sample_map,38,8st0
Docking-44,500,71,8,full_map,4,2vt4
Docking-44,500,71,8,full_map,16,5cxv
Docking-44,500,71,8,full_map,19,5u09
Docking-44,500,71,8,full_map,23,6kux
Docking-44,500,71,8,full_map,34,8e9y
Docking-44,500,71,8,full_map,36,8fhs
Docking-44,500,71,8,full_map,38,8st0
Docking-44,500,71,8,full_map,40,8xvk
Docking-44,500,71,8,sample_map,5,2ydo
Docking-44,500,71,8,sample_map,13,4iar
Docking-44,500,71,8,sample_map,16,5cxv
Docking-44,500,71,8,sample_map,23,6kux
Docking-44,500,71,8,sample_map,25,6pdj
Docking-44,500,71,8,sample_map,31,7wc9
Docking-44,500,71,8,sample_map,36,8fhs
Docking-44,500,71,8,sample_map,38,8st0
Docking-44,500,71,10,full_map,13,4iar
Docking-44,500,71,10,full_map,16,5cxv
Docking-44,500,71,10,full_map,19,5u09
Docking-44,500,71,10,full_map,21,6cm4
Docking-44,500,71,10,full_map,23,6kux
Docking-44,500,71,10,full_map,25,6pdj
Docking-44,500,71,10,full_map,30,7ljd
Docking-44,500,71,10,full_map,36,8fhs
Docking-44,500,71,10,full_map,38,8st0
Docking-44,500,71,10,full_map,40,8xvk
Docking-44,500,71,10,sample_map,5,2ydo
Docking-44,500,71,10,sample_map,13,4iar
Docking-44,500,71,10,sample_map,16,5cxv
Docking-44,500,71,10,sample_map,21,6cm4
Docking-44,500,71,10,sample_map,23,6kux
Docking-44,500,71,10,sample_map,25,6pdj
Docking-44,500,71,10,sample_map,30,7ljd
Docking-44,500,71,10,sample_map,31,7wc9
Docking-44,500,71,10,sample_map,36,8fhs
Docking-44,500,71,10,sample_map,38,8st0
Docking-44,500,72,6,full_map,4,2vt4
Docking-44,500,72,6,full_map,19,5u09
Docking-44,500,72,6,full_map,23,6kux
Docking-44,500,72,6,full_map,36,8fhs
Docking-44,500,72,6,full_map,38,8st0
Docking-44,500,72,6,full_map,40,8xvk
Docking-44,500,72,6,sample_map,4,2vt4
Docking-44,500,72,6,sample_map,19,5u09
Docking-44,500,72,6,sample_map,23,6kux
Docking-44,500,72,6,sample_map,34,8e9y
Docking-44,500,72,6,sample_map,36,8fhs
Docking-44,500,72,6,sample_map,40,8xvk
Docking-44,500,72,8,full_map,4,2vt4
Docking-44,500,72,8,full_map,16,5cxv
Docking-44,500,72,8,full_map,19,5u09
Docking-44,500,72,8,full_map,23,6kux
Docking-44,500,72,8,full_map,34,8e9y
Docking-44,500,72,8,full_map,36,8fhs
Docking-44,500,72,8,full_map,38,8st0
Docking-44,500,72,8,full_map,40,8xvk
Docking-44,500,72,8,sample_map,4,2vt4
Docking-44,500,72,8,sample_map,16,5cxv
Docking-44,500,72,8,sample_map,19,5u09
Docking-44,500,72,8,sample_map,20,5va1
Docking-44,500,72,8,sample_map,23,6kux
Docking-44,500,72,8,sample_map,34,8e9y
Docking-44,500,72,8,sample_map,36,8fhs
Docking-44,500,72,8,sample_map,38,8st0
Docking-44,500,72,10,full_map,13,4iar
Docking-44,500,72,10,full_map,16,5cxv
Docking-44,500,72,10,full_map,19,5u09
Docking-44,500,72,10,full_map,21,6cm4
Docking-44,500,72,10,full_map,23,6kux
Docking-44,500,72,10,full_map,25,6pdj
Docking-44,500,72,10,full_map,30,7ljd
Docking-44,500,72,10,full_map,36,8fhs
Docking-44,500,72,10,full_map,38,8st0
Docking-44,500,72,10,full_map,40,8xvk
Docking-44,500,72,10,sample_map,4,2vt4
Docking-44,500,72,10,sample_map,16,5cxv
Docking-44,500,72,10,sample_map,19,5u09
Docking-44,500,72,10,sample_map,23,6kux
Docking-44,500,72,10,sample_map,26,6x3x
Docking-44,500,72,10,sample_map,27,6y1z
Docking-44,500,72,10,sample_map,34,8e9y
Docking-44,500,72,10,sample_map,36,8fhs
Docking-44,500,72,10,sample_map,38,8st0
Docking-44,500,72,10,sample_map,40,8xvk
Docking-44,500,73,6,full_map,4,2vt4
Docking-44,500,73,6,full_map,19,5u09
Docking-44,500,73,6,full_map,23,6kux
Docking-44,500,73,6,full_map,36,8fhs
Docking-44,500,73,6,full_map,38,8st0
Docking-44,500,73,6,full_map,40,8xvk
Docking-44,500,73,6,sample_map,13,4iar
Docking-44,500,73,6,sample_map,19,5u09
Docking-44,500,73,6,sample_map,21,6cm4
Docking-44,500,73,6,sample_map,36,8fhs
Docking-44,500,73,6,sample_map,38,8st0
Docking-44,500,73,6,sample_map,40,8xvk
Docking-44,500,73,8,full_map,4,2vt4
Docking-44,500,73,8,full_map,16,5cxv
Docking-44,500,73,8,full_map,19,5u09
Docking-44,500,73,8,full_map,23,6kux
Docking-44,500,73,8,full_map,34,8e9y
Docking-44,500,73,8,full_map,36,8fhs
Docking-44,500,73,8,full_map,38,8st0
Docking-44,500,73,8,full_map,40,8xvk
Docking-44,500,73,8,sample_map,13,4iar
Docking-44,500,73,8,sample_map,19,5u09
Docking-44,500,73,8,sample_map,20,5va1
Docking-44,500,73,8,sample_map,21,6cm4
Docking-44,500,73,8,sample_map,23,6kux
Docking-44,500,73,8,sample_map,25,6pdj
Docking-44,500,73,8,sample_map,27,6y1z
Docking-44,500,73,8,sample_map,36,8fhs
Docking-44,500,73,10,full_map,13,4iar
Docking-44,500,73,10,full_map,16,5cxv
Docking-44,500,73,10,full_map,19,5u09
Docking-44,500,73,10,full_map,21,6cm4
Docking-44,500,73,10,full_map,23,6kux
Docking-44,500,73,10,full_map,25,6pdj
Docking-44,500,73,10,full_map,30,7ljd
Docking-44,500,73,10,full_map,36,8fhs
Docking-44,500,73,10,full_map,38,8st0
Docking-44,500,73,10,full_map,40,8xvk
Docking-44,500,73,10,sample_map,13,4iar
Docking-44,500,73,10,sample_map,16,5cxv
Docking-44,500,73,10,sample_map,19,5u09
Docking-44,500,73,10,sample_map,20,5va1
Docking-44,500,73,10,sample_map,21,6cm4
Docking-44,500,73,10,sample_map,23,6kux
Docking-44,500,73,10,sample_map,25,6pdj
Docking-44,500,73,10,sample_map,26,6x3x
Docking-44,500,73,10,sample_map,36,8fhs
Docking-44,500,73,10,sample_map,39,8wty
Docking-44,500,74,6,full_map,4,2vt4
Docking-44,500,74,6,full_map,19,5u09
Docking-44,500,74,6,full_map,23,6kux
Docking-44,500,74,6,full_map,36,8fhs
Docking-44,500,74,6,full_map,38,8st0
Docking-44,500,74,6,full_map,40,8xvk
Docking-44,500,74,6,sample_map,11,4djh
Docking-44,500,74,6,sample_map,30,7ljd
Docking-44,500,74,6,sample_map,31,7wc9
Docking-44,500,74,6,sample_map,34,8e9y
Docking-44,500,74,6,sample_map,36,8fhs
Docking-44,500,74,6,sample_map,38,8st0
Docking-44,500,74,8,full_map,4,2vt4
Docking-44,500,74,8,full_map,16,5cxv
Docking-44,500,74,8,full_map,19,5u09
Docking-44,500,74,8,full_map,23,6kux
Docking-44,500,74,8,full_map,34,8e9y
Docking-44,500,74,8,full_map,36,8fhs
Docking-44,500,74,8,full_map,38,8st0
Docking-44,500,74,8,full_map,40,8xvk
Docking-44,500,74,8,sample_map,11,4djh
Docking-44,500,74,8,sample_map,23,6kux
Docking-44,500,74,8,sample_map,28,7f8y
Docking-44,500,74,8,sample_map,30,7ljd
Docking-44,500,74,8,sample_map,31,7wc9
Docking-44,500,74,8,sample_map,34,8e9y
Docking-44,500,74,8,sample_map,36,8fhs
Docking-44,500,74,8,sample_map,38,8st0
Docking-44,500,74,10,full_map,13,4iar
Docking-44,500,74,10,full_map,16,5cxv
Docking-44,500,74,10,full_map,19,5u09
Docking-44,500,74,10,full_map,21,6cm4
Docking-44,500,74,10,full_map,23,6kux
Docking-44,500,74,10,full_map,25,6pdj
Docking-44,500,74,10,full_map,30,7ljd
Docking-44,500,74,10,full_map,36,8fhs
Docking-44,500,74,10,full_map,38,8st0
Docking-44,500,74,10,full_map,40,8xvk
Docking-44,500,74,10,sample_map,11,4djh
Docking-44,500,74,10,sample_map,22,6kpf
Docking-44,500,74,10,sample_map,23,6kux
Docking-44,500,74,10,sample_map,28,7f8y
Docking-44,500,74,10,sample_map,30,7ljd
Docking-44,500,74,10,sample_map,31,7wc9
Docking-44,500,74,10,sample_map,34,8e9y
Docking-44,500,74,10,sample_map,36,8fhs
Docking-44,500,74,10,sample_map,38,8st0
Docking-44,500,74,10,sample_map,39,8wty
Docking-44,500,75,6,full_map,4,2vt4
Docking-44,500,75,6,full_map,19,5u09
Docking-44,500,75,6,full_map,23,6kux
Docking-44,500,75,6,full_map,36,8fhs
Docking-44,500,75,6,full_map,38,8st0
Docking-44,500,75,6,full_map,40,8xvk
Docking-44,500,75,6,sample_map,13,4iar
Docking-44,500,75,6,sample_map,16,5cxv
Docking-44,500,75,6,sample_map,25,6pdj
Docking-44,500,75,6,sample_map,31,7wc9
Docking-44,500,75,6,sample_map,36,8fhs
Docking-44,500,75,6,sample_map,38,8st0
Docking-44,500,75,8,full_map,4,2vt4
Docking-44,500,75,8,full_map,16,5cxv
Docking-44,500,75,8,full_map,19,5u09
Docking-44,500,75,8,full_map,23,6kux
Docking-44,500,75,8,full_map,34,8e9y
Docking-44,500,75,8,full_map,36,8fhs
Docking-44,500,75,8,full_map,38,8st0
Docking-44,500,75,8,full_map,40,8xvk
Docking-44,500,75,8,sample_map,13,4iar
Docking-44,500,75,8,sample_map,16,5cxv
Docking-44,500,75,8,sample_map,19,5u09
Docking-44,500,75,8,sample_map,23,6kux
Docking-44,500,75,8,sample_map,25,6pdj
Docking-44,500,75,8,sample_map,31,7wc9
Docking-44,500,75,8,sample_map,36,8fhs
Docking-44,500,75,8,sample_map,38,8st0
Docking-44,500,75,10,full_map,13,4iar
Docking-44,500,75,10,full_map,16,5cxv
Docking-44,500,75,10,full_map,19,5u09
Docking-44,500,75,10,full_map,21,6cm4
Docking-44,500,75,10,full_map,23,6kux
Docking-44,500,75,10,full_map,25,6pdj
Docking-44,500,75,10,full_map,30,7ljd
Docking-44,500,75,10,full_map,36,8fhs
Docking-44,500,75,10,full_map,38,8st0
Docking-44,500,75,10,full_map,40,8xvk
Docking-44,500,75,10,sample_map,13,4iar
Docking-44,500,75,10,sample_map,16,5cxv
Docking-44,500,75,10,sample_map,19,5u09
Docking-44,500,75,10,sample_map,21,6cm4
Docking-44,500,75,10,sample_map,23,6kux
Docking-44,500,75,10,sample_map,25,6pdj
Docking-44,500,75,10,sample_map,30,7ljd
Docking-44,500,75,10,sample_map,31,7wc9
Docking-44,500,75,10,sample_map,36,8fhs
Docking-44,500,75,10,sample_map,38,8st0
Docking-44,500,76,6,full_map,4,2vt4
Docking-44,500,76,6,full_map,19,5u09
Docking-44,500,76,6,full_map,23,6kux
Docking-44,500,76,6,full_map,36,8fhs
Docking-44,500,76,6,full_map,38,8st0
Docking-44,500,76,6,full_map,40,8xvk
Docking-44,500,76,6,sample_map,16,5cxv
Docking-44,500,76,6,sample_map,19,5u09
Docking-44,500,76,6,sample_map,34,8e9y
Docking-44,500,76,6,sample_map,36,8fhs
Docking-44,500,76,6,sample_map,38,8st0
Docking-44,500,76,6,sample_map,40,8xvk
Docking-44,500,76,8,full_map,4,2vt4
Docking-44,500,76,8,full_map,16,5cxv
Docking-44,500,76,8,full_map,19,5u09
Docking-44,500,76,8,full_map,23,6kux
Docking-44,500,76,8,full_map,34,8e9y
Docking-44,500,76,8,full_map,36,8fhs
Docking-44,500,76,8,full_map,38,8st0
Docking-44,500,76,8,full_map,40,8xvk
Docking-44,500,76,8,sample_map,13,4iar
Docking-44,500,76,8,sample_map,16,5cxv
Docking-44,500,76,8,sample_map,19,5u09
Docking-44,500,76,8,sample_map,23,6kux
Docking-44,500,76,8,sample_map,30,7ljd
Docking-44,500,76,8,sample_map,36,8fhs
Docking-44,500,76,8,sample_map,38,8st0
Docking-44,500,76,8,sample_map,40,8xvk
Docking-44,500,76,10,full_map,13,4iar
Docking-44,500,76,10,full_map,16,5cxv
Docking-44,500,76,10,full_map,19,5u09
Docking-44,500,76,10,full_map,21,6cm4
Docking-44,500,76,10,full_map,23,6kux
Docking-44,500,76,10,full_map,25,6pdj
Docking-44,500,76,10,full_map,30,7ljd
Docking-44,500,76,10,full_map,36,8fhs
Docking-44,500,76,10,full_map,38,8st0
Docking-44,500,76,10,full_map,40,8xvk
Docking-44,500,76,10,sample_map,13,4iar
Docking-44,500,76,10,sample_map,16,5cxv
Docking-44,500,76,10,sample_map,19,5u09
Docking-44,500,76,10,sample_map,23,6kux
Docking-44,500,76,10,sample_map,25,6pdj
Docking-44,500,76,10,sample_map,30,7ljd
Docking-44,500,76,10,sample_map,33,7ym8
Docking-44,500,76,10,sample_map,36,8fhs
Docking-44,500,76,10,sample_map,38,8st0
Docking-44,500,76,10,sample_map,40,8xvk
Docking-44,500,77,6,full_map,4,2vt4
Docking-44,500,77,6,full_map,19,5u09
Docking-44,500,77,6,full_map,23,6kux
Docking-44,500,77,6,full_map,36,8fhs
Docking-44,500,77,6,full_map,38,8st0
Docking-44,500,77,6,full_map,40,8xvk
Docking-44,500,77,6,sample_map,4,2vt4
Docking-44,500,77,6,sample_map,23,6kux
Docking-44,500,77,6,sample_map,34,8e9y
Docking-44,500,77,6,sample_map,36,8fhs
Docking-44,500,77,6,sample_map,38,8st0
Docking-44,500,77,6,sample_map,40,8xvk
Docking-44,500,77,8,full_map,4,2vt4
Docking-44,500,77,8,full_map,16,5cxv
Docking-44,500,77,8,full_map,19,5u09
Docking-44,500,77,8,full_map,23,6kux
Docking-44,500,77,8,full_map,34,8e9y
Docking-44,500,77,8,full_map,36,8fhs
Docking-44,500,77,8,full_map,38,8st0
Docking-44,500,77,8,full_map,40,8xvk
Docking-44,500,77,8,sample_map,4,2vt4
Docking-44,500,77,8,sample_map,16,5cxv
Docking-44,500,77,8,sample_map,23,6kux
Docking-44,500,77,8,sample_map,30,7ljd
Docking-44,500,77,8,sample_map,34,8e9y
Docking-44,500,77,8,sample_map,36,8fhs
Docking-44,500,77,8,sample_map,38,8st0
Docking-44,500,77,8,sample_map,40,8xvk
Docking-44,500,77,10,full_map,13,4iar
Docking-44,500,77,10,full_map,16,5cxv
Docking-44,500,77,10,full_map,19,5u09
Docking-44,500,77,10,full_map,21,6cm4
Docking-44,500,77,10,full_map,23,6kux
Docking-44,500,77,10,full_map,25,6pdj
Docking-44,500,77,10,full_map,30,7ljd
Docking-44,500,77,10,full_map,36,8fhs
Docking-44,500,77,10,full_map,38,8st0
Docking-44,500,77,10,full_map,40,8xvk
Docking-44,500,77,10,sample_map,4,2vt4
Docking-44,500,77,10,sample_map,16,5cxv
Docking-44,500,77,10,sample_map,19,5u09
Docking-44,500,77,10,sample_map,20,5va1
Docking-44,500,77,10,sample_map,23,6kux
Docking-44,500,77,10,sample_map,27,6y1z
Docking-44,500,77,10,sample_map,30,7ljd
Docking-44,500,77,10,sample_map,34,8e9y
Docking-44,500,77,10,sample_map,36,8fhs
Docking-44,500,77,10,sample_map,38,8st0
Docking-44,500,78,6,full_map,4,2vt4
Docking-44,500,78,6,full_map,19,5u09
Docking-44,500,78,6,full_map,23,6kux
Docking-44,500,78,6,full_map,36,8fhs
Docking-44,500,78,6,full_map,38,8st0
Docking-44,500,78,6,full_map,40,8xvk
Docking-44,500,78,6,sample_map,2,1xoq
Docking-44,500,78,6,sample_map,13,4iar
Docking-44,500,78,6,sample_map,36,8fhs
Docking-44,500,78,6,sample_map,38,8st0
Docking-44,500,78,6,sample_map,40,8xvk
Docking-44,500,78,6,sample_map,42,9eo4
Docking-44,500,78,8,full_map,4,2vt4
Docking-44,500,78,8,full_map,16,5cxv
Docking-44,500,78,8,full_map,19,5u09
Docking-44,500,78,8,full_map,23,6kux
Docking-44,500,78,8,full_map,34,8e9y
Docking-44,500,78,8,full_map,36,8fhs
Docking-44,500,78,8,full_map,38,8st0
Docking-44,500,78,8,full_map,40,8xvk
Docking-44,500,78,8,sample_map,2,1xoq
Docking-44,500,78,8,sample_map,13,4iar
Docking-44,500,78,8,sample_map,21,6cm4
Docking-44,500,78,8,sample_map,31,7wc9
Docking-44,500,78,8,sample_map,36,8fhs
Docking-44,500,78,8,sample_map,38,8st0
Docking-44,500,78,8,sample_map,40,8xvk
Docking-44,500,78,8,sample_map,42,9eo4
Docking-44,500,78,10,full_map,13,4iar
Docking-44,500,78,10,full_map,16,5cxv
Docking-44,500,78,10,full_map,19,5u09
Docking-44,500,78,10,full_map,21,6cm4
Docking-44,500,78,10,full_map,23,6kux
Docking-44,500,78,10,full_map,25,6pdj
Docking-44,500,78,10,full_map,30,7ljd
Docking-44,500,78,10,full_map,36,8fhs
Docking-44,500,78,10,full_map,38,8st0
Docking-44,500,78,10,full_map,40,8xvk
Docking-44,500,78,10,sample_map,2,1xoq
Docking-44,500,78,10,sample_map,13,4iar
Docking-44,500,78,10,sample_map,19,5u09
Docking-44,500,78,10,sample_map,21,6cm4
Docking-44,500,78,10,sample_map,23,6kux
Docking-44,500,78,10,sample_map,30,7ljd
Docking-44,500,78,10,sample_map,31,7wc9
Docking-44,500,78,10,sample_map,36,8fhs
Docking-44,500,78,10,sample_map,38,8st0
Docking-44,500,78,10,sample_map,40,8xvk
Docking-44,500,79,6,full_map,4,2vt4
Docking-44,500,79,6,full_map,19,5u09
Docking-44,500,79,6,full_map,23,6kux
Docking-44,500,79,6,full_map,36,8fhs
Docking-44,500,79,6,full_map,38,8st0
Docking-44,500,79,6,full_map,40,8xvk
Docking-44,500,79,6,sample_map,0,1m2z
Docking-44,500,79,6,sample_map,4,2vt4
Docking-44,500,79,6,sample_map,31,7wc9
Docking-44,500,79,6,sample_map,36,8fhs
Docking-44,500,79,6,sample_map,38,8st0
Docking-44,500,79,6,sample_map,40,8xvk
Docking-44,500,79,8,full_map,4,2vt4
Docking-44,500,79,8,full_map,16,5cxv
Docking-44,500,79,8,full_map,19,5u09
Docking-44,500,79,8,full_map,23,6kux
Docking-44,500,79,8,full_map,34,8e9y
Docking-44,500,79,8,full_map,36,8fhs
Docking-44,500,79,8,full_map,38,8st0
Docking-44,500,79,8,full_map,40,8xvk
Docking-44,500,79,8,sample_map,0,1m2z
Docking-44,500,79,8,sample_map,4,2vt4
Docking-44,500,79,8,sample_map,16,5cxv
Docking-44,500,79,8,sample_map,30,7ljd
Docking-44,500,79,8,sample_map,31,7wc9
Docking-44,500,79,8,sample_map,36,8fhs
Docking-44,500,79,8,sample_map,38,8st0
Docking-44,500,79,8,sample_map,40,8xvk
Docking-44,500,79,10,full_map,13,4iar
Docking-44,500,79,10,full_map,16,5cxv
Docking-44,500,79,10,full_map,19,5u09
Docking-44,500,79,10,full_map,21,6cm4
Docking-44,500,79,10,full_map,23,6kux
Docking-44,500,79,10,full_map,25,6pdj
Docking-44,500,79,10,full_map,30,7ljd
Docking-44,500,79,10,full_map,36,8fhs
Docking-44,500,79,10,full_map,38,8st0
Docking-44,500,79,10,full_map,40,8xvk
Docking-44,500,79,10,sample_map,0,1m2z
Docking-44,500,79,10,sample_map,4,2vt4
Docking-44,500,79,10,sample_map,16,5cxv
Docking-44,500,79,10,sample_map,21,6cm4
Docking-44,500,79,10,sample_map,25,6pdj
Docking-44,500,79,10,sample_map,30,7ljd
Docking-44,500,79,10,sample_map,31,7wc9
Docking-44,500,79,10,sample_map,36,8fhs
Docking-44,500,79,10,sample_map,38,8st0
Docking-44,500,79,10,sample_map,40,8xvk
Docking-44,500,80,6,full_map,4,2vt4
Docking-44,500,80,6,full_map,19,5u09
Docking-44,500,80,6,full_map,23,6kux
Docking-44,500,80,6,full_map,36,8fhs
Docking-44,500,80,6,full_map,38,8st0
Docking-44,500,80,6,full_map,40,8xvk
Docking-44,500,80,6,sample_map,13,4iar
Docking-44,500,80,6,sample_map,19,5u09
Docking-44,500,80,6,sample_map,21,6cm4
Docking-44,500,80,6,sample_map,23,6kux
Docking-44,500,80,6,sample_map,38,8st0
Docking-44,500,80,6,sample_map,43,V1A
Docking-44,500,80,8,full_map,4,2vt4
Docking-44,500,80,8,full_map,16,5cxv
Docking-44,500,80,8,full_map,19,5u09
Docking-44,500,80,8,full_map,23,6kux
Docking-44,500,80,8,full_map,34,8e9y
Docking-44,500,80,8,full_map,36,8fhs
Docking-44,500,80,8,full_map,38,8st0
Docking-44,500,80,8,full_map,40,8xvk
Docking-44,500,80,8,sample_map,13,4iar
Docking-44,500,80,8,sample_map,16,5cxv
Docking-44,500,80,8,sample_map,19,5u09
Docking-44,500,80,8,sample_map,21,6cm4
Docking-44,500,80,8,sample_map,23,6kux
Docking-44,500,80,8,sample_map,38,8st0
Docking-44,500,80,8,sample_map,40,8xvk
Docking-44,500,80,8,sample_map,43,V1A
Docking-44,500,80,10,full_map,13,4iar
Docking-44,500,80,10,full_map,16,5cxv
Docking-44,500,80,10,full_map,19,5u09
Docking-44,500,80,10,full_map,21,6cm4
Docking-44,500,80,10,full_map,23,6kux
Docking-44,500,80,10,full_map,25,6pdj
Docking-44,500,80,10,full_map,30,7ljd
Docking-44,500,80,10,full_map,36,8fhs
Docking-44,500,80,10,full_map,38,8st0
Docking-44,500,80,10,full_map,40,8xvk
Docking-44,500,80,10,sample_map,2,1xoq
Docking-44,500,80,10,sample_map,13,4iar
Docking-44,500,80,10,sample_map,16,5cxv
Docking-44,500,80,10,sample_map,19,5u09
Docking-44,500,80,10,sample_map,21,6cm4
Docking-44,500,80,10,sample_map,23,6kux
Docking-44,500,80,10,sample_map,30,7ljd
Docking-44,500,80,10,sample_map,38,8st0
Docking-44,500,80,10,sample_map,40,8xvk
Docking-44,500,80,10,sample_map,43,V1A
Docking-44,500,81,6,full_map,4,2vt4
Docking-44,500,81,6,full_map,19,5u09
Docking-44,500,81,6,full_map,23,6kux
Docking-44,500,81,6,full_map,36,8fhs
Docking-44,500,81,6,full_map,38,8st0
Docking-44,500,81,6,full_map,40,8xvk
Docking-44,500,81,6,sample_map,13,4iar
Docking-44,500,81,6,sample_map,17,5i71
Docking-44,500,81,6,sample_map,19,5u09
Docking-44,500,81,6,sample_map,21,6cm4
Docking-44,500,81,6,sample_map,38,8st0
Docking-44,500,81,6,sample_map,43,V1A
Docking-44,500,81,8,full_map,4,2vt4
Docking-44,500,81,8,full_map,16,5cxv
Docking-44,500,81,8,full_map,19,5u09
Docking-44,500,81,8,full_map,23,6kux
Docking-44,500,81,8,full_map,34,8e9y
Docking-44,500,81,8,full_map,36,8fhs
Docking-44,500,81,8,full_map,38,8st0
Docking-44,500,81,8,full_map,40,8xvk
Docking-44,500,81,8,sample_map,13,4iar
Docking-44,500,81,8,sample_map,16,5cxv
Docking-44,500,81,8,sample_map,17,5i71
Docking-44,500,81,8,sample_map,19,5u09
Docking-44,500,81,8,sample_map,21,6cm4
Docking-44,500,81,8,sample_map,25,6pdj
Docking-44,500,81,8,sample_map,38,8st0
Docking-44,500,81,8,sample_map,43,V1A
Docking-44,500,81,10,full_map,13,4iar
Docking-44,500,81,10,full_map,16,5cxv
Docking-44,500,81,10,full_map,19,5u09
Docking-44,500,81,10,full_map,21,6cm4
Docking-44,500,81,10,full_map,23,6kux
Docking-44,500,81,10,full_map,25,6pdj
Docking-44,500,81,10,full_map,30,7ljd
Docking-44,500,81,10,full_map,36,8fhs
Docking-44,500,81,10,full_map,38,8st0
Docking-44,500,81,10,full_map,40,8xvk
Docking-44,500,81,10,sample_map,0,1m2z
Docking-44,500,81,10,sample_map,13,4iar
Docking-44,500,81,10,sample_map,16,5cxv
Docking-44,500,81,10,sample_map,17,5i71
Docking-44,500,81,10,sample_map,19,5u09
Docking-44,500,81,10,sample_map,21,6cm4
Docking-44,500,81,10,sample_map,25,6pdj
Docking-44,500,81,10,sample_map,33,7ym8
Docking-44,500,81,10,sample_map,38,8st0
Docking-44,500,81,10,sample_map,43,V1A
Docking-44,500,82,6,full_map,4,2vt4
Docking-44,500,82,6,full_map,19,5u09
Docking-44,500,82,6,full_map,23,6kux
Docking-44,500,82,6,full_map,36,8fhs
Docking-44,500,82,6,full_map,38,8st0
Docking-44,500,82,6,full_map,40,8xvk
Docking-44,500,82,6,sample_map,4,2vt4
Docking-44,500,82,6,sample_map,16,5cxv
Docking-44,500,82,6,sample_map,19,5u09
Docking-44,500,82,6,sample_map,36,8fhs
Docking-44,500,82,6,sample_map,38,8st0
Docking-44,500,82,6,sample_map,40,8xvk
Docking-44,500,82,8,full_map,4,2vt4
Docking-44,500,82,8,full_map,16,5cxv
Docking-44,500,82,8,full_map,19,5u09
Docking-44,500,82,8,full_map,23,6kux
Docking-44,500,82,8,full_map,34,8e9y
Docking-44,500,82,8,full_map,36,8fhs
Docking-44,500,82,8,full_map,38,8st0
Docking-44,500,82,8,full_map,40,8xvk
Docking-44,500,82,8,sample_map,4,2vt4
Docking-44,500,82,8,sample_map,16,5cxv
Docking-44,500,82,8,sample_map,19,5u09
Docking-44,500,82,8,sample_map,23,6kux
Docking-44,500,82,8,sample_map,30,7ljd
Docking-44,500,82,8,sample_map,36,8fhs
Docking-44,500,82,8,sample_map,38,8st0
Docking-44,500,82,8,sample_map,40,8xvk
Docking-44,500,82,10,full_map,13,4iar
Docking-44,500,82,10,full_map,16,5cxv
Docking-44,500,82,10,full_map,19,5u09
Docking-44,500,82,10,full_map,21,6cm4
Docking-44,500,82,10,full_map,23,6kux
Docking-44,500,82,10,full_map,25,6pdj
Docking-44,500,82,10,full_map,30,7ljd
Docking-44,500,82,10,full_map,36,8fhs
Docking-44,500,82,10,full_map,38,8st0
Docking-44,500,82,10,full_map,40,8xvk
Docking-44,500,82,10,sample_map,4,2vt4
Docking-44,500,82,10,sample_map,16,5cxv
Docking-44,500,82,10,sample_map,19,5u09
Docking-44,500,82,10,sample_map,21,6cm4
Docking-44,500,82,10,sample_map,23,6kux
Docking-44,500,82,10,sample_map,27,6y1z
Docking-44,500,82,10,sample_map,30,7ljd
Docking-44,500,82,10,sample_map,36,8fhs
Docking-44,500,82,10,sample_map,38,8st0
Docking-44,500,82,10,sample_map,40,8xvk
Docking-44,500,83,6,full_map,4,2vt4
Docking-44,500,83,6,full_map,19,5u09
Docking-44,500,83,6,full_map,23,6kux
Docking-44,500,83,6,full_map,36,8fhs
Docking-44,500,83,6,full_map,38,8st0
Docking-44,500,83,6,full_map,40,8xvk
Docking-44,500,83,6,sample_map,4,2vt4
Docking-44,500,83,6,sample_map,19,5u09
Docking-44,500,83,6,sample_map,27,6y1z
Docking-44,500,83,6,sample_map,36,8fhs
Docking-44,500,83,6,sample_map,38,8st0
Docking-44,500,83,6,sample_map,40,8xvk
Docking-44,500,83,8,full_map,4,2vt4
Docking-44,500,83,8,full_map,16,5cxv
Docking-44,500,83,8,full_map,19,5u09
Docking-44,500,83,8,full_map,23,6kux
Docking-44,500,83,8,full_map,34,8e9y
Docking-44,500,83,8,full_map,36,8fhs
Docking-44,500,83,8,full_map,38,8st0
Docking-44,500,83,8,full_map,40,8xvk
Docking-44,500,83,8,sample_map,4,2vt4
Docking-44,500,83,8,sample_map,19,5u09
Docking-44,500,83,8,sample_map,21,6cm4
Docking-44,500,83,8,sample_map,23,6kux
Docking-44,500,83,8,sample_map,27,6y1z
Docking-44,500,83,8,sample_map,36,8fhs
Docking-44,500,83,8,sample_map,38,8st0
Docking-44,500,83,8,sample_map,40,8xvk
Docking-44,500,83,10,full_map,13,4iar
Docking-44,500,83,10,full_map,16,5cxv
Docking-44,500,83,10,full_map,19,5u09
Docking-44,500,83,10,full_map,21,6cm4
Docking-44,500,83,10,full_map,23,6kux
Docking-44,500,83,10,full_map,25,6pdj
Docking-44,500,83,10,full_map,30,7ljd
Docking-44,500,83,10,full_map,36,8fhs
Docking-44,500,83,10,full_map,38,8st0
Docking-44,500,83,10,full_map,40,8xvk
Docking-44,500,83,10,sample_map,4,2vt4
Docking-44,500,83,10,sample_map,5,2ydo
Docking-44,500,83,10,sample_map,19,5u09
Docking-44,500,83,10,sample_map,21,6cm4
Docking-44,500,83,10,sample_map,23,6kux
Docking-44,500,83,10,sample_map,25,6pdj
Docking-44,500,83,10,sample_map,27,6y1z
Docking-44,500,83,10,sample_map,36,8fhs
Docking-44,500,83,10,sample_map,38,8st0
Docking-44,500,83,10,sample_map,40,8xvk
Docking-44,500,84,6,full_map,4,2vt4
Docking-44,500,84,6,full_map,19,5u09
Docking-44,500,84,6,full_map,23,6kux
Docking-44,500,84,6,full_map,36,8fhs
Docking-44,500,84,6,full_map,38,8st0
Docking-44,500,84,6,full_map,40,8xvk
Docking-44,500,84,6,sample_map,17,5i71
Docking-44,500,84,6,sample_map,20,5va1
Docking-44,500,84,6,sample_map,25,6pdj
Docking-44,500,84,6,sample_map,27,6y1z
Docking-44,500,84,6,sample_map,32,7xnk
Docking-44,500,84,6,sample_map,34,8e9y
Docking-44,500,84,8,full_map,4,2vt4
Docking-44,500,84,8,full_map,16,5cxv
Docking-44,500,84,8,full_map,19,5u09
Docking-44,500,84,8,full_map,23,6kux
Docking-44,500,84,8,full_map,34,8e9y
Docking-44,500,84,8,full_map,36,8fhs
Docking-44,500,84,8,full_map,38,8st0
Docking-44,500,84,8,full_map,40,8xvk
Docking-44,500,84,8,sample_map,17,5i71
Docking-44,500,84,8,sample_map,20,5va1
Docking-44,500,84,8,sample_map,21,6cm4
Docking-44,500,84,8,sample_map,23,6kux
Docking-44,500,84,8,sample_map,25,6pdj
Docking-44,500,84,8,sample_map,27,6y1z
Docking-44,500,84,8,sample_map,30,7ljd
Docking-44,500,84,8,sample_map,32,7xnk
Docking-44,500,84,10,full_map,13,4iar
Docking-44,500,84,10,full_map,16,5cxv
Docking-44,500,84,10,full_map,19,5u09
Docking-44,500,84,10,full_map,21,6cm4
Docking-44,500,84,10,full_map,23,6kux
Docking-44,500,84,10,full_map,25,6pdj
Docking-44,500,84,10,full_map,30,7ljd
Docking-44,500,84,10,full_map,36,8fhs
Docking-44,500,84,10,full_map,38,8st0
Docking-44,500,84,10,full_map,40,8xvk
Docking-44,500,84,10,sample_map,14,4mqs
Docking-44,500,84,10,sample_map,16,5cxv
Docking-44,500,84,10,sample_map,17,5i71
Docking-44,500,84,10,sample_map,20,5va1
Docking-44,500,84,10,sample_map,21,6cm4
Docking-44,500,84,10,sample_map,23,6kux
Docking-44,500,84,10,sample_map,25,6pdj
Docking-44,500,84,10,sample_map,27,6y1z
Docking-44,500,84,10,sample_map,30,7ljd
Docking-44,500,84,10,sample_map,32,7xnk
Docking-44,500,85,6,full_map,4,2vt4
Docking-44,500,85,6,full_map,19,5u09
Docking-44,500,85,6,full_map,23,6kux
Docking-44,500,85,6,full_map,36,8fhs
Docking-44,500,85,6,full_map,38,8st0
Docking-44,500,85,6,full_map,40,8xvk
Docking-44,500,85,6,sample_map,4,2vt4
Docking-44,500,85,6,sample_map,9,3ln1
Docking-44,500,85,6,sample_map,22,6kpf
Docking-44,500,85,6,sample_map,36,8fhs
Docking-44,500,85,6,sample_map,38,8st0
Docking-44,500,85,6,sample_map,40,8xvk
Docking-44,500,85,8,full_map,4,2vt4
Docking-44,500,85,8,full_map,16,5cxv
Docking-44,500,85,8,full_map,19,5u09
Docking-44,500,85,8,full_map,23,6kux
Docking-44,500,85,8,full_map,34,8e9y
Docking-44,500,85,8,full_map,36,8fhs
Docking-44,500,85,8,full_map,38,8st0
Docking-44,500,85,8,full_map,40,8xvk
Docking-44,500,85,8,sample_map,4,2vt4
Docking-44,500,85,8,sample_map,9,3ln1
Docking-44,500,85,8,sample_map,22,6kpf
Docking-44,500,85,8,sample_map,23,6kux
Docking-44,500,85,8,sample_map,27,6y1z
Docking-44,500,85,8,sample_map,36,8fhs
Docking-44,500,85,8,sample_map,38,8st0
Docking-44,500,85,8,sample_map,40,8xvk
Docking-44,500,85,10,full_map,13,4iar
Docking-44,500,85,10,full_map,16,5cxv
Docking-44,500,85,10,full_map,19,5u09
Docking-44,500,85,10,full_map,21,6cm4
Docking-44,500,85,10,full_map,23,6kux
Docking-44,500,85,10,full_map,25,6pdj
Docking-44,500,85,10,full_map,30,7ljd
Docking-44,500,85,10,full_map,36,8fhs
Docking-44,500,85,10,full_map,38,8st0
Docking-44,500,85,10,full_map,40,8xvk
Docking-44,500,85,10,sample_map,4,2vt4
Docking-44,500,85,10,sample_map,9,3ln1
Docking-44,500,85,10,sample_map,21,6cm4
Docking-44,500,85,10,sample_map,22,6kpf
Docking-44,500,85,10,sample_map,23,6kux
Docking-44,500,85,10,sample_map,25,6pdj
Docking-44,500,85,10,sample_map,27,6y1z
Docking-44,500,85,10,sample_map,36,8fhs
Docking-44,500,85,10,sample_map,38,8st0
Docking-44,500,85,10,sample_map,40,8xvk
Docking-44,500,86,6,full_map,4,2vt4
Docking-44,500,86,6,full_map,19,5u09
Docking-44,500,86,6,full_map,23,6kux
Docking-44,500,86,6,full_map,36,8fhs
Docking-44,500,86,6,full_map,38,8st0
Docking-44,500,86,6,full_map,40,8xvk
Docking-44,500,86,6,sample_map,13,4iar
Docking-44,500,86,6,sample_map,16,5cxv
Docking-44,500,86,6,sample_map,19,5u09
Docking-44,500,86,6,sample_map,20,5va1
Docking-44,500,86,6,sample_map,36,8fhs
Docking-44,500,86,6,sample_map,38,8st0
Docking-44,500,86,8,full_map,4,2vt4
Docking-44,500,86,8,full_map,16,5cxv
Docking-44,500,86,8,full_map,19,5u09
Docking-44,500,86,8,full_map,23,6kux
Docking-44,500,86,8,full_map,34,8e9y
Docking-44,500,86,8,full_map,36,8fhs
Docking-44,500,86,8,full_map,38,8st0
Docking-44,500,86,8,full_map,40,8xvk
Docking-44,500,86,8,sample_map,13,4iar
Docking-44,500,86,8,sample_map,16,5cxv
Docking-44,500,86,8,sample_map,19,5u09
Docking-44,500,86,8,sample_map,20,5va1
Docking-44,500,86,8,sample_map,23,6kux
Docking-44,500,86,8,sample_map,30,7ljd
Docking-44,500,86,8,sample_map,36,8fhs
Docking-44,500,86,8,sample_map,38,8st0
Docking-44,500,86,10,full_map,13,4iar
Docking-44,500,86,10,full_map,16,5cxv
Docking-44,500,86,10,full_map,19,5u09
Docking-44,500,86,10,full_map,21,6cm4
Docking-44,500,86,10,full_map,23,6kux
Docking-44,500,86,10,full_map,25,6pdj
Docking-44,500,86,10,full_map,30,7ljd
Docking-44,500,86,10,full_map,36,8fhs
Docking-44,500,86,10,full_map,38,8st0
Docking-44,500,86,10,full_map,40,8xvk
Docking-44,500,86,10,sample_map,16,5cxv
Docking-44,500,86,10,sample_map,17,5i71
Docking-44,500,86,10,sample_map,19,5u09
Docking-44,500,86,10,sample_map,20,5va1
Docking-44,500,86,10,sample_map,21,6cm4
Docking-44,500,86,10,sample_map,23,6kux
Docking-44,500,86,10,sample_map,25,6pdj
Docking-44,500,86,10,sample_map,30,7ljd
Docking-44,500,86,10,sample_map,36,8fhs
Docking-44,500,86,10,sample_map,38,8st0
Docking-44,500,87,6,full_map,4,2vt4
Docking-44,500,87,6,full_map,19,5u09
Docking-44,500,87,6,full_map,23,6kux
Docking-44,500,87,6,full_map,36,8fhs
Docking-44,500,87,6,full_map,38,8st0
Docking-44,500,87,6,full_map,40,8xvk
Docking-44,500,87,6,sample_map,19,5u09
Docking-44,500,87,6,sample_map,20,5va1
Docking-44,500,87,6,sample_map,23,6kux
Docking-44,500,87,6,sample_map,27,6y1z
Docking-44,500,87,6,sample_map,34,8e9y
Docking-44,500,87,6,sample_map,36,8fhs
Docking-44,500,87,8,full_map,4,2vt4
Docking-44,500,87,8,full_map,16,5cxv
Docking-44,500,87,8,full_map,19,5u09
Docking-44,500,87,8,full_map,23,6kux
Docking-44,500,87,8,full_map,34,8e9y
Docking-44,500,87,8,full_map,36,8fhs
Docking-44,500,87,8,full_map,38,8st0
Docking-44,500,87,8,full_map,40,8xvk
Docking-44,500,87,8,sample_map,17,5i71
Docking-44,500,87,8,sample_map,19,5u09
Docking-44,500,87,8,sample_map,20,5va1
Docking-44,500,87,8,sample_map,23,6kux
Docking-44,500,87,8,sample_map,27,6y1z
Docking-44,500,87,8,sample_map,33,7ym8
Docking-44,500,87,8,sample_map,34,8e9y
Docking-44,500,87,8,sample_map,36,8fhs
Docking-44,500,87,10,full_map,13,4iar
Docking-44,500,87,10,full_map,16,5cxv
Docking-44,500,87,10,full_map,19,5u09
Docking-44,500,87,10,full_map,21,6cm4
Docking-44,500,87,10,full_map,23,6kux
Docking-44,500,87,10,full_map,25,6pdj
Docking-44,500,87,10,full_map,30,7ljd
Docking-44,500,87,10,full_map,36,8fhs
Docking-44,500,87,10,full_map,38,8st0
Docking-44,500,87,10,full_map,40,8xvk
Docking-44,500,87,10,sample_map,5,2ydo
Docking-44,500,87,10,sample_map,17,5i71
Docking-44,500,87,10,sample_map,19,5u09
Docking-44,500,87,10,sample_map,20,5va1
Docking-44,500,87,10,sample_map,23,6kux
Docking-44,500,87,10,sample_map,27,6y1z
Docking-44,500,87,10,sample_map,33,7ym8
Docking-44,500,87,10,sample_map,34,8e9y
Docking-44,500,87,10,sample_map,36,8fhs
Docking-44,500,87,10,sample_map,42,9eo4
Docking-44,500,88,6,full_map,4,2vt4
Docking-44,500,88,6,full_map,19,5u09
Docking-44,500,88,6,full_map,23,6kux
Docking-44,500,88,6,full_map,36,8fhs
Docking-44,500,88,6,full_map,38,8st0
Docking-44,500,88,6,full_map,40,8xvk
Docking-44,500,88,6,sample_map,14,4mqs
Docking-44,500,88,6,sample_map,20,5va1
Docking-44,500,88,6,sample_map,34,8e9y
Docking-44,500,88,6,sample_map,36,8fhs
Docking-44,500,88,6,sample_map,37,8pjk
Docking-44,500,88,6,sample_map,42,9eo4
Docking-44,500,88,8,full_map,4,2vt4
Docking-44,500,88,8,full_map,16,5cxv
Docking-44,500,88,8,full_map,19,5u09
Docking-44,500,88,8,full_map,23,6kux
Docking-44,500,88,8,full_map,34,8e9y
Docking-44,500,88,8,full_map,36,8fhs
Docking-44,500,88,8,full_map,38,8st0
Docking-44,500,88,8,full_map,40,8xvk
Docking-44,500,88,8,sample_map,2,1xoq
Docking-44,500,88,8,sample_map,14,4mqs
Docking-44,500,88,8,sample_map,20,5va1
Docking-44,500,88,8,sample_map,27,6y1z
Docking-44,500,88,8,sample_map,34,8e9y
Docking-44,500,88,8,sample_map,36,8fhs
Docking-44,500,88,8,sample_map,37,8pjk
Docking-44,500,88,8,sample_map,42,9eo4
Docking-44,500,88,10,full_map,13,4iar
Docking-44,500,88,10,full_map,16,5cxv
Docking-44,500,88,10,full_map,19,5u09
Docking-44,500,88,10,full_map,21,6cm4
Docking-44,500,88,10,full_map,23,6kux
Docking-44,500,88,10,full_map,25,6pdj
Docking-44,500,88,10,full_map,30,7ljd
Docking-44,500,88,10,full_map,36,8fhs
Docking-44,500,88,10,full_map,38,8st0
Docking-44,500,88,10,full_map,40,8xvk
Docking-44,500,88,10,sample_map,2,1xoq
Docking-44,500,88,10,sample_map,6,2z5x
Docking-44,500,88,10,sample_map,20,5va1
Docking-44,500,88,10,sample_map,21,6cm4
Docking-44,500,88,10,sample_map,27,6y1z
Docking-44,500,88,10,sample_map,34,8e9y
Docking-44,500,88,10,sample_map,36,8fhs
Docking-44,500,88,10,sample_map,37,8pjk
Docking-44,500,88,10,sample_map,38,8st0
Docking-44,500,88,10,sample_map,42,9eo4
Docking-44,500,89,6,full_map,4,2vt4
Docking-44,500,89,6,full_map,19,5u09
Docking-44,500,89,6,full_map,23,6kux
Docking-44,500,89,6,full_map,36,8fhs
Docking-44,500,89,6,full_map,38,8st0
Docking-44,500,89,6,full_map,40,8xvk
Docking-44,500,89,6,sample_map,13,4iar
Docking-44,500,89,6,sample_map,16,5cxv
Docking-44,500,89,6,sample_map,19,5u09
Docking-44,500,89,6,sample_map,20,5va1
Docking-44,500,89,6,sample_map,23,6kux
Docking-44,500,89,6,sample_map,36,8fhs
Docking-44,500,89,8,full_map,4,2vt4
Docking-44,500,89,8,full_map,16,5cxv
Docking-44,500,89,8,full_map,19,5u09
Docking-44,500,89,8,full_map,23,6kux
Docking-44,500,89,8,full_map,34,8e9y
Docking-44,500,89,8,full_map,36,8fhs
Docking-44,500,89,8,full_map,38,8st0
Docking-44,500,89,8,full_map,40,8xvk
Docking-44,500,89,8,sample_map,13,4iar
Docking-44,500,89,8,sample_map,16,5cxv
Docking-44,500,89,8,sample_map,19,5u09
Docking-44,500,89,8,sample_map,20,5va1
Docking-44,500,89,8,sample_map,21,6cm4
Docking-44,500,89,8,sample_map,23,6kux
Docking-44,500,89,8,sample_map,36,8fhs
Docking-44,500,89,8,sample_map,39,8wty
Docking-44,500,89,10,full_map,13,4iar
Docking-44,500,89,10,full_map,16,5cxv
Docking-44,500,89,10,full_map,19,5u09
Docking-44,500,89,10,full_map,21,6cm4
Docking-44,500,89,10,full_map,23,6kux
Docking-44,500,89,10,full_map,25,6pdj
Docking-44,500,89,10,full_map,30,7ljd
Docking-44,500,89,10,full_map,36,8fhs
Docking-44,500,89,10,full_map,38,8st0
Docking-44,500,89,10,full_map,40,8xvk
Docking-44,500,89,10,sample_map,13,4iar
Docking-44,500,89,10,sample_map,16,5cxv
Docking-44,500,89,10,sample_map,19,5u09
Docking-44,500,89,10,sample_map,20,5va1
Docking-44,500,89,10,sample_map,21,6cm4
Docking-44,500,89,10,sample_map,23,6kux
Docking-44,500,89,10,sample_map,25,6pdj
Docking-44,500,89,10,sample_map,26,6x3x
Docking-44,500,89,10,sample_map,36,8fhs
Docking-44,500,89,10,sample_map,39,8wty
Docking-44,500,90,6,full_map,4,2vt4
Docking-44,500,90,6,full_map,19,5u09
Docking-44,500,90,6,full_map,23,6kux
Docking-44,500,90,6,full_map,36,8fhs
Docking-44,500,90,6,full_map,38,8st0
Docking-44,500,90,6,full_map,40,8xvk
Docking-44,500,90,6,sample_map,13,4iar
Docking-44,500,90,6,sample_map,19,5u09
Docking-44,500,90,6,sample_map,25,6pdj
Docking-44,500,90,6,sample_map,36,8fhs
Docking-44,500,90,6,sample_map,38,8st0
Docking-44,500,90,6,sample_map,40,8xvk
Docking-44,500,90,8,full_map,4,2vt4
Docking-44,500,90,8,full_map,16,5cxv
Docking-44,500,90,8,full_map,19,5u09
Docking-44,500,90,8,full_map,23,6kux
Docking-44,500,90,8,full_map,34,8e9y
Docking-44,500,90,8,full_map,36,8fhs
Docking-44,500,90,8,full_map,38,8st0
Docking-44,500,90,8,full_map,40,8xvk
Docking-44,500,90,8,sample_map,13,4iar
Docking-44,500,90,8,sample_map,16,5cxv
Docking-44,500,90,8,sample_map,19,5u09
Docking-44,500,90,8,sample_map,20,5va1
Docking-44,500,90,8,sample_map,21,6cm4
Docking-44,500,90,8,sample_map,25,6pdj
Docking-44,500,90,8,sample_map,36,8fhs
Docking-44,500,90,8,sample_map,38,8st0
Docking-44,500,90,10,full_map,13,4iar
Docking-44,500,90,10,full_map,16,5cxv
Docking-44,500,90,10,full_map,19,5u09
Docking-44,500,90,10,full_map,21,6cm4
Docking-44,500,90,10,full_map,23,6kux
Docking-44,500,90,10,full_map,25,6pdj
Docking-44,500,90,10,full_map,30,7ljd
Docking-44,500,90,10,full_map,36,8fhs
Docking-44,500,90,10,full_map,38,8st0
Docking-44,500,90,10,full_map,40,8xvk
Docking-44,500,90,10,sample_map,13,4iar
Docking-44,500,90,10,sample_map,16,5cxv
Docking-44,500,90,10,sample_map,19,5u09
Docking-44,500,90,10,sample_map,20,5va1
Docking-44,500,90,10,sample_map,21,6cm4
Docking-44,500,90,10,sample_map,23,6kux
Docking-44,500,90,10,sample_map,25,6pdj
Docking-44,500,90,10,sample_map,27,6y1z
Docking-44,500,90,10,sample_map,36,8fhs
Docking-44,500,90,10,sample_map,38,8st0
Docking-44,500,91,6,full_map,4,2vt4
Docking-44,500,91,6,full_map,19,5u09
Docking-44,500,91,6,full_map,23,6kux
Docking-44,500,91,6,full_map,36,8fhs
Docking-44,500,91,6,full_map,38,8st0
Docking-44,500,91,6,full_map,40,8xvk
Docking-44,500,91,6,sample_map,13,4iar
Docking-44,500,91,6,sample_map,16,5cxv
Docking-44,500,91,6,sample_map,19,5u09
Docking-44,500,91,6,sample_map,36,8fhs
Docking-44,500,91,6,sample_map,38,8st0
Docking-44,500,91,6,sample_map,40,8xvk
Docking-44,500,91,8,full_map,4,2vt4
Docking-44,500,91,8,full_map,16,5cxv
Docking-44,500,91,8,full_map,19,5u09
Docking-44,500,91,8,full_map,23,6kux
Docking-44,500,91,8,full_map,34,8e9y
Docking-44,500,91,8,full_map,36,8fhs
Docking-44,500,91,8,full_map,38,8st0
Docking-44,500,91,8,full_map,40,8xvk
Docking-44,500,91,8,sample_map,4,2vt4
Docking-44,500,91,8,sample_map,13,4iar
Docking-44,500,91,8,sample_map,19,5u09
Docking-44,500,91,8,sample_map,21,6cm4
Docking-44,500,91,8,sample_map,30,7ljd
Docking-44,500,91,8,sample_map,36,8fhs
Docking-44,500,91,8,sample_map,38,8st0
Docking-44,500,91,8,sample_map,40,8xvk
Docking-44,500,91,10,full_map,13,4iar
Docking-44,500,91,10,full_map,16,5cxv
Docking-44,500,91,10,full_map,19,5u09
Docking-44,500,91,10,full_map,21,6cm4
Docking-44,500,91,10,full_map,23,6kux
Docking-44,500,91,10,full_map,25,6pdj
Docking-44,500,91,10,full_map,30,7ljd
Docking-44,500,91,10,full_map,36,8fhs
Docking-44,500,91,10,full_map,38,8st0
Docking-44,500,91,10,full_map,40,8xvk
Docking-44,500,91,10,sample_map,4,2vt4
Docking-44,500,91,10,sample_map,13,4iar
Docking-44,500,91,10,sample_map,16,5cxv
Docking-44,500,91,10,sample_map,19,5u09
Docking-44,500,91,10,sample_map,21,6cm4
Docking-44,500,91,10,sample_map,23,6kux
Docking-44,500,91,10,sample_map,30,7ljd
Docking-44,500,91,10,sample_map,36,8fhs
Docking-44,500,91,10,sample_map,38,8st0
Docking-44,500,91,10,sample_map,40,8xvk
Docking-44,500,92,6,full_map,4,2vt4
Docking-44,500,92,6,full_map,19,5u09
Docking-44,500,92,6,full_map,23,6kux
Docking-44,500,92,6,full_map,36,8fhs
Docking-44,500,92,6,full_map,38,8st0
Docking-44,500,92,6,full_map,40,8xvk
Docking-44,500,92,6,sample_map,4,2vt4
Docking-44,500,92,6,sample_map,23,6kux
Docking-44,500,92,6,sample_map,30,7ljd
Docking-44,500,92,6,sample_map,36,8fhs
Docking-44,500,92,6,sample_map,38,8st0
Docking-44,500,92,6,sample_map,40,8xvk
Docking-44,500,92,8,full_map,4,2vt4
Docking-44,500,92,8,full_map,16,5cxv
Docking-44,500,92,8,full_map,19,5u09
Docking-44,500,92,8,full_map,23,6kux
Docking-44,500,92,8,full_map,34,8e9y
Docking-44,500,92,8,full_map,36,8fhs
Docking-44,500,92,8,full_map,38,8st0
Docking-44,500,92,8,full_map,40,8xvk
Docking-44,500,92,8,sample_map,4,2vt4
Docking-44,500,92,8,sample_map,16,5cxv
Docking-44,500,92,8,sample_map,21,6cm4
Docking-44,500,92,8,sample_map,23,6kux
Docking-44,500,92,8,sample_map,30,7ljd
Docking-44,500,92,8,sample_map,36,8fhs
Docking-44,500,92,8,sample_map,38,8st0
Docking-44,500,92,8,sample_map,40,8xvk
Docking-44,500,92,10,full_map,13,4iar
Docking-44,500,92,10,full_map,16,5cxv
Docking-44,500,92,10,full_map,19,5u09
Docking-44,500,92,10,full_map,21,6cm4
Docking-44,500,92,10,full_map,23,6kux
Docking-44,500,92,10,full_map,25,6pdj
Docking-44,500,92,10,full_map,30,7ljd
Docking-44,500,92,10,full_map,36,8fhs
Docking-44,500,92,10,full_map,38,8st0
Docking-44,500,92,10,full_map,40,8xvk
Docking-44,500,92,10,sample_map,0,1m2z
Docking-44,500,92,10,sample_map,4,2vt4
Docking-44,500,92,10,sample_map,16,5cxv
Docking-44,500,92,10,sample_map,21,6cm4
Docking-44,500,92,10,sample_map,23,6kux
Docking-44,500,92,10,sample_map,27,6y1z
Docking-44,500,92,10,sample_map,30,7ljd
Docking-44,500,92,10,sample_map,36,8fhs
Docking-44,500,92,10,sample_map,38,8st0
Docking-44,500,92,10,sample_map,40,8xvk
Docking-44,500,93,6,full_map,4,2vt4
Docking-44,500,93,6,full_map,19,5u09
Docking-44,500,93,6,full_map,23,6kux
Docking-44,500,93,6,full_map,36,8fhs
Docking-44,500,93,6,full_map,38,8st0
Docking-44,500,93,6,full_map,40,8xvk
Docking-44,500,93,6,sample_map,0,1m2z
Docking-44,500,93,6,sample_map,17,5i71
Docking-44,500,93,6,sample_map,19,5u09
Docking-44,500,93,6,sample_map,23,6kux
Docking-44,500,93,6,sample_map,36,8fhs
Docking-44,500,93,6,sample_map,40,8xvk
Docking-44,500,93,8,full_map,4,2vt4
Docking-44,500,93,8,full_map,16,5cxv
Docking-44,500,93,8,full_map,19,5u09
Docking-44,500,93,8,full_map,23,6kux
Docking-44,500,93,8,full_map,34,8e9y
Docking-44,500,93,8,full_map,36,8fhs
Docking-44,500,93,8,full_map,38,8st0
Docking-44,500,93,8,full_map,40,8xvk
Docking-44,500,93,8,sample_map,0,1m2z
Docking-44,500,93,8,sample_map,8,3kk6
Docking-44,500,93,8,sample_map,16,5cxv
Docking-44,500,93,8,sample_map,17,5i71
Docking-44,500,93,8,sample_map,19,5u09
Docking-44,500,93,8,sample_map,20,5va1
Docking-44,500,93,8,sample_map,23,6kux
Docking-44,500,93,8,sample_map,36,8fhs
Docking-44,500,93,10,full_map,13,4iar
Docking-44,500,93,10,full_map,16,5cxv
Docking-44,500,93,10,full_map,19,5u09
Docking-44,500,93,10,full_map,21,6cm4
Docking-44,500,93,10,full_map,23,6kux
Docking-44,500,93,10,full_map,25,6pdj
Docking-44,500,93,10,full_map,30,7ljd
Docking-44,500,93,10,full_map,36,8fhs
Docking-44,500,93,10,full_map,38,8st0
Docking-44,500,93,10,full_map,40,8xvk
Docking-44,500,93,10,sample_map,13,4iar
Docking-44,500,93,10,sample_map,16,5cxv
Docking-44,500,93,10,sample_map,21,6cm4
Docking-44,500,93,10,sample_map,23,6kux
Docking-44,500,93,10,sample_map,25,6pdj
Docking-44,500,93,10,sample_map,30,7ljd
Docking-44,500,93,10,sample_map,36,8fhs
Docking-44,500,93,10,sample_map,38,8st0
Docking-44,500,93,10,sample_map,40,8xvk
Docking-44,500,93,10,sample_map,42,9eo4
Docking-44,500,94,6,full_map,4,2vt4
Docking-44,500,94,6,full_map,19,5u09
Docking-44,500,94,6,full_map,23,6kux
Docking-44,500,94,6,full_map,36,8fhs
Docking-44,500,94,6,full_map,38,8st0
Docking-44,500,94,6,full_map,40,8xvk
Docking-44,500,94,6,sample_map,16,5cxv
Docking-44,500,94,6,sample_map,17,5i71
Docking-44,500,94,6,sample_map,20,5va1
Docking-44,500,94,6,sample_map,34,8e9y
Docking-44,500,94,6,sample_map,39,8wty
Docking-44,500,94,6,sample_map,43,V1A
Docking-44,500,94,8,full_map,4,2vt4
Docking-44,500,94,8,full_map,16,5cxv
Docking-44,500,94,8,full_map,19,5u09
Docking-44,500,94,8,full_map,23,6kux
Docking-44,500,94,8,full_map,34,8e9y
Docking-44,500,94,8,full_map,36,8fhs
Docking-44,500,94,8,full_map,38,8st0
Docking-44,500,94,8,full_map,40,8xvk
Docking-44,500,94,8,sample_map,16,5cxv
Docking-44,500,94,8,sample_map,17,5i71
Docking-44,500,94,8,sample_map,20,5va1
Docking-44,500,94,8,sample_map,25,6pdj
Docking-44,500,94,8,sample_map,30,7ljd
Docking-44,500,94,8,sample_map,34,8e9y
Docking-44,500,94,8,sample_map,39,8wty
Docking-44,500,94,8,sample_map,43,V1A
Docking-44,500,94,10,full_map,13,4iar
Docking-44,500,94,10,full_map,16,5cxv
Docking-44,500,94,10,full_map,19,5u09
Docking-44,500,94,10,full_map,21,6cm4
Docking-44,500,94,10,full_map,23,6kux
Docking-44,500,94,10,full_map,25,6pdj
Docking-44,500,94,10,full_map,30,7ljd
Docking-44,500,94,10,full_map,36,8fhs
Docking-44,500,94,10,full_map,38,8st0
Docking-44,500,94,10,full_map,40,8xvk
Docking-44,500,94,10,sample_map,16,5cxv
Docking-44,500,94,10,sample_map,17,5i71
Docking-44,500,94,10,sample_map,19,5u09
Docking-44,500,94,10,sample_map,20,5va1
Docking-44,500,94,10,sample_map,23,6kux
Docking-44,500,94,10,sample_map,25,6pdj
Docking-44,500,94,10,sample_map,30,7ljd
Docking-44,500,94,10,sample_map,34,8e9y
Docking-44,500,94,10,sample_map,39,8wty
Docking-44,500,94,10,sample_map,43,V1A
Docking-44,500,95,6,full_map,4,2vt4
Docking-44,500,95,6,full_map,19,5u09
Docking-44,500,95,6,full_map,23,6kux
Docking-44,500,95,6,full_map,36,8fhs
Docking-44,500,95,6,full_map,38,8st0
Docking-44,500,95,6,full_map,40,8xvk
Docking-44,500,95,6,sample_map,4,2vt4
Docking-44,500,95,6,sample_map,22,6kpf
Docking-44,500,95,6,sample_map,34,8e9y
Docking-44,500,95,6,sample_map,36,8fhs
Docking-44,500,95,6,sample_map,38,8st0
Docking-44,500,95,6,sample_map,40,8xvk
Docking-44,500,95,8,full_map,4,2vt4
Docking-44,500,95,8,full_map,16,5cxv
Docking-44,500,95,8,full_map,19,5u09
Docking-44,500,95,8,full_map,23,6kux
Docking-44,500,95,8,full_map,34,8e9y
Docking-44,500,95,8,full_map,36,8fhs
Docking-44,500,95,8,full_map,38,8st0
Docking-44,500,95,8,full_map,40,8xvk
Docking-44,500,95,8,sample_map,4,2vt4
Docking-44,500,95,8,sample_map,20,5va1
Docking-44,500,95,8,sample_map,21,6cm4
Docking-44,500,95,8,sample_map,22,6kpf
Docking-44,500,95,8,sample_map,23,6kux
Docking-44,500,95,8,sample_map,27,6y1z
Docking-44,500,95,8,sample_map,36,8fhs
Docking-44,500,95,8,sample_map,38,8st0
Docking-44,500,95,10,full_map,13,4iar
Docking-44,500,95,10,full_map,16,5cxv
Docking-44,500,95,10,full_map,19,5u09
Docking-44,500,95,10,full_map,21,6cm4
Docking-44,500,95,10,full_map,23,6kux
Docking-44,500,95,10,full_map,25,6pdj
Docking-44,500,95,10,full_map,30,7ljd
Docking-44,500,95,10,full_map,36,8fhs
Docking-44,500,95,10,full_map,38,8st0
Docking-44,500,95,10,full_map,40,8xvk
Docking-44,500,95,10,sample_map,4,2vt4
Docking-44,500,95,10,sample_map,5,2ydo
Docking-44,500,95,10,sample_map,20,5va1
Docking-44,500,95,10,sample_map,21,6cm4
Docking-44,500,95,10,sample_map,22,6kpf
Docking-44,500,95,10,sample_map,23,6kux
Docking-44,500,95,10,sample_map,27,6y1z
Docking-44,500,95,10,sample_map,30,7ljd
Docking-44,500,95,10,sample_map,36,8fhs
Docking-44,500,95,10,sample_map,38,8st0
Docking-44,500,96,6,full_map,4,2vt4
Docking-44,500,96,6,full_map,19,5u09
Docking-44,500,96,6,full_map,23,6kux
Docking-44,500,96,6,full_map,36,8fhs
Docking-44,500,96,6,full_map,38,8st0
Docking-44,500,96,6,full_map,40,8xvk
Docking-44,500,96,6,sample_map,4,2vt4
Docking-44,500,96,6,sample_map,17,5i71
Docking-44,500,96,6,sample_map,19,5u09
Docking-44,500,96,6,sample_map,27,6y1z
Docking-44,500,96,6,sample_map,30,7ljd
Docking-44,500,96,6,sample_map,43,V1A
Docking-44,500,96,8,full_map,4,2vt4
Docking-44,500,96,8,full_map,16,5cxv
Docking-44,500,96,8,full_map,19,5u09
Docking-44,500,96,8,full_map,23,6kux
Docking-44,500,96,8,full_map,34,8e9y
Docking-44,500,96,8,full_map,36,8fhs
Docking-44,500,96,8,full_map,38,8st0
Docking-44,500,96,8,full_map,40,8xvk
Docking-44,500,96,8,sample_map,4,2vt4
Docking-44,500,96,8,sample_map,19,5u09
Docking-44,500,96,8,sample_map,27,6y1z
Docking-44,500,96,8,sample_map,30,7ljd
Docking-44,500,96,8,sample_map,34,8e9y
Docking-44,500,96,8,sample_map,36,8fhs
Docking-44,500,96,8,sample_map,38,8st0
Docking-44,500,96,8,sample_map,43,V1A
Docking-44,500,96,10,full_map,13,4iar
Docking-44,500,96,10,full_map,16,5cxv
Docking-44,500,96,10,full_map,19,5u09
Docking-44,500,96,10,full_map,21,6cm4
Docking-44,500,96,10,full_map,23,6kux
Docking-44,500,96,10,full_map,25,6pdj
Docking-44,500,96,10,full_map,30,7ljd
Docking-44,500,96,10,full_map,36,8fhs
Docking-44,500,96,10,full_map,38,8st0
Docking-44,500,96,10,full_map,40,8xvk
Docking-44,500,96,10,sample_map,4,2vt4
Docking-44,500,96,10,sample_map,16,5cxv
Docking-44,500,96,10,sample_map,19,5u09
Docking-44,500,96,10,sample_map,23,6kux
Docking-44,500,96,10,sample_map,27,6y1z
Docking-44,500,96,10,sample_map,30,7ljd
Docking-44,500,96,10,sample_map,34,8e9y
Docking-44,500,96,10,sample_map,36,8fhs
Docking-44,500,96,10,sample_map,38,8st0
Docking-44,500,96,10,sample_map,43,V1A
Docking-44,500,97,6,full_map,4,2vt4
Docking-44,500,97,6,full_map,19,5u09
Docking-44,500,97,6,full_map,23,6kux
Docking-44,500,97,6,full_map,36,8fhs
Docking-44,500,97,6,full_map,38,8st0
Docking-44,500,97,6,full_map,40,8xvk
Docking-44,500,97,6,sample_map,13,4iar
Docking-44,500,97,6,sample_map,16,5cxv
Docking-44,500,97,6,sample_map,20,5va1
Docking-44,500,97,6,sample_map,22,6kpf
Docking-44,500,97,6,sample_map,23,6kux
Docking-44,500,97,6,sample_map,36,8fhs
Docking-44,500,97,8,full_map,4,2vt4
Docking-44,500,97,8,full_map,16,5cxv
Docking-44,500,97,8,full_map,19,5u09
Docking-44,500,97,8,full_map,23,6kux
Docking-44,500,97,8,full_map,34,8e9y
Docking-44,500,97,8,full_map,36,8fhs
Docking-44,500,97,8,full_map,38,8st0
Docking-44,500,97,8,full_map,40,8xvk
Docking-44,500,97,8,sample_map,13,4iar
Docking-44,500,97,8,sample_map,16,5cxv
Docking-44,500,97,8,sample_map,19,5u09
Docking-44,500,97,8,sample_map,20,5va1
Docking-44,500,97,8,sample_map,23,6kux
Docking-44,500,97,8,sample_map,30,7ljd
Docking-44,500,97,8,sample_map,36,8fhs
Docking-44,500,97,8,sample_map,38,8st0
Docking-44,500,97,10,full_map,13,4iar
Docking-44,500,97,10,full_map,16,5cxv
Docking-44,500,97,10,full_map,19,5u09
Docking-44,500,97,10,full_map,21,6cm4
Docking-44,500,97,10,full_map,23,6kux
Docking-44,500,97,10,full_map,25,6pdj
Docking-44,500,97,10,full_map,30,7ljd
Docking-44,500,97,10,full_map,36,8fhs
Docking-44,500,97,10,full_map,38,8st0
Docking-44,500,97,10,full_map,40,8xvk
Docking-44,500,97,10,sample_map,5,2ydo
Docking-44,500,97,10,sample_map,13,4iar
Docking-44,500,97,10,sample_map,16,5cxv
Docking-44,500,97,10,sample_map,19,5u09
Docking-44,500,97,10,sample_map,20,5va1
Docking-44,500,97,10,sample_map,21,6cm4
Docking-44,500,97,10,sample_map,23,6kux
Docking-44,500,97,10,sample_map,30,7ljd
Docking-44,500,97,10,sample_map,36,8fhs
Docking-44,500,97,10,sample_map,38,8st0
Docking-44,500,98,6,full_map,4,2vt4
Docking-44,500,98,6,full_map,19,5u09
Docking-44,500,98,6,full_map,23,6kux
Docking-44,500,98,6,full_map,36,8fhs
Docking-44,500,98,6,full_map,38,8st0
Docking-44,500,98,6,full_map,40,8xvk
Docking-44,500,98,6,sample_map,13,4iar
Docking-44,500,98,6,sample_map,21,6cm4
Docking-44,500,98,6,sample_map,36,8fhs
Docking-44,500,98,6,sample_map,38,8st0
Docking-44,500,98,6,sample_map,40,8xvk
Docking-44,500,98,6,sample_map,42,9eo4
Docking-44,500,98,8,full_map,4,2vt4
Docking-44,500,98,8,full_map,16,5cxv
Docking-44,500,98,8,full_map,19,5u09
Docking-44,500,98,8,full_map,23,6kux
Docking-44,500,98,8,full_map,34,8e9y
Docking-44,500,98,8,full_map,36,8fhs
Docking-44,500,98,8,full_map,38,8st0
Docking-44,500,98,8,full_map,40,8xvk
Docking-44,500,98,8,sample_map,13,4iar
Docking-44,500,98,8,sample_map,16,5cxv
Docking-44,500,98,8,sample_map,19,5u09
Docking-44,500,98,8,sample_map,21,6cm4
Docking-44,500,98,8,sample_map,30,7ljd
Docking-44,500,98,8,sample_map,36,8fhs
Docking-44,500,98,8,sample_map,39,8wty
Docking-44,500,98,8,sample_map,40,8xvk
Docking-44,500,98,10,full_map,13,4iar
Docking-44,500,98,10,full_map,16,5cxv
Docking-44,500,98,10,full_map,19,5u09
Docking-44,500,98,10,full_map,21,6cm4
Docking-44,500,98,10,full_map,23,6kux
Docking-44,500,98,10,full_map,25,6pdj
Docking-44,500,98,10,full_map,30,7ljd
Docking-44,500,98,10,full_map,36,8fhs
Docking-44,500,98,10,full_map,38,8st0
Docking-44,500,98,10,full_map,40,8xvk
Docking-44,500,98,10,sample_map,13,4iar
Docking-44,500,98,10,sample_map,16,5cxv
Docking-44,500,98,10,sample_map,19,5u09
Docking-44,500,98,10,sample_map,20,5va1
Docking-44,500,98,10,sample_map,21,6cm4
Docking-44,500,98,10,sample_map,23,6kux
Docking-44,500,98,10,sample_map,30,7ljd
Docking-44,500,98,10,sample_map,31,7wc9
Docking-44,500,98,10,sample_map,36,8fhs
Docking-44,500,98,10,sample_map,39,8wty
Docking-44,500,99,6,full_map,4,2vt4
Docking-44,500,99,6,full_map,19,5u09
Docking-44,500,99,6,full_map,23,6kux
Docking-44,500,99,6,full_map,36,8fhs
Docking-44,500,99,6,full_map,38,8st0
Docking-44,500,99,6,full_map,40,8xvk
Docking-44,500,99,6,sample_map,9,3ln1
Docking-44,500,99,6,sample_map,16,5cxv
Docking-44,500,99,6,sample_map,17,5i71
Docking-44,500,99,6,sample_map,19,5u09
Docking-44,500,99,6,sample_map,40,8xvk
Docking-44,500,99,6,sample_map,43,V1A
Docking-44,500,99,8,full_map,4,2vt4
Docking-44,500,99,8,full_map,16,5cxv
Docking-44,500,99,8,full_map,19,5u09
Docking-44,500,99,8,full_map,23,6kux
Docking-44,500,99,8,full_map,34,8e9y
Docking-44,500,99,8,full_map,36,8fhs
Docking-44,500,99,8,full_map,38,8st0
Docking-44,500,99,8,full_map,40,8xvk
Docking-44,500,99,8,sample_map,9,3ln1
Docking-44,500,99,8,sample_map,16,5cxv
Docking-44,500,99,8,sample_map,17,5i71
Docking-44,500,99,8,sample_map,19,5u09
Docking-44,500,99,8,sample_map,23,6kux
Docking-44,500,99,8,sample_map,36,8fhs
Docking-44,500,99,8,sample_map,40,8xvk
Docking-44,500,99,8,sample_map,43,V1A
Docking-44,500,99,10,full_map,13,4iar
Docking-44,500,99,10,full_map,16,5cxv
Docking-44,500,99,10,full_map,19,5u09
Docking-44,500,99,10,full_map,21,6cm4
Docking-44,500,99,10,full_map,23,6kux
Docking-44,500,99,10,full_map,25,6pdj
Docking-44,500,99,10,full_map,30,7ljd
Docking-44,500,99,10,full_map,36,8fhs
Docking-44,500,99,10,full_map,38,8st0
Docking-44,500,99,10,full_map,40,8xvk
Docking-44,500,99,10,sample_map,9,3ln1
Docking-44,500,99,10,sample_map,16,5cxv
Docking-44,500,99,10,sample_map,17,5i71
Docking-44,500,99,10,sample_map,19,5u09
Docking-44,500,99,10,sample_map,21,6cm4
Docking-44,500,99,10,sample_map,23,6kux
Docking-44,500,99,10,sample_map,25,6pdj
Docking-44,500,99,10,sample_map,36,8fhs
Docking-44,500,99,10,sample_map,40,8xvk
Docking-44,500,99,10,sample_map,43,V1A
DOCKSTRING-58,200,0,6,full_map,6,MAOB
DOCKSTRING-58,200,0,6,full_map,7,CASP3
DOCKSTRING-58,200,0,6,full_map,20,PGR
DOCKSTRING-58,200,0,6,full_map,21,PTPN1
DOCKSTRING-58,200,0,6,full_map,31,LCK
DOCKSTRING-58,200,0,6,full_map,57,KDR
DOCKSTRING-58,200,0,6,sample_map,7,CASP3
DOCKSTRING-58,200,0,6,sample_map,8,DHFR
DOCKSTRING-58,200,0,6,sample_map,20,PGR
DOCKSTRING-58,200,0,6,sample_map,35,PPARA
DOCKSTRING-58,200,0,6,sample_map,55,THRB
DOCKSTRING-58,200,0,6,sample_map,57,KDR
DOCKSTRING-58,200,0,8,full_map,6,MAOB
DOCKSTRING-58,200,0,8,full_map,7,CASP3
DOCKSTRING-58,200,0,8,full_map,9,ESR2
DOCKSTRING-58,200,0,8,full_map,13,HSP90AA1
DOCKSTRING-58,200,0,8,full_map,20,PGR
DOCKSTRING-58,200,0,8,full_map,21,PTPN1
DOCKSTRING-58,200,0,8,full_map,31,LCK
DOCKSTRING-58,200,0,8,full_map,57,KDR
DOCKSTRING-58,200,0,8,sample_map,8,DHFR
DOCKSTRING-58,200,0,8,sample_map,9,ESR2
DOCKSTRING-58,200,0,8,sample_map,12,HMGCR
DOCKSTRING-58,200,0,8,sample_map,20,PGR
DOCKSTRING-58,200,0,8,sample_map,35,PPARA
DOCKSTRING-58,200,0,8,sample_map,55,THRB
DOCKSTRING-58,200,0,8,sample_map,56,F2
DOCKSTRING-58,200,0,8,sample_map,57,KDR
DOCKSTRING-58,200,0,10,full_map,6,MAOB
DOCKSTRING-58,200,0,10,full_map,7,CASP3
DOCKSTRING-58,200,0,10,full_map,9,ESR2
DOCKSTRING-58,200,0,10,full_map,13,HSP90AA1
DOCKSTRING-58,200,0,10,full_map,17,NOS1
DOCKSTRING-58,200,0,10,full_map,20,PGR
DOCKSTRING-58,200,0,10,full_map,21,PTPN1
DOCKSTRING-58,200,0,10,full_map,31,LCK
DOCKSTRING-58,200,0,10,full_map,33,MMP13
DOCKSTRING-58,200,0,10,full_map,57,KDR
DOCKSTRING-58,200,0,10,sample_map,8,DHFR
DOCKSTRING-58,200,0,10,sample_map,9,ESR2
DOCKSTRING-58,200,0,10,sample_map,12,HMGCR
DOCKSTRING-58,200,0,10,sample_map,13,HSP90AA1
DOCKSTRING-58,200,0,10,sample_map,20,PGR
DOCKSTRING-58,200,0,10,sample_map,21,PTPN1
DOCKSTRING-58,200,0,10,sample_map,35,PPARA
DOCKSTRING-58,200,0,10,sample_map,55,THRB
DOCKSTRING-58,200,0,10,sample_map,56,F2
DOCKSTRING-58,200,0,10,sample_map,57,KDR
DOCKSTRING-58,200,1,6,full_map,6,MAOB
DOCKSTRING-58,200,1,6,full_map,7,CASP3
DOCKSTRING-58,200,1,6,full_map,20,PGR
DOCKSTRING-58,200,1,6,full_map,21,PTPN1
DOCKSTRING-58,200,1,6,full_map,31,LCK
DOCKSTRING-58,200,1,6,full_map,57,KDR
DOCKSTRING-58,200,1,6,sample_map,6,MAOB
DOCKSTRING-58,200,1,6,sample_map,7,CASP3
DOCKSTRING-58,200,1,6,sample_map,9,ESR2
DOCKSTRING-58,200,1,6,sample_map,20,PGR
DOCKSTRING-58,200,1,6,sample_map,54,SRC
DOCKSTRING-58,200,1,6,sample_map,57,KDR
DOCKSTRING-58,200,1,8,full_map,6,MAOB
DOCKSTRING-58,200,1,8,full_map,7,CASP3
DOCKSTRING-58,200,1,8,full_map,9,ESR2
DOCKSTRING-58,200,1,8,full_map,13,HSP90AA1
DOCKSTRING-58,200,1,8,full_map,20,PGR
DOCKSTRING-58,200,1,8,full_map,21,PTPN1
DOCKSTRING-58,200,1,8,full_map,31,LCK
DOCKSTRING-58,200,1,8,full_map,57,KDR
DOCKSTRING-58,200,1,8,sample_map,6,MAOB
DOCKSTRING-58,200,1,8,sample_map,7,CASP3
DOCKSTRING-58,200,1,8,sample_map,9,ESR2
DOCKSTRING-58,200,1,8,sample_map,20,PGR
DOCKSTRING-58,200,1,8,sample_map,33,MMP13
DOCKSTRING-58,200,1,8,sample_map,39,ACHE
DOCKSTRING-58,200,1,8,sample_map,54,SRC
DOCKSTRING-58,200,1,8,sample_map,57,KDR
DOCKSTRING-58,200,1,10,full_map,6,MAOB
DOCKSTRING-58,200,1,10,full_map,7,CASP3
DOCKSTRING-58,200,1,10,full_map,9,ESR2
DOCKSTRING-58,200,1,10,full_map,13,HSP90AA1
DOCKSTRING-58,200,1,10,full_map,17,NOS1
DOCKSTRING-58,200,1,10,full_map,20,PGR
DOCKSTRING-58,200,1,10,full_map,21,PTPN1
DOCKSTRING-58,200,1,10,full_map,31,LCK
DOCKSTRING-58,200,1,10,full_map,33,MMP13
DOCKSTRING-58,200,1,10,full_map,57,KDR
DOCKSTRING-58,200,1,10,sample_map,6,MAOB
DOCKSTRING-58,200,1,10,sample_map,7,CASP3
DOCKSTRING-58,200,1,10,sample_map,9,ESR2
DOCKSTRING-58,200,1,10,sample_map,20,PGR
DOCKSTRING-58,200,1,10,sample_map,26,CSF1R
DOCKSTRING-58,200,1,10,sample_map,33,MMP13
DOCKSTRING-58,200,1,10,sample_map,36,PPARG
DOCKSTRING-58,200,1,10,sample_map,39,ACHE
DOCKSTRING-58,200,1,10,sample_map,54,SRC
DOCKSTRING-58,200,1,10,sample_map,57,KDR
DOCKSTRING-58,200,2,6,full_map,6,MAOB
DOCKSTRING-58,200,2,6,full_map,7,CASP3
DOCKSTRING-58,200,2,6,full_map,20,PGR
DOCKSTRING-58,200,2,6,full_map,21,PTPN1
DOCKSTRING-58,200,2,6,full_map,31,LCK
DOCKSTRING-58,200,2,6,full_map,57,KDR
DOCKSTRING-58,200,2,6,sample_map,4,ADRB2
DOCKSTRING-58,200,2,6,sample_map,7,CASP3
DOCKSTRING-58,200,2,6,sample_map,9,ESR2
DOCKSTRING-58,200,2,6,sample_map,11,FGFR1
DOCKSTRING-58,200,2,6,sample_map,20,PGR
DOCKSTRING-58,200,2,6,sample_map,55,THRB
DOCKSTRING-58,200,2,8,full_map,6,MAOB
DOCKSTRING-58,200,2,8,full_map,7,CASP3
DOCKSTRING-58,200,2,8,full_map,9,ESR2
DOCKSTRING-58,200,2,8,full_map,13,HSP90AA1
DOCKSTRING-58,200,2,8,full_map,20,PGR
DOCKSTRING-58,200,2,8,full_map,21,PTPN1
DOCKSTRING-58,200,2,8,full_map,31,LCK
DOCKSTRING-58,200,2,8,full_map,57,KDR
DOCKSTRING-58,200,2,8,sample_map,4,ADRB2
DOCKSTRING-58,200,2,8,sample_map,7,CASP3
DOCKSTRING-58,200,2,8,sample_map,9,ESR2
DOCKSTRING-58,200,2,8,sample_map,11,FGFR1
DOCKSTRING-58,200,2,8,sample_map,17,NOS1
DOCKSTRING-58,200,2,8,sample_map,24,AR
DOCKSTRING-58,200,2,8,sample_map,55,THRB
DOCKSTRING-58,200,2,8,sample_map,56,F2
DOCKSTRING-58,200,2,10,full_map,6,MAOB
DOCKSTRING-58,200,2,10,full_map,7,CASP3
DOCKSTRING-58,200,2,10,full_map,9,ESR2
DOCKSTRING-58,200,2,10,full_map,13,HSP90AA1
DOCKSTRING-58,200,2,10,full_map,17,NOS1
DOCKSTRING-58,200,2,10,full_map,20,PGR
DOCKSTRING-58,200,2,10,full_map,21,PTPN1
DOCKSTRING-58,200,2,10,full_map,31,LCK
DOCKSTRING-58,200,2,10,full_map,33,MMP13
DOCKSTRING-58,200,2,10,full_map,57,KDR
DOCKSTRING-58,200,2,10,sample_map,4,ADRB2
DOCKSTRING-58,200,2,10,sample_map,7,CASP3
DOCKSTRING-58,200,2,10,sample_map,9,ESR2
DOCKSTRING-58,200,2,10,sample_map,11,FGFR1
DOCKSTRING-58,200,2,10,sample_map,17,NOS1
DOCKSTRING-58,200,2,10,sample_map,24,AR
DOCKSTRING-58,200,2,10,sample_map,26,CSF1R
DOCKSTRING-58,200,2,10,sample_map,53,PLK1
DOCKSTRING-58,200,2,10,sample_map,55,THRB
DOCKSTRING-58,200,2,10,sample_map,56,F2
DOCKSTRING-58,200,3,6,full_map,6,MAOB
DOCKSTRING-58,200,3,6,full_map,7,CASP3
DOCKSTRING-58,200,3,6,full_map,20,PGR
DOCKSTRING-58,200,3,6,full_map,21,PTPN1
DOCKSTRING-58,200,3,6,full_map,31,LCK
DOCKSTRING-58,200,3,6,full_map,57,KDR
DOCKSTRING-58,200,3,6,sample_map,1,ABL1
DOCKSTRING-58,200,3,6,sample_map,7,CASP3
DOCKSTRING-58,200,3,6,sample_map,24,AR
DOCKSTRING-58,200,3,6,sample_map,26,CSF1R
DOCKSTRING-58,200,3,6,sample_map,38,ADORA2A
DOCKSTRING-58,200,3,6,sample_map,55,THRB
DOCKSTRING-58,200,3,8,full_map,6,MAOB
DOCKSTRING-58,200,3,8,full_map,7,CASP3
DOCKSTRING-58,200,3,8,full_map,9,ESR2
DOCKSTRING-58,200,3,8,full_map,13,HSP90AA1
DOCKSTRING-58,200,3,8,full_map,20,PGR
DOCKSTRING-58,200,3,8,full_map,21,PTPN1
DOCKSTRING-58,200,3,8,full_map,31,LCK
DOCKSTRING-58,200,3,8,full_map,57,KDR
DOCKSTRING-58,200,3,8,sample_map,1,ABL1
DOCKSTRING-58,200,3,8,sample_map,4,ADRB2
DOCKSTRING-58,200,3,8,sample_map,7,CASP3
DOCKSTRING-58,200,3,8,sample_map,9,ESR2
DOCKSTRING-58,200,3,8,sample_map,13,HSP90AA1
DOCKSTRING-58,200,3,8,sample_map,20,PGR
DOCKSTRING-58,200,3,8,sample_map,38,ADORA2A
DOCKSTRING-58,200,3,8,sample_map,55,THRB
DOCKSTRING-58,200,3,10,full_map,6,MAOB
DOCKSTRING-58,200,3,10,full_map,7,CASP3
DOCKSTRING-58,200,3,10,full_map,9,ESR2
DOCKSTRING-58,200,3,10,full_map,13,HSP90AA1
DOCKSTRING-58,200,3,10,full_map,17,NOS1
DOCKSTRING-58,200,3,10,full_map,20,PGR
DOCKSTRING-58,200,3,10,full_map,21,PTPN1
DOCKSTRING-58,200,3,10,full_map,31,LCK
DOCKSTRING-58,200,3,10,full_map,33,MMP13
DOCKSTRING-58,200,3,10,full_map,57,KDR
DOCKSTRING-58,200,3,10,sample_map,1,ABL1
DOCKSTRING-58,200,3,10,sample_map,7,CASP3
DOCKSTRING-58,200,3,10,sample_map,9,ESR2
DOCKSTRING-58,200,3,10,sample_map,13,HSP90AA1
DOCKSTRING-58,200,3,10,sample_map,21,PTPN1
DOCKSTRING-58,200,3,10,sample_map,24,AR
DOCKSTRING-58,200,3,10,sample_map,35,PPARA
DOCKSTRING-58,200,3,10,sample_map,36,PPARG
DOCKSTRING-58,200,3,10,sample_map,38,ADORA2A
DOCKSTRING-58,200,3,10,sample_map,55,THRB
DOCKSTRING-58,200,4,6,full_map,6,MAOB
DOCKSTRING-58,200,4,6,full_map,7,CASP3
DOCKSTRING-58,200,4,6,full_map,20,PGR
DOCKSTRING-58,200,4,6,full_map,21,PTPN1
DOCKSTRING-58,200,4,6,full_map,31,LCK
DOCKSTRING-58,200,4,6,full_map,57,KDR
DOCKSTRING-58,200,4,6,sample_map,7,CASP3
DOCKSTRING-58,200,4,6,sample_map,11,FGFR1
DOCKSTRING-58,200,4,6,sample_map,20,PGR
DOCKSTRING-58,200,4,6,sample_map,31,LCK
DOCKSTRING-58,200,4,6,sample_map,38,ADORA2A
DOCKSTRING-58,200,4,6,sample_map,43,CYP3A4
DOCKSTRING-58,200,4,8,full_map,6,MAOB
DOCKSTRING-58,200,4,8,full_map,7,CASP3
DOCKSTRING-58,200,4,8,full_map,9,ESR2
DOCKSTRING-58,200,4,8,full_map,13,HSP90AA1
DOCKSTRING-58,200,4,8,full_map,20,PGR
DOCKSTRING-58,200,4,8,full_map,21,PTPN1
DOCKSTRING-58,200,4,8,full_map,31,LCK
DOCKSTRING-58,200,4,8,full_map,57,KDR
DOCKSTRING-58,200,4,8,sample_map,7,CASP3
DOCKSTRING-58,200,4,8,sample_map,13,HSP90AA1
DOCKSTRING-58,200,4,8,sample_map,14,KIT
DOCKSTRING-58,200,4,8,sample_map,19,PDE5A
DOCKSTRING-58,200,4,8,sample_map,20,PGR
DOCKSTRING-58,200,4,8,sample_map,25,CDK2
DOCKSTRING-58,200,4,8,sample_map,31,LCK
DOCKSTRING-58,200,4,8,sample_map,43,CYP3A4
DOCKSTRING-58,200,4,10,full_map,6,MAOB
DOCKSTRING-58,200,4,10,full_map,7,CASP3
DOCKSTRING-58,200,4,10,full_map,9,ESR2
DOCKSTRING-58,200,4,10,full_map,13,HSP90AA1
DOCKSTRING-58,200,4,10,full_map,17,NOS1
DOCKSTRING-58,200,4,10,full_map,20,PGR
DOCKSTRING-58,200,4,10,full_map,21,PTPN1
DOCKSTRING-58,200,4,10,full_map,31,LCK
DOCKSTRING-58,200,4,10,full_map,33,MMP13
DOCKSTRING-58,200,4,10,full_map,57,KDR
DOCKSTRING-58,200,4,10,sample_map,4,ADRB2
DOCKSTRING-58,200,4,10,sample_map,7,CASP3
DOCKSTRING-58,200,4,10,sample_map,11,FGFR1
DOCKSTRING-58,200,4,10,sample_map,13,HSP90AA1
DOCKSTRING-58,200,4,10,sample_map,19,PDE5A
DOCKSTRING-58,200,4,10,sample_map,20,PGR
DOCKSTRING-58,200,4,10,sample_map,25,CDK2
DOCKSTRING-58,200,4,10,sample_map,26,CSF1R
DOCKSTRING-58,200,4,10,sample_map,31,LCK
DOCKSTRING-58,200,4,10,sample_map,43,CYP3A4
DOCKSTRING-58,200,5,6,full_map,6,MAOB
DOCKSTRING-58,200,5,6,full_map,7,CASP3
DOCKSTRING-58,200,5,6,full_map,20,PGR
DOCKSTRING-58,200,5,6,full_map,21,PTPN1
DOCKSTRING-58,200,5,6,full_map,31,LCK
DOCKSTRING-58,200,5,6,full_map,57,KDR
DOCKSTRING-58,200,5,6,sample_map,6,MAOB
DOCKSTRING-58,200,5,6,sample_map,7,CASP3
DOCKSTRING-58,200,5,6,sample_map,20,PGR
DOCKSTRING-58,200,5,6,sample_map,39,ACHE
DOCKSTRING-58,200,5,6,sample_map,43,CYP3A4
DOCKSTRING-58,200,5,6,sample_map,57,KDR
DOCKSTRING-58,200,5,8,full_map,6,MAOB
DOCKSTRING-58,200,5,8,full_map,7,CASP3
DOCKSTRING-58,200,5,8,full_map,9,ESR2
DOCKSTRING-58,200,5,8,full_map,13,HSP90AA1
DOCKSTRING-58,200,5,8,full_map,20,PGR
DOCKSTRING-58,200,5,8,full_map,21,PTPN1
DOCKSTRING-58,200,5,8,full_map,31,LCK
DOCKSTRING-58,200,5,8,full_map,57,KDR
DOCKSTRING-58,200,5,8,sample_map,6,MAOB
DOCKSTRING-58,200,5,8,sample_map,7,CASP3
DOCKSTRING-58,200,5,8,sample_map,20,PGR
DOCKSTRING-58,200,5,8,sample_map,21,PTPN1
DOCKSTRING-58,200,5,8,sample_map,39,ACHE
DOCKSTRING-58,200,5,8,sample_map,43,CYP3A4
DOCKSTRING-58,200,5,8,sample_map,44,HSD11B1
DOCKSTRING-58,200,5,8,sample_map,57,KDR
DOCKSTRING-58,200,5,10,full_map,6,MAOB
DOCKSTRING-58,200,5,10,full_map,7,CASP3
DOCKSTRING-58,200,5,10,full_map,9,ESR2
DOCKSTRING-58,200,5,10,full_map,13,HSP90AA1
DOCKSTRING-58,200,5,10,full_map,17,NOS1
DOCKSTRING-58,200,5,10,full_map,20,PGR
DOCKSTRING-58,200,5,10,full_map,21,PTPN1
DOCKSTRING-58,200,5,10,full_map,31,LCK
DOCKSTRING-58,200,5,10,full_map,33,MMP13
DOCKSTRING-58,200,5,10,full_map,57,KDR
DOCKSTRING-58,200,5,10,sample_map,0,PPARD
DOCKSTRING-58,200,5,10,sample_map,6,MAOB
DOCKSTRING-58,200,5,10,sample_map,7,CASP3
DOCKSTRING-58,200,5,10,sample_map,14,KIT
DOCKSTRING-58,200,5,10,sample_map,18,PARP1
DOCKSTRING-58,200,5,10,sample_map,20,PGR
DOCKSTRING-58,200,5,10,sample_map,21,PTPN1
DOCKSTRING-58,200,5,10,sample_map,39,ACHE
DOCKSTRING-58,200,5,10,sample_map,44,HSD11B1
DOCKSTRING-58,200,5,10,sample_map,57,KDR
DOCKSTRING-58,200,6,6,full_map,6,MAOB
DOCKSTRING-58,200,6,6,full_map,7,CASP3
DOCKSTRING-58,200,6,6,full_map,20,PGR
DOCKSTRING-58,200,6,6,full_map,21,PTPN1
DOCKSTRING-58,200,6,6,full_map,31,LCK
DOCKSTRING-58,200,6,6,full_map,57,KDR
DOCKSTRING-58,200,6,6,sample_map,14,KIT
DOCKSTRING-58,200,6,6,sample_map,20,PGR
DOCKSTRING-58,200,6,6,sample_map,23,AKT1
DOCKSTRING-58,200,6,6,sample_map,30,JAK2
DOCKSTRING-58,200,6,6,sample_map,31,LCK
DOCKSTRING-58,200,6,6,sample_map,57,KDR
DOCKSTRING-58,200,6,8,full_map,6,MAOB
DOCKSTRING-58,200,6,8,full_map,7,CASP3
DOCKSTRING-58,200,6,8,full_map,9,ESR2
DOCKSTRING-58,200,6,8,full_map,13,HSP90AA1
DOCKSTRING-58,200,6,8,full_map,20,PGR
DOCKSTRING-58,200,6,8,full_map,21,PTPN1
DOCKSTRING-58,200,6,8,full_map,31,LCK
DOCKSTRING-58,200,6,8,full_map,57,KDR
DOCKSTRING-58,200,6,8,sample_map,10,PTK2
DOCKSTRING-58,200,6,8,sample_map,14,KIT
DOCKSTRING-58,200,6,8,sample_map,20,PGR
DOCKSTRING-58,200,6,8,sample_map,23,AKT1
DOCKSTRING-58,200,6,8,sample_map,31,LCK
DOCKSTRING-58,200,6,8,sample_map,33,MMP13
DOCKSTRING-58,200,6,8,sample_map,41,CA2
DOCKSTRING-58,200,6,8,sample_map,53,PLK1
DOCKSTRING-58,200,6,10,full_map,6,MAOB
DOCKSTRING-58,200,6,10,full_map,7,CASP3
DOCKSTRING-58,200,6,10,full_map,9,ESR2
DOCKSTRING-58,200,6,10,full_map,13,HSP90AA1
DOCKSTRING-58,200,6,10,full_map,17,NOS1
DOCKSTRING-58,200,6,10,full_map,20,PGR
DOCKSTRING-58,200,6,10,full_map,21,PTPN1
DOCKSTRING-58,200,6,10,full_map,31,LCK
DOCKSTRING-58,200,6,10,full_map,33,MMP13
DOCKSTRING-58,200,6,10,full_map,57,KDR
DOCKSTRING-58,200,6,10,sample_map,10,PTK2
DOCKSTRING-58,200,6,10,sample_map,14,KIT
DOCKSTRING-58,200,6,10,sample_map,19,PDE5A
DOCKSTRING-58,200,6,10,sample_map,20,PGR
DOCKSTRING-58,200,6,10,sample_map,23,AKT1
DOCKSTRING-58,200,6,10,sample_map,27,ESR1
DOCKSTRING-58,200,6,10,sample_map,31,LCK
DOCKSTRING-58,200,6,10,sample_map,33,MMP13
DOCKSTRING-58,200,6,10,sample_map,41,CA2
DOCKSTRING-58,200,6,10,sample_map,53,PLK1
DOCKSTRING-58,200,7,6,full_map,6,MAOB
DOCKSTRING-58,200,7,6,full_map,7,CASP3
DOCKSTRING-58,200,7,6,full_map,20,PGR
DOCKSTRING-58,200,7,6,full_map,21,PTPN1
DOCKSTRING-58,200,7,6,full_map,31,LCK
DOCKSTRING-58,200,7,6,full_map,57,KDR
DOCKSTRING-58,200,7,6,sample_map,6,MAOB
DOCKSTRING-58,200,7,6,sample_map,7,CASP3
DOCKSTRING-58,200,7,6,sample_map,20,PGR
DOCKSTRING-58,200,7,6,sample_map,33,MMP13
DOCKSTRING-58,200,7,6,sample_map,38,ADORA2A
DOCKSTRING-58,200,7,6,sample_map,57,KDR
DOCKSTRING-58,200,7,8,full_map,6,MAOB
DOCKSTRING-58,200,7,8,full_map,7,CASP3
DOCKSTRING-58,200,7,8,full_map,9,ESR2
DOCKSTRING-58,200,7,8,full_map,13,HSP90AA1
DOCKSTRING-58,200,7,8,full_map,20,PGR
DOCKSTRING-58,200,7,8,full_map,21,PTPN1
DOCKSTRING-58,200,7,8,full_map,31,LCK
DOCKSTRING-58,200,7,8,full_map,57,KDR
DOCKSTRING-58,200,7,8,sample_map,6,MAOB
DOCKSTRING-58,200,7,8,sample_map,7,CASP3
DOCKSTRING-58,200,7,8,sample_map,20,PGR
DOCKSTRING-58,200,7,8,sample_map,21,PTPN1
DOCKSTRING-58,200,7,8,sample_map,33,MMP13
DOCKSTRING-58,200,7,8,sample_map,38,ADORA2A
DOCKSTRING-58,200,7,8,sample_map,51,MAPK1
DOCKSTRING-58,200,7,8,sample_map,57,KDR
DOCKSTRING-58,200,7,10,full_map,6,MAOB
DOCKSTRING-58,200,7,10,full_map,7,CASP3
DOCKSTRING-58,200,7,10,full_map,9,ESR2
DOCKSTRING-58,200,7,10,full_map,13,HSP90AA1
DOCKSTRING-58,200,7,10,full_map,17,NOS1
DOCKSTRING-58,200,7,10,full_map,20,PGR
DOCKSTRING-58,200,7,10,full_map,21,PTPN1
DOCKSTRING-58,200,7,10,full_map,31,LCK
DOCKSTRING-58,200,7,10,full_map,33,MMP13
DOCKSTRING-58,200,7,10,full_map,57,KDR
DOCKSTRING-58,200,7,10,sample_map,6,MAOB
DOCKSTRING-58,200,7,10,sample_map,7,CASP3
DOCKSTRING-58,200,7,10,sample_map,20,PGR
DOCKSTRING-58,200,7,10,sample_map,21,PTPN1
DOCKSTRING-58,200,7,10,sample_map,31,LCK
DOCKSTRING-58,200,7,10,sample_map,33,MMP13
DOCKSTRING-58,200,7,10,sample_map,36,PPARG
DOCKSTRING-58,200,7,10,sample_map,38,ADORA2A
DOCKSTRING-58,200,7,10,sample_map,51,MAPK1
DOCKSTRING-58,200,7,10,sample_map,57,KDR
DOCKSTRING-58,200,8,6,full_map,6,MAOB
DOCKSTRING-58,200,8,6,full_map,7,CASP3
DOCKSTRING-58,200,8,6,full_map,20,PGR
DOCKSTRING-58,200,8,6,full_map,21,PTPN1
DOCKSTRING-58,200,8,6,full_map,31,LCK
DOCKSTRING-58,200,8,6,full_map,57,KDR
DOCKSTRING-58,200,8,6,sample_map,6,MAOB
DOCKSTRING-58,200,8,6,sample_map,20,PGR
DOCKSTRING-58,200,8,6,sample_map,31,LCK
DOCKSTRING-58,200,8,6,sample_map,33,MMP13
DOCKSTRING-58,200,8,6,sample_map,38,ADORA2A
DOCKSTRING-58,200,8,6,sample_map,57,KDR
DOCKSTRING-58,200,8,8,full_map,6,MAOB
DOCKSTRING-58,200,8,8,full_map,7,CASP3
DOCKSTRING-58,200,8,8,full_map,9,ESR2
DOCKSTRING-58,200,8,8,full_map,13,HSP90AA1
DOCKSTRING-58,200,8,8,full_map,20,PGR
DOCKSTRING-58,200,8,8,full_map,21,PTPN1
DOCKSTRING-58,200,8,8,full_map,31,LCK
DOCKSTRING-58,200,8,8,full_map,57,KDR
DOCKSTRING-58,200,8,8,sample_map,6,MAOB
DOCKSTRING-58,200,8,8,sample_map,20,PGR
DOCKSTRING-58,200,8,8,sample_map,30,JAK2
DOCKSTRING-58,200,8,8,sample_map,31,LCK
DOCKSTRING-58,200,8,8,sample_map,33,MMP13
DOCKSTRING-58,200,8,8,sample_map,34,PTGS2
DOCKSTRING-58,200,8,8,sample_map,56,F2
DOCKSTRING-58,200,8,8,sample_map,57,KDR
DOCKSTRING-58,200,8,10,full_map,6,MAOB
DOCKSTRING-58,200,8,10,full_map,7,CASP3
DOCKSTRING-58,200,8,10,full_map,9,ESR2
DOCKSTRING-58,200,8,10,full_map,13,HSP90AA1
DOCKSTRING-58,200,8,10,full_map,17,NOS1
DOCKSTRING-58,200,8,10,full_map,20,PGR
DOCKSTRING-58,200,8,10,full_map,21,PTPN1
DOCKSTRING-58,200,8,10,full_map,31,LCK
DOCKSTRING-58,200,8,10,full_map,33,MMP13
DOCKSTRING-58,200,8,10,full_map,57,KDR
DOCKSTRING-58,200,8,10,sample_map,6,MAOB
DOCKSTRING-58,200,8,10,sample_map,20,PGR
DOCKSTRING-58,200,8,10,sample_map,21,PTPN1
DOCKSTRING-58,200,8,10,sample_map,27,ESR1
DOCKSTRING-58,200,8,10,sample_map,31,LCK
DOCKSTRING-58,200,8,10,sample_map,33,MMP13
DOCKSTRING-58,200,8,10,sample_map,34,PTGS2
DOCKSTRING-58,200,8,10,sample_map,38,ADORA2A
DOCKSTRING-58,200,8,10,sample_map,41,CA2
DOCKSTRING-58,200,8,10,sample_map,57,KDR
DOCKSTRING-58,200,9,6,full_map,6,MAOB
DOCKSTRING-58,200,9,6,full_map,7,CASP3
DOCKSTRING-58,200,9,6,full_map,20,PGR
DOCKSTRING-58,200,9,6,full_map,21,PTPN1
DOCKSTRING-58,200,9,6,full_map,31,LCK
DOCKSTRING-58,200,9,6,full_map,57,KDR
DOCKSTRING-58,200,9,6,sample_map,11,FGFR1
DOCKSTRING-58,200,9,6,sample_map,20,PGR
DOCKSTRING-58,200,9,6,sample_map,39,ACHE
DOCKSTRING-58,200,9,6,sample_map,40,BACE1
DOCKSTRING-58,200,9,6,sample_map,43,CYP3A4
DOCKSTRING-58,200,9,6,sample_map,55,THRB
DOCKSTRING-58,200,9,8,full_map,6,MAOB
DOCKSTRING-58,200,9,8,full_map,7,CASP3
DOCKSTRING-58,200,9,8,full_map,9,ESR2
DOCKSTRING-58,200,9,8,full_map,13,HSP90AA1
DOCKSTRING-58,200,9,8,full_map,20,PGR
DOCKSTRING-58,200,9,8,full_map,21,PTPN1
DOCKSTRING-58,200,9,8,full_map,31,LCK
DOCKSTRING-58,200,9,8,full_map,57,KDR
DOCKSTRING-58,200,9,8,sample_map,11,FGFR1
DOCKSTRING-58,200,9,8,sample_map,17,NOS1
DOCKSTRING-58,200,9,8,sample_map,20,PGR
DOCKSTRING-58,200,9,8,sample_map,29,IGF1R
DOCKSTRING-58,200,9,8,sample_map,40,BACE1
DOCKSTRING-58,200,9,8,sample_map,43,CYP3A4
DOCKSTRING-58,200,9,8,sample_map,52,MAPK14
DOCKSTRING-58,200,9,8,sample_map,55,THRB
DOCKSTRING-58,200,9,10,full_map,6,MAOB
DOCKSTRING-58,200,9,10,full_map,7,CASP3
DOCKSTRING-58,200,9,10,full_map,9,ESR2
DOCKSTRING-58,200,9,10,full_map,13,HSP90AA1
DOCKSTRING-58,200,9,10,full_map,17,NOS1
DOCKSTRING-58,200,9,10,full_map,20,PGR
DOCKSTRING-58,200,9,10,full_map,21,PTPN1
DOCKSTRING-58,200,9,10,full_map,31,LCK
DOCKSTRING-58,200,9,10,full_map,33,MMP13
DOCKSTRING-58,200,9,10,full_map,57,KDR
DOCKSTRING-58,200,9,10,sample_map,11,FGFR1
DOCKSTRING-58,200,9,10,sample_map,17,NOS1
DOCKSTRING-58,200,9,10,sample_map,20,PGR
DOCKSTRING-58,200,9,10,sample_map,27,ESR1
DOCKSTRING-58,200,9,10,sample_map,29,IGF1R
DOCKSTRING-58,200,9,10,sample_map,40,BACE1
DOCKSTRING-58,200,9,10,sample_map,43,CYP3A4
DOCKSTRING-58,200,9,10,sample_map,47,DRD3
DOCKSTRING-58,200,9,10,sample_map,52,MAPK14
DOCKSTRING-58,200,9,10,sample_map,55,THRB
DOCKSTRING-58,200,10,6,full_map,6,MAOB
DOCKSTRING-58,200,10,6,full_map,7,CASP3
DOCKSTRING-58,200,10,6,full_map,20,PGR
DOCKSTRING-58,200,10,6,full_map,21,PTPN1
DOCKSTRING-58,200,10,6,full_map,31,LCK
DOCKSTRING-58,200,10,6,full_map,57,KDR
DOCKSTRING-58,200,10,6,sample_map,1,ABL1
DOCKSTRING-58,200,10,6,sample_map,19,PDE5A
DOCKSTRING-58,200,10,6,sample_map,20,PGR
DOCKSTRING-58,200,10,6,sample_map,39,ACHE
DOCKSTRING-58,200,10,6,sample_map,43,CYP3A4
DOCKSTRING-58,200,10,6,sample_map,54,SRC
DOCKSTRING-58,200,10,8,full_map,6,MAOB
DOCKSTRING-58,200,10,8,full_map,7,CASP3
DOCKSTRING-58,200,10,8,full_map,9,ESR2
DOCKSTRING-58,200,10,8,full_map,13,HSP90AA1
DOCKSTRING-58,200,10,8,full_map,20,PGR
DOCKSTRING-58,200,10,8,full_map,21,PTPN1
DOCKSTRING-58,200,10,8,full_map,31,LCK
DOCKSTRING-58,200,10,8,full_map,57,KDR
DOCKSTRING-58,200,10,8,sample_map,1,ABL1
DOCKSTRING-58,200,10,8,sample_map,13,HSP90AA1
DOCKSTRING-58,200,10,8,sample_map,17,NOS1
DOCKSTRING-58,200,10,8,sample_map,19,PDE5A
DOCKSTRING-58,200,10,8,sample_map,20,PGR
DOCKSTRING-58,200,10,8,sample_map,39,ACHE
DOCKSTRING-58,200,10,8,sample_map,43,CYP3A4
DOCKSTRING-58,200,10,8,sample_map,54,SRC
DOCKSTRING-58,200,10,10,full_map,6,MAOB
DOCKSTRING-58,200,10,10,full_map,7,CASP3
DOCKSTRING-58,200,10,10,full_map,9,ESR2
DOCKSTRING-58,200,10,10,full_map,13,HSP90AA1
DOCKSTRING-58,200,10,10,full_map,17,NOS1
DOCKSTRING-58,200,10,10,full_map,20,PGR
DOCKSTRING-58,200,10,10,full_map,21,PTPN1
DOCKSTRING-58,200,10,10,full_map,31,LCK
DOCKSTRING-58,200,10,10,full_map,33,MMP13
DOCKSTRING-58,200,10,10,full_map,57,KDR
DOCKSTRING-58,200,10,10,sample_map,10,PTK2
DOCKSTRING-58,200,10,10,sample_map,13,HSP90AA1
DOCKSTRING-58,200,10,10,sample_map,14,KIT
DOCKSTRING-58,200,10,10,sample_map,17,NOS1
DOCKSTRING-58,200,10,10,sample_map,19,PDE5A
DOCKSTRING-58,200,10,10,sample_map,20,PGR
DOCKSTRING-58,200,10,10,sample_map,33,MMP13
DOCKSTRING-58,200,10,10,sample_map,39,ACHE
DOCKSTRING-58,200,10,10,sample_map,43,CYP3A4
DOCKSTRING-58,200,10,10,sample_map,57,KDR
DOCKSTRING-58,200,11,6,full_map,6,MAOB
DOCKSTRING-58,200,11,6,full_map,7,CASP3
DOCKSTRING-58,200,11,6,full_map,20,PGR
DOCKSTRING-58,200,11,6,full_map,21,PTPN1
DOCKSTRING-58,200,11,6,full_map,31,LCK
DOCKSTRING-58,200,11,6,full_map,57,KDR
DOCKSTRING-58,200,11,6,sample_map,6,MAOB
DOCKSTRING-58,200,11,6,sample_map,7,CASP3
DOCKSTRING-58,200,11,6,sample_map,20,PGR
DOCKSTRING-58,200,11,6,sample_map,31,LCK
DOCKSTRING-58,200,11,6,sample_map,33,MMP13
DOCKSTRING-58,200,11,6,sample_map,51,MAPK1
DOCKSTRING-58,200,11,8,full_map,6,MAOB
DOCKSTRING-58,200,11,8,full_map,7,CASP3
DOCKSTRING-58,200,11,8,full_map,9,ESR2
DOCKSTRING-58,200,11,8,full_map,13,HSP90AA1
DOCKSTRING-58,200,11,8,full_map,20,PGR
DOCKSTRING-58,200,11,8,full_map,21,PTPN1
DOCKSTRING-58,200,11,8,full_map,31,LCK
DOCKSTRING-58,200,11,8,full_map,57,KDR
DOCKSTRING-58,200,11,8,sample_map,6,MAOB
DOCKSTRING-58,200,11,8,sample_map,7,CASP3
DOCKSTRING-58,200,11,8,sample_map,17,NOS1
DOCKSTRING-58,200,11,8,sample_map,20,PGR
DOCKSTRING-58,200,11,8,sample_map,31,LCK
DOCKSTRING-58,200,11,8,sample_map,33,MMP13
DOCKSTRING-58,200,11,8,sample_map,36,PPARG
DOCKSTRING-58,200,11,8,sample_map,51,MAPK1
DOCKSTRING-58,200,11,10,full_map,6,MAOB
DOCKSTRING-58,200,11,10,full_map,7,CASP3
DOCKSTRING-58,200,11,10,full_map,9,ESR2
DOCKSTRING-58,200,11,10,full_map,13,HSP90AA1
DOCKSTRING-58,200,11,10,full_map,17,NOS1
DOCKSTRING-58,200,11,10,full_map,20,PGR
DOCKSTRING-58,200,11,10,full_map,21,PTPN1
DOCKSTRING-58,200,11,10,full_map,31,LCK
DOCKSTRING-58,200,11,10,full_map,33,MMP13
DOCKSTRING-58,200,11,10,full_map,57,KDR
DOCKSTRING-58,200,11,10,sample_map,6,MAOB
DOCKSTRING-58,200,11,10,sample_map,7,CASP3
DOCKSTRING-58,200,11,10,sample_map,13,HSP90AA1
DOCKSTRING-58,200,11,10,sample_map,20,PGR
DOCKSTRING-58,200,11,10,sample_map,27,ESR1
DOCKSTRING-58,200,11,10,sample_map,31,LCK
DOCKSTRING-58,200,11,10,sample_map,33,MMP13
DOCKSTRING-58,200,11,10,sample_map,36,PPARG
DOCKSTRING-58,200,11,10,sample_map,51,MAPK1
DOCKSTRING-58,200,11,10,sample_map,56,F2
DOCKSTRING-58,200,12,6,full_map,6,MAOB
DOCKSTRING-58,200,12,6,full_map,7,CASP3
DOCKSTRING-58,200,12,6,full_map,20,PGR
DOCKSTRING-58,200,12,6,full_map,21,PTPN1
DOCKSTRING-58,200,12,6,full_map,31,LCK
DOCKSTRING-58,200,12,6,full_map,57,KDR
DOCKSTRING-58,200,12,6,sample_map,9,ESR2
DOCKSTRING-58,200,12,6,sample_map,20,PGR
DOCKSTRING-58,200,12,6,sample_map,33,MMP13
DOCKSTRING-58,200,12,6,sample_map,38,ADORA2A
DOCKSTRING-58,200,12,6,sample_map,43,CYP3A4
DOCKSTRING-58,200,12,6,sample_map,54,SRC
DOCKSTRING-58,200,12,8,full_map,6,MAOB
DOCKSTRING-58,200,12,8,full_map,7,CASP3
DOCKSTRING-58,200,12,8,full_map,9,ESR2
DOCKSTRING-58,200,12,8,full_map,13,HSP90AA1
DOCKSTRING-58,200,12,8,full_map,20,PGR
DOCKSTRING-58,200,12,8,full_map,21,PTPN1
DOCKSTRING-58,200,12,8,full_map,31,LCK
DOCKSTRING-58,200,12,8,full_map,57,KDR
DOCKSTRING-58,200,12,8,sample_map,9,ESR2
DOCKSTRING-58,200,12,8,sample_map,20,PGR
DOCKSTRING-58,200,12,8,sample_map,28,NR3C1
DOCKSTRING-58,200,12,8,sample_map,33,MMP13
DOCKSTRING-58,200,12,8,sample_map,38,ADORA2A
DOCKSTRING-58,200,12,8,sample_map,43,CYP3A4
DOCKSTRING-58,200,12,8,sample_map,54,SRC
DOCKSTRING-58,200,12,8,sample_map,57,KDR
DOCKSTRING-58,200,12,10,full_map,6,MAOB
DOCKSTRING-58,200,12,10,full_map,7,CASP3
DOCKSTRING-58,200,12,10,full_map,9,ESR2
DOCKSTRING-58,200,12,10,full_map,13,HSP90AA1
DOCKSTRING-58,200,12,10,full_map,17,NOS1
DOCKSTRING-58,200,12,10,full_map,20,PGR
DOCKSTRING-58,200,12,10,full_map,21,PTPN1
DOCKSTRING-58,200,12,10,full_map,31,LCK
DOCKSTRING-58,200,12,10,full_map,33,MMP13
DOCKSTRING-58,200,12,10,full_map,57,KDR
DOCKSTRING-58,200,12,10,sample_map,9,ESR2
DOCKSTRING-58,200,12,10,sample_map,13,HSP90AA1
DOCKSTRING-58,200,12,10,sample_map,20,PGR
DOCKSTRING-58,200,12,10,sample_map,28,NR3C1
DOCKSTRING-58,200,12,10,sample_map,31,LCK
DOCKSTRING-58,200,12,10,sample_map,33,MMP13
DOCKSTRING-58,200,12,10,sample_map,38,ADORA2A
DOCKSTRING-58,200,12,10,sample_map,43,CYP3A4
DOCKSTRING-58,200,12,10,sample_map,52,MAPK14
DOCKSTRING-58,200,12,10,sample_map,57,KDR
DOCKSTRING-58,200,13,6,full_map,6,MAOB
DOCKSTRING-58,200,13,6,full_map,7,CASP3
DOCKSTRING-58,200,13,6,full_map,20,PGR
DOCKSTRING-58,200,13,6,full_map,21,PTPN1
DOCKSTRING-58,200,13,6,full_map,31,LCK
DOCKSTRING-58,200,13,6,full_map,57,KDR
DOCKSTRING-58,200,13,6,sample_map,6,MAOB
DOCKSTRING-58,200,13,6,sample_map,18,PARP1
DOCKSTRING-58,200,13,6,sample_map,20,PGR
DOCKSTRING-58,200,13,6,sample_map,38,ADORA2A
DOCKSTRING-58,200,13,6,sample_map,52,MAPK14
DOCKSTRING-58,200,13,6,sample_map,57,KDR
DOCKSTRING-58,200,13,8,full_map,6,MAOB
DOCKSTRING-58,200,13,8,full_map,7,CASP3
DOCKSTRING-58,200,13,8,full_map,9,ESR2
DOCKSTRING-58,200,13,8,full_map,13,HSP90AA1
DOCKSTRING-58,200,13,8,full_map,20,PGR
DOCKSTRING-58,200,13,8,full_map,21,PTPN1
DOCKSTRING-58,200,13,8,full_map,31,LCK
DOCKSTRING-58,200,13,8,full_map,57,KDR
DOCKSTRING-58,200,13,8,sample_map,7,CASP3
DOCKSTRING-58,200,13,8,sample_map,13,HSP90AA1
DOCKSTRING-58,200,13,8,sample_map,20,PGR
DOCKSTRING-58,200,13,8,sample_map,27,ESR1
DOCKSTRING-58,200,13,8,sample_map,38,ADORA2A
DOCKSTRING-58,200,13,8,sample_map,43,CYP3A4
DOCKSTRING-58,200,13,8,sample_map,52,MAPK14
DOCKSTRING-58,200,13,8,sample_map,57,KDR
DOCKSTRING-58,200,13,10,full_map,6,MAOB
DOCKSTRING-58,200,13,10,full_map,7,CASP3
DOCKSTRING-58,200,13,10,full_map,9,ESR2
DOCKSTRING-58,200,13,10,full_map,13,HSP90AA1
DOCKSTRING-58,200,13,10,full_map,17,NOS1
DOCKSTRING-58,200,13,10,full_map,20,PGR
DOCKSTRING-58,200,13,10,full_map,21,PTPN1
DOCKSTRING-58,200,13,10,full_map,31,LCK
DOCKSTRING-58,200,13,10,full_map,33,MMP13
DOCKSTRING-58,200,13,10,full_map,57,KDR
DOCKSTRING-58,200,13,10,sample_map,6,MAOB
DOCKSTRING-58,200,13,10,sample_map,7,CASP3
DOCKSTRING-58,200,13,10,sample_map,13,HSP90AA1
DOCKSTRING-58,200,13,10,sample_map,20,PGR
DOCKSTRING-58,200,13,10,sample_map,21,PTPN1
DOCKSTRING-58,200,13,10,sample_map,27,ESR1
DOCKSTRING-58,200,13,10,sample_map,38,ADORA2A
DOCKSTRING-58,200,13,10,sample_map,43,CYP3A4
DOCKSTRING-58,200,13,10,sample_map,52,MAPK14
DOCKSTRING-58,200,13,10,sample_map,57,KDR
DOCKSTRING-58,200,14,6,full_map,6,MAOB
DOCKSTRING-58,200,14,6,full_map,7,CASP3
DOCKSTRING-58,200,14,6,full_map,20,PGR
DOCKSTRING-58,200,14,6,full_map,21,PTPN1
DOCKSTRING-58,200,14,6,full_map,31,LCK
DOCKSTRING-58,200,14,6,full_map,57,KDR
DOCKSTRING-58,200,14,6,sample_map,6,MAOB
DOCKSTRING-58,200,14,6,sample_map,9,ESR2
DOCKSTRING-58,200,14,6,sample_map,14,KIT
DOCKSTRING-58,200,14,6,sample_map,33,MMP13
DOCKSTRING-58,200,14,6,sample_map,40,BACE1
DOCKSTRING-58,200,14,6,sample_map,43,CYP3A4
DOCKSTRING-58,200,14,8,full_map,6,MAOB
DOCKSTRING-58,200,14,8,full_map,7,CASP3
DOCKSTRING-58,200,14,8,full_map,9,ESR2
DOCKSTRING-58,200,14,8,full_map,13,HSP90AA1
DOCKSTRING-58,200,14,8,full_map,20,PGR
DOCKSTRING-58,200,14,8,full_map,21,PTPN1
DOCKSTRING-58,200,14,8,full_map,31,LCK
DOCKSTRING-58,200,14,8,full_map,57,KDR
DOCKSTRING-58,200,14,8,sample_map,6,MAOB
DOCKSTRING-58,200,14,8,sample_map,14,KIT
DOCKSTRING-58,200,14,8,sample_map,27,ESR1
DOCKSTRING-58,200,14,8,sample_map,33,MMP13
DOCKSTRING-58,200,14,8,sample_map,36,PPARG
DOCKSTRING-58,200,14,8,sample_map,40,BACE1
DOCKSTRING-58,200,14,8,sample_map,43,CYP3A4
DOCKSTRING-58,200,14,8,sample_map,57,KDR
DOCKSTRING-58,200,14,10,full_map,6,MAOB
DOCKSTRING-58,200,14,10,full_map,7,CASP3
DOCKSTRING-58,200,14,10,full_map,9,ESR2
DOCKSTRING-58,200,14,10,full_map,13,HSP90AA1
DOCKSTRING-58,200,14,10,full_map,17,NOS1
DOCKSTRING-58,200,14,10,full_map,20,PGR
DOCKSTRING-58,200,14,10,full_map,21,PTPN1
DOCKSTRING-58,200,14,10,full_map,31,LCK
DOCKSTRING-58,200,14,10,full_map,33,MMP13
DOCKSTRING-58,200,14,10,full_map,57,KDR
DOCKSTRING-58,200,14,10,sample_map,6,MAOB
DOCKSTRING-58,200,14,10,sample_map,14,KIT
DOCKSTRING-58,200,14,10,sample_map,27,ESR1
DOCKSTRING-58,200,14,10,sample_map,30,JAK2
DOCKSTRING-58,200,14,10,sample_map,33,MMP13
DOCKSTRING-58,200,14,10,sample_map,36,PPARG
DOCKSTRING-58,200,14,10,sample_map,40,BACE1
DOCKSTRING-58,200,14,10,sample_map,41,CA2
DOCKSTRING-58,200,14,10,sample_map,43,CYP3A4
DOCKSTRING-58,200,14,10,sample_map,57,KDR
DOCKSTRING-58,200,15,6,full_map,6,MAOB
DOCKSTRING-58,200,15,6,full_map,7,CASP3
DOCKSTRING-58,200,15,6,full_map,20,PGR
DOCKSTRING-58,200,15,6,full_map,21,PTPN1
DOCKSTRING-58,200,15,6,full_map,31,LCK
DOCKSTRING-58,200,15,6,full_map,57,KDR
DOCKSTRING-58,200,15,6,sample_map,6,MAOB
DOCKSTRING-58,200,15,6,sample_map,7,CASP3
DOCKSTRING-58,200,15,6,sample_map,20,PGR
DOCKSTRING-58,200,15,6,sample_map,35,PPARA
DOCKSTRING-58,200,15,6,sample_map,39,ACHE
DOCKSTRING-58,200,15,6,sample_map,57,KDR
DOCKSTRING-58,200,15,8,full_map,6,MAOB
DOCKSTRING-58,200,15,8,full_map,7,CASP3
DOCKSTRING-58,200,15,8,full_map,9,ESR2
DOCKSTRING-58,200,15,8,full_map,13,HSP90AA1
DOCKSTRING-58,200,15,8,full_map,20,PGR
DOCKSTRING-58,200,15,8,full_map,21,PTPN1
DOCKSTRING-58,200,15,8,full_map,31,LCK
DOCKSTRING-58,200,15,8,full_map,57,KDR
DOCKSTRING-58,200,15,8,sample_map,6,MAOB
DOCKSTRING-58,200,15,8,sample_map,7,CASP3
DOCKSTRING-58,200,15,8,sample_map,13,HSP90AA1
DOCKSTRING-58,200,15,8,sample_map,20,PGR
DOCKSTRING-58,200,15,8,sample_map,21,PTPN1
DOCKSTRING-58,200,15,8,sample_map,35,PPARA
DOCKSTRING-58,200,15,8,sample_map,39,ACHE
DOCKSTRING-58,200,15,8,sample_map,57,KDR
DOCKSTRING-58,200,15,10,full_map,6,MAOB
DOCKSTRING-58,200,15,10,full_map,7,CASP3
DOCKSTRING-58,200,15,10,full_map,9,ESR2
DOCKSTRING-58,200,15,10,full_map,13,HSP90AA1
DOCKSTRING-58,200,15,10,full_map,17,NOS1
DOCKSTRING-58,200,15,10,full_map,20,PGR
DOCKSTRING-58,200,15,10,full_map,21,PTPN1
DOCKSTRING-58,200,15,10,full_map,31,LCK
DOCKSTRING-58,200,15,10,full_map,33,MMP13
DOCKSTRING-58,200,15,10,full_map,57,KDR
DOCKSTRING-58,200,15,10,sample_map,6,MAOB
DOCKSTRING-58,200,15,10,sample_map,7,CASP3
DOCKSTRING-58,200,15,10,sample_map,13,HSP90AA1
DOCKSTRING-58,200,15,10,sample_map,17,NOS1
DOCKSTRING-58,200,15,10,sample_map,20,PGR
DOCKSTRING-58,200,15,10,sample_map,21,PTPN1
DOCKSTRING-58,200,15,10,sample_map,35,PPARA
DOCKSTRING-58,200,15,10,sample_map,38,ADORA2A
DOCKSTRING-58,200,15,10,sample_map,39,ACHE
DOCKSTRING-58,200,15,10,sample_map,57,KDR
DOCKSTRING-58,200,16,6,full_map,6,MAOB
DOCKSTRING-58,200,16,6,full_map,7,CASP3
DOCKSTRING-58,200,16,6,full_map,20,PGR
DOCKSTRING-58,200,16,6,full_map,21,PTPN1
DOCKSTRING-58,200,16,6,full_map,31,LCK
DOCKSTRING-58,200,16,6,full_map,57,KDR
DOCKSTRING-58,200,16,6,sample_map,6,MAOB
DOCKSTRING-58,200,16,6,sample_map,7,CASP3
DOCKSTRING-58,200,16,6,sample_map,9,ESR2
DOCKSTRING-58,200,16,6,sample_map,20,PGR
DOCKSTRING-58,200,16,6,sample_map,33,MMP13
DOCKSTRING-58,200,16,6,sample_map,57,KDR
DOCKSTRING-58,200,16,8,full_map,6,MAOB
DOCKSTRING-58,200,16,8,full_map,7,CASP3
DOCKSTRING-58,200,16,8,full_map,9,ESR2
DOCKSTRING-58,200,16,8,full_map,13,HSP90AA1
DOCKSTRING-58,200,16,8,full_map,20,PGR
DOCKSTRING-58,200,16,8,full_map,21,PTPN1
DOCKSTRING-58,200,16,8,full_map,31,LCK
DOCKSTRING-58,200,16,8,full_map,57,KDR
DOCKSTRING-58,200,16,8,sample_map,7,CASP3
DOCKSTRING-58,200,16,8,sample_map,9,ESR2
DOCKSTRING-58,200,16,8,sample_map,20,PGR
DOCKSTRING-58,200,16,8,sample_map,28,NR3C1
DOCKSTRING-58,200,16,8,sample_map,33,MMP13
DOCKSTRING-58,200,16,8,sample_map,36,PPARG
DOCKSTRING-58,200,16,8,sample_map,43,CYP3A4
DOCKSTRING-58,200,16,8,sample_map,57,KDR
DOCKSTRING-58,200,16,10,full_map,6,MAOB
DOCKSTRING-58,200,16,10,full_map,7,CASP3
DOCKSTRING-58,200,16,10,full_map,9,ESR2
DOCKSTRING-58,200,16,10,full_map,13,HSP90AA1
DOCKSTRING-58,200,16,10,full_map,17,NOS1
DOCKSTRING-58,200,16,10,full_map,20,PGR
DOCKSTRING-58,200,16,10,full_map,21,PTPN1
DOCKSTRING-58,200,16,10,full_map,31,LCK
DOCKSTRING-58,200,16,10,full_map,33,MMP13
DOCKSTRING-58,200,16,10,full_map,57,KDR
DOCKSTRING-58,200,16,10,sample_map,7,CASP3
DOCKSTRING-58,200,16,10,sample_map,9,ESR2
DOCKSTRING-58,200,16,10,sample_map,15,MAPKAPK2
DOCKSTRING-58,200,16,10,sample_map,20,PGR
DOCKSTRING-58,200,16,10,sample_map,23,AKT1
DOCKSTRING-58,200,16,10,sample_map,28,NR3C1
DOCKSTRING-58,200,16,10,sample_map,33,MMP13
DOCKSTRING-58,200,16,10,sample_map,36,PPARG
DOCKSTRING-58,200,16,10,sample_map,43,CYP3A4
DOCKSTRING-58,200,16,10,sample_map,57,KDR
DOCKSTRING-58,200,17,6,full_map,6,MAOB
DOCKSTRING-58,200,17,6,full_map,7,CASP3
DOCKSTRING-58,200,17,6,full_map,20,PGR
DOCKSTRING-58,200,17,6,full_map,21,PTPN1
DOCKSTRING-58,200,17,6,full_map,31,LCK
DOCKSTRING-58,200,17,6,full_map,57,KDR
DOCKSTRING-58,200,17,6,sample_map,7,CASP3
DOCKSTRING-58,200,17,6,sample_map,20,PGR
DOCKSTRING-58,200,17,6,sample_map,30,JAK2
DOCKSTRING-58,200,17,6,sample_map,43,CYP3A4
DOCKSTRING-58,200,17,6,sample_map,53,PLK1
DOCKSTRING-58,200,17,6,sample_map,57,KDR
DOCKSTRING-58,200,17,8,full_map,6,MAOB
DOCKSTRING-58,200,17,8,full_map,7,CASP3
DOCKSTRING-58,200,17,8,full_map,9,ESR2
DOCKSTRING-58,200,17,8,full_map,13,HSP90AA1
DOCKSTRING-58,200,17,8,full_map,20,PGR
DOCKSTRING-58,200,17,8,full_map,21,PTPN1
DOCKSTRING-58,200,17,8,full_map,31,LCK
DOCKSTRING-58,200,17,8,full_map,57,KDR
DOCKSTRING-58,200,17,8,sample_map,7,CASP3
DOCKSTRING-58,200,17,8,sample_map,9,ESR2
DOCKSTRING-58,200,17,8,sample_map,20,PGR
DOCKSTRING-58,200,17,8,sample_map,21,PTPN1
DOCKSTRING-58,200,17,8,sample_map,30,JAK2
DOCKSTRING-58,200,17,8,sample_map,43,CYP3A4
DOCKSTRING-58,200,17,8,sample_map,53,PLK1
DOCKSTRING-58,200,17,8,sample_map,57,KDR
DOCKSTRING-58,200,17,10,full_map,6,MAOB
DOCKSTRING-58,200,17,10,full_map,7,CASP3
DOCKSTRING-58,200,17,10,full_map,9,ESR2
DOCKSTRING-58,200,17,10,full_map,13,HSP90AA1
DOCKSTRING-58,200,17,10,full_map,17,NOS1
DOCKSTRING-58,200,17,10,full_map,20,PGR
DOCKSTRING-58,200,17,10,full_map,21,PTPN1
DOCKSTRING-58,200,17,10,full_map,31,LCK
DOCKSTRING-58,200,17,10,full_map,33,MMP13
DOCKSTRING-58,200,17,10,full_map,57,KDR
DOCKSTRING-58,200,17,10,sample_map,4,ADRB2
DOCKSTRING-58,200,17,10,sample_map,7,CASP3
DOCKSTRING-58,200,17,10,sample_map,9,ESR2
DOCKSTRING-58,200,17,10,sample_map,20,PGR
DOCKSTRING-58,200,17,10,sample_map,21,PTPN1
DOCKSTRING-58,200,17,10,sample_map,30,JAK2
DOCKSTRING-58,200,17,10,sample_map,43,CYP3A4
DOCKSTRING-58,200,17,10,sample_map,52,MAPK14
DOCKSTRING-58,200,17,10,sample_map,53,PLK1
DOCKSTRING-58,200,17,10,sample_map,57,KDR
DOCKSTRING-58,200,18,6,full_map,6,MAOB
DOCKSTRING-58,200,18,6,full_map,7,CASP3
DOCKSTRING-58,200,18,6,full_map,20,PGR
DOCKSTRING-58,200,18,6,full_map,21,PTPN1
DOCKSTRING-58,200,18,6,full_map,31,LCK
DOCKSTRING-58,200,18,6,full_map,57,KDR
DOCKSTRING-58,200,18,6,sample_map,7,CASP3
DOCKSTRING-58,200,18,6,sample_map,20,PGR
DOCKSTRING-58,200,18,6,sample_map,23,AKT1
DOCKSTRING-58,200,18,6,sample_map,31,LCK
DOCKSTRING-58,200,18,6,sample_map,33,MMP13
DOCKSTRING-58,200,18,6,sample_map,51,MAPK1
DOCKSTRING-58,200,18,8,full_map,6,MAOB
DOCKSTRING-58,200,18,8,full_map,7,CASP3
DOCKSTRING-58,200,18,8,full_map,9,ESR2
DOCKSTRING-58,200,18,8,full_map,13,HSP90AA1
DOCKSTRING-58,200,18,8,full_map,20,PGR
DOCKSTRING-58,200,18,8,full_map,21,PTPN1
DOCKSTRING-58,200,18,8,full_map,31,LCK
DOCKSTRING-58,200,18,8,full_map,57,KDR
DOCKSTRING-58,200,18,8,sample_map,7,CASP3
DOCKSTRING-58,200,18,8,sample_map,13,HSP90AA1
DOCKSTRING-58,200,18,8,sample_map,20,PGR
DOCKSTRING-58,200,18,8,sample_map,23,AKT1
DOCKSTRING-58,200,18,8,sample_map,31,LCK
DOCKSTRING-58,200,18,8,sample_map,33,MMP13
DOCKSTRING-58,200,18,8,sample_map,51,MAPK1
DOCKSTRING-58,200,18,8,sample_map,57,KDR
DOCKSTRING-58,200,18,10,full_map,6,MAOB
DOCKSTRING-58,200,18,10,full_map,7,CASP3
DOCKSTRING-58,200,18,10,full_map,9,ESR2
DOCKSTRING-58,200,18,10,full_map,13,HSP90AA1
DOCKSTRING-58,200,18,10,full_map,17,NOS1
DOCKSTRING-58,200,18,10,full_map,20,PGR
DOCKSTRING-58,200,18,10,full_map,21,PTPN1
DOCKSTRING-58,200,18,10,full_map,31,LCK
DOCKSTRING-58,200,18,10,full_map,33,MMP13
DOCKSTRING-58,200,18,10,full_map,57,KDR
DOCKSTRING-58,200,18,10,sample_map,7,CASP3
DOCKSTRING-58,200,18,10,sample_map,13,HSP90AA1
DOCKSTRING-58,200,18,10,sample_map,20,PGR
DOCKSTRING-58,200,18,10,sample_map,23,AKT1
DOCKSTRING-58,200,18,10,sample_map,27,ESR1
DOCKSTRING-58,200,18,10,sample_map,31,LCK
DOCKSTRING-58,200,18,10,sample_map,33,MMP13
DOCKSTRING-58,200,18,10,sample_map,48,EGFR
DOCKSTRING-58,200,18,10,sample_map,51,MAPK1
DOCKSTRING-58,200,18,10,sample_map,57,KDR
DOCKSTRING-58,200,19,6,full_map,6,MAOB
DOCKSTRING-58,200,19,6,full_map,7,CASP3
DOCKSTRING-58,200,19,6,full_map,20,PGR
DOCKSTRING-58,200,19,6,full_map,21,PTPN1
DOCKSTRING-58,200,19,6,full_map,31,LCK
DOCKSTRING-58,200,19,6,full_map,57,KDR
DOCKSTRING-58,200,19,6,sample_map,3,ADRB1
DOCKSTRING-58,200,19,6,sample_map,7,CASP3
DOCKSTRING-58,200,19,6,sample_map,9,ESR2
DOCKSTRING-58,200,19,6,sample_map,24,AR
DOCKSTRING-58,200,19,6,sample_map,43,CYP3A4
DOCKSTRING-58,200,19,6,sample_map,57,KDR
DOCKSTRING-58,200,19,8,full_map,6,MAOB
DOCKSTRING-58,200,19,8,full_map,7,CASP3
DOCKSTRING-58,200,19,8,full_map,9,ESR2
DOCKSTRING-58,200,19,8,full_map,13,HSP90AA1
DOCKSTRING-58,200,19,8,full_map,20,PGR
DOCKSTRING-58,200,19,8,full_map,21,PTPN1
DOCKSTRING-58,200,19,8,full_map,31,LCK
DOCKSTRING-58,200,19,8,full_map,57,KDR
DOCKSTRING-58,200,19,8,sample_map,3,ADRB1
DOCKSTRING-58,200,19,8,sample_map,7,CASP3
DOCKSTRING-58,200,19,8,sample_map,9,ESR2
DOCKSTRING-58,200,19,8,sample_map,21,PTPN1
DOCKSTRING-58,200,19,8,sample_map,24,AR
DOCKSTRING-58,200,19,8,sample_map,30,JAK2
DOCKSTRING-58,200,19,8,sample_map,43,CYP3A4
DOCKSTRING-58,200,19,8,sample_map,57,KDR
DOCKSTRING-58,200,19,10,full_map,6,MAOB
DOCKSTRING-58,200,19,10,full_map,7,CASP3
DOCKSTRING-58,200,19,10,full_map,9,ESR2
DOCKSTRING-58,200,19,10,full_map,13,HSP90AA1
DOCKSTRING-58,200,19,10,full_map,17,NOS1
DOCKSTRING-58,200,19,10,full_map,20,PGR
DOCKSTRING-58,200,19,10,full_map,21,PTPN1
DOCKSTRING-58,200,19,10,full_map,31,LCK
DOCKSTRING-58,200,19,10,full_map,33,MMP13
DOCKSTRING-58,200,19,10,full_map,57,KDR
DOCKSTRING-58,200,19,10,sample_map,3,ADRB1
DOCKSTRING-58,200,19,10,sample_map,7,CASP3
DOCKSTRING-58,200,19,10,sample_map,9,ESR2
DOCKSTRING-58,200,19,10,sample_map,21,PTPN1
DOCKSTRING-58,200,19,10,sample_map,23,AKT1
DOCKSTRING-58,200,19,10,sample_map,25,CDK2
DOCKSTRING-58,200,19,10,sample_map,30,JAK2
DOCKSTRING-58,200,19,10,sample_map,43,CYP3A4
DOCKSTRING-58,200,19,10,sample_map,54,SRC
DOCKSTRING-58,200,19,10,sample_map,57,KDR
DOCKSTRING-58,200,20,6,full_map,6,MAOB
DOCKSTRING-58,200,20,6,full_map,7,CASP3
DOCKSTRING-58,200,20,6,full_map,20,PGR
DOCKSTRING-58,200,20,6,full_map,21,PTPN1
DOCKSTRING-58,200,20,6,full_map,31,LCK
DOCKSTRING-58,200,20,6,full_map,57,KDR
DOCKSTRING-58,200,20,6,sample_map,1,ABL1
DOCKSTRING-58,200,20,6,sample_map,6,MAOB
DOCKSTRING-58,200,20,6,sample_map,20,PGR
DOCKSTRING-58,200,20,6,sample_map,33,MMP13
DOCKSTRING-58,200,20,6,sample_map,40,BACE1
DOCKSTRING-58,200,20,6,sample_map,57,KDR
DOCKSTRING-58,200,20,8,full_map,6,MAOB
DOCKSTRING-58,200,20,8,full_map,7,CASP3
DOCKSTRING-58,200,20,8,full_map,9,ESR2
DOCKSTRING-58,200,20,8,full_map,13,HSP90AA1
DOCKSTRING-58,200,20,8,full_map,20,PGR
DOCKSTRING-58,200,20,8,full_map,21,PTPN1
DOCKSTRING-58,200,20,8,full_map,31,LCK
DOCKSTRING-58,200,20,8,full_map,57,KDR
DOCKSTRING-58,200,20,8,sample_map,1,ABL1
DOCKSTRING-58,200,20,8,sample_map,6,MAOB
DOCKSTRING-58,200,20,8,sample_map,9,ESR2
DOCKSTRING-58,200,20,8,sample_map,20,PGR
DOCKSTRING-58,200,20,8,sample_map,21,PTPN1
DOCKSTRING-58,200,20,8,sample_map,33,MMP13
DOCKSTRING-58,200,20,8,sample_map,40,BACE1
DOCKSTRING-58,200,20,8,sample_map,57,KDR
DOCKSTRING-58,200,20,10,full_map,6,MAOB
DOCKSTRING-58,200,20,10,full_map,7,CASP3
DOCKSTRING-58,200,20,10,full_map,9,ESR2
DOCKSTRING-58,200,20,10,full_map,13,HSP90AA1
DOCKSTRING-58,200,20,10,full_map,17,NOS1
DOCKSTRING-58,200,20,10,full_map,20,PGR
DOCKSTRING-58,200,20,10,full_map,21,PTPN1
DOCKSTRING-58,200,20,10,full_map,31,LCK
DOCKSTRING-58,200,20,10,full_map,33,MMP13
DOCKSTRING-58,200,20,10,full_map,57,KDR
DOCKSTRING-58,200,20,10,sample_map,1,ABL1
DOCKSTRING-58,200,20,10,sample_map,6,MAOB
DOCKSTRING-58,200,20,10,sample_map,7,CASP3
DOCKSTRING-58,200,20,10,sample_map,9,ESR2
DOCKSTRING-58,200,20,10,sample_map,20,PGR
DOCKSTRING-58,200,20,10,sample_map,21,PTPN1
DOCKSTRING-58,200,20,10,sample_map,33,MMP13
DOCKSTRING-58,200,20,10,sample_map,52,MAPK14
DOCKSTRING-58,200,20,10,sample_map,55,THRB
DOCKSTRING-58,200,20,10,sample_map,57,KDR
DOCKSTRING-58,200,21,6,full_map,6,MAOB
DOCKSTRING-58,200,21,6,full_map,7,CASP3
DOCKSTRING-58,200,21,6,full_map,20,PGR
DOCKSTRING-58,200,21,6,full_map,21,PTPN1
DOCKSTRING-58,200,21,6,full_map,31,LCK
DOCKSTRING-58,200,21,6,full_map,57,KDR
DOCKSTRING-58,200,21,6,sample_map,11,FGFR1
DOCKSTRING-58,200,21,6,sample_map,20,PGR
DOCKSTRING-58,200,21,6,sample_map,23,AKT1
DOCKSTRING-58,200,21,6,sample_map,38,ADORA2A
DOCKSTRING-58,200,21,6,sample_map,52,MAPK14
DOCKSTRING-58,200,21,6,sample_map,55,THRB
DOCKSTRING-58,200,21,8,full_map,6,MAOB
DOCKSTRING-58,200,21,8,full_map,7,CASP3
DOCKSTRING-58,200,21,8,full_map,9,ESR2
DOCKSTRING-58,200,21,8,full_map,13,HSP90AA1
DOCKSTRING-58,200,21,8,full_map,20,PGR
DOCKSTRING-58,200,21,8,full_map,21,PTPN1
DOCKSTRING-58,200,21,8,full_map,31,LCK
DOCKSTRING-58,200,21,8,full_map,57,KDR
DOCKSTRING-58,200,21,8,sample_map,11,FGFR1
DOCKSTRING-58,200,21,8,sample_map,20,PGR
DOCKSTRING-58,200,21,8,sample_map,23,AKT1
DOCKSTRING-58,200,21,8,sample_map,27,ESR1
DOCKSTRING-58,200,21,8,sample_map,32,MET
DOCKSTRING-58,200,21,8,sample_map,38,ADORA2A
DOCKSTRING-58,200,21,8,sample_map,52,MAPK14
DOCKSTRING-58,200,21,8,sample_map,55,THRB
DOCKSTRING-58,200,21,10,full_map,6,MAOB
DOCKSTRING-58,200,21,10,full_map,7,CASP3
DOCKSTRING-58,200,21,10,full_map,9,ESR2
DOCKSTRING-58,200,21,10,full_map,13,HSP90AA1
DOCKSTRING-58,200,21,10,full_map,17,NOS1
DOCKSTRING-58,200,21,10,full_map,20,PGR
DOCKSTRING-58,200,21,10,full_map,21,PTPN1
DOCKSTRING-58,200,21,10,full_map,31,LCK
DOCKSTRING-58,200,21,10,full_map,33,MMP13
DOCKSTRING-58,200,21,10,full_map,57,KDR
DOCKSTRING-58,200,21,10,sample_map,11,FGFR1
DOCKSTRING-58,200,21,10,sample_map,17,NOS1
DOCKSTRING-58,200,21,10,sample_map,20,PGR
DOCKSTRING-58,200,21,10,sample_map,21,PTPN1
DOCKSTRING-58,200,21,10,sample_map,23,AKT1
DOCKSTRING-58,200,21,10,sample_map,27,ESR1
DOCKSTRING-58,200,21,10,sample_map,32,MET
DOCKSTRING-58,200,21,10,sample_map,38,ADORA2A
DOCKSTRING-58,200,21,10,sample_map,52,MAPK14
DOCKSTRING-58,200,21,10,sample_map,55,THRB
DOCKSTRING-58,200,22,6,full_map,6,MAOB
DOCKSTRING-58,200,22,6,full_map,7,CASP3
DOCKSTRING-58,200,22,6,full_map,20,PGR
DOCKSTRING-58,200,22,6,full_map,21,PTPN1
DOCKSTRING-58,200,22,6,full_map,31,LCK
DOCKSTRING-58,200,22,6,full_map,57,KDR
DOCKSTRING-58,200,22,6,sample_map,7,CASP3
DOCKSTRING-58,200,22,6,sample_map,13,HSP90AA1
DOCKSTRING-58,200,22,6,sample_map,20,PGR
DOCKSTRING-58,200,22,6,sample_map,43,CYP3A4
DOCKSTRING-58,200,22,6,sample_map,53,PLK1
DOCKSTRING-58,200,22,6,sample_map,57,KDR
DOCKSTRING-58,200,22,8,full_map,6,MAOB
DOCKSTRING-58,200,22,8,full_map,7,CASP3
DOCKSTRING-58,200,22,8,full_map,9,ESR2
DOCKSTRING-58,200,22,8,full_map,13,HSP90AA1
DOCKSTRING-58,200,22,8,full_map,20,PGR
DOCKSTRING-58,200,22,8,full_map,21,PTPN1
DOCKSTRING-58,200,22,8,full_map,31,LCK
DOCKSTRING-58,200,22,8,full_map,57,KDR
DOCKSTRING-58,200,22,8,sample_map,7,CASP3
DOCKSTRING-58,200,22,8,sample_map,13,HSP90AA1
DOCKSTRING-58,200,22,8,sample_map,20,PGR
DOCKSTRING-58,200,22,8,sample_map,21,PTPN1
DOCKSTRING-58,200,22,8,sample_map,33,MMP13
DOCKSTRING-58,200,22,8,sample_map,43,CYP3A4
DOCKSTRING-58,200,22,8,sample_map,53,PLK1
DOCKSTRING-58,200,22,8,sample_map,57,KDR
DOCKSTRING-58,200,22,10,full_map,6,MAOB
DOCKSTRING-58,200,22,10,full_map,7,CASP3
DOCKSTRING-58,200,22,10,full_map,9,ESR2
DOCKSTRING-58,200,22,10,full_map,13,HSP90AA1
DOCKSTRING-58,200,22,10,full_map,17,NOS1
DOCKSTRING-58,200,22,10,full_map,20,PGR
DOCKSTRING-58,200,22,10,full_map,21,PTPN1
DOCKSTRING-58,200,22,10,full_map,31,LCK
DOCKSTRING-58,200,22,10,full_map,33,MMP13
DOCKSTRING-58,200,22,10,full_map,57,KDR
DOCKSTRING-58,200,22,10,sample_map,7,CASP3
DOCKSTRING-58,200,22,10,sample_map,10,PTK2
DOCKSTRING-58,200,22,10,sample_map,13,HSP90AA1
DOCKSTRING-58,200,22,10,sample_map,20,PGR
DOCKSTRING-58,200,22,10,sample_map,21,PTPN1
DOCKSTRING-58,200,22,10,sample_map,33,MMP13
DOCKSTRING-58,200,22,10,sample_map,43,CYP3A4
DOCKSTRING-58,200,22,10,sample_map,52,MAPK14
DOCKSTRING-58,200,22,10,sample_map,53,PLK1
DOCKSTRING-58,200,22,10,sample_map,57,KDR
DOCKSTRING-58,200,23,6,full_map,6,MAOB
DOCKSTRING-58,200,23,6,full_map,7,CASP3
DOCKSTRING-58,200,23,6,full_map,20,PGR
DOCKSTRING-58,200,23,6,full_map,21,PTPN1
DOCKSTRING-58,200,23,6,full_map,31,LCK
DOCKSTRING-58,200,23,6,full_map,57,KDR
DOCKSTRING-58,200,23,6,sample_map,20,PGR
DOCKSTRING-58,200,23,6,sample_map,23,AKT1
DOCKSTRING-58,200,23,6,sample_map,25,CDK2
DOCKSTRING-58,200,23,6,sample_map,35,PPARA
DOCKSTRING-58,200,23,6,sample_map,52,MAPK14
DOCKSTRING-58,200,23,6,sample_map,57,KDR
DOCKSTRING-58,200,23,8,full_map,6,MAOB
DOCKSTRING-58,200,23,8,full_map,7,CASP3
DOCKSTRING-58,200,23,8,full_map,9,ESR2
DOCKSTRING-58,200,23,8,full_map,13,HSP90AA1
DOCKSTRING-58,200,23,8,full_map,20,PGR
DOCKSTRING-58,200,23,8,full_map,21,PTPN1
DOCKSTRING-58,200,23,8,full_map,31,LCK
DOCKSTRING-58,200,23,8,full_map,57,KDR
DOCKSTRING-58,200,23,8,sample_map,9,ESR2
DOCKSTRING-58,200,23,8,sample_map,23,AKT1
DOCKSTRING-58,200,23,8,sample_map,24,AR
DOCKSTRING-58,200,23,8,sample_map,25,CDK2
DOCKSTRING-58,200,23,8,sample_map,33,MMP13
DOCKSTRING-58,200,23,8,sample_map,35,PPARA
DOCKSTRING-58,200,23,8,sample_map,52,MAPK14
DOCKSTRING-58,200,23,8,sample_map,57,KDR
DOCKSTRING-58,200,23,10,full_map,6,MAOB
DOCKSTRING-58,200,23,10,full_map,7,CASP3
DOCKSTRING-58,200,23,10,full_map,9,ESR2
DOCKSTRING-58,200,23,10,full_map,13,HSP90AA1
DOCKSTRING-58,200,23,10,full_map,17,NOS1
DOCKSTRING-58,200,23,10,full_map,20,PGR
DOCKSTRING-58,200,23,10,full_map,21,PTPN1
DOCKSTRING-58,200,23,10,full_map,31,LCK
DOCKSTRING-58,200,23,10,full_map,33,MMP13
DOCKSTRING-58,200,23,10,full_map,57,KDR
DOCKSTRING-58,200,23,10,sample_map,9,ESR2
DOCKSTRING-58,200,23,10,sample_map,10,PTK2
DOCKSTRING-58,200,23,10,sample_map,13,HSP90AA1
DOCKSTRING-58,200,23,10,sample_map,21,PTPN1
DOCKSTRING-58,200,23,10,sample_map,23,AKT1
DOCKSTRING-58,200,23,10,sample_map,24,AR
DOCKSTRING-58,200,23,10,sample_map,25,CDK2
DOCKSTRING-58,200,23,10,sample_map,33,MMP13
DOCKSTRING-58,200,23,10,sample_map,52,MAPK14
DOCKSTRING-58,200,23,10,sample_map,57,KDR
DOCKSTRING-58,200,24,6,full_map,6,MAOB
DOCKSTRING-58,200,24,6,full_map,7,CASP3
DOCKSTRING-58,200,24,6,full_map,20,PGR
DOCKSTRING-58,200,24,6,full_map,21,PTPN1
DOCKSTRING-58,200,24,6,full_map,31,LCK
DOCKSTRING-58,200,24,6,full_map,57,KDR
DOCKSTRING-58,200,24,6,sample_map,7,CASP3
DOCKSTRING-58,200,24,6,sample_map,20,PGR
DOCKSTRING-58,200,24,6,sample_map,28,NR3C1
DOCKSTRING-58,200,24,6,sample_map,30,JAK2
DOCKSTRING-58,200,24,6,sample_map,33,MMP13
DOCKSTRING-58,200,24,6,sample_map,43,CYP3A4
DOCKSTRING-58,200,24,8,full_map,6,MAOB
DOCKSTRING-58,200,24,8,full_map,7,CASP3
DOCKSTRING-58,200,24,8,full_map,9,ESR2
DOCKSTRING-58,200,24,8,full_map,13,HSP90AA1
DOCKSTRING-58,200,24,8,full_map,20,PGR
DOCKSTRING-58,200,24,8,full_map,21,PTPN1
DOCKSTRING-58,200,24,8,full_map,31,LCK
DOCKSTRING-58,200,24,8,full_map,57,KDR
DOCKSTRING-58,200,24,8,sample_map,7,CASP3
DOCKSTRING-58,200,24,8,sample_map,20,PGR
DOCKSTRING-58,200,24,8,sample_map,21,PTPN1
DOCKSTRING-58,200,24,8,sample_map,28,NR3C1
DOCKSTRING-58,200,24,8,sample_map,30,JAK2
DOCKSTRING-58,200,24,8,sample_map,31,LCK
DOCKSTRING-58,200,24,8,sample_map,33,MMP13
DOCKSTRING-58,200,24,8,sample_map,43,CYP3A4
DOCKSTRING-58,200,24,10,full_map,6,MAOB
DOCKSTRING-58,200,24,10,full_map,7,CASP3
DOCKSTRING-58,200,24,10,full_map,9,ESR2
DOCKSTRING-58,200,24,10,full_map,13,HSP90AA1
DOCKSTRING-58,200,24,10,full_map,17,NOS1
DOCKSTRING-58,200,24,10,full_map,20,PGR
DOCKSTRING-58,200,24,10,full_map,21,PTPN1
DOCKSTRING-58,200,24,10,full_map,31,LCK
DOCKSTRING-58,200,24,10,full_map,33,MMP13
DOCKSTRING-58,200,24,10,full_map,57,KDR
DOCKSTRING-58,200,24,10,sample_map,7,CASP3
DOCKSTRING-58,200,24,10,sample_map,10,PTK2
DOCKSTRING-58,200,24,10,sample_map,20,PGR
DOCKSTRING-58,200,24,10,sample_map,21,PTPN1
DOCKSTRING-58,200,24,10,sample_map,27,ESR1
DOCKSTRING-58,200,24,10,sample_map,28,NR3C1
DOCKSTRING-58,200,24,10,sample_map,30,JAK2
DOCKSTRING-58,200,24,10,sample_map,31,LCK
DOCKSTRING-58,200,24,10,sample_map,33,MMP13
DOCKSTRING-58,200,24,10,sample_map,43,CYP3A4
DOCKSTRING-58,200,25,6,full_map,6,MAOB
DOCKSTRING-58,200,25,6,full_map,7,CASP3
DOCKSTRING-58,200,25,6,full_map,20,PGR
DOCKSTRING-58,200,25,6,full_map,21,PTPN1
DOCKSTRING-58,200,25,6,full_map,31,LCK
DOCKSTRING-58,200,25,6,full_map,57,KDR
DOCKSTRING-58,200,25,6,sample_map,6,MAOB
DOCKSTRING-58,200,25,6,sample_map,11,FGFR1
DOCKSTRING-58,200,25,6,sample_map,20,PGR
DOCKSTRING-58,200,25,6,sample_map,40,BACE1
DOCKSTRING-58,200,25,6,sample_map,53,PLK1
DOCKSTRING-58,200,25,6,sample_map,57,KDR
DOCKSTRING-58,200,25,8,full_map,6,MAOB
DOCKSTRING-58,200,25,8,full_map,7,CASP3
DOCKSTRING-58,200,25,8,full_map,9,ESR2
DOCKSTRING-58,200,25,8,full_map,13,HSP90AA1
DOCKSTRING-58,200,25,8,full_map,20,PGR
DOCKSTRING-58,200,25,8,full_map,21,PTPN1
DOCKSTRING-58,200,25,8,full_map,31,LCK
DOCKSTRING-58,200,25,8,full_map,57,KDR
DOCKSTRING-58,200,25,8,sample_map,3,ADRB1
DOCKSTRING-58,200,25,8,sample_map,6,MAOB
DOCKSTRING-58,200,25,8,sample_map,10,PTK2
DOCKSTRING-58,200,25,8,sample_map,11,FGFR1
DOCKSTRING-58,200,25,8,sample_map,20,PGR
DOCKSTRING-58,200,25,8,sample_map,40,BACE1
DOCKSTRING-58,200,25,8,sample_map,53,PLK1
DOCKSTRING-58,200,25,8,sample_map,57,KDR
DOCKSTRING-58,200,25,10,full_map,6,MAOB
DOCKSTRING-58,200,25,10,full_map,7,CASP3
DOCKSTRING-58,200,25,10,full_map,9,ESR2
DOCKSTRING-58,200,25,10,full_map,13,HSP90AA1
DOCKSTRING-58,200,25,10,full_map,17,NOS1
DOCKSTRING-58,200,25,10,full_map,20,PGR
DOCKSTRING-58,200,25,10,full_map,21,PTPN1
DOCKSTRING-58,200,25,10,full_map,31,LCK
DOCKSTRING-58,200,25,10,full_map,33,MMP13
DOCKSTRING-58,200,25,10,full_map,57,KDR
DOCKSTRING-58,200,25,10,sample_map,3,ADRB1
DOCKSTRING-58,200,25,10,sample_map,6,MAOB
DOCKSTRING-58,200,25,10,sample_map,10,PTK2
DOCKSTRING-58,200,25,10,sample_map,20,PGR
DOCKSTRING-58,200,25,10,sample_map,21,PTPN1
DOCKSTRING-58,200,25,10,sample_map,33,MMP13
DOCKSTRING-58,200,25,10,sample_map,40,BACE1
DOCKSTRING-58,200,25,10,sample_map,51,MAPK1
DOCKSTRING-58,200,25,10,sample_map,53,PLK1
DOCKSTRING-58,200,25,10,sample_map,57,KDR
DOCKSTRING-58,200,26,6,full_map,6,MAOB
DOCKSTRING-58,200,26,6,full_map,7,CASP3
DOCKSTRING-58,200,26,6,full_map,20,PGR
DOCKSTRING-58,200,26,6,full_map,21,PTPN1
DOCKSTRING-58,200,26,6,full_map,31,LCK
DOCKSTRING-58,200,26,6,full_map,57,KDR
DOCKSTRING-58,200,26,6,sample_map,7,CASP3
DOCKSTRING-58,200,26,6,sample_map,20,PGR
DOCKSTRING-58,200,26,6,sample_map,31,LCK
DOCKSTRING-58,200,26,6,sample_map,52,MAPK14
DOCKSTRING-58,200,26,6,sample_map,55,THRB
DOCKSTRING-58,200,26,6,sample_map,57,KDR
DOCKSTRING-58,200,26,8,full_map,6,MAOB
DOCKSTRING-58,200,26,8,full_map,7,CASP3
DOCKSTRING-58,200,26,8,full_map,9,ESR2
DOCKSTRING-58,200,26,8,full_map,13,HSP90AA1
DOCKSTRING-58,200,26,8,full_map,20,PGR
DOCKSTRING-58,200,26,8,full_map,21,PTPN1
DOCKSTRING-58,200,26,8,full_map,31,LCK
DOCKSTRING-58,200,26,8,full_map,57,KDR
DOCKSTRING-58,200,26,8,sample_map,7,CASP3
DOCKSTRING-58,200,26,8,sample_map,20,PGR
DOCKSTRING-58,200,26,8,sample_map,29,IGF1R
DOCKSTRING-58,200,26,8,sample_map,31,LCK
DOCKSTRING-58,200,26,8,sample_map,33,MMP13
DOCKSTRING-58,200,26,8,sample_map,52,MAPK14
DOCKSTRING-58,200,26,8,sample_map,55,THRB
DOCKSTRING-58,200,26,8,sample_map,57,KDR
DOCKSTRING-58,200,26,10,full_map,6,MAOB
DOCKSTRING-58,200,26,10,full_map,7,CASP3
DOCKSTRING-58,200,26,10,full_map,9,ESR2
DOCKSTRING-58,200,26,10,full_map,13,HSP90AA1
DOCKSTRING-58,200,26,10,full_map,17,NOS1
DOCKSTRING-58,200,26,10,full_map,20,PGR
DOCKSTRING-58,200,26,10,full_map,21,PTPN1
DOCKSTRING-58,200,26,10,full_map,31,LCK
DOCKSTRING-58,200,26,10,full_map,33,MMP13
DOCKSTRING-58,200,26,10,full_map,57,KDR
DOCKSTRING-58,200,26,10,sample_map,7,CASP3
DOCKSTRING-58,200,26,10,sample_map,13,HSP90AA1
DOCKSTRING-58,200,26,10,sample_map,17,NOS1
DOCKSTRING-58,200,26,10,sample_map,20,PGR
DOCKSTRING-58,200,26,10,sample_map,26,CSF1R
DOCKSTRING-58,200,26,10,sample_map,29,IGF1R
DOCKSTRING-58,200,26,10,sample_map,31,LCK
DOCKSTRING-58,200,26,10,sample_map,33,MMP13
DOCKSTRING-58,200,26,10,sample_map,55,THRB
DOCKSTRING-58,200,26,10,sample_map,57,KDR
DOCKSTRING-58,200,27,6,full_map,6,MAOB
DOCKSTRING-58,200,27,6,full_map,7,CASP3
DOCKSTRING-58,200,27,6,full_map,20,PGR
DOCKSTRING-58,200,27,6,full_map,21,PTPN1
DOCKSTRING-58,200,27,6,full_map,31,LCK
DOCKSTRING-58,200,27,6,full_map,57,KDR
DOCKSTRING-58,200,27,6,sample_map,6,MAOB
DOCKSTRING-58,200,27,6,sample_map,20,PGR
DOCKSTRING-58,200,27,6,sample_map,33,MMP13
DOCKSTRING-58,200,27,6,sample_map,40,BACE1
DOCKSTRING-58,200,27,6,sample_map,50,GBA
DOCKSTRING-58,200,27,6,sample_map,57,KDR
DOCKSTRING-58,200,27,8,full_map,6,MAOB
DOCKSTRING-58,200,27,8,full_map,7,CASP3
DOCKSTRING-58,200,27,8,full_map,9,ESR2
DOCKSTRING-58,200,27,8,full_map,13,HSP90AA1
DOCKSTRING-58,200,27,8,full_map,20,PGR
DOCKSTRING-58,200,27,8,full_map,21,PTPN1
DOCKSTRING-58,200,27,8,full_map,31,LCK
DOCKSTRING-58,200,27,8,full_map,57,KDR
DOCKSTRING-58,200,27,8,sample_map,6,MAOB
DOCKSTRING-58,200,27,8,sample_map,13,HSP90AA1
DOCKSTRING-58,200,27,8,sample_map,20,PGR
DOCKSTRING-58,200,27,8,sample_map,31,LCK
DOCKSTRING-58,200,27,8,sample_map,33,MMP13
DOCKSTRING-58,200,27,8,sample_map,38,ADORA2A
DOCKSTRING-58,200,27,8,sample_map,40,BACE1
DOCKSTRING-58,200,27,8,sample_map,57,KDR
DOCKSTRING-58,200,27,10,full_map,6,MAOB
DOCKSTRING-58,200,27,10,full_map,7,CASP3
DOCKSTRING-58,200,27,10,full_map,9,ESR2
DOCKSTRING-58,200,27,10,full_map,13,HSP90AA1
DOCKSTRING-58,200,27,10,full_map,17,NOS1
DOCKSTRING-58,200,27,10,full_map,20,PGR
DOCKSTRING-58,200,27,10,full_map,21,PTPN1
DOCKSTRING-58,200,27,10,full_map,31,LCK
DOCKSTRING-58,200,27,10,full_map,33,MMP13
DOCKSTRING-58,200,27,10,full_map,57,KDR
DOCKSTRING-58,200,27,10,sample_map,6,MAOB
DOCKSTRING-58,200,27,10,sample_map,20,PGR
DOCKSTRING-58,200,27,10,sample_map,26,CSF1R
DOCKSTRING-58,200,27,10,sample_map,31,LCK
DOCKSTRING-58,200,27,10,sample_map,33,MMP13
DOCKSTRING-58,200,27,10,sample_map,38,ADORA2A
DOCKSTRING-58,200,27,10,sample_map,39,ACHE
DOCKSTRING-58,200,27,10,sample_map,40,BACE1
DOCKSTRING-58,200,27,10,sample_map,51,MAPK1
DOCKSTRING-58,200,27,10,sample_map,57,KDR
DOCKSTRING-58,200,28,6,full_map,6,MAOB
DOCKSTRING-58,200,28,6,full_map,7,CASP3
DOCKSTRING-58,200,28,6,full_map,20,PGR
DOCKSTRING-58,200,28,6,full_map,21,PTPN1
DOCKSTRING-58,200,28,6,full_map,31,LCK
DOCKSTRING-58,200,28,6,full_map,57,KDR
DOCKSTRING-58,200,28,6,sample_map,7,CASP3
DOCKSTRING-58,200,28,6,sample_map,24,AR
DOCKSTRING-58,200,28,6,sample_map,27,ESR1
DOCKSTRING-58,200,28,6,sample_map,38,ADORA2A
DOCKSTRING-58,200,28,6,sample_map,43,CYP3A4
DOCKSTRING-58,200,28,6,sample_map,57,KDR
DOCKSTRING-58,200,28,8,full_map,6,MAOB
DOCKSTRING-58,200,28,8,full_map,7,CASP3
DOCKSTRING-58,200,28,8,full_map,9,ESR2
DOCKSTRING-58,200,28,8,full_map,13,HSP90AA1
DOCKSTRING-58,200,28,8,full_map,20,PGR
DOCKSTRING-58,200,28,8,full_map,21,PTPN1
DOCKSTRING-58,200,28,8,full_map,31,LCK
DOCKSTRING-58,200,28,8,full_map,57,KDR
DOCKSTRING-58,200,28,8,sample_map,7,CASP3
DOCKSTRING-58,200,28,8,sample_map,9,ESR2
DOCKSTRING-58,200,28,8,sample_map,24,AR
DOCKSTRING-58,200,28,8,sample_map,38,ADORA2A
DOCKSTRING-58,200,28,8,sample_map,39,ACHE
DOCKSTRING-58,200,28,8,sample_map,43,CYP3A4
DOCKSTRING-58,200,28,8,sample_map,55,THRB
DOCKSTRING-58,200,28,8,sample_map,57,KDR
DOCKSTRING-58,200,28,10,full_map,6,MAOB
DOCKSTRING-58,200,28,10,full_map,7,CASP3
DOCKSTRING-58,200,28,10,full_map,9,ESR2
DOCKSTRING-58,200,28,10,full_map,13,HSP90AA1
DOCKSTRING-58,200,28,10,full_map,17,NOS1
DOCKSTRING-58,200,28,10,full_map,20,PGR
DOCKSTRING-58,200,28,10,full_map,21,PTPN1
DOCKSTRING-58,200,28,10,full_map,31,LCK
DOCKSTRING-58,200,28,10,full_map,33,MMP13
DOCKSTRING-58,200,28,10,full_map,57,KDR
DOCKSTRING-58,200,28,10,sample_map,7,CASP3
DOCKSTRING-58,200,28,10,sample_map,24,AR
DOCKSTRING-58,200,28,10,sample_map,27,ESR1
DOCKSTRING-58,200,28,10,sample_map,33,MMP13
DOCKSTRING-58,200,28,10,sample_map,38,ADORA2A
DOCKSTRING-58,200,28,10,sample_map,39,ACHE
DOCKSTRING-58,200,28,10,sample_map,43,CYP3A4
DOCKSTRING-58,200,28,10,sample_map,51,MAPK1
DOCKSTRING-58,200,28,10,sample_map,55,THRB
DOCKSTRING-58,200,28,10,sample_map,57,KDR
DOCKSTRING-58,200,29,6,full_map,6,MAOB
DOCKSTRING-58,200,29,6,full_map,7,CASP3
DOCKSTRING-58,200,29,6,full_map,20,PGR
DOCKSTRING-58,200,29,6,full_map,21,PTPN1
DOCKSTRING-58,200,29,6,full_map,31,LCK
DOCKSTRING-58,200,29,6,full_map,57,KDR
DOCKSTRING-58,200,29,6,sample_map,1,ABL1
DOCKSTRING-58,200,29,6,sample_map,6,MAOB
DOCKSTRING-58,200,29,6,sample_map,8,DHFR
DOCKSTRING-58,200,29,6,sample_map,20,PGR
DOCKSTRING-58,200,29,6,sample_map,27,ESR1
DOCKSTRING-58,200,29,6,sample_map,40,BACE1
DOCKSTRING-58,200,29,8,full_map,6,MAOB
DOCKSTRING-58,200,29,8,full_map,7,CASP3
DOCKSTRING-58,200,29,8,full_map,9,ESR2
DOCKSTRING-58,200,29,8,full_map,13,HSP90AA1
DOCKSTRING-58,200,29,8,full_map,20,PGR
DOCKSTRING-58,200,29,8,full_map,21,PTPN1
DOCKSTRING-58,200,29,8,full_map,31,LCK
DOCKSTRING-58,200,29,8,full_map,57,KDR
DOCKSTRING-58,200,29,8,sample_map,1,ABL1
DOCKSTRING-58,200,29,8,sample_map,6,MAOB
DOCKSTRING-58,200,29,8,sample_map,8,DHFR
DOCKSTRING-58,200,29,8,sample_map,20,PGR
DOCKSTRING-58,200,29,8,sample_map,25,CDK2
DOCKSTRING-58,200,29,8,sample_map,27,ESR1
DOCKSTRING-58,200,29,8,sample_map,35,PPARA
DOCKSTRING-58,200,29,8,sample_map,40,BACE1
DOCKSTRING-58,200,29,10,full_map,6,MAOB
DOCKSTRING-58,200,29,10,full_map,7,CASP3
DOCKSTRING-58,200,29,10,full_map,9,ESR2
DOCKSTRING-58,200,29,10,full_map,13,HSP90AA1
DOCKSTRING-58,200,29,10,full_map,17,NOS1
DOCKSTRING-58,200,29,10,full_map,20,PGR
DOCKSTRING-58,200,29,10,full_map,21,PTPN1
DOCKSTRING-58,200,29,10,full_map,31,LCK
DOCKSTRING-58,200,29,10,full_map,33,MMP13
DOCKSTRING-58,200,29,10,full_map,57,KDR
DOCKSTRING-58,200,29,10,sample_map,1,ABL1
DOCKSTRING-58,200,29,10,sample_map,6,MAOB
DOCKSTRING-58,200,29,10,sample_map,8,DHFR
DOCKSTRING-58,200,29,10,sample_map,20,PGR
DOCKSTRING-58,200,29,10,sample_map,25,CDK2
DOCKSTRING-58,200,29,10,sample_map,26,CSF1R
DOCKSTRING-58,200,29,10,sample_map,27,ESR1
DOCKSTRING-58,200,29,10,sample_map,31,LCK
DOCKSTRING-58,200,29,10,sample_map,35,PPARA
DOCKSTRING-58,200,29,10,sample_map,40,BACE1
DOCKSTRING-58,200,30,6,full_map,6,MAOB
DOCKSTRING-58,200,30,6,full_map,7,CASP3
DOCKSTRING-58,200,30,6,full_map,20,PGR
DOCKSTRING-58,200,30,6,full_map,21,PTPN1
DOCKSTRING-58,200,30,6,full_map,31,LCK
DOCKSTRING-58,200,30,6,full_map,57,KDR
DOCKSTRING-58,200,30,6,sample_map,7,CASP3
DOCKSTRING-58,200,30,6,sample_map,9,ESR2
DOCKSTRING-58,200,30,6,sample_map,20,PGR
DOCKSTRING-58,200,30,6,sample_map,28,NR3C1
DOCKSTRING-58,200,30,6,sample_map,43,CYP3A4
DOCKSTRING-58,200,30,6,sample_map,57,KDR
DOCKSTRING-58,200,30,8,full_map,6,MAOB
DOCKSTRING-58,200,30,8,full_map,7,CASP3
DOCKSTRING-58,200,30,8,full_map,9,ESR2
DOCKSTRING-58,200,30,8,full_map,13,HSP90AA1
DOCKSTRING-58,200,30,8,full_map,20,PGR
DOCKSTRING-58,200,30,8,full_map,21,PTPN1
DOCKSTRING-58,200,30,8,full_map,31,LCK
DOCKSTRING-58,200,30,8,full_map,57,KDR
DOCKSTRING-58,200,30,8,sample_map,7,CASP3
DOCKSTRING-58,200,30,8,sample_map,9,ESR2
DOCKSTRING-58,200,30,8,sample_map,13,HSP90AA1
DOCKSTRING-58,200,30,8,sample_map,20,PGR
DOCKSTRING-58,200,30,8,sample_map,21,PTPN1
DOCKSTRING-58,200,30,8,sample_map,28,NR3C1
DOCKSTRING-58,200,30,8,sample_map,43,CYP3A4
DOCKSTRING-58,200,30,8,sample_map,57,KDR
DOCKSTRING-58,200,30,10,full_map,6,MAOB
DOCKSTRING-58,200,30,10,full_map,7,CASP3
DOCKSTRING-58,200,30,10,full_map,9,ESR2
DOCKSTRING-58,200,30,10,full_map,13,HSP90AA1
DOCKSTRING-58,200,30,10,full_map,17,NOS1
DOCKSTRING-58,200,30,10,full_map,20,PGR
DOCKSTRING-58,200,30,10,full_map,21,PTPN1
DOCKSTRING-58,200,30,10,full_map,31,LCK
DOCKSTRING-58,200,30,10,full_map,33,MMP13
DOCKSTRING-58,200,30,10,full_map,57,KDR
DOCKSTRING-58,200,30,10,sample_map,7,CASP3
DOCKSTRING-58,200,30,10,sample_map,9,ESR2
DOCKSTRING-58,200,30,10,sample_map,10,PTK2
DOCKSTRING-58,200,30,10,sample_map,13,HSP90AA1
DOCKSTRING-58,200,30,10,sample_map,20,PGR
DOCKSTRING-58,200,30,10,sample_map,21,PTPN1
DOCKSTRING-58,200,30,10,sample_map,28,NR3C1
DOCKSTRING-58,200,30,10,sample_map,41,CA2
DOCKSTRING-58,200,30,10,sample_map,43,CYP3A4
DOCKSTRING-58,200,30,10,sample_map,57,KDR
DOCKSTRING-58,200,31,6,full_map,6,MAOB
DOCKSTRING-58,200,31,6,full_map,7,CASP3
DOCKSTRING-58,200,31,6,full_map,20,PGR
DOCKSTRING-58,200,31,6,full_map,21,PTPN1
DOCKSTRING-58,200,31,6,full_map,31,LCK
DOCKSTRING-58,200,31,6,full_map,57,KDR
DOCKSTRING-58,200,31,6,sample_map,11,FGFR1
DOCKSTRING-58,200,31,6,sample_map,20,PGR
DOCKSTRING-58,200,31,6,sample_map,25,CDK2
DOCKSTRING-58,200,31,6,sample_map,41,CA2
DOCKSTRING-58,200,31,6,sample_map,43,CYP3A4
DOCKSTRING-58,200,31,6,sample_map,57,KDR
DOCKSTRING-58,200,31,8,full_map,6,MAOB
DOCKSTRING-58,200,31,8,full_map,7,CASP3
DOCKSTRING-58,200,31,8,full_map,9,ESR2
DOCKSTRING-58,200,31,8,full_map,13,HSP90AA1
DOCKSTRING-58,200,31,8,full_map,20,PGR
DOCKSTRING-58,200,31,8,full_map,21,PTPN1
DOCKSTRING-58,200,31,8,full_map,31,LCK
DOCKSTRING-58,200,31,8,full_map,57,KDR
DOCKSTRING-58,200,31,8,sample_map,9,ESR2
DOCKSTRING-58,200,31,8,sample_map,11,FGFR1
DOCKSTRING-58,200,31,8,sample_map,20,PGR
DOCKSTRING-58,200,31,8,sample_map,25,CDK2
DOCKSTRING-58,200,31,8,sample_map,41,CA2
DOCKSTRING-58,200,31,8,sample_map,42,CYP2C9
DOCKSTRING-58,200,31,8,sample_map,43,CYP3A4
DOCKSTRING-58,200,31,8,sample_map,57,KDR
DOCKSTRING-58,200,31,10,full_map,6,MAOB
DOCKSTRING-58,200,31,10,full_map,7,CASP3
DOCKSTRING-58,200,31,10,full_map,9,ESR2
DOCKSTRING-58,200,31,10,full_map,13,HSP90AA1
DOCKSTRING-58,200,31,10,full_map,17,NOS1
DOCKSTRING-58,200,31,10,full_map,20,PGR
DOCKSTRING-58,200,31,10,full_map,21,PTPN1
DOCKSTRING-58,200,31,10,full_map,31,LCK
DOCKSTRING-58,200,31,10,full_map,33,MMP13
DOCKSTRING-58,200,31,10,full_map,57,KDR
DOCKSTRING-58,200,31,10,sample_map,9,ESR2
DOCKSTRING-58,200,31,10,sample_map,11,FGFR1
DOCKSTRING-58,200,31,10,sample_map,13,HSP90AA1
DOCKSTRING-58,200,31,10,sample_map,20,PGR
DOCKSTRING-58,200,31,10,sample_map,25,CDK2
DOCKSTRING-58,200,31,10,sample_map,38,ADORA2A
DOCKSTRING-58,200,31,10,sample_map,41,CA2
DOCKSTRING-58,200,31,10,sample_map,43,CYP3A4
DOCKSTRING-58,200,31,10,sample_map,52,MAPK14
DOCKSTRING-58,200,31,10,sample_map,57,KDR
DOCKSTRING-58,200,32,6,full_map,6,MAOB
DOCKSTRING-58,200,32,6,full_map,7,CASP3
DOCKSTRING-58,200,32,6,full_map,20,PGR
DOCKSTRING-58,200,32,6,full_map,21,PTPN1
DOCKSTRING-58,200,32,6,full_map,31,LCK
DOCKSTRING-58,200,32,6,full_map,57,KDR
DOCKSTRING-58,200,32,6,sample_map,1,ABL1
DOCKSTRING-58,200,32,6,sample_map,7,CASP3
DOCKSTRING-58,200,32,6,sample_map,20,PGR
DOCKSTRING-58,200,32,6,sample_map,30,JAK2
DOCKSTRING-58,200,32,6,sample_map,33,MMP13
DOCKSTRING-58,200,32,6,sample_map,55,THRB
DOCKSTRING-58,200,32,8,full_map,6,MAOB
DOCKSTRING-58,200,32,8,full_map,7,CASP3
DOCKSTRING-58,200,32,8,full_map,9,ESR2
DOCKSTRING-58,200,32,8,full_map,13,HSP90AA1
DOCKSTRING-58,200,32,8,full_map,20,PGR
DOCKSTRING-58,200,32,8,full_map,21,PTPN1
DOCKSTRING-58,200,32,8,full_map,31,LCK
DOCKSTRING-58,200,32,8,full_map,57,KDR
DOCKSTRING-58,200,32,8,sample_map,1,ABL1
DOCKSTRING-58,200,32,8,sample_map,7,CASP3
DOCKSTRING-58,200,32,8,sample_map,17,NOS1
DOCKSTRING-58,200,32,8,sample_map,20,PGR
DOCKSTRING-58,200,32,8,sample_map,30,JAK2
DOCKSTRING-58,200,32,8,sample_map,33,MMP13
DOCKSTRING-58,200,32,8,sample_map,51,MAPK1
DOCKSTRING-58,200,32,8,sample_map,55,THRB
DOCKSTRING-58,200,32,10,full_map,6,MAOB
DOCKSTRING-58,200,32,10,full_map,7,CASP3
DOCKSTRING-58,200,32,10,full_map,9,ESR2
DOCKSTRING-58,200,32,10,full_map,13,HSP90AA1
DOCKSTRING-58,200,32,10,full_map,17,NOS1
DOCKSTRING-58,200,32,10,full_map,20,PGR
DOCKSTRING-58,200,32,10,full_map,21,PTPN1
DOCKSTRING-58,200,32,10,full_map,31,LCK
DOCKSTRING-58,200,32,10,full_map,33,MMP13
DOCKSTRING-58,200,32,10,full_map,57,KDR
DOCKSTRING-58,200,32,10,sample_map,1,ABL1
DOCKSTRING-58,200,32,10,sample_map,7,CASP3
DOCKSTRING-58,200,32,10,sample_map,17,NOS1
DOCKSTRING-58,200,32,10,sample_map,20,PGR
DOCKSTRING-58,200,32,10,sample_map,25,CDK2
DOCKSTRING-58,200,32,10,sample_map,26,CSF1R
DOCKSTRING-58,200,32,10,sample_map,30,JAK2
DOCKSTRING-58,200,32,10,sample_map,33,MMP13
DOCKSTRING-58,200,32,10,sample_map,51,MAPK1
DOCKSTRING-58,200,32,10,sample_map,55,THRB
DOCKSTRING-58,200,33,6,full_map,6,MAOB
DOCKSTRING-58,200,33,6,full_map,7,CASP3
DOCKSTRING-58,200,33,6,full_map,20,PGR
DOCKSTRING-58,200,33,6,full_map,21,PTPN1
DOCKSTRING-58,200,33,6,full_map,31,LCK
DOCKSTRING-58,200,33,6,full_map,57,KDR
DOCKSTRING-58,200,33,6,sample_map,18,PARP1
DOCKSTRING-58,200,33,6,sample_map,20,PGR
DOCKSTRING-58,200,33,6,sample_map,30,JAK2
DOCKSTRING-58,200,33,6,sample_map,33,MMP13
DOCKSTRING-58,200,33,6,sample_map,40,BACE1
DOCKSTRING-58,200,33,6,sample_map,55,THRB
DOCKSTRING-58,200,33,8,full_map,6,MAOB
DOCKSTRING-58,200,33,8,full_map,7,CASP3
DOCKSTRING-58,200,33,8,full_map,9,ESR2
DOCKSTRING-58,200,33,8,full_map,13,HSP90AA1
DOCKSTRING-58,200,33,8,full_map,20,PGR
DOCKSTRING-58,200,33,8,full_map,21,PTPN1
DOCKSTRING-58,200,33,8,full_map,31,LCK
DOCKSTRING-58,200,33,8,full_map,57,KDR
DOCKSTRING-58,200,33,8,sample_map,11,FGFR1
DOCKSTRING-58,200,33,8,sample_map,18,PARP1
DOCKSTRING-58,200,33,8,sample_map,20,PGR
DOCKSTRING-58,200,33,8,sample_map,27,ESR1
DOCKSTRING-58,200,33,8,sample_map,30,JAK2
DOCKSTRING-58,200,33,8,sample_map,33,MMP13
DOCKSTRING-58,200,33,8,sample_map,40,BACE1
DOCKSTRING-58,200,33,8,sample_map,55,THRB
DOCKSTRING-58,200,33,10,full_map,6,MAOB
DOCKSTRING-58,200,33,10,full_map,7,CASP3
DOCKSTRING-58,200,33,10,full_map,9,ESR2
DOCKSTRING-58,200,33,10,full_map,13,HSP90AA1
DOCKSTRING-58,200,33,10,full_map,17,NOS1
DOCKSTRING-58,200,33,10,full_map,20,PGR
DOCKSTRING-58,200,33,10,full_map,21,PTPN1
DOCKSTRING-58,200,33,10,full_map,31,LCK
DOCKSTRING-58,200,33,10,full_map,33,MMP13
DOCKSTRING-58,200,33,10,full_map,57,KDR
DOCKSTRING-58,200,33,10,sample_map,11,FGFR1
DOCKSTRING-58,200,33,10,sample_map,18,PARP1
DOCKSTRING-58,200,33,10,sample_map,20,PGR
DOCKSTRING-58,200,33,10,sample_map,26,CSF1R
DOCKSTRING-58,200,33,10,sample_map,27,ESR1
DOCKSTRING-58,200,33,10,sample_map,30,JAK2
DOCKSTRING-58,200,33,10,sample_map,33,MMP13
DOCKSTRING-58,200,33,10,sample_map,40,BACE1
DOCKSTRING-58,200,33,10,sample_map,41,CA2
DOCKSTRING-58,200,33,10,sample_map,55,THRB
DOCKSTRING-58,200,34,6,full_map,6,MAOB
DOCKSTRING-58,200,34,6,full_map,7,CASP3
DOCKSTRING-58,200,34,6,full_map,20,PGR
DOCKSTRING-58,200,34,6,full_map,21,PTPN1
DOCKSTRING-58,200,34,6,full_map,31,LCK
DOCKSTRING-58,200,34,6,full_map,57,KDR
DOCKSTRING-58,200,34,6,sample_map,6,MAOB
DOCKSTRING-58,200,34,6,sample_map,20,PGR
DOCKSTRING-58,200,34,6,sample_map,30,JAK2
DOCKSTRING-58,200,34,6,sample_map,31,LCK
DOCKSTRING-58,200,34,6,sample_map,33,MMP13
DOCKSTRING-58,200,34,6,sample_map,40,BACE1
DOCKSTRING-58,200,34,8,full_map,6,MAOB
DOCKSTRING-58,200,34,8,full_map,7,CASP3
DOCKSTRING-58,200,34,8,full_map,9,ESR2
DOCKSTRING-58,200,34,8,full_map,13,HSP90AA1
DOCKSTRING-58,200,34,8,full_map,20,PGR
DOCKSTRING-58,200,34,8,full_map,21,PTPN1
DOCKSTRING-58,200,34,8,full_map,31,LCK
DOCKSTRING-58,200,34,8,full_map,57,KDR
DOCKSTRING-58,200,34,8,sample_map,20,PGR
DOCKSTRING-58,200,34,8,sample_map,27,ESR1
DOCKSTRING-58,200,34,8,sample_map,30,JAK2
DOCKSTRING-58,200,34,8,sample_map,31,LCK
DOCKSTRING-58,200,34,8,sample_map,33,MMP13
DOCKSTRING-58,200,34,8,sample_map,36,PPARG
DOCKSTRING-58,200,34,8,sample_map,40,BACE1
DOCKSTRING-58,200,34,8,sample_map,43,CYP3A4
DOCKSTRING-58,200,34,10,full_map,6,MAOB
DOCKSTRING-58,200,34,10,full_map,7,CASP3
DOCKSTRING-58,200,34,10,full_map,9,ESR2
DOCKSTRING-58,200,34,10,full_map,13,HSP90AA1
DOCKSTRING-58,200,34,10,full_map,17,NOS1
DOCKSTRING-58,200,34,10,full_map,20,PGR
DOCKSTRING-58,200,34,10,full_map,21,PTPN1
DOCKSTRING-58,200,34,10,full_map,31,LCK
DOCKSTRING-58,200,34,10,full_map,33,MMP13
DOCKSTRING-58,200,34,10,full_map,57,KDR
DOCKSTRING-58,200,34,10,sample_map,0,PPARD
DOCKSTRING-58,200,34,10,sample_map,10,PTK2
DOCKSTRING-58,200,34,10,sample_map,20,PGR
DOCKSTRING-58,200,34,10,sample_map,27,ESR1
DOCKSTRING-58,200,34,10,sample_map,30,JAK2
DOCKSTRING-58,200,34,10,sample_map,31,LCK
DOCKSTRING-58,200,34,10,sample_map,33,MMP13
DOCKSTRING-58,200,34,10,sample_map,40,BACE1
DOCKSTRING-58,200,34,10,sample_map,43,CYP3A4
DOCKSTRING-58,200,34,10,sample_map,44,HSD11B1
DOCKSTRING-58,200,35,6,full_map,6,MAOB
DOCKSTRING-58,200,35,6,full_map,7,CASP3
DOCKSTRING-58,200,35,6,full_map,20,PGR
DOCKSTRING-58,200,35,6,full_map,21,PTPN1
DOCKSTRING-58,200,35,6,full_map,31,LCK
DOCKSTRING-58,200,35,6,full_map,57,KDR
DOCKSTRING-58,200,35,6,sample_map,12,HMGCR
DOCKSTRING-58,200,35,6,sample_map,20,PGR
DOCKSTRING-58,200,35,6,sample_map,23,AKT1
DOCKSTRING-58,200,35,6,sample_map,33,MMP13
DOCKSTRING-58,200,35,6,sample_map,39,ACHE
DOCKSTRING-58,200,35,6,sample_map,57,KDR
DOCKSTRING-58,200,35,8,full_map,6,MAOB
DOCKSTRING-58,200,35,8,full_map,7,CASP3
DOCKSTRING-58,200,35,8,full_map,9,ESR2
DOCKSTRING-58,200,35,8,full_map,13,HSP90AA1
DOCKSTRING-58,200,35,8,full_map,20,PGR
DOCKSTRING-58,200,35,8,full_map,21,PTPN1
DOCKSTRING-58,200,35,8,full_map,31,LCK
DOCKSTRING-58,200,35,8,full_map,57,KDR
DOCKSTRING-58,200,35,8,sample_map,6,MAOB
DOCKSTRING-58,200,35,8,sample_map,12,HMGCR
DOCKSTRING-58,200,35,8,sample_map,20,PGR
DOCKSTRING-58,200,35,8,sample_map,31,LCK
DOCKSTRING-58,200,35,8,sample_map,33,MMP13
DOCKSTRING-58,200,35,8,sample_map,38,ADORA2A
DOCKSTRING-58,200,35,8,sample_map,39,ACHE
DOCKSTRING-58,200,35,8,sample_map,57,KDR
DOCKSTRING-58,200,35,10,full_map,6,MAOB
DOCKSTRING-58,200,35,10,full_map,7,CASP3
DOCKSTRING-58,200,35,10,full_map,9,ESR2
DOCKSTRING-58,200,35,10,full_map,13,HSP90AA1
DOCKSTRING-58,200,35,10,full_map,17,NOS1
DOCKSTRING-58,200,35,10,full_map,20,PGR
DOCKSTRING-58,200,35,10,full_map,21,PTPN1
DOCKSTRING-58,200,35,10,full_map,31,LCK
DOCKSTRING-58,200,35,10,full_map,33,MMP13
DOCKSTRING-58,200,35,10,full_map,57,KDR
DOCKSTRING-58,200,35,10,sample_map,6,MAOB
DOCKSTRING-58,200,35,10,sample_map,7,CASP3
DOCKSTRING-58,200,35,10,sample_map,20,PGR
DOCKSTRING-58,200,35,10,sample_map,21,PTPN1
DOCKSTRING-58,200,35,10,sample_map,26,CSF1R
DOCKSTRING-58,200,35,10,sample_map,27,ESR1
DOCKSTRING-58,200,35,10,sample_map,31,LCK
DOCKSTRING-58,200,35,10,sample_map,33,MMP13
DOCKSTRING-58,200,35,10,sample_map,44,HSD11B1
DOCKSTRING-58,200,35,10,sample_map,57,KDR
DOCKSTRING-58,200,36,6,full_map,6,MAOB
DOCKSTRING-58,200,36,6,full_map,7,CASP3
DOCKSTRING-58,200,36,6,full_map,20,PGR
DOCKSTRING-58,200,36,6,full_map,21,PTPN1
DOCKSTRING-58,200,36,6,full_map,31,LCK
DOCKSTRING-58,200,36,6,full_map,57,KDR
DOCKSTRING-58,200,36,6,sample_map,20,PGR
DOCKSTRING-58,200,36,6,sample_map,33,MMP13
DOCKSTRING-58,200,36,6,sample_map,40,BACE1
DOCKSTRING-58,200,36,6,sample_map,43,CYP3A4
DOCKSTRING-58,200,36,6,sample_map,44,HSD11B1
DOCKSTRING-58,200,36,6,sample_map,57,KDR
DOCKSTRING-58,200,36,8,full_map,6,MAOB
DOCKSTRING-58,200,36,8,full_map,7,CASP3
DOCKSTRING-58,200,36,8,full_map,9,ESR2
DOCKSTRING-58,200,36,8,full_map,13,HSP90AA1
DOCKSTRING-58,200,36,8,full_map,20,PGR
DOCKSTRING-58,200,36,8,full_map,21,PTPN1
DOCKSTRING-58,200,36,8,full_map,31,LCK
DOCKSTRING-58,200,36,8,full_map,57,KDR
DOCKSTRING-58,200,36,8,sample_map,20,PGR
DOCKSTRING-58,200,36,8,sample_map,25,CDK2
DOCKSTRING-58,200,36,8,sample_map,28,NR3C1
DOCKSTRING-58,200,36,8,sample_map,30,JAK2
DOCKSTRING-58,200,36,8,sample_map,33,MMP13
DOCKSTRING-58,200,36,8,sample_map,40,BACE1
DOCKSTRING-58,200,36,8,sample_map,43,CYP3A4
DOCKSTRING-58,200,36,8,sample_map,54,SRC
DOCKSTRING-58,200,36,10,full_map,6,MAOB
DOCKSTRING-58,200,36,10,full_map,7,CASP3
DOCKSTRING-58,200,36,10,full_map,9,ESR2
DOCKSTRING-58,200,36,10,full_map,13,HSP90AA1
DOCKSTRING-58,200,36,10,full_map,17,NOS1
DOCKSTRING-58,200,36,10,full_map,20,PGR
DOCKSTRING-58,200,36,10,full_map,21,PTPN1
DOCKSTRING-58,200,36,10,full_map,31,LCK
DOCKSTRING-58,200,36,10,full_map,33,MMP13
DOCKSTRING-58,200,36,10,full_map,57,KDR
DOCKSTRING-58,200,36,10,sample_map,13,HSP90AA1
DOCKSTRING-58,200,36,10,sample_map,20,PGR
DOCKSTRING-58,200,36,10,sample_map,25,CDK2
DOCKSTRING-58,200,36,10,sample_map,27,ESR1
DOCKSTRING-58,200,36,10,sample_map,33,MMP13
DOCKSTRING-58,200,36,10,sample_map,40,BACE1
DOCKSTRING-58,200,36,10,sample_map,43,CYP3A4
DOCKSTRING-58,200,36,10,sample_map,44,HSD11B1
DOCKSTRING-58,200,36,10,sample_map,54,SRC
DOCKSTRING-58,200,36,10,sample_map,57,KDR
DOCKSTRING-58,200,37,6,full_map,6,MAOB
DOCKSTRING-58,200,37,6,full_map,7,CASP3
DOCKSTRING-58,200,37,6,full_map,20,PGR
DOCKSTRING-58,200,37,6,full_map,21,PTPN1
DOCKSTRING-58,200,37,6,full_map,31,LCK
DOCKSTRING-58,200,37,6,full_map,57,KDR
DOCKSTRING-58,200,37,6,sample_map,24,AR
DOCKSTRING-58,200,37,6,sample_map,31,LCK
DOCKSTRING-58,200,37,6,sample_map,33,MMP13
DOCKSTRING-58,200,37,6,sample_map,41,CA2
DOCKSTRING-58,200,37,6,sample_map,43,CYP3A4
DOCKSTRING-58,200,37,6,sample_map,57,KDR
DOCKSTRING-58,200,37,8,full_map,6,MAOB
DOCKSTRING-58,200,37,8,full_map,7,CASP3
DOCKSTRING-58,200,37,8,full_map,9,ESR2
DOCKSTRING-58,200,37,8,full_map,13,HSP90AA1
DOCKSTRING-58,200,37,8,full_map,20,PGR
DOCKSTRING-58,200,37,8,full_map,21,PTPN1
DOCKSTRING-58,200,37,8,full_map,31,LCK
DOCKSTRING-58,200,37,8,full_map,57,KDR
DOCKSTRING-58,200,37,8,sample_map,21,PTPN1
DOCKSTRING-58,200,37,8,sample_map,24,AR
DOCKSTRING-58,200,37,8,sample_map,25,CDK2
DOCKSTRING-58,200,37,8,sample_map,31,LCK
DOCKSTRING-58,200,37,8,sample_map,33,MMP13
DOCKSTRING-58,200,37,8,sample_map,41,CA2
DOCKSTRING-58,200,37,8,sample_map,43,CYP3A4
DOCKSTRING-58,200,37,8,sample_map,57,KDR
DOCKSTRING-58,200,37,10,full_map,6,MAOB
DOCKSTRING-58,200,37,10,full_map,7,CASP3
DOCKSTRING-58,200,37,10,full_map,9,ESR2
DOCKSTRING-58,200,37,10,full_map,13,HSP90AA1
DOCKSTRING-58,200,37,10,full_map,17,NOS1
DOCKSTRING-58,200,37,10,full_map,20,PGR
DOCKSTRING-58,200,37,10,full_map,21,PTPN1
DOCKSTRING-58,200,37,10,full_map,31,LCK
DOCKSTRING-58,200,37,10,full_map,33,MMP13
DOCKSTRING-58,200,37,10,full_map,57,KDR
DOCKSTRING-58,200,37,10,sample_map,1,ABL1
DOCKSTRING-58,200,37,10,sample_map,21,PTPN1
DOCKSTRING-58,200,37,10,sample_map,24,AR
DOCKSTRING-58,200,37,10,sample_map,25,CDK2
DOCKSTRING-58,200,37,10,sample_map,27,ESR1
DOCKSTRING-58,200,37,10,sample_map,31,LCK
DOCKSTRING-58,200,37,10,sample_map,33,MMP13
DOCKSTRING-58,200,37,10,sample_map,41,CA2
DOCKSTRING-58,200,37,10,sample_map,43,CYP3A4
DOCKSTRING-58,200,37,10,sample_map,57,KDR
DOCKSTRING-58,200,38,6,full_map,6,MAOB
DOCKSTRING-58,200,38,6,full_map,7,CASP3
DOCKSTRING-58,200,38,6,full_map,20,PGR
DOCKSTRING-58,200,38,6,full_map,21,PTPN1
DOCKSTRING-58,200,38,6,full_map,31,LCK
DOCKSTRING-58,200,38,6,full_map,57,KDR
DOCKSTRING-58,200,38,6,sample_map,4,ADRB2
DOCKSTRING-58,200,38,6,sample_map,6,MAOB
DOCKSTRING-58,200,38,6,sample_map,20,PGR
DOCKSTRING-58,200,38,6,sample_map,27,ESR1
DOCKSTRING-58,200,38,6,sample_map,40,BACE1
DOCKSTRING-58,200,38,6,sample_map,57,KDR
DOCKSTRING-58,200,38,8,full_map,6,MAOB
DOCKSTRING-58,200,38,8,full_map,7,CASP3
DOCKSTRING-58,200,38,8,full_map,9,ESR2
DOCKSTRING-58,200,38,8,full_map,13,HSP90AA1
DOCKSTRING-58,200,38,8,full_map,20,PGR
DOCKSTRING-58,200,38,8,full_map,21,PTPN1
DOCKSTRING-58,200,38,8,full_map,31,LCK
DOCKSTRING-58,200,38,8,full_map,57,KDR
DOCKSTRING-58,200,38,8,sample_map,4,ADRB2
DOCKSTRING-58,200,38,8,sample_map,6,MAOB
DOCKSTRING-58,200,38,8,sample_map,9,ESR2
DOCKSTRING-58,200,38,8,sample_map,17,NOS1
DOCKSTRING-58,200,38,8,sample_map,20,PGR
DOCKSTRING-58,200,38,8,sample_map,40,BACE1
DOCKSTRING-58,200,38,8,sample_map,53,PLK1
DOCKSTRING-58,200,38,8,sample_map,57,KDR
DOCKSTRING-58,200,38,10,full_map,6,MAOB
DOCKSTRING-58,200,38,10,full_map,7,CASP3
DOCKSTRING-58,200,38,10,full_map,9,ESR2
DOCKSTRING-58,200,38,10,full_map,13,HSP90AA1
DOCKSTRING-58,200,38,10,full_map,17,NOS1
DOCKSTRING-58,200,38,10,full_map,20,PGR
DOCKSTRING-58,200,38,10,full_map,21,PTPN1
DOCKSTRING-58,200,38,10,full_map,31,LCK
DOCKSTRING-58,200,38,10,full_map,33,MMP13
DOCKSTRING-58,200,38,10,full_map,57,KDR
DOCKSTRING-58,200,38,10,sample_map,4,ADRB2
DOCKSTRING-58,200,38,10,sample_map,6,MAOB
DOCKSTRING-58,200,38,10,sample_map,10,PTK2
DOCKSTRING-58,200,38,10,sample_map,17,NOS1
DOCKSTRING-58,200,38,10,sample_map,20,PGR
DOCKSTRING-58,200,38,10,sample_map,27,ESR1
DOCKSTRING-58,200,38,10,sample_map,33,MMP13
DOCKSTRING-58,200,38,10,sample_map,40,BACE1
DOCKSTRING-58,200,38,10,sample_map,53,PLK1
DOCKSTRING-58,200,38,10,sample_map,57,KDR
DOCKSTRING-58,200,39,6,full_map,6,MAOB
DOCKSTRING-58,200,39,6,full_map,7,CASP3
DOCKSTRING-58,200,39,6,full_map,20,PGR
DOCKSTRING-58,200,39,6,full_map,21,PTPN1
DOCKSTRING-58,200,39,6,full_map,31,LCK
DOCKSTRING-58,200,39,6,full_map,57,KDR
DOCKSTRING-58,200,39,6,sample_map,6,MAOB
DOCKSTRING-58,200,39,6,sample_map,7,CASP3
DOCKSTRING-58,200,39,6,sample_map,8,DHFR
DOCKSTRING-58,200,39,6,sample_map,20,PGR
DOCKSTRING-58,200,39,6,sample_map,27,ESR1
DOCKSTRING-58,200,39,6,sample_map,57,KDR
DOCKSTRING-58,200,39,8,full_map,6,MAOB
DOCKSTRING-58,200,39,8,full_map,7,CASP3
DOCKSTRING-58,200,39,8,full_map,9,ESR2
DOCKSTRING-58,200,39,8,full_map,13,HSP90AA1
DOCKSTRING-58,200,39,8,full_map,20,PGR
DOCKSTRING-58,200,39,8,full_map,21,PTPN1
DOCKSTRING-58,200,39,8,full_map,31,LCK
DOCKSTRING-58,200,39,8,full_map,57,KDR
DOCKSTRING-58,200,39,8,sample_map,1,ABL1
DOCKSTRING-58,200,39,8,sample_map,6,MAOB
DOCKSTRING-58,200,39,8,sample_map,7,CASP3
DOCKSTRING-58,200,39,8,sample_map,20,PGR
DOCKSTRING-58,200,39,8,sample_map,21,PTPN1
DOCKSTRING-58,200,39,8,sample_map,27,ESR1
DOCKSTRING-58,200,39,8,sample_map,35,PPARA
DOCKSTRING-58,200,39,8,sample_map,57,KDR
DOCKSTRING-58,200,39,10,full_map,6,MAOB
DOCKSTRING-58,200,39,10,full_map,7,CASP3
DOCKSTRING-58,200,39,10,full_map,9,ESR2
DOCKSTRING-58,200,39,10,full_map,13,HSP90AA1
DOCKSTRING-58,200,39,10,full_map,17,NOS1
DOCKSTRING-58,200,39,10,full_map,20,PGR
DOCKSTRING-58,200,39,10,full_map,21,PTPN1
DOCKSTRING-58,200,39,10,full_map,31,LCK
DOCKSTRING-58,200,39,10,full_map,33,MMP13
DOCKSTRING-58,200,39,10,full_map,57,KDR
DOCKSTRING-58,200,39,10,sample_map,1,ABL1
DOCKSTRING-58,200,39,10,sample_map,6,MAOB
DOCKSTRING-58,200,39,10,sample_map,7,CASP3
DOCKSTRING-58,200,39,10,sample_map,13,HSP90AA1
DOCKSTRING-58,200,39,10,sample_map,17,NOS1
DOCKSTRING-58,200,39,10,sample_map,20,PGR
DOCKSTRING-58,200,39,10,sample_map,21,PTPN1
DOCKSTRING-58,200,39,10,sample_map,27,ESR1
DOCKSTRING-58,200,39,10,sample_map,35,PPARA
DOCKSTRING-58,200,39,10,sample_map,57,KDR
DOCKSTRING-58,200,40,6,full_map,6,MAOB
DOCKSTRING-58,200,40,6,full_map,7,CASP3
DOCKSTRING-58,200,40,6,full_map,20,PGR
DOCKSTRING-58,200,40,6,full_map,21,PTPN1
DOCKSTRING-58,200,40,6,full_map,31,LCK
DOCKSTRING-58,200,40,6,full_map,57,KDR
DOCKSTRING-58,200,40,6,sample_map,4,ADRB2
DOCKSTRING-58,200,40,6,sample_map,6,MAOB
DOCKSTRING-58,200,40,6,sample_map,7,CASP3
DOCKSTRING-58,200,40,6,sample_map,38,ADORA2A
DOCKSTRING-58,200,40,6,sample_map,39,ACHE
DOCKSTRING-58,200,40,6,sample_map,57,KDR
DOCKSTRING-58,200,40,8,full_map,6,MAOB
DOCKSTRING-58,200,40,8,full_map,7,CASP3
DOCKSTRING-58,200,40,8,full_map,9,ESR2
DOCKSTRING-58,200,40,8,full_map,13,HSP90AA1
DOCKSTRING-58,200,40,8,full_map,20,PGR
DOCKSTRING-58,200,40,8,full_map,21,PTPN1
DOCKSTRING-58,200,40,8,full_map,31,LCK
DOCKSTRING-58,200,40,8,full_map,57,KDR
DOCKSTRING-58,200,40,8,sample_map,4,ADRB2
DOCKSTRING-58,200,40,8,sample_map,6,MAOB
DOCKSTRING-58,200,40,8,sample_map,7,CASP3
DOCKSTRING-58,200,40,8,sample_map,36,PPARG
DOCKSTRING-58,200,40,8,sample_map,38,ADORA2A
DOCKSTRING-58,200,40,8,sample_map,39,ACHE
DOCKSTRING-58,200,40,8,sample_map,50,GBA
DOCKSTRING-58,200,40,8,sample_map,57,KDR
DOCKSTRING-58,200,40,10,full_map,6,MAOB
DOCKSTRING-58,200,40,10,full_map,7,CASP3
DOCKSTRING-58,200,40,10,full_map,9,ESR2
DOCKSTRING-58,200,40,10,full_map,13,HSP90AA1
DOCKSTRING-58,200,40,10,full_map,17,NOS1
DOCKSTRING-58,200,40,10,full_map,20,PGR
DOCKSTRING-58,200,40,10,full_map,21,PTPN1
DOCKSTRING-58,200,40,10,full_map,31,LCK
DOCKSTRING-58,200,40,10,full_map,33,MMP13
DOCKSTRING-58,200,40,10,full_map,57,KDR
DOCKSTRING-58,200,40,10,sample_map,4,ADRB2
DOCKSTRING-58,200,40,10,sample_map,6,MAOB
DOCKSTRING-58,200,40,10,sample_map,7,CASP3
DOCKSTRING-58,200,40,10,sample_map,17,NOS1
DOCKSTRING-58,200,40,10,sample_map,36,PPARG
DOCKSTRING-58,200,40,10,sample_map,38,ADORA2A
DOCKSTRING-58,200,40,10,sample_map,39,ACHE
DOCKSTRING-58,200,40,10,sample_map,44,HSD11B1
DOCKSTRING-58,200,40,10,sample_map,50,GBA
DOCKSTRING-58,200,40,10,sample_map,57,KDR
DOCKSTRING-58,200,41,6,full_map,6,MAOB
DOCKSTRING-58,200,41,6,full_map,7,CASP3
DOCKSTRING-58,200,41,6,full_map,20,PGR
DOCKSTRING-58,200,41,6,full_map,21,PTPN1
DOCKSTRING-58,200,41,6,full_map,31,LCK
DOCKSTRING-58,200,41,6,full_map,57,KDR
DOCKSTRING-58,200,41,6,sample_map,6,MAOB
DOCKSTRING-58,200,41,6,sample_map,20,PGR
DOCKSTRING-58,200,41,6,sample_map,31,LCK
DOCKSTRING-58,200,41,6,sample_map,33,MMP13
DOCKSTRING-58,200,41,6,sample_map,40,BACE1
DOCKSTRING-58,200,41,6,sample_map,57,KDR
DOCKSTRING-58,200,41,8,full_map,6,MAOB
DOCKSTRING-58,200,41,8,full_map,7,CASP3
DOCKSTRING-58,200,41,8,full_map,9,ESR2
DOCKSTRING-58,200,41,8,full_map,13,HSP90AA1
DOCKSTRING-58,200,41,8,full_map,20,PGR
DOCKSTRING-58,200,41,8,full_map,21,PTPN1
DOCKSTRING-58,200,41,8,full_map,31,LCK
DOCKSTRING-58,200,41,8,full_map,57,KDR
DOCKSTRING-58,200,41,8,sample_map,6,MAOB
DOCKSTRING-58,200,41,8,sample_map,13,HSP90AA1
DOCKSTRING-58,200,41,8,sample_map,20,PGR
DOCKSTRING-58,200,41,8,sample_map,25,CDK2
DOCKSTRING-58,200,41,8,sample_map,31,LCK
DOCKSTRING-58,200,41,8,sample_map,33,MMP13
DOCKSTRING-58,200,41,8,sample_map,40,BACE1
DOCKSTRING-58,200,41,8,sample_map,57,KDR
DOCKSTRING-58,200,41,10,full_map,6,MAOB
DOCKSTRING-58,200,41,10,full_map,7,CASP3
DOCKSTRING-58,200,41,10,full_map,9,ESR2
DOCKSTRING-58,200,41,10,full_map,13,HSP90AA1
DOCKSTRING-58,200,41,10,full_map,17,NOS1
DOCKSTRING-58,200,41,10,full_map,20,PGR
DOCKSTRING-58,200,41,10,full_map,21,PTPN1
DOCKSTRING-58,200,41,10,full_map,31,LCK
DOCKSTRING-58,200,41,10,full_map,33,MMP13
DOCKSTRING-58,200,41,10,full_map,57,KDR
DOCKSTRING-58,200,41,10,sample_map,10,PTK2
DOCKSTRING-58,200,41,10,sample_map,13,HSP90AA1
DOCKSTRING-58,200,41,10,sample_map,20,PGR
DOCKSTRING-58,200,41,10,sample_map,25,CDK2
DOCKSTRING-58,200,41,10,sample_map,31,LCK
DOCKSTRING-58,200,41,10,sample_map,33,MMP13
DOCKSTRING-58,200,41,10,sample_map,41,CA2
DOCKSTRING-58,200,41,10,sample_map,43,CYP3A4
DOCKSTRING-58,200,41,10,sample_map,55,THRB
DOCKSTRING-58,200,41,10,sample_map,57,KDR
DOCKSTRING-58,200,42,6,full_map,6,MAOB
DOCKSTRING-58,200,42,6,full_map,7,CASP3
DOCKSTRING-58,200,42,6,full_map,20,PGR
DOCKSTRING-58,200,42,6,full_map,21,PTPN1
DOCKSTRING-58,200,42,6,full_map,31,LCK
DOCKSTRING-58,200,42,6,full_map,57,KDR
DOCKSTRING-58,200,42,6,sample_map,3,ADRB1
DOCKSTRING-58,200,42,6,sample_map,6,MAOB
DOCKSTRING-58,200,42,6,sample_map,9,ESR2
DOCKSTRING-58,200,42,6,sample_map,28,NR3C1
DOCKSTRING-58,200,42,6,sample_map,33,MMP13
DOCKSTRING-58,200,42,6,sample_map,57,KDR
DOCKSTRING-58,200,42,8,full_map,6,MAOB
DOCKSTRING-58,200,42,8,full_map,7,CASP3
DOCKSTRING-58,200,42,8,full_map,9,ESR2
DOCKSTRING-58,200,42,8,full_map,13,HSP90AA1
DOCKSTRING-58,200,42,8,full_map,20,PGR
DOCKSTRING-58,200,42,8,full_map,21,PTPN1
DOCKSTRING-58,200,42,8,full_map,31,LCK
DOCKSTRING-58,200,42,8,full_map,57,KDR
DOCKSTRING-58,200,42,8,sample_map,3,ADRB1
DOCKSTRING-58,200,42,8,sample_map,6,MAOB
DOCKSTRING-58,200,42,8,sample_map,9,ESR2
DOCKSTRING-58,200,42,8,sample_map,13,HSP90AA1
DOCKSTRING-58,200,42,8,sample_map,28,NR3C1
DOCKSTRING-58,200,42,8,sample_map,33,MMP13
DOCKSTRING-58,200,42,8,sample_map,56,F2
DOCKSTRING-58,200,42,8,sample_map,57,KDR
DOCKSTRING-58,200,42,10,full_map,6,MAOB
DOCKSTRING-58,200,42,10,full_map,7,CASP3
DOCKSTRING-58,200,42,10,full_map,9,ESR2
DOCKSTRING-58,200,42,10,full_map,13,HSP90AA1
DOCKSTRING-58,200,42,10,full_map,17,NOS1
DOCKSTRING-58,200,42,10,full_map,20,PGR
DOCKSTRING-58,200,42,10,full_map,21,PTPN1
DOCKSTRING-58,200,42,10,full_map,31,LCK
DOCKSTRING-58,200,42,10,full_map,33,MMP13
DOCKSTRING-58,200,42,10,full_map,57,KDR
DOCKSTRING-58,200,42,10,sample_map,3,ADRB1
DOCKSTRING-58,200,42,10,sample_map,6,MAOB
DOCKSTRING-58,200,42,10,sample_map,9,ESR2
DOCKSTRING-58,200,42,10,sample_map,13,HSP90AA1
DOCKSTRING-58,200,42,10,sample_map,17,NOS1
DOCKSTRING-58,200,42,10,sample_map,21,PTPN1
DOCKSTRING-58,200,42,10,sample_map,28,NR3C1
DOCKSTRING-58,200,42,10,sample_map,33,MMP13
DOCKSTRING-58,200,42,10,sample_map,56,F2
DOCKSTRING-58,200,42,10,sample_map,57,KDR
DOCKSTRING-58,200,43,6,full_map,6,MAOB
DOCKSTRING-58,200,43,6,full_map,7,CASP3
DOCKSTRING-58,200,43,6,full_map,20,PGR
DOCKSTRING-58,200,43,6,full_map,21,PTPN1
DOCKSTRING-58,200,43,6,full_map,31,LCK
DOCKSTRING-58,200,43,6,full_map,57,KDR
DOCKSTRING-58,200,43,6,sample_map,20,PGR
DOCKSTRING-58,200,43,6,sample_map,21,PTPN1
DOCKSTRING-58,200,43,6,sample_map,33,MMP13
DOCKSTRING-58,200,43,6,sample_map,52,MAPK14
DOCKSTRING-58,200,43,6,sample_map,55,THRB
DOCKSTRING-58,200,43,6,sample_map,57,KDR
DOCKSTRING-58,200,43,8,full_map,6,MAOB
DOCKSTRING-58,200,43,8,full_map,7,CASP3
DOCKSTRING-58,200,43,8,full_map,9,ESR2
DOCKSTRING-58,200,43,8,full_map,13,HSP90AA1
DOCKSTRING-58,200,43,8,full_map,20,PGR
DOCKSTRING-58,200,43,8,full_map,21,PTPN1
DOCKSTRING-58,200,43,8,full_map,31,LCK
DOCKSTRING-58,200,43,8,full_map,57,KDR
DOCKSTRING-58,200,43,8,sample_map,20,PGR
DOCKSTRING-58,200,43,8,sample_map,21,PTPN1
DOCKSTRING-58,200,43,8,sample_map,33,MMP13
DOCKSTRING-58,200,43,8,sample_map,38,ADORA2A
DOCKSTRING-58,200,43,8,sample_map,49,F10
DOCKSTRING-58,200,43,8,sample_map,52,MAPK14
DOCKSTRING-58,200,43,8,sample_map,55,THRB
DOCKSTRING-58,200,43,8,sample_map,57,KDR
DOCKSTRING-58,200,43,10,full_map,6,MAOB
DOCKSTRING-58,200,43,10,full_map,7,CASP3
DOCKSTRING-58,200,43,10,full_map,9,ESR2
DOCKSTRING-58,200,43,10,full_map,13,HSP90AA1
DOCKSTRING-58,200,43,10,full_map,17,NOS1
DOCKSTRING-58,200,43,10,full_map,20,PGR
DOCKSTRING-58,200,43,10,full_map,21,PTPN1
DOCKSTRING-58,200,43,10,full_map,31,LCK
DOCKSTRING-58,200,43,10,full_map,33,MMP13
DOCKSTRING-58,200,43,10,full_map,57,KDR
DOCKSTRING-58,200,43,10,sample_map,13,HSP90AA1
DOCKSTRING-58,200,43,10,sample_map,20,PGR
DOCKSTRING-58,200,43,10,sample_map,21,PTPN1
DOCKSTRING-58,200,43,10,sample_map,27,ESR1
DOCKSTRING-58,200,43,10,sample_map,33,MMP13
DOCKSTRING-58,200,43,10,sample_map,38,ADORA2A
DOCKSTRING-58,200,43,10,sample_map,49,F10
DOCKSTRING-58,200,43,10,sample_map,52,MAPK14
DOCKSTRING-58,200,43,10,sample_map,55,THRB
DOCKSTRING-58,200,43,10,sample_map,57,KDR
DOCKSTRING-58,200,44,6,full_map,6,MAOB
DOCKSTRING-58,200,44,6,full_map,7,CASP3
DOCKSTRING-58,200,44,6,full_map,20,PGR
DOCKSTRING-58,200,44,6,full_map,21,PTPN1
DOCKSTRING-58,200,44,6,full_map,31,LCK
DOCKSTRING-58,200,44,6,full_map,57,KDR
DOCKSTRING-58,200,44,6,sample_map,20,PGR
DOCKSTRING-58,200,44,6,sample_map,38,ADORA2A
DOCKSTRING-58,200,44,6,sample_map,39,ACHE
DOCKSTRING-58,200,44,6,sample_map,43,CYP3A4
DOCKSTRING-58,200,44,6,sample_map,55,THRB
DOCKSTRING-58,200,44,6,sample_map,57,KDR
DOCKSTRING-58,200,44,8,full_map,6,MAOB
DOCKSTRING-58,200,44,8,full_map,7,CASP3
DOCKSTRING-58,200,44,8,full_map,9,ESR2
DOCKSTRING-58,200,44,8,full_map,13,HSP90AA1
DOCKSTRING-58,200,44,8,full_map,20,PGR
DOCKSTRING-58,200,44,8,full_map,21,PTPN1
DOCKSTRING-58,200,44,8,full_map,31,LCK
DOCKSTRING-58,200,44,8,full_map,57,KDR
DOCKSTRING-58,200,44,8,sample_map,9,ESR2
DOCKSTRING-58,200,44,8,sample_map,20,PGR
DOCKSTRING-58,200,44,8,sample_map,21,PTPN1
DOCKSTRING-58,200,44,8,sample_map,38,ADORA2A
DOCKSTRING-58,200,44,8,sample_map,39,ACHE
DOCKSTRING-58,200,44,8,sample_map,43,CYP3A4
DOCKSTRING-58,200,44,8,sample_map,55,THRB
DOCKSTRING-58,200,44,8,sample_map,57,KDR
DOCKSTRING-58,200,44,10,full_map,6,MAOB
DOCKSTRING-58,200,44,10,full_map,7,CASP3
DOCKSTRING-58,200,44,10,full_map,9,ESR2
DOCKSTRING-58,200,44,10,full_map,13,HSP90AA1
DOCKSTRING-58,200,44,10,full_map,17,NOS1
DOCKSTRING-58,200,44,10,full_map,20,PGR
DOCKSTRING-58,200,44,10,full_map,21,PTPN1
DOCKSTRING-58,200,44,10,full_map,31,LCK
DOCKSTRING-58,200,44,10,full_map,33,MMP13
DOCKSTRING-58,200,44,10,full_map,57,KDR
DOCKSTRING-58,200,44,10,sample_map,7,CASP3
DOCKSTRING-58,200,44,10,sample_map,9,ESR2
DOCKSTRING-58,200,44,10,sample_map,20,PGR
DOCKSTRING-58,200,44,10,sample_map,21,PTPN1
DOCKSTRING-58,200,44,10,sample_map,38,ADORA2A
DOCKSTRING-58,200,44,10,sample_map,39,ACHE
DOCKSTRING-58,200,44,10,sample_map,41,CA2
DOCKSTRING-58,200,44,10,sample_map,43,CYP3A4
DOCKSTRING-58,200,44,10,sample_map,55,THRB
DOCKSTRING-58,200,44,10,sample_map,57,KDR
DOCKSTRING-58,200,45,6,full_map,6,MAOB
DOCKSTRING-58,200,45,6,full_map,7,CASP3
DOCKSTRING-58,200,45,6,full_map,20,PGR
DOCKSTRING-58,200,45,6,full_map,21,PTPN1
DOCKSTRING-58,200,45,6,full_map,31,LCK
DOCKSTRING-58,200,45,6,full_map,57,KDR
DOCKSTRING-58,200,45,6,sample_map,4,ADRB2
DOCKSTRING-58,200,45,6,sample_map,24,AR
DOCKSTRING-58,200,45,6,sample_map,34,PTGS2
DOCKSTRING-58,200,45,6,sample_map,43,CYP3A4
DOCKSTRING-58,200,45,6,sample_map,44,HSD11B1
DOCKSTRING-58,200,45,6,sample_map,57,KDR
DOCKSTRING-58,200,45,8,full_map,6,MAOB
DOCKSTRING-58,200,45,8,full_map,7,CASP3
DOCKSTRING-58,200,45,8,full_map,9,ESR2
DOCKSTRING-58,200,45,8,full_map,13,HSP90AA1
DOCKSTRING-58,200,45,8,full_map,20,PGR
DOCKSTRING-58,200,45,8,full_map,21,PTPN1
DOCKSTRING-58,200,45,8,full_map,31,LCK
DOCKSTRING-58,200,45,8,full_map,57,KDR
DOCKSTRING-58,200,45,8,sample_map,4,ADRB2
DOCKSTRING-58,200,45,8,sample_map,24,AR
DOCKSTRING-58,200,45,8,sample_map,25,CDK2
DOCKSTRING-58,200,45,8,sample_map,34,PTGS2
DOCKSTRING-58,200,45,8,sample_map,38,ADORA2A
DOCKSTRING-58,200,45,8,sample_map,43,CYP3A4
DOCKSTRING-58,200,45,8,sample_map,44,HSD11B1
DOCKSTRING-58,200,45,8,sample_map,57,KDR
DOCKSTRING-58,200,45,10,full_map,6,MAOB
DOCKSTRING-58,200,45,10,full_map,7,CASP3
DOCKSTRING-58,200,45,10,full_map,9,ESR2
DOCKSTRING-58,200,45,10,full_map,13,HSP90AA1
DOCKSTRING-58,200,45,10,full_map,17,NOS1
DOCKSTRING-58,200,45,10,full_map,20,PGR
DOCKSTRING-58,200,45,10,full_map,21,PTPN1
DOCKSTRING-58,200,45,10,full_map,31,LCK
DOCKSTRING-58,200,45,10,full_map,33,MMP13
DOCKSTRING-58,200,45,10,full_map,57,KDR
DOCKSTRING-58,200,45,10,sample_map,4,ADRB2
DOCKSTRING-58,200,45,10,sample_map,21,PTPN1
DOCKSTRING-58,200,45,10,sample_map,24,AR
DOCKSTRING-58,200,45,10,sample_map,25,CDK2
DOCKSTRING-58,200,45,10,sample_map,34,PTGS2
DOCKSTRING-58,200,45,10,sample_map,38,ADORA2A
DOCKSTRING-58,200,45,10,sample_map,41,CA2
DOCKSTRING-58,200,45,10,sample_map,43,CYP3A4
DOCKSTRING-58,200,45,10,sample_map,44,HSD11B1
DOCKSTRING-58,200,45,10,sample_map,57,KDR
DOCKSTRING-58,200,46,6,full_map,6,MAOB
DOCKSTRING-58,200,46,6,full_map,7,CASP3
DOCKSTRING-58,200,46,6,full_map,20,PGR
DOCKSTRING-58,200,46,6,full_map,21,PTPN1
DOCKSTRING-58,200,46,6,full_map,31,LCK
DOCKSTRING-58,200,46,6,full_map,57,KDR
DOCKSTRING-58,200,46,6,sample_map,3,ADRB1
DOCKSTRING-58,200,46,6,sample_map,6,MAOB
DOCKSTRING-58,200,46,6,sample_map,9,ESR2
DOCKSTRING-58,200,46,6,sample_map,20,PGR
DOCKSTRING-58,200,46,6,sample_map,40,BACE1
DOCKSTRING-58,200,46,6,sample_map,57,KDR
DOCKSTRING-58,200,46,8,full_map,6,MAOB
DOCKSTRING-58,200,46,8,full_map,7,CASP3
DOCKSTRING-58,200,46,8,full_map,9,ESR2
DOCKSTRING-58,200,46,8,full_map,13,HSP90AA1
DOCKSTRING-58,200,46,8,full_map,20,PGR
DOCKSTRING-58,200,46,8,full_map,21,PTPN1
DOCKSTRING-58,200,46,8,full_map,31,LCK
DOCKSTRING-58,200,46,8,full_map,57,KDR
DOCKSTRING-58,200,46,8,sample_map,4,ADRB2
DOCKSTRING-58,200,46,8,sample_map,6,MAOB
DOCKSTRING-58,200,46,8,sample_map,9,ESR2
DOCKSTRING-58,200,46,8,sample_map,20,PGR
DOCKSTRING-58,200,46,8,sample_map,31,LCK
DOCKSTRING-58,200,46,8,sample_map,33,MMP13
DOCKSTRING-58,200,46,8,sample_map,40,BACE1
DOCKSTRING-58,200,46,8,sample_map,57,KDR
DOCKSTRING-58,200,46,10,full_map,6,MAOB
DOCKSTRING-58,200,46,10,full_map,7,CASP3
DOCKSTRING-58,200,46,10,full_map,9,ESR2
DOCKSTRING-58,200,46,10,full_map,13,HSP90AA1
DOCKSTRING-58,200,46,10,full_map,17,NOS1
DOCKSTRING-58,200,46,10,full_map,20,PGR
DOCKSTRING-58,200,46,10,full_map,21,PTPN1
DOCKSTRING-58,200,46,10,full_map,31,LCK
DOCKSTRING-58,200,46,10,full_map,33,MMP13
DOCKSTRING-58,200,46,10,full_map,57,KDR
DOCKSTRING-58,200,46,10,sample_map,4,ADRB2
DOCKSTRING-58,200,46,10,sample_map,6,MAOB
DOCKSTRING-58,200,46,10,sample_map,9,ESR2
DOCKSTRING-58,200,46,10,sample_map,13,HSP90AA1
DOCKSTRING-58,200,46,10,sample_map,20,PGR
DOCKSTRING-58,200,46,10,sample_map,21,PTPN1
DOCKSTRING-58,200,46,10,sample_map,31,LCK
DOCKSTRING-58,200,46,10,sample_map,33,MMP13
DOCKSTRING-58,200,46,10,sample_map,40,BACE1
DOCKSTRING-58,200,46,10,sample_map,57,KDR
DOCKSTRING-58,200,47,6,full_map,6,MAOB
DOCKSTRING-58,200,47,6,full_map,7,CASP3
DOCKSTRING-58,200,47,6,full_map,20,PGR
DOCKSTRING-58,200,47,6,full_map,21,PTPN1
DOCKSTRING-58,200,47,6,full_map,31,LCK
DOCKSTRING-58,200,47,6,full_map,57,KDR
DOCKSTRING-58,200,47,6,sample_map,0,PPARD
DOCKSTRING-58,200,47,6,sample_map,20,PGR
DOCKSTRING-58,200,47,6,sample_map,27,ESR1
DOCKSTRING-58,200,47,6,sample_map,33,MMP13
DOCKSTRING-58,200,47,6,sample_map,55,THRB
DOCKSTRING-58,200,47,6,sample_map,57,KDR
DOCKSTRING-58,200,47,8,full_map,6,MAOB
DOCKSTRING-58,200,47,8,full_map,7,CASP3
DOCKSTRING-58,200,47,8,full_map,9,ESR2
DOCKSTRING-58,200,47,8,full_map,13,HSP90AA1
DOCKSTRING-58,200,47,8,full_map,20,PGR
DOCKSTRING-58,200,47,8,full_map,21,PTPN1
DOCKSTRING-58,200,47,8,full_map,31,LCK
DOCKSTRING-58,200,47,8,full_map,57,KDR
DOCKSTRING-58,200,47,8,sample_map,0,PPARD
DOCKSTRING-58,200,47,8,sample_map,20,PGR
DOCKSTRING-58,200,47,8,sample_map,21,PTPN1
DOCKSTRING-58,200,47,8,sample_map,27,ESR1
DOCKSTRING-58,200,47,8,sample_map,33,MMP13
DOCKSTRING-58,200,47,8,sample_map,52,MAPK14
DOCKSTRING-58,200,47,8,sample_map,55,THRB
DOCKSTRING-58,200,47,8,sample_map,57,KDR
DOCKSTRING-58,200,47,10,full_map,6,MAOB
DOCKSTRING-58,200,47,10,full_map,7,CASP3
DOCKSTRING-58,200,47,10,full_map,9,ESR2
DOCKSTRING-58,200,47,10,full_map,13,HSP90AA1
DOCKSTRING-58,200,47,10,full_map,17,NOS1
DOCKSTRING-58,200,47,10,full_map,20,PGR
DOCKSTRING-58,200,47,10,full_map,21,PTPN1
DOCKSTRING-58,200,47,10,full_map,31,LCK
DOCKSTRING-58,200,47,10,full_map,33,MMP13
DOCKSTRING-58,200,47,10,full_map,57,KDR
DOCKSTRING-58,200,47,10,sample_map,6,MAOB
DOCKSTRING-58,200,47,10,sample_map,17,NOS1
DOCKSTRING-58,200,47,10,sample_map,20,PGR
DOCKSTRING-58,200,47,10,sample_map,21,PTPN1
DOCKSTRING-58,200,47,10,sample_map,26,CSF1R
DOCKSTRING-58,200,47,10,sample_map,27,ESR1
DOCKSTRING-58,200,47,10,sample_map,33,MMP13
DOCKSTRING-58,200,47,10,sample_map,52,MAPK14
DOCKSTRING-58,200,47,10,sample_map,55,THRB
DOCKSTRING-58,200,47,10,sample_map,57,KDR
DOCKSTRING-58,200,48,6,full_map,6,MAOB
DOCKSTRING-58,200,48,6,full_map,7,CASP3
DOCKSTRING-58,200,48,6,full_map,20,PGR
DOCKSTRING-58,200,48,6,full_map,21,PTPN1
DOCKSTRING-58,200,48,6,full_map,31,LCK
DOCKSTRING-58,200,48,6,full_map,57,KDR
DOCKSTRING-58,200,48,6,sample_map,6,MAOB
DOCKSTRING-58,200,48,6,sample_map,14,KIT
DOCKSTRING-58,200,48,6,sample_map,20,PGR
DOCKSTRING-58,200,48,6,sample_map,39,ACHE
DOCKSTRING-58,200,48,6,sample_map,54,SRC
DOCKSTRING-58,200,48,6,sample_map,57,KDR
DOCKSTRING-58,200,48,8,full_map,6,MAOB
DOCKSTRING-58,200,48,8,full_map,7,CASP3
DOCKSTRING-58,200,48,8,full_map,9,ESR2
DOCKSTRING-58,200,48,8,full_map,13,HSP90AA1
DOCKSTRING-58,200,48,8,full_map,20,PGR
DOCKSTRING-58,200,48,8,full_map,21,PTPN1
DOCKSTRING-58,200,48,8,full_map,31,LCK
DOCKSTRING-58,200,48,8,full_map,57,KDR
DOCKSTRING-58,200,48,8,sample_map,6,MAOB
DOCKSTRING-58,200,48,8,sample_map,9,ESR2
DOCKSTRING-58,200,48,8,sample_map,14,KIT
DOCKSTRING-58,200,48,8,sample_map,20,PGR
DOCKSTRING-58,200,48,8,sample_map,39,ACHE
DOCKSTRING-58,200,48,8,sample_map,41,CA2
DOCKSTRING-58,200,48,8,sample_map,54,SRC
DOCKSTRING-58,200,48,8,sample_map,55,THRB
DOCKSTRING-58,200,48,10,full_map,6,MAOB
DOCKSTRING-58,200,48,10,full_map,7,CASP3
DOCKSTRING-58,200,48,10,full_map,9,ESR2
DOCKSTRING-58,200,48,10,full_map,13,HSP90AA1
DOCKSTRING-58,200,48,10,full_map,17,NOS1
DOCKSTRING-58,200,48,10,full_map,20,PGR
DOCKSTRING-58,200,48,10,full_map,21,PTPN1
DOCKSTRING-58,200,48,10,full_map,31,LCK
DOCKSTRING-58,200,48,10,full_map,33,MMP13
DOCKSTRING-58,200,48,10,full_map,57,KDR
DOCKSTRING-58,200,48,10,sample_map,6,MAOB
DOCKSTRING-58,200,48,10,sample_map,9,ESR2
DOCKSTRING-58,200,48,10,sample_map,14,KIT
DOCKSTRING-58,200,48,10,sample_map,20,PGR
DOCKSTRING-58,200,48,10,sample_map,30,JAK2
DOCKSTRING-58,200,48,10,sample_map,39,ACHE
DOCKSTRING-58,200,48,10,sample_map,41,CA2
DOCKSTRING-58,200,48,10,sample_map,47,DRD3
DOCKSTRING-58,200,48,10,sample_map,54,SRC
DOCKSTRING-58,200,48,10,sample_map,55,THRB
DOCKSTRING-58,200,49,6,full_map,6,MAOB
DOCKSTRING-58,200,49,6,full_map,7,CASP3
DOCKSTRING-58,200,49,6,full_map,20,PGR
DOCKSTRING-58,200,49,6,full_map,21,PTPN1
DOCKSTRING-58,200,49,6,full_map,31,LCK
DOCKSTRING-58,200,49,6,full_map,57,KDR
DOCKSTRING-58,200,49,6,sample_map,20,PGR
DOCKSTRING-58,200,49,6,sample_map,25,CDK2
DOCKSTRING-58,200,49,6,sample_map,31,LCK
DOCKSTRING-58,200,49,6,sample_map,33,MMP13
DOCKSTRING-58,200,49,6,sample_map,38,ADORA2A
DOCKSTRING-58,200,49,6,sample_map,55,THRB
DOCKSTRING-58,200,49,8,full_map,6,MAOB
DOCKSTRING-58,200,49,8,full_map,7,CASP3
DOCKSTRING-58,200,49,8,full_map,9,ESR2
DOCKSTRING-58,200,49,8,full_map,13,HSP90AA1
DOCKSTRING-58,200,49,8,full_map,20,PGR
DOCKSTRING-58,200,49,8,full_map,21,PTPN1
DOCKSTRING-58,200,49,8,full_map,31,LCK
DOCKSTRING-58,200,49,8,full_map,57,KDR
DOCKSTRING-58,200,49,8,sample_map,20,PGR
DOCKSTRING-58,200,49,8,sample_map,25,CDK2
DOCKSTRING-58,200,49,8,sample_map,31,LCK
DOCKSTRING-58,200,49,8,sample_map,33,MMP13
DOCKSTRING-58,200,49,8,sample_map,38,ADORA2A
DOCKSTRING-58,200,49,8,sample_map,47,DRD3
DOCKSTRING-58,200,49,8,sample_map,52,MAPK14
DOCKSTRING-58,200,49,8,sample_map,55,THRB
DOCKSTRING-58,200,49,10,full_map,6,MAOB
DOCKSTRING-58,200,49,10,full_map,7,CASP3
DOCKSTRING-58,200,49,10,full_map,9,ESR2
DOCKSTRING-58,200,49,10,full_map,13,HSP90AA1
DOCKSTRING-58,200,49,10,full_map,17,NOS1
DOCKSTRING-58,200,49,10,full_map,20,PGR
DOCKSTRING-58,200,49,10,full_map,21,PTPN1
DOCKSTRING-58,200,49,10,full_map,31,LCK
DOCKSTRING-58,200,49,10,full_map,33,MMP13
DOCKSTRING-58,200,49,10,full_map,57,KDR
DOCKSTRING-58,200,49,10,sample_map,20,PGR
DOCKSTRING-58,200,49,10,sample_map,25,CDK2
DOCKSTRING-58,200,49,10,sample_map,26,CSF1R
DOCKSTRING-58,200,49,10,sample_map,31,LCK
DOCKSTRING-58,200,49,10,sample_map,33,MMP13
DOCKSTRING-58,200,49,10,sample_map,36,PPARG
DOCKSTRING-58,200,49,10,sample_map,38,ADORA2A
DOCKSTRING-58,200,49,10,sample_map,47,DRD3
DOCKSTRING-58,200,49,10,sample_map,52,MAPK14
DOCKSTRING-58,200,49,10,sample_map,55,THRB
DOCKSTRING-58,200,50,6,full_map,6,MAOB
DOCKSTRING-58,200,50,6,full_map,7,CASP3
DOCKSTRING-58,200,50,6,full_map,20,PGR
DOCKSTRING-58,200,50,6,full_map,21,PTPN1
DOCKSTRING-58,200,50,6,full_map,31,LCK
DOCKSTRING-58,200,50,6,full_map,57,KDR
DOCKSTRING-58,200,50,6,sample_map,6,MAOB
DOCKSTRING-58,200,50,6,sample_map,7,CASP3
DOCKSTRING-58,200,50,6,sample_map,20,PGR
DOCKSTRING-58,200,50,6,sample_map,27,ESR1
DOCKSTRING-58,200,50,6,sample_map,33,MMP13
DOCKSTRING-58,200,50,6,sample_map,57,KDR
DOCKSTRING-58,200,50,8,full_map,6,MAOB
DOCKSTRING-58,200,50,8,full_map,7,CASP3
DOCKSTRING-58,200,50,8,full_map,9,ESR2
DOCKSTRING-58,200,50,8,full_map,13,HSP90AA1
DOCKSTRING-58,200,50,8,full_map,20,PGR
DOCKSTRING-58,200,50,8,full_map,21,PTPN1
DOCKSTRING-58,200,50,8,full_map,31,LCK
DOCKSTRING-58,200,50,8,full_map,57,KDR
DOCKSTRING-58,200,50,8,sample_map,6,MAOB
DOCKSTRING-58,200,50,8,sample_map,7,CASP3
DOCKSTRING-58,200,50,8,sample_map,14,KIT
DOCKSTRING-58,200,50,8,sample_map,17,NOS1
DOCKSTRING-58,200,50,8,sample_map,20,PGR
DOCKSTRING-58,200,50,8,sample_map,27,ESR1
DOCKSTRING-58,200,50,8,sample_map,33,MMP13
DOCKSTRING-58,200,50,8,sample_map,57,KDR
DOCKSTRING-58,200,50,10,full_map,6,MAOB
DOCKSTRING-58,200,50,10,full_map,7,CASP3
DOCKSTRING-58,200,50,10,full_map,9,ESR2
DOCKSTRING-58,200,50,10,full_map,13,HSP90AA1
DOCKSTRING-58,200,50,10,full_map,17,NOS1
DOCKSTRING-58,200,50,10,full_map,20,PGR
DOCKSTRING-58,200,50,10,full_map,21,PTPN1
DOCKSTRING-58,200,50,10,full_map,31,LCK
DOCKSTRING-58,200,50,10,full_map,33,MMP13
DOCKSTRING-58,200,50,10,full_map,57,KDR
DOCKSTRING-58,200,50,10,sample_map,6,MAOB
DOCKSTRING-58,200,50,10,sample_map,7,CASP3
DOCKSTRING-58,200,50,10,sample_map,10,PTK2
DOCKSTRING-58,200,50,10,sample_map,13,HSP90AA1
DOCKSTRING-58,200,50,10,sample_map,14,KIT
DOCKSTRING-58,200,50,10,sample_map,17,NOS1
DOCKSTRING-58,200,50,10,sample_map,20,PGR
DOCKSTRING-58,200,50,10,sample_map,27,ESR1
DOCKSTRING-58,200,50,10,sample_map,33,MMP13
DOCKSTRING-58,200,50,10,sample_map,57,KDR
DOCKSTRING-58,200,51,6,full_map,6,MAOB
DOCKSTRING-58,200,51,6,full_map,7,CASP3
DOCKSTRING-58,200,51,6,full_map,20,PGR
DOCKSTRING-58,200,51,6,full_map,21,PTPN1
DOCKSTRING-58,200,51,6,full_map,31,LCK
DOCKSTRING-58,200,51,6,full_map,57,KDR
DOCKSTRING-58,200,51,6,sample_map,6,MAOB
DOCKSTRING-58,200,51,6,sample_map,14,KIT
DOCKSTRING-58,200,51,6,sample_map,20,PGR
DOCKSTRING-58,200,51,6,sample_map,38,ADORA2A
DOCKSTRING-58,200,51,6,sample_map,55,THRB
DOCKSTRING-58,200,51,6,sample_map,57,KDR
DOCKSTRING-58,200,51,8,full_map,6,MAOB
DOCKSTRING-58,200,51,8,full_map,7,CASP3
DOCKSTRING-58,200,51,8,full_map,9,ESR2
DOCKSTRING-58,200,51,8,full_map,13,HSP90AA1
DOCKSTRING-58,200,51,8,full_map,20,PGR
DOCKSTRING-58,200,51,8,full_map,21,PTPN1
DOCKSTRING-58,200,51,8,full_map,31,LCK
DOCKSTRING-58,200,51,8,full_map,57,KDR
DOCKSTRING-58,200,51,8,sample_map,6,MAOB
DOCKSTRING-58,200,51,8,sample_map,14,KIT
DOCKSTRING-58,200,51,8,sample_map,20,PGR
DOCKSTRING-58,200,51,8,sample_map,36,PPARG
DOCKSTRING-58,200,51,8,sample_map,38,ADORA2A
DOCKSTRING-58,200,51,8,sample_map,52,MAPK14
DOCKSTRING-58,200,51,8,sample_map,55,THRB
DOCKSTRING-58,200,51,8,sample_map,57,KDR
DOCKSTRING-58,200,51,10,full_map,6,MAOB
DOCKSTRING-58,200,51,10,full_map,7,CASP3
DOCKSTRING-58,200,51,10,full_map,9,ESR2
DOCKSTRING-58,200,51,10,full_map,13,HSP90AA1
DOCKSTRING-58,200,51,10,full_map,17,NOS1
DOCKSTRING-58,200,51,10,full_map,20,PGR
DOCKSTRING-58,200,51,10,full_map,21,PTPN1
DOCKSTRING-58,200,51,10,full_map,31,LCK
DOCKSTRING-58,200,51,10,full_map,33,MMP13
DOCKSTRING-58,200,51,10,full_map,57,KDR
DOCKSTRING-58,200,51,10,sample_map,6,MAOB
DOCKSTRING-58,200,51,10,sample_map,13,HSP90AA1
DOCKSTRING-58,200,51,10,sample_map,14,KIT
DOCKSTRING-58,200,51,10,sample_map,20,PGR
DOCKSTRING-58,200,51,10,sample_map,31,LCK
DOCKSTRING-58,200,51,10,sample_map,36,PPARG
DOCKSTRING-58,200,51,10,sample_map,38,ADORA2A
DOCKSTRING-58,200,51,10,sample_map,52,MAPK14
DOCKSTRING-58,200,51,10,sample_map,55,THRB
DOCKSTRING-58,200,51,10,sample_map,57,KDR
DOCKSTRING-58,200,52,6,full_map,6,MAOB
DOCKSTRING-58,200,52,6,full_map,7,CASP3
DOCKSTRING-58,200,52,6,full_map,20,PGR
DOCKSTRING-58,200,52,6,full_map,21,PTPN1
DOCKSTRING-58,200,52,6,full_map,31,LCK
DOCKSTRING-58,200,52,6,full_map,57,KDR
DOCKSTRING-58,200,52,6,sample_map,6,MAOB
DOCKSTRING-58,200,52,6,sample_map,7,CASP3
DOCKSTRING-58,200,52,6,sample_map,9,ESR2
DOCKSTRING-58,200,52,6,sample_map,20,PGR
DOCKSTRING-58,200,52,6,sample_map,43,CYP3A4
DOCKSTRING-58,200,52,6,sample_map,57,KDR
DOCKSTRING-58,200,52,8,full_map,6,MAOB
DOCKSTRING-58,200,52,8,full_map,7,CASP3
DOCKSTRING-58,200,52,8,full_map,9,ESR2
DOCKSTRING-58,200,52,8,full_map,13,HSP90AA1
DOCKSTRING-58,200,52,8,full_map,20,PGR
DOCKSTRING-58,200,52,8,full_map,21,PTPN1
DOCKSTRING-58,200,52,8,full_map,31,LCK
DOCKSTRING-58,200,52,8,full_map,57,KDR
DOCKSTRING-58,200,52,8,sample_map,6,MAOB
DOCKSTRING-58,200,52,8,sample_map,7,CASP3
DOCKSTRING-58,200,52,8,sample_map,9,ESR2
DOCKSTRING-58,200,52,8,sample_map,10,PTK2
DOCKSTRING-58,200,52,8,sample_map,20,PGR
DOCKSTRING-58,200,52,8,sample_map,39,ACHE
DOCKSTRING-58,200,52,8,sample_map,43,CYP3A4
DOCKSTRING-58,200,52,8,sample_map,57,KDR
DOCKSTRING-58,200,52,10,full_map,6,MAOB
DOCKSTRING-58,200,52,10,full_map,7,CASP3
DOCKSTRING-58,200,52,10,full_map,9,ESR2
DOCKSTRING-58,200,52,10,full_map,13,HSP90AA1
DOCKSTRING-58,200,52,10,full_map,17,NOS1
DOCKSTRING-58,200,52,10,full_map,20,PGR
DOCKSTRING-58,200,52,10,full_map,21,PTPN1
DOCKSTRING-58,200,52,10,full_map,31,LCK
DOCKSTRING-58,200,52,10,full_map,33,MMP13
DOCKSTRING-58,200,52,10,full_map,57,KDR
DOCKSTRING-58,200,52,10,sample_map,6,MAOB
DOCKSTRING-58,200,52,10,sample_map,7,CASP3
DOCKSTRING-58,200,52,10,sample_map,9,ESR2
DOCKSTRING-58,200,52,10,sample_map,10,PTK2
DOCKSTRING-58,200,52,10,sample_map,17,NOS1
DOCKSTRING-58,200,52,10,sample_map,20,PGR
DOCKSTRING-58,200,52,10,sample_map,21,PTPN1
DOCKSTRING-58,200,52,10,sample_map,39,ACHE
DOCKSTRING-58,200,52,10,sample_map,43,CYP3A4
DOCKSTRING-58,200,52,10,sample_map,57,KDR
DOCKSTRING-58,200,53,6,full_map,6,MAOB
DOCKSTRING-58,200,53,6,full_map,7,CASP3
DOCKSTRING-58,200,53,6,full_map,20,PGR
DOCKSTRING-58,200,53,6,full_map,21,PTPN1
DOCKSTRING-58,200,53,6,full_map,31,LCK
DOCKSTRING-58,200,53,6,full_map,57,KDR
DOCKSTRING-58,200,53,6,sample_map,13,HSP90AA1
DOCKSTRING-58,200,53,6,sample_map,20,PGR
DOCKSTRING-58,200,53,6,sample_map,40,BACE1
DOCKSTRING-58,200,53,6,sample_map,48,EGFR
DOCKSTRING-58,200,53,6,sample_map,55,THRB
DOCKSTRING-58,200,53,6,sample_map,57,KDR
DOCKSTRING-58,200,53,8,full_map,6,MAOB
DOCKSTRING-58,200,53,8,full_map,7,CASP3
DOCKSTRING-58,200,53,8,full_map,9,ESR2
DOCKSTRING-58,200,53,8,full_map,13,HSP90AA1
DOCKSTRING-58,200,53,8,full_map,20,PGR
DOCKSTRING-58,200,53,8,full_map,21,PTPN1
DOCKSTRING-58,200,53,8,full_map,31,LCK
DOCKSTRING-58,200,53,8,full_map,57,KDR
DOCKSTRING-58,200,53,8,sample_map,10,PTK2
DOCKSTRING-58,200,53,8,sample_map,13,HSP90AA1
DOCKSTRING-58,200,53,8,sample_map,20,PGR
DOCKSTRING-58,200,53,8,sample_map,21,PTPN1
DOCKSTRING-58,200,53,8,sample_map,40,BACE1
DOCKSTRING-58,200,53,8,sample_map,48,EGFR
DOCKSTRING-58,200,53,8,sample_map,55,THRB
DOCKSTRING-58,200,53,8,sample_map,57,KDR
DOCKSTRING-58,200,53,10,full_map,6,MAOB
DOCKSTRING-58,200,53,10,full_map,7,CASP3
DOCKSTRING-58,200,53,10,full_map,9,ESR2
DOCKSTRING-58,200,53,10,full_map,13,HSP90AA1
DOCKSTRING-58,200,53,10,full_map,17,NOS1
DOCKSTRING-58,200,53,10,full_map,20,PGR
DOCKSTRING-58,200,53,10,full_map,21,PTPN1
DOCKSTRING-58,200,53,10,full_map,31,LCK
DOCKSTRING-58,200,53,10,full_map,33,MMP13
DOCKSTRING-58,200,53,10,full_map,57,KDR
DOCKSTRING-58,200,53,10,sample_map,10,PTK2
DOCKSTRING-58,200,53,10,sample_map,13,HSP90AA1
DOCKSTRING-58,200,53,10,sample_map,20,PGR
DOCKSTRING-58,200,53,10,sample_map,21,PTPN1
DOCKSTRING-58,200,53,10,sample_map,40,BACE1
DOCKSTRING-58,200,53,10,sample_map,48,EGFR
DOCKSTRING-58,200,53,10,sample_map,49,F10
DOCKSTRING-58,200,53,10,sample_map,52,MAPK14
DOCKSTRING-58,200,53,10,sample_map,55,THRB
DOCKSTRING-58,200,53,10,sample_map,57,KDR
DOCKSTRING-58,200,54,6,full_map,6,MAOB
DOCKSTRING-58,200,54,6,full_map,7,CASP3
DOCKSTRING-58,200,54,6,full_map,20,PGR
DOCKSTRING-58,200,54,6,full_map,21,PTPN1
DOCKSTRING-58,200,54,6,full_map,31,LCK
DOCKSTRING-58,200,54,6,full_map,57,KDR
DOCKSTRING-58,200,54,6,sample_map,20,PGR
DOCKSTRING-58,200,54,6,sample_map,23,AKT1
DOCKSTRING-58,200,54,6,sample_map,27,ESR1
DOCKSTRING-58,200,54,6,sample_map,40,BACE1
DOCKSTRING-58,200,54,6,sample_map,55,THRB
DOCKSTRING-58,200,54,6,sample_map,57,KDR
DOCKSTRING-58,200,54,8,full_map,6,MAOB
DOCKSTRING-58,200,54,8,full_map,7,CASP3
DOCKSTRING-58,200,54,8,full_map,9,ESR2
DOCKSTRING-58,200,54,8,full_map,13,HSP90AA1
DOCKSTRING-58,200,54,8,full_map,20,PGR
DOCKSTRING-58,200,54,8,full_map,21,PTPN1
DOCKSTRING-58,200,54,8,full_map,31,LCK
DOCKSTRING-58,200,54,8,full_map,57,KDR
DOCKSTRING-58,200,54,8,sample_map,4,ADRB2
DOCKSTRING-58,200,54,8,sample_map,7,CASP3
DOCKSTRING-58,200,54,8,sample_map,9,ESR2
DOCKSTRING-58,200,54,8,sample_map,23,AKT1
DOCKSTRING-58,200,54,8,sample_map,36,PPARG
DOCKSTRING-58,200,54,8,sample_map,38,ADORA2A
DOCKSTRING-58,200,54,8,sample_map,55,THRB
DOCKSTRING-58,200,54,8,sample_map,57,KDR
DOCKSTRING-58,200,54,10,full_map,6,MAOB
DOCKSTRING-58,200,54,10,full_map,7,CASP3
DOCKSTRING-58,200,54,10,full_map,9,ESR2
DOCKSTRING-58,200,54,10,full_map,13,HSP90AA1
DOCKSTRING-58,200,54,10,full_map,17,NOS1
DOCKSTRING-58,200,54,10,full_map,20,PGR
DOCKSTRING-58,200,54,10,full_map,21,PTPN1
DOCKSTRING-58,200,54,10,full_map,31,LCK
DOCKSTRING-58,200,54,10,full_map,33,MMP13
DOCKSTRING-58,200,54,10,full_map,57,KDR
DOCKSTRING-58,200,54,10,sample_map,4,ADRB2
DOCKSTRING-58,200,54,10,sample_map,7,CASP3
DOCKSTRING-58,200,54,10,sample_map,9,ESR2
DOCKSTRING-58,200,54,10,sample_map,13,HSP90AA1
DOCKSTRING-58,200,54,10,sample_map,17,NOS1
DOCKSTRING-58,200,54,10,sample_map,23,AKT1
DOCKSTRING-58,200,54,10,sample_map,36,PPARG
DOCKSTRING-58,200,54,10,sample_map,38,ADORA2A
DOCKSTRING-58,200,54,10,sample_map,55,THRB
DOCKSTRING-58,200,54,10,sample_map,57,KDR
DOCKSTRING-58,200,55,6,full_map,6,MAOB
DOCKSTRING-58,200,55,6,full_map,7,CASP3
DOCKSTRING-58,200,55,6,full_map,20,PGR
DOCKSTRING-58,200,55,6,full_map,21,PTPN1
DOCKSTRING-58,200,55,6,full_map,31,LCK
DOCKSTRING-58,200,55,6,full_map,57,KDR
DOCKSTRING-58,200,55,6,sample_map,8,DHFR
DOCKSTRING-58,200,55,6,sample_map,20,PGR
DOCKSTRING-58,200,55,6,sample_map,32,MET
DOCKSTRING-58,200,55,6,sample_map,40,BACE1
DOCKSTRING-58,200,55,6,sample_map,51,MAPK1
DOCKSTRING-58,200,55,6,sample_map,55,THRB
DOCKSTRING-58,200,55,8,full_map,6,MAOB
DOCKSTRING-58,200,55,8,full_map,7,CASP3
DOCKSTRING-58,200,55,8,full_map,9,ESR2
DOCKSTRING-58,200,55,8,full_map,13,HSP90AA1
DOCKSTRING-58,200,55,8,full_map,20,PGR
DOCKSTRING-58,200,55,8,full_map,21,PTPN1
DOCKSTRING-58,200,55,8,full_map,31,LCK
DOCKSTRING-58,200,55,8,full_map,57,KDR
DOCKSTRING-58,200,55,8,sample_map,8,DHFR
DOCKSTRING-58,200,55,8,sample_map,17,NOS1
DOCKSTRING-58,200,55,8,sample_map,20,PGR
DOCKSTRING-58,200,55,8,sample_map,21,PTPN1
DOCKSTRING-58,200,55,8,sample_map,32,MET
DOCKSTRING-58,200,55,8,sample_map,40,BACE1
DOCKSTRING-58,200,55,8,sample_map,51,MAPK1
DOCKSTRING-58,200,55,8,sample_map,55,THRB
DOCKSTRING-58,200,55,10,full_map,6,MAOB
DOCKSTRING-58,200,55,10,full_map,7,CASP3
DOCKSTRING-58,200,55,10,full_map,9,ESR2
DOCKSTRING-58,200,55,10,full_map,13,HSP90AA1
DOCKSTRING-58,200,55,10,full_map,17,NOS1
DOCKSTRING-58,200,55,10,full_map,20,PGR
DOCKSTRING-58,200,55,10,full_map,21,PTPN1
DOCKSTRING-58,200,55,10,full_map,31,LCK
DOCKSTRING-58,200,55,10,full_map,33,MMP13
DOCKSTRING-58,200,55,10,full_map,57,KDR
DOCKSTRING-58,200,55,10,sample_map,8,DHFR
DOCKSTRING-58,200,55,10,sample_map,10,PTK2
DOCKSTRING-58,200,55,10,sample_map,17,NOS1
DOCKSTRING-58,200,55,10,sample_map,20,PGR
DOCKSTRING-58,200,55,10,sample_map,21,PTPN1
DOCKSTRING-58,200,55,10,sample_map,25,CDK2
DOCKSTRING-58,200,55,10,sample_map,32,MET
DOCKSTRING-58,200,55,10,sample_map,40,BACE1
DOCKSTRING-58,200,55,10,sample_map,51,MAPK1
DOCKSTRING-58,200,55,10,sample_map,55,THRB
DOCKSTRING-58,200,56,6,full_map,6,MAOB
DOCKSTRING-58,200,56,6,full_map,7,CASP3
DOCKSTRING-58,200,56,6,full_map,20,PGR
DOCKSTRING-58,200,56,6,full_map,21,PTPN1
DOCKSTRING-58,200,56,6,full_map,31,LCK
DOCKSTRING-58,200,56,6,full_map,57,KDR
DOCKSTRING-58,200,56,6,sample_map,6,MAOB
DOCKSTRING-58,200,56,6,sample_map,7,CASP3
DOCKSTRING-58,200,56,6,sample_map,20,PGR
DOCKSTRING-58,200,56,6,sample_map,31,LCK
DOCKSTRING-58,200,56,6,sample_map,44,HSD11B1
DOCKSTRING-58,200,56,6,sample_map,57,KDR
DOCKSTRING-58,200,56,8,full_map,6,MAOB
DOCKSTRING-58,200,56,8,full_map,7,CASP3
DOCKSTRING-58,200,56,8,full_map,9,ESR2
DOCKSTRING-58,200,56,8,full_map,13,HSP90AA1
DOCKSTRING-58,200,56,8,full_map,20,PGR
DOCKSTRING-58,200,56,8,full_map,21,PTPN1
DOCKSTRING-58,200,56,8,full_map,31,LCK
DOCKSTRING-58,200,56,8,full_map,57,KDR
DOCKSTRING-58,200,56,8,sample_map,6,MAOB
DOCKSTRING-58,200,56,8,sample_map,7,CASP3
DOCKSTRING-58,200,56,8,sample_map,13,HSP90AA1
DOCKSTRING-58,200,56,8,sample_map,20,PGR
DOCKSTRING-58,200,56,8,sample_map,26,CSF1R
DOCKSTRING-58,200,56,8,sample_map,31,LCK
DOCKSTRING-58,200,56,8,sample_map,44,HSD11B1
DOCKSTRING-58,200,56,8,sample_map,57,KDR
DOCKSTRING-58,200,56,10,full_map,6,MAOB
DOCKSTRING-58,200,56,10,full_map,7,CASP3
DOCKSTRING-58,200,56,10,full_map,9,ESR2
DOCKSTRING-58,200,56,10,full_map,13,HSP90AA1
DOCKSTRING-58,200,56,10,full_map,17,NOS1
DOCKSTRING-58,200,56,10,full_map,20,PGR
DOCKSTRING-58,200,56,10,full_map,21,PTPN1
DOCKSTRING-58,200,56,10,full_map,31,LCK
DOCKSTRING-58,200,56,10,full_map,33,MMP13
DOCKSTRING-58,200,56,10,full_map,57,KDR
DOCKSTRING-58,200,56,10,sample_map,6,MAOB
DOCKSTRING-58,200,56,10,sample_map,7,CASP3
DOCKSTRING-58,200,56,10,sample_map,9,ESR2
DOCKSTRING-58,200,56,10,sample_map,13,HSP90AA1
DOCKSTRING-58,200,56,10,sample_map,17,NOS1
DOCKSTRING-58,200,56,10,sample_map,20,PGR
DOCKSTRING-58,200,56,10,sample_map,26,CSF1R
DOCKSTRING-58,200,56,10,sample_map,31,LCK
DOCKSTRING-58,200,56,10,sample_map,44,HSD11B1
DOCKSTRING-58,200,56,10,sample_map,57,KDR
DOCKSTRING-58,200,57,6,full_map,6,MAOB
DOCKSTRING-58,200,57,6,full_map,7,CASP3
DOCKSTRING-58,200,57,6,full_map,20,PGR
DOCKSTRING-58,200,57,6,full_map,21,PTPN1
DOCKSTRING-58,200,57,6,full_map,31,LCK
DOCKSTRING-58,200,57,6,full_map,57,KDR
DOCKSTRING-58,200,57,6,sample_map,20,PGR
DOCKSTRING-58,200,57,6,sample_map,21,PTPN1
DOCKSTRING-58,200,57,6,sample_map,23,AKT1
DOCKSTRING-58,200,57,6,sample_map,39,ACHE
DOCKSTRING-58,200,57,6,sample_map,43,CYP3A4
DOCKSTRING-58,200,57,6,sample_map,57,KDR
DOCKSTRING-58,200,57,8,full_map,6,MAOB
DOCKSTRING-58,200,57,8,full_map,7,CASP3
DOCKSTRING-58,200,57,8,full_map,9,ESR2
DOCKSTRING-58,200,57,8,full_map,13,HSP90AA1
DOCKSTRING-58,200,57,8,full_map,20,PGR
DOCKSTRING-58,200,57,8,full_map,21,PTPN1
DOCKSTRING-58,200,57,8,full_map,31,LCK
DOCKSTRING-58,200,57,8,full_map,57,KDR
DOCKSTRING-58,200,57,8,sample_map,7,CASP3
DOCKSTRING-58,200,57,8,sample_map,9,ESR2
DOCKSTRING-58,200,57,8,sample_map,20,PGR
DOCKSTRING-58,200,57,8,sample_map,21,PTPN1
DOCKSTRING-58,200,57,8,sample_map,23,AKT1
DOCKSTRING-58,200,57,8,sample_map,36,PPARG
DOCKSTRING-58,200,57,8,sample_map,43,CYP3A4
DOCKSTRING-58,200,57,8,sample_map,57,KDR
DOCKSTRING-58,200,57,10,full_map,6,MAOB
DOCKSTRING-58,200,57,10,full_map,7,CASP3
DOCKSTRING-58,200,57,10,full_map,9,ESR2
DOCKSTRING-58,200,57,10,full_map,13,HSP90AA1
DOCKSTRING-58,200,57,10,full_map,17,NOS1
DOCKSTRING-58,200,57,10,full_map,20,PGR
DOCKSTRING-58,200,57,10,full_map,21,PTPN1
DOCKSTRING-58,200,57,10,full_map,31,LCK
DOCKSTRING-58,200,57,10,full_map,33,MMP13
DOCKSTRING-58,200,57,10,full_map,57,KDR
DOCKSTRING-58,200,57,10,sample_map,9,ESR2
DOCKSTRING-58,200,57,10,sample_map,20,PGR
DOCKSTRING-58,200,57,10,sample_map,21,PTPN1
DOCKSTRING-58,200,57,10,sample_map,23,AKT1
DOCKSTRING-58,200,57,10,sample_map,31,LCK
DOCKSTRING-58,200,57,10,sample_map,36,PPARG
DOCKSTRING-58,200,57,10,sample_map,41,CA2
DOCKSTRING-58,200,57,10,sample_map,43,CYP3A4
DOCKSTRING-58,200,57,10,sample_map,51,MAPK1
DOCKSTRING-58,200,57,10,sample_map,57,KDR
DOCKSTRING-58,200,58,6,full_map,6,MAOB
DOCKSTRING-58,200,58,6,full_map,7,CASP3
DOCKSTRING-58,200,58,6,full_map,20,PGR
DOCKSTRING-58,200,58,6,full_map,21,PTPN1
DOCKSTRING-58,200,58,6,full_map,31,LCK
DOCKSTRING-58,200,58,6,full_map,57,KDR
DOCKSTRING-58,200,58,6,sample_map,6,MAOB
DOCKSTRING-58,200,58,6,sample_map,14,KIT
DOCKSTRING-58,200,58,6,sample_map,20,PGR
DOCKSTRING-58,200,58,6,sample_map,31,LCK
DOCKSTRING-58,200,58,6,sample_map,40,BACE1
DOCKSTRING-58,200,58,6,sample_map,57,KDR
DOCKSTRING-58,200,58,8,full_map,6,MAOB
DOCKSTRING-58,200,58,8,full_map,7,CASP3
DOCKSTRING-58,200,58,8,full_map,9,ESR2
DOCKSTRING-58,200,58,8,full_map,13,HSP90AA1
DOCKSTRING-58,200,58,8,full_map,20,PGR
DOCKSTRING-58,200,58,8,full_map,21,PTPN1
DOCKSTRING-58,200,58,8,full_map,31,LCK
DOCKSTRING-58,200,58,8,full_map,57,KDR
DOCKSTRING-58,200,58,8,sample_map,6,MAOB
DOCKSTRING-58,200,58,8,sample_map,14,KIT
DOCKSTRING-58,200,58,8,sample_map,20,PGR
DOCKSTRING-58,200,58,8,sample_map,30,JAK2
DOCKSTRING-58,200,58,8,sample_map,31,LCK
DOCKSTRING-58,200,58,8,sample_map,33,MMP13
DOCKSTRING-58,200,58,8,sample_map,47,DRD3
DOCKSTRING-58,200,58,8,sample_map,55,THRB
DOCKSTRING-58,200,58,10,full_map,6,MAOB
DOCKSTRING-58,200,58,10,full_map,7,CASP3
DOCKSTRING-58,200,58,10,full_map,9,ESR2
DOCKSTRING-58,200,58,10,full_map,13,HSP90AA1
DOCKSTRING-58,200,58,10,full_map,17,NOS1
DOCKSTRING-58,200,58,10,full_map,20,PGR
DOCKSTRING-58,200,58,10,full_map,21,PTPN1
DOCKSTRING-58,200,58,10,full_map,31,LCK
DOCKSTRING-58,200,58,10,full_map,33,MMP13
DOCKSTRING-58,200,58,10,full_map,57,KDR
DOCKSTRING-58,200,58,10,sample_map,6,MAOB
DOCKSTRING-58,200,58,10,sample_map,7,CASP3
DOCKSTRING-58,200,58,10,sample_map,14,KIT
DOCKSTRING-58,200,58,10,sample_map,20,PGR
DOCKSTRING-58,200,58,10,sample_map,21,PTPN1
DOCKSTRING-58,200,58,10,sample_map,30,JAK2
DOCKSTRING-58,200,58,10,sample_map,31,LCK
DOCKSTRING-58,200,58,10,sample_map,33,MMP13
DOCKSTRING-58,200,58,10,sample_map,47,DRD3
DOCKSTRING-58,200,58,10,sample_map,55,THRB
DOCKSTRING-58,200,59,6,full_map,6,MAOB
DOCKSTRING-58,200,59,6,full_map,7,CASP3
DOCKSTRING-58,200,59,6,full_map,20,PGR
DOCKSTRING-58,200,59,6,full_map,21,PTPN1
DOCKSTRING-58,200,59,6,full_map,31,LCK
DOCKSTRING-58,200,59,6,full_map,57,KDR
DOCKSTRING-58,200,59,6,sample_map,6,MAOB
DOCKSTRING-58,200,59,6,sample_map,20,PGR
DOCKSTRING-58,200,59,6,sample_map,23,AKT1
DOCKSTRING-58,200,59,6,sample_map,40,BACE1
DOCKSTRING-58,200,59,6,sample_map,56,F2
DOCKSTRING-58,200,59,6,sample_map,57,KDR
DOCKSTRING-58,200,59,8,full_map,6,MAOB
DOCKSTRING-58,200,59,8,full_map,7,CASP3
DOCKSTRING-58,200,59,8,full_map,9,ESR2
DOCKSTRING-58,200,59,8,full_map,13,HSP90AA1
DOCKSTRING-58,200,59,8,full_map,20,PGR
DOCKSTRING-58,200,59,8,full_map,21,PTPN1
DOCKSTRING-58,200,59,8,full_map,31,LCK
DOCKSTRING-58,200,59,8,full_map,57,KDR
DOCKSTRING-58,200,59,8,sample_map,6,MAOB
DOCKSTRING-58,200,59,8,sample_map,9,ESR2
DOCKSTRING-58,200,59,8,sample_map,20,PGR
DOCKSTRING-58,200,59,8,sample_map,21,PTPN1
DOCKSTRING-58,200,59,8,sample_map,23,AKT1
DOCKSTRING-58,200,59,8,sample_map,40,BACE1
DOCKSTRING-58,200,59,8,sample_map,56,F2
DOCKSTRING-58,200,59,8,sample_map,57,KDR
DOCKSTRING-58,200,59,10,full_map,6,MAOB
DOCKSTRING-58,200,59,10,full_map,7,CASP3
DOCKSTRING-58,200,59,10,full_map,9,ESR2
DOCKSTRING-58,200,59,10,full_map,13,HSP90AA1
DOCKSTRING-58,200,59,10,full_map,17,NOS1
DOCKSTRING-58,200,59,10,full_map,20,PGR
DOCKSTRING-58,200,59,10,full_map,21,PTPN1
DOCKSTRING-58,200,59,10,full_map,31,LCK
DOCKSTRING-58,200,59,10,full_map,33,MMP13
DOCKSTRING-58,200,59,10,full_map,57,KDR
DOCKSTRING-58,200,59,10,sample_map,6,MAOB
DOCKSTRING-58,200,59,10,sample_map,9,ESR2
DOCKSTRING-58,200,59,10,sample_map,13,HSP90AA1
DOCKSTRING-58,200,59,10,sample_map,20,PGR
DOCKSTRING-58,200,59,10,sample_map,21,PTPN1
DOCKSTRING-58,200,59,10,sample_map,23,AKT1
DOCKSTRING-58,200,59,10,sample_map,30,JAK2
DOCKSTRING-58,200,59,10,sample_map,40,BACE1
DOCKSTRING-58,200,59,10,sample_map,56,F2
DOCKSTRING-58,200,59,10,sample_map,57,KDR
DOCKSTRING-58,200,60,6,full_map,6,MAOB
DOCKSTRING-58,200,60,6,full_map,7,CASP3
DOCKSTRING-58,200,60,6,full_map,20,PGR
DOCKSTRING-58,200,60,6,full_map,21,PTPN1
DOCKSTRING-58,200,60,6,full_map,31,LCK
DOCKSTRING-58,200,60,6,full_map,57,KDR
DOCKSTRING-58,200,60,6,sample_map,6,MAOB
DOCKSTRING-58,200,60,6,sample_map,20,PGR
DOCKSTRING-58,200,60,6,sample_map,31,LCK
DOCKSTRING-58,200,60,6,sample_map,40,BACE1
DOCKSTRING-58,200,60,6,sample_map,44,HSD11B1
DOCKSTRING-58,200,60,6,sample_map,57,KDR
DOCKSTRING-58,200,60,8,full_map,6,MAOB
DOCKSTRING-58,200,60,8,full_map,7,CASP3
DOCKSTRING-58,200,60,8,full_map,9,ESR2
DOCKSTRING-58,200,60,8,full_map,13,HSP90AA1
DOCKSTRING-58,200,60,8,full_map,20,PGR
DOCKSTRING-58,200,60,8,full_map,21,PTPN1
DOCKSTRING-58,200,60,8,full_map,31,LCK
DOCKSTRING-58,200,60,8,full_map,57,KDR
DOCKSTRING-58,200,60,8,sample_map,6,MAOB
DOCKSTRING-58,200,60,8,sample_map,13,HSP90AA1
DOCKSTRING-58,200,60,8,sample_map,20,PGR
DOCKSTRING-58,200,60,8,sample_map,21,PTPN1
DOCKSTRING-58,200,60,8,sample_map,31,LCK
DOCKSTRING-58,200,60,8,sample_map,40,BACE1
DOCKSTRING-58,200,60,8,sample_map,44,HSD11B1
DOCKSTRING-58,200,60,8,sample_map,57,KDR
DOCKSTRING-58,200,60,10,full_map,6,MAOB
DOCKSTRING-58,200,60,10,full_map,7,CASP3
DOCKSTRING-58,200,60,10,full_map,9,ESR2
DOCKSTRING-58,200,60,10,full_map,13,HSP90AA1
DOCKSTRING-58,200,60,10,full_map,17,NOS1
DOCKSTRING-58,200,60,10,full_map,20,PGR
DOCKSTRING-58,200,60,10,full_map,21,PTPN1
DOCKSTRING-58,200,60,10,full_map,31,LCK
DOCKSTRING-58,200,60,10,full_map,33,MMP13
DOCKSTRING-58,200,60,10,full_map,57,KDR
DOCKSTRING-58,200,60,10,sample_map,2,ADAM17
DOCKSTRING-58,200,60,10,sample_map,6,MAOB
DOCKSTRING-58,200,60,10,sample_map,10,PTK2
DOCKSTRING-58,200,60,10,sample_map,13,HSP90AA1
DOCKSTRING-58,200,60,10,sample_map,20,PGR
DOCKSTRING-58,200,60,10,sample_map,21,PTPN1
DOCKSTRING-58,200,60,10,sample_map,31,LCK
DOCKSTRING-58,200,60,10,sample_map,40,BACE1
DOCKSTRING-58,200,60,10,sample_map,44,HSD11B1
DOCKSTRING-58,200,60,10,sample_map,57,KDR
DOCKSTRING-58,200,61,6,full_map,6,MAOB
DOCKSTRING-58,200,61,6,full_map,7,CASP3
DOCKSTRING-58,200,61,6,full_map,20,PGR
DOCKSTRING-58,200,61,6,full_map,21,PTPN1
DOCKSTRING-58,200,61,6,full_map,31,LCK
DOCKSTRING-58,200,61,6,full_map,57,KDR
DOCKSTRING-58,200,61,6,sample_map,6,MAOB
DOCKSTRING-58,200,61,6,sample_map,9,ESR2
DOCKSTRING-58,200,61,6,sample_map,20,PGR
DOCKSTRING-58,200,61,6,sample_map,31,LCK
DOCKSTRING-58,200,61,6,sample_map,55,THRB
DOCKSTRING-58,200,61,6,sample_map,57,KDR
DOCKSTRING-58,200,61,8,full_map,6,MAOB
DOCKSTRING-58,200,61,8,full_map,7,CASP3
DOCKSTRING-58,200,61,8,full_map,9,ESR2
DOCKSTRING-58,200,61,8,full_map,13,HSP90AA1
DOCKSTRING-58,200,61,8,full_map,20,PGR
DOCKSTRING-58,200,61,8,full_map,21,PTPN1
DOCKSTRING-58,200,61,8,full_map,31,LCK
DOCKSTRING-58,200,61,8,full_map,57,KDR
DOCKSTRING-58,200,61,8,sample_map,7,CASP3
DOCKSTRING-58,200,61,8,sample_map,9,ESR2
DOCKSTRING-58,200,61,8,sample_map,20,PGR
DOCKSTRING-58,200,61,8,sample_map,28,NR3C1
DOCKSTRING-58,200,61,8,sample_map,31,LCK
DOCKSTRING-58,200,61,8,sample_map,41,CA2
DOCKSTRING-58,200,61,8,sample_map,43,CYP3A4
DOCKSTRING-58,200,61,8,sample_map,57,KDR
DOCKSTRING-58,200,61,10,full_map,6,MAOB
DOCKSTRING-58,200,61,10,full_map,7,CASP3
DOCKSTRING-58,200,61,10,full_map,9,ESR2
DOCKSTRING-58,200,61,10,full_map,13,HSP90AA1
DOCKSTRING-58,200,61,10,full_map,17,NOS1
DOCKSTRING-58,200,61,10,full_map,20,PGR
DOCKSTRING-58,200,61,10,full_map,21,PTPN1
DOCKSTRING-58,200,61,10,full_map,31,LCK
DOCKSTRING-58,200,61,10,full_map,33,MMP13
DOCKSTRING-58,200,61,10,full_map,57,KDR
DOCKSTRING-58,200,61,10,sample_map,7,CASP3
DOCKSTRING-58,200,61,10,sample_map,9,ESR2
DOCKSTRING-58,200,61,10,sample_map,10,PTK2
DOCKSTRING-58,200,61,10,sample_map,13,HSP90AA1
DOCKSTRING-58,200,61,10,sample_map,20,PGR
DOCKSTRING-58,200,61,10,sample_map,28,NR3C1
DOCKSTRING-58,200,61,10,sample_map,31,LCK
DOCKSTRING-58,200,61,10,sample_map,41,CA2
DOCKSTRING-58,200,61,10,sample_map,43,CYP3A4
DOCKSTRING-58,200,61,10,sample_map,57,KDR
DOCKSTRING-58,200,62,6,full_map,6,MAOB
DOCKSTRING-58,200,62,6,full_map,7,CASP3
DOCKSTRING-58,200,62,6,full_map,20,PGR
DOCKSTRING-58,200,62,6,full_map,21,PTPN1
DOCKSTRING-58,200,62,6,full_map,31,LCK
DOCKSTRING-58,200,62,6,full_map,57,KDR
DOCKSTRING-58,200,62,6,sample_map,8,DHFR
DOCKSTRING-58,200,62,6,sample_map,24,AR
DOCKSTRING-58,200,62,6,sample_map,30,JAK2
DOCKSTRING-58,200,62,6,sample_map,36,PPARG
DOCKSTRING-58,200,62,6,sample_map,40,BACE1
DOCKSTRING-58,200,62,6,sample_map,43,CYP3A4
DOCKSTRING-58,200,62,8,full_map,6,MAOB
DOCKSTRING-58,200,62,8,full_map,7,CASP3
DOCKSTRING-58,200,62,8,full_map,9,ESR2
DOCKSTRING-58,200,62,8,full_map,13,HSP90AA1
DOCKSTRING-58,200,62,8,full_map,20,PGR
DOCKSTRING-58,200,62,8,full_map,21,PTPN1
DOCKSTRING-58,200,62,8,full_map,31,LCK
DOCKSTRING-58,200,62,8,full_map,57,KDR
DOCKSTRING-58,200,62,8,sample_map,5,AKT2
DOCKSTRING-58,200,62,8,sample_map,7,CASP3
DOCKSTRING-58,200,62,8,sample_map,8,DHFR
DOCKSTRING-58,200,62,8,sample_map,24,AR
DOCKSTRING-58,200,62,8,sample_map,30,JAK2
DOCKSTRING-58,200,62,8,sample_map,36,PPARG
DOCKSTRING-58,200,62,8,sample_map,43,CYP3A4
DOCKSTRING-58,200,62,8,sample_map,57,KDR
DOCKSTRING-58,200,62,10,full_map,6,MAOB
DOCKSTRING-58,200,62,10,full_map,7,CASP3
DOCKSTRING-58,200,62,10,full_map,9,ESR2
DOCKSTRING-58,200,62,10,full_map,13,HSP90AA1
DOCKSTRING-58,200,62,10,full_map,17,NOS1
DOCKSTRING-58,200,62,10,full_map,20,PGR
DOCKSTRING-58,200,62,10,full_map,21,PTPN1
DOCKSTRING-58,200,62,10,full_map,31,LCK
DOCKSTRING-58,200,62,10,full_map,33,MMP13
DOCKSTRING-58,200,62,10,full_map,57,KDR
DOCKSTRING-58,200,62,10,sample_map,5,AKT2
DOCKSTRING-58,200,62,10,sample_map,7,CASP3
DOCKSTRING-58,200,62,10,sample_map,24,AR
DOCKSTRING-58,200,62,10,sample_map,25,CDK2
DOCKSTRING-58,200,62,10,sample_map,30,JAK2
DOCKSTRING-58,200,62,10,sample_map,33,MMP13
DOCKSTRING-58,200,62,10,sample_map,35,PPARA
DOCKSTRING-58,200,62,10,sample_map,36,PPARG
DOCKSTRING-58,200,62,10,sample_map,43,CYP3A4
DOCKSTRING-58,200,62,10,sample_map,57,KDR
DOCKSTRING-58,200,63,6,full_map,6,MAOB
DOCKSTRING-58,200,63,6,full_map,7,CASP3
DOCKSTRING-58,200,63,6,full_map,20,PGR
DOCKSTRING-58,200,63,6,full_map,21,PTPN1
DOCKSTRING-58,200,63,6,full_map,31,LCK
DOCKSTRING-58,200,63,6,full_map,57,KDR
DOCKSTRING-58,200,63,6,sample_map,6,MAOB
DOCKSTRING-58,200,63,6,sample_map,7,CASP3
DOCKSTRING-58,200,63,6,sample_map,9,ESR2
DOCKSTRING-58,200,63,6,sample_map,20,PGR
DOCKSTRING-58,200,63,6,sample_map,52,MAPK14
DOCKSTRING-58,200,63,6,sample_map,57,KDR
DOCKSTRING-58,200,63,8,full_map,6,MAOB
DOCKSTRING-58,200,63,8,full_map,7,CASP3
DOCKSTRING-58,200,63,8,full_map,9,ESR2
DOCKSTRING-58,200,63,8,full_map,13,HSP90AA1
DOCKSTRING-58,200,63,8,full_map,20,PGR
DOCKSTRING-58,200,63,8,full_map,21,PTPN1
DOCKSTRING-58,200,63,8,full_map,31,LCK
DOCKSTRING-58,200,63,8,full_map,57,KDR
DOCKSTRING-58,200,63,8,sample_map,6,MAOB
DOCKSTRING-58,200,63,8,sample_map,7,CASP3
DOCKSTRING-58,200,63,8,sample_map,9,ESR2
DOCKSTRING-58,200,63,8,sample_map,13,HSP90AA1
DOCKSTRING-58,200,63,8,sample_map,17,NOS1
DOCKSTRING-58,200,63,8,sample_map,20,PGR
DOCKSTRING-58,200,63,8,sample_map,31,LCK
DOCKSTRING-58,200,63,8,sample_map,57,KDR
DOCKSTRING-58,200,63,10,full_map,6,MAOB
DOCKSTRING-58,200,63,10,full_map,7,CASP3
DOCKSTRING-58,200,63,10,full_map,9,ESR2
DOCKSTRING-58,200,63,10,full_map,13,HSP90AA1
DOCKSTRING-58,200,63,10,full_map,17,NOS1
DOCKSTRING-58,200,63,10,full_map,20,PGR
DOCKSTRING-58,200,63,10,full_map,21,PTPN1
DOCKSTRING-58,200,63,10,full_map,31,LCK
DOCKSTRING-58,200,63,10,full_map,33,MMP13
DOCKSTRING-58,200,63,10,full_map,57,KDR
DOCKSTRING-58,200,63,10,sample_map,6,MAOB
DOCKSTRING-58,200,63,10,sample_map,7,CASP3
DOCKSTRING-58,200,63,10,sample_map,9,ESR2
DOCKSTRING-58,200,63,10,sample_map,13,HSP90AA1
DOCKSTRING-58,200,63,10,sample_map,14,KIT
DOCKSTRING-58,200,63,10,sample_map,17,NOS1
DOCKSTRING-58,200,63,10,sample_map,20,PGR
DOCKSTRING-58,200,63,10,sample_map,26,CSF1R
DOCKSTRING-58,200,63,10,sample_map,31,LCK
DOCKSTRING-58,200,63,10,sample_map,57,KDR
DOCKSTRING-58,200,64,6,full_map,6,MAOB
DOCKSTRING-58,200,64,6,full_map,7,CASP3
DOCKSTRING-58,200,64,6,full_map,20,PGR
DOCKSTRING-58,200,64,6,full_map,21,PTPN1
DOCKSTRING-58,200,64,6,full_map,31,LCK
DOCKSTRING-58,200,64,6,full_map,57,KDR
DOCKSTRING-58,200,64,6,sample_map,20,PGR
DOCKSTRING-58,200,64,6,sample_map,25,CDK2
DOCKSTRING-58,200,64,6,sample_map,39,ACHE
DOCKSTRING-58,200,64,6,sample_map,43,CYP3A4
DOCKSTRING-58,200,64,6,sample_map,55,THRB
DOCKSTRING-58,200,64,6,sample_map,57,KDR
DOCKSTRING-58,200,64,8,full_map,6,MAOB
DOCKSTRING-58,200,64,8,full_map,7,CASP3
DOCKSTRING-58,200,64,8,full_map,9,ESR2
DOCKSTRING-58,200,64,8,full_map,13,HSP90AA1
DOCKSTRING-58,200,64,8,full_map,20,PGR
DOCKSTRING-58,200,64,8,full_map,21,PTPN1
DOCKSTRING-58,200,64,8,full_map,31,LCK
DOCKSTRING-58,200,64,8,full_map,57,KDR
DOCKSTRING-58,200,64,8,sample_map,9,ESR2
DOCKSTRING-58,200,64,8,sample_map,20,PGR
DOCKSTRING-58,200,64,8,sample_map,25,CDK2
DOCKSTRING-58,200,64,8,sample_map,36,PPARG
DOCKSTRING-58,200,64,8,sample_map,39,ACHE
DOCKSTRING-58,200,64,8,sample_map,43,CYP3A4
DOCKSTRING-58,200,64,8,sample_map,55,THRB
DOCKSTRING-58,200,64,8,sample_map,57,KDR
DOCKSTRING-58,200,64,10,full_map,6,MAOB
DOCKSTRING-58,200,64,10,full_map,7,CASP3
DOCKSTRING-58,200,64,10,full_map,9,ESR2
DOCKSTRING-58,200,64,10,full_map,13,HSP90AA1
DOCKSTRING-58,200,64,10,full_map,17,NOS1
DOCKSTRING-58,200,64,10,full_map,20,PGR
DOCKSTRING-58,200,64,10,full_map,21,PTPN1
DOCKSTRING-58,200,64,10,full_map,31,LCK
DOCKSTRING-58,200,64,10,full_map,33,MMP13
DOCKSTRING-58,200,64,10,full_map,57,KDR
DOCKSTRING-58,200,64,10,sample_map,9,ESR2
DOCKSTRING-58,200,64,10,sample_map,20,PGR
DOCKSTRING-58,200,64,10,sample_map,21,PTPN1
DOCKSTRING-58,200,64,10,sample_map,25,CDK2
DOCKSTRING-58,200,64,10,sample_map,36,PPARG
DOCKSTRING-58,200,64,10,sample_map,38,ADORA2A
DOCKSTRING-58,200,64,10,sample_map,39,ACHE
DOCKSTRING-58,200,64,10,sample_map,43,CYP3A4
DOCKSTRING-58,200,64,10,sample_map,55,THRB
DOCKSTRING-58,200,64,10,sample_map,57,KDR
DOCKSTRING-58,200,65,6,full_map,6,MAOB
DOCKSTRING-58,200,65,6,full_map,7,CASP3
DOCKSTRING-58,200,65,6,full_map,20,PGR
DOCKSTRING-58,200,65,6,full_map,21,PTPN1
DOCKSTRING-58,200,65,6,full_map,31,LCK
DOCKSTRING-58,200,65,6,full_map,57,KDR
DOCKSTRING-58,200,65,6,sample_map,7,CASP3
DOCKSTRING-58,200,65,6,sample_map,20,PGR
DOCKSTRING-58,200,65,6,sample_map,25,CDK2
DOCKSTRING-58,200,65,6,sample_map,33,MMP13
DOCKSTRING-58,200,65,6,sample_map,42,CYP2C9
DOCKSTRING-58,200,65,6,sample_map,43,CYP3A4
DOCKSTRING-58,200,65,8,full_map,6,MAOB
DOCKSTRING-58,200,65,8,full_map,7,CASP3
DOCKSTRING-58,200,65,8,full_map,9,ESR2
DOCKSTRING-58,200,65,8,full_map,13,HSP90AA1
DOCKSTRING-58,200,65,8,full_map,20,PGR
DOCKSTRING-58,200,65,8,full_map,21,PTPN1
DOCKSTRING-58,200,65,8,full_map,31,LCK
DOCKSTRING-58,200,65,8,full_map,57,KDR
DOCKSTRING-58,200,65,8,sample_map,13,HSP90AA1
DOCKSTRING-58,200,65,8,sample_map,20,PGR
DOCKSTRING-58,200,65,8,sample_map,25,CDK2
DOCKSTRING-58,200,65,8,sample_map,33,MMP13
DOCKSTRING-58,200,65,8,sample_map,40,BACE1
DOCKSTRING-58,200,65,8,sample_map,42,CYP2C9
DOCKSTRING-58,200,65,8,sample_map,43,CYP3A4
DOCKSTRING-58,200,65,8,sample_map,57,KDR
DOCKSTRING-58,200,65,10,full_map,6,MAOB
DOCKSTRING-58,200,65,10,full_map,7,CASP3
DOCKSTRING-58,200,65,10,full_map,9,ESR2
DOCKSTRING-58,200,65,10,full_map,13,HSP90AA1
DOCKSTRING-58,200,65,10,full_map,17,NOS1
DOCKSTRING-58,200,65,10,full_map,20,PGR
DOCKSTRING-58,200,65,10,full_map,21,PTPN1
DOCKSTRING-58,200,65,10,full_map,31,LCK
DOCKSTRING-58,200,65,10,full_map,33,MMP13
DOCKSTRING-58,200,65,10,full_map,57,KDR
DOCKSTRING-58,200,65,10,sample_map,13,HSP90AA1
DOCKSTRING-58,200,65,10,sample_map,20,PGR
DOCKSTRING-58,200,65,10,sample_map,21,PTPN1
DOCKSTRING-58,200,65,10,sample_map,25,CDK2
DOCKSTRING-58,200,65,10,sample_map,27,ESR1
DOCKSTRING-58,200,65,10,sample_map,33,MMP13
DOCKSTRING-58,200,65,10,sample_map,40,BACE1
DOCKSTRING-58,200,65,10,sample_map,42,CYP2C9
DOCKSTRING-58,200,65,10,sample_map,43,CYP3A4
DOCKSTRING-58,200,65,10,sample_map,57,KDR
DOCKSTRING-58,200,66,6,full_map,6,MAOB
DOCKSTRING-58,200,66,6,full_map,7,CASP3
DOCKSTRING-58,200,66,6,full_map,20,PGR
DOCKSTRING-58,200,66,6,full_map,21,PTPN1
DOCKSTRING-58,200,66,6,full_map,31,LCK
DOCKSTRING-58,200,66,6,full_map,57,KDR
DOCKSTRING-58,200,66,6,sample_map,7,CASP3
DOCKSTRING-58,200,66,6,sample_map,8,DHFR
DOCKSTRING-58,200,66,6,sample_map,11,FGFR1
DOCKSTRING-58,200,66,6,sample_map,24,AR
DOCKSTRING-58,200,66,6,sample_map,43,CYP3A4
DOCKSTRING-58,200,66,6,sample_map,57,KDR
DOCKSTRING-58,200,66,8,full_map,6,MAOB
DOCKSTRING-58,200,66,8,full_map,7,CASP3
DOCKSTRING-58,200,66,8,full_map,9,ESR2
DOCKSTRING-58,200,66,8,full_map,13,HSP90AA1
DOCKSTRING-58,200,66,8,full_map,20,PGR
DOCKSTRING-58,200,66,8,full_map,21,PTPN1
DOCKSTRING-58,200,66,8,full_map,31,LCK
DOCKSTRING-58,200,66,8,full_map,57,KDR
DOCKSTRING-58,200,66,8,sample_map,7,CASP3
DOCKSTRING-58,200,66,8,sample_map,11,FGFR1
DOCKSTRING-58,200,66,8,sample_map,17,NOS1
DOCKSTRING-58,200,66,8,sample_map,24,AR
DOCKSTRING-58,200,66,8,sample_map,31,LCK
DOCKSTRING-58,200,66,8,sample_map,43,CYP3A4
DOCKSTRING-58,200,66,8,sample_map,46,DRD2
DOCKSTRING-58,200,66,8,sample_map,57,KDR
DOCKSTRING-58,200,66,10,full_map,6,MAOB
DOCKSTRING-58,200,66,10,full_map,7,CASP3
DOCKSTRING-58,200,66,10,full_map,9,ESR2
DOCKSTRING-58,200,66,10,full_map,13,HSP90AA1
DOCKSTRING-58,200,66,10,full_map,17,NOS1
DOCKSTRING-58,200,66,10,full_map,20,PGR
DOCKSTRING-58,200,66,10,full_map,21,PTPN1
DOCKSTRING-58,200,66,10,full_map,31,LCK
DOCKSTRING-58,200,66,10,full_map,33,MMP13
DOCKSTRING-58,200,66,10,full_map,57,KDR
DOCKSTRING-58,200,66,10,sample_map,7,CASP3
DOCKSTRING-58,200,66,10,sample_map,11,FGFR1
DOCKSTRING-58,200,66,10,sample_map,13,HSP90AA1
DOCKSTRING-58,200,66,10,sample_map,17,NOS1
DOCKSTRING-58,200,66,10,sample_map,21,PTPN1
DOCKSTRING-58,200,66,10,sample_map,24,AR
DOCKSTRING-58,200,66,10,sample_map,31,LCK
DOCKSTRING-58,200,66,10,sample_map,43,CYP3A4
DOCKSTRING-58,200,66,10,sample_map,46,DRD2
DOCKSTRING-58,200,66,10,sample_map,57,KDR
DOCKSTRING-58,200,67,6,full_map,6,MAOB
DOCKSTRING-58,200,67,6,full_map,7,CASP3
DOCKSTRING-58,200,67,6,full_map,20,PGR
DOCKSTRING-58,200,67,6,full_map,21,PTPN1
DOCKSTRING-58,200,67,6,full_map,31,LCK
DOCKSTRING-58,200,67,6,full_map,57,KDR
DOCKSTRING-58,200,67,6,sample_map,6,MAOB
DOCKSTRING-58,200,67,6,sample_map,7,CASP3
DOCKSTRING-58,200,67,6,sample_map,9,ESR2
DOCKSTRING-58,200,67,6,sample_map,24,AR
DOCKSTRING-58,200,67,6,sample_map,35,PPARA
DOCKSTRING-58,200,67,6,sample_map,57,KDR
DOCKSTRING-58,200,67,8,full_map,6,MAOB
DOCKSTRING-58,200,67,8,full_map,7,CASP3
DOCKSTRING-58,200,67,8,full_map,9,ESR2
DOCKSTRING-58,200,67,8,full_map,13,HSP90AA1
DOCKSTRING-58,200,67,8,full_map,20,PGR
DOCKSTRING-58,200,67,8,full_map,21,PTPN1
DOCKSTRING-58,200,67,8,full_map,31,LCK
DOCKSTRING-58,200,67,8,full_map,57,KDR
DOCKSTRING-58,200,67,8,sample_map,6,MAOB
DOCKSTRING-58,200,67,8,sample_map,7,CASP3
DOCKSTRING-58,200,67,8,sample_map,9,ESR2
DOCKSTRING-58,200,67,8,sample_map,24,AR
DOCKSTRING-58,200,67,8,sample_map,29,IGF1R
DOCKSTRING-58,200,67,8,sample_map,38,ADORA2A
DOCKSTRING-58,200,67,8,sample_map,52,MAPK14
DOCKSTRING-58,200,67,8,sample_map,57,KDR
DOCKSTRING-58,200,67,10,full_map,6,MAOB
DOCKSTRING-58,200,67,10,full_map,7,CASP3
DOCKSTRING-58,200,67,10,full_map,9,ESR2
DOCKSTRING-58,200,67,10,full_map,13,HSP90AA1
DOCKSTRING-58,200,67,10,full_map,17,NOS1
DOCKSTRING-58,200,67,10,full_map,20,PGR
DOCKSTRING-58,200,67,10,full_map,21,PTPN1
DOCKSTRING-58,200,67,10,full_map,31,LCK
DOCKSTRING-58,200,67,10,full_map,33,MMP13
DOCKSTRING-58,200,67,10,full_map,57,KDR
DOCKSTRING-58,200,67,10,sample_map,6,MAOB
DOCKSTRING-58,200,67,10,sample_map,7,CASP3
DOCKSTRING-58,200,67,10,sample_map,9,ESR2
DOCKSTRING-58,200,67,10,sample_map,14,KIT
DOCKSTRING-58,200,67,10,sample_map,17,NOS1
DOCKSTRING-58,200,67,10,sample_map,24,AR
DOCKSTRING-58,200,67,10,sample_map,31,LCK
DOCKSTRING-58,200,67,10,sample_map,35,PPARA
DOCKSTRING-58,200,67,10,sample_map,51,MAPK1
DOCKSTRING-58,200,67,10,sample_map,57,KDR
DOCKSTRING-58,200,68,6,full_map,6,MAOB
DOCKSTRING-58,200,68,6,full_map,7,CASP3
DOCKSTRING-58,200,68,6,full_map,20,PGR
DOCKSTRING-58,200,68,6,full_map,21,PTPN1
DOCKSTRING-58,200,68,6,full_map,31,LCK
DOCKSTRING-58,200,68,6,full_map,57,KDR
DOCKSTRING-58,200,68,6,sample_map,6,MAOB
DOCKSTRING-58,200,68,6,sample_map,7,CASP3
DOCKSTRING-58,200,68,6,sample_map,9,ESR2
DOCKSTRING-58,200,68,6,sample_map,11,FGFR1
DOCKSTRING-58,200,68,6,sample_map,26,CSF1R
DOCKSTRING-58,200,68,6,sample_map,54,SRC
DOCKSTRING-58,200,68,8,full_map,6,MAOB
DOCKSTRING-58,200,68,8,full_map,7,CASP3
DOCKSTRING-58,200,68,8,full_map,9,ESR2
DOCKSTRING-58,200,68,8,full_map,13,HSP90AA1
DOCKSTRING-58,200,68,8,full_map,20,PGR
DOCKSTRING-58,200,68,8,full_map,21,PTPN1
DOCKSTRING-58,200,68,8,full_map,31,LCK
DOCKSTRING-58,200,68,8,full_map,57,KDR
DOCKSTRING-58,200,68,8,sample_map,6,MAOB
DOCKSTRING-58,200,68,8,sample_map,7,CASP3
DOCKSTRING-58,200,68,8,sample_map,9,ESR2
DOCKSTRING-58,200,68,8,sample_map,11,FGFR1
DOCKSTRING-58,200,68,8,sample_map,13,HSP90AA1
DOCKSTRING-58,200,68,8,sample_map,24,AR
DOCKSTRING-58,200,68,8,sample_map,26,CSF1R
DOCKSTRING-58,200,68,8,sample_map,54,SRC
DOCKSTRING-58,200,68,10,full_map,6,MAOB
DOCKSTRING-58,200,68,10,full_map,7,CASP3
DOCKSTRING-58,200,68,10,full_map,9,ESR2
DOCKSTRING-58,200,68,10,full_map,13,HSP90AA1
DOCKSTRING-58,200,68,10,full_map,17,NOS1
DOCKSTRING-58,200,68,10,full_map,20,PGR
DOCKSTRING-58,200,68,10,full_map,21,PTPN1
DOCKSTRING-58,200,68,10,full_map,31,LCK
DOCKSTRING-58,200,68,10,full_map,33,MMP13
DOCKSTRING-58,200,68,10,full_map,57,KDR
DOCKSTRING-58,200,68,10,sample_map,7,CASP3
DOCKSTRING-58,200,68,10,sample_map,9,ESR2
DOCKSTRING-58,200,68,10,sample_map,11,FGFR1
DOCKSTRING-58,200,68,10,sample_map,13,HSP90AA1
DOCKSTRING-58,200,68,10,sample_map,24,AR
DOCKSTRING-58,200,68,10,sample_map,26,CSF1R
DOCKSTRING-58,200,68,10,sample_map,28,NR3C1
DOCKSTRING-58,200,68,10,sample_map,43,CYP3A4
DOCKSTRING-58,200,68,10,sample_map,53,PLK1
DOCKSTRING-58,200,68,10,sample_map,54,SRC
DOCKSTRING-58,200,69,6,full_map,6,MAOB
DOCKSTRING-58,200,69,6,full_map,7,CASP3
DOCKSTRING-58,200,69,6,full_map,20,PGR
DOCKSTRING-58,200,69,6,full_map,21,PTPN1
DOCKSTRING-58,200,69,6,full_map,31,LCK
DOCKSTRING-58,200,69,6,full_map,57,KDR
DOCKSTRING-58,200,69,6,sample_map,7,CASP3
DOCKSTRING-58,200,69,6,sample_map,9,ESR2
DOCKSTRING-58,200,69,6,sample_map,20,PGR
DOCKSTRING-58,200,69,6,sample_map,31,LCK
DOCKSTRING-58,200,69,6,sample_map,55,THRB
DOCKSTRING-58,200,69,6,sample_map,57,KDR
DOCKSTRING-58,200,69,8,full_map,6,MAOB
DOCKSTRING-58,200,69,8,full_map,7,CASP3
DOCKSTRING-58,200,69,8,full_map,9,ESR2
DOCKSTRING-58,200,69,8,full_map,13,HSP90AA1
DOCKSTRING-58,200,69,8,full_map,20,PGR
DOCKSTRING-58,200,69,8,full_map,21,PTPN1
DOCKSTRING-58,200,69,8,full_map,31,LCK
DOCKSTRING-58,200,69,8,full_map,57,KDR
DOCKSTRING-58,200,69,8,sample_map,0,PPARD
DOCKSTRING-58,200,69,8,sample_map,6,MAOB
DOCKSTRING-58,200,69,8,sample_map,7,CASP3
DOCKSTRING-58,200,69,8,sample_map,9,ESR2
DOCKSTRING-58,200,69,8,sample_map,20,PGR
DOCKSTRING-58,200,69,8,sample_map,31,LCK
DOCKSTRING-58,200,69,8,sample_map,55,THRB
DOCKSTRING-58,200,69,8,sample_map,57,KDR
DOCKSTRING-58,200,69,10,full_map,6,MAOB
DOCKSTRING-58,200,69,10,full_map,7,CASP3
DOCKSTRING-58,200,69,10,full_map,9,ESR2
DOCKSTRING-58,200,69,10,full_map,13,HSP90AA1
DOCKSTRING-58,200,69,10,full_map,17,NOS1
DOCKSTRING-58,200,69,10,full_map,20,PGR
DOCKSTRING-58,200,69,10,full_map,21,PTPN1
DOCKSTRING-58,200,69,10,full_map,31,LCK
DOCKSTRING-58,200,69,10,full_map,33,MMP13
DOCKSTRING-58,200,69,10,full_map,57,KDR
DOCKSTRING-58,200,69,10,sample_map,0,PPARD
DOCKSTRING-58,200,69,10,sample_map,2,ADAM17
DOCKSTRING-58,200,69,10,sample_map,6,MAOB
DOCKSTRING-58,200,69,10,sample_map,7,CASP3
DOCKSTRING-58,200,69,10,sample_map,9,ESR2
DOCKSTRING-58,200,69,10,sample_map,20,PGR
DOCKSTRING-58,200,69,10,sample_map,21,PTPN1
DOCKSTRING-58,200,69,10,sample_map,31,LCK
DOCKSTRING-58,200,69,10,sample_map,55,THRB
DOCKSTRING-58,200,69,10,sample_map,57,KDR
DOCKSTRING-58,200,70,6,full_map,6,MAOB
DOCKSTRING-58,200,70,6,full_map,7,CASP3
DOCKSTRING-58,200,70,6,full_map,20,PGR
DOCKSTRING-58,200,70,6,full_map,21,PTPN1
DOCKSTRING-58,200,70,6,full_map,31,LCK
DOCKSTRING-58,200,70,6,full_map,57,KDR
DOCKSTRING-58,200,70,6,sample_map,7,CASP3
DOCKSTRING-58,200,70,6,sample_map,9,ESR2
DOCKSTRING-58,200,70,6,sample_map,20,PGR
DOCKSTRING-58,200,70,6,sample_map,30,JAK2
DOCKSTRING-58,200,70,6,sample_map,55,THRB
DOCKSTRING-58,200,70,6,sample_map,57,KDR
DOCKSTRING-58,200,70,8,full_map,6,MAOB
DOCKSTRING-58,200,70,8,full_map,7,CASP3
DOCKSTRING-58,200,70,8,full_map,9,ESR2
DOCKSTRING-58,200,70,8,full_map,13,HSP90AA1
DOCKSTRING-58,200,70,8,full_map,20,PGR
DOCKSTRING-58,200,70,8,full_map,21,PTPN1
DOCKSTRING-58,200,70,8,full_map,31,LCK
DOCKSTRING-58,200,70,8,full_map,57,KDR
DOCKSTRING-58,200,70,8,sample_map,7,CASP3
DOCKSTRING-58,200,70,8,sample_map,9,ESR2
DOCKSTRING-58,200,70,8,sample_map,13,HSP90AA1
DOCKSTRING-58,200,70,8,sample_map,20,PGR
DOCKSTRING-58,200,70,8,sample_map,21,PTPN1
DOCKSTRING-58,200,70,8,sample_map,30,JAK2
DOCKSTRING-58,200,70,8,sample_map,55,THRB
DOCKSTRING-58,200,70,8,sample_map,57,KDR
DOCKSTRING-58,200,70,10,full_map,6,MAOB
DOCKSTRING-58,200,70,10,full_map,7,CASP3
DOCKSTRING-58,200,70,10,full_map,9,ESR2
DOCKSTRING-58,200,70,10,full_map,13,HSP90AA1
DOCKSTRING-58,200,70,10,full_map,17,NOS1
DOCKSTRING-58,200,70,10,full_map,20,PGR
DOCKSTRING-58,200,70,10,full_map,21,PTPN1
DOCKSTRING-58,200,70,10,full_map,31,LCK
DOCKSTRING-58,200,70,10,full_map,33,MMP13
DOCKSTRING-58,200,70,10,full_map,57,KDR
DOCKSTRING-58,200,70,10,sample_map,7,CASP3
DOCKSTRING-58,200,70,10,sample_map,9,ESR2
DOCKSTRING-58,200,70,10,sample_map,13,HSP90AA1
DOCKSTRING-58,200,70,10,sample_map,17,NOS1
DOCKSTRING-58,200,70,10,sample_map,20,PGR
DOCKSTRING-58,200,70,10,sample_map,21,PTPN1
DOCKSTRING-58,200,70,10,sample_map,30,JAK2
DOCKSTRING-58,200,70,10,sample_map,35,PPARA
DOCKSTRING-58,200,70,10,sample_map,55,THRB
DOCKSTRING-58,200,70,10,sample_map,57,KDR
DOCKSTRING-58,200,71,6,full_map,6,MAOB
DOCKSTRING-58,200,71,6,full_map,7,CASP3
DOCKSTRING-58,200,71,6,full_map,20,PGR
DOCKSTRING-58,200,71,6,full_map,21,PTPN1
DOCKSTRING-58,200,71,6,full_map,31,LCK
DOCKSTRING-58,200,71,6,full_map,57,KDR
DOCKSTRING-58,200,71,6,sample_map,6,MAOB
DOCKSTRING-58,200,71,6,sample_map,11,FGFR1
DOCKSTRING-58,200,71,6,sample_map,20,PGR
DOCKSTRING-58,200,71,6,sample_map,35,PPARA
DOCKSTRING-58,200,71,6,sample_map,38,ADORA2A
DOCKSTRING-58,200,71,6,sample_map,57,KDR
DOCKSTRING-58,200,71,8,full_map,6,MAOB
DOCKSTRING-58,200,71,8,full_map,7,CASP3
DOCKSTRING-58,200,71,8,full_map,9,ESR2
DOCKSTRING-58,200,71,8,full_map,13,HSP90AA1
DOCKSTRING-58,200,71,8,full_map,20,PGR
DOCKSTRING-58,200,71,8,full_map,21,PTPN1
DOCKSTRING-58,200,71,8,full_map,31,LCK
DOCKSTRING-58,200,71,8,full_map,57,KDR
DOCKSTRING-58,200,71,8,sample_map,6,MAOB
DOCKSTRING-58,200,71,8,sample_map,11,FGFR1
DOCKSTRING-58,200,71,8,sample_map,17,NOS1
DOCKSTRING-58,200,71,8,sample_map,20,PGR
DOCKSTRING-58,200,71,8,sample_map,21,PTPN1
DOCKSTRING-58,200,71,8,sample_map,35,PPARA
DOCKSTRING-58,200,71,8,sample_map,38,ADORA2A
DOCKSTRING-58,200,71,8,sample_map,57,KDR
DOCKSTRING-58,200,71,10,full_map,6,MAOB
DOCKSTRING-58,200,71,10,full_map,7,CASP3
DOCKSTRING-58,200,71,10,full_map,9,ESR2
DOCKSTRING-58,200,71,10,full_map,13,HSP90AA1
DOCKSTRING-58,200,71,10,full_map,17,NOS1
DOCKSTRING-58,200,71,10,full_map,20,PGR
DOCKSTRING-58,200,71,10,full_map,21,PTPN1
DOCKSTRING-58,200,71,10,full_map,31,LCK
DOCKSTRING-58,200,71,10,full_map,33,MMP13
DOCKSTRING-58,200,71,10,full_map,57,KDR
DOCKSTRING-58,200,71,10,sample_map,6,MAOB
DOCKSTRING-58,200,71,10,sample_map,11,FGFR1
DOCKSTRING-58,200,71,10,sample_map,17,NOS1
DOCKSTRING-58,200,71,10,sample_map,20,PGR
DOCKSTRING-58,200,71,10,sample_map,21,PTPN1
DOCKSTRING-58,200,71,10,sample_map,35,PPARA
DOCKSTRING-58,200,71,10,sample_map,38,ADORA2A
DOCKSTRING-58,200,71,10,sample_map,41,CA2
DOCKSTRING-58,200,71,10,sample_map,50,GBA
DOCKSTRING-58,200,71,10,sample_map,57,KDR
DOCKSTRING-58,200,72,6,full_map,6,MAOB
DOCKSTRING-58,200,72,6,full_map,7,CASP3
DOCKSTRING-58,200,72,6,full_map,20,PGR
DOCKSTRING-58,200,72,6,full_map,21,PTPN1
DOCKSTRING-58,200,72,6,full_map,31,LCK
DOCKSTRING-58,200,72,6,full_map,57,KDR
DOCKSTRING-58,200,72,6,sample_map,8,DHFR
DOCKSTRING-58,200,72,6,sample_map,15,MAPKAPK2
DOCKSTRING-58,200,72,6,sample_map,20,PGR
DOCKSTRING-58,200,72,6,sample_map,40,BACE1
DOCKSTRING-58,200,72,6,sample_map,55,THRB
DOCKSTRING-58,200,72,6,sample_map,57,KDR
DOCKSTRING-58,200,72,8,full_map,6,MAOB
DOCKSTRING-58,200,72,8,full_map,7,CASP3
DOCKSTRING-58,200,72,8,full_map,9,ESR2
DOCKSTRING-58,200,72,8,full_map,13,HSP90AA1
DOCKSTRING-58,200,72,8,full_map,20,PGR
DOCKSTRING-58,200,72,8,full_map,21,PTPN1
DOCKSTRING-58,200,72,8,full_map,31,LCK
DOCKSTRING-58,200,72,8,full_map,57,KDR
DOCKSTRING-58,200,72,8,sample_map,8,DHFR
DOCKSTRING-58,200,72,8,sample_map,12,HMGCR
DOCKSTRING-58,200,72,8,sample_map,15,MAPKAPK2
DOCKSTRING-58,200,72,8,sample_map,20,PGR
DOCKSTRING-58,200,72,8,sample_map,43,CYP3A4
DOCKSTRING-58,200,72,8,sample_map,52,MAPK14
DOCKSTRING-58,200,72,8,sample_map,55,THRB
DOCKSTRING-58,200,72,8,sample_map,57,KDR
DOCKSTRING-58,200,72,10,full_map,6,MAOB
DOCKSTRING-58,200,72,10,full_map,7,CASP3
DOCKSTRING-58,200,72,10,full_map,9,ESR2
DOCKSTRING-58,200,72,10,full_map,13,HSP90AA1
DOCKSTRING-58,200,72,10,full_map,17,NOS1
DOCKSTRING-58,200,72,10,full_map,20,PGR
DOCKSTRING-58,200,72,10,full_map,21,PTPN1
DOCKSTRING-58,200,72,10,full_map,31,LCK
DOCKSTRING-58,200,72,10,full_map,33,MMP13
DOCKSTRING-58,200,72,10,full_map,57,KDR
DOCKSTRING-58,200,72,10,sample_map,8,DHFR
DOCKSTRING-58,200,72,10,sample_map,12,HMGCR
DOCKSTRING-58,200,72,10,sample_map,15,MAPKAPK2
DOCKSTRING-58,200,72,10,sample_map,20,PGR
DOCKSTRING-58,200,72,10,sample_map,31,LCK
DOCKSTRING-58,200,72,10,sample_map,34,PTGS2
DOCKSTRING-58,200,72,10,sample_map,43,CYP3A4
DOCKSTRING-58,200,72,10,sample_map,52,MAPK14
DOCKSTRING-58,200,72,10,sample_map,55,THRB
DOCKSTRING-58,200,72,10,sample_map,57,KDR
DOCKSTRING-58,200,73,6,full_map,6,MAOB
DOCKSTRING-58,200,73,6,full_map,7,CASP3
DOCKSTRING-58,200,73,6,full_map,20,PGR
DOCKSTRING-58,200,73,6,full_map,21,PTPN1
DOCKSTRING-58,200,73,6,full_map,31,LCK
DOCKSTRING-58,200,73,6,full_map,57,KDR
DOCKSTRING-58,200,73,6,sample_map,7,CASP3
DOCKSTRING-58,200,73,6,sample_map,9,ESR2
DOCKSTRING-58,200,73,6,sample_map,20,PGR
DOCKSTRING-58,200,73,6,sample_map,43,CYP3A4
DOCKSTRING-58,200,73,6,sample_map,54,SRC
DOCKSTRING-58,200,73,6,sample_map,57,KDR
DOCKSTRING-58,200,73,8,full_map,6,MAOB
DOCKSTRING-58,200,73,8,full_map,7,CASP3
DOCKSTRING-58,200,73,8,full_map,9,ESR2
DOCKSTRING-58,200,73,8,full_map,13,HSP90AA1
DOCKSTRING-58,200,73,8,full_map,20,PGR
DOCKSTRING-58,200,73,8,full_map,21,PTPN1
DOCKSTRING-58,200,73,8,full_map,31,LCK
DOCKSTRING-58,200,73,8,full_map,57,KDR
DOCKSTRING-58,200,73,8,sample_map,7,CASP3
DOCKSTRING-58,200,73,8,sample_map,9,ESR2
DOCKSTRING-58,200,73,8,sample_map,10,PTK2
DOCKSTRING-58,200,73,8,sample_map,13,HSP90AA1
DOCKSTRING-58,200,73,8,sample_map,20,PGR
DOCKSTRING-58,200,73,8,sample_map,43,CYP3A4
DOCKSTRING-58,200,73,8,sample_map,54,SRC
DOCKSTRING-58,200,73,8,sample_map,57,KDR
DOCKSTRING-58,200,73,10,full_map,6,MAOB
DOCKSTRING-58,200,73,10,full_map,7,CASP3
DOCKSTRING-58,200,73,10,full_map,9,ESR2
DOCKSTRING-58,200,73,10,full_map,13,HSP90AA1
DOCKSTRING-58,200,73,10,full_map,17,NOS1
DOCKSTRING-58,200,73,10,full_map,20,PGR
DOCKSTRING-58,200,73,10,full_map,21,PTPN1
DOCKSTRING-58,200,73,10,full_map,31,LCK
DOCKSTRING-58,200,73,10,full_map,33,MMP13
DOCKSTRING-58,200,73,10,full_map,57,KDR
DOCKSTRING-58,200,73,10,sample_map,0,PPARD
DOCKSTRING-58,200,73,10,sample_map,7,CASP3
DOCKSTRING-58,200,73,10,sample_map,9,ESR2
DOCKSTRING-58,200,73,10,sample_map,10,PTK2
DOCKSTRING-58,200,73,10,sample_map,13,HSP90AA1
DOCKSTRING-58,200,73,10,sample_map,17,NOS1
DOCKSTRING-58,200,73,10,sample_map,20,PGR
DOCKSTRING-58,200,73,10,sample_map,54,SRC
DOCKSTRING-58,200,73,10,sample_map,55,THRB
DOCKSTRING-58,200,73,10,sample_map,57,KDR
DOCKSTRING-58,200,74,6,full_map,6,MAOB
DOCKSTRING-58,200,74,6,full_map,7,CASP3
DOCKSTRING-58,200,74,6,full_map,20,PGR
DOCKSTRING-58,200,74,6,full_map,21,PTPN1
DOCKSTRING-58,200,74,6,full_map,31,LCK
DOCKSTRING-58,200,74,6,full_map,57,KDR
DOCKSTRING-58,200,74,6,sample_map,7,CASP3
DOCKSTRING-58,200,74,6,sample_map,11,FGFR1
DOCKSTRING-58,200,74,6,sample_map,15,MAPKAPK2
DOCKSTRING-58,200,74,6,sample_map,20,PGR
DOCKSTRING-58,200,74,6,sample_map,43,CYP3A4
DOCKSTRING-58,200,74,6,sample_map,57,KDR
DOCKSTRING-58,200,74,8,full_map,6,MAOB
DOCKSTRING-58,200,74,8,full_map,7,CASP3
DOCKSTRING-58,200,74,8,full_map,9,ESR2
DOCKSTRING-58,200,74,8,full_map,13,HSP90AA1
DOCKSTRING-58,200,74,8,full_map,20,PGR
DOCKSTRING-58,200,74,8,full_map,21,PTPN1
DOCKSTRING-58,200,74,8,full_map,31,LCK
DOCKSTRING-58,200,74,8,full_map,57,KDR
DOCKSTRING-58,200,74,8,sample_map,7,CASP3
DOCKSTRING-58,200,74,8,sample_map,11,FGFR1
DOCKSTRING-58,200,74,8,sample_map,15,MAPKAPK2
DOCKSTRING-58,200,74,8,sample_map,20,PGR
DOCKSTRING-58,200,74,8,sample_map,27,ESR1
DOCKSTRING-58,200,74,8,sample_map,33,MMP13
DOCKSTRING-58,200,74,8,sample_map,43,CYP3A4
DOCKSTRING-58,200,74,8,sample_map,57,KDR
DOCKSTRING-58,200,74,10,full_map,6,MAOB
DOCKSTRING-58,200,74,10,full_map,7,CASP3
DOCKSTRING-58,200,74,10,full_map,9,ESR2
DOCKSTRING-58,200,74,10,full_map,13,HSP90AA1
DOCKSTRING-58,200,74,10,full_map,17,NOS1
DOCKSTRING-58,200,74,10,full_map,20,PGR
DOCKSTRING-58,200,74,10,full_map,21,PTPN1
DOCKSTRING-58,200,74,10,full_map,31,LCK
DOCKSTRING-58,200,74,10,full_map,33,MMP13
DOCKSTRING-58,200,74,10,full_map,57,KDR
DOCKSTRING-58,200,74,10,sample_map,7,CASP3
DOCKSTRING-58,200,74,10,sample_map,11,FGFR1
DOCKSTRING-58,200,74,10,sample_map,13,HSP90AA1
DOCKSTRING-58,200,74,10,sample_map,15,MAPKAPK2
DOCKSTRING-58,200,74,10,sample_map,20,PGR
DOCKSTRING-58,200,74,10,sample_map,27,ESR1
DOCKSTRING-58,200,74,10,sample_map,31,LCK
DOCKSTRING-58,200,74,10,sample_map,33,MMP13
DOCKSTRING-58,200,74,10,sample_map,43,CYP3A4
DOCKSTRING-58,200,74,10,sample_map,57,KDR
DOCKSTRING-58,200,75,6,full_map,6,MAOB
DOCKSTRING-58,200,75,6,full_map,7,CASP3
DOCKSTRING-58,200,75,6,full_map,20,PGR
DOCKSTRING-58,200,75,6,full_map,21,PTPN1
DOCKSTRING-58,200,75,6,full_map,31,LCK
DOCKSTRING-58,200,75,6,full_map,57,KDR
DOCKSTRING-58,200,75,6,sample_map,14,KIT
DOCKSTRING-58,200,75,6,sample_map,18,PARP1
DOCKSTRING-58,200,75,6,sample_map,20,PGR
DOCKSTRING-58,200,75,6,sample_map,31,LCK
DOCKSTRING-58,200,75,6,sample_map,40,BACE1
DOCKSTRING-58,200,75,6,sample_map,55,THRB
DOCKSTRING-58,200,75,8,full_map,6,MAOB
DOCKSTRING-58,200,75,8,full_map,7,CASP3
DOCKSTRING-58,200,75,8,full_map,9,ESR2
DOCKSTRING-58,200,75,8,full_map,13,HSP90AA1
DOCKSTRING-58,200,75,8,full_map,20,PGR
DOCKSTRING-58,200,75,8,full_map,21,PTPN1
DOCKSTRING-58,200,75,8,full_map,31,LCK
DOCKSTRING-58,200,75,8,full_map,57,KDR
DOCKSTRING-58,200,75,8,sample_map,14,KIT
DOCKSTRING-58,200,75,8,sample_map,18,PARP1
DOCKSTRING-58,200,75,8,sample_map,20,PGR
DOCKSTRING-58,200,75,8,sample_map,31,LCK
DOCKSTRING-58,200,75,8,sample_map,33,MMP13
DOCKSTRING-58,200,75,8,sample_map,36,PPARG
DOCKSTRING-58,200,75,8,sample_map,40,BACE1
DOCKSTRING-58,200,75,8,sample_map,55,THRB
DOCKSTRING-58,200,75,10,full_map,6,MAOB
DOCKSTRING-58,200,75,10,full_map,7,CASP3
DOCKSTRING-58,200,75,10,full_map,9,ESR2
DOCKSTRING-58,200,75,10,full_map,13,HSP90AA1
DOCKSTRING-58,200,75,10,full_map,17,NOS1
DOCKSTRING-58,200,75,10,full_map,20,PGR
DOCKSTRING-58,200,75,10,full_map,21,PTPN1
DOCKSTRING-58,200,75,10,full_map,31,LCK
DOCKSTRING-58,200,75,10,full_map,33,MMP13
DOCKSTRING-58,200,75,10,full_map,57,KDR
DOCKSTRING-58,200,75,10,sample_map,14,KIT
DOCKSTRING-58,200,75,10,sample_map,18,PARP1
DOCKSTRING-58,200,75,10,sample_map,20,PGR
DOCKSTRING-58,200,75,10,sample_map,26,CSF1R
DOCKSTRING-58,200,75,10,sample_map,31,LCK
DOCKSTRING-58,200,75,10,sample_map,33,MMP13
DOCKSTRING-58,200,75,10,sample_map,36,PPARG
DOCKSTRING-58,200,75,10,sample_map,38,ADORA2A
DOCKSTRING-58,200,75,10,sample_map,40,BACE1
DOCKSTRING-58,200,75,10,sample_map,55,THRB
DOCKSTRING-58,200,76,6,full_map,6,MAOB
DOCKSTRING-58,200,76,6,full_map,7,CASP3
DOCKSTRING-58,200,76,6,full_map,20,PGR
DOCKSTRING-58,200,76,6,full_map,21,PTPN1
DOCKSTRING-58,200,76,6,full_map,31,LCK
DOCKSTRING-58,200,76,6,full_map,57,KDR
DOCKSTRING-58,200,76,6,sample_map,20,PGR
DOCKSTRING-58,200,76,6,sample_map,28,NR3C1
DOCKSTRING-58,200,76,6,sample_map,30,JAK2
DOCKSTRING-58,200,76,6,sample_map,40,BACE1
DOCKSTRING-58,200,76,6,sample_map,43,CYP3A4
DOCKSTRING-58,200,76,6,sample_map,57,KDR
DOCKSTRING-58,200,76,8,full_map,6,MAOB
DOCKSTRING-58,200,76,8,full_map,7,CASP3
DOCKSTRING-58,200,76,8,full_map,9,ESR2
DOCKSTRING-58,200,76,8,full_map,13,HSP90AA1
DOCKSTRING-58,200,76,8,full_map,20,PGR
DOCKSTRING-58,200,76,8,full_map,21,PTPN1
DOCKSTRING-58,200,76,8,full_map,31,LCK
DOCKSTRING-58,200,76,8,full_map,57,KDR
DOCKSTRING-58,200,76,8,sample_map,20,PGR
DOCKSTRING-58,200,76,8,sample_map,26,CSF1R
DOCKSTRING-58,200,76,8,sample_map,27,ESR1
DOCKSTRING-58,200,76,8,sample_map,28,NR3C1
DOCKSTRING-58,200,76,8,sample_map,30,JAK2
DOCKSTRING-58,200,76,8,sample_map,40,BACE1
DOCKSTRING-58,200,76,8,sample_map,43,CYP3A4
DOCKSTRING-58,200,76,8,sample_map,57,KDR
DOCKSTRING-58,200,76,10,full_map,6,MAOB
DOCKSTRING-58,200,76,10,full_map,7,CASP3
DOCKSTRING-58,200,76,10,full_map,9,ESR2
DOCKSTRING-58,200,76,10,full_map,13,HSP90AA1
DOCKSTRING-58,200,76,10,full_map,17,NOS1
DOCKSTRING-58,200,76,10,full_map,20,PGR
DOCKSTRING-58,200,76,10,full_map,21,PTPN1
DOCKSTRING-58,200,76,10,full_map,31,LCK
DOCKSTRING-58,200,76,10,full_map,33,MMP13
DOCKSTRING-58,200,76,10,full_map,57,KDR
DOCKSTRING-58,200,76,10,sample_map,0,PPARD
DOCKSTRING-58,200,76,10,sample_map,6,MAOB
DOCKSTRING-58,200,76,10,sample_map,20,PGR
DOCKSTRING-58,200,76,10,sample_map,26,CSF1R
DOCKSTRING-58,200,76,10,sample_map,27,ESR1
DOCKSTRING-58,200,76,10,sample_map,28,NR3C1
DOCKSTRING-58,200,76,10,sample_map,30,JAK2
DOCKSTRING-58,200,76,10,sample_map,40,BACE1
DOCKSTRING-58,200,76,10,sample_map,56,F2
DOCKSTRING-58,200,76,10,sample_map,57,KDR
DOCKSTRING-58,200,77,6,full_map,6,MAOB
DOCKSTRING-58,200,77,6,full_map,7,CASP3
DOCKSTRING-58,200,77,6,full_map,20,PGR
DOCKSTRING-58,200,77,6,full_map,21,PTPN1
DOCKSTRING-58,200,77,6,full_map,31,LCK
DOCKSTRING-58,200,77,6,full_map,57,KDR
DOCKSTRING-58,200,77,6,sample_map,1,ABL1
DOCKSTRING-58,200,77,6,sample_map,6,MAOB
DOCKSTRING-58,200,77,6,sample_map,7,CASP3
DOCKSTRING-58,200,77,6,sample_map,20,PGR
DOCKSTRING-58,200,77,6,sample_map,21,PTPN1
DOCKSTRING-58,200,77,6,sample_map,57,KDR
DOCKSTRING-58,200,77,8,full_map,6,MAOB
DOCKSTRING-58,200,77,8,full_map,7,CASP3
DOCKSTRING-58,200,77,8,full_map,9,ESR2
DOCKSTRING-58,200,77,8,full_map,13,HSP90AA1
DOCKSTRING-58,200,77,8,full_map,20,PGR
DOCKSTRING-58,200,77,8,full_map,21,PTPN1
DOCKSTRING-58,200,77,8,full_map,31,LCK
DOCKSTRING-58,200,77,8,full_map,57,KDR
DOCKSTRING-58,200,77,8,sample_map,1,ABL1
DOCKSTRING-58,200,77,8,sample_map,6,MAOB
DOCKSTRING-58,200,77,8,sample_map,7,CASP3
DOCKSTRING-58,200,77,8,sample_map,9,ESR2
DOCKSTRING-58,200,77,8,sample_map,20,PGR
DOCKSTRING-58,200,77,8,sample_map,21,PTPN1
DOCKSTRING-58,200,77,8,sample_map,36,PPARG
DOCKSTRING-58,200,77,8,sample_map,57,KDR
DOCKSTRING-58,200,77,10,full_map,6,MAOB
DOCKSTRING-58,200,77,10,full_map,7,CASP3
DOCKSTRING-58,200,77,10,full_map,9,ESR2
DOCKSTRING-58,200,77,10,full_map,13,HSP90AA1
DOCKSTRING-58,200,77,10,full_map,17,NOS1
DOCKSTRING-58,200,77,10,full_map,20,PGR
DOCKSTRING-58,200,77,10,full_map,21,PTPN1
DOCKSTRING-58,200,77,10,full_map,31,LCK
DOCKSTRING-58,200,77,10,full_map,33,MMP13
DOCKSTRING-58,200,77,10,full_map,57,KDR
DOCKSTRING-58,200,77,10,sample_map,1,ABL1
DOCKSTRING-58,200,77,10,sample_map,2,ADAM17
DOCKSTRING-58,200,77,10,sample_map,6,MAOB
DOCKSTRING-58,200,77,10,sample_map,7,CASP3
DOCKSTRING-58,200,77,10,sample_map,9,ESR2
DOCKSTRING-58,200,77,10,sample_map,20,PGR
DOCKSTRING-58,200,77,10,sample_map,21,PTPN1
DOCKSTRING-58,200,77,10,sample_map,26,CSF1R
DOCKSTRING-58,200,77,10,sample_map,36,PPARG
DOCKSTRING-58,200,77,10,sample_map,57,KDR
DOCKSTRING-58,200,78,6,full_map,6,MAOB
DOCKSTRING-58,200,78,6,full_map,7,CASP3
DOCKSTRING-58,200,78,6,full_map,20,PGR
DOCKSTRING-58,200,78,6,full_map,21,PTPN1
DOCKSTRING-58,200,78,6,full_map,31,LCK
DOCKSTRING-58,200,78,6,full_map,57,KDR
DOCKSTRING-58,200,78,6,sample_map,7,CASP3
DOCKSTRING-58,200,78,6,sample_map,24,AR
DOCKSTRING-58,200,78,6,sample_map,28,NR3C1
DOCKSTRING-58,200,78,6,sample_map,37,REN
DOCKSTRING-58,200,78,6,sample_map,43,CYP3A4
DOCKSTRING-58,200,78,6,sample_map,57,KDR
DOCKSTRING-58,200,78,8,full_map,6,MAOB
DOCKSTRING-58,200,78,8,full_map,7,CASP3
DOCKSTRING-58,200,78,8,full_map,9,ESR2
DOCKSTRING-58,200,78,8,full_map,13,HSP90AA1
DOCKSTRING-58,200,78,8,full_map,20,PGR
DOCKSTRING-58,200,78,8,full_map,21,PTPN1
DOCKSTRING-58,200,78,8,full_map,31,LCK
DOCKSTRING-58,200,78,8,full_map,57,KDR
DOCKSTRING-58,200,78,8,sample_map,6,MAOB
DOCKSTRING-58,200,78,8,sample_map,7,CASP3
DOCKSTRING-58,200,78,8,sample_map,23,AKT1
DOCKSTRING-58,200,78,8,sample_map,24,AR
DOCKSTRING-58,200,78,8,sample_map,28,NR3C1
DOCKSTRING-58,200,78,8,sample_map,33,MMP13
DOCKSTRING-58,200,78,8,sample_map,53,PLK1
DOCKSTRING-58,200,78,8,sample_map,57,KDR
DOCKSTRING-58,200,78,10,full_map,6,MAOB
DOCKSTRING-58,200,78,10,full_map,7,CASP3
DOCKSTRING-58,200,78,10,full_map,9,ESR2
DOCKSTRING-58,200,78,10,full_map,13,HSP90AA1
DOCKSTRING-58,200,78,10,full_map,17,NOS1
DOCKSTRING-58,200,78,10,full_map,20,PGR
DOCKSTRING-58,200,78,10,full_map,21,PTPN1
DOCKSTRING-58,200,78,10,full_map,31,LCK
DOCKSTRING-58,200,78,10,full_map,33,MMP13
DOCKSTRING-58,200,78,10,full_map,57,KDR
DOCKSTRING-58,200,78,10,sample_map,4,ADRB2
DOCKSTRING-58,200,78,10,sample_map,6,MAOB
DOCKSTRING-58,200,78,10,sample_map,7,CASP3
DOCKSTRING-58,200,78,10,sample_map,9,ESR2
DOCKSTRING-58,200,78,10,sample_map,23,AKT1
DOCKSTRING-58,200,78,10,sample_map,28,NR3C1
DOCKSTRING-58,200,78,10,sample_map,31,LCK
DOCKSTRING-58,200,78,10,sample_map,33,MMP13
DOCKSTRING-58,200,78,10,sample_map,53,PLK1
DOCKSTRING-58,200,78,10,sample_map,57,KDR
DOCKSTRING-58,200,79,6,full_map,6,MAOB
DOCKSTRING-58,200,79,6,full_map,7,CASP3
DOCKSTRING-58,200,79,6,full_map,20,PGR
DOCKSTRING-58,200,79,6,full_map,21,PTPN1
DOCKSTRING-58,200,79,6,full_map,31,LCK
DOCKSTRING-58,200,79,6,full_map,57,KDR
DOCKSTRING-58,200,79,6,sample_map,7,CASP3
DOCKSTRING-58,200,79,6,sample_map,20,PGR
DOCKSTRING-58,200,79,6,sample_map,27,ESR1
DOCKSTRING-58,200,79,6,sample_map,30,JAK2
DOCKSTRING-58,200,79,6,sample_map,43,CYP3A4
DOCKSTRING-58,200,79,6,sample_map,57,KDR
DOCKSTRING-58,200,79,8,full_map,6,MAOB
DOCKSTRING-58,200,79,8,full_map,7,CASP3
DOCKSTRING-58,200,79,8,full_map,9,ESR2
DOCKSTRING-58,200,79,8,full_map,13,HSP90AA1
DOCKSTRING-58,200,79,8,full_map,20,PGR
DOCKSTRING-58,200,79,8,full_map,21,PTPN1
DOCKSTRING-58,200,79,8,full_map,31,LCK
DOCKSTRING-58,200,79,8,full_map,57,KDR
DOCKSTRING-58,200,79,8,sample_map,0,PPARD
DOCKSTRING-58,200,79,8,sample_map,7,CASP3
DOCKSTRING-58,200,79,8,sample_map,20,PGR
DOCKSTRING-58,200,79,8,sample_map,27,ESR1
DOCKSTRING-58,200,79,8,sample_map,30,JAK2
DOCKSTRING-58,200,79,8,sample_map,33,MMP13
DOCKSTRING-58,200,79,8,sample_map,55,THRB
DOCKSTRING-58,200,79,8,sample_map,57,KDR
DOCKSTRING-58,200,79,10,full_map,6,MAOB
DOCKSTRING-58,200,79,10,full_map,7,CASP3
DOCKSTRING-58,200,79,10,full_map,9,ESR2
DOCKSTRING-58,200,79,10,full_map,13,HSP90AA1
DOCKSTRING-58,200,79,10,full_map,17,NOS1
DOCKSTRING-58,200,79,10,full_map,20,PGR
DOCKSTRING-58,200,79,10,full_map,21,PTPN1
DOCKSTRING-58,200,79,10,full_map,31,LCK
DOCKSTRING-58,200,79,10,full_map,33,MMP13
DOCKSTRING-58,200,79,10,full_map,57,KDR
DOCKSTRING-58,200,79,10,sample_map,0,PPARD
DOCKSTRING-58,200,79,10,sample_map,6,MAOB
DOCKSTRING-58,200,79,10,sample_map,7,CASP3
DOCKSTRING-58,200,79,10,sample_map,20,PGR
DOCKSTRING-58,200,79,10,sample_map,21,PTPN1
DOCKSTRING-58,200,79,10,sample_map,27,ESR1
DOCKSTRING-58,200,79,10,sample_map,30,JAK2
DOCKSTRING-58,200,79,10,sample_map,33,MMP13
DOCKSTRING-58,200,79,10,sample_map,55,THRB
DOCKSTRING-58,200,79,10,sample_map,57,KDR
DOCKSTRING-58,200,80,6,full_map,6,MAOB
DOCKSTRING-58,200,80,6,full_map,7,CASP3
DOCKSTRING-58,200,80,6,full_map,20,PGR
DOCKSTRING-58,200,80,6,full_map,21,PTPN1
DOCKSTRING-58,200,80,6,full_map,31,LCK
DOCKSTRING-58,200,80,6,full_map,57,KDR
DOCKSTRING-58,200,80,6,sample_map,11,FGFR1
DOCKSTRING-58,200,80,6,sample_map,12,HMGCR
DOCKSTRING-58,200,80,6,sample_map,20,PGR
DOCKSTRING-58,200,80,6,sample_map,31,LCK
DOCKSTRING-58,200,80,6,sample_map,38,ADORA2A
DOCKSTRING-58,200,80,6,sample_map,43,CYP3A4
DOCKSTRING-58,200,80,8,full_map,6,MAOB
DOCKSTRING-58,200,80,8,full_map,7,CASP3
DOCKSTRING-58,200,80,8,full_map,9,ESR2
DOCKSTRING-58,200,80,8,full_map,13,HSP90AA1
DOCKSTRING-58,200,80,8,full_map,20,PGR
DOCKSTRING-58,200,80,8,full_map,21,PTPN1
DOCKSTRING-58,200,80,8,full_map,31,LCK
DOCKSTRING-58,200,80,8,full_map,57,KDR
DOCKSTRING-58,200,80,8,sample_map,11,FGFR1
DOCKSTRING-58,200,80,8,sample_map,12,HMGCR
DOCKSTRING-58,200,80,8,sample_map,20,PGR
DOCKSTRING-58,200,80,8,sample_map,25,CDK2
DOCKSTRING-58,200,80,8,sample_map,31,LCK
DOCKSTRING-58,200,80,8,sample_map,35,PPARA
DOCKSTRING-58,200,80,8,sample_map,38,ADORA2A
DOCKSTRING-58,200,80,8,sample_map,43,CYP3A4
DOCKSTRING-58,200,80,10,full_map,6,MAOB
DOCKSTRING-58,200,80,10,full_map,7,CASP3
DOCKSTRING-58,200,80,10,full_map,9,ESR2
DOCKSTRING-58,200,80,10,full_map,13,HSP90AA1
DOCKSTRING-58,200,80,10,full_map,17,NOS1
DOCKSTRING-58,200,80,10,full_map,20,PGR
DOCKSTRING-58,200,80,10,full_map,21,PTPN1
DOCKSTRING-58,200,80,10,full_map,31,LCK
DOCKSTRING-58,200,80,10,full_map,33,MMP13
DOCKSTRING-58,200,80,10,full_map,57,KDR
DOCKSTRING-58,200,80,10,sample_map,11,FGFR1
DOCKSTRING-58,200,80,10,sample_map,12,HMGCR
DOCKSTRING-58,200,80,10,sample_map,13,HSP90AA1
DOCKSTRING-58,200,80,10,sample_map,20,PGR
DOCKSTRING-58,200,80,10,sample_map,21,PTPN1
DOCKSTRING-58,200,80,10,sample_map,25,CDK2
DOCKSTRING-58,200,80,10,sample_map,31,LCK
DOCKSTRING-58,200,80,10,sample_map,35,PPARA
DOCKSTRING-58,200,80,10,sample_map,38,ADORA2A
DOCKSTRING-58,200,80,10,sample_map,43,CYP3A4
DOCKSTRING-58,200,81,6,full_map,6,MAOB
DOCKSTRING-58,200,81,6,full_map,7,CASP3
DOCKSTRING-58,200,81,6,full_map,20,PGR
DOCKSTRING-58,200,81,6,full_map,21,PTPN1
DOCKSTRING-58,200,81,6,full_map,31,LCK
DOCKSTRING-58,200,81,6,full_map,57,KDR
DOCKSTRING-58,200,81,6,sample_map,6,MAOB
DOCKSTRING-58,200,81,6,sample_map,12,HMGCR
DOCKSTRING-58,200,81,6,sample_map,20,PGR
DOCKSTRING-58,200,81,6,sample_map,26,CSF1R
DOCKSTRING-58,200,81,6,sample_map,28,NR3C1
DOCKSTRING-58,200,81,6,sample_map,57,KDR
DOCKSTRING-58,200,81,8,full_map,6,MAOB
DOCKSTRING-58,200,81,8,full_map,7,CASP3
DOCKSTRING-58,200,81,8,full_map,9,ESR2
DOCKSTRING-58,200,81,8,full_map,13,HSP90AA1
DOCKSTRING-58,200,81,8,full_map,20,PGR
DOCKSTRING-58,200,81,8,full_map,21,PTPN1
DOCKSTRING-58,200,81,8,full_map,31,LCK
DOCKSTRING-58,200,81,8,full_map,57,KDR
DOCKSTRING-58,200,81,8,sample_map,6,MAOB
DOCKSTRING-58,200,81,8,sample_map,12,HMGCR
DOCKSTRING-58,200,81,8,sample_map,20,PGR
DOCKSTRING-58,200,81,8,sample_map,26,CSF1R
DOCKSTRING-58,200,81,8,sample_map,28,NR3C1
DOCKSTRING-58,200,81,8,sample_map,40,BACE1
DOCKSTRING-58,200,81,8,sample_map,49,F10
DOCKSTRING-58,200,81,8,sample_map,57,KDR
DOCKSTRING-58,200,81,10,full_map,6,MAOB
DOCKSTRING-58,200,81,10,full_map,7,CASP3
DOCKSTRING-58,200,81,10,full_map,9,ESR2
DOCKSTRING-58,200,81,10,full_map,13,HSP90AA1
DOCKSTRING-58,200,81,10,full_map,17,NOS1
DOCKSTRING-58,200,81,10,full_map,20,PGR
DOCKSTRING-58,200,81,10,full_map,21,PTPN1
DOCKSTRING-58,200,81,10,full_map,31,LCK
DOCKSTRING-58,200,81,10,full_map,33,MMP13
DOCKSTRING-58,200,81,10,full_map,57,KDR
DOCKSTRING-58,200,81,10,sample_map,6,MAOB
DOCKSTRING-58,200,81,10,sample_map,12,HMGCR
DOCKSTRING-58,200,81,10,sample_map,13,HSP90AA1
DOCKSTRING-58,200,81,10,sample_map,20,PGR
DOCKSTRING-58,200,81,10,sample_map,26,CSF1R
DOCKSTRING-58,200,81,10,sample_map,40,BACE1
DOCKSTRING-58,200,81,10,sample_map,44,HSD11B1
DOCKSTRING-58,200,81,10,sample_map,49,F10
DOCKSTRING-58,200,81,10,sample_map,51,MAPK1
DOCKSTRING-58,200,81,10,sample_map,57,KDR
DOCKSTRING-58,200,82,6,full_map,6,MAOB
DOCKSTRING-58,200,82,6,full_map,7,CASP3
DOCKSTRING-58,200,82,6,full_map,20,PGR
DOCKSTRING-58,200,82,6,full_map,21,PTPN1
DOCKSTRING-58,200,82,6,full_map,31,LCK
DOCKSTRING-58,200,82,6,full_map,57,KDR
DOCKSTRING-58,200,82,6,sample_map,7,CASP3
DOCKSTRING-58,200,82,6,sample_map,9,ESR2
DOCKSTRING-58,200,82,6,sample_map,20,PGR
DOCKSTRING-58,200,82,6,sample_map,21,PTPN1
DOCKSTRING-58,200,82,6,sample_map,43,CYP3A4
DOCKSTRING-58,200,82,6,sample_map,57,KDR
DOCKSTRING-58,200,82,8,full_map,6,MAOB
DOCKSTRING-58,200,82,8,full_map,7,CASP3
DOCKSTRING-58,200,82,8,full_map,9,ESR2
DOCKSTRING-58,200,82,8,full_map,13,HSP90AA1
DOCKSTRING-58,200,82,8,full_map,20,PGR
DOCKSTRING-58,200,82,8,full_map,21,PTPN1
DOCKSTRING-58,200,82,8,full_map,31,LCK
DOCKSTRING-58,200,82,8,full_map,57,KDR
DOCKSTRING-58,200,82,8,sample_map,7,CASP3
DOCKSTRING-58,200,82,8,sample_map,9,ESR2
DOCKSTRING-58,200,82,8,sample_map,13,HSP90AA1
DOCKSTRING-58,200,82,8,sample_map,17,NOS1
DOCKSTRING-58,200,82,8,sample_map,20,PGR
DOCKSTRING-58,200,82,8,sample_map,21,PTPN1
DOCKSTRING-58,200,82,8,sample_map,43,CYP3A4
DOCKSTRING-58,200,82,8,sample_map,57,KDR
DOCKSTRING-58,200,82,10,full_map,6,MAOB
DOCKSTRING-58,200,82,10,full_map,7,CASP3
DOCKSTRING-58,200,82,10,full_map,9,ESR2
DOCKSTRING-58,200,82,10,full_map,13,HSP90AA1
DOCKSTRING-58,200,82,10,full_map,17,NOS1
DOCKSTRING-58,200,82,10,full_map,20,PGR
DOCKSTRING-58,200,82,10,full_map,21,PTPN1
DOCKSTRING-58,200,82,10,full_map,31,LCK
DOCKSTRING-58,200,82,10,full_map,33,MMP13
DOCKSTRING-58,200,82,10,full_map,57,KDR
DOCKSTRING-58,200,82,10,sample_map,7,CASP3
DOCKSTRING-58,200,82,10,sample_map,9,ESR2
DOCKSTRING-58,200,82,10,sample_map,13,HSP90AA1
DOCKSTRING-58,200,82,10,sample_map,17,NOS1
DOCKSTRING-58,200,82,10,sample_map,20,PGR
DOCKSTRING-58,200,82,10,sample_map,21,PTPN1
DOCKSTRING-58,200,82,10,sample_map,26,CSF1R
DOCKSTRING-58,200,82,10,sample_map,33,MMP13
DOCKSTRING-58,200,82,10,sample_map,43,CYP3A4
DOCKSTRING-58,200,82,10,sample_map,57,KDR
DOCKSTRING-58,200,83,6,full_map,6,MAOB
DOCKSTRING-58,200,83,6,full_map,7,CASP3
DOCKSTRING-58,200,83,6,full_map,20,PGR
DOCKSTRING-58,200,83,6,full_map,21,PTPN1
DOCKSTRING-58,200,83,6,full_map,31,LCK
DOCKSTRING-58,200,83,6,full_map,57,KDR
DOCKSTRING-58,200,83,6,sample_map,6,MAOB
DOCKSTRING-58,200,83,6,sample_map,7,CASP3
DOCKSTRING-58,200,83,6,sample_map,20,PGR
DOCKSTRING-58,200,83,6,sample_map,27,ESR1
DOCKSTRING-58,200,83,6,sample_map,51,MAPK1
DOCKSTRING-58,200,83,6,sample_map,57,KDR
DOCKSTRING-58,200,83,8,full_map,6,MAOB
DOCKSTRING-58,200,83,8,full_map,7,CASP3
DOCKSTRING-58,200,83,8,full_map,9,ESR2
DOCKSTRING-58,200,83,8,full_map,13,HSP90AA1
DOCKSTRING-58,200,83,8,full_map,20,PGR
DOCKSTRING-58,200,83,8,full_map,21,PTPN1
DOCKSTRING-58,200,83,8,full_map,31,LCK
DOCKSTRING-58,200,83,8,full_map,57,KDR
DOCKSTRING-58,200,83,8,sample_map,6,MAOB
DOCKSTRING-58,200,83,8,sample_map,7,CASP3
DOCKSTRING-58,200,83,8,sample_map,13,HSP90AA1
DOCKSTRING-58,200,83,8,sample_map,20,PGR
DOCKSTRING-58,200,83,8,sample_map,27,ESR1
DOCKSTRING-58,200,83,8,sample_map,35,PPARA
DOCKSTRING-58,200,83,8,sample_map,51,MAPK1
DOCKSTRING-58,200,83,8,sample_map,57,KDR
DOCKSTRING-58,200,83,10,full_map,6,MAOB
DOCKSTRING-58,200,83,10,full_map,7,CASP3
DOCKSTRING-58,200,83,10,full_map,9,ESR2
DOCKSTRING-58,200,83,10,full_map,13,HSP90AA1
DOCKSTRING-58,200,83,10,full_map,17,NOS1
DOCKSTRING-58,200,83,10,full_map,20,PGR
DOCKSTRING-58,200,83,10,full_map,21,PTPN1
DOCKSTRING-58,200,83,10,full_map,31,LCK
DOCKSTRING-58,200,83,10,full_map,33,MMP13
DOCKSTRING-58,200,83,10,full_map,57,KDR
DOCKSTRING-58,200,83,10,sample_map,6,MAOB
DOCKSTRING-58,200,83,10,sample_map,7,CASP3
DOCKSTRING-58,200,83,10,sample_map,13,HSP90AA1
DOCKSTRING-58,200,83,10,sample_map,20,PGR
DOCKSTRING-58,200,83,10,sample_map,21,PTPN1
DOCKSTRING-58,200,83,10,sample_map,27,ESR1
DOCKSTRING-58,200,83,10,sample_map,35,PPARA
DOCKSTRING-58,200,83,10,sample_map,51,MAPK1
DOCKSTRING-58,200,83,10,sample_map,56,F2
DOCKSTRING-58,200,83,10,sample_map,57,KDR
DOCKSTRING-58,200,84,6,full_map,6,MAOB
DOCKSTRING-58,200,84,6,full_map,7,CASP3
DOCKSTRING-58,200,84,6,full_map,20,PGR
DOCKSTRING-58,200,84,6,full_map,21,PTPN1
DOCKSTRING-58,200,84,6,full_map,31,LCK
DOCKSTRING-58,200,84,6,full_map,57,KDR
DOCKSTRING-58,200,84,6,sample_map,13,HSP90AA1
DOCKSTRING-58,200,84,6,sample_map,17,NOS1
DOCKSTRING-58,200,84,6,sample_map,20,PGR
DOCKSTRING-58,200,84,6,sample_map,40,BACE1
DOCKSTRING-58,200,84,6,sample_map,43,CYP3A4
DOCKSTRING-58,200,84,6,sample_map,57,KDR
DOCKSTRING-58,200,84,8,full_map,6,MAOB
DOCKSTRING-58,200,84,8,full_map,7,CASP3
DOCKSTRING-58,200,84,8,full_map,9,ESR2
DOCKSTRING-58,200,84,8,full_map,13,HSP90AA1
DOCKSTRING-58,200,84,8,full_map,20,PGR
DOCKSTRING-58,200,84,8,full_map,21,PTPN1
DOCKSTRING-58,200,84,8,full_map,31,LCK
DOCKSTRING-58,200,84,8,full_map,57,KDR
DOCKSTRING-58,200,84,8,sample_map,7,CASP3
DOCKSTRING-58,200,84,8,sample_map,13,HSP90AA1
DOCKSTRING-58,200,84,8,sample_map,17,NOS1
DOCKSTRING-58,200,84,8,sample_map,20,PGR
DOCKSTRING-58,200,84,8,sample_map,33,MMP13
DOCKSTRING-58,200,84,8,sample_map,35,PPARA
DOCKSTRING-58,200,84,8,sample_map,43,CYP3A4
DOCKSTRING-58,200,84,8,sample_map,57,KDR
DOCKSTRING-58,200,84,10,full_map,6,MAOB
DOCKSTRING-58,200,84,10,full_map,7,CASP3
DOCKSTRING-58,200,84,10,full_map,9,ESR2
DOCKSTRING-58,200,84,10,full_map,13,HSP90AA1
DOCKSTRING-58,200,84,10,full_map,17,NOS1
DOCKSTRING-58,200,84,10,full_map,20,PGR
DOCKSTRING-58,200,84,10,full_map,21,PTPN1
DOCKSTRING-58,200,84,10,full_map,31,LCK
DOCKSTRING-58,200,84,10,full_map,33,MMP13
DOCKSTRING-58,200,84,10,full_map,57,KDR
DOCKSTRING-58,200,84,10,sample_map,6,MAOB
DOCKSTRING-58,200,84,10,sample_map,13,HSP90AA1
DOCKSTRING-58,200,84,10,sample_map,17,NOS1
DOCKSTRING-58,200,84,10,sample_map,20,PGR
DOCKSTRING-58,200,84,10,sample_map,21,PTPN1
DOCKSTRING-58,200,84,10,sample_map,33,MMP13
DOCKSTRING-58,200,84,10,sample_map,35,PPARA
DOCKSTRING-58,200,84,10,sample_map,40,BACE1
DOCKSTRING-58,200,84,10,sample_map,55,THRB
DOCKSTRING-58,200,84,10,sample_map,57,KDR
DOCKSTRING-58,200,85,6,full_map,6,MAOB
DOCKSTRING-58,200,85,6,full_map,7,CASP3
DOCKSTRING-58,200,85,6,full_map,20,PGR
DOCKSTRING-58,200,85,6,full_map,21,PTPN1
DOCKSTRING-58,200,85,6,full_map,31,LCK
DOCKSTRING-58,200,85,6,full_map,57,KDR
DOCKSTRING-58,200,85,6,sample_map,6,MAOB
DOCKSTRING-58,200,85,6,sample_map,7,CASP3
DOCKSTRING-58,200,85,6,sample_map,24,AR
DOCKSTRING-58,200,85,6,sample_map,31,LCK
DOCKSTRING-58,200,85,6,sample_map,33,MMP13
DOCKSTRING-58,200,85,6,sample_map,57,KDR
DOCKSTRING-58,200,85,8,full_map,6,MAOB
DOCKSTRING-58,200,85,8,full_map,7,CASP3
DOCKSTRING-58,200,85,8,full_map,9,ESR2
DOCKSTRING-58,200,85,8,full_map,13,HSP90AA1
DOCKSTRING-58,200,85,8,full_map,20,PGR
DOCKSTRING-58,200,85,8,full_map,21,PTPN1
DOCKSTRING-58,200,85,8,full_map,31,LCK
DOCKSTRING-58,200,85,8,full_map,57,KDR
DOCKSTRING-58,200,85,8,sample_map,6,MAOB
DOCKSTRING-58,200,85,8,sample_map,7,CASP3
DOCKSTRING-58,200,85,8,sample_map,24,AR
DOCKSTRING-58,200,85,8,sample_map,31,LCK
DOCKSTRING-58,200,85,8,sample_map,33,MMP13
DOCKSTRING-58,200,85,8,sample_map,49,F10
DOCKSTRING-58,200,85,8,sample_map,52,MAPK14
DOCKSTRING-58,200,85,8,sample_map,57,KDR
DOCKSTRING-58,200,85,10,full_map,6,MAOB
DOCKSTRING-58,200,85,10,full_map,7,CASP3
DOCKSTRING-58,200,85,10,full_map,9,ESR2
DOCKSTRING-58,200,85,10,full_map,13,HSP90AA1
DOCKSTRING-58,200,85,10,full_map,17,NOS1
DOCKSTRING-58,200,85,10,full_map,20,PGR
DOCKSTRING-58,200,85,10,full_map,21,PTPN1
DOCKSTRING-58,200,85,10,full_map,31,LCK
DOCKSTRING-58,200,85,10,full_map,33,MMP13
DOCKSTRING-58,200,85,10,full_map,57,KDR
DOCKSTRING-58,200,85,10,sample_map,6,MAOB
DOCKSTRING-58,200,85,10,sample_map,7,CASP3
DOCKSTRING-58,200,85,10,sample_map,21,PTPN1
DOCKSTRING-58,200,85,10,sample_map,24,AR
DOCKSTRING-58,200,85,10,sample_map,27,ESR1
DOCKSTRING-58,200,85,10,sample_map,31,LCK
DOCKSTRING-58,200,85,10,sample_map,33,MMP13
DOCKSTRING-58,200,85,10,sample_map,49,F10
DOCKSTRING-58,200,85,10,sample_map,52,MAPK14
DOCKSTRING-58,200,85,10,sample_map,57,KDR
DOCKSTRING-58,200,86,6,full_map,6,MAOB
DOCKSTRING-58,200,86,6,full_map,7,CASP3
DOCKSTRING-58,200,86,6,full_map,20,PGR
DOCKSTRING-58,200,86,6,full_map,21,PTPN1
DOCKSTRING-58,200,86,6,full_map,31,LCK
DOCKSTRING-58,200,86,6,full_map,57,KDR
DOCKSTRING-58,200,86,6,sample_map,11,FGFR1
DOCKSTRING-58,200,86,6,sample_map,13,HSP90AA1
DOCKSTRING-58,200,86,6,sample_map,20,PGR
DOCKSTRING-58,200,86,6,sample_map,27,ESR1
DOCKSTRING-58,200,86,6,sample_map,31,LCK
DOCKSTRING-58,200,86,6,sample_map,55,THRB
DOCKSTRING-58,200,86,8,full_map,6,MAOB
DOCKSTRING-58,200,86,8,full_map,7,CASP3
DOCKSTRING-58,200,86,8,full_map,9,ESR2
DOCKSTRING-58,200,86,8,full_map,13,HSP90AA1
DOCKSTRING-58,200,86,8,full_map,20,PGR
DOCKSTRING-58,200,86,8,full_map,21,PTPN1
DOCKSTRING-58,200,86,8,full_map,31,LCK
DOCKSTRING-58,200,86,8,full_map,57,KDR
DOCKSTRING-58,200,86,8,sample_map,13,HSP90AA1
DOCKSTRING-58,200,86,8,sample_map,20,PGR
DOCKSTRING-58,200,86,8,sample_map,21,PTPN1
DOCKSTRING-58,200,86,8,sample_map,27,ESR1
DOCKSTRING-58,200,86,8,sample_map,31,LCK
DOCKSTRING-58,200,86,8,sample_map,33,MMP13
DOCKSTRING-58,200,86,8,sample_map,38,ADORA2A
DOCKSTRING-58,200,86,8,sample_map,55,THRB
DOCKSTRING-58,200,86,10,full_map,6,MAOB
DOCKSTRING-58,200,86,10,full_map,7,CASP3
DOCKSTRING-58,200,86,10,full_map,9,ESR2
DOCKSTRING-58,200,86,10,full_map,13,HSP90AA1
DOCKSTRING-58,200,86,10,full_map,17,NOS1
DOCKSTRING-58,200,86,10,full_map,20,PGR
DOCKSTRING-58,200,86,10,full_map,21,PTPN1
DOCKSTRING-58,200,86,10,full_map,31,LCK
DOCKSTRING-58,200,86,10,full_map,33,MMP13
DOCKSTRING-58,200,86,10,full_map,57,KDR
DOCKSTRING-58,200,86,10,sample_map,11,FGFR1
DOCKSTRING-58,200,86,10,sample_map,13,HSP90AA1
DOCKSTRING-58,200,86,10,sample_map,17,NOS1
DOCKSTRING-58,200,86,10,sample_map,20,PGR
DOCKSTRING-58,200,86,10,sample_map,21,PTPN1
DOCKSTRING-58,200,86,10,sample_map,27,ESR1
DOCKSTRING-58,200,86,10,sample_map,29,IGF1R
DOCKSTRING-58,200,86,10,sample_map,31,LCK
DOCKSTRING-58,200,86,10,sample_map,38,ADORA2A
DOCKSTRING-58,200,86,10,sample_map,55,THRB
DOCKSTRING-58,200,87,6,full_map,6,MAOB
DOCKSTRING-58,200,87,6,full_map,7,CASP3
DOCKSTRING-58,200,87,6,full_map,20,PGR
DOCKSTRING-58,200,87,6,full_map,21,PTPN1
DOCKSTRING-58,200,87,6,full_map,31,LCK
DOCKSTRING-58,200,87,6,full_map,57,KDR
DOCKSTRING-58,200,87,6,sample_map,9,ESR2
DOCKSTRING-58,200,87,6,sample_map,11,FGFR1
DOCKSTRING-58,200,87,6,sample_map,20,PGR
DOCKSTRING-58,200,87,6,sample_map,40,BACE1
DOCKSTRING-58,200,87,6,sample_map,43,CYP3A4
DOCKSTRING-58,200,87,6,sample_map,53,PLK1
DOCKSTRING-58,200,87,8,full_map,6,MAOB
DOCKSTRING-58,200,87,8,full_map,7,CASP3
DOCKSTRING-58,200,87,8,full_map,9,ESR2
DOCKSTRING-58,200,87,8,full_map,13,HSP90AA1
DOCKSTRING-58,200,87,8,full_map,20,PGR
DOCKSTRING-58,200,87,8,full_map,21,PTPN1
DOCKSTRING-58,200,87,8,full_map,31,LCK
DOCKSTRING-58,200,87,8,full_map,57,KDR
DOCKSTRING-58,200,87,8,sample_map,9,ESR2
DOCKSTRING-58,200,87,8,sample_map,11,FGFR1
DOCKSTRING-58,200,87,8,sample_map,20,PGR
DOCKSTRING-58,200,87,8,sample_map,25,CDK2
DOCKSTRING-58,200,87,8,sample_map,35,PPARA
DOCKSTRING-58,200,87,8,sample_map,40,BACE1
DOCKSTRING-58,200,87,8,sample_map,43,CYP3A4
DOCKSTRING-58,200,87,8,sample_map,53,PLK1
DOCKSTRING-58,200,87,10,full_map,6,MAOB
DOCKSTRING-58,200,87,10,full_map,7,CASP3
DOCKSTRING-58,200,87,10,full_map,9,ESR2
DOCKSTRING-58,200,87,10,full_map,13,HSP90AA1
DOCKSTRING-58,200,87,10,full_map,17,NOS1
DOCKSTRING-58,200,87,10,full_map,20,PGR
DOCKSTRING-58,200,87,10,full_map,21,PTPN1
DOCKSTRING-58,200,87,10,full_map,31,LCK
DOCKSTRING-58,200,87,10,full_map,33,MMP13
DOCKSTRING-58,200,87,10,full_map,57,KDR
DOCKSTRING-58,200,87,10,sample_map,9,ESR2
DOCKSTRING-58,200,87,10,sample_map,11,FGFR1
DOCKSTRING-58,200,87,10,sample_map,21,PTPN1
DOCKSTRING-58,200,87,10,sample_map,24,AR
DOCKSTRING-58,200,87,10,sample_map,25,CDK2
DOCKSTRING-58,200,87,10,sample_map,35,PPARA
DOCKSTRING-58,200,87,10,sample_map,36,PPARG
DOCKSTRING-58,200,87,10,sample_map,40,BACE1
DOCKSTRING-58,200,87,10,sample_map,43,CYP3A4
DOCKSTRING-58,200,87,10,sample_map,53,PLK1
DOCKSTRING-58,200,88,6,full_map,6,MAOB
DOCKSTRING-58,200,88,6,full_map,7,CASP3
DOCKSTRING-58,200,88,6,full_map,20,PGR
DOCKSTRING-58,200,88,6,full_map,21,PTPN1
DOCKSTRING-58,200,88,6,full_map,31,LCK
DOCKSTRING-58,200,88,6,full_map,57,KDR
DOCKSTRING-58,200,88,6,sample_map,20,PGR
DOCKSTRING-58,200,88,6,sample_map,23,AKT1
DOCKSTRING-58,200,88,6,sample_map,30,JAK2
DOCKSTRING-58,200,88,6,sample_map,31,LCK
DOCKSTRING-58,200,88,6,sample_map,33,MMP13
DOCKSTRING-58,200,88,6,sample_map,55,THRB
DOCKSTRING-58,200,88,8,full_map,6,MAOB
DOCKSTRING-58,200,88,8,full_map,7,CASP3
DOCKSTRING-58,200,88,8,full_map,9,ESR2
DOCKSTRING-58,200,88,8,full_map,13,HSP90AA1
DOCKSTRING-58,200,88,8,full_map,20,PGR
DOCKSTRING-58,200,88,8,full_map,21,PTPN1
DOCKSTRING-58,200,88,8,full_map,31,LCK
DOCKSTRING-58,200,88,8,full_map,57,KDR
DOCKSTRING-58,200,88,8,sample_map,15,MAPKAPK2
DOCKSTRING-58,200,88,8,sample_map,20,PGR
DOCKSTRING-58,200,88,8,sample_map,21,PTPN1
DOCKSTRING-58,200,88,8,sample_map,23,AKT1
DOCKSTRING-58,200,88,8,sample_map,30,JAK2
DOCKSTRING-58,200,88,8,sample_map,31,LCK
DOCKSTRING-58,200,88,8,sample_map,33,MMP13
DOCKSTRING-58,200,88,8,sample_map,55,THRB
DOCKSTRING-58,200,88,10,full_map,6,MAOB
DOCKSTRING-58,200,88,10,full_map,7,CASP3
DOCKSTRING-58,200,88,10,full_map,9,ESR2
DOCKSTRING-58,200,88,10,full_map,13,HSP90AA1
DOCKSTRING-58,200,88,10,full_map,17,NOS1
DOCKSTRING-58,200,88,10,full_map,20,PGR
DOCKSTRING-58,200,88,10,full_map,21,PTPN1
DOCKSTRING-58,200,88,10,full_map,31,LCK
DOCKSTRING-58,200,88,10,full_map,33,MMP13
DOCKSTRING-58,200,88,10,full_map,57,KDR
DOCKSTRING-58,200,88,10,sample_map,6,MAOB
DOCKSTRING-58,200,88,10,sample_map,20,PGR
DOCKSTRING-58,200,88,10,sample_map,21,PTPN1
DOCKSTRING-58,200,88,10,sample_map,25,CDK2
DOCKSTRING-58,200,88,10,sample_map,30,JAK2
DOCKSTRING-58,200,88,10,sample_map,31,LCK
DOCKSTRING-58,200,88,10,sample_map,33,MMP13
DOCKSTRING-58,200,88,10,sample_map,38,ADORA2A
DOCKSTRING-58,200,88,10,sample_map,50,GBA
DOCKSTRING-58,200,88,10,sample_map,55,THRB
DOCKSTRING-58,200,89,6,full_map,6,MAOB
DOCKSTRING-58,200,89,6,full_map,7,CASP3
DOCKSTRING-58,200,89,6,full_map,20,PGR
DOCKSTRING-58,200,89,6,full_map,21,PTPN1
DOCKSTRING-58,200,89,6,full_map,31,LCK
DOCKSTRING-58,200,89,6,full_map,57,KDR
DOCKSTRING-58,200,89,6,sample_map,4,ADRB2
DOCKSTRING-58,200,89,6,sample_map,6,MAOB
DOCKSTRING-58,200,89,6,sample_map,9,ESR2
DOCKSTRING-58,200,89,6,sample_map,20,PGR
DOCKSTRING-58,200,89,6,sample_map,40,BACE1
DOCKSTRING-58,200,89,6,sample_map,57,KDR
DOCKSTRING-58,200,89,8,full_map,6,MAOB
DOCKSTRING-58,200,89,8,full_map,7,CASP3
DOCKSTRING-58,200,89,8,full_map,9,ESR2
DOCKSTRING-58,200,89,8,full_map,13,HSP90AA1
DOCKSTRING-58,200,89,8,full_map,20,PGR
DOCKSTRING-58,200,89,8,full_map,21,PTPN1
DOCKSTRING-58,200,89,8,full_map,31,LCK
DOCKSTRING-58,200,89,8,full_map,57,KDR
DOCKSTRING-58,200,89,8,sample_map,6,MAOB
DOCKSTRING-58,200,89,8,sample_map,9,ESR2
DOCKSTRING-58,200,89,8,sample_map,13,HSP90AA1
DOCKSTRING-58,200,89,8,sample_map,14,KIT
DOCKSTRING-58,200,89,8,sample_map,20,PGR
DOCKSTRING-58,200,89,8,sample_map,23,AKT1
DOCKSTRING-58,200,89,8,sample_map,40,BACE1
DOCKSTRING-58,200,89,8,sample_map,57,KDR
DOCKSTRING-58,200,89,10,full_map,6,MAOB
DOCKSTRING-58,200,89,10,full_map,7,CASP3
DOCKSTRING-58,200,89,10,full_map,9,ESR2
DOCKSTRING-58,200,89,10,full_map,13,HSP90AA1
DOCKSTRING-58,200,89,10,full_map,17,NOS1
DOCKSTRING-58,200,89,10,full_map,20,PGR
DOCKSTRING-58,200,89,10,full_map,21,PTPN1
DOCKSTRING-58,200,89,10,full_map,31,LCK
DOCKSTRING-58,200,89,10,full_map,33,MMP13
DOCKSTRING-58,200,89,10,full_map,57,KDR
DOCKSTRING-58,200,89,10,sample_map,6,MAOB
DOCKSTRING-58,200,89,10,sample_map,9,ESR2
DOCKSTRING-58,200,89,10,sample_map,13,HSP90AA1
DOCKSTRING-58,200,89,10,sample_map,14,KIT
DOCKSTRING-58,200,89,10,sample_map,17,NOS1
DOCKSTRING-58,200,89,10,sample_map,20,PGR
DOCKSTRING-58,200,89,10,sample_map,21,PTPN1
DOCKSTRING-58,200,89,10,sample_map,23,AKT1
DOCKSTRING-58,200,89,10,sample_map,40,BACE1
DOCKSTRING-58,200,89,10,sample_map,57,KDR
DOCKSTRING-58,200,90,6,full_map,6,MAOB
DOCKSTRING-58,200,90,6,full_map,7,CASP3
DOCKSTRING-58,200,90,6,full_map,20,PGR
DOCKSTRING-58,200,90,6,full_map,21,PTPN1
DOCKSTRING-58,200,90,6,full_map,31,LCK
DOCKSTRING-58,200,90,6,full_map,57,KDR
DOCKSTRING-58,200,90,6,sample_map,9,ESR2
DOCKSTRING-58,200,90,6,sample_map,11,FGFR1
DOCKSTRING-58,200,90,6,sample_map,20,PGR
DOCKSTRING-58,200,90,6,sample_map,31,LCK
DOCKSTRING-58,200,90,6,sample_map,51,MAPK1
DOCKSTRING-58,200,90,6,sample_map,55,THRB
DOCKSTRING-58,200,90,8,full_map,6,MAOB
DOCKSTRING-58,200,90,8,full_map,7,CASP3
DOCKSTRING-58,200,90,8,full_map,9,ESR2
DOCKSTRING-58,200,90,8,full_map,13,HSP90AA1
DOCKSTRING-58,200,90,8,full_map,20,PGR
DOCKSTRING-58,200,90,8,full_map,21,PTPN1
DOCKSTRING-58,200,90,8,full_map,31,LCK
DOCKSTRING-58,200,90,8,full_map,57,KDR
DOCKSTRING-58,200,90,8,sample_map,9,ESR2
DOCKSTRING-58,200,90,8,sample_map,11,FGFR1
DOCKSTRING-58,200,90,8,sample_map,13,HSP90AA1
DOCKSTRING-58,200,90,8,sample_map,20,PGR
DOCKSTRING-58,200,90,8,sample_map,31,LCK
DOCKSTRING-58,200,90,8,sample_map,51,MAPK1
DOCKSTRING-58,200,90,8,sample_map,55,THRB
DOCKSTRING-58,200,90,8,sample_map,57,KDR
DOCKSTRING-58,200,90,10,full_map,6,MAOB
DOCKSTRING-58,200,90,10,full_map,7,CASP3
DOCKSTRING-58,200,90,10,full_map,9,ESR2
DOCKSTRING-58,200,90,10,full_map,13,HSP90AA1
DOCKSTRING-58,200,90,10,full_map,17,NOS1
DOCKSTRING-58,200,90,10,full_map,20,PGR
DOCKSTRING-58,200,90,10,full_map,21,PTPN1
DOCKSTRING-58,200,90,10,full_map,31,LCK
DOCKSTRING-58,200,90,10,full_map,33,MMP13
DOCKSTRING-58,200,90,10,full_map,57,KDR
DOCKSTRING-58,200,90,10,sample_map,9,ESR2
DOCKSTRING-58,200,90,10,sample_map,11,FGFR1
DOCKSTRING-58,200,90,10,sample_map,13,HSP90AA1
DOCKSTRING-58,200,90,10,sample_map,17,NOS1
DOCKSTRING-58,200,90,10,sample_map,20,PGR
DOCKSTRING-58,200,90,10,sample_map,21,PTPN1
DOCKSTRING-58,200,90,10,sample_map,31,LCK
DOCKSTRING-58,200,90,10,sample_map,51,MAPK1
DOCKSTRING-58,200,90,10,sample_map,55,THRB
DOCKSTRING-58,200,90,10,sample_map,57,KDR
DOCKSTRING-58,200,91,6,full_map,6,MAOB
DOCKSTRING-58,200,91,6,full_map,7,CASP3
DOCKSTRING-58,200,91,6,full_map,20,PGR
DOCKSTRING-58,200,91,6,full_map,21,PTPN1
DOCKSTRING-58,200,91,6,full_map,31,LCK
DOCKSTRING-58,200,91,6,full_map,57,KDR
DOCKSTRING-58,200,91,6,sample_map,7,CASP3
DOCKSTRING-58,200,91,6,sample_map,11,FGFR1
DOCKSTRING-58,200,91,6,sample_map,20,PGR
DOCKSTRING-58,200,91,6,sample_map,28,NR3C1
DOCKSTRING-58,200,91,6,sample_map,43,CYP3A4
DOCKSTRING-58,200,91,6,sample_map,57,KDR
DOCKSTRING-58,200,91,8,full_map,6,MAOB
DOCKSTRING-58,200,91,8,full_map,7,CASP3
DOCKSTRING-58,200,91,8,full_map,9,ESR2
DOCKSTRING-58,200,91,8,full_map,13,HSP90AA1
DOCKSTRING-58,200,91,8,full_map,20,PGR
DOCKSTRING-58,200,91,8,full_map,21,PTPN1
DOCKSTRING-58,200,91,8,full_map,31,LCK
DOCKSTRING-58,200,91,8,full_map,57,KDR
DOCKSTRING-58,200,91,8,sample_map,7,CASP3
DOCKSTRING-58,200,91,8,sample_map,11,FGFR1
DOCKSTRING-58,200,91,8,sample_map,20,PGR
DOCKSTRING-58,200,91,8,sample_map,26,CSF1R
DOCKSTRING-58,200,91,8,sample_map,28,NR3C1
DOCKSTRING-58,200,91,8,sample_map,43,CYP3A4
DOCKSTRING-58,200,91,8,sample_map,51,MAPK1
DOCKSTRING-58,200,91,8,sample_map,57,KDR
DOCKSTRING-58,200,91,10,full_map,6,MAOB
DOCKSTRING-58,200,91,10,full_map,7,CASP3
DOCKSTRING-58,200,91,10,full_map,9,ESR2
DOCKSTRING-58,200,91,10,full_map,13,HSP90AA1
DOCKSTRING-58,200,91,10,full_map,17,NOS1
DOCKSTRING-58,200,91,10,full_map,20,PGR
DOCKSTRING-58,200,91,10,full_map,21,PTPN1
DOCKSTRING-58,200,91,10,full_map,31,LCK
DOCKSTRING-58,200,91,10,full_map,33,MMP13
DOCKSTRING-58,200,91,10,full_map,57,KDR
DOCKSTRING-58,200,91,10,sample_map,7,CASP3
DOCKSTRING-58,200,91,10,sample_map,11,FGFR1
DOCKSTRING-58,200,91,10,sample_map,13,HSP90AA1
DOCKSTRING-58,200,91,10,sample_map,20,PGR
DOCKSTRING-58,200,91,10,sample_map,26,CSF1R
DOCKSTRING-58,200,91,10,sample_map,28,NR3C1
DOCKSTRING-58,200,91,10,sample_map,31,LCK
DOCKSTRING-58,200,91,10,sample_map,43,CYP3A4
DOCKSTRING-58,200,91,10,sample_map,51,MAPK1
DOCKSTRING-58,200,91,10,sample_map,57,KDR
DOCKSTRING-58,200,92,6,full_map,6,MAOB
DOCKSTRING-58,200,92,6,full_map,7,CASP3
DOCKSTRING-58,200,92,6,full_map,20,PGR
DOCKSTRING-58,200,92,6,full_map,21,PTPN1
DOCKSTRING-58,200,92,6,full_map,31,LCK
DOCKSTRING-58,200,92,6,full_map,57,KDR
DOCKSTRING-58,200,92,6,sample_map,6,MAOB
DOCKSTRING-58,200,92,6,sample_map,20,PGR
DOCKSTRING-58,200,92,6,sample_map,25,CDK2
DOCKSTRING-58,200,92,6,sample_map,31,LCK
DOCKSTRING-58,200,92,6,sample_map,56,F2
DOCKSTRING-58,200,92,6,sample_map,57,KDR
DOCKSTRING-58,200,92,8,full_map,6,MAOB
DOCKSTRING-58,200,92,8,full_map,7,CASP3
DOCKSTRING-58,200,92,8,full_map,9,ESR2
DOCKSTRING-58,200,92,8,full_map,13,HSP90AA1
DOCKSTRING-58,200,92,8,full_map,20,PGR
DOCKSTRING-58,200,92,8,full_map,21,PTPN1
DOCKSTRING-58,200,92,8,full_map,31,LCK
DOCKSTRING-58,200,92,8,full_map,57,KDR
DOCKSTRING-58,200,92,8,sample_map,6,MAOB
DOCKSTRING-58,200,92,8,sample_map,20,PGR
DOCKSTRING-58,200,92,8,sample_map,21,PTPN1
DOCKSTRING-58,200,92,8,sample_map,25,CDK2
DOCKSTRING-58,200,92,8,sample_map,31,LCK
DOCKSTRING-58,200,92,8,sample_map,33,MMP13
DOCKSTRING-58,200,92,8,sample_map,56,F2
DOCKSTRING-58,200,92,8,sample_map,57,KDR
DOCKSTRING-58,200,92,10,full_map,6,MAOB
DOCKSTRING-58,200,92,10,full_map,7,CASP3
DOCKSTRING-58,200,92,10,full_map,9,ESR2
DOCKSTRING-58,200,92,10,full_map,13,HSP90AA1
DOCKSTRING-58,200,92,10,full_map,17,NOS1
DOCKSTRING-58,200,92,10,full_map,20,PGR
DOCKSTRING-58,200,92,10,full_map,21,PTPN1
DOCKSTRING-58,200,92,10,full_map,31,LCK
DOCKSTRING-58,200,92,10,full_map,33,MMP13
DOCKSTRING-58,200,92,10,full_map,57,KDR
DOCKSTRING-58,200,92,10,sample_map,6,MAOB
DOCKSTRING-58,200,92,10,sample_map,18,PARP1
DOCKSTRING-58,200,92,10,sample_map,20,PGR
DOCKSTRING-58,200,92,10,sample_map,21,PTPN1
DOCKSTRING-58,200,92,10,sample_map,25,CDK2
DOCKSTRING-58,200,92,10,sample_map,31,LCK
DOCKSTRING-58,200,92,10,sample_map,33,MMP13
DOCKSTRING-58,200,92,10,sample_map,52,MAPK14
DOCKSTRING-58,200,92,10,sample_map,56,F2
DOCKSTRING-58,200,92,10,sample_map,57,KDR
DOCKSTRING-58,200,93,6,full_map,6,MAOB
DOCKSTRING-58,200,93,6,full_map,7,CASP3
DOCKSTRING-58,200,93,6,full_map,20,PGR
DOCKSTRING-58,200,93,6,full_map,21,PTPN1
DOCKSTRING-58,200,93,6,full_map,31,LCK
DOCKSTRING-58,200,93,6,full_map,57,KDR
DOCKSTRING-58,200,93,6,sample_map,6,MAOB
DOCKSTRING-58,200,93,6,sample_map,20,PGR
DOCKSTRING-58,200,93,6,sample_map,33,MMP13
DOCKSTRING-58,200,93,6,sample_map,38,ADORA2A
DOCKSTRING-58,200,93,6,sample_map,40,BACE1
DOCKSTRING-58,200,93,6,sample_map,57,KDR
DOCKSTRING-58,200,93,8,full_map,6,MAOB
DOCKSTRING-58,200,93,8,full_map,7,CASP3
DOCKSTRING-58,200,93,8,full_map,9,ESR2
DOCKSTRING-58,200,93,8,full_map,13,HSP90AA1
DOCKSTRING-58,200,93,8,full_map,20,PGR
DOCKSTRING-58,200,93,8,full_map,21,PTPN1
DOCKSTRING-58,200,93,8,full_map,31,LCK
DOCKSTRING-58,200,93,8,full_map,57,KDR
DOCKSTRING-58,200,93,8,sample_map,6,MAOB
DOCKSTRING-58,200,93,8,sample_map,13,HSP90AA1
DOCKSTRING-58,200,93,8,sample_map,20,PGR
DOCKSTRING-58,200,93,8,sample_map,31,LCK
DOCKSTRING-58,200,93,8,sample_map,33,MMP13
DOCKSTRING-58,200,93,8,sample_map,38,ADORA2A
DOCKSTRING-58,200,93,8,sample_map,40,BACE1
DOCKSTRING-58,200,93,8,sample_map,57,KDR
DOCKSTRING-58,200,93,10,full_map,6,MAOB
DOCKSTRING-58,200,93,10,full_map,7,CASP3
DOCKSTRING-58,200,93,10,full_map,9,ESR2
DOCKSTRING-58,200,93,10,full_map,13,HSP90AA1
DOCKSTRING-58,200,93,10,full_map,17,NOS1
DOCKSTRING-58,200,93,10,full_map,20,PGR
DOCKSTRING-58,200,93,10,full_map,21,PTPN1
DOCKSTRING-58,200,93,10,full_map,31,LCK
DOCKSTRING-58,200,93,10,full_map,33,MMP13
DOCKSTRING-58,200,93,10,full_map,57,KDR
DOCKSTRING-58,200,93,10,sample_map,6,MAOB
DOCKSTRING-58,200,93,10,sample_map,13,HSP90AA1
DOCKSTRING-58,200,93,10,sample_map,20,PGR
DOCKSTRING-58,200,93,10,sample_map,21,PTPN1
DOCKSTRING-58,200,93,10,sample_map,31,LCK
DOCKSTRING-58,200,93,10,sample_map,33,MMP13
DOCKSTRING-58,200,93,10,sample_map,36,PPARG
DOCKSTRING-58,200,93,10,sample_map,38,ADORA2A
DOCKSTRING-58,200,93,10,sample_map,40,BACE1
DOCKSTRING-58,200,93,10,sample_map,57,KDR
DOCKSTRING-58,200,94,6,full_map,6,MAOB
DOCKSTRING-58,200,94,6,full_map,7,CASP3
DOCKSTRING-58,200,94,6,full_map,20,PGR
DOCKSTRING-58,200,94,6,full_map,21,PTPN1
DOCKSTRING-58,200,94,6,full_map,31,LCK
DOCKSTRING-58,200,94,6,full_map,57,KDR
DOCKSTRING-58,200,94,6,sample_map,7,CASP3
DOCKSTRING-58,200,94,6,sample_map,11,FGFR1
DOCKSTRING-58,200,94,6,sample_map,20,PGR
DOCKSTRING-58,200,94,6,sample_map,30,JAK2
DOCKSTRING-58,200,94,6,sample_map,43,CYP3A4
DOCKSTRING-58,200,94,6,sample_map,57,KDR
DOCKSTRING-58,200,94,8,full_map,6,MAOB
DOCKSTRING-58,200,94,8,full_map,7,CASP3
DOCKSTRING-58,200,94,8,full_map,9,ESR2
DOCKSTRING-58,200,94,8,full_map,13,HSP90AA1
DOCKSTRING-58,200,94,8,full_map,20,PGR
DOCKSTRING-58,200,94,8,full_map,21,PTPN1
DOCKSTRING-58,200,94,8,full_map,31,LCK
DOCKSTRING-58,200,94,8,full_map,57,KDR
DOCKSTRING-58,200,94,8,sample_map,7,CASP3
DOCKSTRING-58,200,94,8,sample_map,11,FGFR1
DOCKSTRING-58,200,94,8,sample_map,20,PGR
DOCKSTRING-58,200,94,8,sample_map,21,PTPN1
DOCKSTRING-58,200,94,8,sample_map,30,JAK2
DOCKSTRING-58,200,94,8,sample_map,43,CYP3A4
DOCKSTRING-58,200,94,8,sample_map,55,THRB
DOCKSTRING-58,200,94,8,sample_map,57,KDR
DOCKSTRING-58,200,94,10,full_map,6,MAOB
DOCKSTRING-58,200,94,10,full_map,7,CASP3
DOCKSTRING-58,200,94,10,full_map,9,ESR2
DOCKSTRING-58,200,94,10,full_map,13,HSP90AA1
DOCKSTRING-58,200,94,10,full_map,17,NOS1
DOCKSTRING-58,200,94,10,full_map,20,PGR
DOCKSTRING-58,200,94,10,full_map,21,PTPN1
DOCKSTRING-58,200,94,10,full_map,31,LCK
DOCKSTRING-58,200,94,10,full_map,33,MMP13
DOCKSTRING-58,200,94,10,full_map,57,KDR
DOCKSTRING-58,200,94,10,sample_map,2,ADAM17
DOCKSTRING-58,200,94,10,sample_map,7,CASP3
DOCKSTRING-58,200,94,10,sample_map,9,ESR2
DOCKSTRING-58,200,94,10,sample_map,11,FGFR1
DOCKSTRING-58,200,94,10,sample_map,20,PGR
DOCKSTRING-58,200,94,10,sample_map,21,PTPN1
DOCKSTRING-58,200,94,10,sample_map,30,JAK2
DOCKSTRING-58,200,94,10,sample_map,43,CYP3A4
DOCKSTRING-58,200,94,10,sample_map,55,THRB
DOCKSTRING-58,200,94,10,sample_map,57,KDR
DOCKSTRING-58,200,95,6,full_map,6,MAOB
DOCKSTRING-58,200,95,6,full_map,7,CASP3
DOCKSTRING-58,200,95,6,full_map,20,PGR
DOCKSTRING-58,200,95,6,full_map,21,PTPN1
DOCKSTRING-58,200,95,6,full_map,31,LCK
DOCKSTRING-58,200,95,6,full_map,57,KDR
DOCKSTRING-58,200,95,6,sample_map,7,CASP3
DOCKSTRING-58,200,95,6,sample_map,20,PGR
DOCKSTRING-58,200,95,6,sample_map,33,MMP13
DOCKSTRING-58,200,95,6,sample_map,52,MAPK14
DOCKSTRING-58,200,95,6,sample_map,55,THRB
DOCKSTRING-58,200,95,6,sample_map,57,KDR
DOCKSTRING-58,200,95,8,full_map,6,MAOB
DOCKSTRING-58,200,95,8,full_map,7,CASP3
DOCKSTRING-58,200,95,8,full_map,9,ESR2
DOCKSTRING-58,200,95,8,full_map,13,HSP90AA1
DOCKSTRING-58,200,95,8,full_map,20,PGR
DOCKSTRING-58,200,95,8,full_map,21,PTPN1
DOCKSTRING-58,200,95,8,full_map,31,LCK
DOCKSTRING-58,200,95,8,full_map,57,KDR
DOCKSTRING-58,200,95,8,sample_map,7,CASP3
DOCKSTRING-58,200,95,8,sample_map,9,ESR2
DOCKSTRING-58,200,95,8,sample_map,20,PGR
DOCKSTRING-58,200,95,8,sample_map,26,CSF1R
DOCKSTRING-58,200,95,8,sample_map,30,JAK2
DOCKSTRING-58,200,95,8,sample_map,33,MMP13
DOCKSTRING-58,200,95,8,sample_map,54,SRC
DOCKSTRING-58,200,95,8,sample_map,55,THRB
DOCKSTRING-58,200,95,10,full_map,6,MAOB
DOCKSTRING-58,200,95,10,full_map,7,CASP3
DOCKSTRING-58,200,95,10,full_map,9,ESR2
DOCKSTRING-58,200,95,10,full_map,13,HSP90AA1
DOCKSTRING-58,200,95,10,full_map,17,NOS1
DOCKSTRING-58,200,95,10,full_map,20,PGR
DOCKSTRING-58,200,95,10,full_map,21,PTPN1
DOCKSTRING-58,200,95,10,full_map,31,LCK
DOCKSTRING-58,200,95,10,full_map,33,MMP13
DOCKSTRING-58,200,95,10,full_map,57,KDR
DOCKSTRING-58,200,95,10,sample_map,7,CASP3
DOCKSTRING-58,200,95,10,sample_map,9,ESR2
DOCKSTRING-58,200,95,10,sample_map,13,HSP90AA1
DOCKSTRING-58,200,95,10,sample_map,17,NOS1
DOCKSTRING-58,200,95,10,sample_map,20,PGR
DOCKSTRING-58,200,95,10,sample_map,26,CSF1R
DOCKSTRING-58,200,95,10,sample_map,30,JAK2
DOCKSTRING-58,200,95,10,sample_map,33,MMP13
DOCKSTRING-58,200,95,10,sample_map,54,SRC
DOCKSTRING-58,200,95,10,sample_map,55,THRB
DOCKSTRING-58,200,96,6,full_map,6,MAOB
DOCKSTRING-58,200,96,6,full_map,7,CASP3
DOCKSTRING-58,200,96,6,full_map,20,PGR
DOCKSTRING-58,200,96,6,full_map,21,PTPN1
DOCKSTRING-58,200,96,6,full_map,31,LCK
DOCKSTRING-58,200,96,6,full_map,57,KDR
DOCKSTRING-58,200,96,6,sample_map,7,CASP3
DOCKSTRING-58,200,96,6,sample_map,20,PGR
DOCKSTRING-58,200,96,6,sample_map,30,JAK2
DOCKSTRING-58,200,96,6,sample_map,31,LCK
DOCKSTRING-58,200,96,6,sample_map,33,MMP13
DOCKSTRING-58,200,96,6,sample_map,43,CYP3A4
DOCKSTRING-58,200,96,8,full_map,6,MAOB
DOCKSTRING-58,200,96,8,full_map,7,CASP3
DOCKSTRING-58,200,96,8,full_map,9,ESR2
DOCKSTRING-58,200,96,8,full_map,13,HSP90AA1
DOCKSTRING-58,200,96,8,full_map,20,PGR
DOCKSTRING-58,200,96,8,full_map,21,PTPN1
DOCKSTRING-58,200,96,8,full_map,31,LCK
DOCKSTRING-58,200,96,8,full_map,57,KDR
DOCKSTRING-58,200,96,8,sample_map,1,ABL1
DOCKSTRING-58,200,96,8,sample_map,7,CASP3
DOCKSTRING-58,200,96,8,sample_map,8,DHFR
DOCKSTRING-58,200,96,8,sample_map,20,PGR
DOCKSTRING-58,200,96,8,sample_map,30,JAK2
DOCKSTRING-58,200,96,8,sample_map,31,LCK
DOCKSTRING-58,200,96,8,sample_map,43,CYP3A4
DOCKSTRING-58,200,96,8,sample_map,55,THRB
DOCKSTRING-58,200,96,10,full_map,6,MAOB
DOCKSTRING-58,200,96,10,full_map,7,CASP3
DOCKSTRING-58,200,96,10,full_map,9,ESR2
DOCKSTRING-58,200,96,10,full_map,13,HSP90AA1
DOCKSTRING-58,200,96,10,full_map,17,NOS1
DOCKSTRING-58,200,96,10,full_map,20,PGR
DOCKSTRING-58,200,96,10,full_map,21,PTPN1
DOCKSTRING-58,200,96,10,full_map,31,LCK
DOCKSTRING-58,200,96,10,full_map,33,MMP13
DOCKSTRING-58,200,96,10,full_map,57,KDR
DOCKSTRING-58,200,96,10,sample_map,1,ABL1
DOCKSTRING-58,200,96,10,sample_map,7,CASP3
DOCKSTRING-58,200,96,10,sample_map,8,DHFR
DOCKSTRING-58,200,96,10,sample_map,13,HSP90AA1
DOCKSTRING-58,200,96,10,sample_map,15,MAPKAPK2
DOCKSTRING-58,200,96,10,sample_map,20,PGR
DOCKSTRING-58,200,96,10,sample_map,30,JAK2
DOCKSTRING-58,200,96,10,sample_map,31,LCK
DOCKSTRING-58,200,96,10,sample_map,43,CYP3A4
DOCKSTRING-58,200,96,10,sample_map,55,THRB
DOCKSTRING-58,200,97,6,full_map,6,MAOB
DOCKSTRING-58,200,97,6,full_map,7,CASP3
DOCKSTRING-58,200,97,6,full_map,20,PGR
DOCKSTRING-58,200,97,6,full_map,21,PTPN1
DOCKSTRING-58,200,97,6,full_map,31,LCK
DOCKSTRING-58,200,97,6,full_map,57,KDR
DOCKSTRING-58,200,97,6,sample_map,6,MAOB
DOCKSTRING-58,200,97,6,sample_map,8,DHFR
DOCKSTRING-58,200,97,6,sample_map,20,PGR
DOCKSTRING-58,200,97,6,sample_map,27,ESR1
DOCKSTRING-58,200,97,6,sample_map,31,LCK
DOCKSTRING-58,200,97,6,sample_map,51,MAPK1
DOCKSTRING-58,200,97,8,full_map,6,MAOB
DOCKSTRING-58,200,97,8,full_map,7,CASP3
DOCKSTRING-58,200,97,8,full_map,9,ESR2
DOCKSTRING-58,200,97,8,full_map,13,HSP90AA1
DOCKSTRING-58,200,97,8,full_map,20,PGR
DOCKSTRING-58,200,97,8,full_map,21,PTPN1
DOCKSTRING-58,200,97,8,full_map,31,LCK
DOCKSTRING-58,200,97,8,full_map,57,KDR
DOCKSTRING-58,200,97,8,sample_map,6,MAOB
DOCKSTRING-58,200,97,8,sample_map,8,DHFR
DOCKSTRING-58,200,97,8,sample_map,20,PGR
DOCKSTRING-58,200,97,8,sample_map,27,ESR1
DOCKSTRING-58,200,97,8,sample_map,41,CA2
DOCKSTRING-58,200,97,8,sample_map,51,MAPK1
DOCKSTRING-58,200,97,8,sample_map,52,MAPK14
DOCKSTRING-58,200,97,8,sample_map,57,KDR
DOCKSTRING-58,200,97,10,full_map,6,MAOB
DOCKSTRING-58,200,97,10,full_map,7,CASP3
DOCKSTRING-58,200,97,10,full_map,9,ESR2
DOCKSTRING-58,200,97,10,full_map,13,HSP90AA1
DOCKSTRING-58,200,97,10,full_map,17,NOS1
DOCKSTRING-58,200,97,10,full_map,20,PGR
DOCKSTRING-58,200,97,10,full_map,21,PTPN1
DOCKSTRING-58,200,97,10,full_map,31,LCK
DOCKSTRING-58,200,97,10,full_map,33,MMP13
DOCKSTRING-58,200,97,10,full_map,57,KDR
DOCKSTRING-58,200,97,10,sample_map,6,MAOB
DOCKSTRING-58,200,97,10,sample_map,8,DHFR
DOCKSTRING-58,200,97,10,sample_map,11,FGFR1
DOCKSTRING-58,200,97,10,sample_map,20,PGR
DOCKSTRING-58,200,97,10,sample_map,27,ESR1
DOCKSTRING-58,200,97,10,sample_map,31,LCK
DOCKSTRING-58,200,97,10,sample_map,40,BACE1
DOCKSTRING-58,200,97,10,sample_map,41,CA2
DOCKSTRING-58,200,97,10,sample_map,51,MAPK1
DOCKSTRING-58,200,97,10,sample_map,52,MAPK14
DOCKSTRING-58,200,98,6,full_map,6,MAOB
DOCKSTRING-58,200,98,6,full_map,7,CASP3
DOCKSTRING-58,200,98,6,full_map,20,PGR
DOCKSTRING-58,200,98,6,full_map,21,PTPN1
DOCKSTRING-58,200,98,6,full_map,31,LCK
DOCKSTRING-58,200,98,6,full_map,57,KDR
DOCKSTRING-58,200,98,6,sample_map,4,ADRB2
DOCKSTRING-58,200,98,6,sample_map,11,FGFR1
DOCKSTRING-58,200,98,6,sample_map,20,PGR
DOCKSTRING-58,200,98,6,sample_map,23,AKT1
DOCKSTRING-58,200,98,6,sample_map,38,ADORA2A
DOCKSTRING-58,200,98,6,sample_map,57,KDR
DOCKSTRING-58,200,98,8,full_map,6,MAOB
DOCKSTRING-58,200,98,8,full_map,7,CASP3
DOCKSTRING-58,200,98,8,full_map,9,ESR2
DOCKSTRING-58,200,98,8,full_map,13,HSP90AA1
DOCKSTRING-58,200,98,8,full_map,20,PGR
DOCKSTRING-58,200,98,8,full_map,21,PTPN1
DOCKSTRING-58,200,98,8,full_map,31,LCK
DOCKSTRING-58,200,98,8,full_map,57,KDR
DOCKSTRING-58,200,98,8,sample_map,2,ADAM17
DOCKSTRING-58,200,98,8,sample_map,11,FGFR1
DOCKSTRING-58,200,98,8,sample_map,18,PARP1
DOCKSTRING-58,200,98,8,sample_map,20,PGR
DOCKSTRING-58,200,98,8,sample_map,21,PTPN1
DOCKSTRING-58,200,98,8,sample_map,38,ADORA2A
DOCKSTRING-58,200,98,8,sample_map,55,THRB
DOCKSTRING-58,200,98,8,sample_map,57,KDR
DOCKSTRING-58,200,98,10,full_map,6,MAOB
DOCKSTRING-58,200,98,10,full_map,7,CASP3
DOCKSTRING-58,200,98,10,full_map,9,ESR2
DOCKSTRING-58,200,98,10,full_map,13,HSP90AA1
DOCKSTRING-58,200,98,10,full_map,17,NOS1
DOCKSTRING-58,200,98,10,full_map,20,PGR
DOCKSTRING-58,200,98,10,full_map,21,PTPN1
DOCKSTRING-58,200,98,10,full_map,31,LCK
DOCKSTRING-58,200,98,10,full_map,33,MMP13
DOCKSTRING-58,200,98,10,full_map,57,KDR
DOCKSTRING-58,200,98,10,sample_map,2,ADAM17
DOCKSTRING-58,200,98,10,sample_map,11,FGFR1
DOCKSTRING-58,200,98,10,sample_map,18,PARP1
DOCKSTRING-58,200,98,10,sample_map,20,PGR
DOCKSTRING-58,200,98,10,sample_map,21,PTPN1
DOCKSTRING-58,200,98,10,sample_map,38,ADORA2A
DOCKSTRING-58,200,98,10,sample_map,51,MAPK1
DOCKSTRING-58,200,98,10,sample_map,52,MAPK14
DOCKSTRING-58,200,98,10,sample_map,55,THRB
DOCKSTRING-58,200,98,10,sample_map,57,KDR
DOCKSTRING-58,200,99,6,full_map,6,MAOB
DOCKSTRING-58,200,99,6,full_map,7,CASP3
DOCKSTRING-58,200,99,6,full_map,20,PGR
DOCKSTRING-58,200,99,6,full_map,21,PTPN1
DOCKSTRING-58,200,99,6,full_map,31,LCK
DOCKSTRING-58,200,99,6,full_map,57,KDR
DOCKSTRING-58,200,99,6,sample_map,6,MAOB
DOCKSTRING-58,200,99,6,sample_map,20,PGR
DOCKSTRING-58,200,99,6,sample_map,27,ESR1
DOCKSTRING-58,200,99,6,sample_map,28,NR3C1
DOCKSTRING-58,200,99,6,sample_map,40,BACE1
DOCKSTRING-58,200,99,6,sample_map,57,KDR
DOCKSTRING-58,200,99,8,full_map,6,MAOB
DOCKSTRING-58,200,99,8,full_map,7,CASP3
DOCKSTRING-58,200,99,8,full_map,9,ESR2
DOCKSTRING-58,200,99,8,full_map,13,HSP90AA1
DOCKSTRING-58,200,99,8,full_map,20,PGR
DOCKSTRING-58,200,99,8,full_map,21,PTPN1
DOCKSTRING-58,200,99,8,full_map,31,LCK
DOCKSTRING-58,200,99,8,full_map,57,KDR
DOCKSTRING-58,200,99,8,sample_map,1,ABL1
DOCKSTRING-58,200,99,8,sample_map,6,MAOB
DOCKSTRING-58,200,99,8,sample_map,8,DHFR
DOCKSTRING-58,200,99,8,sample_map,20,PGR
DOCKSTRING-58,200,99,8,sample_map,27,ESR1
DOCKSTRING-58,200,99,8,sample_map,28,NR3C1
DOCKSTRING-58,200,99,8,sample_map,40,BACE1
DOCKSTRING-58,200,99,8,sample_map,54,SRC
DOCKSTRING-58,200,99,10,full_map,6,MAOB
DOCKSTRING-58,200,99,10,full_map,7,CASP3
DOCKSTRING-58,200,99,10,full_map,9,ESR2
DOCKSTRING-58,200,99,10,full_map,13,HSP90AA1
DOCKSTRING-58,200,99,10,full_map,17,NOS1
DOCKSTRING-58,200,99,10,full_map,20,PGR
DOCKSTRING-58,200,99,10,full_map,21,PTPN1
DOCKSTRING-58,200,99,10,full_map,31,LCK
DOCKSTRING-58,200,99,10,full_map,33,MMP13
DOCKSTRING-58,200,99,10,full_map,57,KDR
DOCKSTRING-58,200,99,10,sample_map,1,ABL1
DOCKSTRING-58,200,99,10,sample_map,6,MAOB
DOCKSTRING-58,200,99,10,sample_map,8,DHFR
DOCKSTRING-58,200,99,10,sample_map,20,PGR
DOCKSTRING-58,200,99,10,sample_map,27,ESR1
DOCKSTRING-58,200,99,10,sample_map,28,NR3C1
DOCKSTRING-58,200,99,10,sample_map,30,JAK2
DOCKSTRING-58,200,99,10,sample_map,40,BACE1
DOCKSTRING-58,200,99,10,sample_map,54,SRC
DOCKSTRING-58,200,99,10,sample_map,56,F2
DOCKSTRING-58,500,0,6,full_map,6,MAOB
DOCKSTRING-58,500,0,6,full_map,7,CASP3
DOCKSTRING-58,500,0,6,full_map,20,PGR
DOCKSTRING-58,500,0,6,full_map,21,PTPN1
DOCKSTRING-58,500,0,6,full_map,31,LCK
DOCKSTRING-58,500,0,6,full_map,57,KDR
DOCKSTRING-58,500,0,6,sample_map,4,ADRB2
DOCKSTRING-58,500,0,6,sample_map,6,MAOB
DOCKSTRING-58,500,0,6,sample_map,9,ESR2
DOCKSTRING-58,500,0,6,sample_map,30,JAK2
DOCKSTRING-58,500,0,6,sample_map,33,MMP13
DOCKSTRING-58,500,0,6,sample_map,40,BACE1
DOCKSTRING-58,500,0,8,full_map,6,MAOB
DOCKSTRING-58,500,0,8,full_map,7,CASP3
DOCKSTRING-58,500,0,8,full_map,9,ESR2
DOCKSTRING-58,500,0,8,full_map,13,HSP90AA1
DOCKSTRING-58,500,0,8,full_map,20,PGR
DOCKSTRING-58,500,0,8,full_map,21,PTPN1
DOCKSTRING-58,500,0,8,full_map,31,LCK
DOCKSTRING-58,500,0,8,full_map,57,KDR
DOCKSTRING-58,500,0,8,sample_map,4,ADRB2
DOCKSTRING-58,500,0,8,sample_map,6,MAOB
DOCKSTRING-58,500,0,8,sample_map,9,ESR2
DOCKSTRING-58,500,0,8,sample_map,13,HSP90AA1
DOCKSTRING-58,500,0,8,sample_map,21,PTPN1
DOCKSTRING-58,500,0,8,sample_map,33,MMP13
DOCKSTRING-58,500,0,8,sample_map,40,BACE1
DOCKSTRING-58,500,0,8,sample_map,57,KDR
DOCKSTRING-58,500,0,10,full_map,6,MAOB
DOCKSTRING-58,500,0,10,full_map,7,CASP3
DOCKSTRING-58,500,0,10,full_map,9,ESR2
DOCKSTRING-58,500,0,10,full_map,13,HSP90AA1
DOCKSTRING-58,500,0,10,full_map,17,NOS1
DOCKSTRING-58,500,0,10,full_map,20,PGR
DOCKSTRING-58,500,0,10,full_map,21,PTPN1
DOCKSTRING-58,500,0,10,full_map,31,LCK
DOCKSTRING-58,500,0,10,full_map,33,MMP13
DOCKSTRING-58,500,0,10,full_map,57,KDR
DOCKSTRING-58,500,0,10,sample_map,4,ADRB2
DOCKSTRING-58,500,0,10,sample_map,13,HSP90AA1
DOCKSTRING-58,500,0,10,sample_map,20,PGR
DOCKSTRING-58,500,0,10,sample_map,21,PTPN1
DOCKSTRING-58,500,0,10,sample_map,25,CDK2
DOCKSTRING-58,500,0,10,sample_map,27,ESR1
DOCKSTRING-58,500,0,10,sample_map,33,MMP13
DOCKSTRING-58,500,0,10,sample_map,40,BACE1
DOCKSTRING-58,500,0,10,sample_map,43,CYP3A4
DOCKSTRING-58,500,0,10,sample_map,57,KDR
DOCKSTRING-58,500,1,6,full_map,6,MAOB
DOCKSTRING-58,500,1,6,full_map,7,CASP3
DOCKSTRING-58,500,1,6,full_map,20,PGR
DOCKSTRING-58,500,1,6,full_map,21,PTPN1
DOCKSTRING-58,500,1,6,full_map,31,LCK
DOCKSTRING-58,500,1,6,full_map,57,KDR
DOCKSTRING-58,500,1,6,sample_map,20,PGR
DOCKSTRING-58,500,1,6,sample_map,21,PTPN1
DOCKSTRING-58,500,1,6,sample_map,43,CYP3A4
DOCKSTRING-58,500,1,6,sample_map,52,MAPK14
DOCKSTRING-58,500,1,6,sample_map,55,THRB
DOCKSTRING-58,500,1,6,sample_map,57,KDR
DOCKSTRING-58,500,1,8,full_map,6,MAOB
DOCKSTRING-58,500,1,8,full_map,7,CASP3
DOCKSTRING-58,500,1,8,full_map,9,ESR2
DOCKSTRING-58,500,1,8,full_map,13,HSP90AA1
DOCKSTRING-58,500,1,8,full_map,20,PGR
DOCKSTRING-58,500,1,8,full_map,21,PTPN1
DOCKSTRING-58,500,1,8,full_map,31,LCK
DOCKSTRING-58,500,1,8,full_map,57,KDR
DOCKSTRING-58,500,1,8,sample_map,13,HSP90AA1
DOCKSTRING-58,500,1,8,sample_map,17,NOS1
DOCKSTRING-58,500,1,8,sample_map,20,PGR
DOCKSTRING-58,500,1,8,sample_map,21,PTPN1
DOCKSTRING-58,500,1,8,sample_map,43,CYP3A4
DOCKSTRING-58,500,1,8,sample_map,52,MAPK14
DOCKSTRING-58,500,1,8,sample_map,55,THRB
DOCKSTRING-58,500,1,8,sample_map,57,KDR
DOCKSTRING-58,500,1,10,full_map,6,MAOB
DOCKSTRING-58,500,1,10,full_map,7,CASP3
DOCKSTRING-58,500,1,10,full_map,9,ESR2
DOCKSTRING-58,500,1,10,full_map,13,HSP90AA1
DOCKSTRING-58,500,1,10,full_map,17,NOS1
DOCKSTRING-58,500,1,10,full_map,20,PGR
DOCKSTRING-58,500,1,10,full_map,21,PTPN1
DOCKSTRING-58,500,1,10,full_map,31,LCK
DOCKSTRING-58,500,1,10,full_map,33,MMP13
DOCKSTRING-58,500,1,10,full_map,57,KDR
DOCKSTRING-58,500,1,10,sample_map,10,PTK2
DOCKSTRING-58,500,1,10,sample_map,13,HSP90AA1
DOCKSTRING-58,500,1,10,sample_map,17,NOS1
DOCKSTRING-58,500,1,10,sample_map,20,PGR
DOCKSTRING-58,500,1,10,sample_map,21,PTPN1
DOCKSTRING-58,500,1,10,sample_map,43,CYP3A4
DOCKSTRING-58,500,1,10,sample_map,51,MAPK1
DOCKSTRING-58,500,1,10,sample_map,52,MAPK14
DOCKSTRING-58,500,1,10,sample_map,55,THRB
DOCKSTRING-58,500,1,10,sample_map,57,KDR
DOCKSTRING-58,500,2,6,full_map,6,MAOB
DOCKSTRING-58,500,2,6,full_map,7,CASP3
DOCKSTRING-58,500,2,6,full_map,20,PGR
DOCKSTRING-58,500,2,6,full_map,21,PTPN1
DOCKSTRING-58,500,2,6,full_map,31,LCK
DOCKSTRING-58,500,2,6,full_map,57,KDR
DOCKSTRING-58,500,2,6,sample_map,7,CASP3
DOCKSTRING-58,500,2,6,sample_map,20,PGR
DOCKSTRING-58,500,2,6,sample_map,25,CDK2
DOCKSTRING-58,500,2,6,sample_map,31,LCK
DOCKSTRING-58,500,2,6,sample_map,43,CYP3A4
DOCKSTRING-58,500,2,6,sample_map,57,KDR
DOCKSTRING-58,500,2,8,full_map,6,MAOB
DOCKSTRING-58,500,2,8,full_map,7,CASP3
DOCKSTRING-58,500,2,8,full_map,9,ESR2
DOCKSTRING-58,500,2,8,full_map,13,HSP90AA1
DOCKSTRING-58,500,2,8,full_map,20,PGR
DOCKSTRING-58,500,2,8,full_map,21,PTPN1
DOCKSTRING-58,500,2,8,full_map,31,LCK
DOCKSTRING-58,500,2,8,full_map,57,KDR
DOCKSTRING-58,500,2,8,sample_map,7,CASP3
DOCKSTRING-58,500,2,8,sample_map,9,ESR2
DOCKSTRING-58,500,2,8,sample_map,20,PGR
DOCKSTRING-58,500,2,8,sample_map,25,CDK2
DOCKSTRING-58,500,2,8,sample_map,31,LCK
DOCKSTRING-58,500,2,8,sample_map,33,MMP13
DOCKSTRING-58,500,2,8,sample_map,43,CYP3A4
DOCKSTRING-58,500,2,8,sample_map,57,KDR
DOCKSTRING-58,500,2,10,full_map,6,MAOB
DOCKSTRING-58,500,2,10,full_map,7,CASP3
DOCKSTRING-58,500,2,10,full_map,9,ESR2
DOCKSTRING-58,500,2,10,full_map,13,HSP90AA1
DOCKSTRING-58,500,2,10,full_map,17,NOS1
DOCKSTRING-58,500,2,10,full_map,20,PGR
DOCKSTRING-58,500,2,10,full_map,21,PTPN1
DOCKSTRING-58,500,2,10,full_map,31,LCK
DOCKSTRING-58,500,2,10,full_map,33,MMP13
DOCKSTRING-58,500,2,10,full_map,57,KDR
DOCKSTRING-58,500,2,10,sample_map,7,CASP3
DOCKSTRING-58,500,2,10,sample_map,9,ESR2
DOCKSTRING-58,500,2,10,sample_map,13,HSP90AA1
DOCKSTRING-58,500,2,10,sample_map,20,PGR
DOCKSTRING-58,500,2,10,sample_map,21,PTPN1
DOCKSTRING-58,500,2,10,sample_map,25,CDK2
DOCKSTRING-58,500,2,10,sample_map,31,LCK
DOCKSTRING-58,500,2,10,sample_map,33,MMP13
DOCKSTRING-58,500,2,10,sample_map,43,CYP3A4
DOCKSTRING-58,500,2,10,sample_map,57,KDR
DOCKSTRING-58,500,3,6,full_map,6,MAOB
DOCKSTRING-58,500,3,6,full_map,7,CASP3
DOCKSTRING-58,500,3,6,full_map,20,PGR
DOCKSTRING-58,500,3,6,full_map,21,PTPN1
DOCKSTRING-58,500,3,6,full_map,31,LCK
DOCKSTRING-58,500,3,6,full_map,57,KDR
DOCKSTRING-58,500,3,6,sample_map,7,CASP3
DOCKSTRING-58,500,3,6,sample_map,9,ESR2
DOCKSTRING-58,500,3,6,sample_map,20,PGR
DOCKSTRING-58,500,3,6,sample_map,43,CYP3A4
DOCKSTRING-58,500,3,6,sample_map,53,PLK1
DOCKSTRING-58,500,3,6,sample_map,57,KDR
DOCKSTRING-58,500,3,8,full_map,6,MAOB
DOCKSTRING-58,500,3,8,full_map,7,CASP3
DOCKSTRING-58,500,3,8,full_map,9,ESR2
DOCKSTRING-58,500,3,8,full_map,13,HSP90AA1
DOCKSTRING-58,500,3,8,full_map,20,PGR
DOCKSTRING-58,500,3,8,full_map,21,PTPN1
DOCKSTRING-58,500,3,8,full_map,31,LCK
DOCKSTRING-58,500,3,8,full_map,57,KDR
DOCKSTRING-58,500,3,8,sample_map,7,CASP3
DOCKSTRING-58,500,3,8,sample_map,9,ESR2
DOCKSTRING-58,500,3,8,sample_map,20,PGR
DOCKSTRING-58,500,3,8,sample_map,21,PTPN1
DOCKSTRING-58,500,3,8,sample_map,26,CSF1R
DOCKSTRING-58,500,3,8,sample_map,43,CYP3A4
DOCKSTRING-58,500,3,8,sample_map,53,PLK1
DOCKSTRING-58,500,3,8,sample_map,57,KDR
DOCKSTRING-58,500,3,10,full_map,6,MAOB
DOCKSTRING-58,500,3,10,full_map,7,CASP3
DOCKSTRING-58,500,3,10,full_map,9,ESR2
DOCKSTRING-58,500,3,10,full_map,13,HSP90AA1
DOCKSTRING-58,500,3,10,full_map,17,NOS1
DOCKSTRING-58,500,3,10,full_map,20,PGR
DOCKSTRING-58,500,3,10,full_map,21,PTPN1
DOCKSTRING-58,500,3,10,full_map,31,LCK
DOCKSTRING-58,500,3,10,full_map,33,MMP13
DOCKSTRING-58,500,3,10,full_map,57,KDR
DOCKSTRING-58,500,3,10,sample_map,7,CASP3
DOCKSTRING-58,500,3,10,sample_map,9,ESR2
DOCKSTRING-58,500,3,10,sample_map,10,PTK2
DOCKSTRING-58,500,3,10,sample_map,20,PGR
DOCKSTRING-58,500,3,10,sample_map,21,PTPN1
DOCKSTRING-58,500,3,10,sample_map,26,CSF1R
DOCKSTRING-58,500,3,10,sample_map,31,LCK
DOCKSTRING-58,500,3,10,sample_map,43,CYP3A4
DOCKSTRING-58,500,3,10,sample_map,53,PLK1
DOCKSTRING-58,500,3,10,sample_map,57,KDR
DOCKSTRING-58,500,4,6,full_map,6,MAOB
DOCKSTRING-58,500,4,6,full_map,7,CASP3
DOCKSTRING-58,500,4,6,full_map,20,PGR
DOCKSTRING-58,500,4,6,full_map,21,PTPN1
DOCKSTRING-58,500,4,6,full_map,31,LCK
DOCKSTRING-58,500,4,6,full_map,57,KDR
DOCKSTRING-58,500,4,6,sample_map,6,MAOB
DOCKSTRING-58,500,4,6,sample_map,8,DHFR
DOCKSTRING-58,500,4,6,sample_map,9,ESR2
DOCKSTRING-58,500,4,6,sample_map,13,HSP90AA1
DOCKSTRING-58,500,4,6,sample_map,20,PGR
DOCKSTRING-58,500,4,6,sample_map,57,KDR
DOCKSTRING-58,500,4,8,full_map,6,MAOB
DOCKSTRING-58,500,4,8,full_map,7,CASP3
DOCKSTRING-58,500,4,8,full_map,9,ESR2
DOCKSTRING-58,500,4,8,full_map,13,HSP90AA1
DOCKSTRING-58,500,4,8,full_map,20,PGR
DOCKSTRING-58,500,4,8,full_map,21,PTPN1
DOCKSTRING-58,500,4,8,full_map,31,LCK
DOCKSTRING-58,500,4,8,full_map,57,KDR
DOCKSTRING-58,500,4,8,sample_map,6,MAOB
DOCKSTRING-58,500,4,8,sample_map,7,CASP3
DOCKSTRING-58,500,4,8,sample_map,8,DHFR
DOCKSTRING-58,500,4,8,sample_map,9,ESR2
DOCKSTRING-58,500,4,8,sample_map,13,HSP90AA1
DOCKSTRING-58,500,4,8,sample_map,20,PGR
DOCKSTRING-58,500,4,8,sample_map,21,PTPN1
DOCKSTRING-58,500,4,8,sample_map,57,KDR
DOCKSTRING-58,500,4,10,full_map,6,MAOB
DOCKSTRING-58,500,4,10,full_map,7,CASP3
DOCKSTRING-58,500,4,10,full_map,9,ESR2
DOCKSTRING-58,500,4,10,full_map,13,HSP90AA1
DOCKSTRING-58,500,4,10,full_map,17,NOS1
DOCKSTRING-58,500,4,10,full_map,20,PGR
DOCKSTRING-58,500,4,10,full_map,21,PTPN1
DOCKSTRING-58,500,4,10,full_map,31,LCK
DOCKSTRING-58,500,4,10,full_map,33,MMP13
DOCKSTRING-58,500,4,10,full_map,57,KDR
DOCKSTRING-58,500,4,10,sample_map,6,MAOB
DOCKSTRING-58,500,4,10,sample_map,7,CASP3
DOCKSTRING-58,500,4,10,sample_map,8,DHFR
DOCKSTRING-58,500,4,10,sample_map,9,ESR2
DOCKSTRING-58,500,4,10,sample_map,13,HSP90AA1
DOCKSTRING-58,500,4,10,sample_map,20,PGR
DOCKSTRING-58,500,4,10,sample_map,21,PTPN1
DOCKSTRING-58,500,4,10,sample_map,25,CDK2
DOCKSTRING-58,500,4,10,sample_map,52,MAPK14
DOCKSTRING-58,500,4,10,sample_map,57,KDR
DOCKSTRING-58,500,5,6,full_map,6,MAOB
DOCKSTRING-58,500,5,6,full_map,7,CASP3
DOCKSTRING-58,500,5,6,full_map,20,PGR
DOCKSTRING-58,500,5,6,full_map,21,PTPN1
DOCKSTRING-58,500,5,6,full_map,31,LCK
DOCKSTRING-58,500,5,6,full_map,57,KDR
DOCKSTRING-58,500,5,6,sample_map,6,MAOB
DOCKSTRING-58,500,5,6,sample_map,20,PGR
DOCKSTRING-58,500,5,6,sample_map,33,MMP13
DOCKSTRING-58,500,5,6,sample_map,40,BACE1
DOCKSTRING-58,500,5,6,sample_map,51,MAPK1
DOCKSTRING-58,500,5,6,sample_map,57,KDR
DOCKSTRING-58,500,5,8,full_map,6,MAOB
DOCKSTRING-58,500,5,8,full_map,7,CASP3
DOCKSTRING-58,500,5,8,full_map,9,ESR2
DOCKSTRING-58,500,5,8,full_map,13,HSP90AA1
DOCKSTRING-58,500,5,8,full_map,20,PGR
DOCKSTRING-58,500,5,8,full_map,21,PTPN1
DOCKSTRING-58,500,5,8,full_map,31,LCK
DOCKSTRING-58,500,5,8,full_map,57,KDR
DOCKSTRING-58,500,5,8,sample_map,6,MAOB
DOCKSTRING-58,500,5,8,sample_map,13,HSP90AA1
DOCKSTRING-58,500,5,8,sample_map,20,PGR
DOCKSTRING-58,500,5,8,sample_map,31,LCK
DOCKSTRING-58,500,5,8,sample_map,33,MMP13
DOCKSTRING-58,500,5,8,sample_map,40,BACE1
DOCKSTRING-58,500,5,8,sample_map,51,MAPK1
DOCKSTRING-58,500,5,8,sample_map,57,KDR
DOCKSTRING-58,500,5,10,full_map,6,MAOB
DOCKSTRING-58,500,5,10,full_map,7,CASP3
DOCKSTRING-58,500,5,10,full_map,9,ESR2
DOCKSTRING-58,500,5,10,full_map,13,HSP90AA1
DOCKSTRING-58,500,5,10,full_map,17,NOS1
DOCKSTRING-58,500,5,10,full_map,20,PGR
DOCKSTRING-58,500,5,10,full_map,21,PTPN1
DOCKSTRING-58,500,5,10,full_map,31,LCK
DOCKSTRING-58,500,5,10,full_map,33,MMP13
DOCKSTRING-58,500,5,10,full_map,57,KDR
DOCKSTRING-58,500,5,10,sample_map,6,MAOB
DOCKSTRING-58,500,5,10,sample_map,9,ESR2
DOCKSTRING-58,500,5,10,sample_map,13,HSP90AA1
DOCKSTRING-58,500,5,10,sample_map,20,PGR
DOCKSTRING-58,500,5,10,sample_map,21,PTPN1
DOCKSTRING-58,500,5,10,sample_map,31,LCK
DOCKSTRING-58,500,5,10,sample_map,33,MMP13
DOCKSTRING-58,500,5,10,sample_map,40,BACE1
DOCKSTRING-58,500,5,10,sample_map,51,MAPK1
DOCKSTRING-58,500,5,10,sample_map,57,KDR
DOCKSTRING-58,500,6,6,full_map,6,MAOB
DOCKSTRING-58,500,6,6,full_map,7,CASP3
DOCKSTRING-58,500,6,6,full_map,20,PGR
DOCKSTRING-58,500,6,6,full_map,21,PTPN1
DOCKSTRING-58,500,6,6,full_map,31,LCK
DOCKSTRING-58,500,6,6,full_map,57,KDR
DOCKSTRING-58,500,6,6,sample_map,6,MAOB
DOCKSTRING-58,500,6,6,sample_map,7,CASP3
DOCKSTRING-58,500,6,6,sample_map,9,ESR2
DOCKSTRING-58,500,6,6,sample_map,20,PGR
DOCKSTRING-58,500,6,6,sample_map,33,MMP13
DOCKSTRING-58,500,6,6,sample_map,57,KDR
DOCKSTRING-58,500,6,8,full_map,6,MAOB
DOCKSTRING-58,500,6,8,full_map,7,CASP3
DOCKSTRING-58,500,6,8,full_map,9,ESR2
DOCKSTRING-58,500,6,8,full_map,13,HSP90AA1
DOCKSTRING-58,500,6,8,full_map,20,PGR
DOCKSTRING-58,500,6,8,full_map,21,PTPN1
DOCKSTRING-58,500,6,8,full_map,31,LCK
DOCKSTRING-58,500,6,8,full_map,57,KDR
DOCKSTRING-58,500,6,8,sample_map,6,MAOB
DOCKSTRING-58,500,6,8,sample_map,7,CASP3
DOCKSTRING-58,500,6,8,sample_map,9,ESR2
DOCKSTRING-58,500,6,8,sample_map,20,PGR
DOCKSTRING-58,500,6,8,sample_map,21,PTPN1
DOCKSTRING-58,500,6,8,sample_map,31,LCK
DOCKSTRING-58,500,6,8,sample_map,33,MMP13
DOCKSTRING-58,500,6,8,sample_map,57,KDR
DOCKSTRING-58,500,6,10,full_map,6,MAOB
DOCKSTRING-58,500,6,10,full_map,7,CASP3
DOCKSTRING-58,500,6,10,full_map,9,ESR2
DOCKSTRING-58,500,6,10,full_map,13,HSP90AA1
DOCKSTRING-58,500,6,10,full_map,17,NOS1
DOCKSTRING-58,500,6,10,full_map,20,PGR
DOCKSTRING-58,500,6,10,full_map,21,PTPN1
DOCKSTRING-58,500,6,10,full_map,31,LCK
DOCKSTRING-58,500,6,10,full_map,33,MMP13
DOCKSTRING-58,500,6,10,full_map,57,KDR
DOCKSTRING-58,500,6,10,sample_map,6,MAOB
DOCKSTRING-58,500,6,10,sample_map,7,CASP3
DOCKSTRING-58,500,6,10,sample_map,9,ESR2
DOCKSTRING-58,500,6,10,sample_map,13,HSP90AA1
DOCKSTRING-58,500,6,10,sample_map,20,PGR
DOCKSTRING-58,500,6,10,sample_map,21,PTPN1
DOCKSTRING-58,500,6,10,sample_map,30,JAK2
DOCKSTRING-58,500,6,10,sample_map,31,LCK
DOCKSTRING-58,500,6,10,sample_map,33,MMP13
DOCKSTRING-58,500,6,10,sample_map,57,KDR
DOCKSTRING-58,500,7,6,full_map,6,MAOB
DOCKSTRING-58,500,7,6,full_map,7,CASP3
DOCKSTRING-58,500,7,6,full_map,20,PGR
DOCKSTRING-58,500,7,6,full_map,21,PTPN1
DOCKSTRING-58,500,7,6,full_map,31,LCK
DOCKSTRING-58,500,7,6,full_map,57,KDR
DOCKSTRING-58,500,7,6,sample_map,6,MAOB
DOCKSTRING-58,500,7,6,sample_map,7,CASP3
DOCKSTRING-58,500,7,6,sample_map,8,DHFR
DOCKSTRING-58,500,7,6,sample_map,20,PGR
DOCKSTRING-58,500,7,6,sample_map,51,MAPK1
DOCKSTRING-58,500,7,6,sample_map,57,KDR
DOCKSTRING-58,500,7,8,full_map,6,MAOB
DOCKSTRING-58,500,7,8,full_map,7,CASP3
DOCKSTRING-58,500,7,8,full_map,9,ESR2
DOCKSTRING-58,500,7,8,full_map,13,HSP90AA1
DOCKSTRING-58,500,7,8,full_map,20,PGR
DOCKSTRING-58,500,7,8,full_map,21,PTPN1
DOCKSTRING-58,500,7,8,full_map,31,LCK
DOCKSTRING-58,500,7,8,full_map,57,KDR
DOCKSTRING-58,500,7,8,sample_map,6,MAOB
DOCKSTRING-58,500,7,8,sample_map,7,CASP3
DOCKSTRING-58,500,7,8,sample_map,8,DHFR
DOCKSTRING-58,500,7,8,sample_map,9,ESR2
DOCKSTRING-58,500,7,8,sample_map,20,PGR
DOCKSTRING-58,500,7,8,sample_map,35,PPARA
DOCKSTRING-58,500,7,8,sample_map,51,MAPK1
DOCKSTRING-58,500,7,8,sample_map,57,KDR
DOCKSTRING-58,500,7,10,full_map,6,MAOB
DOCKSTRING-58,500,7,10,full_map,7,CASP3
DOCKSTRING-58,500,7,10,full_map,9,ESR2
DOCKSTRING-58,500,7,10,full_map,13,HSP90AA1
DOCKSTRING-58,500,7,10,full_map,17,NOS1
DOCKSTRING-58,500,7,10,full_map,20,PGR
DOCKSTRING-58,500,7,10,full_map,21,PTPN1
DOCKSTRING-58,500,7,10,full_map,31,LCK
DOCKSTRING-58,500,7,10,full_map,33,MMP13
DOCKSTRING-58,500,7,10,full_map,57,KDR
DOCKSTRING-58,500,7,10,sample_map,7,CASP3
DOCKSTRING-58,500,7,10,sample_map,8,DHFR
DOCKSTRING-58,500,7,10,sample_map,9,ESR2
DOCKSTRING-58,500,7,10,sample_map,13,HSP90AA1
DOCKSTRING-58,500,7,10,sample_map,20,PGR
DOCKSTRING-58,500,7,10,sample_map,35,PPARA
DOCKSTRING-58,500,7,10,sample_map,43,CYP3A4
DOCKSTRING-58,500,7,10,sample_map,51,MAPK1
DOCKSTRING-58,500,7,10,sample_map,55,THRB
DOCKSTRING-58,500,7,10,sample_map,57,KDR
DOCKSTRING-58,500,8,6,full_map,6,MAOB
DOCKSTRING-58,500,8,6,full_map,7,CASP3
DOCKSTRING-58,500,8,6,full_map,20,PGR
DOCKSTRING-58,500,8,6,full_map,21,PTPN1
DOCKSTRING-58,500,8,6,full_map,31,LCK
DOCKSTRING-58,500,8,6,full_map,57,KDR
DOCKSTRING-58,500,8,6,sample_map,6,MAOB
DOCKSTRING-58,500,8,6,sample_map,7,CASP3
DOCKSTRING-58,500,8,6,sample_map,20,PGR
DOCKSTRING-58,500,8,6,sample_map,31,LCK
DOCKSTRING-58,500,8,6,sample_map,38,ADORA2A
DOCKSTRING-58,500,8,6,sample_map,57,KDR
DOCKSTRING-58,500,8,8,full_map,6,MAOB
DOCKSTRING-58,500,8,8,full_map,7,CASP3
DOCKSTRING-58,500,8,8,full_map,9,ESR2
DOCKSTRING-58,500,8,8,full_map,13,HSP90AA1
DOCKSTRING-58,500,8,8,full_map,20,PGR
DOCKSTRING-58,500,8,8,full_map,21,PTPN1
DOCKSTRING-58,500,8,8,full_map,31,LCK
DOCKSTRING-58,500,8,8,full_map,57,KDR
DOCKSTRING-58,500,8,8,sample_map,6,MAOB
DOCKSTRING-58,500,8,8,sample_map,7,CASP3
DOCKSTRING-58,500,8,8,sample_map,13,HSP90AA1
DOCKSTRING-58,500,8,8,sample_map,20,PGR
DOCKSTRING-58,500,8,8,sample_map,21,PTPN1
DOCKSTRING-58,500,8,8,sample_map,31,LCK
DOCKSTRING-58,500,8,8,sample_map,38,ADORA2A
DOCKSTRING-58,500,8,8,sample_map,57,KDR
DOCKSTRING-58,500,8,10,full_map,6,MAOB
DOCKSTRING-58,500,8,10,full_map,7,CASP3
DOCKSTRING-58,500,8,10,full_map,9,ESR2
DOCKSTRING-58,500,8,10,full_map,13,HSP90AA1
DOCKSTRING-58,500,8,10,full_map,17,NOS1
DOCKSTRING-58,500,8,10,full_map,20,PGR
DOCKSTRING-58,500,8,10,full_map,21,PTPN1
DOCKSTRING-58,500,8,10,full_map,31,LCK
DOCKSTRING-58,500,8,10,full_map,33,MMP13
DOCKSTRING-58,500,8,10,full_map,57,KDR
DOCKSTRING-58,500,8,10,sample_map,6,MAOB
DOCKSTRING-58,500,8,10,sample_map,7,CASP3
DOCKSTRING-58,500,8,10,sample_map,13,HSP90AA1
DOCKSTRING-58,500,8,10,sample_map,20,PGR
DOCKSTRING-58,500,8,10,sample_map,21,PTPN1
DOCKSTRING-58,500,8,10,sample_map,31,LCK
DOCKSTRING-58,500,8,10,sample_map,36,PPARG
DOCKSTRING-58,500,8,10,sample_map,38,ADORA2A
DOCKSTRING-58,500,8,10,sample_map,39,ACHE
DOCKSTRING-58,500,8,10,sample_map,57,KDR
DOCKSTRING-58,500,9,6,full_map,6,MAOB
DOCKSTRING-58,500,9,6,full_map,7,CASP3
DOCKSTRING-58,500,9,6,full_map,20,PGR
DOCKSTRING-58,500,9,6,full_map,21,PTPN1
DOCKSTRING-58,500,9,6,full_map,31,LCK
DOCKSTRING-58,500,9,6,full_map,57,KDR
DOCKSTRING-58,500,9,6,sample_map,6,MAOB
DOCKSTRING-58,500,9,6,sample_map,7,CASP3
DOCKSTRING-58,500,9,6,sample_map,9,ESR2
DOCKSTRING-58,500,9,6,sample_map,20,PGR
DOCKSTRING-58,500,9,6,sample_map,52,MAPK14
DOCKSTRING-58,500,9,6,sample_map,57,KDR
DOCKSTRING-58,500,9,8,full_map,6,MAOB
DOCKSTRING-58,500,9,8,full_map,7,CASP3
DOCKSTRING-58,500,9,8,full_map,9,ESR2
DOCKSTRING-58,500,9,8,full_map,13,HSP90AA1
DOCKSTRING-58,500,9,8,full_map,20,PGR
DOCKSTRING-58,500,9,8,full_map,21,PTPN1
DOCKSTRING-58,500,9,8,full_map,31,LCK
DOCKSTRING-58,500,9,8,full_map,57,KDR
DOCKSTRING-58,500,9,8,sample_map,6,MAOB
DOCKSTRING-58,500,9,8,sample_map,7,CASP3
DOCKSTRING-58,500,9,8,sample_map,9,ESR2
DOCKSTRING-58,500,9,8,sample_map,13,HSP90AA1
DOCKSTRING-58,500,9,8,sample_map,17,NOS1
DOCKSTRING-58,500,9,8,sample_map,20,PGR
DOCKSTRING-58,500,9,8,sample_map,52,MAPK14
DOCKSTRING-58,500,9,8,sample_map,57,KDR
DOCKSTRING-58,500,9,10,full_map,6,MAOB
DOCKSTRING-58,500,9,10,full_map,7,CASP3
DOCKSTRING-58,500,9,10,full_map,9,ESR2
DOCKSTRING-58,500,9,10,full_map,13,HSP90AA1
DOCKSTRING-58,500,9,10,full_map,17,NOS1
DOCKSTRING-58,500,9,10,full_map,20,PGR
DOCKSTRING-58,500,9,10,full_map,21,PTPN1
DOCKSTRING-58,500,9,10,full_map,31,LCK
DOCKSTRING-58,500,9,10,full_map,33,MMP13
DOCKSTRING-58,500,9,10,full_map,57,KDR
DOCKSTRING-58,500,9,10,sample_map,6,MAOB
DOCKSTRING-58,500,9,10,sample_map,7,CASP3
DOCKSTRING-58,500,9,10,sample_map,9,ESR2
DOCKSTRING-58,500,9,10,sample_map,13,HSP90AA1
DOCKSTRING-58,500,9,10,sample_map,17,NOS1
DOCKSTRING-58,500,9,10,sample_map,20,PGR
DOCKSTRING-58,500,9,10,sample_map,21,PTPN1
DOCKSTRING-58,500,9,10,sample_map,26,CSF1R
DOCKSTRING-58,500,9,10,sample_map,52,MAPK14
DOCKSTRING-58,500,9,10,sample_map,57,KDR
DOCKSTRING-58,500,10,6,full_map,6,MAOB
DOCKSTRING-58,500,10,6,full_map,7,CASP3
DOCKSTRING-58,500,10,6,full_map,20,PGR
DOCKSTRING-58,500,10,6,full_map,21,PTPN1
DOCKSTRING-58,500,10,6,full_map,31,LCK
DOCKSTRING-58,500,10,6,full_map,57,KDR
DOCKSTRING-58,500,10,6,sample_map,6,MAOB
DOCKSTRING-58,500,10,6,sample_map,7,CASP3
DOCKSTRING-58,500,10,6,sample_map,20,PGR
DOCKSTRING-58,500,10,6,sample_map,28,NR3C1
DOCKSTRING-58,500,10,6,sample_map,31,LCK
DOCKSTRING-58,500,10,6,sample_map,57,KDR
DOCKSTRING-58,500,10,8,full_map,6,MAOB
DOCKSTRING-58,500,10,8,full_map,7,CASP3
DOCKSTRING-58,500,10,8,full_map,9,ESR2
DOCKSTRING-58,500,10,8,full_map,13,HSP90AA1
DOCKSTRING-58,500,10,8,full_map,20,PGR
DOCKSTRING-58,500,10,8,full_map,21,PTPN1
DOCKSTRING-58,500,10,8,full_map,31,LCK
DOCKSTRING-58,500,10,8,full_map,57,KDR
DOCKSTRING-58,500,10,8,sample_map,6,MAOB
DOCKSTRING-58,500,10,8,sample_map,7,CASP3
DOCKSTRING-58,500,10,8,sample_map,17,NOS1
DOCKSTRING-58,500,10,8,sample_map,20,PGR
DOCKSTRING-58,500,10,8,sample_map,27,ESR1
DOCKSTRING-58,500,10,8,sample_map,28,NR3C1
DOCKSTRING-58,500,10,8,sample_map,31,LCK
DOCKSTRING-58,500,10,8,sample_map,57,KDR
DOCKSTRING-58,500,10,10,full_map,6,MAOB
DOCKSTRING-58,500,10,10,full_map,7,CASP3
DOCKSTRING-58,500,10,10,full_map,9,ESR2
DOCKSTRING-58,500,10,10,full_map,13,HSP90AA1
DOCKSTRING-58,500,10,10,full_map,17,NOS1
DOCKSTRING-58,500,10,10,full_map,20,PGR
DOCKSTRING-58,500,10,10,full_map,21,PTPN1
DOCKSTRING-58,500,10,10,full_map,31,LCK
DOCKSTRING-58,500,10,10,full_map,33,MMP13
DOCKSTRING-58,500,10,10,full_map,57,KDR
DOCKSTRING-58,500,10,10,sample_map,6,MAOB
DOCKSTRING-58,500,10,10,sample_map,7,CASP3
DOCKSTRING-58,500,10,10,sample_map,13,HSP90AA1
DOCKSTRING-58,500,10,10,sample_map,17,NOS1
DOCKSTRING-58,500,10,10,sample_map,20,PGR
DOCKSTRING-58,500,10,10,sample_map,21,PTPN1
DOCKSTRING-58,500,10,10,sample_map,27,ESR1
DOCKSTRING-58,500,10,10,sample_map,28,NR3C1
DOCKSTRING-58,500,10,10,sample_map,31,LCK
DOCKSTRING-58,500,10,10,sample_map,57,KDR
DOCKSTRING-58,500,11,6,full_map,6,MAOB
DOCKSTRING-58,500,11,6,full_map,7,CASP3
DOCKSTRING-58,500,11,6,full_map,20,PGR
DOCKSTRING-58,500,11,6,full_map,21,PTPN1
DOCKSTRING-58,500,11,6,full_map,31,LCK
DOCKSTRING-58,500,11,6,full_map,57,KDR
DOCKSTRING-58,500,11,6,sample_map,6,MAOB
DOCKSTRING-58,500,11,6,sample_map,7,CASP3
DOCKSTRING-58,500,11,6,sample_map,20,PGR
DOCKSTRING-58,500,11,6,sample_map,30,JAK2
DOCKSTRING-58,500,11,6,sample_map,39,ACHE
DOCKSTRING-58,500,11,6,sample_map,57,KDR
DOCKSTRING-58,500,11,8,full_map,6,MAOB
DOCKSTRING-58,500,11,8,full_map,7,CASP3
DOCKSTRING-58,500,11,8,full_map,9,ESR2
DOCKSTRING-58,500,11,8,full_map,13,HSP90AA1
DOCKSTRING-58,500,11,8,full_map,20,PGR
DOCKSTRING-58,500,11,8,full_map,21,PTPN1
DOCKSTRING-58,500,11,8,full_map,31,LCK
DOCKSTRING-58,500,11,8,full_map,57,KDR
DOCKSTRING-58,500,11,8,sample_map,6,MAOB
DOCKSTRING-58,500,11,8,sample_map,7,CASP3
DOCKSTRING-58,500,11,8,sample_map,20,PGR
DOCKSTRING-58,500,11,8,sample_map,21,PTPN1
DOCKSTRING-58,500,11,8,sample_map,30,JAK2
DOCKSTRING-58,500,11,8,sample_map,33,MMP13
DOCKSTRING-58,500,11,8,sample_map,39,ACHE
DOCKSTRING-58,500,11,8,sample_map,57,KDR
DOCKSTRING-58,500,11,10,full_map,6,MAOB
DOCKSTRING-58,500,11,10,full_map,7,CASP3
DOCKSTRING-58,500,11,10,full_map,9,ESR2
DOCKSTRING-58,500,11,10,full_map,13,HSP90AA1
DOCKSTRING-58,500,11,10,full_map,17,NOS1
DOCKSTRING-58,500,11,10,full_map,20,PGR
DOCKSTRING-58,500,11,10,full_map,21,PTPN1
DOCKSTRING-58,500,11,10,full_map,31,LCK
DOCKSTRING-58,500,11,10,full_map,33,MMP13
DOCKSTRING-58,500,11,10,full_map,57,KDR
DOCKSTRING-58,500,11,10,sample_map,0,PPARD
DOCKSTRING-58,500,11,10,sample_map,6,MAOB
DOCKSTRING-58,500,11,10,sample_map,7,CASP3
DOCKSTRING-58,500,11,10,sample_map,13,HSP90AA1
DOCKSTRING-58,500,11,10,sample_map,20,PGR
DOCKSTRING-58,500,11,10,sample_map,21,PTPN1
DOCKSTRING-58,500,11,10,sample_map,30,JAK2
DOCKSTRING-58,500,11,10,sample_map,33,MMP13
DOCKSTRING-58,500,11,10,sample_map,52,MAPK14
DOCKSTRING-58,500,11,10,sample_map,57,KDR
DOCKSTRING-58,500,12,6,full_map,6,MAOB
DOCKSTRING-58,500,12,6,full_map,7,CASP3
DOCKSTRING-58,500,12,6,full_map,20,PGR
DOCKSTRING-58,500,12,6,full_map,21,PTPN1
DOCKSTRING-58,500,12,6,full_map,31,LCK
DOCKSTRING-58,500,12,6,full_map,57,KDR
DOCKSTRING-58,500,12,6,sample_map,6,MAOB
DOCKSTRING-58,500,12,6,sample_map,20,PGR
DOCKSTRING-58,500,12,6,sample_map,31,LCK
DOCKSTRING-58,500,12,6,sample_map,33,MMP13
DOCKSTRING-58,500,12,6,sample_map,39,ACHE
DOCKSTRING-58,500,12,6,sample_map,57,KDR
DOCKSTRING-58,500,12,8,full_map,6,MAOB
DOCKSTRING-58,500,12,8,full_map,7,CASP3
DOCKSTRING-58,500,12,8,full_map,9,ESR2
DOCKSTRING-58,500,12,8,full_map,13,HSP90AA1
DOCKSTRING-58,500,12,8,full_map,20,PGR
DOCKSTRING-58,500,12,8,full_map,21,PTPN1
DOCKSTRING-58,500,12,8,full_map,31,LCK
DOCKSTRING-58,500,12,8,full_map,57,KDR
DOCKSTRING-58,500,12,8,sample_map,6,MAOB
DOCKSTRING-58,500,12,8,sample_map,20,PGR
DOCKSTRING-58,500,12,8,sample_map,21,PTPN1
DOCKSTRING-58,500,12,8,sample_map,25,CDK2
DOCKSTRING-58,500,12,8,sample_map,31,LCK
DOCKSTRING-58,500,12,8,sample_map,33,MMP13
DOCKSTRING-58,500,12,8,sample_map,39,ACHE
DOCKSTRING-58,500,12,8,sample_map,57,KDR
DOCKSTRING-58,500,12,10,full_map,6,MAOB
DOCKSTRING-58,500,12,10,full_map,7,CASP3
DOCKSTRING-58,500,12,10,full_map,9,ESR2
DOCKSTRING-58,500,12,10,full_map,13,HSP90AA1
DOCKSTRING-58,500,12,10,full_map,17,NOS1
DOCKSTRING-58,500,12,10,full_map,20,PGR
DOCKSTRING-58,500,12,10,full_map,21,PTPN1
DOCKSTRING-58,500,12,10,full_map,31,LCK
DOCKSTRING-58,500,12,10,full_map,33,MMP13
DOCKSTRING-58,500,12,10,full_map,57,KDR
DOCKSTRING-58,500,12,10,sample_map,6,MAOB
DOCKSTRING-58,500,12,10,sample_map,13,HSP90AA1
DOCKSTRING-58,500,12,10,sample_map,20,PGR
DOCKSTRING-58,500,12,10,sample_map,21,PTPN1
DOCKSTRING-58,500,12,10,sample_map,25,CDK2
DOCKSTRING-58,500,12,10,sample_map,31,LCK
DOCKSTRING-58,500,12,10,sample_map,33,MMP13
DOCKSTRING-58,500,12,10,sample_map,41,CA2
DOCKSTRING-58,500,12,10,sample_map,52,MAPK14
DOCKSTRING-58,500,12,10,sample_map,57,KDR
DOCKSTRING-58,500,13,6,full_map,6,MAOB
DOCKSTRING-58,500,13,6,full_map,7,CASP3
DOCKSTRING-58,500,13,6,full_map,20,PGR
DOCKSTRING-58,500,13,6,full_map,21,PTPN1
DOCKSTRING-58,500,13,6,full_map,31,LCK
DOCKSTRING-58,500,13,6,full_map,57,KDR
DOCKSTRING-58,500,13,6,sample_map,6,MAOB
DOCKSTRING-58,500,13,6,sample_map,7,CASP3
DOCKSTRING-58,500,13,6,sample_map,20,PGR
DOCKSTRING-58,500,13,6,sample_map,21,PTPN1
DOCKSTRING-58,500,13,6,sample_map,39,ACHE
DOCKSTRING-58,500,13,6,sample_map,57,KDR
DOCKSTRING-58,500,13,8,full_map,6,MAOB
DOCKSTRING-58,500,13,8,full_map,7,CASP3
DOCKSTRING-58,500,13,8,full_map,9,ESR2
DOCKSTRING-58,500,13,8,full_map,13,HSP90AA1
DOCKSTRING-58,500,13,8,full_map,20,PGR
DOCKSTRING-58,500,13,8,full_map,21,PTPN1
DOCKSTRING-58,500,13,8,full_map,31,LCK
DOCKSTRING-58,500,13,8,full_map,57,KDR
DOCKSTRING-58,500,13,8,sample_map,6,MAOB
DOCKSTRING-58,500,13,8,sample_map,7,CASP3
DOCKSTRING-58,500,13,8,sample_map,13,HSP90AA1
DOCKSTRING-58,500,13,8,sample_map,20,PGR
DOCKSTRING-58,500,13,8,sample_map,21,PTPN1
DOCKSTRING-58,500,13,8,sample_map,31,LCK
DOCKSTRING-58,500,13,8,sample_map,39,ACHE
DOCKSTRING-58,500,13,8,sample_map,57,KDR
DOCKSTRING-58,500,13,10,full_map,6,MAOB
DOCKSTRING-58,500,13,10,full_map,7,CASP3
DOCKSTRING-58,500,13,10,full_map,9,ESR2
DOCKSTRING-58,500,13,10,full_map,13,HSP90AA1
DOCKSTRING-58,500,13,10,full_map,17,NOS1
DOCKSTRING-58,500,13,10,full_map,20,PGR
DOCKSTRING-58,500,13,10,full_map,21,PTPN1
DOCKSTRING-58,500,13,10,full_map,31,LCK
DOCKSTRING-58,500,13,10,full_map,33,MMP13
DOCKSTRING-58,500,13,10,full_map,57,KDR
DOCKSTRING-58,500,13,10,sample_map,4,ADRB2
DOCKSTRING-58,500,13,10,sample_map,6,MAOB
DOCKSTRING-58,500,13,10,sample_map,7,CASP3
DOCKSTRING-58,500,13,10,sample_map,13,HSP90AA1
DOCKSTRING-58,500,13,10,sample_map,17,NOS1
DOCKSTRING-58,500,13,10,sample_map,20,PGR
DOCKSTRING-58,500,13,10,sample_map,21,PTPN1
DOCKSTRING-58,500,13,10,sample_map,31,LCK
DOCKSTRING-58,500,13,10,sample_map,39,ACHE
DOCKSTRING-58,500,13,10,sample_map,57,KDR
DOCKSTRING-58,500,14,6,full_map,6,MAOB
DOCKSTRING-58,500,14,6,full_map,7,CASP3
DOCKSTRING-58,500,14,6,full_map,20,PGR
DOCKSTRING-58,500,14,6,full_map,21,PTPN1
DOCKSTRING-58,500,14,6,full_map,31,LCK
DOCKSTRING-58,500,14,6,full_map,57,KDR
DOCKSTRING-58,500,14,6,sample_map,6,MAOB
DOCKSTRING-58,500,14,6,sample_map,7,CASP3
DOCKSTRING-58,500,14,6,sample_map,13,HSP90AA1
DOCKSTRING-58,500,14,6,sample_map,20,PGR
DOCKSTRING-58,500,14,6,sample_map,23,AKT1
DOCKSTRING-58,500,14,6,sample_map,33,MMP13
DOCKSTRING-58,500,14,8,full_map,6,MAOB
DOCKSTRING-58,500,14,8,full_map,7,CASP3
DOCKSTRING-58,500,14,8,full_map,9,ESR2
DOCKSTRING-58,500,14,8,full_map,13,HSP90AA1
DOCKSTRING-58,500,14,8,full_map,20,PGR
DOCKSTRING-58,500,14,8,full_map,21,PTPN1
DOCKSTRING-58,500,14,8,full_map,31,LCK
DOCKSTRING-58,500,14,8,full_map,57,KDR
DOCKSTRING-58,500,14,8,sample_map,6,MAOB
DOCKSTRING-58,500,14,8,sample_map,7,CASP3
DOCKSTRING-58,500,14,8,sample_map,9,ESR2
DOCKSTRING-58,500,14,8,sample_map,13,HSP90AA1
DOCKSTRING-58,500,14,8,sample_map,20,PGR
DOCKSTRING-58,500,14,8,sample_map,23,AKT1
DOCKSTRING-58,500,14,8,sample_map,31,LCK
DOCKSTRING-58,500,14,8,sample_map,33,MMP13
DOCKSTRING-58,500,14,10,full_map,6,MAOB
DOCKSTRING-58,500,14,10,full_map,7,CASP3
DOCKSTRING-58,500,14,10,full_map,9,ESR2
DOCKSTRING-58,500,14,10,full_map,13,HSP90AA1
DOCKSTRING-58,500,14,10,full_map,17,NOS1
DOCKSTRING-58,500,14,10,full_map,20,PGR
DOCKSTRING-58,500,14,10,full_map,21,PTPN1
DOCKSTRING-58,500,14,10,full_map,31,LCK
DOCKSTRING-58,500,14,10,full_map,33,MMP13
DOCKSTRING-58,500,14,10,full_map,57,KDR
DOCKSTRING-58,500,14,10,sample_map,6,MAOB
DOCKSTRING-58,500,14,10,sample_map,7,CASP3
DOCKSTRING-58,500,14,10,sample_map,9,ESR2
DOCKSTRING-58,500,14,10,sample_map,13,HSP90AA1
DOCKSTRING-58,500,14,10,sample_map,20,PGR
DOCKSTRING-58,500,14,10,sample_map,21,PTPN1
DOCKSTRING-58,500,14,10,sample_map,23,AKT1
DOCKSTRING-58,500,14,10,sample_map,31,LCK
DOCKSTRING-58,500,14,10,sample_map,33,MMP13
DOCKSTRING-58,500,14,10,sample_map,57,KDR
DOCKSTRING-58,500,15,6,full_map,6,MAOB
DOCKSTRING-58,500,15,6,full_map,7,CASP3
DOCKSTRING-58,500,15,6,full_map,20,PGR
DOCKSTRING-58,500,15,6,full_map,21,PTPN1
DOCKSTRING-58,500,15,6,full_map,31,LCK
DOCKSTRING-58,500,15,6,full_map,57,KDR
DOCKSTRING-58,500,15,6,sample_map,7,CASP3
DOCKSTRING-58,500,15,6,sample_map,20,PGR
DOCKSTRING-58,500,15,6,sample_map,33,MMP13
DOCKSTRING-58,500,15,6,sample_map,52,MAPK14
DOCKSTRING-58,500,15,6,sample_map,55,THRB
DOCKSTRING-58,500,15,6,sample_map,57,KDR
DOCKSTRING-58,500,15,8,full_map,6,MAOB
DOCKSTRING-58,500,15,8,full_map,7,CASP3
DOCKSTRING-58,500,15,8,full_map,9,ESR2
DOCKSTRING-58,500,15,8,full_map,13,HSP90AA1
DOCKSTRING-58,500,15,8,full_map,20,PGR
DOCKSTRING-58,500,15,8,full_map,21,PTPN1
DOCKSTRING-58,500,15,8,full_map,31,LCK
DOCKSTRING-58,500,15,8,full_map,57,KDR
DOCKSTRING-58,500,15,8,sample_map,7,CASP3
DOCKSTRING-58,500,15,8,sample_map,9,ESR2
DOCKSTRING-58,500,15,8,sample_map,13,HSP90AA1
DOCKSTRING-58,500,15,8,sample_map,20,PGR
DOCKSTRING-58,500,15,8,sample_map,33,MMP13
DOCKSTRING-58,500,15,8,sample_map,52,MAPK14
DOCKSTRING-58,500,15,8,sample_map,55,THRB
DOCKSTRING-58,500,15,8,sample_map,57,KDR
DOCKSTRING-58,500,15,10,full_map,6,MAOB
DOCKSTRING-58,500,15,10,full_map,7,CASP3
DOCKSTRING-58,500,15,10,full_map,9,ESR2
DOCKSTRING-58,500,15,10,full_map,13,HSP90AA1
DOCKSTRING-58,500,15,10,full_map,17,NOS1
DOCKSTRING-58,500,15,10,full_map,20,PGR
DOCKSTRING-58,500,15,10,full_map,21,PTPN1
DOCKSTRING-58,500,15,10,full_map,31,LCK
DOCKSTRING-58,500,15,10,full_map,33,MMP13
DOCKSTRING-58,500,15,10,full_map,57,KDR
DOCKSTRING-58,500,15,10,sample_map,7,CASP3
DOCKSTRING-58,500,15,10,sample_map,9,ESR2
DOCKSTRING-58,500,15,10,sample_map,13,HSP90AA1
DOCKSTRING-58,500,15,10,sample_map,20,PGR
DOCKSTRING-58,500,15,10,sample_map,21,PTPN1
DOCKSTRING-58,500,15,10,sample_map,33,MMP13
DOCKSTRING-58,500,15,10,sample_map,51,MAPK1
DOCKSTRING-58,500,15,10,sample_map,52,MAPK14
DOCKSTRING-58,500,15,10,sample_map,55,THRB
DOCKSTRING-58,500,15,10,sample_map,57,KDR
DOCKSTRING-58,500,16,6,full_map,6,MAOB
DOCKSTRING-58,500,16,6,full_map,7,CASP3
DOCKSTRING-58,500,16,6,full_map,20,PGR
DOCKSTRING-58,500,16,6,full_map,21,PTPN1
DOCKSTRING-58,500,16,6,full_map,31,LCK
DOCKSTRING-58,500,16,6,full_map,57,KDR
DOCKSTRING-58,500,16,6,sample_map,6,MAOB
DOCKSTRING-58,500,16,6,sample_map,7,CASP3
DOCKSTRING-58,500,16,6,sample_map,20,PGR
DOCKSTRING-58,500,16,6,sample_map,27,ESR1
DOCKSTRING-58,500,16,6,sample_map,52,MAPK14
DOCKSTRING-58,500,16,6,sample_map,57,KDR
DOCKSTRING-58,500,16,8,full_map,6,MAOB
DOCKSTRING-58,500,16,8,full_map,7,CASP3
DOCKSTRING-58,500,16,8,full_map,9,ESR2
DOCKSTRING-58,500,16,8,full_map,13,HSP90AA1
DOCKSTRING-58,500,16,8,full_map,20,PGR
DOCKSTRING-58,500,16,8,full_map,21,PTPN1
DOCKSTRING-58,500,16,8,full_map,31,LCK
DOCKSTRING-58,500,16,8,full_map,57,KDR
DOCKSTRING-58,500,16,8,sample_map,6,MAOB
DOCKSTRING-58,500,16,8,sample_map,7,CASP3
DOCKSTRING-58,500,16,8,sample_map,20,PGR
DOCKSTRING-58,500,16,8,sample_map,21,PTPN1
DOCKSTRING-58,500,16,8,sample_map,27,ESR1
DOCKSTRING-58,500,16,8,sample_map,35,PPARA
DOCKSTRING-58,500,16,8,sample_map,51,MAPK1
DOCKSTRING-58,500,16,8,sample_map,57,KDR
DOCKSTRING-58,500,16,10,full_map,6,MAOB
DOCKSTRING-58,500,16,10,full_map,7,CASP3
DOCKSTRING-58,500,16,10,full_map,9,ESR2
DOCKSTRING-58,500,16,10,full_map,13,HSP90AA1
DOCKSTRING-58,500,16,10,full_map,17,NOS1
DOCKSTRING-58,500,16,10,full_map,20,PGR
DOCKSTRING-58,500,16,10,full_map,21,PTPN1
DOCKSTRING-58,500,16,10,full_map,31,LCK
DOCKSTRING-58,500,16,10,full_map,33,MMP13
DOCKSTRING-58,500,16,10,full_map,57,KDR
DOCKSTRING-58,500,16,10,sample_map,6,MAOB
DOCKSTRING-58,500,16,10,sample_map,7,CASP3
DOCKSTRING-58,500,16,10,sample_map,13,HSP90AA1
DOCKSTRING-58,500,16,10,sample_map,20,PGR
DOCKSTRING-58,500,16,10,sample_map,21,PTPN1
DOCKSTRING-58,500,16,10,sample_map,27,ESR1
DOCKSTRING-58,500,16,10,sample_map,31,LCK
DOCKSTRING-58,500,16,10,sample_map,35,PPARA
DOCKSTRING-58,500,16,10,sample_map,44,HSD11B1
DOCKSTRING-58,500,16,10,sample_map,57,KDR
DOCKSTRING-58,500,17,6,full_map,6,MAOB
DOCKSTRING-58,500,17,6,full_map,7,CASP3
DOCKSTRING-58,500,17,6,full_map,20,PGR
DOCKSTRING-58,500,17,6,full_map,21,PTPN1
DOCKSTRING-58,500,17,6,full_map,31,LCK
DOCKSTRING-58,500,17,6,full_map,57,KDR
DOCKSTRING-58,500,17,6,sample_map,6,MAOB
DOCKSTRING-58,500,17,6,sample_map,20,PGR
DOCKSTRING-58,500,17,6,sample_map,28,NR3C1
DOCKSTRING-58,500,17,6,sample_map,39,ACHE
DOCKSTRING-58,500,17,6,sample_map,52,MAPK14
DOCKSTRING-58,500,17,6,sample_map,57,KDR
DOCKSTRING-58,500,17,8,full_map,6,MAOB
DOCKSTRING-58,500,17,8,full_map,7,CASP3
DOCKSTRING-58,500,17,8,full_map,9,ESR2
DOCKSTRING-58,500,17,8,full_map,13,HSP90AA1
DOCKSTRING-58,500,17,8,full_map,20,PGR
DOCKSTRING-58,500,17,8,full_map,21,PTPN1
DOCKSTRING-58,500,17,8,full_map,31,LCK
DOCKSTRING-58,500,17,8,full_map,57,KDR
DOCKSTRING-58,500,17,8,sample_map,6,MAOB
DOCKSTRING-58,500,17,8,sample_map,20,PGR
DOCKSTRING-58,500,17,8,sample_map,28,NR3C1
DOCKSTRING-58,500,17,8,sample_map,31,LCK
DOCKSTRING-58,500,17,8,sample_map,39,ACHE
DOCKSTRING-58,500,17,8,sample_map,52,MAPK14
DOCKSTRING-58,500,17,8,sample_map,56,F2
DOCKSTRING-58,500,17,8,sample_map,57,KDR
DOCKSTRING-58,500,17,10,full_map,6,MAOB
DOCKSTRING-58,500,17,10,full_map,7,CASP3
DOCKSTRING-58,500,17,10,full_map,9,ESR2
DOCKSTRING-58,500,17,10,full_map,13,HSP90AA1
DOCKSTRING-58,500,17,10,full_map,17,NOS1
DOCKSTRING-58,500,17,10,full_map,20,PGR
DOCKSTRING-58,500,17,10,full_map,21,PTPN1
DOCKSTRING-58,500,17,10,full_map,31,LCK
DOCKSTRING-58,500,17,10,full_map,33,MMP13
DOCKSTRING-58,500,17,10,full_map,57,KDR
DOCKSTRING-58,500,17,10,sample_map,6,MAOB
DOCKSTRING-58,500,17,10,sample_map,20,PGR
DOCKSTRING-58,500,17,10,sample_map,27,ESR1
DOCKSTRING-58,500,17,10,sample_map,28,NR3C1
DOCKSTRING-58,500,17,10,sample_map,31,LCK
DOCKSTRING-58,500,17,10,sample_map,39,ACHE
DOCKSTRING-58,500,17,10,sample_map,41,CA2
DOCKSTRING-58,500,17,10,sample_map,52,MAPK14
DOCKSTRING-58,500,17,10,sample_map,56,F2
DOCKSTRING-58,500,17,10,sample_map,57,KDR
DOCKSTRING-58,500,18,6,full_map,6,MAOB
DOCKSTRING-58,500,18,6,full_map,7,CASP3
DOCKSTRING-58,500,18,6,full_map,20,PGR
DOCKSTRING-58,500,18,6,full_map,21,PTPN1
DOCKSTRING-58,500,18,6,full_map,31,LCK
DOCKSTRING-58,500,18,6,full_map,57,KDR
DOCKSTRING-58,500,18,6,sample_map,6,MAOB
DOCKSTRING-58,500,18,6,sample_map,7,CASP3
DOCKSTRING-58,500,18,6,sample_map,9,ESR2
DOCKSTRING-58,500,18,6,sample_map,20,PGR
DOCKSTRING-58,500,18,6,sample_map,33,MMP13
DOCKSTRING-58,500,18,6,sample_map,57,KDR
DOCKSTRING-58,500,18,8,full_map,6,MAOB
DOCKSTRING-58,500,18,8,full_map,7,CASP3
DOCKSTRING-58,500,18,8,full_map,9,ESR2
DOCKSTRING-58,500,18,8,full_map,13,HSP90AA1
DOCKSTRING-58,500,18,8,full_map,20,PGR
DOCKSTRING-58,500,18,8,full_map,21,PTPN1
DOCKSTRING-58,500,18,8,full_map,31,LCK
DOCKSTRING-58,500,18,8,full_map,57,KDR
DOCKSTRING-58,500,18,8,sample_map,6,MAOB
DOCKSTRING-58,500,18,8,sample_map,7,CASP3
DOCKSTRING-58,500,18,8,sample_map,9,ESR2
DOCKSTRING-58,500,18,8,sample_map,13,HSP90AA1
DOCKSTRING-58,500,18,8,sample_map,20,PGR
DOCKSTRING-58,500,18,8,sample_map,21,PTPN1
DOCKSTRING-58,500,18,8,sample_map,33,MMP13
DOCKSTRING-58,500,18,8,sample_map,57,KDR
DOCKSTRING-58,500,18,10,full_map,6,MAOB
DOCKSTRING-58,500,18,10,full_map,7,CASP3
DOCKSTRING-58,500,18,10,full_map,9,ESR2
DOCKSTRING-58,500,18,10,full_map,13,HSP90AA1
DOCKSTRING-58,500,18,10,full_map,17,NOS1
DOCKSTRING-58,500,18,10,full_map,20,PGR
DOCKSTRING-58,500,18,10,full_map,21,PTPN1
DOCKSTRING-58,500,18,10,full_map,31,LCK
DOCKSTRING-58,500,18,10,full_map,33,MMP13
DOCKSTRING-58,500,18,10,full_map,57,KDR
DOCKSTRING-58,500,18,10,sample_map,6,MAOB
DOCKSTRING-58,500,18,10,sample_map,7,CASP3
DOCKSTRING-58,500,18,10,sample_map,9,ESR2
DOCKSTRING-58,500,18,10,sample_map,13,HSP90AA1
DOCKSTRING-58,500,18,10,sample_map,20,PGR
DOCKSTRING-58,500,18,10,sample_map,21,PTPN1
DOCKSTRING-58,500,18,10,sample_map,25,CDK2
DOCKSTRING-58,500,18,10,sample_map,31,LCK
DOCKSTRING-58,500,18,10,sample_map,33,MMP13
DOCKSTRING-58,500,18,10,sample_map,57,KDR
DOCKSTRING-58,500,19,6,full_map,6,MAOB
DOCKSTRING-58,500,19,6,full_map,7,CASP3
DOCKSTRING-58,500,19,6,full_map,20,PGR
DOCKSTRING-58,500,19,6,full_map,21,PTPN1
DOCKSTRING-58,500,19,6,full_map,31,LCK
DOCKSTRING-58,500,19,6,full_map,57,KDR
DOCKSTRING-58,500,19,6,sample_map,6,MAOB
DOCKSTRING-58,500,19,6,sample_map,13,HSP90AA1
DOCKSTRING-58,500,19,6,sample_map,14,KIT
DOCKSTRING-58,500,19,6,sample_map,20,PGR
DOCKSTRING-58,500,19,6,sample_map,40,BACE1
DOCKSTRING-58,500,19,6,sample_map,57,KDR
DOCKSTRING-58,500,19,8,full_map,6,MAOB
DOCKSTRING-58,500,19,8,full_map,7,CASP3
DOCKSTRING-58,500,19,8,full_map,9,ESR2
DOCKSTRING-58,500,19,8,full_map,13,HSP90AA1
DOCKSTRING-58,500,19,8,full_map,20,PGR
DOCKSTRING-58,500,19,8,full_map,21,PTPN1
DOCKSTRING-58,500,19,8,full_map,31,LCK
DOCKSTRING-58,500,19,8,full_map,57,KDR
DOCKSTRING-58,500,19,8,sample_map,6,MAOB
DOCKSTRING-58,500,19,8,sample_map,13,HSP90AA1
DOCKSTRING-58,500,19,8,sample_map,14,KIT
DOCKSTRING-58,500,19,8,sample_map,20,PGR
DOCKSTRING-58,500,19,8,sample_map,26,CSF1R
DOCKSTRING-58,500,19,8,sample_map,40,BACE1
DOCKSTRING-58,500,19,8,sample_map,51,MAPK1
DOCKSTRING-58,500,19,8,sample_map,57,KDR
DOCKSTRING-58,500,19,10,full_map,6,MAOB
DOCKSTRING-58,500,19,10,full_map,7,CASP3
DOCKSTRING-58,500,19,10,full_map,9,ESR2
DOCKSTRING-58,500,19,10,full_map,13,HSP90AA1
DOCKSTRING-58,500,19,10,full_map,17,NOS1
DOCKSTRING-58,500,19,10,full_map,20,PGR
DOCKSTRING-58,500,19,10,full_map,21,PTPN1
DOCKSTRING-58,500,19,10,full_map,31,LCK
DOCKSTRING-58,500,19,10,full_map,33,MMP13
DOCKSTRING-58,500,19,10,full_map,57,KDR
DOCKSTRING-58,500,19,10,sample_map,9,ESR2
DOCKSTRING-58,500,19,10,sample_map,13,HSP90AA1
DOCKSTRING-58,500,19,10,sample_map,20,PGR
DOCKSTRING-58,500,19,10,sample_map,25,CDK2
DOCKSTRING-58,500,19,10,sample_map,33,MMP13
DOCKSTRING-58,500,19,10,sample_map,40,BACE1
DOCKSTRING-58,500,19,10,sample_map,41,CA2
DOCKSTRING-58,500,19,10,sample_map,43,CYP3A4
DOCKSTRING-58,500,19,10,sample_map,51,MAPK1
DOCKSTRING-58,500,19,10,sample_map,54,SRC
DOCKSTRING-58,500,20,6,full_map,6,MAOB
DOCKSTRING-58,500,20,6,full_map,7,CASP3
DOCKSTRING-58,500,20,6,full_map,20,PGR
DOCKSTRING-58,500,20,6,full_map,21,PTPN1
DOCKSTRING-58,500,20,6,full_map,31,LCK
DOCKSTRING-58,500,20,6,full_map,57,KDR
DOCKSTRING-58,500,20,6,sample_map,6,MAOB
DOCKSTRING-58,500,20,6,sample_map,7,CASP3
DOCKSTRING-58,500,20,6,sample_map,9,ESR2
DOCKSTRING-58,500,20,6,sample_map,20,PGR
DOCKSTRING-58,500,20,6,sample_map,31,LCK
DOCKSTRING-58,500,20,6,sample_map,57,KDR
DOCKSTRING-58,500,20,8,full_map,6,MAOB
DOCKSTRING-58,500,20,8,full_map,7,CASP3
DOCKSTRING-58,500,20,8,full_map,9,ESR2
DOCKSTRING-58,500,20,8,full_map,13,HSP90AA1
DOCKSTRING-58,500,20,8,full_map,20,PGR
DOCKSTRING-58,500,20,8,full_map,21,PTPN1
DOCKSTRING-58,500,20,8,full_map,31,LCK
DOCKSTRING-58,500,20,8,full_map,57,KDR
DOCKSTRING-58,500,20,8,sample_map,6,MAOB
DOCKSTRING-58,500,20,8,sample_map,7,CASP3
DOCKSTRING-58,500,20,8,sample_map,9,ESR2
DOCKSTRING-58,500,20,8,sample_map,13,HSP90AA1
DOCKSTRING-58,500,20,8,sample_map,20,PGR
DOCKSTRING-58,500,20,8,sample_map,21,PTPN1
DOCKSTRING-58,500,20,8,sample_map,31,LCK
DOCKSTRING-58,500,20,8,sample_map,57,KDR
DOCKSTRING-58,500,20,10,full_map,6,MAOB
DOCKSTRING-58,500,20,10,full_map,7,CASP3
DOCKSTRING-58,500,20,10,full_map,9,ESR2
DOCKSTRING-58,500,20,10,full_map,13,HSP90AA1
DOCKSTRING-58,500,20,10,full_map,17,NOS1
DOCKSTRING-58,500,20,10,full_map,20,PGR
DOCKSTRING-58,500,20,10,full_map,21,PTPN1
DOCKSTRING-58,500,20,10,full_map,31,LCK
DOCKSTRING-58,500,20,10,full_map,33,MMP13
DOCKSTRING-58,500,20,10,full_map,57,KDR
DOCKSTRING-58,500,20,10,sample_map,6,MAOB
DOCKSTRING-58,500,20,10,sample_map,7,CASP3
DOCKSTRING-58,500,20,10,sample_map,9,ESR2
DOCKSTRING-58,500,20,10,sample_map,10,PTK2
DOCKSTRING-58,500,20,10,sample_map,13,HSP90AA1
DOCKSTRING-58,500,20,10,sample_map,20,PGR
DOCKSTRING-58,500,20,10,sample_map,21,PTPN1
DOCKSTRING-58,500,20,10,sample_map,31,LCK
DOCKSTRING-58,500,20,10,sample_map,33,MMP13
DOCKSTRING-58,500,20,10,sample_map,57,KDR
DOCKSTRING-58,500,21,6,full_map,6,MAOB
DOCKSTRING-58,500,21,6,full_map,7,CASP3
DOCKSTRING-58,500,21,6,full_map,20,PGR
DOCKSTRING-58,500,21,6,full_map,21,PTPN1
DOCKSTRING-58,500,21,6,full_map,31,LCK
DOCKSTRING-58,500,21,6,full_map,57,KDR
DOCKSTRING-58,500,21,6,sample_map,6,MAOB
DOCKSTRING-58,500,21,6,sample_map,20,PGR
DOCKSTRING-58,500,21,6,sample_map,30,JAK2
DOCKSTRING-58,500,21,6,sample_map,31,LCK
DOCKSTRING-58,500,21,6,sample_map,33,MMP13
DOCKSTRING-58,500,21,6,sample_map,57,KDR
DOCKSTRING-58,500,21,8,full_map,6,MAOB
DOCKSTRING-58,500,21,8,full_map,7,CASP3
DOCKSTRING-58,500,21,8,full_map,9,ESR2
DOCKSTRING-58,500,21,8,full_map,13,HSP90AA1
DOCKSTRING-58,500,21,8,full_map,20,PGR
DOCKSTRING-58,500,21,8,full_map,21,PTPN1
DOCKSTRING-58,500,21,8,full_map,31,LCK
DOCKSTRING-58,500,21,8,full_map,57,KDR
DOCKSTRING-58,500,21,8,sample_map,6,MAOB
DOCKSTRING-58,500,21,8,sample_map,7,CASP3
DOCKSTRING-58,500,21,8,sample_map,9,ESR2
DOCKSTRING-58,500,21,8,sample_map,20,PGR
DOCKSTRING-58,500,21,8,sample_map,30,JAK2
DOCKSTRING-58,500,21,8,sample_map,31,LCK
DOCKSTRING-58,500,21,8,sample_map,33,MMP13
DOCKSTRING-58,500,21,8,sample_map,57,KDR
DOCKSTRING-58,500,21,10,full_map,6,MAOB
DOCKSTRING-58,500,21,10,full_map,7,CASP3
DOCKSTRING-58,500,21,10,full_map,9,ESR2
DOCKSTRING-58,500,21,10,full_map,13,HSP90AA1
DOCKSTRING-58,500,21,10,full_map,17,NOS1
DOCKSTRING-58,500,21,10,full_map,20,PGR
DOCKSTRING-58,500,21,10,full_map,21,PTPN1
DOCKSTRING-58,500,21,10,full_map,31,LCK
DOCKSTRING-58,500,21,10,full_map,33,MMP13
DOCKSTRING-58,500,21,10,full_map,57,KDR
DOCKSTRING-58,500,21,10,sample_map,6,MAOB
DOCKSTRING-58,500,21,10,sample_map,7,CASP3
DOCKSTRING-58,500,21,10,sample_map,9,ESR2
DOCKSTRING-58,500,21,10,sample_map,13,HSP90AA1
DOCKSTRING-58,500,21,10,sample_map,20,PGR
DOCKSTRING-58,500,21,10,sample_map,21,PTPN1
DOCKSTRING-58,500,21,10,sample_map,30,JAK2
DOCKSTRING-58,500,21,10,sample_map,31,LCK
DOCKSTRING-58,500,21,10,sample_map,33,MMP13
DOCKSTRING-58,500,21,10,sample_map,57,KDR
DOCKSTRING-58,500,22,6,full_map,6,MAOB
DOCKSTRING-58,500,22,6,full_map,7,CASP3
DOCKSTRING-58,500,22,6,full_map,20,PGR
DOCKSTRING-58,500,22,6,full_map,21,PTPN1
DOCKSTRING-58,500,22,6,full_map,31,LCK
DOCKSTRING-58,500,22,6,full_map,57,KDR
DOCKSTRING-58,500,22,6,sample_map,7,CASP3
DOCKSTRING-58,500,22,6,sample_map,13,HSP90AA1
DOCKSTRING-58,500,22,6,sample_map,20,PGR
DOCKSTRING-58,500,22,6,sample_map,31,LCK
DOCKSTRING-58,500,22,6,sample_map,43,CYP3A4
DOCKSTRING-58,500,22,6,sample_map,57,KDR
DOCKSTRING-58,500,22,8,full_map,6,MAOB
DOCKSTRING-58,500,22,8,full_map,7,CASP3
DOCKSTRING-58,500,22,8,full_map,9,ESR2
DOCKSTRING-58,500,22,8,full_map,13,HSP90AA1
DOCKSTRING-58,500,22,8,full_map,20,PGR
DOCKSTRING-58,500,22,8,full_map,21,PTPN1
DOCKSTRING-58,500,22,8,full_map,31,LCK
DOCKSTRING-58,500,22,8,full_map,57,KDR
DOCKSTRING-58,500,22,8,sample_map,7,CASP3
DOCKSTRING-58,500,22,8,sample_map,9,ESR2
DOCKSTRING-58,500,22,8,sample_map,13,HSP90AA1
DOCKSTRING-58,500,22,8,sample_map,20,PGR
DOCKSTRING-58,500,22,8,sample_map,31,LCK
DOCKSTRING-58,500,22,8,sample_map,38,ADORA2A
DOCKSTRING-58,500,22,8,sample_map,43,CYP3A4
DOCKSTRING-58,500,22,8,sample_map,57,KDR
DOCKSTRING-58,500,22,10,full_map,6,MAOB
DOCKSTRING-58,500,22,10,full_map,7,CASP3
DOCKSTRING-58,500,22,10,full_map,9,ESR2
DOCKSTRING-58,500,22,10,full_map,13,HSP90AA1
DOCKSTRING-58,500,22,10,full_map,17,NOS1
DOCKSTRING-58,500,22,10,full_map,20,PGR
DOCKSTRING-58,500,22,10,full_map,21,PTPN1
DOCKSTRING-58,500,22,10,full_map,31,LCK
DOCKSTRING-58,500,22,10,full_map,33,MMP13
DOCKSTRING-58,500,22,10,full_map,57,KDR
DOCKSTRING-58,500,22,10,sample_map,4,ADRB2
DOCKSTRING-58,500,22,10,sample_map,6,MAOB
DOCKSTRING-58,500,22,10,sample_map,7,CASP3
DOCKSTRING-58,500,22,10,sample_map,9,ESR2
DOCKSTRING-58,500,22,10,sample_map,13,HSP90AA1
DOCKSTRING-58,500,22,10,sample_map,17,NOS1
DOCKSTRING-58,500,22,10,sample_map,28,NR3C1
DOCKSTRING-58,500,22,10,sample_map,31,LCK
DOCKSTRING-58,500,22,10,sample_map,33,MMP13
DOCKSTRING-58,500,22,10,sample_map,57,KDR
DOCKSTRING-58,500,23,6,full_map,6,MAOB
DOCKSTRING-58,500,23,6,full_map,7,CASP3
DOCKSTRING-58,500,23,6,full_map,20,PGR
DOCKSTRING-58,500,23,6,full_map,21,PTPN1
DOCKSTRING-58,500,23,6,full_map,31,LCK
DOCKSTRING-58,500,23,6,full_map,57,KDR
DOCKSTRING-58,500,23,6,sample_map,7,CASP3
DOCKSTRING-58,500,23,6,sample_map,20,PGR
DOCKSTRING-58,500,23,6,sample_map,21,PTPN1
DOCKSTRING-58,500,23,6,sample_map,39,ACHE
DOCKSTRING-58,500,23,6,sample_map,43,CYP3A4
DOCKSTRING-58,500,23,6,sample_map,57,KDR
DOCKSTRING-58,500,23,8,full_map,6,MAOB
DOCKSTRING-58,500,23,8,full_map,7,CASP3
DOCKSTRING-58,500,23,8,full_map,9,ESR2
DOCKSTRING-58,500,23,8,full_map,13,HSP90AA1
DOCKSTRING-58,500,23,8,full_map,20,PGR
DOCKSTRING-58,500,23,8,full_map,21,PTPN1
DOCKSTRING-58,500,23,8,full_map,31,LCK
DOCKSTRING-58,500,23,8,full_map,57,KDR
DOCKSTRING-58,500,23,8,sample_map,7,CASP3
DOCKSTRING-58,500,23,8,sample_map,20,PGR
DOCKSTRING-58,500,23,8,sample_map,21,PTPN1
DOCKSTRING-58,500,23,8,sample_map,27,ESR1
DOCKSTRING-58,500,23,8,sample_map,33,MMP13
DOCKSTRING-58,500,23,8,sample_map,43,CYP3A4
DOCKSTRING-58,500,23,8,sample_map,52,MAPK14
DOCKSTRING-58,500,23,8,sample_map,57,KDR
DOCKSTRING-58,500,23,10,full_map,6,MAOB
DOCKSTRING-58,500,23,10,full_map,7,CASP3
DOCKSTRING-58,500,23,10,full_map,9,ESR2
DOCKSTRING-58,500,23,10,full_map,13,HSP90AA1
DOCKSTRING-58,500,23,10,full_map,17,NOS1
DOCKSTRING-58,500,23,10,full_map,20,PGR
DOCKSTRING-58,500,23,10,full_map,21,PTPN1
DOCKSTRING-58,500,23,10,full_map,31,LCK
DOCKSTRING-58,500,23,10,full_map,33,MMP13
DOCKSTRING-58,500,23,10,full_map,57,KDR
DOCKSTRING-58,500,23,10,sample_map,10,PTK2
DOCKSTRING-58,500,23,10,sample_map,13,HSP90AA1
DOCKSTRING-58,500,23,10,sample_map,20,PGR
DOCKSTRING-58,500,23,10,sample_map,21,PTPN1
DOCKSTRING-58,500,23,10,sample_map,27,ESR1
DOCKSTRING-58,500,23,10,sample_map,33,MMP13
DOCKSTRING-58,500,23,10,sample_map,40,BACE1
DOCKSTRING-58,500,23,10,sample_map,43,CYP3A4
DOCKSTRING-58,500,23,10,sample_map,52,MAPK14
DOCKSTRING-58,500,23,10,sample_map,57,KDR
DOCKSTRING-58,500,24,6,full_map,6,MAOB
DOCKSTRING-58,500,24,6,full_map,7,CASP3
DOCKSTRING-58,500,24,6,full_map,20,PGR
DOCKSTRING-58,500,24,6,full_map,21,PTPN1
DOCKSTRING-58,500,24,6,full_map,31,LCK
DOCKSTRING-58,500,24,6,full_map,57,KDR
DOCKSTRING-58,500,24,6,sample_map,5,AKT2
DOCKSTRING-58,500,24,6,sample_map,20,PGR
DOCKSTRING-58,500,24,6,sample_map,31,LCK
DOCKSTRING-58,500,24,6,sample_map,39,ACHE
DOCKSTRING-58,500,24,6,sample_map,43,CYP3A4
DOCKSTRING-58,500,24,6,sample_map,57,KDR
DOCKSTRING-58,500,24,8,full_map,6,MAOB
DOCKSTRING-58,500,24,8,full_map,7,CASP3
DOCKSTRING-58,500,24,8,full_map,9,ESR2
DOCKSTRING-58,500,24,8,full_map,13,HSP90AA1
DOCKSTRING-58,500,24,8,full_map,20,PGR
DOCKSTRING-58,500,24,8,full_map,21,PTPN1
DOCKSTRING-58,500,24,8,full_map,31,LCK
DOCKSTRING-58,500,24,8,full_map,57,KDR
DOCKSTRING-58,500,24,8,sample_map,5,AKT2
DOCKSTRING-58,500,24,8,sample_map,20,PGR
DOCKSTRING-58,500,24,8,sample_map,21,PTPN1
DOCKSTRING-58,500,24,8,sample_map,25,CDK2
DOCKSTRING-58,500,24,8,sample_map,31,LCK
DOCKSTRING-58,500,24,8,sample_map,39,ACHE
DOCKSTRING-58,500,24,8,sample_map,43,CYP3A4
DOCKSTRING-58,500,24,8,sample_map,57,KDR
DOCKSTRING-58,500,24,10,full_map,6,MAOB
DOCKSTRING-58,500,24,10,full_map,7,CASP3
DOCKSTRING-58,500,24,10,full_map,9,ESR2
DOCKSTRING-58,500,24,10,full_map,13,HSP90AA1
DOCKSTRING-58,500,24,10,full_map,17,NOS1
DOCKSTRING-58,500,24,10,full_map,20,PGR
DOCKSTRING-58,500,24,10,full_map,21,PTPN1
DOCKSTRING-58,500,24,10,full_map,31,LCK
DOCKSTRING-58,500,24,10,full_map,33,MMP13
DOCKSTRING-58,500,24,10,full_map,57,KDR
DOCKSTRING-58,500,24,10,sample_map,5,AKT2
DOCKSTRING-58,500,24,10,sample_map,20,PGR
DOCKSTRING-58,500,24,10,sample_map,21,PTPN1
DOCKSTRING-58,500,24,10,sample_map,25,CDK2
DOCKSTRING-58,500,24,10,sample_map,27,ESR1
DOCKSTRING-58,500,24,10,sample_map,31,LCK
DOCKSTRING-58,500,24,10,sample_map,33,MMP13
DOCKSTRING-58,500,24,10,sample_map,39,ACHE
DOCKSTRING-58,500,24,10,sample_map,43,CYP3A4
DOCKSTRING-58,500,24,10,sample_map,57,KDR
DOCKSTRING-58,500,25,6,full_map,6,MAOB
DOCKSTRING-58,500,25,6,full_map,7,CASP3
DOCKSTRING-58,500,25,6,full_map,20,PGR
DOCKSTRING-58,500,25,6,full_map,21,PTPN1
DOCKSTRING-58,500,25,6,full_map,31,LCK
DOCKSTRING-58,500,25,6,full_map,57,KDR
DOCKSTRING-58,500,25,6,sample_map,7,CASP3
DOCKSTRING-58,500,25,6,sample_map,11,FGFR1
DOCKSTRING-58,500,25,6,sample_map,20,PGR
DOCKSTRING-58,500,25,6,sample_map,28,NR3C1
DOCKSTRING-58,500,25,6,sample_map,31,LCK
DOCKSTRING-58,500,25,6,sample_map,43,CYP3A4
DOCKSTRING-58,500,25,8,full_map,6,MAOB
DOCKSTRING-58,500,25,8,full_map,7,CASP3
DOCKSTRING-58,500,25,8,full_map,9,ESR2
DOCKSTRING-58,500,25,8,full_map,13,HSP90AA1
DOCKSTRING-58,500,25,8,full_map,20,PGR
DOCKSTRING-58,500,25,8,full_map,21,PTPN1
DOCKSTRING-58,500,25,8,full_map,31,LCK
DOCKSTRING-58,500,25,8,full_map,57,KDR
DOCKSTRING-58,500,25,8,sample_map,7,CASP3
DOCKSTRING-58,500,25,8,sample_map,11,FGFR1
DOCKSTRING-58,500,25,8,sample_map,20,PGR
DOCKSTRING-58,500,25,8,sample_map,27,ESR1
DOCKSTRING-58,500,25,8,sample_map,28,NR3C1
DOCKSTRING-58,500,25,8,sample_map,43,CYP3A4
DOCKSTRING-58,500,25,8,sample_map,52,MAPK14
DOCKSTRING-58,500,25,8,sample_map,53,PLK1
DOCKSTRING-58,500,25,10,full_map,6,MAOB
DOCKSTRING-58,500,25,10,full_map,7,CASP3
DOCKSTRING-58,500,25,10,full_map,9,ESR2
DOCKSTRING-58,500,25,10,full_map,13,HSP90AA1
DOCKSTRING-58,500,25,10,full_map,17,NOS1
DOCKSTRING-58,500,25,10,full_map,20,PGR
DOCKSTRING-58,500,25,10,full_map,21,PTPN1
DOCKSTRING-58,500,25,10,full_map,31,LCK
DOCKSTRING-58,500,25,10,full_map,33,MMP13
DOCKSTRING-58,500,25,10,full_map,57,KDR
DOCKSTRING-58,500,25,10,sample_map,7,CASP3
DOCKSTRING-58,500,25,10,sample_map,11,FGFR1
DOCKSTRING-58,500,25,10,sample_map,13,HSP90AA1
DOCKSTRING-58,500,25,10,sample_map,17,NOS1
DOCKSTRING-58,500,25,10,sample_map,20,PGR
DOCKSTRING-58,500,25,10,sample_map,25,CDK2
DOCKSTRING-58,500,25,10,sample_map,27,ESR1
DOCKSTRING-58,500,25,10,sample_map,28,NR3C1
DOCKSTRING-58,500,25,10,sample_map,43,CYP3A4
DOCKSTRING-58,500,25,10,sample_map,52,MAPK14
DOCKSTRING-58,500,26,6,full_map,6,MAOB
DOCKSTRING-58,500,26,6,full_map,7,CASP3
DOCKSTRING-58,500,26,6,full_map,20,PGR
DOCKSTRING-58,500,26,6,full_map,21,PTPN1
DOCKSTRING-58,500,26,6,full_map,31,LCK
DOCKSTRING-58,500,26,6,full_map,57,KDR
DOCKSTRING-58,500,26,6,sample_map,4,ADRB2
DOCKSTRING-58,500,26,6,sample_map,6,MAOB
DOCKSTRING-58,500,26,6,sample_map,7,CASP3
DOCKSTRING-58,500,26,6,sample_map,27,ESR1
DOCKSTRING-58,500,26,6,sample_map,33,MMP13
DOCKSTRING-58,500,26,6,sample_map,57,KDR
DOCKSTRING-58,500,26,8,full_map,6,MAOB
DOCKSTRING-58,500,26,8,full_map,7,CASP3
DOCKSTRING-58,500,26,8,full_map,9,ESR2
DOCKSTRING-58,500,26,8,full_map,13,HSP90AA1
DOCKSTRING-58,500,26,8,full_map,20,PGR
DOCKSTRING-58,500,26,8,full_map,21,PTPN1
DOCKSTRING-58,500,26,8,full_map,31,LCK
DOCKSTRING-58,500,26,8,full_map,57,KDR
DOCKSTRING-58,500,26,8,sample_map,4,ADRB2
DOCKSTRING-58,500,26,8,sample_map,6,MAOB
DOCKSTRING-58,500,26,8,sample_map,7,CASP3
DOCKSTRING-58,500,26,8,sample_map,21,PTPN1
DOCKSTRING-58,500,26,8,sample_map,27,ESR1
DOCKSTRING-58,500,26,8,sample_map,33,MMP13
DOCKSTRING-58,500,26,8,sample_map,52,MAPK14
DOCKSTRING-58,500,26,8,sample_map,57,KDR
DOCKSTRING-58,500,26,10,full_map,6,MAOB
DOCKSTRING-58,500,26,10,full_map,7,CASP3
DOCKSTRING-58,500,26,10,full_map,9,ESR2
DOCKSTRING-58,500,26,10,full_map,13,HSP90AA1
DOCKSTRING-58,500,26,10,full_map,17,NOS1
DOCKSTRING-58,500,26,10,full_map,20,PGR
DOCKSTRING-58,500,26,10,full_map,21,PTPN1
DOCKSTRING-58,500,26,10,full_map,31,LCK
DOCKSTRING-58,500,26,10,full_map,33,MMP13
DOCKSTRING-58,500,26,10,full_map,57,KDR
DOCKSTRING-58,500,26,10,sample_map,4,ADRB2
DOCKSTRING-58,500,26,10,sample_map,6,MAOB
DOCKSTRING-58,500,26,10,sample_map,7,CASP3
DOCKSTRING-58,500,26,10,sample_map,9,ESR2
DOCKSTRING-58,500,26,10,sample_map,17,NOS1
DOCKSTRING-58,500,26,10,sample_map,21,PTPN1
DOCKSTRING-58,500,26,10,sample_map,30,JAK2
DOCKSTRING-58,500,26,10,sample_map,33,MMP13
DOCKSTRING-58,500,26,10,sample_map,52,MAPK14
DOCKSTRING-58,500,26,10,sample_map,57,KDR
DOCKSTRING-58,500,27,6,full_map,6,MAOB
DOCKSTRING-58,500,27,6,full_map,7,CASP3
DOCKSTRING-58,500,27,6,full_map,20,PGR
DOCKSTRING-58,500,27,6,full_map,21,PTPN1
DOCKSTRING-58,500,27,6,full_map,31,LCK
DOCKSTRING-58,500,27,6,full_map,57,KDR
DOCKSTRING-58,500,27,6,sample_map,6,MAOB
DOCKSTRING-58,500,27,6,sample_map,9,ESR2
DOCKSTRING-58,500,27,6,sample_map,12,HMGCR
DOCKSTRING-58,500,27,6,sample_map,20,PGR
DOCKSTRING-58,500,27,6,sample_map,31,LCK
DOCKSTRING-58,500,27,6,sample_map,57,KDR
DOCKSTRING-58,500,27,8,full_map,6,MAOB
DOCKSTRING-58,500,27,8,full_map,7,CASP3
DOCKSTRING-58,500,27,8,full_map,9,ESR2
DOCKSTRING-58,500,27,8,full_map,13,HSP90AA1
DOCKSTRING-58,500,27,8,full_map,20,PGR
DOCKSTRING-58,500,27,8,full_map,21,PTPN1
DOCKSTRING-58,500,27,8,full_map,31,LCK
DOCKSTRING-58,500,27,8,full_map,57,KDR
DOCKSTRING-58,500,27,8,sample_map,6,MAOB
DOCKSTRING-58,500,27,8,sample_map,7,CASP3
DOCKSTRING-58,500,27,8,sample_map,20,PGR
DOCKSTRING-58,500,27,8,sample_map,27,ESR1
DOCKSTRING-58,500,27,8,sample_map,31,LCK
DOCKSTRING-58,500,27,8,sample_map,33,MMP13
DOCKSTRING-58,500,27,8,sample_map,42,CYP2C9
DOCKSTRING-58,500,27,8,sample_map,57,KDR
DOCKSTRING-58,500,27,10,full_map,6,MAOB
DOCKSTRING-58,500,27,10,full_map,7,CASP3
DOCKSTRING-58,500,27,10,full_map,9,ESR2
DOCKSTRING-58,500,27,10,full_map,13,HSP90AA1
DOCKSTRING-58,500,27,10,full_map,17,NOS1
DOCKSTRING-58,500,27,10,full_map,20,PGR
DOCKSTRING-58,500,27,10,full_map,21,PTPN1
DOCKSTRING-58,500,27,10,full_map,31,LCK
DOCKSTRING-58,500,27,10,full_map,33,MMP13
DOCKSTRING-58,500,27,10,full_map,57,KDR
DOCKSTRING-58,500,27,10,sample_map,6,MAOB
DOCKSTRING-58,500,27,10,sample_map,7,CASP3
DOCKSTRING-58,500,27,10,sample_map,9,ESR2
DOCKSTRING-58,500,27,10,sample_map,13,HSP90AA1
DOCKSTRING-58,500,27,10,sample_map,20,PGR
DOCKSTRING-58,500,27,10,sample_map,21,PTPN1
DOCKSTRING-58,500,27,10,sample_map,23,AKT1
DOCKSTRING-58,500,27,10,sample_map,31,LCK
DOCKSTRING-58,500,27,10,sample_map,33,MMP13
DOCKSTRING-58,500,27,10,sample_map,57,KDR
DOCKSTRING-58,500,28,6,full_map,6,MAOB
DOCKSTRING-58,500,28,6,full_map,7,CASP3
DOCKSTRING-58,500,28,6,full_map,20,PGR
DOCKSTRING-58,500,28,6,full_map,21,PTPN1
DOCKSTRING-58,500,28,6,full_map,31,LCK
DOCKSTRING-58,500,28,6,full_map,57,KDR
DOCKSTRING-58,500,28,6,sample_map,6,MAOB
DOCKSTRING-58,500,28,6,sample_map,20,PGR
DOCKSTRING-58,500,28,6,sample_map,21,PTPN1
DOCKSTRING-58,500,28,6,sample_map,33,MMP13
DOCKSTRING-58,500,28,6,sample_map,40,BACE1
DOCKSTRING-58,500,28,6,sample_map,57,KDR
DOCKSTRING-58,500,28,8,full_map,6,MAOB
DOCKSTRING-58,500,28,8,full_map,7,CASP3
DOCKSTRING-58,500,28,8,full_map,9,ESR2
DOCKSTRING-58,500,28,8,full_map,13,HSP90AA1
DOCKSTRING-58,500,28,8,full_map,20,PGR
DOCKSTRING-58,500,28,8,full_map,21,PTPN1
DOCKSTRING-58,500,28,8,full_map,31,LCK
DOCKSTRING-58,500,28,8,full_map,57,KDR
DOCKSTRING-58,500,28,8,sample_map,6,MAOB
DOCKSTRING-58,500,28,8,sample_map,9,ESR2
DOCKSTRING-58,500,28,8,sample_map,20,PGR
DOCKSTRING-58,500,28,8,sample_map,21,PTPN1
DOCKSTRING-58,500,28,8,sample_map,33,MMP13
DOCKSTRING-58,500,28,8,sample_map,38,ADORA2A
DOCKSTRING-58,500,28,8,sample_map,40,BACE1
DOCKSTRING-58,500,28,8,sample_map,57,KDR
DOCKSTRING-58,500,28,10,full_map,6,MAOB
DOCKSTRING-58,500,28,10,full_map,7,CASP3
DOCKSTRING-58,500,28,10,full_map,9,ESR2
DOCKSTRING-58,500,28,10,full_map,13,HSP90AA1
DOCKSTRING-58,500,28,10,full_map,17,NOS1
DOCKSTRING-58,500,28,10,full_map,20,PGR
DOCKSTRING-58,500,28,10,full_map,21,PTPN1
DOCKSTRING-58,500,28,10,full_map,31,LCK
DOCKSTRING-58,500,28,10,full_map,33,MMP13
DOCKSTRING-58,500,28,10,full_map,57,KDR
DOCKSTRING-58,500,28,10,sample_map,6,MAOB
DOCKSTRING-58,500,28,10,sample_map,9,ESR2
DOCKSTRING-58,500,28,10,sample_map,20,PGR
DOCKSTRING-58,500,28,10,sample_map,21,PTPN1
DOCKSTRING-58,500,28,10,sample_map,26,CSF1R
DOCKSTRING-58,500,28,10,sample_map,33,MMP13
DOCKSTRING-58,500,28,10,sample_map,38,ADORA2A
DOCKSTRING-58,500,28,10,sample_map,40,BACE1
DOCKSTRING-58,500,28,10,sample_map,43,CYP3A4
DOCKSTRING-58,500,28,10,sample_map,57,KDR
DOCKSTRING-58,500,29,6,full_map,6,MAOB
DOCKSTRING-58,500,29,6,full_map,7,CASP3
DOCKSTRING-58,500,29,6,full_map,20,PGR
DOCKSTRING-58,500,29,6,full_map,21,PTPN1
DOCKSTRING-58,500,29,6,full_map,31,LCK
DOCKSTRING-58,500,29,6,full_map,57,KDR
DOCKSTRING-58,500,29,6,sample_map,6,MAOB
DOCKSTRING-58,500,29,6,sample_map,7,CASP3
DOCKSTRING-58,500,29,6,sample_map,20,PGR
DOCKSTRING-58,500,29,6,sample_map,21,PTPN1
DOCKSTRING-58,500,29,6,sample_map,39,ACHE
DOCKSTRING-58,500,29,6,sample_map,57,KDR
DOCKSTRING-58,500,29,8,full_map,6,MAOB
DOCKSTRING-58,500,29,8,full_map,7,CASP3
DOCKSTRING-58,500,29,8,full_map,9,ESR2
DOCKSTRING-58,500,29,8,full_map,13,HSP90AA1
DOCKSTRING-58,500,29,8,full_map,20,PGR
DOCKSTRING-58,500,29,8,full_map,21,PTPN1
DOCKSTRING-58,500,29,8,full_map,31,LCK
DOCKSTRING-58,500,29,8,full_map,57,KDR
DOCKSTRING-58,500,29,8,sample_map,1,ABL1
DOCKSTRING-58,500,29,8,sample_map,6,MAOB
DOCKSTRING-58,500,29,8,sample_map,7,CASP3
DOCKSTRING-58,500,29,8,sample_map,9,ESR2
DOCKSTRING-58,500,29,8,sample_map,20,PGR
DOCKSTRING-58,500,29,8,sample_map,21,PTPN1
DOCKSTRING-58,500,29,8,sample_map,39,ACHE
DOCKSTRING-58,500,29,8,sample_map,57,KDR
DOCKSTRING-58,500,29,10,full_map,6,MAOB
DOCKSTRING-58,500,29,10,full_map,7,CASP3
DOCKSTRING-58,500,29,10,full_map,9,ESR2
DOCKSTRING-58,500,29,10,full_map,13,HSP90AA1
DOCKSTRING-58,500,29,10,full_map,17,NOS1
DOCKSTRING-58,500,29,10,full_map,20,PGR
DOCKSTRING-58,500,29,10,full_map,21,PTPN1
DOCKSTRING-58,500,29,10,full_map,31,LCK
DOCKSTRING-58,500,29,10,full_map,33,MMP13
DOCKSTRING-58,500,29,10,full_map,57,KDR
DOCKSTRING-58,500,29,10,sample_map,1,ABL1
DOCKSTRING-58,500,29,10,sample_map,6,MAOB
DOCKSTRING-58,500,29,10,sample_map,7,CASP3
DOCKSTRING-58,500,29,10,sample_map,9,ESR2
DOCKSTRING-58,500,29,10,sample_map,13,HSP90AA1
DOCKSTRING-58,500,29,10,sample_map,14,KIT
DOCKSTRING-58,500,29,10,sample_map,20,PGR
DOCKSTRING-58,500,29,10,sample_map,21,PTPN1
DOCKSTRING-58,500,29,10,sample_map,31,LCK
DOCKSTRING-58,500,29,10,sample_map,57,KDR
DOCKSTRING-58,500,30,6,full_map,6,MAOB
DOCKSTRING-58,500,30,6,full_map,7,CASP3
DOCKSTRING-58,500,30,6,full_map,20,PGR
DOCKSTRING-58,500,30,6,full_map,21,PTPN1
DOCKSTRING-58,500,30,6,full_map,31,LCK
DOCKSTRING-58,500,30,6,full_map,57,KDR
DOCKSTRING-58,500,30,6,sample_map,7,CASP3
DOCKSTRING-58,500,30,6,sample_map,20,PGR
DOCKSTRING-58,500,30,6,sample_map,31,LCK
DOCKSTRING-58,500,30,6,sample_map,33,MMP13
DOCKSTRING-58,500,30,6,sample_map,38,ADORA2A
DOCKSTRING-58,500,30,6,sample_map,43,CYP3A4
DOCKSTRING-58,500,30,8,full_map,6,MAOB
DOCKSTRING-58,500,30,8,full_map,7,CASP3
DOCKSTRING-58,500,30,8,full_map,9,ESR2
DOCKSTRING-58,500,30,8,full_map,13,HSP90AA1
DOCKSTRING-58,500,30,8,full_map,20,PGR
DOCKSTRING-58,500,30,8,full_map,21,PTPN1
DOCKSTRING-58,500,30,8,full_map,31,LCK
DOCKSTRING-58,500,30,8,full_map,57,KDR
DOCKSTRING-58,500,30,8,sample_map,7,CASP3
DOCKSTRING-58,500,30,8,sample_map,20,PGR
DOCKSTRING-58,500,30,8,sample_map,27,ESR1
DOCKSTRING-58,500,30,8,sample_map,31,LCK
DOCKSTRING-58,500,30,8,sample_map,33,MMP13
DOCKSTRING-58,500,30,8,sample_map,38,ADORA2A
DOCKSTRING-58,500,30,8,sample_map,43,CYP3A4
DOCKSTRING-58,500,30,8,sample_map,57,KDR
DOCKSTRING-58,500,30,10,full_map,6,MAOB
DOCKSTRING-58,500,30,10,full_map,7,CASP3
DOCKSTRING-58,500,30,10,full_map,9,ESR2
DOCKSTRING-58,500,30,10,full_map,13,HSP90AA1
DOCKSTRING-58,500,30,10,full_map,17,NOS1
DOCKSTRING-58,500,30,10,full_map,20,PGR
DOCKSTRING-58,500,30,10,full_map,21,PTPN1
DOCKSTRING-58,500,30,10,full_map,31,LCK
DOCKSTRING-58,500,30,10,full_map,33,MMP13
DOCKSTRING-58,500,30,10,full_map,57,KDR
DOCKSTRING-58,500,30,10,sample_map,7,CASP3
DOCKSTRING-58,500,30,10,sample_map,13,HSP90AA1
DOCKSTRING-58,500,30,10,sample_map,20,PGR
DOCKSTRING-58,500,30,10,sample_map,21,PTPN1
DOCKSTRING-58,500,30,10,sample_map,27,ESR1
DOCKSTRING-58,500,30,10,sample_map,30,JAK2
DOCKSTRING-58,500,30,10,sample_map,31,LCK
DOCKSTRING-58,500,30,10,sample_map,33,MMP13
DOCKSTRING-58,500,30,10,sample_map,43,CYP3A4
DOCKSTRING-58,500,30,10,sample_map,57,KDR
DOCKSTRING-58,500,31,6,full_map,6,MAOB
DOCKSTRING-58,500,31,6,full_map,7,CASP3
DOCKSTRING-58,500,31,6,full_map,20,PGR
DOCKSTRING-58,500,31,6,full_map,21,PTPN1
DOCKSTRING-58,500,31,6,full_map,31,LCK
DOCKSTRING-58,500,31,6,full_map,57,KDR
DOCKSTRING-58,500,31,6,sample_map,6,MAOB
DOCKSTRING-58,500,31,6,sample_map,7,CASP3
DOCKSTRING-58,500,31,6,sample_map,20,PGR
DOCKSTRING-58,500,31,6,sample_map,31,LCK
DOCKSTRING-58,500,31,6,sample_map,53,PLK1
DOCKSTRING-58,500,31,6,sample_map,57,KDR
DOCKSTRING-58,500,31,8,full_map,6,MAOB
DOCKSTRING-58,500,31,8,full_map,7,CASP3
DOCKSTRING-58,500,31,8,full_map,9,ESR2
DOCKSTRING-58,500,31,8,full_map,13,HSP90AA1
DOCKSTRING-58,500,31,8,full_map,20,PGR
DOCKSTRING-58,500,31,8,full_map,21,PTPN1
DOCKSTRING-58,500,31,8,full_map,31,LCK
DOCKSTRING-58,500,31,8,full_map,57,KDR
DOCKSTRING-58,500,31,8,sample_map,6,MAOB
DOCKSTRING-58,500,31,8,sample_map,7,CASP3
DOCKSTRING-58,500,31,8,sample_map,20,PGR
DOCKSTRING-58,500,31,8,sample_map,21,PTPN1
DOCKSTRING-58,500,31,8,sample_map,27,ESR1
DOCKSTRING-58,500,31,8,sample_map,31,LCK
DOCKSTRING-58,500,31,8,sample_map,53,PLK1
DOCKSTRING-58,500,31,8,sample_map,57,KDR
DOCKSTRING-58,500,31,10,full_map,6,MAOB
DOCKSTRING-58,500,31,10,full_map,7,CASP3
DOCKSTRING-58,500,31,10,full_map,9,ESR2
DOCKSTRING-58,500,31,10,full_map,13,HSP90AA1
DOCKSTRING-58,500,31,10,full_map,17,NOS1
DOCKSTRING-58,500,31,10,full_map,20,PGR
DOCKSTRING-58,500,31,10,full_map,21,PTPN1
DOCKSTRING-58,500,31,10,full_map,31,LCK
DOCKSTRING-58,500,31,10,full_map,33,MMP13
DOCKSTRING-58,500,31,10,full_map,57,KDR
DOCKSTRING-58,500,31,10,sample_map,6,MAOB
DOCKSTRING-58,500,31,10,sample_map,7,CASP3
DOCKSTRING-58,500,31,10,sample_map,17,NOS1
DOCKSTRING-58,500,31,10,sample_map,20,PGR
DOCKSTRING-58,500,31,10,sample_map,21,PTPN1
DOCKSTRING-58,500,31,10,sample_map,25,CDK2
DOCKSTRING-58,500,31,10,sample_map,27,ESR1
DOCKSTRING-58,500,31,10,sample_map,31,LCK
DOCKSTRING-58,500,31,10,sample_map,53,PLK1
DOCKSTRING-58,500,31,10,sample_map,57,KDR
DOCKSTRING-58,500,32,6,full_map,6,MAOB
DOCKSTRING-58,500,32,6,full_map,7,CASP3
DOCKSTRING-58,500,32,6,full_map,20,PGR
DOCKSTRING-58,500,32,6,full_map,21,PTPN1
DOCKSTRING-58,500,32,6,full_map,31,LCK
DOCKSTRING-58,500,32,6,full_map,57,KDR
DOCKSTRING-58,500,32,6,sample_map,7,CASP3
DOCKSTRING-58,500,32,6,sample_map,14,KIT
DOCKSTRING-58,500,32,6,sample_map,20,PGR
DOCKSTRING-58,500,32,6,sample_map,31,LCK
DOCKSTRING-58,500,32,6,sample_map,43,CYP3A4
DOCKSTRING-58,500,32,6,sample_map,57,KDR
DOCKSTRING-58,500,32,8,full_map,6,MAOB
DOCKSTRING-58,500,32,8,full_map,7,CASP3
DOCKSTRING-58,500,32,8,full_map,9,ESR2
DOCKSTRING-58,500,32,8,full_map,13,HSP90AA1
DOCKSTRING-58,500,32,8,full_map,20,PGR
DOCKSTRING-58,500,32,8,full_map,21,PTPN1
DOCKSTRING-58,500,32,8,full_map,31,LCK
DOCKSTRING-58,500,32,8,full_map,57,KDR
DOCKSTRING-58,500,32,8,sample_map,7,CASP3
DOCKSTRING-58,500,32,8,sample_map,14,KIT
DOCKSTRING-58,500,32,8,sample_map,20,PGR
DOCKSTRING-58,500,32,8,sample_map,25,CDK2
DOCKSTRING-58,500,32,8,sample_map,27,ESR1
DOCKSTRING-58,500,32,8,sample_map,31,LCK
DOCKSTRING-58,500,32,8,sample_map,43,CYP3A4
DOCKSTRING-58,500,32,8,sample_map,57,KDR
DOCKSTRING-58,500,32,10,full_map,6,MAOB
DOCKSTRING-58,500,32,10,full_map,7,CASP3
DOCKSTRING-58,500,32,10,full_map,9,ESR2
DOCKSTRING-58,500,32,10,full_map,13,HSP90AA1
DOCKSTRING-58,500,32,10,full_map,17,NOS1
DOCKSTRING-58,500,32,10,full_map,20,PGR
DOCKSTRING-58,500,32,10,full_map,21,PTPN1
DOCKSTRING-58,500,32,10,full_map,31,LCK
DOCKSTRING-58,500,32,10,full_map,33,MMP13
DOCKSTRING-58,500,32,10,full_map,57,KDR
DOCKSTRING-58,500,32,10,sample_map,2,ADAM17
DOCKSTRING-58,500,32,10,sample_map,7,CASP3
DOCKSTRING-58,500,32,10,sample_map,13,HSP90AA1
DOCKSTRING-58,500,32,10,sample_map,14,KIT
DOCKSTRING-58,500,32,10,sample_map,20,PGR
DOCKSTRING-58,500,32,10,sample_map,25,CDK2
DOCKSTRING-58,500,32,10,sample_map,27,ESR1
DOCKSTRING-58,500,32,10,sample_map,31,LCK
DOCKSTRING-58,500,32,10,sample_map,43,CYP3A4
DOCKSTRING-58,500,32,10,sample_map,57,KDR
DOCKSTRING-58,500,33,6,full_map,6,MAOB
DOCKSTRING-58,500,33,6,full_map,7,CASP3
DOCKSTRING-58,500,33,6,full_map,20,PGR
DOCKSTRING-58,500,33,6,full_map,21,PTPN1
DOCKSTRING-58,500,33,6,full_map,31,LCK
DOCKSTRING-58,500,33,6,full_map,57,KDR
DOCKSTRING-58,500,33,6,sample_map,6,MAOB
DOCKSTRING-58,500,33,6,sample_map,11,FGFR1
DOCKSTRING-58,500,33,6,sample_map,20,PGR
DOCKSTRING-58,500,33,6,sample_map,40,BACE1
DOCKSTRING-58,500,33,6,sample_map,52,MAPK14
DOCKSTRING-58,500,33,6,sample_map,57,KDR
DOCKSTRING-58,500,33,8,full_map,6,MAOB
DOCKSTRING-58,500,33,8,full_map,7,CASP3
DOCKSTRING-58,500,33,8,full_map,9,ESR2
DOCKSTRING-58,500,33,8,full_map,13,HSP90AA1
DOCKSTRING-58,500,33,8,full_map,20,PGR
DOCKSTRING-58,500,33,8,full_map,21,PTPN1
DOCKSTRING-58,500,33,8,full_map,31,LCK
DOCKSTRING-58,500,33,8,full_map,57,KDR
DOCKSTRING-58,500,33,8,sample_map,6,MAOB
DOCKSTRING-58,500,33,8,sample_map,11,FGFR1
DOCKSTRING-58,500,33,8,sample_map,13,HSP90AA1
DOCKSTRING-58,500,33,8,sample_map,17,NOS1
DOCKSTRING-58,500,33,8,sample_map,20,PGR
DOCKSTRING-58,500,33,8,sample_map,40,BACE1
DOCKSTRING-58,500,33,8,sample_map,52,MAPK14
DOCKSTRING-58,500,33,8,sample_map,57,KDR
DOCKSTRING-58,500,33,10,full_map,6,MAOB
DOCKSTRING-58,500,33,10,full_map,7,CASP3
DOCKSTRING-58,500,33,10,full_map,9,ESR2
DOCKSTRING-58,500,33,10,full_map,13,HSP90AA1
DOCKSTRING-58,500,33,10,full_map,17,NOS1
DOCKSTRING-58,500,33,10,full_map,20,PGR
DOCKSTRING-58,500,33,10,full_map,21,PTPN1
DOCKSTRING-58,500,33,10,full_map,31,LCK
DOCKSTRING-58,500,33,10,full_map,33,MMP13
DOCKSTRING-58,500,33,10,full_map,57,KDR
DOCKSTRING-58,500,33,10,sample_map,6,MAOB
DOCKSTRING-58,500,33,10,sample_map,11,FGFR1
DOCKSTRING-58,500,33,10,sample_map,13,HSP90AA1
DOCKSTRING-58,500,33,10,sample_map,17,NOS1
DOCKSTRING-58,500,33,10,sample_map,20,PGR
DOCKSTRING-58,500,33,10,sample_map,21,PTPN1
DOCKSTRING-58,500,33,10,sample_map,40,BACE1
DOCKSTRING-58,500,33,10,sample_map,51,MAPK1
DOCKSTRING-58,500,33,10,sample_map,52,MAPK14
DOCKSTRING-58,500,33,10,sample_map,57,KDR
DOCKSTRING-58,500,34,6,full_map,6,MAOB
DOCKSTRING-58,500,34,6,full_map,7,CASP3
DOCKSTRING-58,500,34,6,full_map,20,PGR
DOCKSTRING-58,500,34,6,full_map,21,PTPN1
DOCKSTRING-58,500,34,6,full_map,31,LCK
DOCKSTRING-58,500,34,6,full_map,57,KDR
DOCKSTRING-58,500,34,6,sample_map,6,MAOB
DOCKSTRING-58,500,34,6,sample_map,7,CASP3
DOCKSTRING-58,500,34,6,sample_map,20,PGR
DOCKSTRING-58,500,34,6,sample_map,28,NR3C1
DOCKSTRING-58,500,34,6,sample_map,52,MAPK14
DOCKSTRING-58,500,34,6,sample_map,57,KDR
DOCKSTRING-58,500,34,8,full_map,6,MAOB
DOCKSTRING-58,500,34,8,full_map,7,CASP3
DOCKSTRING-58,500,34,8,full_map,9,ESR2
DOCKSTRING-58,500,34,8,full_map,13,HSP90AA1
DOCKSTRING-58,500,34,8,full_map,20,PGR
DOCKSTRING-58,500,34,8,full_map,21,PTPN1
DOCKSTRING-58,500,34,8,full_map,31,LCK
DOCKSTRING-58,500,34,8,full_map,57,KDR
DOCKSTRING-58,500,34,8,sample_map,6,MAOB
DOCKSTRING-58,500,34,8,sample_map,7,CASP3
DOCKSTRING-58,500,34,8,sample_map,13,HSP90AA1
DOCKSTRING-58,500,34,8,sample_map,17,NOS1
DOCKSTRING-58,500,34,8,sample_map,20,PGR
DOCKSTRING-58,500,34,8,sample_map,28,NR3C1
DOCKSTRING-58,500,34,8,sample_map,52,MAPK14
DOCKSTRING-58,500,34,8,sample_map,57,KDR
DOCKSTRING-58,500,34,10,full_map,6,MAOB
DOCKSTRING-58,500,34,10,full_map,7,CASP3
DOCKSTRING-58,500,34,10,full_map,9,ESR2
DOCKSTRING-58,500,34,10,full_map,13,HSP90AA1
DOCKSTRING-58,500,34,10,full_map,17,NOS1
DOCKSTRING-58,500,34,10,full_map,20,PGR
DOCKSTRING-58,500,34,10,full_map,21,PTPN1
DOCKSTRING-58,500,34,10,full_map,31,LCK
DOCKSTRING-58,500,34,10,full_map,33,MMP13
DOCKSTRING-58,500,34,10,full_map,57,KDR
DOCKSTRING-58,500,34,10,sample_map,6,MAOB
DOCKSTRING-58,500,34,10,sample_map,7,CASP3
DOCKSTRING-58,500,34,10,sample_map,9,ESR2
DOCKSTRING-58,500,34,10,sample_map,13,HSP90AA1
DOCKSTRING-58,500,34,10,sample_map,17,NOS1
DOCKSTRING-58,500,34,10,sample_map,24,AR
DOCKSTRING-58,500,34,10,sample_map,28,NR3C1
DOCKSTRING-58,500,34,10,sample_map,31,LCK
DOCKSTRING-58,500,34,10,sample_map,52,MAPK14
DOCKSTRING-58,500,34,10,sample_map,57,KDR
DOCKSTRING-58,500,35,6,full_map,6,MAOB
DOCKSTRING-58,500,35,6,full_map,7,CASP3
DOCKSTRING-58,500,35,6,full_map,20,PGR
DOCKSTRING-58,500,35,6,full_map,21,PTPN1
DOCKSTRING-58,500,35,6,full_map,31,LCK
DOCKSTRING-58,500,35,6,full_map,57,KDR
DOCKSTRING-58,500,35,6,sample_map,7,CASP3
DOCKSTRING-58,500,35,6,sample_map,8,DHFR
DOCKSTRING-58,500,35,6,sample_map,20,PGR
DOCKSTRING-58,500,35,6,sample_map,30,JAK2
DOCKSTRING-58,500,35,6,sample_map,39,ACHE
DOCKSTRING-58,500,35,6,sample_map,43,CYP3A4
DOCKSTRING-58,500,35,8,full_map,6,MAOB
DOCKSTRING-58,500,35,8,full_map,7,CASP3
DOCKSTRING-58,500,35,8,full_map,9,ESR2
DOCKSTRING-58,500,35,8,full_map,13,HSP90AA1
DOCKSTRING-58,500,35,8,full_map,20,PGR
DOCKSTRING-58,500,35,8,full_map,21,PTPN1
DOCKSTRING-58,500,35,8,full_map,31,LCK
DOCKSTRING-58,500,35,8,full_map,57,KDR
DOCKSTRING-58,500,35,8,sample_map,7,CASP3
DOCKSTRING-58,500,35,8,sample_map,8,DHFR
DOCKSTRING-58,500,35,8,sample_map,13,HSP90AA1
DOCKSTRING-58,500,35,8,sample_map,20,PGR
DOCKSTRING-58,500,35,8,sample_map,30,JAK2
DOCKSTRING-58,500,35,8,sample_map,43,CYP3A4
DOCKSTRING-58,500,35,8,sample_map,52,MAPK14
DOCKSTRING-58,500,35,8,sample_map,57,KDR
DOCKSTRING-58,500,35,10,full_map,6,MAOB
DOCKSTRING-58,500,35,10,full_map,7,CASP3
DOCKSTRING-58,500,35,10,full_map,9,ESR2
DOCKSTRING-58,500,35,10,full_map,13,HSP90AA1
DOCKSTRING-58,500,35,10,full_map,17,NOS1
DOCKSTRING-58,500,35,10,full_map,20,PGR
DOCKSTRING-58,500,35,10,full_map,21,PTPN1
DOCKSTRING-58,500,35,10,full_map,31,LCK
DOCKSTRING-58,500,35,10,full_map,33,MMP13
DOCKSTRING-58,500,35,10,full_map,57,KDR
DOCKSTRING-58,500,35,10,sample_map,7,CASP3
DOCKSTRING-58,500,35,10,sample_map,8,DHFR
DOCKSTRING-58,500,35,10,sample_map,13,HSP90AA1
DOCKSTRING-58,500,35,10,sample_map,17,NOS1
DOCKSTRING-58,500,35,10,sample_map,20,PGR
DOCKSTRING-58,500,35,10,sample_map,21,PTPN1
DOCKSTRING-58,500,35,10,sample_map,30,JAK2
DOCKSTRING-58,500,35,10,sample_map,43,CYP3A4
DOCKSTRING-58,500,35,10,sample_map,52,MAPK14
DOCKSTRING-58,500,35,10,sample_map,57,KDR
DOCKSTRING-58,500,36,6,full_map,6,MAOB
DOCKSTRING-58,500,36,6,full_map,7,CASP3
DOCKSTRING-58,500,36,6,full_map,20,PGR
DOCKSTRING-58,500,36,6,full_map,21,PTPN1
DOCKSTRING-58,500,36,6,full_map,31,LCK
DOCKSTRING-58,500,36,6,full_map,57,KDR
DOCKSTRING-58,500,36,6,sample_map,6,MAOB
DOCKSTRING-58,500,36,6,sample_map,7,CASP3
DOCKSTRING-58,500,36,6,sample_map,14,KIT
DOCKSTRING-58,500,36,6,sample_map,20,PGR
DOCKSTRING-58,500,36,6,sample_map,52,MAPK14
DOCKSTRING-58,500,36,6,sample_map,57,KDR
DOCKSTRING-58,500,36,8,full_map,6,MAOB
DOCKSTRING-58,500,36,8,full_map,7,CASP3
DOCKSTRING-58,500,36,8,full_map,9,ESR2
DOCKSTRING-58,500,36,8,full_map,13,HSP90AA1
DOCKSTRING-58,500,36,8,full_map,20,PGR
DOCKSTRING-58,500,36,8,full_map,21,PTPN1
DOCKSTRING-58,500,36,8,full_map,31,LCK
DOCKSTRING-58,500,36,8,full_map,57,KDR
DOCKSTRING-58,500,36,8,sample_map,6,MAOB
DOCKSTRING-58,500,36,8,sample_map,7,CASP3
DOCKSTRING-58,500,36,8,sample_map,9,ESR2
DOCKSTRING-58,500,36,8,sample_map,13,HSP90AA1
DOCKSTRING-58,500,36,8,sample_map,14,KIT
DOCKSTRING-58,500,36,8,sample_map,20,PGR
DOCKSTRING-58,500,36,8,sample_map,52,MAPK14
DOCKSTRING-58,500,36,8,sample_map,57,KDR
DOCKSTRING-58,500,36,10,full_map,6,MAOB
DOCKSTRING-58,500,36,10,full_map,7,CASP3
DOCKSTRING-58,500,36,10,full_map,9,ESR2
DOCKSTRING-58,500,36,10,full_map,13,HSP90AA1
DOCKSTRING-58,500,36,10,full_map,17,NOS1
DOCKSTRING-58,500,36,10,full_map,20,PGR
DOCKSTRING-58,500,36,10,full_map,21,PTPN1
DOCKSTRING-58,500,36,10,full_map,31,LCK
DOCKSTRING-58,500,36,10,full_map,33,MMP13
DOCKSTRING-58,500,36,10,full_map,57,KDR
DOCKSTRING-58,500,36,10,sample_map,6,MAOB
DOCKSTRING-58,500,36,10,sample_map,7,CASP3
DOCKSTRING-58,500,36,10,sample_map,9,ESR2
DOCKSTRING-58,500,36,10,sample_map,13,HSP90AA1
DOCKSTRING-58,500,36,10,sample_map,14,KIT
DOCKSTRING-58,500,36,10,sample_map,17,NOS1
DOCKSTRING-58,500,36,10,sample_map,20,PGR
DOCKSTRING-58,500,36,10,sample_map,38,ADORA2A
DOCKSTRING-58,500,36,10,sample_map,52,MAPK14
DOCKSTRING-58,500,36,10,sample_map,57,KDR
DOCKSTRING-58,500,37,6,full_map,6,MAOB
DOCKSTRING-58,500,37,6,full_map,7,CASP3
DOCKSTRING-58,500,37,6,full_map,20,PGR
DOCKSTRING-58,500,37,6,full_map,21,PTPN1
DOCKSTRING-58,500,37,6,full_map,31,LCK
DOCKSTRING-58,500,37,6,full_map,57,KDR
DOCKSTRING-58,500,37,6,sample_map,20,PGR
DOCKSTRING-58,500,37,6,sample_map,27,ESR1
DOCKSTRING-58,500,37,6,sample_map,30,JAK2
DOCKSTRING-58,500,37,6,sample_map,40,BACE1
DOCKSTRING-58,500,37,6,sample_map,43,CYP3A4
DOCKSTRING-58,500,37,6,sample_map,57,KDR
DOCKSTRING-58,500,37,8,full_map,6,MAOB
DOCKSTRING-58,500,37,8,full_map,7,CASP3
DOCKSTRING-58,500,37,8,full_map,9,ESR2
DOCKSTRING-58,500,37,8,full_map,13,HSP90AA1
DOCKSTRING-58,500,37,8,full_map,20,PGR
DOCKSTRING-58,500,37,8,full_map,21,PTPN1
DOCKSTRING-58,500,37,8,full_map,31,LCK
DOCKSTRING-58,500,37,8,full_map,57,KDR
DOCKSTRING-58,500,37,8,sample_map,17,NOS1
DOCKSTRING-58,500,37,8,sample_map,20,PGR
DOCKSTRING-58,500,37,8,sample_map,21,PTPN1
DOCKSTRING-58,500,37,8,sample_map,27,ESR1
DOCKSTRING-58,500,37,8,sample_map,30,JAK2
DOCKSTRING-58,500,37,8,sample_map,40,BACE1
DOCKSTRING-58,500,37,8,sample_map,43,CYP3A4
DOCKSTRING-58,500,37,8,sample_map,57,KDR
DOCKSTRING-58,500,37,10,full_map,6,MAOB
DOCKSTRING-58,500,37,10,full_map,7,CASP3
DOCKSTRING-58,500,37,10,full_map,9,ESR2
DOCKSTRING-58,500,37,10,full_map,13,HSP90AA1
DOCKSTRING-58,500,37,10,full_map,17,NOS1
DOCKSTRING-58,500,37,10,full_map,20,PGR
DOCKSTRING-58,500,37,10,full_map,21,PTPN1
DOCKSTRING-58,500,37,10,full_map,31,LCK
DOCKSTRING-58,500,37,10,full_map,33,MMP13
DOCKSTRING-58,500,37,10,full_map,57,KDR
DOCKSTRING-58,500,37,10,sample_map,10,PTK2
DOCKSTRING-58,500,37,10,sample_map,17,NOS1
DOCKSTRING-58,500,37,10,sample_map,20,PGR
DOCKSTRING-58,500,37,10,sample_map,21,PTPN1
DOCKSTRING-58,500,37,10,sample_map,27,ESR1
DOCKSTRING-58,500,37,10,sample_map,30,JAK2
DOCKSTRING-58,500,37,10,sample_map,33,MMP13
DOCKSTRING-58,500,37,10,sample_map,40,BACE1
DOCKSTRING-58,500,37,10,sample_map,43,CYP3A4
DOCKSTRING-58,500,37,10,sample_map,57,KDR
DOCKSTRING-58,500,38,6,full_map,6,MAOB
DOCKSTRING-58,500,38,6,full_map,7,CASP3
DOCKSTRING-58,500,38,6,full_map,20,PGR
DOCKSTRING-58,500,38,6,full_map,21,PTPN1
DOCKSTRING-58,500,38,6,full_map,31,LCK
DOCKSTRING-58,500,38,6,full_map,57,KDR
DOCKSTRING-58,500,38,6,sample_map,20,PGR
DOCKSTRING-58,500,38,6,sample_map,31,LCK
DOCKSTRING-58,500,38,6,sample_map,39,ACHE
DOCKSTRING-58,500,38,6,sample_map,43,CYP3A4
DOCKSTRING-58,500,38,6,sample_map,55,THRB
DOCKSTRING-58,500,38,6,sample_map,57,KDR
DOCKSTRING-58,500,38,8,full_map,6,MAOB
DOCKSTRING-58,500,38,8,full_map,7,CASP3
DOCKSTRING-58,500,38,8,full_map,9,ESR2
DOCKSTRING-58,500,38,8,full_map,13,HSP90AA1
DOCKSTRING-58,500,38,8,full_map,20,PGR
DOCKSTRING-58,500,38,8,full_map,21,PTPN1
DOCKSTRING-58,500,38,8,full_map,31,LCK
DOCKSTRING-58,500,38,8,full_map,57,KDR
DOCKSTRING-58,500,38,8,sample_map,7,CASP3
DOCKSTRING-58,500,38,8,sample_map,9,ESR2
DOCKSTRING-58,500,38,8,sample_map,20,PGR
DOCKSTRING-58,500,38,8,sample_map,30,JAK2
DOCKSTRING-58,500,38,8,sample_map,31,LCK
DOCKSTRING-58,500,38,8,sample_map,33,MMP13
DOCKSTRING-58,500,38,8,sample_map,43,CYP3A4
DOCKSTRING-58,500,38,8,sample_map,55,THRB
DOCKSTRING-58,500,38,10,full_map,6,MAOB
DOCKSTRING-58,500,38,10,full_map,7,CASP3
DOCKSTRING-58,500,38,10,full_map,9,ESR2
DOCKSTRING-58,500,38,10,full_map,13,HSP90AA1
DOCKSTRING-58,500,38,10,full_map,17,NOS1
DOCKSTRING-58,500,38,10,full_map,20,PGR
DOCKSTRING-58,500,38,10,full_map,21,PTPN1
DOCKSTRING-58,500,38,10,full_map,31,LCK
DOCKSTRING-58,500,38,10,full_map,33,MMP13
DOCKSTRING-58,500,38,10,full_map,57,KDR
DOCKSTRING-58,500,38,10,sample_map,7,CASP3
DOCKSTRING-58,500,38,10,sample_map,9,ESR2
DOCKSTRING-58,500,38,10,sample_map,10,PTK2
DOCKSTRING-58,500,38,10,sample_map,20,PGR
DOCKSTRING-58,500,38,10,sample_map,21,PTPN1
DOCKSTRING-58,500,38,10,sample_map,30,JAK2
DOCKSTRING-58,500,38,10,sample_map,31,LCK
DOCKSTRING-58,500,38,10,sample_map,33,MMP13
DOCKSTRING-58,500,38,10,sample_map,43,CYP3A4
DOCKSTRING-58,500,38,10,sample_map,55,THRB
DOCKSTRING-58,500,39,6,full_map,6,MAOB
DOCKSTRING-58,500,39,6,full_map,7,CASP3
DOCKSTRING-58,500,39,6,full_map,20,PGR
DOCKSTRING-58,500,39,6,full_map,21,PTPN1
DOCKSTRING-58,500,39,6,full_map,31,LCK
DOCKSTRING-58,500,39,6,full_map,57,KDR
DOCKSTRING-58,500,39,6,sample_map,13,HSP90AA1
DOCKSTRING-58,500,39,6,sample_map,20,PGR
DOCKSTRING-58,500,39,6,sample_map,25,CDK2
DOCKSTRING-58,500,39,6,sample_map,31,LCK
DOCKSTRING-58,500,39,6,sample_map,33,MMP13
DOCKSTRING-58,500,39,6,sample_map,43,CYP3A4
DOCKSTRING-58,500,39,8,full_map,6,MAOB
DOCKSTRING-58,500,39,8,full_map,7,CASP3
DOCKSTRING-58,500,39,8,full_map,9,ESR2
DOCKSTRING-58,500,39,8,full_map,13,HSP90AA1
DOCKSTRING-58,500,39,8,full_map,20,PGR
DOCKSTRING-58,500,39,8,full_map,21,PTPN1
DOCKSTRING-58,500,39,8,full_map,31,LCK
DOCKSTRING-58,500,39,8,full_map,57,KDR
DOCKSTRING-58,500,39,8,sample_map,13,HSP90AA1
DOCKSTRING-58,500,39,8,sample_map,20,PGR
DOCKSTRING-58,500,39,8,sample_map,21,PTPN1
DOCKSTRING-58,500,39,8,sample_map,25,CDK2
DOCKSTRING-58,500,39,8,sample_map,27,ESR1
DOCKSTRING-58,500,39,8,sample_map,31,LCK
DOCKSTRING-58,500,39,8,sample_map,33,MMP13
DOCKSTRING-58,500,39,8,sample_map,43,CYP3A4
DOCKSTRING-58,500,39,10,full_map,6,MAOB
DOCKSTRING-58,500,39,10,full_map,7,CASP3
DOCKSTRING-58,500,39,10,full_map,9,ESR2
DOCKSTRING-58,500,39,10,full_map,13,HSP90AA1
DOCKSTRING-58,500,39,10,full_map,17,NOS1
DOCKSTRING-58,500,39,10,full_map,20,PGR
DOCKSTRING-58,500,39,10,full_map,21,PTPN1
DOCKSTRING-58,500,39,10,full_map,31,LCK
DOCKSTRING-58,500,39,10,full_map,33,MMP13
DOCKSTRING-58,500,39,10,full_map,57,KDR
DOCKSTRING-58,500,39,10,sample_map,2,ADAM17
DOCKSTRING-58,500,39,10,sample_map,11,FGFR1
DOCKSTRING-58,500,39,10,sample_map,13,HSP90AA1
DOCKSTRING-58,500,39,10,sample_map,17,NOS1
DOCKSTRING-58,500,39,10,sample_map,20,PGR
DOCKSTRING-58,500,39,10,sample_map,25,CDK2
DOCKSTRING-58,500,39,10,sample_map,27,ESR1
DOCKSTRING-58,500,39,10,sample_map,31,LCK
DOCKSTRING-58,500,39,10,sample_map,36,PPARG
DOCKSTRING-58,500,39,10,sample_map,43,CYP3A4
DOCKSTRING-58,500,40,6,full_map,6,MAOB
DOCKSTRING-58,500,40,6,full_map,7,CASP3
DOCKSTRING-58,500,40,6,full_map,20,PGR
DOCKSTRING-58,500,40,6,full_map,21,PTPN1
DOCKSTRING-58,500,40,6,full_map,31,LCK
DOCKSTRING-58,500,40,6,full_map,57,KDR
DOCKSTRING-58,500,40,6,sample_map,7,CASP3
DOCKSTRING-58,500,40,6,sample_map,20,PGR
DOCKSTRING-58,500,40,6,sample_map,28,NR3C1
DOCKSTRING-58,500,40,6,sample_map,39,ACHE
DOCKSTRING-58,500,40,6,sample_map,43,CYP3A4
DOCKSTRING-58,500,40,6,sample_map,57,KDR
DOCKSTRING-58,500,40,8,full_map,6,MAOB
DOCKSTRING-58,500,40,8,full_map,7,CASP3
DOCKSTRING-58,500,40,8,full_map,9,ESR2
DOCKSTRING-58,500,40,8,full_map,13,HSP90AA1
DOCKSTRING-58,500,40,8,full_map,20,PGR
DOCKSTRING-58,500,40,8,full_map,21,PTPN1
DOCKSTRING-58,500,40,8,full_map,31,LCK
DOCKSTRING-58,500,40,8,full_map,57,KDR
DOCKSTRING-58,500,40,8,sample_map,7,CASP3
DOCKSTRING-58,500,40,8,sample_map,13,HSP90AA1
DOCKSTRING-58,500,40,8,sample_map,20,PGR
DOCKSTRING-58,500,40,8,sample_map,21,PTPN1
DOCKSTRING-58,500,40,8,sample_map,39,ACHE
DOCKSTRING-58,500,40,8,sample_map,43,CYP3A4
DOCKSTRING-58,500,40,8,sample_map,55,THRB
DOCKSTRING-58,500,40,8,sample_map,57,KDR
DOCKSTRING-58,500,40,10,full_map,6,MAOB
DOCKSTRING-58,500,40,10,full_map,7,CASP3
DOCKSTRING-58,500,40,10,full_map,9,ESR2
DOCKSTRING-58,500,40,10,full_map,13,HSP90AA1
DOCKSTRING-58,500,40,10,full_map,17,NOS1
DOCKSTRING-58,500,40,10,full_map,20,PGR
DOCKSTRING-58,500,40,10,full_map,21,PTPN1
DOCKSTRING-58,500,40,10,full_map,31,LCK
DOCKSTRING-58,500,40,10,full_map,33,MMP13
DOCKSTRING-58,500,40,10,full_map,57,KDR
DOCKSTRING-58,500,40,10,sample_map,7,CASP3
DOCKSTRING-58,500,40,10,sample_map,13,HSP90AA1
DOCKSTRING-58,500,40,10,sample_map,17,NOS1
DOCKSTRING-58,500,40,10,sample_map,20,PGR
DOCKSTRING-58,500,40,10,sample_map,21,PTPN1
DOCKSTRING-58,500,40,10,sample_map,27,ESR1
DOCKSTRING-58,500,40,10,sample_map,39,ACHE
DOCKSTRING-58,500,40,10,sample_map,43,CYP3A4
DOCKSTRING-58,500,40,10,sample_map,55,THRB
DOCKSTRING-58,500,40,10,sample_map,57,KDR
DOCKSTRING-58,500,41,6,full_map,6,MAOB
DOCKSTRING-58,500,41,6,full_map,7,CASP3
DOCKSTRING-58,500,41,6,full_map,20,PGR
DOCKSTRING-58,500,41,6,full_map,21,PTPN1
DOCKSTRING-58,500,41,6,full_map,31,LCK
DOCKSTRING-58,500,41,6,full_map,57,KDR
DOCKSTRING-58,500,41,6,sample_map,6,MAOB
DOCKSTRING-58,500,41,6,sample_map,8,DHFR
DOCKSTRING-58,500,41,6,sample_map,20,PGR
DOCKSTRING-58,500,41,6,sample_map,31,LCK
DOCKSTRING-58,500,41,6,sample_map,40,BACE1
DOCKSTRING-58,500,41,6,sample_map,57,KDR
DOCKSTRING-58,500,41,8,full_map,6,MAOB
DOCKSTRING-58,500,41,8,full_map,7,CASP3
DOCKSTRING-58,500,41,8,full_map,9,ESR2
DOCKSTRING-58,500,41,8,full_map,13,HSP90AA1
DOCKSTRING-58,500,41,8,full_map,20,PGR
DOCKSTRING-58,500,41,8,full_map,21,PTPN1
DOCKSTRING-58,500,41,8,full_map,31,LCK
DOCKSTRING-58,500,41,8,full_map,57,KDR
DOCKSTRING-58,500,41,8,sample_map,6,MAOB
DOCKSTRING-58,500,41,8,sample_map,8,DHFR
DOCKSTRING-58,500,41,8,sample_map,20,PGR
DOCKSTRING-58,500,41,8,sample_map,27,ESR1
DOCKSTRING-58,500,41,8,sample_map,31,LCK
DOCKSTRING-58,500,41,8,sample_map,40,BACE1
DOCKSTRING-58,500,41,8,sample_map,44,HSD11B1
DOCKSTRING-58,500,41,8,sample_map,57,KDR
DOCKSTRING-58,500,41,10,full_map,6,MAOB
DOCKSTRING-58,500,41,10,full_map,7,CASP3
DOCKSTRING-58,500,41,10,full_map,9,ESR2
DOCKSTRING-58,500,41,10,full_map,13,HSP90AA1
DOCKSTRING-58,500,41,10,full_map,17,NOS1
DOCKSTRING-58,500,41,10,full_map,20,PGR
DOCKSTRING-58,500,41,10,full_map,21,PTPN1
DOCKSTRING-58,500,41,10,full_map,31,LCK
DOCKSTRING-58,500,41,10,full_map,33,MMP13
DOCKSTRING-58,500,41,10,full_map,57,KDR
DOCKSTRING-58,500,41,10,sample_map,6,MAOB
DOCKSTRING-58,500,41,10,sample_map,7,CASP3
DOCKSTRING-58,500,41,10,sample_map,8,DHFR
DOCKSTRING-58,500,41,10,sample_map,13,HSP90AA1
DOCKSTRING-58,500,41,10,sample_map,20,PGR
DOCKSTRING-58,500,41,10,sample_map,21,PTPN1
DOCKSTRING-58,500,41,10,sample_map,27,ESR1
DOCKSTRING-58,500,41,10,sample_map,31,LCK
DOCKSTRING-58,500,41,10,sample_map,44,HSD11B1
DOCKSTRING-58,500,41,10,sample_map,57,KDR
DOCKSTRING-58,500,42,6,full_map,6,MAOB
DOCKSTRING-58,500,42,6,full_map,7,CASP3
DOCKSTRING-58,500,42,6,full_map,20,PGR
DOCKSTRING-58,500,42,6,full_map,21,PTPN1
DOCKSTRING-58,500,42,6,full_map,31,LCK
DOCKSTRING-58,500,42,6,full_map,57,KDR
DOCKSTRING-58,500,42,6,sample_map,11,FGFR1
DOCKSTRING-58,500,42,6,sample_map,13,HSP90AA1
DOCKSTRING-58,500,42,6,sample_map,20,PGR
DOCKSTRING-58,500,42,6,sample_map,39,ACHE
DOCKSTRING-58,500,42,6,sample_map,43,CYP3A4
DOCKSTRING-58,500,42,6,sample_map,57,KDR
DOCKSTRING-58,500,42,8,full_map,6,MAOB
DOCKSTRING-58,500,42,8,full_map,7,CASP3
DOCKSTRING-58,500,42,8,full_map,9,ESR2
DOCKSTRING-58,500,42,8,full_map,13,HSP90AA1
DOCKSTRING-58,500,42,8,full_map,20,PGR
DOCKSTRING-58,500,42,8,full_map,21,PTPN1
DOCKSTRING-58,500,42,8,full_map,31,LCK
DOCKSTRING-58,500,42,8,full_map,57,KDR
DOCKSTRING-58,500,42,8,sample_map,13,HSP90AA1
DOCKSTRING-58,500,42,8,sample_map,20,PGR
DOCKSTRING-58,500,42,8,sample_map,26,CSF1R
DOCKSTRING-58,500,42,8,sample_map,33,MMP13
DOCKSTRING-58,500,42,8,sample_map,38,ADORA2A
DOCKSTRING-58,500,42,8,sample_map,39,ACHE
DOCKSTRING-58,500,42,8,sample_map,43,CYP3A4
DOCKSTRING-58,500,42,8,sample_map,57,KDR
DOCKSTRING-58,500,42,10,full_map,6,MAOB
DOCKSTRING-58,500,42,10,full_map,7,CASP3
DOCKSTRING-58,500,42,10,full_map,9,ESR2
DOCKSTRING-58,500,42,10,full_map,13,HSP90AA1
DOCKSTRING-58,500,42,10,full_map,17,NOS1
DOCKSTRING-58,500,42,10,full_map,20,PGR
DOCKSTRING-58,500,42,10,full_map,21,PTPN1
DOCKSTRING-58,500,42,10,full_map,31,LCK
DOCKSTRING-58,500,42,10,full_map,33,MMP13
DOCKSTRING-58,500,42,10,full_map,57,KDR
DOCKSTRING-58,500,42,10,sample_map,13,HSP90AA1
DOCKSTRING-58,500,42,10,sample_map,15,MAPKAPK2
DOCKSTRING-58,500,42,10,sample_map,20,PGR
DOCKSTRING-58,500,42,10,sample_map,21,PTPN1
DOCKSTRING-58,500,42,10,sample_map,26,CSF1R
DOCKSTRING-58,500,42,10,sample_map,33,MMP13
DOCKSTRING-58,500,42,10,sample_map,38,ADORA2A
DOCKSTRING-58,500,42,10,sample_map,39,ACHE
DOCKSTRING-58,500,42,10,sample_map,43,CYP3A4
DOCKSTRING-58,500,42,10,sample_map,57,KDR
DOCKSTRING-58,500,43,6,full_map,6,MAOB
DOCKSTRING-58,500,43,6,full_map,7,CASP3
DOCKSTRING-58,500,43,6,full_map,20,PGR
DOCKSTRING-58,500,43,6,full_map,21,PTPN1
DOCKSTRING-58,500,43,6,full_map,31,LCK
DOCKSTRING-58,500,43,6,full_map,57,KDR
DOCKSTRING-58,500,43,6,sample_map,7,CASP3
DOCKSTRING-58,500,43,6,sample_map,20,PGR
DOCKSTRING-58,500,43,6,sample_map,33,MMP13
DOCKSTRING-58,500,43,6,sample_map,43,CYP3A4
DOCKSTRING-58,500,43,6,sample_map,52,MAPK14
DOCKSTRING-58,500,43,6,sample_map,57,KDR
DOCKSTRING-58,500,43,8,full_map,6,MAOB
DOCKSTRING-58,500,43,8,full_map,7,CASP3
DOCKSTRING-58,500,43,8,full_map,9,ESR2
DOCKSTRING-58,500,43,8,full_map,13,HSP90AA1
DOCKSTRING-58,500,43,8,full_map,20,PGR
DOCKSTRING-58,500,43,8,full_map,21,PTPN1
DOCKSTRING-58,500,43,8,full_map,31,LCK
DOCKSTRING-58,500,43,8,full_map,57,KDR
DOCKSTRING-58,500,43,8,sample_map,7,CASP3
DOCKSTRING-58,500,43,8,sample_map,9,ESR2
DOCKSTRING-58,500,43,8,sample_map,20,PGR
DOCKSTRING-58,500,43,8,sample_map,21,PTPN1
DOCKSTRING-58,500,43,8,sample_map,31,LCK
DOCKSTRING-58,500,43,8,sample_map,33,MMP13
DOCKSTRING-58,500,43,8,sample_map,43,CYP3A4
DOCKSTRING-58,500,43,8,sample_map,57,KDR
DOCKSTRING-58,500,43,10,full_map,6,MAOB
DOCKSTRING-58,500,43,10,full_map,7,CASP3
DOCKSTRING-58,500,43,10,full_map,9,ESR2
DOCKSTRING-58,500,43,10,full_map,13,HSP90AA1
DOCKSTRING-58,500,43,10,full_map,17,NOS1
DOCKSTRING-58,500,43,10,full_map,20,PGR
DOCKSTRING-58,500,43,10,full_map,21,PTPN1
DOCKSTRING-58,500,43,10,full_map,31,LCK
DOCKSTRING-58,500,43,10,full_map,33,MMP13
DOCKSTRING-58,500,43,10,full_map,57,KDR
DOCKSTRING-58,500,43,10,sample_map,6,MAOB
DOCKSTRING-58,500,43,10,sample_map,7,CASP3
DOCKSTRING-58,500,43,10,sample_map,9,ESR2
DOCKSTRING-58,500,43,10,sample_map,13,HSP90AA1
DOCKSTRING-58,500,43,10,sample_map,18,PARP1
DOCKSTRING-58,500,43,10,sample_map,20,PGR
DOCKSTRING-58,500,43,10,sample_map,21,PTPN1
DOCKSTRING-58,500,43,10,sample_map,31,LCK
DOCKSTRING-58,500,43,10,sample_map,33,MMP13
DOCKSTRING-58,500,43,10,sample_map,57,KDR
DOCKSTRING-58,500,44,6,full_map,6,MAOB
DOCKSTRING-58,500,44,6,full_map,7,CASP3
DOCKSTRING-58,500,44,6,full_map,20,PGR
DOCKSTRING-58,500,44,6,full_map,21,PTPN1
DOCKSTRING-58,500,44,6,full_map,31,LCK
DOCKSTRING-58,500,44,6,full_map,57,KDR
DOCKSTRING-58,500,44,6,sample_map,20,PGR
DOCKSTRING-58,500,44,6,sample_map,26,CSF1R
DOCKSTRING-58,500,44,6,sample_map,31,LCK
DOCKSTRING-58,500,44,6,sample_map,33,MMP13
DOCKSTRING-58,500,44,6,sample_map,55,THRB
DOCKSTRING-58,500,44,6,sample_map,57,KDR
DOCKSTRING-58,500,44,8,full_map,6,MAOB
DOCKSTRING-58,500,44,8,full_map,7,CASP3
DOCKSTRING-58,500,44,8,full_map,9,ESR2
DOCKSTRING-58,500,44,8,full_map,13,HSP90AA1
DOCKSTRING-58,500,44,8,full_map,20,PGR
DOCKSTRING-58,500,44,8,full_map,21,PTPN1
DOCKSTRING-58,500,44,8,full_map,31,LCK
DOCKSTRING-58,500,44,8,full_map,57,KDR
DOCKSTRING-58,500,44,8,sample_map,13,HSP90AA1
DOCKSTRING-58,500,44,8,sample_map,20,PGR
DOCKSTRING-58,500,44,8,sample_map,21,PTPN1
DOCKSTRING-58,500,44,8,sample_map,26,CSF1R
DOCKSTRING-58,500,44,8,sample_map,31,LCK
DOCKSTRING-58,500,44,8,sample_map,33,MMP13
DOCKSTRING-58,500,44,8,sample_map,55,THRB
DOCKSTRING-58,500,44,8,sample_map,57,KDR
DOCKSTRING-58,500,44,10,full_map,6,MAOB
DOCKSTRING-58,500,44,10,full_map,7,CASP3
DOCKSTRING-58,500,44,10,full_map,9,ESR2
DOCKSTRING-58,500,44,10,full_map,13,HSP90AA1
DOCKSTRING-58,500,44,10,full_map,17,NOS1
DOCKSTRING-58,500,44,10,full_map,20,PGR
DOCKSTRING-58,500,44,10,full_map,21,PTPN1
DOCKSTRING-58,500,44,10,full_map,31,LCK
DOCKSTRING-58,500,44,10,full_map,33,MMP13
DOCKSTRING-58,500,44,10,full_map,57,KDR
DOCKSTRING-58,500,44,10,sample_map,7,CASP3
DOCKSTRING-58,500,44,10,sample_map,10,PTK2
DOCKSTRING-58,500,44,10,sample_map,13,HSP90AA1
DOCKSTRING-58,500,44,10,sample_map,20,PGR
DOCKSTRING-58,500,44,10,sample_map,21,PTPN1
DOCKSTRING-58,500,44,10,sample_map,26,CSF1R
DOCKSTRING-58,500,44,10,sample_map,31,LCK
DOCKSTRING-58,500,44,10,sample_map,33,MMP13
DOCKSTRING-58,500,44,10,sample_map,55,THRB
DOCKSTRING-58,500,44,10,sample_map,57,KDR
DOCKSTRING-58,500,45,6,full_map,6,MAOB
DOCKSTRING-58,500,45,6,full_map,7,CASP3
DOCKSTRING-58,500,45,6,full_map,20,PGR
DOCKSTRING-58,500,45,6,full_map,21,PTPN1
DOCKSTRING-58,500,45,6,full_map,31,LCK
DOCKSTRING-58,500,45,6,full_map,57,KDR
DOCKSTRING-58,500,45,6,sample_map,6,MAOB
DOCKSTRING-58,500,45,6,sample_map,7,CASP3
DOCKSTRING-58,500,45,6,sample_map,11,FGFR1
DOCKSTRING-58,500,45,6,sample_map,20,PGR
DOCKSTRING-58,500,45,6,sample_map,33,MMP13
DOCKSTRING-58,500,45,6,sample_map,52,MAPK14
DOCKSTRING-58,500,45,8,full_map,6,MAOB
DOCKSTRING-58,500,45,8,full_map,7,CASP3
DOCKSTRING-58,500,45,8,full_map,9,ESR2
DOCKSTRING-58,500,45,8,full_map,13,HSP90AA1
DOCKSTRING-58,500,45,8,full_map,20,PGR
DOCKSTRING-58,500,45,8,full_map,21,PTPN1
DOCKSTRING-58,500,45,8,full_map,31,LCK
DOCKSTRING-58,500,45,8,full_map,57,KDR
DOCKSTRING-58,500,45,8,sample_map,6,MAOB
DOCKSTRING-58,500,45,8,sample_map,7,CASP3
DOCKSTRING-58,500,45,8,sample_map,9,ESR2
DOCKSTRING-58,500,45,8,sample_map,20,PGR
DOCKSTRING-58,500,45,8,sample_map,33,MMP13
DOCKSTRING-58,500,45,8,sample_map,38,ADORA2A
DOCKSTRING-58,500,45,8,sample_map,52,MAPK14
DOCKSTRING-58,500,45,8,sample_map,57,KDR
DOCKSTRING-58,500,45,10,full_map,6,MAOB
DOCKSTRING-58,500,45,10,full_map,7,CASP3
DOCKSTRING-58,500,45,10,full_map,9,ESR2
DOCKSTRING-58,500,45,10,full_map,13,HSP90AA1
DOCKSTRING-58,500,45,10,full_map,17,NOS1
DOCKSTRING-58,500,45,10,full_map,20,PGR
DOCKSTRING-58,500,45,10,full_map,21,PTPN1
DOCKSTRING-58,500,45,10,full_map,31,LCK
DOCKSTRING-58,500,45,10,full_map,33,MMP13
DOCKSTRING-58,500,45,10,full_map,57,KDR
DOCKSTRING-58,500,45,10,sample_map,6,MAOB
DOCKSTRING-58,500,45,10,sample_map,7,CASP3
DOCKSTRING-58,500,45,10,sample_map,9,ESR2
DOCKSTRING-58,500,45,10,sample_map,20,PGR
DOCKSTRING-58,500,45,10,sample_map,21,PTPN1
DOCKSTRING-58,500,45,10,sample_map,31,LCK
DOCKSTRING-58,500,45,10,sample_map,33,MMP13
DOCKSTRING-58,500,45,10,sample_map,38,ADORA2A
DOCKSTRING-58,500,45,10,sample_map,52,MAPK14
DOCKSTRING-58,500,45,10,sample_map,57,KDR
DOCKSTRING-58,500,46,6,full_map,6,MAOB
DOCKSTRING-58,500,46,6,full_map,7,CASP3
DOCKSTRING-58,500,46,6,full_map,20,PGR
DOCKSTRING-58,500,46,6,full_map,21,PTPN1
DOCKSTRING-58,500,46,6,full_map,31,LCK
DOCKSTRING-58,500,46,6,full_map,57,KDR
DOCKSTRING-58,500,46,6,sample_map,6,MAOB
DOCKSTRING-58,500,46,6,sample_map,7,CASP3
DOCKSTRING-58,500,46,6,sample_map,9,ESR2
DOCKSTRING-58,500,46,6,sample_map,14,KIT
DOCKSTRING-58,500,46,6,sample_map,20,PGR
DOCKSTRING-58,500,46,6,sample_map,57,KDR
DOCKSTRING-58,500,46,8,full_map,6,MAOB
DOCKSTRING-58,500,46,8,full_map,7,CASP3
DOCKSTRING-58,500,46,8,full_map,9,ESR2
DOCKSTRING-58,500,46,8,full_map,13,HSP90AA1
DOCKSTRING-58,500,46,8,full_map,20,PGR
DOCKSTRING-58,500,46,8,full_map,21,PTPN1
DOCKSTRING-58,500,46,8,full_map,31,LCK
DOCKSTRING-58,500,46,8,full_map,57,KDR
DOCKSTRING-58,500,46,8,sample_map,6,MAOB
DOCKSTRING-58,500,46,8,sample_map,9,ESR2
DOCKSTRING-58,500,46,8,sample_map,13,HSP90AA1
DOCKSTRING-58,500,46,8,sample_map,14,KIT
DOCKSTRING-58,500,46,8,sample_map,20,PGR
DOCKSTRING-58,500,46,8,sample_map,31,LCK
DOCKSTRING-58,500,46,8,sample_map,55,THRB
DOCKSTRING-58,500,46,8,sample_map,57,KDR
DOCKSTRING-58,500,46,10,full_map,6,MAOB
DOCKSTRING-58,500,46,10,full_map,7,CASP3
DOCKSTRING-58,500,46,10,full_map,9,ESR2
DOCKSTRING-58,500,46,10,full_map,13,HSP90AA1
DOCKSTRING-58,500,46,10,full_map,17,NOS1
DOCKSTRING-58,500,46,10,full_map,20,PGR
DOCKSTRING-58,500,46,10,full_map,21,PTPN1
DOCKSTRING-58,500,46,10,full_map,31,LCK
DOCKSTRING-58,500,46,10,full_map,33,MMP13
DOCKSTRING-58,500,46,10,full_map,57,KDR
DOCKSTRING-58,500,46,10,sample_map,6,MAOB
DOCKSTRING-58,500,46,10,sample_map,9,ESR2
DOCKSTRING-58,500,46,10,sample_map,13,HSP90AA1
DOCKSTRING-58,500,46,10,sample_map,14,KIT
DOCKSTRING-58,500,46,10,sample_map,17,NOS1
DOCKSTRING-58,500,46,10,sample_map,20,PGR
DOCKSTRING-58,500,46,10,sample_map,31,LCK
DOCKSTRING-58,500,46,10,sample_map,41,CA2
DOCKSTRING-58,500,46,10,sample_map,55,THRB
DOCKSTRING-58,500,46,10,sample_map,57,KDR
DOCKSTRING-58,500,47,6,full_map,6,MAOB
DOCKSTRING-58,500,47,6,full_map,7,CASP3
DOCKSTRING-58,500,47,6,full_map,20,PGR
DOCKSTRING-58,500,47,6,full_map,21,PTPN1
DOCKSTRING-58,500,47,6,full_map,31,LCK
DOCKSTRING-58,500,47,6,full_map,57,KDR
DOCKSTRING-58,500,47,6,sample_map,9,ESR2
DOCKSTRING-58,500,47,6,sample_map,20,PGR
DOCKSTRING-58,500,47,6,sample_map,43,CYP3A4
DOCKSTRING-58,500,47,6,sample_map,44,HSD11B1
DOCKSTRING-58,500,47,6,sample_map,52,MAPK14
DOCKSTRING-58,500,47,6,sample_map,57,KDR
DOCKSTRING-58,500,47,8,full_map,6,MAOB
DOCKSTRING-58,500,47,8,full_map,7,CASP3
DOCKSTRING-58,500,47,8,full_map,9,ESR2
DOCKSTRING-58,500,47,8,full_map,13,HSP90AA1
DOCKSTRING-58,500,47,8,full_map,20,PGR
DOCKSTRING-58,500,47,8,full_map,21,PTPN1
DOCKSTRING-58,500,47,8,full_map,31,LCK
DOCKSTRING-58,500,47,8,full_map,57,KDR
DOCKSTRING-58,500,47,8,sample_map,9,ESR2
DOCKSTRING-58,500,47,8,sample_map,20,PGR
DOCKSTRING-58,500,47,8,sample_map,21,PTPN1
DOCKSTRING-58,500,47,8,sample_map,33,MMP13
DOCKSTRING-58,500,47,8,sample_map,43,CYP3A4
DOCKSTRING-58,500,47,8,sample_map,51,MAPK1
DOCKSTRING-58,500,47,8,sample_map,52,MAPK14
DOCKSTRING-58,500,47,8,sample_map,57,KDR
DOCKSTRING-58,500,47,10,full_map,6,MAOB
DOCKSTRING-58,500,47,10,full_map,7,CASP3
DOCKSTRING-58,500,47,10,full_map,9,ESR2
DOCKSTRING-58,500,47,10,full_map,13,HSP90AA1
DOCKSTRING-58,500,47,10,full_map,17,NOS1
DOCKSTRING-58,500,47,10,full_map,20,PGR
DOCKSTRING-58,500,47,10,full_map,21,PTPN1
DOCKSTRING-58,500,47,10,full_map,31,LCK
DOCKSTRING-58,500,47,10,full_map,33,MMP13
DOCKSTRING-58,500,47,10,full_map,57,KDR
DOCKSTRING-58,500,47,10,sample_map,9,ESR2
DOCKSTRING-58,500,47,10,sample_map,12,HMGCR
DOCKSTRING-58,500,47,10,sample_map,13,HSP90AA1
DOCKSTRING-58,500,47,10,sample_map,20,PGR
DOCKSTRING-58,500,47,10,sample_map,21,PTPN1
DOCKSTRING-58,500,47,10,sample_map,33,MMP13
DOCKSTRING-58,500,47,10,sample_map,43,CYP3A4
DOCKSTRING-58,500,47,10,sample_map,44,HSD11B1
DOCKSTRING-58,500,47,10,sample_map,52,MAPK14
DOCKSTRING-58,500,47,10,sample_map,57,KDR
DOCKSTRING-58,500,48,6,full_map,6,MAOB
DOCKSTRING-58,500,48,6,full_map,7,CASP3
DOCKSTRING-58,500,48,6,full_map,20,PGR
DOCKSTRING-58,500,48,6,full_map,21,PTPN1
DOCKSTRING-58,500,48,6,full_map,31,LCK
DOCKSTRING-58,500,48,6,full_map,57,KDR
DOCKSTRING-58,500,48,6,sample_map,6,MAOB
DOCKSTRING-58,500,48,6,sample_map,7,CASP3
DOCKSTRING-58,500,48,6,sample_map,9,ESR2
DOCKSTRING-58,500,48,6,sample_map,20,PGR
DOCKSTRING-58,500,48,6,sample_map,31,LCK
DOCKSTRING-58,500,48,6,sample_map,57,KDR
DOCKSTRING-58,500,48,8,full_map,6,MAOB
DOCKSTRING-58,500,48,8,full_map,7,CASP3
DOCKSTRING-58,500,48,8,full_map,9,ESR2
DOCKSTRING-58,500,48,8,full_map,13,HSP90AA1
DOCKSTRING-58,500,48,8,full_map,20,PGR
DOCKSTRING-58,500,48,8,full_map,21,PTPN1
DOCKSTRING-58,500,48,8,full_map,31,LCK
DOCKSTRING-58,500,48,8,full_map,57,KDR
DOCKSTRING-58,500,48,8,sample_map,6,MAOB
DOCKSTRING-58,500,48,8,sample_map,7,CASP3
DOCKSTRING-58,500,48,8,sample_map,9,ESR2
DOCKSTRING-58,500,48,8,sample_map,13,HSP90AA1
DOCKSTRING-58,500,48,8,sample_map,20,PGR
DOCKSTRING-58,500,48,8,sample_map,31,LCK
DOCKSTRING-58,500,48,8,sample_map,51,MAPK1
DOCKSTRING-58,500,48,8,sample_map,57,KDR
DOCKSTRING-58,500,48,10,full_map,6,MAOB
DOCKSTRING-58,500,48,10,full_map,7,CASP3
DOCKSTRING-58,500,48,10,full_map,9,ESR2
DOCKSTRING-58,500,48,10,full_map,13,HSP90AA1
DOCKSTRING-58,500,48,10,full_map,17,NOS1
DOCKSTRING-58,500,48,10,full_map,20,PGR
DOCKSTRING-58,500,48,10,full_map,21,PTPN1
DOCKSTRING-58,500,48,10,full_map,31,LCK
DOCKSTRING-58,500,48,10,full_map,33,MMP13
DOCKSTRING-58,500,48,10,full_map,57,KDR
DOCKSTRING-58,500,48,10,sample_map,2,ADAM17
DOCKSTRING-58,500,48,10,sample_map,6,MAOB
DOCKSTRING-58,500,48,10,sample_map,7,CASP3
DOCKSTRING-58,500,48,10,sample_map,9,ESR2
DOCKSTRING-58,500,48,10,sample_map,13,HSP90AA1
DOCKSTRING-58,500,48,10,sample_map,20,PGR
DOCKSTRING-58,500,48,10,sample_map,21,PTPN1
DOCKSTRING-58,500,48,10,sample_map,31,LCK
DOCKSTRING-58,500,48,10,sample_map,51,MAPK1
DOCKSTRING-58,500,48,10,sample_map,57,KDR
DOCKSTRING-58,500,49,6,full_map,6,MAOB
DOCKSTRING-58,500,49,6,full_map,7,CASP3
DOCKSTRING-58,500,49,6,full_map,20,PGR
DOCKSTRING-58,500,49,6,full_map,21,PTPN1
DOCKSTRING-58,500,49,6,full_map,31,LCK
DOCKSTRING-58,500,49,6,full_map,57,KDR
DOCKSTRING-58,500,49,6,sample_map,20,PGR
DOCKSTRING-58,500,49,6,sample_map,27,ESR1
DOCKSTRING-58,500,49,6,sample_map,40,BACE1
DOCKSTRING-58,500,49,6,sample_map,43,CYP3A4
DOCKSTRING-58,500,49,6,sample_map,55,THRB
DOCKSTRING-58,500,49,6,sample_map,57,KDR
DOCKSTRING-58,500,49,8,full_map,6,MAOB
DOCKSTRING-58,500,49,8,full_map,7,CASP3
DOCKSTRING-58,500,49,8,full_map,9,ESR2
DOCKSTRING-58,500,49,8,full_map,13,HSP90AA1
DOCKSTRING-58,500,49,8,full_map,20,PGR
DOCKSTRING-58,500,49,8,full_map,21,PTPN1
DOCKSTRING-58,500,49,8,full_map,31,LCK
DOCKSTRING-58,500,49,8,full_map,57,KDR
DOCKSTRING-58,500,49,8,sample_map,13,HSP90AA1
DOCKSTRING-58,500,49,8,sample_map,20,PGR
DOCKSTRING-58,500,49,8,sample_map,21,PTPN1
DOCKSTRING-58,500,49,8,sample_map,27,ESR1
DOCKSTRING-58,500,49,8,sample_map,40,BACE1
DOCKSTRING-58,500,49,8,sample_map,43,CYP3A4
DOCKSTRING-58,500,49,8,sample_map,55,THRB
DOCKSTRING-58,500,49,8,sample_map,57,KDR
DOCKSTRING-58,500,49,10,full_map,6,MAOB
DOCKSTRING-58,500,49,10,full_map,7,CASP3
DOCKSTRING-58,500,49,10,full_map,9,ESR2
DOCKSTRING-58,500,49,10,full_map,13,HSP90AA1
DOCKSTRING-58,500,49,10,full_map,17,NOS1
DOCKSTRING-58,500,49,10,full_map,20,PGR
DOCKSTRING-58,500,49,10,full_map,21,PTPN1
DOCKSTRING-58,500,49,10,full_map,31,LCK
DOCKSTRING-58,500,49,10,full_map,33,MMP13
DOCKSTRING-58,500,49,10,full_map,57,KDR
DOCKSTRING-58,500,49,10,sample_map,7,CASP3
DOCKSTRING-58,500,49,10,sample_map,9,ESR2
DOCKSTRING-58,500,49,10,sample_map,13,HSP90AA1
DOCKSTRING-58,500,49,10,sample_map,17,NOS1
DOCKSTRING-58,500,49,10,sample_map,20,PGR
DOCKSTRING-58,500,49,10,sample_map,21,PTPN1
DOCKSTRING-58,500,49,10,sample_map,31,LCK
DOCKSTRING-58,500,49,10,sample_map,43,CYP3A4
DOCKSTRING-58,500,49,10,sample_map,55,THRB
DOCKSTRING-58,500,49,10,sample_map,57,KDR
DOCKSTRING-58,500,50,6,full_map,6,MAOB
DOCKSTRING-58,500,50,6,full_map,7,CASP3
DOCKSTRING-58,500,50,6,full_map,20,PGR
DOCKSTRING-58,500,50,6,full_map,21,PTPN1
DOCKSTRING-58,500,50,6,full_map,31,LCK
DOCKSTRING-58,500,50,6,full_map,57,KDR
DOCKSTRING-58,500,50,6,sample_map,6,MAOB
DOCKSTRING-58,500,50,6,sample_map,7,CASP3
DOCKSTRING-58,500,50,6,sample_map,20,PGR
DOCKSTRING-58,500,50,6,sample_map,31,LCK
DOCKSTRING-58,500,50,6,sample_map,33,MMP13
DOCKSTRING-58,500,50,6,sample_map,38,ADORA2A
DOCKSTRING-58,500,50,8,full_map,6,MAOB
DOCKSTRING-58,500,50,8,full_map,7,CASP3
DOCKSTRING-58,500,50,8,full_map,9,ESR2
DOCKSTRING-58,500,50,8,full_map,13,HSP90AA1
DOCKSTRING-58,500,50,8,full_map,20,PGR
DOCKSTRING-58,500,50,8,full_map,21,PTPN1
DOCKSTRING-58,500,50,8,full_map,31,LCK
DOCKSTRING-58,500,50,8,full_map,57,KDR
DOCKSTRING-58,500,50,8,sample_map,6,MAOB
DOCKSTRING-58,500,50,8,sample_map,7,CASP3
DOCKSTRING-58,500,50,8,sample_map,20,PGR
DOCKSTRING-58,500,50,8,sample_map,26,CSF1R
DOCKSTRING-58,500,50,8,sample_map,27,ESR1
DOCKSTRING-58,500,50,8,sample_map,31,LCK
DOCKSTRING-58,500,50,8,sample_map,33,MMP13
DOCKSTRING-58,500,50,8,sample_map,38,ADORA2A
DOCKSTRING-58,500,50,10,full_map,6,MAOB
DOCKSTRING-58,500,50,10,full_map,7,CASP3
DOCKSTRING-58,500,50,10,full_map,9,ESR2
DOCKSTRING-58,500,50,10,full_map,13,HSP90AA1
DOCKSTRING-58,500,50,10,full_map,17,NOS1
DOCKSTRING-58,500,50,10,full_map,20,PGR
DOCKSTRING-58,500,50,10,full_map,21,PTPN1
DOCKSTRING-58,500,50,10,full_map,31,LCK
DOCKSTRING-58,500,50,10,full_map,33,MMP13
DOCKSTRING-58,500,50,10,full_map,57,KDR
DOCKSTRING-58,500,50,10,sample_map,6,MAOB
DOCKSTRING-58,500,50,10,sample_map,7,CASP3
DOCKSTRING-58,500,50,10,sample_map,13,HSP90AA1
DOCKSTRING-58,500,50,10,sample_map,20,PGR
DOCKSTRING-58,500,50,10,sample_map,26,CSF1R
DOCKSTRING-58,500,50,10,sample_map,27,ESR1
DOCKSTRING-58,500,50,10,sample_map,31,LCK
DOCKSTRING-58,500,50,10,sample_map,33,MMP13
DOCKSTRING-58,500,50,10,sample_map,38,ADORA2A
DOCKSTRING-58,500,50,10,sample_map,49,F10
DOCKSTRING-58,500,51,6,full_map,6,MAOB
DOCKSTRING-58,500,51,6,full_map,7,CASP3
DOCKSTRING-58,500,51,6,full_map,20,PGR
DOCKSTRING-58,500,51,6,full_map,21,PTPN1
DOCKSTRING-58,500,51,6,full_map,31,LCK
DOCKSTRING-58,500,51,6,full_map,57,KDR
DOCKSTRING-58,500,51,6,sample_map,7,CASP3
DOCKSTRING-58,500,51,6,sample_map,11,FGFR1
DOCKSTRING-58,500,51,6,sample_map,20,PGR
DOCKSTRING-58,500,51,6,sample_map,25,CDK2
DOCKSTRING-58,500,51,6,sample_map,31,LCK
DOCKSTRING-58,500,51,6,sample_map,43,CYP3A4
DOCKSTRING-58,500,51,8,full_map,6,MAOB
DOCKSTRING-58,500,51,8,full_map,7,CASP3
DOCKSTRING-58,500,51,8,full_map,9,ESR2
DOCKSTRING-58,500,51,8,full_map,13,HSP90AA1
DOCKSTRING-58,500,51,8,full_map,20,PGR
DOCKSTRING-58,500,51,8,full_map,21,PTPN1
DOCKSTRING-58,500,51,8,full_map,31,LCK
DOCKSTRING-58,500,51,8,full_map,57,KDR
DOCKSTRING-58,500,51,8,sample_map,7,CASP3
DOCKSTRING-58,500,51,8,sample_map,11,FGFR1
DOCKSTRING-58,500,51,8,sample_map,13,HSP90AA1
DOCKSTRING-58,500,51,8,sample_map,20,PGR
DOCKSTRING-58,500,51,8,sample_map,25,CDK2
DOCKSTRING-58,500,51,8,sample_map,30,JAK2
DOCKSTRING-58,500,51,8,sample_map,31,LCK
DOCKSTRING-58,500,51,8,sample_map,43,CYP3A4
DOCKSTRING-58,500,51,10,full_map,6,MAOB
DOCKSTRING-58,500,51,10,full_map,7,CASP3
DOCKSTRING-58,500,51,10,full_map,9,ESR2
DOCKSTRING-58,500,51,10,full_map,13,HSP90AA1
DOCKSTRING-58,500,51,10,full_map,17,NOS1
DOCKSTRING-58,500,51,10,full_map,20,PGR
DOCKSTRING-58,500,51,10,full_map,21,PTPN1
DOCKSTRING-58,500,51,10,full_map,31,LCK
DOCKSTRING-58,500,51,10,full_map,33,MMP13
DOCKSTRING-58,500,51,10,full_map,57,KDR
DOCKSTRING-58,500,51,10,sample_map,7,CASP3
DOCKSTRING-58,500,51,10,sample_map,9,ESR2
DOCKSTRING-58,500,51,10,sample_map,11,FGFR1
DOCKSTRING-58,500,51,10,sample_map,13,HSP90AA1
DOCKSTRING-58,500,51,10,sample_map,20,PGR
DOCKSTRING-58,500,51,10,sample_map,25,CDK2
DOCKSTRING-58,500,51,10,sample_map,30,JAK2
DOCKSTRING-58,500,51,10,sample_map,31,LCK
DOCKSTRING-58,500,51,10,sample_map,33,MMP13
DOCKSTRING-58,500,51,10,sample_map,43,CYP3A4
DOCKSTRING-58,500,52,6,full_map,6,MAOB
DOCKSTRING-58,500,52,6,full_map,7,CASP3
DOCKSTRING-58,500,52,6,full_map,20,PGR
DOCKSTRING-58,500,52,6,full_map,21,PTPN1
DOCKSTRING-58,500,52,6,full_map,31,LCK
DOCKSTRING-58,500,52,6,full_map,57,KDR
DOCKSTRING-58,500,52,6,sample_map,7,CASP3
DOCKSTRING-58,500,52,6,sample_map,20,PGR
DOCKSTRING-58,500,52,6,sample_map,31,LCK
DOCKSTRING-58,500,52,6,sample_map,33,MMP13
DOCKSTRING-58,500,52,6,sample_map,55,THRB
DOCKSTRING-58,500,52,6,sample_map,57,KDR
DOCKSTRING-58,500,52,8,full_map,6,MAOB
DOCKSTRING-58,500,52,8,full_map,7,CASP3
DOCKSTRING-58,500,52,8,full_map,9,ESR2
DOCKSTRING-58,500,52,8,full_map,13,HSP90AA1
DOCKSTRING-58,500,52,8,full_map,20,PGR
DOCKSTRING-58,500,52,8,full_map,21,PTPN1
DOCKSTRING-58,500,52,8,full_map,31,LCK
DOCKSTRING-58,500,52,8,full_map,57,KDR
DOCKSTRING-58,500,52,8,sample_map,7,CASP3
DOCKSTRING-58,500,52,8,sample_map,20,PGR
DOCKSTRING-58,500,52,8,sample_map,21,PTPN1
DOCKSTRING-58,500,52,8,sample_map,25,CDK2
DOCKSTRING-58,500,52,8,sample_map,31,LCK
DOCKSTRING-58,500,52,8,sample_map,33,MMP13
DOCKSTRING-58,500,52,8,sample_map,55,THRB
DOCKSTRING-58,500,52,8,sample_map,57,KDR
DOCKSTRING-58,500,52,10,full_map,6,MAOB
DOCKSTRING-58,500,52,10,full_map,7,CASP3
DOCKSTRING-58,500,52,10,full_map,9,ESR2
DOCKSTRING-58,500,52,10,full_map,13,HSP90AA1
DOCKSTRING-58,500,52,10,full_map,17,NOS1
DOCKSTRING-58,500,52,10,full_map,20,PGR
DOCKSTRING-58,500,52,10,full_map,21,PTPN1
DOCKSTRING-58,500,52,10,full_map,31,LCK
DOCKSTRING-58,500,52,10,full_map,33,MMP13
DOCKSTRING-58,500,52,10,full_map,57,KDR
DOCKSTRING-58,500,52,10,sample_map,6,MAOB
DOCKSTRING-58,500,52,10,sample_map,7,CASP3
DOCKSTRING-58,500,52,10,sample_map,10,PTK2
DOCKSTRING-58,500,52,10,sample_map,20,PGR
DOCKSTRING-58,500,52,10,sample_map,21,PTPN1
DOCKSTRING-58,500,52,10,sample_map,31,LCK
DOCKSTRING-58,500,52,10,sample_map,33,MMP13
DOCKSTRING-58,500,52,10,sample_map,51,MAPK1
DOCKSTRING-58,500,52,10,sample_map,55,THRB
DOCKSTRING-58,500,52,10,sample_map,57,KDR
DOCKSTRING-58,500,53,6,full_map,6,MAOB
DOCKSTRING-58,500,53,6,full_map,7,CASP3
DOCKSTRING-58,500,53,6,full_map,20,PGR
DOCKSTRING-58,500,53,6,full_map,21,PTPN1
DOCKSTRING-58,500,53,6,full_map,31,LCK
DOCKSTRING-58,500,53,6,full_map,57,KDR
DOCKSTRING-58,500,53,6,sample_map,6,MAOB
DOCKSTRING-58,500,53,6,sample_map,11,FGFR1
DOCKSTRING-58,500,53,6,sample_map,20,PGR
DOCKSTRING-58,500,53,6,sample_map,27,ESR1
DOCKSTRING-58,500,53,6,sample_map,40,BACE1
DOCKSTRING-58,500,53,6,sample_map,57,KDR
DOCKSTRING-58,500,53,8,full_map,6,MAOB
DOCKSTRING-58,500,53,8,full_map,7,CASP3
DOCKSTRING-58,500,53,8,full_map,9,ESR2
DOCKSTRING-58,500,53,8,full_map,13,HSP90AA1
DOCKSTRING-58,500,53,8,full_map,20,PGR
DOCKSTRING-58,500,53,8,full_map,21,PTPN1
DOCKSTRING-58,500,53,8,full_map,31,LCK
DOCKSTRING-58,500,53,8,full_map,57,KDR
DOCKSTRING-58,500,53,8,sample_map,6,MAOB
DOCKSTRING-58,500,53,8,sample_map,7,CASP3
DOCKSTRING-58,500,53,8,sample_map,11,FGFR1
DOCKSTRING-58,500,53,8,sample_map,20,PGR
DOCKSTRING-58,500,53,8,sample_map,21,PTPN1
DOCKSTRING-58,500,53,8,sample_map,27,ESR1
DOCKSTRING-58,500,53,8,sample_map,39,ACHE
DOCKSTRING-58,500,53,8,sample_map,57,KDR
DOCKSTRING-58,500,53,10,full_map,6,MAOB
DOCKSTRING-58,500,53,10,full_map,7,CASP3
DOCKSTRING-58,500,53,10,full_map,9,ESR2
DOCKSTRING-58,500,53,10,full_map,13,HSP90AA1
DOCKSTRING-58,500,53,10,full_map,17,NOS1
DOCKSTRING-58,500,53,10,full_map,20,PGR
DOCKSTRING-58,500,53,10,full_map,21,PTPN1
DOCKSTRING-58,500,53,10,full_map,31,LCK
DOCKSTRING-58,500,53,10,full_map,33,MMP13
DOCKSTRING-58,500,53,10,full_map,57,KDR
DOCKSTRING-58,500,53,10,sample_map,4,ADRB2
DOCKSTRING-58,500,53,10,sample_map,6,MAOB
DOCKSTRING-58,500,53,10,sample_map,7,CASP3
DOCKSTRING-58,500,53,10,sample_map,10,PTK2
DOCKSTRING-58,500,53,10,sample_map,11,FGFR1
DOCKSTRING-58,500,53,10,sample_map,20,PGR
DOCKSTRING-58,500,53,10,sample_map,21,PTPN1
DOCKSTRING-58,500,53,10,sample_map,27,ESR1
DOCKSTRING-58,500,53,10,sample_map,39,ACHE
DOCKSTRING-58,500,53,10,sample_map,57,KDR
DOCKSTRING-58,500,54,6,full_map,6,MAOB
DOCKSTRING-58,500,54,6,full_map,7,CASP3
DOCKSTRING-58,500,54,6,full_map,20,PGR
DOCKSTRING-58,500,54,6,full_map,21,PTPN1
DOCKSTRING-58,500,54,6,full_map,31,LCK
DOCKSTRING-58,500,54,6,full_map,57,KDR
DOCKSTRING-58,500,54,6,sample_map,9,ESR2
DOCKSTRING-58,500,54,6,sample_map,20,PGR
DOCKSTRING-58,500,54,6,sample_map,33,MMP13
DOCKSTRING-58,500,54,6,sample_map,43,CYP3A4
DOCKSTRING-58,500,54,6,sample_map,52,MAPK14
DOCKSTRING-58,500,54,6,sample_map,57,KDR
DOCKSTRING-58,500,54,8,full_map,6,MAOB
DOCKSTRING-58,500,54,8,full_map,7,CASP3
DOCKSTRING-58,500,54,8,full_map,9,ESR2
DOCKSTRING-58,500,54,8,full_map,13,HSP90AA1
DOCKSTRING-58,500,54,8,full_map,20,PGR
DOCKSTRING-58,500,54,8,full_map,21,PTPN1
DOCKSTRING-58,500,54,8,full_map,31,LCK
DOCKSTRING-58,500,54,8,full_map,57,KDR
DOCKSTRING-58,500,54,8,sample_map,7,CASP3
DOCKSTRING-58,500,54,8,sample_map,9,ESR2
DOCKSTRING-58,500,54,8,sample_map,20,PGR
DOCKSTRING-58,500,54,8,sample_map,21,PTPN1
DOCKSTRING-58,500,54,8,sample_map,33,MMP13
DOCKSTRING-58,500,54,8,sample_map,43,CYP3A4
DOCKSTRING-58,500,54,8,sample_map,52,MAPK14
DOCKSTRING-58,500,54,8,sample_map,57,KDR
DOCKSTRING-58,500,54,10,full_map,6,MAOB
DOCKSTRING-58,500,54,10,full_map,7,CASP3
DOCKSTRING-58,500,54,10,full_map,9,ESR2
DOCKSTRING-58,500,54,10,full_map,13,HSP90AA1
DOCKSTRING-58,500,54,10,full_map,17,NOS1
DOCKSTRING-58,500,54,10,full_map,20,PGR
DOCKSTRING-58,500,54,10,full_map,21,PTPN1
DOCKSTRING-58,500,54,10,full_map,31,LCK
DOCKSTRING-58,500,54,10,full_map,33,MMP13
DOCKSTRING-58,500,54,10,full_map,57,KDR
DOCKSTRING-58,500,54,10,sample_map,7,CASP3
DOCKSTRING-58,500,54,10,sample_map,9,ESR2
DOCKSTRING-58,500,54,10,sample_map,13,HSP90AA1
DOCKSTRING-58,500,54,10,sample_map,20,PGR
DOCKSTRING-58,500,54,10,sample_map,21,PTPN1
DOCKSTRING-58,500,54,10,sample_map,25,CDK2
DOCKSTRING-58,500,54,10,sample_map,33,MMP13
DOCKSTRING-58,500,54,10,sample_map,43,CYP3A4
DOCKSTRING-58,500,54,10,sample_map,52,MAPK14
DOCKSTRING-58,500,54,10,sample_map,57,KDR
DOCKSTRING-58,500,55,6,full_map,6,MAOB
DOCKSTRING-58,500,55,6,full_map,7,CASP3
DOCKSTRING-58,500,55,6,full_map,20,PGR
DOCKSTRING-58,500,55,6,full_map,21,PTPN1
DOCKSTRING-58,500,55,6,full_map,31,LCK
DOCKSTRING-58,500,55,6,full_map,57,KDR
DOCKSTRING-58,500,55,6,sample_map,6,MAOB
DOCKSTRING-58,500,55,6,sample_map,7,CASP3
DOCKSTRING-58,500,55,6,sample_map,11,FGFR1
DOCKSTRING-58,500,55,6,sample_map,20,PGR
DOCKSTRING-58,500,55,6,sample_map,39,ACHE
DOCKSTRING-58,500,55,6,sample_map,57,KDR
DOCKSTRING-58,500,55,8,full_map,6,MAOB
DOCKSTRING-58,500,55,8,full_map,7,CASP3
DOCKSTRING-58,500,55,8,full_map,9,ESR2
DOCKSTRING-58,500,55,8,full_map,13,HSP90AA1
DOCKSTRING-58,500,55,8,full_map,20,PGR
DOCKSTRING-58,500,55,8,full_map,21,PTPN1
DOCKSTRING-58,500,55,8,full_map,31,LCK
DOCKSTRING-58,500,55,8,full_map,57,KDR
DOCKSTRING-58,500,55,8,sample_map,6,MAOB
DOCKSTRING-58,500,55,8,sample_map,7,CASP3
DOCKSTRING-58,500,55,8,sample_map,11,FGFR1
DOCKSTRING-58,500,55,8,sample_map,13,HSP90AA1
DOCKSTRING-58,500,55,8,sample_map,20,PGR
DOCKSTRING-58,500,55,8,sample_map,27,ESR1
DOCKSTRING-58,500,55,8,sample_map,39,ACHE
DOCKSTRING-58,500,55,8,sample_map,57,KDR
DOCKSTRING-58,500,55,10,full_map,6,MAOB
DOCKSTRING-58,500,55,10,full_map,7,CASP3
DOCKSTRING-58,500,55,10,full_map,9,ESR2
DOCKSTRING-58,500,55,10,full_map,13,HSP90AA1
DOCKSTRING-58,500,55,10,full_map,17,NOS1
DOCKSTRING-58,500,55,10,full_map,20,PGR
DOCKSTRING-58,500,55,10,full_map,21,PTPN1
DOCKSTRING-58,500,55,10,full_map,31,LCK
DOCKSTRING-58,500,55,10,full_map,33,MMP13
DOCKSTRING-58,500,55,10,full_map,57,KDR
DOCKSTRING-58,500,55,10,sample_map,6,MAOB
DOCKSTRING-58,500,55,10,sample_map,7,CASP3
DOCKSTRING-58,500,55,10,sample_map,11,FGFR1
DOCKSTRING-58,500,55,10,sample_map,13,HSP90AA1
DOCKSTRING-58,500,55,10,sample_map,20,PGR
DOCKSTRING-58,500,55,10,sample_map,21,PTPN1
DOCKSTRING-58,500,55,10,sample_map,27,ESR1
DOCKSTRING-58,500,55,10,sample_map,39,ACHE
DOCKSTRING-58,500,55,10,sample_map,51,MAPK1
DOCKSTRING-58,500,55,10,sample_map,57,KDR
DOCKSTRING-58,500,56,6,full_map,6,MAOB
DOCKSTRING-58,500,56,6,full_map,7,CASP3
DOCKSTRING-58,500,56,6,full_map,20,PGR
DOCKSTRING-58,500,56,6,full_map,21,PTPN1
DOCKSTRING-58,500,56,6,full_map,31,LCK
DOCKSTRING-58,500,56,6,full_map,57,KDR
DOCKSTRING-58,500,56,6,sample_map,6,MAOB
DOCKSTRING-58,500,56,6,sample_map,7,CASP3
DOCKSTRING-58,500,56,6,sample_map,17,NOS1
DOCKSTRING-58,500,56,6,sample_map,20,PGR
DOCKSTRING-58,500,56,6,sample_map,39,ACHE
DOCKSTRING-58,500,56,6,sample_map,57,KDR
DOCKSTRING-58,500,56,8,full_map,6,MAOB
DOCKSTRING-58,500,56,8,full_map,7,CASP3
DOCKSTRING-58,500,56,8,full_map,9,ESR2
DOCKSTRING-58,500,56,8,full_map,13,HSP90AA1
DOCKSTRING-58,500,56,8,full_map,20,PGR
DOCKSTRING-58,500,56,8,full_map,21,PTPN1
DOCKSTRING-58,500,56,8,full_map,31,LCK
DOCKSTRING-58,500,56,8,full_map,57,KDR
DOCKSTRING-58,500,56,8,sample_map,1,ABL1
DOCKSTRING-58,500,56,8,sample_map,6,MAOB
DOCKSTRING-58,500,56,8,sample_map,7,CASP3
DOCKSTRING-58,500,56,8,sample_map,13,HSP90AA1
DOCKSTRING-58,500,56,8,sample_map,17,NOS1
DOCKSTRING-58,500,56,8,sample_map,20,PGR
DOCKSTRING-58,500,56,8,sample_map,39,ACHE
DOCKSTRING-58,500,56,8,sample_map,57,KDR
DOCKSTRING-58,500,56,10,full_map,6,MAOB
DOCKSTRING-58,500,56,10,full_map,7,CASP3
DOCKSTRING-58,500,56,10,full_map,9,ESR2
DOCKSTRING-58,500,56,10,full_map,13,HSP90AA1
DOCKSTRING-58,500,56,10,full_map,17,NOS1
DOCKSTRING-58,500,56,10,full_map,20,PGR
DOCKSTRING-58,500,56,10,full_map,21,PTPN1
DOCKSTRING-58,500,56,10,full_map,31,LCK
DOCKSTRING-58,500,56,10,full_map,33,MMP13
DOCKSTRING-58,500,56,10,full_map,57,KDR
DOCKSTRING-58,500,56,10,sample_map,1,ABL1
DOCKSTRING-58,500,56,10,sample_map,6,MAOB
DOCKSTRING-58,500,56,10,sample_map,7,CASP3
DOCKSTRING-58,500,56,10,sample_map,13,HSP90AA1
DOCKSTRING-58,500,56,10,sample_map,17,NOS1
DOCKSTRING-58,500,56,10,sample_map,20,PGR
DOCKSTRING-58,500,56,10,sample_map,27,ESR1
DOCKSTRING-58,500,56,10,sample_map,35,PPARA
DOCKSTRING-58,500,56,10,sample_map,39,ACHE
DOCKSTRING-58,500,56,10,sample_map,57,KDR
DOCKSTRING-58,500,57,6,full_map,6,MAOB
DOCKSTRING-58,500,57,6,full_map,7,CASP3
DOCKSTRING-58,500,57,6,full_map,20,PGR
DOCKSTRING-58,500,57,6,full_map,21,PTPN1
DOCKSTRING-58,500,57,6,full_map,31,LCK
DOCKSTRING-58,500,57,6,full_map,57,KDR
DOCKSTRING-58,500,57,6,sample_map,6,MAOB
DOCKSTRING-58,500,57,6,sample_map,8,DHFR
DOCKSTRING-58,500,57,6,sample_map,9,ESR2
DOCKSTRING-58,500,57,6,sample_map,20,PGR
DOCKSTRING-58,500,57,6,sample_map,40,BACE1
DOCKSTRING-58,500,57,6,sample_map,57,KDR
DOCKSTRING-58,500,57,8,full_map,6,MAOB
DOCKSTRING-58,500,57,8,full_map,7,CASP3
DOCKSTRING-58,500,57,8,full_map,9,ESR2
DOCKSTRING-58,500,57,8,full_map,13,HSP90AA1
DOCKSTRING-58,500,57,8,full_map,20,PGR
DOCKSTRING-58,500,57,8,full_map,21,PTPN1
DOCKSTRING-58,500,57,8,full_map,31,LCK
DOCKSTRING-58,500,57,8,full_map,57,KDR
DOCKSTRING-58,500,57,8,sample_map,6,MAOB
DOCKSTRING-58,500,57,8,sample_map,9,ESR2
DOCKSTRING-58,500,57,8,sample_map,17,NOS1
DOCKSTRING-58,500,57,8,sample_map,20,PGR
DOCKSTRING-58,500,57,8,sample_map,21,PTPN1
DOCKSTRING-58,500,57,8,sample_map,36,PPARG
DOCKSTRING-58,500,57,8,sample_map,40,BACE1
DOCKSTRING-58,500,57,8,sample_map,57,KDR
DOCKSTRING-58,500,57,10,full_map,6,MAOB
DOCKSTRING-58,500,57,10,full_map,7,CASP3
DOCKSTRING-58,500,57,10,full_map,9,ESR2
DOCKSTRING-58,500,57,10,full_map,13,HSP90AA1
DOCKSTRING-58,500,57,10,full_map,17,NOS1
DOCKSTRING-58,500,57,10,full_map,20,PGR
DOCKSTRING-58,500,57,10,full_map,21,PTPN1
DOCKSTRING-58,500,57,10,full_map,31,LCK
DOCKSTRING-58,500,57,10,full_map,33,MMP13
DOCKSTRING-58,500,57,10,full_map,57,KDR
DOCKSTRING-58,500,57,10,sample_map,6,MAOB
DOCKSTRING-58,500,57,10,sample_map,8,DHFR
DOCKSTRING-58,500,57,10,sample_map,9,ESR2
DOCKSTRING-58,500,57,10,sample_map,13,HSP90AA1
DOCKSTRING-58,500,57,10,sample_map,17,NOS1
DOCKSTRING-58,500,57,10,sample_map,20,PGR
DOCKSTRING-58,500,57,10,sample_map,21,PTPN1
DOCKSTRING-58,500,57,10,sample_map,36,PPARG
DOCKSTRING-58,500,57,10,sample_map,40,BACE1
DOCKSTRING-58,500,57,10,sample_map,57,KDR
DOCKSTRING-58,500,58,6,full_map,6,MAOB
DOCKSTRING-58,500,58,6,full_map,7,CASP3
DOCKSTRING-58,500,58,6,full_map,20,PGR
DOCKSTRING-58,500,58,6,full_map,21,PTPN1
DOCKSTRING-58,500,58,6,full_map,31,LCK
DOCKSTRING-58,500,58,6,full_map,57,KDR
DOCKSTRING-58,500,58,6,sample_map,6,MAOB
DOCKSTRING-58,500,58,6,sample_map,7,CASP3
DOCKSTRING-58,500,58,6,sample_map,20,PGR
DOCKSTRING-58,500,58,6,sample_map,31,LCK
DOCKSTRING-58,500,58,6,sample_map,38,ADORA2A
DOCKSTRING-58,500,58,6,sample_map,57,KDR
DOCKSTRING-58,500,58,8,full_map,6,MAOB
DOCKSTRING-58,500,58,8,full_map,7,CASP3
DOCKSTRING-58,500,58,8,full_map,9,ESR2
DOCKSTRING-58,500,58,8,full_map,13,HSP90AA1
DOCKSTRING-58,500,58,8,full_map,20,PGR
DOCKSTRING-58,500,58,8,full_map,21,PTPN1
DOCKSTRING-58,500,58,8,full_map,31,LCK
DOCKSTRING-58,500,58,8,full_map,57,KDR
DOCKSTRING-58,500,58,8,sample_map,6,MAOB
DOCKSTRING-58,500,58,8,sample_map,7,CASP3
DOCKSTRING-58,500,58,8,sample_map,20,PGR
DOCKSTRING-58,500,58,8,sample_map,21,PTPN1
DOCKSTRING-58,500,58,8,sample_map,31,LCK
DOCKSTRING-58,500,58,8,sample_map,38,ADORA2A
DOCKSTRING-58,500,58,8,sample_map,39,ACHE
DOCKSTRING-58,500,58,8,sample_map,57,KDR
DOCKSTRING-58,500,58,10,full_map,6,MAOB
DOCKSTRING-58,500,58,10,full_map,7,CASP3
DOCKSTRING-58,500,58,10,full_map,9,ESR2
DOCKSTRING-58,500,58,10,full_map,13,HSP90AA1
DOCKSTRING-58,500,58,10,full_map,17,NOS1
DOCKSTRING-58,500,58,10,full_map,20,PGR
DOCKSTRING-58,500,58,10,full_map,21,PTPN1
DOCKSTRING-58,500,58,10,full_map,31,LCK
DOCKSTRING-58,500,58,10,full_map,33,MMP13
DOCKSTRING-58,500,58,10,full_map,57,KDR
DOCKSTRING-58,500,58,10,sample_map,6,MAOB
DOCKSTRING-58,500,58,10,sample_map,7,CASP3
DOCKSTRING-58,500,58,10,sample_map,13,HSP90AA1
DOCKSTRING-58,500,58,10,sample_map,20,PGR
DOCKSTRING-58,500,58,10,sample_map,21,PTPN1
DOCKSTRING-58,500,58,10,sample_map,26,CSF1R
DOCKSTRING-58,500,58,10,sample_map,31,LCK
DOCKSTRING-58,500,58,10,sample_map,38,ADORA2A
DOCKSTRING-58,500,58,10,sample_map,39,ACHE
DOCKSTRING-58,500,58,10,sample_map,57,KDR
DOCKSTRING-58,500,59,6,full_map,6,MAOB
DOCKSTRING-58,500,59,6,full_map,7,CASP3
DOCKSTRING-58,500,59,6,full_map,20,PGR
DOCKSTRING-58,500,59,6,full_map,21,PTPN1
DOCKSTRING-58,500,59,6,full_map,31,LCK
DOCKSTRING-58,500,59,6,full_map,57,KDR
DOCKSTRING-58,500,59,6,sample_map,6,MAOB
DOCKSTRING-58,500,59,6,sample_map,20,PGR
DOCKSTRING-58,500,59,6,sample_map,21,PTPN1
DOCKSTRING-58,500,59,6,sample_map,27,ESR1
DOCKSTRING-58,500,59,6,sample_map,40,BACE1
DOCKSTRING-58,500,59,6,sample_map,57,KDR
DOCKSTRING-58,500,59,8,full_map,6,MAOB
DOCKSTRING-58,500,59,8,full_map,7,CASP3
DOCKSTRING-58,500,59,8,full_map,9,ESR2
DOCKSTRING-58,500,59,8,full_map,13,HSP90AA1
DOCKSTRING-58,500,59,8,full_map,20,PGR
DOCKSTRING-58,500,59,8,full_map,21,PTPN1
DOCKSTRING-58,500,59,8,full_map,31,LCK
DOCKSTRING-58,500,59,8,full_map,57,KDR
DOCKSTRING-58,500,59,8,sample_map,13,HSP90AA1
DOCKSTRING-58,500,59,8,sample_map,20,PGR
DOCKSTRING-58,500,59,8,sample_map,21,PTPN1
DOCKSTRING-58,500,59,8,sample_map,27,ESR1
DOCKSTRING-58,500,59,8,sample_map,40,BACE1
DOCKSTRING-58,500,59,8,sample_map,43,CYP3A4
DOCKSTRING-58,500,59,8,sample_map,55,THRB
DOCKSTRING-58,500,59,8,sample_map,57,KDR
DOCKSTRING-58,500,59,10,full_map,6,MAOB
DOCKSTRING-58,500,59,10,full_map,7,CASP3
DOCKSTRING-58,500,59,10,full_map,9,ESR2
DOCKSTRING-58,500,59,10,full_map,13,HSP90AA1
DOCKSTRING-58,500,59,10,full_map,17,NOS1
DOCKSTRING-58,500,59,10,full_map,20,PGR
DOCKSTRING-58,500,59,10,full_map,21,PTPN1
DOCKSTRING-58,500,59,10,full_map,31,LCK
DOCKSTRING-58,500,59,10,full_map,33,MMP13
DOCKSTRING-58,500,59,10,full_map,57,KDR
DOCKSTRING-58,500,59,10,sample_map,13,HSP90AA1
DOCKSTRING-58,500,59,10,sample_map,15,MAPKAPK2
DOCKSTRING-58,500,59,10,sample_map,20,PGR
DOCKSTRING-58,500,59,10,sample_map,21,PTPN1
DOCKSTRING-58,500,59,10,sample_map,27,ESR1
DOCKSTRING-58,500,59,10,sample_map,33,MMP13
DOCKSTRING-58,500,59,10,sample_map,40,BACE1
DOCKSTRING-58,500,59,10,sample_map,43,CYP3A4
DOCKSTRING-58,500,59,10,sample_map,55,THRB
DOCKSTRING-58,500,59,10,sample_map,57,KDR
DOCKSTRING-58,500,60,6,full_map,6,MAOB
DOCKSTRING-58,500,60,6,full_map,7,CASP3
DOCKSTRING-58,500,60,6,full_map,20,PGR
DOCKSTRING-58,500,60,6,full_map,21,PTPN1
DOCKSTRING-58,500,60,6,full_map,31,LCK
DOCKSTRING-58,500,60,6,full_map,57,KDR
DOCKSTRING-58,500,60,6,sample_map,7,CASP3
DOCKSTRING-58,500,60,6,sample_map,9,ESR2
DOCKSTRING-58,500,60,6,sample_map,20,PGR
DOCKSTRING-58,500,60,6,sample_map,38,ADORA2A
DOCKSTRING-58,500,60,6,sample_map,43,CYP3A4
DOCKSTRING-58,500,60,6,sample_map,57,KDR
DOCKSTRING-58,500,60,8,full_map,6,MAOB
DOCKSTRING-58,500,60,8,full_map,7,CASP3
DOCKSTRING-58,500,60,8,full_map,9,ESR2
DOCKSTRING-58,500,60,8,full_map,13,HSP90AA1
DOCKSTRING-58,500,60,8,full_map,20,PGR
DOCKSTRING-58,500,60,8,full_map,21,PTPN1
DOCKSTRING-58,500,60,8,full_map,31,LCK
DOCKSTRING-58,500,60,8,full_map,57,KDR
DOCKSTRING-58,500,60,8,sample_map,7,CASP3
DOCKSTRING-58,500,60,8,sample_map,9,ESR2
DOCKSTRING-58,500,60,8,sample_map,11,FGFR1
DOCKSTRING-58,500,60,8,sample_map,20,PGR
DOCKSTRING-58,500,60,8,sample_map,21,PTPN1
DOCKSTRING-58,500,60,8,sample_map,43,CYP3A4
DOCKSTRING-58,500,60,8,sample_map,55,THRB
DOCKSTRING-58,500,60,8,sample_map,57,KDR
DOCKSTRING-58,500,60,10,full_map,6,MAOB
DOCKSTRING-58,500,60,10,full_map,7,CASP3
DOCKSTRING-58,500,60,10,full_map,9,ESR2
DOCKSTRING-58,500,60,10,full_map,13,HSP90AA1
DOCKSTRING-58,500,60,10,full_map,17,NOS1
DOCKSTRING-58,500,60,10,full_map,20,PGR
DOCKSTRING-58,500,60,10,full_map,21,PTPN1
DOCKSTRING-58,500,60,10,full_map,31,LCK
DOCKSTRING-58,500,60,10,full_map,33,MMP13
DOCKSTRING-58,500,60,10,full_map,57,KDR
DOCKSTRING-58,500,60,10,sample_map,7,CASP3
DOCKSTRING-58,500,60,10,sample_map,9,ESR2
DOCKSTRING-58,500,60,10,sample_map,13,HSP90AA1
DOCKSTRING-58,500,60,10,sample_map,17,NOS1
DOCKSTRING-58,500,60,10,sample_map,20,PGR
DOCKSTRING-58,500,60,10,sample_map,21,PTPN1
DOCKSTRING-58,500,60,10,sample_map,38,ADORA2A
DOCKSTRING-58,500,60,10,sample_map,43,CYP3A4
DOCKSTRING-58,500,60,10,sample_map,55,THRB
DOCKSTRING-58,500,60,10,sample_map,57,KDR
DOCKSTRING-58,500,61,6,full_map,6,MAOB
DOCKSTRING-58,500,61,6,full_map,7,CASP3
DOCKSTRING-58,500,61,6,full_map,20,PGR
DOCKSTRING-58,500,61,6,full_map,21,PTPN1
DOCKSTRING-58,500,61,6,full_map,31,LCK
DOCKSTRING-58,500,61,6,full_map,57,KDR
DOCKSTRING-58,500,61,6,sample_map,6,MAOB
DOCKSTRING-58,500,61,6,sample_map,7,CASP3
DOCKSTRING-58,500,61,6,sample_map,8,DHFR
DOCKSTRING-58,500,61,6,sample_map,20,PGR
DOCKSTRING-58,500,61,6,sample_map,31,LCK
DOCKSTRING-58,500,61,6,sample_map,57,KDR
DOCKSTRING-58,500,61,8,full_map,6,MAOB
DOCKSTRING-58,500,61,8,full_map,7,CASP3
DOCKSTRING-58,500,61,8,full_map,9,ESR2
DOCKSTRING-58,500,61,8,full_map,13,HSP90AA1
DOCKSTRING-58,500,61,8,full_map,20,PGR
DOCKSTRING-58,500,61,8,full_map,21,PTPN1
DOCKSTRING-58,500,61,8,full_map,31,LCK
DOCKSTRING-58,500,61,8,full_map,57,KDR
DOCKSTRING-58,500,61,8,sample_map,6,MAOB
DOCKSTRING-58,500,61,8,sample_map,7,CASP3
DOCKSTRING-58,500,61,8,sample_map,8,DHFR
DOCKSTRING-58,500,61,8,sample_map,20,PGR
DOCKSTRING-58,500,61,8,sample_map,27,ESR1
DOCKSTRING-58,500,61,8,sample_map,30,JAK2
DOCKSTRING-58,500,61,8,sample_map,31,LCK
DOCKSTRING-58,500,61,8,sample_map,57,KDR
DOCKSTRING-58,500,61,10,full_map,6,MAOB
DOCKSTRING-58,500,61,10,full_map,7,CASP3
DOCKSTRING-58,500,61,10,full_map,9,ESR2
DOCKSTRING-58,500,61,10,full_map,13,HSP90AA1
DOCKSTRING-58,500,61,10,full_map,17,NOS1
DOCKSTRING-58,500,61,10,full_map,20,PGR
DOCKSTRING-58,500,61,10,full_map,21,PTPN1
DOCKSTRING-58,500,61,10,full_map,31,LCK
DOCKSTRING-58,500,61,10,full_map,33,MMP13
DOCKSTRING-58,500,61,10,full_map,57,KDR
DOCKSTRING-58,500,61,10,sample_map,6,MAOB
DOCKSTRING-58,500,61,10,sample_map,7,CASP3
DOCKSTRING-58,500,61,10,sample_map,8,DHFR
DOCKSTRING-58,500,61,10,sample_map,20,PGR
DOCKSTRING-58,500,61,10,sample_map,21,PTPN1
DOCKSTRING-58,500,61,10,sample_map,27,ESR1
DOCKSTRING-58,500,61,10,sample_map,30,JAK2
DOCKSTRING-58,500,61,10,sample_map,31,LCK
DOCKSTRING-58,500,61,10,sample_map,56,F2
DOCKSTRING-58,500,61,10,sample_map,57,KDR
DOCKSTRING-58,500,62,6,full_map,6,MAOB
DOCKSTRING-58,500,62,6,full_map,7,CASP3
DOCKSTRING-58,500,62,6,full_map,20,PGR
DOCKSTRING-58,500,62,6,full_map,21,PTPN1
DOCKSTRING-58,500,62,6,full_map,31,LCK
DOCKSTRING-58,500,62,6,full_map,57,KDR
DOCKSTRING-58,500,62,6,sample_map,7,CASP3
DOCKSTRING-58,500,62,6,sample_map,9,ESR2
DOCKSTRING-58,500,62,6,sample_map,20,PGR
DOCKSTRING-58,500,62,6,sample_map,43,CYP3A4
DOCKSTRING-58,500,62,6,sample_map,55,THRB
DOCKSTRING-58,500,62,6,sample_map,57,KDR
DOCKSTRING-58,500,62,8,full_map,6,MAOB
DOCKSTRING-58,500,62,8,full_map,7,CASP3
DOCKSTRING-58,500,62,8,full_map,9,ESR2
DOCKSTRING-58,500,62,8,full_map,13,HSP90AA1
DOCKSTRING-58,500,62,8,full_map,20,PGR
DOCKSTRING-58,500,62,8,full_map,21,PTPN1
DOCKSTRING-58,500,62,8,full_map,31,LCK
DOCKSTRING-58,500,62,8,full_map,57,KDR
DOCKSTRING-58,500,62,8,sample_map,7,CASP3
DOCKSTRING-58,500,62,8,sample_map,9,ESR2
DOCKSTRING-58,500,62,8,sample_map,13,HSP90AA1
DOCKSTRING-58,500,62,8,sample_map,20,PGR
DOCKSTRING-58,500,62,8,sample_map,31,LCK
DOCKSTRING-58,500,62,8,sample_map,43,CYP3A4
DOCKSTRING-58,500,62,8,sample_map,55,THRB
DOCKSTRING-58,500,62,8,sample_map,57,KDR
DOCKSTRING-58,500,62,10,full_map,6,MAOB
DOCKSTRING-58,500,62,10,full_map,7,CASP3
DOCKSTRING-58,500,62,10,full_map,9,ESR2
DOCKSTRING-58,500,62,10,full_map,13,HSP90AA1
DOCKSTRING-58,500,62,10,full_map,17,NOS1
DOCKSTRING-58,500,62,10,full_map,20,PGR
DOCKSTRING-58,500,62,10,full_map,21,PTPN1
DOCKSTRING-58,500,62,10,full_map,31,LCK
DOCKSTRING-58,500,62,10,full_map,33,MMP13
DOCKSTRING-58,500,62,10,full_map,57,KDR
DOCKSTRING-58,500,62,10,sample_map,4,ADRB2
DOCKSTRING-58,500,62,10,sample_map,7,CASP3
DOCKSTRING-58,500,62,10,sample_map,8,DHFR
DOCKSTRING-58,500,62,10,sample_map,9,ESR2
DOCKSTRING-58,500,62,10,sample_map,13,HSP90AA1
DOCKSTRING-58,500,62,10,sample_map,20,PGR
DOCKSTRING-58,500,62,10,sample_map,31,LCK
DOCKSTRING-58,500,62,10,sample_map,43,CYP3A4
DOCKSTRING-58,500,62,10,sample_map,55,THRB
DOCKSTRING-58,500,62,10,sample_map,57,KDR
DOCKSTRING-58,500,63,6,full_map,6,MAOB
DOCKSTRING-58,500,63,6,full_map,7,CASP3
DOCKSTRING-58,500,63,6,full_map,20,PGR
DOCKSTRING-58,500,63,6,full_map,21,PTPN1
DOCKSTRING-58,500,63,6,full_map,31,LCK
DOCKSTRING-58,500,63,6,full_map,57,KDR
DOCKSTRING-58,500,63,6,sample_map,6,MAOB
DOCKSTRING-58,500,63,6,sample_map,13,HSP90AA1
DOCKSTRING-58,500,63,6,sample_map,20,PGR
DOCKSTRING-58,500,63,6,sample_map,31,LCK
DOCKSTRING-58,500,63,6,sample_map,38,ADORA2A
DOCKSTRING-58,500,63,6,sample_map,57,KDR
DOCKSTRING-58,500,63,8,full_map,6,MAOB
DOCKSTRING-58,500,63,8,full_map,7,CASP3
DOCKSTRING-58,500,63,8,full_map,9,ESR2
DOCKSTRING-58,500,63,8,full_map,13,HSP90AA1
DOCKSTRING-58,500,63,8,full_map,20,PGR
DOCKSTRING-58,500,63,8,full_map,21,PTPN1
DOCKSTRING-58,500,63,8,full_map,31,LCK
DOCKSTRING-58,500,63,8,full_map,57,KDR
DOCKSTRING-58,500,63,8,sample_map,6,MAOB
DOCKSTRING-58,500,63,8,sample_map,9,ESR2
DOCKSTRING-58,500,63,8,sample_map,13,HSP90AA1
DOCKSTRING-58,500,63,8,sample_map,20,PGR
DOCKSTRING-58,500,63,8,sample_map,21,PTPN1
DOCKSTRING-58,500,63,8,sample_map,31,LCK
DOCKSTRING-58,500,63,8,sample_map,38,ADORA2A
DOCKSTRING-58,500,63,8,sample_map,57,KDR
DOCKSTRING-58,500,63,10,full_map,6,MAOB
DOCKSTRING-58,500,63,10,full_map,7,CASP3
DOCKSTRING-58,500,63,10,full_map,9,ESR2
DOCKSTRING-58,500,63,10,full_map,13,HSP90AA1
DOCKSTRING-58,500,63,10,full_map,17,NOS1
DOCKSTRING-58,500,63,10,full_map,20,PGR
DOCKSTRING-58,500,63,10,full_map,21,PTPN1
DOCKSTRING-58,500,63,10,full_map,31,LCK
DOCKSTRING-58,500,63,10,full_map,33,MMP13
DOCKSTRING-58,500,63,10,full_map,57,KDR
DOCKSTRING-58,500,63,10,sample_map,6,MAOB
DOCKSTRING-58,500,63,10,sample_map,9,ESR2
DOCKSTRING-58,500,63,10,sample_map,13,HSP90AA1
DOCKSTRING-58,500,63,10,sample_map,17,NOS1
DOCKSTRING-58,500,63,10,sample_map,20,PGR
DOCKSTRING-58,500,63,10,sample_map,21,PTPN1
DOCKSTRING-58,500,63,10,sample_map,31,LCK
DOCKSTRING-58,500,63,10,sample_map,38,ADORA2A
DOCKSTRING-58,500,63,10,sample_map,41,CA2
DOCKSTRING-58,500,63,10,sample_map,57,KDR
DOCKSTRING-58,500,64,6,full_map,6,MAOB
DOCKSTRING-58,500,64,6,full_map,7,CASP3
DOCKSTRING-58,500,64,6,full_map,20,PGR
DOCKSTRING-58,500,64,6,full_map,21,PTPN1
DOCKSTRING-58,500,64,6,full_map,31,LCK
DOCKSTRING-58,500,64,6,full_map,57,KDR
DOCKSTRING-58,500,64,6,sample_map,6,MAOB
DOCKSTRING-58,500,64,6,sample_map,7,CASP3
DOCKSTRING-58,500,64,6,sample_map,17,NOS1
DOCKSTRING-58,500,64,6,sample_map,20,PGR
DOCKSTRING-58,500,64,6,sample_map,33,MMP13
DOCKSTRING-58,500,64,6,sample_map,57,KDR
DOCKSTRING-58,500,64,8,full_map,6,MAOB
DOCKSTRING-58,500,64,8,full_map,7,CASP3
DOCKSTRING-58,500,64,8,full_map,9,ESR2
DOCKSTRING-58,500,64,8,full_map,13,HSP90AA1
DOCKSTRING-58,500,64,8,full_map,20,PGR
DOCKSTRING-58,500,64,8,full_map,21,PTPN1
DOCKSTRING-58,500,64,8,full_map,31,LCK
DOCKSTRING-58,500,64,8,full_map,57,KDR
DOCKSTRING-58,500,64,8,sample_map,7,CASP3
DOCKSTRING-58,500,64,8,sample_map,13,HSP90AA1
DOCKSTRING-58,500,64,8,sample_map,17,NOS1
DOCKSTRING-58,500,64,8,sample_map,20,PGR
DOCKSTRING-58,500,64,8,sample_map,28,NR3C1
DOCKSTRING-58,500,64,8,sample_map,33,MMP13
DOCKSTRING-58,500,64,8,sample_map,43,CYP3A4
DOCKSTRING-58,500,64,8,sample_map,57,KDR
DOCKSTRING-58,500,64,10,full_map,6,MAOB
DOCKSTRING-58,500,64,10,full_map,7,CASP3
DOCKSTRING-58,500,64,10,full_map,9,ESR2
DOCKSTRING-58,500,64,10,full_map,13,HSP90AA1
DOCKSTRING-58,500,64,10,full_map,17,NOS1
DOCKSTRING-58,500,64,10,full_map,20,PGR
DOCKSTRING-58,500,64,10,full_map,21,PTPN1
DOCKSTRING-58,500,64,10,full_map,31,LCK
DOCKSTRING-58,500,64,10,full_map,33,MMP13
DOCKSTRING-58,500,64,10,full_map,57,KDR
DOCKSTRING-58,500,64,10,sample_map,7,CASP3
DOCKSTRING-58,500,64,10,sample_map,13,HSP90AA1
DOCKSTRING-58,500,64,10,sample_map,17,NOS1
DOCKSTRING-58,500,64,10,sample_map,20,PGR
DOCKSTRING-58,500,64,10,sample_map,21,PTPN1
DOCKSTRING-58,500,64,10,sample_map,27,ESR1
DOCKSTRING-58,500,64,10,sample_map,28,NR3C1
DOCKSTRING-58,500,64,10,sample_map,33,MMP13
DOCKSTRING-58,500,64,10,sample_map,43,CYP3A4
DOCKSTRING-58,500,64,10,sample_map,57,KDR
DOCKSTRING-58,500,65,6,full_map,6,MAOB
DOCKSTRING-58,500,65,6,full_map,7,CASP3
DOCKSTRING-58,500,65,6,full_map,20,PGR
DOCKSTRING-58,500,65,6,full_map,21,PTPN1
DOCKSTRING-58,500,65,6,full_map,31,LCK
DOCKSTRING-58,500,65,6,full_map,57,KDR
DOCKSTRING-58,500,65,6,sample_map,7,CASP3
DOCKSTRING-58,500,65,6,sample_map,17,NOS1
DOCKSTRING-58,500,65,6,sample_map,20,PGR
DOCKSTRING-58,500,65,6,sample_map,25,CDK2
DOCKSTRING-58,500,65,6,sample_map,43,CYP3A4
DOCKSTRING-58,500,65,6,sample_map,57,KDR
DOCKSTRING-58,500,65,8,full_map,6,MAOB
DOCKSTRING-58,500,65,8,full_map,7,CASP3
DOCKSTRING-58,500,65,8,full_map,9,ESR2
DOCKSTRING-58,500,65,8,full_map,13,HSP90AA1
DOCKSTRING-58,500,65,8,full_map,20,PGR
DOCKSTRING-58,500,65,8,full_map,21,PTPN1
DOCKSTRING-58,500,65,8,full_map,31,LCK
DOCKSTRING-58,500,65,8,full_map,57,KDR
DOCKSTRING-58,500,65,8,sample_map,7,CASP3
DOCKSTRING-58,500,65,8,sample_map,17,NOS1
DOCKSTRING-58,500,65,8,sample_map,20,PGR
DOCKSTRING-58,500,65,8,sample_map,25,CDK2
DOCKSTRING-58,500,65,8,sample_map,28,NR3C1
DOCKSTRING-58,500,65,8,sample_map,31,LCK
DOCKSTRING-58,500,65,8,sample_map,43,CYP3A4
DOCKSTRING-58,500,65,8,sample_map,57,KDR
DOCKSTRING-58,500,65,10,full_map,6,MAOB
DOCKSTRING-58,500,65,10,full_map,7,CASP3
DOCKSTRING-58,500,65,10,full_map,9,ESR2
DOCKSTRING-58,500,65,10,full_map,13,HSP90AA1
DOCKSTRING-58,500,65,10,full_map,17,NOS1
DOCKSTRING-58,500,65,10,full_map,20,PGR
DOCKSTRING-58,500,65,10,full_map,21,PTPN1
DOCKSTRING-58,500,65,10,full_map,31,LCK
DOCKSTRING-58,500,65,10,full_map,33,MMP13
DOCKSTRING-58,500,65,10,full_map,57,KDR
DOCKSTRING-58,500,65,10,sample_map,7,CASP3
DOCKSTRING-58,500,65,10,sample_map,13,HSP90AA1
DOCKSTRING-58,500,65,10,sample_map,17,NOS1
DOCKSTRING-58,500,65,10,sample_map,20,PGR
DOCKSTRING-58,500,65,10,sample_map,21,PTPN1
DOCKSTRING-58,500,65,10,sample_map,25,CDK2
DOCKSTRING-58,500,65,10,sample_map,26,CSF1R
DOCKSTRING-58,500,65,10,sample_map,31,LCK
DOCKSTRING-58,500,65,10,sample_map,43,CYP3A4
DOCKSTRING-58,500,65,10,sample_map,57,KDR
DOCKSTRING-58,500,66,6,full_map,6,MAOB
DOCKSTRING-58,500,66,6,full_map,7,CASP3
DOCKSTRING-58,500,66,6,full_map,20,PGR
DOCKSTRING-58,500,66,6,full_map,21,PTPN1
DOCKSTRING-58,500,66,6,full_map,31,LCK
DOCKSTRING-58,500,66,6,full_map,57,KDR
DOCKSTRING-58,500,66,6,sample_map,6,MAOB
DOCKSTRING-58,500,66,6,sample_map,7,CASP3
DOCKSTRING-58,500,66,6,sample_map,20,PGR
DOCKSTRING-58,500,66,6,sample_map,31,LCK
DOCKSTRING-58,500,66,6,sample_map,38,ADORA2A
DOCKSTRING-58,500,66,6,sample_map,57,KDR
DOCKSTRING-58,500,66,8,full_map,6,MAOB
DOCKSTRING-58,500,66,8,full_map,7,CASP3
DOCKSTRING-58,500,66,8,full_map,9,ESR2
DOCKSTRING-58,500,66,8,full_map,13,HSP90AA1
DOCKSTRING-58,500,66,8,full_map,20,PGR
DOCKSTRING-58,500,66,8,full_map,21,PTPN1
DOCKSTRING-58,500,66,8,full_map,31,LCK
DOCKSTRING-58,500,66,8,full_map,57,KDR
DOCKSTRING-58,500,66,8,sample_map,6,MAOB
DOCKSTRING-58,500,66,8,sample_map,7,CASP3
DOCKSTRING-58,500,66,8,sample_map,11,FGFR1
DOCKSTRING-58,500,66,8,sample_map,20,PGR
DOCKSTRING-58,500,66,8,sample_map,21,PTPN1
DOCKSTRING-58,500,66,8,sample_map,31,LCK
DOCKSTRING-58,500,66,8,sample_map,38,ADORA2A
DOCKSTRING-58,500,66,8,sample_map,57,KDR
DOCKSTRING-58,500,66,10,full_map,6,MAOB
DOCKSTRING-58,500,66,10,full_map,7,CASP3
DOCKSTRING-58,500,66,10,full_map,9,ESR2
DOCKSTRING-58,500,66,10,full_map,13,HSP90AA1
DOCKSTRING-58,500,66,10,full_map,17,NOS1
DOCKSTRING-58,500,66,10,full_map,20,PGR
DOCKSTRING-58,500,66,10,full_map,21,PTPN1
DOCKSTRING-58,500,66,10,full_map,31,LCK
DOCKSTRING-58,500,66,10,full_map,33,MMP13
DOCKSTRING-58,500,66,10,full_map,57,KDR
DOCKSTRING-58,500,66,10,sample_map,7,CASP3
DOCKSTRING-58,500,66,10,sample_map,11,FGFR1
DOCKSTRING-58,500,66,10,sample_map,13,HSP90AA1
DOCKSTRING-58,500,66,10,sample_map,20,PGR
DOCKSTRING-58,500,66,10,sample_map,21,PTPN1
DOCKSTRING-58,500,66,10,sample_map,31,LCK
DOCKSTRING-58,500,66,10,sample_map,38,ADORA2A
DOCKSTRING-58,500,66,10,sample_map,43,CYP3A4
DOCKSTRING-58,500,66,10,sample_map,55,THRB
DOCKSTRING-58,500,66,10,sample_map,57,KDR
DOCKSTRING-58,500,67,6,full_map,6,MAOB
DOCKSTRING-58,500,67,6,full_map,7,CASP3
DOCKSTRING-58,500,67,6,full_map,20,PGR
DOCKSTRING-58,500,67,6,full_map,21,PTPN1
DOCKSTRING-58,500,67,6,full_map,31,LCK
DOCKSTRING-58,500,67,6,full_map,57,KDR
DOCKSTRING-58,500,67,6,sample_map,6,MAOB
DOCKSTRING-58,500,67,6,sample_map,7,CASP3
DOCKSTRING-58,500,67,6,sample_map,20,PGR
DOCKSTRING-58,500,67,6,sample_map,21,PTPN1
DOCKSTRING-58,500,67,6,sample_map,33,MMP13
DOCKSTRING-58,500,67,6,sample_map,57,KDR
DOCKSTRING-58,500,67,8,full_map,6,MAOB
DOCKSTRING-58,500,67,8,full_map,7,CASP3
DOCKSTRING-58,500,67,8,full_map,9,ESR2
DOCKSTRING-58,500,67,8,full_map,13,HSP90AA1
DOCKSTRING-58,500,67,8,full_map,20,PGR
DOCKSTRING-58,500,67,8,full_map,21,PTPN1
DOCKSTRING-58,500,67,8,full_map,31,LCK
DOCKSTRING-58,500,67,8,full_map,57,KDR
DOCKSTRING-58,500,67,8,sample_map,6,MAOB
DOCKSTRING-58,500,67,8,sample_map,7,CASP3
DOCKSTRING-58,500,67,8,sample_map,9,ESR2
DOCKSTRING-58,500,67,8,sample_map,13,HSP90AA1
DOCKSTRING-58,500,67,8,sample_map,20,PGR
DOCKSTRING-58,500,67,8,sample_map,21,PTPN1
DOCKSTRING-58,500,67,8,sample_map,30,JAK2
DOCKSTRING-58,500,67,8,sample_map,57,KDR
DOCKSTRING-58,500,67,10,full_map,6,MAOB
DOCKSTRING-58,500,67,10,full_map,7,CASP3
DOCKSTRING-58,500,67,10,full_map,9,ESR2
DOCKSTRING-58,500,67,10,full_map,13,HSP90AA1
DOCKSTRING-58,500,67,10,full_map,17,NOS1
DOCKSTRING-58,500,67,10,full_map,20,PGR
DOCKSTRING-58,500,67,10,full_map,21,PTPN1
DOCKSTRING-58,500,67,10,full_map,31,LCK
DOCKSTRING-58,500,67,10,full_map,33,MMP13
DOCKSTRING-58,500,67,10,full_map,57,KDR
DOCKSTRING-58,500,67,10,sample_map,6,MAOB
DOCKSTRING-58,500,67,10,sample_map,7,CASP3
DOCKSTRING-58,500,67,10,sample_map,9,ESR2
DOCKSTRING-58,500,67,10,sample_map,13,HSP90AA1
DOCKSTRING-58,500,67,10,sample_map,20,PGR
DOCKSTRING-58,500,67,10,sample_map,21,PTPN1
DOCKSTRING-58,500,67,10,sample_map,30,JAK2
DOCKSTRING-58,500,67,10,sample_map,41,CA2
DOCKSTRING-58,500,67,10,sample_map,44,HSD11B1
DOCKSTRING-58,500,67,10,sample_map,57,KDR
DOCKSTRING-58,500,68,6,full_map,6,MAOB
DOCKSTRING-58,500,68,6,full_map,7,CASP3
DOCKSTRING-58,500,68,6,full_map,20,PGR
DOCKSTRING-58,500,68,6,full_map,21,PTPN1
DOCKSTRING-58,500,68,6,full_map,31,LCK
DOCKSTRING-58,500,68,6,full_map,57,KDR
DOCKSTRING-58,500,68,6,sample_map,6,MAOB
DOCKSTRING-58,500,68,6,sample_map,7,CASP3
DOCKSTRING-58,500,68,6,sample_map,13,HSP90AA1
DOCKSTRING-58,500,68,6,sample_map,20,PGR
DOCKSTRING-58,500,68,6,sample_map,31,LCK
DOCKSTRING-58,500,68,6,sample_map,57,KDR
DOCKSTRING-58,500,68,8,full_map,6,MAOB
DOCKSTRING-58,500,68,8,full_map,7,CASP3
DOCKSTRING-58,500,68,8,full_map,9,ESR2
DOCKSTRING-58,500,68,8,full_map,13,HSP90AA1
DOCKSTRING-58,500,68,8,full_map,20,PGR
DOCKSTRING-58,500,68,8,full_map,21,PTPN1
DOCKSTRING-58,500,68,8,full_map,31,LCK
DOCKSTRING-58,500,68,8,full_map,57,KDR
DOCKSTRING-58,500,68,8,sample_map,6,MAOB
DOCKSTRING-58,500,68,8,sample_map,7,CASP3
DOCKSTRING-58,500,68,8,sample_map,13,HSP90AA1
DOCKSTRING-58,500,68,8,sample_map,20,PGR
DOCKSTRING-58,500,68,8,sample_map,21,PTPN1
DOCKSTRING-58,500,68,8,sample_map,26,CSF1R
DOCKSTRING-58,500,68,8,sample_map,31,LCK
DOCKSTRING-58,500,68,8,sample_map,57,KDR
DOCKSTRING-58,500,68,10,full_map,6,MAOB
DOCKSTRING-58,500,68,10,full_map,7,CASP3
DOCKSTRING-58,500,68,10,full_map,9,ESR2
DOCKSTRING-58,500,68,10,full_map,13,HSP90AA1
DOCKSTRING-58,500,68,10,full_map,17,NOS1
DOCKSTRING-58,500,68,10,full_map,20,PGR
DOCKSTRING-58,500,68,10,full_map,21,PTPN1
DOCKSTRING-58,500,68,10,full_map,31,LCK
DOCKSTRING-58,500,68,10,full_map,33,MMP13
DOCKSTRING-58,500,68,10,full_map,57,KDR
DOCKSTRING-58,500,68,10,sample_map,6,MAOB
DOCKSTRING-58,500,68,10,sample_map,7,CASP3
DOCKSTRING-58,500,68,10,sample_map,9,ESR2
DOCKSTRING-58,500,68,10,sample_map,13,HSP90AA1
DOCKSTRING-58,500,68,10,sample_map,20,PGR
DOCKSTRING-58,500,68,10,sample_map,21,PTPN1
DOCKSTRING-58,500,68,10,sample_map,26,CSF1R
DOCKSTRING-58,500,68,10,sample_map,31,LCK
DOCKSTRING-58,500,68,10,sample_map,44,HSD11B1
DOCKSTRING-58,500,68,10,sample_map,57,KDR
DOCKSTRING-58,500,69,6,full_map,6,MAOB
DOCKSTRING-58,500,69,6,full_map,7,CASP3
DOCKSTRING-58,500,69,6,full_map,20,PGR
DOCKSTRING-58,500,69,6,full_map,21,PTPN1
DOCKSTRING-58,500,69,6,full_map,31,LCK
DOCKSTRING-58,500,69,6,full_map,57,KDR
DOCKSTRING-58,500,69,6,sample_map,7,CASP3
DOCKSTRING-58,500,69,6,sample_map,13,HSP90AA1
DOCKSTRING-58,500,69,6,sample_map,20,PGR
DOCKSTRING-58,500,69,6,sample_map,43,CYP3A4
DOCKSTRING-58,500,69,6,sample_map,51,MAPK1
DOCKSTRING-58,500,69,6,sample_map,57,KDR
DOCKSTRING-58,500,69,8,full_map,6,MAOB
DOCKSTRING-58,500,69,8,full_map,7,CASP3
DOCKSTRING-58,500,69,8,full_map,9,ESR2
DOCKSTRING-58,500,69,8,full_map,13,HSP90AA1
DOCKSTRING-58,500,69,8,full_map,20,PGR
DOCKSTRING-58,500,69,8,full_map,21,PTPN1
DOCKSTRING-58,500,69,8,full_map,31,LCK
DOCKSTRING-58,500,69,8,full_map,57,KDR
DOCKSTRING-58,500,69,8,sample_map,7,CASP3
DOCKSTRING-58,500,69,8,sample_map,13,HSP90AA1
DOCKSTRING-58,500,69,8,sample_map,20,PGR
DOCKSTRING-58,500,69,8,sample_map,21,PTPN1
DOCKSTRING-58,500,69,8,sample_map,33,MMP13
DOCKSTRING-58,500,69,8,sample_map,43,CYP3A4
DOCKSTRING-58,500,69,8,sample_map,51,MAPK1
DOCKSTRING-58,500,69,8,sample_map,57,KDR
DOCKSTRING-58,500,69,10,full_map,6,MAOB
DOCKSTRING-58,500,69,10,full_map,7,CASP3
DOCKSTRING-58,500,69,10,full_map,9,ESR2
DOCKSTRING-58,500,69,10,full_map,13,HSP90AA1
DOCKSTRING-58,500,69,10,full_map,17,NOS1
DOCKSTRING-58,500,69,10,full_map,20,PGR
DOCKSTRING-58,500,69,10,full_map,21,PTPN1
DOCKSTRING-58,500,69,10,full_map,31,LCK
DOCKSTRING-58,500,69,10,full_map,33,MMP13
DOCKSTRING-58,500,69,10,full_map,57,KDR
DOCKSTRING-58,500,69,10,sample_map,13,HSP90AA1
DOCKSTRING-58,500,69,10,sample_map,20,PGR
DOCKSTRING-58,500,69,10,sample_map,21,PTPN1
DOCKSTRING-58,500,69,10,sample_map,26,CSF1R
DOCKSTRING-58,500,69,10,sample_map,33,MMP13
DOCKSTRING-58,500,69,10,sample_map,40,BACE1
DOCKSTRING-58,500,69,10,sample_map,43,CYP3A4
DOCKSTRING-58,500,69,10,sample_map,51,MAPK1
DOCKSTRING-58,500,69,10,sample_map,52,MAPK14
DOCKSTRING-58,500,69,10,sample_map,57,KDR
DOCKSTRING-58,500,70,6,full_map,6,MAOB
DOCKSTRING-58,500,70,6,full_map,7,CASP3
DOCKSTRING-58,500,70,6,full_map,20,PGR
DOCKSTRING-58,500,70,6,full_map,21,PTPN1
DOCKSTRING-58,500,70,6,full_map,31,LCK
DOCKSTRING-58,500,70,6,full_map,57,KDR
DOCKSTRING-58,500,70,6,sample_map,8,DHFR
DOCKSTRING-58,500,70,6,sample_map,13,HSP90AA1
DOCKSTRING-58,500,70,6,sample_map,20,PGR
DOCKSTRING-58,500,70,6,sample_map,40,BACE1
DOCKSTRING-58,500,70,6,sample_map,43,CYP3A4
DOCKSTRING-58,500,70,6,sample_map,57,KDR
DOCKSTRING-58,500,70,8,full_map,6,MAOB
DOCKSTRING-58,500,70,8,full_map,7,CASP3
DOCKSTRING-58,500,70,8,full_map,9,ESR2
DOCKSTRING-58,500,70,8,full_map,13,HSP90AA1
DOCKSTRING-58,500,70,8,full_map,20,PGR
DOCKSTRING-58,500,70,8,full_map,21,PTPN1
DOCKSTRING-58,500,70,8,full_map,31,LCK
DOCKSTRING-58,500,70,8,full_map,57,KDR
DOCKSTRING-58,500,70,8,sample_map,8,DHFR
DOCKSTRING-58,500,70,8,sample_map,13,HSP90AA1
DOCKSTRING-58,500,70,8,sample_map,20,PGR
DOCKSTRING-58,500,70,8,sample_map,21,PTPN1
DOCKSTRING-58,500,70,8,sample_map,38,ADORA2A
DOCKSTRING-58,500,70,8,sample_map,40,BACE1
DOCKSTRING-58,500,70,8,sample_map,43,CYP3A4
DOCKSTRING-58,500,70,8,sample_map,57,KDR
DOCKSTRING-58,500,70,10,full_map,6,MAOB
DOCKSTRING-58,500,70,10,full_map,7,CASP3
DOCKSTRING-58,500,70,10,full_map,9,ESR2
DOCKSTRING-58,500,70,10,full_map,13,HSP90AA1
DOCKSTRING-58,500,70,10,full_map,17,NOS1
DOCKSTRING-58,500,70,10,full_map,20,PGR
DOCKSTRING-58,500,70,10,full_map,21,PTPN1
DOCKSTRING-58,500,70,10,full_map,31,LCK
DOCKSTRING-58,500,70,10,full_map,33,MMP13
DOCKSTRING-58,500,70,10,full_map,57,KDR
DOCKSTRING-58,500,70,10,sample_map,7,CASP3
DOCKSTRING-58,500,70,10,sample_map,8,DHFR
DOCKSTRING-58,500,70,10,sample_map,10,PTK2
DOCKSTRING-58,500,70,10,sample_map,13,HSP90AA1
DOCKSTRING-58,500,70,10,sample_map,20,PGR
DOCKSTRING-58,500,70,10,sample_map,21,PTPN1
DOCKSTRING-58,500,70,10,sample_map,31,LCK
DOCKSTRING-58,500,70,10,sample_map,43,CYP3A4
DOCKSTRING-58,500,70,10,sample_map,51,MAPK1
DOCKSTRING-58,500,70,10,sample_map,57,KDR
DOCKSTRING-58,500,71,6,full_map,6,MAOB
DOCKSTRING-58,500,71,6,full_map,7,CASP3
DOCKSTRING-58,500,71,6,full_map,20,PGR
DOCKSTRING-58,500,71,6,full_map,21,PTPN1
DOCKSTRING-58,500,71,6,full_map,31,LCK
DOCKSTRING-58,500,71,6,full_map,57,KDR
DOCKSTRING-58,500,71,6,sample_map,6,MAOB
DOCKSTRING-58,500,71,6,sample_map,7,CASP3
DOCKSTRING-58,500,71,6,sample_map,9,ESR2
DOCKSTRING-58,500,71,6,sample_map,20,PGR
DOCKSTRING-58,500,71,6,sample_map,30,JAK2
DOCKSTRING-58,500,71,6,sample_map,57,KDR
DOCKSTRING-58,500,71,8,full_map,6,MAOB
DOCKSTRING-58,500,71,8,full_map,7,CASP3
DOCKSTRING-58,500,71,8,full_map,9,ESR2
DOCKSTRING-58,500,71,8,full_map,13,HSP90AA1
DOCKSTRING-58,500,71,8,full_map,20,PGR
DOCKSTRING-58,500,71,8,full_map,21,PTPN1
DOCKSTRING-58,500,71,8,full_map,31,LCK
DOCKSTRING-58,500,71,8,full_map,57,KDR
DOCKSTRING-58,500,71,8,sample_map,6,MAOB
DOCKSTRING-58,500,71,8,sample_map,7,CASP3
DOCKSTRING-58,500,71,8,sample_map,9,ESR2
DOCKSTRING-58,500,71,8,sample_map,13,HSP90AA1
DOCKSTRING-58,500,71,8,sample_map,20,PGR
DOCKSTRING-58,500,71,8,sample_map,21,PTPN1
DOCKSTRING-58,500,71,8,sample_map,52,MAPK14
DOCKSTRING-58,500,71,8,sample_map,57,KDR
DOCKSTRING-58,500,71,10,full_map,6,MAOB
DOCKSTRING-58,500,71,10,full_map,7,CASP3
DOCKSTRING-58,500,71,10,full_map,9,ESR2
DOCKSTRING-58,500,71,10,full_map,13,HSP90AA1
DOCKSTRING-58,500,71,10,full_map,17,NOS1
DOCKSTRING-58,500,71,10,full_map,20,PGR
DOCKSTRING-58,500,71,10,full_map,21,PTPN1
DOCKSTRING-58,500,71,10,full_map,31,LCK
DOCKSTRING-58,500,71,10,full_map,33,MMP13
DOCKSTRING-58,500,71,10,full_map,57,KDR
DOCKSTRING-58,500,71,10,sample_map,6,MAOB
DOCKSTRING-58,500,71,10,sample_map,7,CASP3
DOCKSTRING-58,500,71,10,sample_map,9,ESR2
DOCKSTRING-58,500,71,10,sample_map,13,HSP90AA1
DOCKSTRING-58,500,71,10,sample_map,20,PGR
DOCKSTRING-58,500,71,10,sample_map,21,PTPN1
DOCKSTRING-58,500,71,10,sample_map,33,MMP13
DOCKSTRING-58,500,71,10,sample_map,51,MAPK1
DOCKSTRING-58,500,71,10,sample_map,52,MAPK14
DOCKSTRING-58,500,71,10,sample_map,57,KDR
DOCKSTRING-58,500,72,6,full_map,6,MAOB
DOCKSTRING-58,500,72,6,full_map,7,CASP3
DOCKSTRING-58,500,72,6,full_map,20,PGR
DOCKSTRING-58,500,72,6,full_map,21,PTPN1
DOCKSTRING-58,500,72,6,full_map,31,LCK
DOCKSTRING-58,500,72,6,full_map,57,KDR
DOCKSTRING-58,500,72,6,sample_map,6,MAOB
DOCKSTRING-58,500,72,6,sample_map,7,CASP3
DOCKSTRING-58,500,72,6,sample_map,8,DHFR
DOCKSTRING-58,500,72,6,sample_map,20,PGR
DOCKSTRING-58,500,72,6,sample_map,35,PPARA
DOCKSTRING-58,500,72,6,sample_map,57,KDR
DOCKSTRING-58,500,72,8,full_map,6,MAOB
DOCKSTRING-58,500,72,8,full_map,7,CASP3
DOCKSTRING-58,500,72,8,full_map,9,ESR2
DOCKSTRING-58,500,72,8,full_map,13,HSP90AA1
DOCKSTRING-58,500,72,8,full_map,20,PGR
DOCKSTRING-58,500,72,8,full_map,21,PTPN1
DOCKSTRING-58,500,72,8,full_map,31,LCK
DOCKSTRING-58,500,72,8,full_map,57,KDR
DOCKSTRING-58,500,72,8,sample_map,6,MAOB
DOCKSTRING-58,500,72,8,sample_map,7,CASP3
DOCKSTRING-58,500,72,8,sample_map,8,DHFR
DOCKSTRING-58,500,72,8,sample_map,13,HSP90AA1
DOCKSTRING-58,500,72,8,sample_map,20,PGR
DOCKSTRING-58,500,72,8,sample_map,21,PTPN1
DOCKSTRING-58,500,72,8,sample_map,35,PPARA
DOCKSTRING-58,500,72,8,sample_map,57,KDR
DOCKSTRING-58,500,72,10,full_map,6,MAOB
DOCKSTRING-58,500,72,10,full_map,7,CASP3
DOCKSTRING-58,500,72,10,full_map,9,ESR2
DOCKSTRING-58,500,72,10,full_map,13,HSP90AA1
DOCKSTRING-58,500,72,10,full_map,17,NOS1
DOCKSTRING-58,500,72,10,full_map,20,PGR
DOCKSTRING-58,500,72,10,full_map,21,PTPN1
DOCKSTRING-58,500,72,10,full_map,31,LCK
DOCKSTRING-58,500,72,10,full_map,33,MMP13
DOCKSTRING-58,500,72,10,full_map,57,KDR
DOCKSTRING-58,500,72,10,sample_map,6,MAOB
DOCKSTRING-58,500,72,10,sample_map,7,CASP3
DOCKSTRING-58,500,72,10,sample_map,8,DHFR
DOCKSTRING-58,500,72,10,sample_map,9,ESR2
DOCKSTRING-58,500,72,10,sample_map,13,HSP90AA1
DOCKSTRING-58,500,72,10,sample_map,20,PGR
DOCKSTRING-58,500,72,10,sample_map,21,PTPN1
DOCKSTRING-58,500,72,10,sample_map,35,PPARA
DOCKSTRING-58,500,72,10,sample_map,51,MAPK1
DOCKSTRING-58,500,72,10,sample_map,57,KDR
DOCKSTRING-58,500,73,6,full_map,6,MAOB
DOCKSTRING-58,500,73,6,full_map,7,CASP3
DOCKSTRING-58,500,73,6,full_map,20,PGR
DOCKSTRING-58,500,73,6,full_map,21,PTPN1
DOCKSTRING-58,500,73,6,full_map,31,LCK
DOCKSTRING-58,500,73,6,full_map,57,KDR
DOCKSTRING-58,500,73,6,sample_map,7,CASP3
DOCKSTRING-58,500,73,6,sample_map,20,PGR
DOCKSTRING-58,500,73,6,sample_map,21,PTPN1
DOCKSTRING-58,500,73,6,sample_map,33,MMP13
DOCKSTRING-58,500,73,6,sample_map,43,CYP3A4
DOCKSTRING-58,500,73,6,sample_map,57,KDR
DOCKSTRING-58,500,73,8,full_map,6,MAOB
DOCKSTRING-58,500,73,8,full_map,7,CASP3
DOCKSTRING-58,500,73,8,full_map,9,ESR2
DOCKSTRING-58,500,73,8,full_map,13,HSP90AA1
DOCKSTRING-58,500,73,8,full_map,20,PGR
DOCKSTRING-58,500,73,8,full_map,21,PTPN1
DOCKSTRING-58,500,73,8,full_map,31,LCK
DOCKSTRING-58,500,73,8,full_map,57,KDR
DOCKSTRING-58,500,73,8,sample_map,7,CASP3
DOCKSTRING-58,500,73,8,sample_map,9,ESR2
DOCKSTRING-58,500,73,8,sample_map,20,PGR
DOCKSTRING-58,500,73,8,sample_map,21,PTPN1
DOCKSTRING-58,500,73,8,sample_map,33,MMP13
DOCKSTRING-58,500,73,8,sample_map,43,CYP3A4
DOCKSTRING-58,500,73,8,sample_map,55,THRB
DOCKSTRING-58,500,73,8,sample_map,57,KDR
DOCKSTRING-58,500,73,10,full_map,6,MAOB
DOCKSTRING-58,500,73,10,full_map,7,CASP3
DOCKSTRING-58,500,73,10,full_map,9,ESR2
DOCKSTRING-58,500,73,10,full_map,13,HSP90AA1
DOCKSTRING-58,500,73,10,full_map,17,NOS1
DOCKSTRING-58,500,73,10,full_map,20,PGR
DOCKSTRING-58,500,73,10,full_map,21,PTPN1
DOCKSTRING-58,500,73,10,full_map,31,LCK
DOCKSTRING-58,500,73,10,full_map,33,MMP13
DOCKSTRING-58,500,73,10,full_map,57,KDR
DOCKSTRING-58,500,73,10,sample_map,7,CASP3
DOCKSTRING-58,500,73,10,sample_map,9,ESR2
DOCKSTRING-58,500,73,10,sample_map,13,HSP90AA1
DOCKSTRING-58,500,73,10,sample_map,20,PGR
DOCKSTRING-58,500,73,10,sample_map,21,PTPN1
DOCKSTRING-58,500,73,10,sample_map,26,CSF1R
DOCKSTRING-58,500,73,10,sample_map,33,MMP13
DOCKSTRING-58,500,73,10,sample_map,43,CYP3A4
DOCKSTRING-58,500,73,10,sample_map,55,THRB
DOCKSTRING-58,500,73,10,sample_map,57,KDR
DOCKSTRING-58,500,74,6,full_map,6,MAOB
DOCKSTRING-58,500,74,6,full_map,7,CASP3
DOCKSTRING-58,500,74,6,full_map,20,PGR
DOCKSTRING-58,500,74,6,full_map,21,PTPN1
DOCKSTRING-58,500,74,6,full_map,31,LCK
DOCKSTRING-58,500,74,6,full_map,57,KDR
DOCKSTRING-58,500,74,6,sample_map,13,HSP90AA1
DOCKSTRING-58,500,74,6,sample_map,20,PGR
DOCKSTRING-58,500,74,6,sample_map,31,LCK
DOCKSTRING-58,500,74,6,sample_map,43,CYP3A4
DOCKSTRING-58,500,74,6,sample_map,55,THRB
DOCKSTRING-58,500,74,6,sample_map,57,KDR
DOCKSTRING-58,500,74,8,full_map,6,MAOB
DOCKSTRING-58,500,74,8,full_map,7,CASP3
DOCKSTRING-58,500,74,8,full_map,9,ESR2
DOCKSTRING-58,500,74,8,full_map,13,HSP90AA1
DOCKSTRING-58,500,74,8,full_map,20,PGR
DOCKSTRING-58,500,74,8,full_map,21,PTPN1
DOCKSTRING-58,500,74,8,full_map,31,LCK
DOCKSTRING-58,500,74,8,full_map,57,KDR
DOCKSTRING-58,500,74,8,sample_map,6,MAOB
DOCKSTRING-58,500,74,8,sample_map,7,CASP3
DOCKSTRING-58,500,74,8,sample_map,11,FGFR1
DOCKSTRING-58,500,74,8,sample_map,13,HSP90AA1
DOCKSTRING-58,500,74,8,sample_map,20,PGR
DOCKSTRING-58,500,74,8,sample_map,30,JAK2
DOCKSTRING-58,500,74,8,sample_map,43,CYP3A4
DOCKSTRING-58,500,74,8,sample_map,54,SRC
DOCKSTRING-58,500,74,10,full_map,6,MAOB
DOCKSTRING-58,500,74,10,full_map,7,CASP3
DOCKSTRING-58,500,74,10,full_map,9,ESR2
DOCKSTRING-58,500,74,10,full_map,13,HSP90AA1
DOCKSTRING-58,500,74,10,full_map,17,NOS1
DOCKSTRING-58,500,74,10,full_map,20,PGR
DOCKSTRING-58,500,74,10,full_map,21,PTPN1
DOCKSTRING-58,500,74,10,full_map,31,LCK
DOCKSTRING-58,500,74,10,full_map,33,MMP13
DOCKSTRING-58,500,74,10,full_map,57,KDR
DOCKSTRING-58,500,74,10,sample_map,6,MAOB
DOCKSTRING-58,500,74,10,sample_map,7,CASP3
DOCKSTRING-58,500,74,10,sample_map,11,FGFR1
DOCKSTRING-58,500,74,10,sample_map,13,HSP90AA1
DOCKSTRING-58,500,74,10,sample_map,20,PGR
DOCKSTRING-58,500,74,10,sample_map,21,PTPN1
DOCKSTRING-58,500,74,10,sample_map,27,ESR1
DOCKSTRING-58,500,74,10,sample_map,30,JAK2
DOCKSTRING-58,500,74,10,sample_map,43,CYP3A4
DOCKSTRING-58,500,74,10,sample_map,54,SRC
DOCKSTRING-58,500,75,6,full_map,6,MAOB
DOCKSTRING-58,500,75,6,full_map,7,CASP3
DOCKSTRING-58,500,75,6,full_map,20,PGR
DOCKSTRING-58,500,75,6,full_map,21,PTPN1
DOCKSTRING-58,500,75,6,full_map,31,LCK
DOCKSTRING-58,500,75,6,full_map,57,KDR
DOCKSTRING-58,500,75,6,sample_map,7,CASP3
DOCKSTRING-58,500,75,6,sample_map,20,PGR
DOCKSTRING-58,500,75,6,sample_map,21,PTPN1
DOCKSTRING-58,500,75,6,sample_map,35,PPARA
DOCKSTRING-58,500,75,6,sample_map,43,CYP3A4
DOCKSTRING-58,500,75,6,sample_map,57,KDR
DOCKSTRING-58,500,75,8,full_map,6,MAOB
DOCKSTRING-58,500,75,8,full_map,7,CASP3
DOCKSTRING-58,500,75,8,full_map,9,ESR2
DOCKSTRING-58,500,75,8,full_map,13,HSP90AA1
DOCKSTRING-58,500,75,8,full_map,20,PGR
DOCKSTRING-58,500,75,8,full_map,21,PTPN1
DOCKSTRING-58,500,75,8,full_map,31,LCK
DOCKSTRING-58,500,75,8,full_map,57,KDR
DOCKSTRING-58,500,75,8,sample_map,7,CASP3
DOCKSTRING-58,500,75,8,sample_map,9,ESR2
DOCKSTRING-58,500,75,8,sample_map,17,NOS1
DOCKSTRING-58,500,75,8,sample_map,20,PGR
DOCKSTRING-58,500,75,8,sample_map,21,PTPN1
DOCKSTRING-58,500,75,8,sample_map,35,PPARA
DOCKSTRING-58,500,75,8,sample_map,43,CYP3A4
DOCKSTRING-58,500,75,8,sample_map,57,KDR
DOCKSTRING-58,500,75,10,full_map,6,MAOB
DOCKSTRING-58,500,75,10,full_map,7,CASP3
DOCKSTRING-58,500,75,10,full_map,9,ESR2
DOCKSTRING-58,500,75,10,full_map,13,HSP90AA1
DOCKSTRING-58,500,75,10,full_map,17,NOS1
DOCKSTRING-58,500,75,10,full_map,20,PGR
DOCKSTRING-58,500,75,10,full_map,21,PTPN1
DOCKSTRING-58,500,75,10,full_map,31,LCK
DOCKSTRING-58,500,75,10,full_map,33,MMP13
DOCKSTRING-58,500,75,10,full_map,57,KDR
DOCKSTRING-58,500,75,10,sample_map,7,CASP3
DOCKSTRING-58,500,75,10,sample_map,9,ESR2
DOCKSTRING-58,500,75,10,sample_map,13,HSP90AA1
DOCKSTRING-58,500,75,10,sample_map,17,NOS1
DOCKSTRING-58,500,75,10,sample_map,20,PGR
DOCKSTRING-58,500,75,10,sample_map,21,PTPN1
DOCKSTRING-58,500,75,10,sample_map,23,AKT1
DOCKSTRING-58,500,75,10,sample_map,35,PPARA
DOCKSTRING-58,500,75,10,sample_map,55,THRB
DOCKSTRING-58,500,75,10,sample_map,57,KDR
DOCKSTRING-58,500,76,6,full_map,6,MAOB
DOCKSTRING-58,500,76,6,full_map,7,CASP3
DOCKSTRING-58,500,76,6,full_map,20,PGR
DOCKSTRING-58,500,76,6,full_map,21,PTPN1
DOCKSTRING-58,500,76,6,full_map,31,LCK
DOCKSTRING-58,500,76,6,full_map,57,KDR
DOCKSTRING-58,500,76,6,sample_map,7,CASP3
DOCKSTRING-58,500,76,6,sample_map,20,PGR
DOCKSTRING-58,500,76,6,sample_map,31,LCK
DOCKSTRING-58,500,76,6,sample_map,33,MMP13
DOCKSTRING-58,500,76,6,sample_map,43,CYP3A4
DOCKSTRING-58,500,76,6,sample_map,57,KDR
DOCKSTRING-58,500,76,8,full_map,6,MAOB
DOCKSTRING-58,500,76,8,full_map,7,CASP3
DOCKSTRING-58,500,76,8,full_map,9,ESR2
DOCKSTRING-58,500,76,8,full_map,13,HSP90AA1
DOCKSTRING-58,500,76,8,full_map,20,PGR
DOCKSTRING-58,500,76,8,full_map,21,PTPN1
DOCKSTRING-58,500,76,8,full_map,31,LCK
DOCKSTRING-58,500,76,8,full_map,57,KDR
DOCKSTRING-58,500,76,8,sample_map,7,CASP3
DOCKSTRING-58,500,76,8,sample_map,20,PGR
DOCKSTRING-58,500,76,8,sample_map,21,PTPN1
DOCKSTRING-58,500,76,8,sample_map,25,CDK2
DOCKSTRING-58,500,76,8,sample_map,31,LCK
DOCKSTRING-58,500,76,8,sample_map,33,MMP13
DOCKSTRING-58,500,76,8,sample_map,43,CYP3A4
DOCKSTRING-58,500,76,8,sample_map,57,KDR
DOCKSTRING-58,500,76,10,full_map,6,MAOB
DOCKSTRING-58,500,76,10,full_map,7,CASP3
DOCKSTRING-58,500,76,10,full_map,9,ESR2
DOCKSTRING-58,500,76,10,full_map,13,HSP90AA1
DOCKSTRING-58,500,76,10,full_map,17,NOS1
DOCKSTRING-58,500,76,10,full_map,20,PGR
DOCKSTRING-58,500,76,10,full_map,21,PTPN1
DOCKSTRING-58,500,76,10,full_map,31,LCK
DOCKSTRING-58,500,76,10,full_map,33,MMP13
DOCKSTRING-58,500,76,10,full_map,57,KDR
DOCKSTRING-58,500,76,10,sample_map,5,AKT2
DOCKSTRING-58,500,76,10,sample_map,7,CASP3
DOCKSTRING-58,500,76,10,sample_map,20,PGR
DOCKSTRING-58,500,76,10,sample_map,21,PTPN1
DOCKSTRING-58,500,76,10,sample_map,27,ESR1
DOCKSTRING-58,500,76,10,sample_map,30,JAK2
DOCKSTRING-58,500,76,10,sample_map,31,LCK
DOCKSTRING-58,500,76,10,sample_map,33,MMP13
DOCKSTRING-58,500,76,10,sample_map,43,CYP3A4
DOCKSTRING-58,500,76,10,sample_map,57,KDR
DOCKSTRING-58,500,77,6,full_map,6,MAOB
DOCKSTRING-58,500,77,6,full_map,7,CASP3
DOCKSTRING-58,500,77,6,full_map,20,PGR
DOCKSTRING-58,500,77,6,full_map,21,PTPN1
DOCKSTRING-58,500,77,6,full_map,31,LCK
DOCKSTRING-58,500,77,6,full_map,57,KDR
DOCKSTRING-58,500,77,6,sample_map,13,HSP90AA1
DOCKSTRING-58,500,77,6,sample_map,20,PGR
DOCKSTRING-58,500,77,6,sample_map,33,MMP13
DOCKSTRING-58,500,77,6,sample_map,40,BACE1
DOCKSTRING-58,500,77,6,sample_map,55,THRB
DOCKSTRING-58,500,77,6,sample_map,57,KDR
DOCKSTRING-58,500,77,8,full_map,6,MAOB
DOCKSTRING-58,500,77,8,full_map,7,CASP3
DOCKSTRING-58,500,77,8,full_map,9,ESR2
DOCKSTRING-58,500,77,8,full_map,13,HSP90AA1
DOCKSTRING-58,500,77,8,full_map,20,PGR
DOCKSTRING-58,500,77,8,full_map,21,PTPN1
DOCKSTRING-58,500,77,8,full_map,31,LCK
DOCKSTRING-58,500,77,8,full_map,57,KDR
DOCKSTRING-58,500,77,8,sample_map,13,HSP90AA1
DOCKSTRING-58,500,77,8,sample_map,20,PGR
DOCKSTRING-58,500,77,8,sample_map,21,PTPN1
DOCKSTRING-58,500,77,8,sample_map,27,ESR1
DOCKSTRING-58,500,77,8,sample_map,33,MMP13
DOCKSTRING-58,500,77,8,sample_map,40,BACE1
DOCKSTRING-58,500,77,8,sample_map,55,THRB
DOCKSTRING-58,500,77,8,sample_map,57,KDR
DOCKSTRING-58,500,77,10,full_map,6,MAOB
DOCKSTRING-58,500,77,10,full_map,7,CASP3
DOCKSTRING-58,500,77,10,full_map,9,ESR2
DOCKSTRING-58,500,77,10,full_map,13,HSP90AA1
DOCKSTRING-58,500,77,10,full_map,17,NOS1
DOCKSTRING-58,500,77,10,full_map,20,PGR
DOCKSTRING-58,500,77,10,full_map,21,PTPN1
DOCKSTRING-58,500,77,10,full_map,31,LCK
DOCKSTRING-58,500,77,10,full_map,33,MMP13
DOCKSTRING-58,500,77,10,full_map,57,KDR
DOCKSTRING-58,500,77,10,sample_map,13,HSP90AA1
DOCKSTRING-58,500,77,10,sample_map,20,PGR
DOCKSTRING-58,500,77,10,sample_map,21,PTPN1
DOCKSTRING-58,500,77,10,sample_map,25,CDK2
DOCKSTRING-58,500,77,10,sample_map,26,CSF1R
DOCKSTRING-58,500,77,10,sample_map,27,ESR1
DOCKSTRING-58,500,77,10,sample_map,33,MMP13
DOCKSTRING-58,500,77,10,sample_map,40,BACE1
DOCKSTRING-58,500,77,10,sample_map,55,THRB
DOCKSTRING-58,500,77,10,sample_map,57,KDR
DOCKSTRING-58,500,78,6,full_map,6,MAOB
DOCKSTRING-58,500,78,6,full_map,7,CASP3
DOCKSTRING-58,500,78,6,full_map,20,PGR
DOCKSTRING-58,500,78,6,full_map,21,PTPN1
DOCKSTRING-58,500,78,6,full_map,31,LCK
DOCKSTRING-58,500,78,6,full_map,57,KDR
DOCKSTRING-58,500,78,6,sample_map,6,MAOB
DOCKSTRING-58,500,78,6,sample_map,20,PGR
DOCKSTRING-58,500,78,6,sample_map,28,NR3C1
DOCKSTRING-58,500,78,6,sample_map,31,LCK
DOCKSTRING-58,500,78,6,sample_map,33,MMP13
DOCKSTRING-58,500,78,6,sample_map,57,KDR
DOCKSTRING-58,500,78,8,full_map,6,MAOB
DOCKSTRING-58,500,78,8,full_map,7,CASP3
DOCKSTRING-58,500,78,8,full_map,9,ESR2
DOCKSTRING-58,500,78,8,full_map,13,HSP90AA1
DOCKSTRING-58,500,78,8,full_map,20,PGR
DOCKSTRING-58,500,78,8,full_map,21,PTPN1
DOCKSTRING-58,500,78,8,full_map,31,LCK
DOCKSTRING-58,500,78,8,full_map,57,KDR
DOCKSTRING-58,500,78,8,sample_map,6,MAOB
DOCKSTRING-58,500,78,8,sample_map,23,AKT1
DOCKSTRING-58,500,78,8,sample_map,28,NR3C1
DOCKSTRING-58,500,78,8,sample_map,30,JAK2
DOCKSTRING-58,500,78,8,sample_map,31,LCK
DOCKSTRING-58,500,78,8,sample_map,33,MMP13
DOCKSTRING-58,500,78,8,sample_map,34,PTGS2
DOCKSTRING-58,500,78,8,sample_map,57,KDR
DOCKSTRING-58,500,78,10,full_map,6,MAOB
DOCKSTRING-58,500,78,10,full_map,7,CASP3
DOCKSTRING-58,500,78,10,full_map,9,ESR2
DOCKSTRING-58,500,78,10,full_map,13,HSP90AA1
DOCKSTRING-58,500,78,10,full_map,17,NOS1
DOCKSTRING-58,500,78,10,full_map,20,PGR
DOCKSTRING-58,500,78,10,full_map,21,PTPN1
DOCKSTRING-58,500,78,10,full_map,31,LCK
DOCKSTRING-58,500,78,10,full_map,33,MMP13
DOCKSTRING-58,500,78,10,full_map,57,KDR
DOCKSTRING-58,500,78,10,sample_map,4,ADRB2
DOCKSTRING-58,500,78,10,sample_map,6,MAOB
DOCKSTRING-58,500,78,10,sample_map,9,ESR2
DOCKSTRING-58,500,78,10,sample_map,13,HSP90AA1
DOCKSTRING-58,500,78,10,sample_map,23,AKT1
DOCKSTRING-58,500,78,10,sample_map,28,NR3C1
DOCKSTRING-58,500,78,10,sample_map,30,JAK2
DOCKSTRING-58,500,78,10,sample_map,31,LCK
DOCKSTRING-58,500,78,10,sample_map,33,MMP13
DOCKSTRING-58,500,78,10,sample_map,57,KDR
DOCKSTRING-58,500,79,6,full_map,6,MAOB
DOCKSTRING-58,500,79,6,full_map,7,CASP3
DOCKSTRING-58,500,79,6,full_map,20,PGR
DOCKSTRING-58,500,79,6,full_map,21,PTPN1
DOCKSTRING-58,500,79,6,full_map,31,LCK
DOCKSTRING-58,500,79,6,full_map,57,KDR
DOCKSTRING-58,500,79,6,sample_map,7,CASP3
DOCKSTRING-58,500,79,6,sample_map,13,HSP90AA1
DOCKSTRING-58,500,79,6,sample_map,20,PGR
DOCKSTRING-58,500,79,6,sample_map,21,PTPN1
DOCKSTRING-58,500,79,6,sample_map,43,CYP3A4
DOCKSTRING-58,500,79,6,sample_map,57,KDR
DOCKSTRING-58,500,79,8,full_map,6,MAOB
DOCKSTRING-58,500,79,8,full_map,7,CASP3
DOCKSTRING-58,500,79,8,full_map,9,ESR2
DOCKSTRING-58,500,79,8,full_map,13,HSP90AA1
DOCKSTRING-58,500,79,8,full_map,20,PGR
DOCKSTRING-58,500,79,8,full_map,21,PTPN1
DOCKSTRING-58,500,79,8,full_map,31,LCK
DOCKSTRING-58,500,79,8,full_map,57,KDR
DOCKSTRING-58,500,79,8,sample_map,5,AKT2
DOCKSTRING-58,500,79,8,sample_map,7,CASP3
DOCKSTRING-58,500,79,8,sample_map,13,HSP90AA1
DOCKSTRING-58,500,79,8,sample_map,17,NOS1
DOCKSTRING-58,500,79,8,sample_map,20,PGR
DOCKSTRING-58,500,79,8,sample_map,21,PTPN1
DOCKSTRING-58,500,79,8,sample_map,43,CYP3A4
DOCKSTRING-58,500,79,8,sample_map,57,KDR
DOCKSTRING-58,500,79,10,full_map,6,MAOB
DOCKSTRING-58,500,79,10,full_map,7,CASP3
DOCKSTRING-58,500,79,10,full_map,9,ESR2
DOCKSTRING-58,500,79,10,full_map,13,HSP90AA1
DOCKSTRING-58,500,79,10,full_map,17,NOS1
DOCKSTRING-58,500,79,10,full_map,20,PGR
DOCKSTRING-58,500,79,10,full_map,21,PTPN1
DOCKSTRING-58,500,79,10,full_map,31,LCK
DOCKSTRING-58,500,79,10,full_map,33,MMP13
DOCKSTRING-58,500,79,10,full_map,57,KDR
DOCKSTRING-58,500,79,10,sample_map,5,AKT2
DOCKSTRING-58,500,79,10,sample_map,7,CASP3
DOCKSTRING-58,500,79,10,sample_map,13,HSP90AA1
DOCKSTRING-58,500,79,10,sample_map,17,NOS1
DOCKSTRING-58,500,79,10,sample_map,20,PGR
DOCKSTRING-58,500,79,10,sample_map,21,PTPN1
DOCKSTRING-58,500,79,10,sample_map,26,CSF1R
DOCKSTRING-58,500,79,10,sample_map,36,PPARG
DOCKSTRING-58,500,79,10,sample_map,43,CYP3A4
DOCKSTRING-58,500,79,10,sample_map,57,KDR
DOCKSTRING-58,500,80,6,full_map,6,MAOB
DOCKSTRING-58,500,80,6,full_map,7,CASP3
DOCKSTRING-58,500,80,6,full_map,20,PGR
DOCKSTRING-58,500,80,6,full_map,21,PTPN1
DOCKSTRING-58,500,80,6,full_map,31,LCK
DOCKSTRING-58,500,80,6,full_map,57,KDR
DOCKSTRING-58,500,80,6,sample_map,6,MAOB
DOCKSTRING-58,500,80,6,sample_map,7,CASP3
DOCKSTRING-58,500,80,6,sample_map,20,PGR
DOCKSTRING-58,500,80,6,sample_map,21,PTPN1
DOCKSTRING-58,500,80,6,sample_map,31,LCK
DOCKSTRING-58,500,80,6,sample_map,57,KDR
DOCKSTRING-58,500,80,8,full_map,6,MAOB
DOCKSTRING-58,500,80,8,full_map,7,CASP3
DOCKSTRING-58,500,80,8,full_map,9,ESR2
DOCKSTRING-58,500,80,8,full_map,13,HSP90AA1
DOCKSTRING-58,500,80,8,full_map,20,PGR
DOCKSTRING-58,500,80,8,full_map,21,PTPN1
DOCKSTRING-58,500,80,8,full_map,31,LCK
DOCKSTRING-58,500,80,8,full_map,57,KDR
DOCKSTRING-58,500,80,8,sample_map,6,MAOB
DOCKSTRING-58,500,80,8,sample_map,7,CASP3
DOCKSTRING-58,500,80,8,sample_map,13,HSP90AA1
DOCKSTRING-58,500,80,8,sample_map,20,PGR
DOCKSTRING-58,500,80,8,sample_map,21,PTPN1
DOCKSTRING-58,500,80,8,sample_map,31,LCK
DOCKSTRING-58,500,80,8,sample_map,51,MAPK1
DOCKSTRING-58,500,80,8,sample_map,57,KDR
DOCKSTRING-58,500,80,10,full_map,6,MAOB
DOCKSTRING-58,500,80,10,full_map,7,CASP3
DOCKSTRING-58,500,80,10,full_map,9,ESR2
DOCKSTRING-58,500,80,10,full_map,13,HSP90AA1
DOCKSTRING-58,500,80,10,full_map,17,NOS1
DOCKSTRING-58,500,80,10,full_map,20,PGR
DOCKSTRING-58,500,80,10,full_map,21,PTPN1
DOCKSTRING-58,500,80,10,full_map,31,LCK
DOCKSTRING-58,500,80,10,full_map,33,MMP13
DOCKSTRING-58,500,80,10,full_map,57,KDR
DOCKSTRING-58,500,80,10,sample_map,6,MAOB
DOCKSTRING-58,500,80,10,sample_map,7,CASP3
DOCKSTRING-58,500,80,10,sample_map,13,HSP90AA1
DOCKSTRING-58,500,80,10,sample_map,17,NOS1
DOCKSTRING-58,500,80,10,sample_map,20,PGR
DOCKSTRING-58,500,80,10,sample_map,21,PTPN1
DOCKSTRING-58,500,80,10,sample_map,31,LCK
DOCKSTRING-58,500,80,10,sample_map,33,MMP13
DOCKSTRING-58,500,80,10,sample_map,51,MAPK1
DOCKSTRING-58,500,80,10,sample_map,57,KDR
DOCKSTRING-58,500,81,6,full_map,6,MAOB
DOCKSTRING-58,500,81,6,full_map,7,CASP3
DOCKSTRING-58,500,81,6,full_map,20,PGR
DOCKSTRING-58,500,81,6,full_map,21,PTPN1
DOCKSTRING-58,500,81,6,full_map,31,LCK
DOCKSTRING-58,500,81,6,full_map,57,KDR
DOCKSTRING-58,500,81,6,sample_map,9,ESR2
DOCKSTRING-58,500,81,6,sample_map,20,PGR
DOCKSTRING-58,500,81,6,sample_map,33,MMP13
DOCKSTRING-58,500,81,6,sample_map,52,MAPK14
DOCKSTRING-58,500,81,6,sample_map,55,THRB
DOCKSTRING-58,500,81,6,sample_map,57,KDR
DOCKSTRING-58,500,81,8,full_map,6,MAOB
DOCKSTRING-58,500,81,8,full_map,7,CASP3
DOCKSTRING-58,500,81,8,full_map,9,ESR2
DOCKSTRING-58,500,81,8,full_map,13,HSP90AA1
DOCKSTRING-58,500,81,8,full_map,20,PGR
DOCKSTRING-58,500,81,8,full_map,21,PTPN1
DOCKSTRING-58,500,81,8,full_map,31,LCK
DOCKSTRING-58,500,81,8,full_map,57,KDR
DOCKSTRING-58,500,81,8,sample_map,9,ESR2
DOCKSTRING-58,500,81,8,sample_map,13,HSP90AA1
DOCKSTRING-58,500,81,8,sample_map,20,PGR
DOCKSTRING-58,500,81,8,sample_map,21,PTPN1
DOCKSTRING-58,500,81,8,sample_map,33,MMP13
DOCKSTRING-58,500,81,8,sample_map,52,MAPK14
DOCKSTRING-58,500,81,8,sample_map,55,THRB
DOCKSTRING-58,500,81,8,sample_map,57,KDR
DOCKSTRING-58,500,81,10,full_map,6,MAOB
DOCKSTRING-58,500,81,10,full_map,7,CASP3
DOCKSTRING-58,500,81,10,full_map,9,ESR2
DOCKSTRING-58,500,81,10,full_map,13,HSP90AA1
DOCKSTRING-58,500,81,10,full_map,17,NOS1
DOCKSTRING-58,500,81,10,full_map,20,PGR
DOCKSTRING-58,500,81,10,full_map,21,PTPN1
DOCKSTRING-58,500,81,10,full_map,31,LCK
DOCKSTRING-58,500,81,10,full_map,33,MMP13
DOCKSTRING-58,500,81,10,full_map,57,KDR
DOCKSTRING-58,500,81,10,sample_map,7,CASP3
DOCKSTRING-58,500,81,10,sample_map,9,ESR2
DOCKSTRING-58,500,81,10,sample_map,13,HSP90AA1
DOCKSTRING-58,500,81,10,sample_map,17,NOS1
DOCKSTRING-58,500,81,10,sample_map,20,PGR
DOCKSTRING-58,500,81,10,sample_map,21,PTPN1
DOCKSTRING-58,500,81,10,sample_map,33,MMP13
DOCKSTRING-58,500,81,10,sample_map,52,MAPK14
DOCKSTRING-58,500,81,10,sample_map,55,THRB
DOCKSTRING-58,500,81,10,sample_map,57,KDR
DOCKSTRING-58,500,82,6,full_map,6,MAOB
DOCKSTRING-58,500,82,6,full_map,7,CASP3
DOCKSTRING-58,500,82,6,full_map,20,PGR
DOCKSTRING-58,500,82,6,full_map,21,PTPN1
DOCKSTRING-58,500,82,6,full_map,31,LCK
DOCKSTRING-58,500,82,6,full_map,57,KDR
DOCKSTRING-58,500,82,6,sample_map,11,FGFR1
DOCKSTRING-58,500,82,6,sample_map,12,HMGCR
DOCKSTRING-58,500,82,6,sample_map,20,PGR
DOCKSTRING-58,500,82,6,sample_map,39,ACHE
DOCKSTRING-58,500,82,6,sample_map,43,CYP3A4
DOCKSTRING-58,500,82,6,sample_map,57,KDR
DOCKSTRING-58,500,82,8,full_map,6,MAOB
DOCKSTRING-58,500,82,8,full_map,7,CASP3
DOCKSTRING-58,500,82,8,full_map,9,ESR2
DOCKSTRING-58,500,82,8,full_map,13,HSP90AA1
DOCKSTRING-58,500,82,8,full_map,20,PGR
DOCKSTRING-58,500,82,8,full_map,21,PTPN1
DOCKSTRING-58,500,82,8,full_map,31,LCK
DOCKSTRING-58,500,82,8,full_map,57,KDR
DOCKSTRING-58,500,82,8,sample_map,11,FGFR1
DOCKSTRING-58,500,82,8,sample_map,12,HMGCR
DOCKSTRING-58,500,82,8,sample_map,17,NOS1
DOCKSTRING-58,500,82,8,sample_map,20,PGR
DOCKSTRING-58,500,82,8,sample_map,39,ACHE
DOCKSTRING-58,500,82,8,sample_map,43,CYP3A4
DOCKSTRING-58,500,82,8,sample_map,51,MAPK1
DOCKSTRING-58,500,82,8,sample_map,57,KDR
DOCKSTRING-58,500,82,10,full_map,6,MAOB
DOCKSTRING-58,500,82,10,full_map,7,CASP3
DOCKSTRING-58,500,82,10,full_map,9,ESR2
DOCKSTRING-58,500,82,10,full_map,13,HSP90AA1
DOCKSTRING-58,500,82,10,full_map,17,NOS1
DOCKSTRING-58,500,82,10,full_map,20,PGR
DOCKSTRING-58,500,82,10,full_map,21,PTPN1
DOCKSTRING-58,500,82,10,full_map,31,LCK
DOCKSTRING-58,500,82,10,full_map,33,MMP13
DOCKSTRING-58,500,82,10,full_map,57,KDR
DOCKSTRING-58,500,82,10,sample_map,11,FGFR1
DOCKSTRING-58,500,82,10,sample_map,13,HSP90AA1
DOCKSTRING-58,500,82,10,sample_map,17,NOS1
DOCKSTRING-58,500,82,10,sample_map,20,PGR
DOCKSTRING-58,500,82,10,sample_map,21,PTPN1
DOCKSTRING-58,500,82,10,sample_map,27,ESR1
DOCKSTRING-58,500,82,10,sample_map,31,LCK
DOCKSTRING-58,500,82,10,sample_map,43,CYP3A4
DOCKSTRING-58,500,82,10,sample_map,51,MAPK1
DOCKSTRING-58,500,82,10,sample_map,57,KDR
DOCKSTRING-58,500,83,6,full_map,6,MAOB
DOCKSTRING-58,500,83,6,full_map,7,CASP3
DOCKSTRING-58,500,83,6,full_map,20,PGR
DOCKSTRING-58,500,83,6,full_map,21,PTPN1
DOCKSTRING-58,500,83,6,full_map,31,LCK
DOCKSTRING-58,500,83,6,full_map,57,KDR
DOCKSTRING-58,500,83,6,sample_map,7,CASP3
DOCKSTRING-58,500,83,6,sample_map,20,PGR
DOCKSTRING-58,500,83,6,sample_map,28,NR3C1
DOCKSTRING-58,500,83,6,sample_map,39,ACHE
DOCKSTRING-58,500,83,6,sample_map,43,CYP3A4
DOCKSTRING-58,500,83,6,sample_map,57,KDR
DOCKSTRING-58,500,83,8,full_map,6,MAOB
DOCKSTRING-58,500,83,8,full_map,7,CASP3
DOCKSTRING-58,500,83,8,full_map,9,ESR2
DOCKSTRING-58,500,83,8,full_map,13,HSP90AA1
DOCKSTRING-58,500,83,8,full_map,20,PGR
DOCKSTRING-58,500,83,8,full_map,21,PTPN1
DOCKSTRING-58,500,83,8,full_map,31,LCK
DOCKSTRING-58,500,83,8,full_map,57,KDR
DOCKSTRING-58,500,83,8,sample_map,7,CASP3
DOCKSTRING-58,500,83,8,sample_map,20,PGR
DOCKSTRING-58,500,83,8,sample_map,21,PTPN1
DOCKSTRING-58,500,83,8,sample_map,25,CDK2
DOCKSTRING-58,500,83,8,sample_map,28,NR3C1
DOCKSTRING-58,500,83,8,sample_map,39,ACHE
DOCKSTRING-58,500,83,8,sample_map,43,CYP3A4
DOCKSTRING-58,500,83,8,sample_map,57,KDR
DOCKSTRING-58,500,83,10,full_map,6,MAOB
DOCKSTRING-58,500,83,10,full_map,7,CASP3
DOCKSTRING-58,500,83,10,full_map,9,ESR2
DOCKSTRING-58,500,83,10,full_map,13,HSP90AA1
DOCKSTRING-58,500,83,10,full_map,17,NOS1
DOCKSTRING-58,500,83,10,full_map,20,PGR
DOCKSTRING-58,500,83,10,full_map,21,PTPN1
DOCKSTRING-58,500,83,10,full_map,31,LCK
DOCKSTRING-58,500,83,10,full_map,33,MMP13
DOCKSTRING-58,500,83,10,full_map,57,KDR
DOCKSTRING-58,500,83,10,sample_map,7,CASP3
DOCKSTRING-58,500,83,10,sample_map,17,NOS1
DOCKSTRING-58,500,83,10,sample_map,20,PGR
DOCKSTRING-58,500,83,10,sample_map,21,PTPN1
DOCKSTRING-58,500,83,10,sample_map,25,CDK2
DOCKSTRING-58,500,83,10,sample_map,28,NR3C1
DOCKSTRING-58,500,83,10,sample_map,35,PPARA
DOCKSTRING-58,500,83,10,sample_map,39,ACHE
DOCKSTRING-58,500,83,10,sample_map,43,CYP3A4
DOCKSTRING-58,500,83,10,sample_map,57,KDR
DOCKSTRING-58,500,84,6,full_map,6,MAOB
DOCKSTRING-58,500,84,6,full_map,7,CASP3
DOCKSTRING-58,500,84,6,full_map,20,PGR
DOCKSTRING-58,500,84,6,full_map,21,PTPN1
DOCKSTRING-58,500,84,6,full_map,31,LCK
DOCKSTRING-58,500,84,6,full_map,57,KDR
DOCKSTRING-58,500,84,6,sample_map,7,CASP3
DOCKSTRING-58,500,84,6,sample_map,20,PGR
DOCKSTRING-58,500,84,6,sample_map,21,PTPN1
DOCKSTRING-58,500,84,6,sample_map,43,CYP3A4
DOCKSTRING-58,500,84,6,sample_map,52,MAPK14
DOCKSTRING-58,500,84,6,sample_map,57,KDR
DOCKSTRING-58,500,84,8,full_map,6,MAOB
DOCKSTRING-58,500,84,8,full_map,7,CASP3
DOCKSTRING-58,500,84,8,full_map,9,ESR2
DOCKSTRING-58,500,84,8,full_map,13,HSP90AA1
DOCKSTRING-58,500,84,8,full_map,20,PGR
DOCKSTRING-58,500,84,8,full_map,21,PTPN1
DOCKSTRING-58,500,84,8,full_map,31,LCK
DOCKSTRING-58,500,84,8,full_map,57,KDR
DOCKSTRING-58,500,84,8,sample_map,6,MAOB
DOCKSTRING-58,500,84,8,sample_map,7,CASP3
DOCKSTRING-58,500,84,8,sample_map,20,PGR
DOCKSTRING-58,500,84,8,sample_map,21,PTPN1
DOCKSTRING-58,500,84,8,sample_map,33,MMP13
DOCKSTRING-58,500,84,8,sample_map,52,MAPK14
DOCKSTRING-58,500,84,8,sample_map,54,SRC
DOCKSTRING-58,500,84,8,sample_map,57,KDR
DOCKSTRING-58,500,84,10,full_map,6,MAOB
DOCKSTRING-58,500,84,10,full_map,7,CASP3
DOCKSTRING-58,500,84,10,full_map,9,ESR2
DOCKSTRING-58,500,84,10,full_map,13,HSP90AA1
DOCKSTRING-58,500,84,10,full_map,17,NOS1
DOCKSTRING-58,500,84,10,full_map,20,PGR
DOCKSTRING-58,500,84,10,full_map,21,PTPN1
DOCKSTRING-58,500,84,10,full_map,31,LCK
DOCKSTRING-58,500,84,10,full_map,33,MMP13
DOCKSTRING-58,500,84,10,full_map,57,KDR
DOCKSTRING-58,500,84,10,sample_map,6,MAOB
DOCKSTRING-58,500,84,10,sample_map,7,CASP3
DOCKSTRING-58,500,84,10,sample_map,9,ESR2
DOCKSTRING-58,500,84,10,sample_map,17,NOS1
DOCKSTRING-58,500,84,10,sample_map,20,PGR
DOCKSTRING-58,500,84,10,sample_map,21,PTPN1
DOCKSTRING-58,500,84,10,sample_map,33,MMP13
DOCKSTRING-58,500,84,10,sample_map,52,MAPK14
DOCKSTRING-58,500,84,10,sample_map,54,SRC
DOCKSTRING-58,500,84,10,sample_map,57,KDR
DOCKSTRING-58,500,85,6,full_map,6,MAOB
DOCKSTRING-58,500,85,6,full_map,7,CASP3
DOCKSTRING-58,500,85,6,full_map,20,PGR
DOCKSTRING-58,500,85,6,full_map,21,PTPN1
DOCKSTRING-58,500,85,6,full_map,31,LCK
DOCKSTRING-58,500,85,6,full_map,57,KDR
DOCKSTRING-58,500,85,6,sample_map,6,MAOB
DOCKSTRING-58,500,85,6,sample_map,7,CASP3
DOCKSTRING-58,500,85,6,sample_map,20,PGR
DOCKSTRING-58,500,85,6,sample_map,30,JAK2
DOCKSTRING-58,500,85,6,sample_map,31,LCK
DOCKSTRING-58,500,85,6,sample_map,33,MMP13
DOCKSTRING-58,500,85,8,full_map,6,MAOB
DOCKSTRING-58,500,85,8,full_map,7,CASP3
DOCKSTRING-58,500,85,8,full_map,9,ESR2
DOCKSTRING-58,500,85,8,full_map,13,HSP90AA1
DOCKSTRING-58,500,85,8,full_map,20,PGR
DOCKSTRING-58,500,85,8,full_map,21,PTPN1
DOCKSTRING-58,500,85,8,full_map,31,LCK
DOCKSTRING-58,500,85,8,full_map,57,KDR
DOCKSTRING-58,500,85,8,sample_map,6,MAOB
DOCKSTRING-58,500,85,8,sample_map,7,CASP3
DOCKSTRING-58,500,85,8,sample_map,13,HSP90AA1
DOCKSTRING-58,500,85,8,sample_map,20,PGR
DOCKSTRING-58,500,85,8,sample_map,21,PTPN1
DOCKSTRING-58,500,85,8,sample_map,30,JAK2
DOCKSTRING-58,500,85,8,sample_map,31,LCK
DOCKSTRING-58,500,85,8,sample_map,33,MMP13
DOCKSTRING-58,500,85,10,full_map,6,MAOB
DOCKSTRING-58,500,85,10,full_map,7,CASP3
DOCKSTRING-58,500,85,10,full_map,9,ESR2
DOCKSTRING-58,500,85,10,full_map,13,HSP90AA1
DOCKSTRING-58,500,85,10,full_map,17,NOS1
DOCKSTRING-58,500,85,10,full_map,20,PGR
DOCKSTRING-58,500,85,10,full_map,21,PTPN1
DOCKSTRING-58,500,85,10,full_map,31,LCK
DOCKSTRING-58,500,85,10,full_map,33,MMP13
DOCKSTRING-58,500,85,10,full_map,57,KDR
DOCKSTRING-58,500,85,10,sample_map,1,ABL1
DOCKSTRING-58,500,85,10,sample_map,6,MAOB
DOCKSTRING-58,500,85,10,sample_map,7,CASP3
DOCKSTRING-58,500,85,10,sample_map,13,HSP90AA1
DOCKSTRING-58,500,85,10,sample_map,20,PGR
DOCKSTRING-58,500,85,10,sample_map,21,PTPN1
DOCKSTRING-58,500,85,10,sample_map,30,JAK2
DOCKSTRING-58,500,85,10,sample_map,31,LCK
DOCKSTRING-58,500,85,10,sample_map,33,MMP13
DOCKSTRING-58,500,85,10,sample_map,52,MAPK14
DOCKSTRING-58,500,86,6,full_map,6,MAOB
DOCKSTRING-58,500,86,6,full_map,7,CASP3
DOCKSTRING-58,500,86,6,full_map,20,PGR
DOCKSTRING-58,500,86,6,full_map,21,PTPN1
DOCKSTRING-58,500,86,6,full_map,31,LCK
DOCKSTRING-58,500,86,6,full_map,57,KDR
DOCKSTRING-58,500,86,6,sample_map,6,MAOB
DOCKSTRING-58,500,86,6,sample_map,7,CASP3
DOCKSTRING-58,500,86,6,sample_map,11,FGFR1
DOCKSTRING-58,500,86,6,sample_map,13,HSP90AA1
DOCKSTRING-58,500,86,6,sample_map,20,PGR
DOCKSTRING-58,500,86,6,sample_map,57,KDR
DOCKSTRING-58,500,86,8,full_map,6,MAOB
DOCKSTRING-58,500,86,8,full_map,7,CASP3
DOCKSTRING-58,500,86,8,full_map,9,ESR2
DOCKSTRING-58,500,86,8,full_map,13,HSP90AA1
DOCKSTRING-58,500,86,8,full_map,20,PGR
DOCKSTRING-58,500,86,8,full_map,21,PTPN1
DOCKSTRING-58,500,86,8,full_map,31,LCK
DOCKSTRING-58,500,86,8,full_map,57,KDR
DOCKSTRING-58,500,86,8,sample_map,6,MAOB
DOCKSTRING-58,500,86,8,sample_map,7,CASP3
DOCKSTRING-58,500,86,8,sample_map,11,FGFR1
DOCKSTRING-58,500,86,8,sample_map,13,HSP90AA1
DOCKSTRING-58,500,86,8,sample_map,20,PGR
DOCKSTRING-58,500,86,8,sample_map,23,AKT1
DOCKSTRING-58,500,86,8,sample_map,52,MAPK14
DOCKSTRING-58,500,86,8,sample_map,57,KDR
DOCKSTRING-58,500,86,10,full_map,6,MAOB
DOCKSTRING-58,500,86,10,full_map,7,CASP3
DOCKSTRING-58,500,86,10,full_map,9,ESR2
DOCKSTRING-58,500,86,10,full_map,13,HSP90AA1
DOCKSTRING-58,500,86,10,full_map,17,NOS1
DOCKSTRING-58,500,86,10,full_map,20,PGR
DOCKSTRING-58,500,86,10,full_map,21,PTPN1
DOCKSTRING-58,500,86,10,full_map,31,LCK
DOCKSTRING-58,500,86,10,full_map,33,MMP13
DOCKSTRING-58,500,86,10,full_map,57,KDR
DOCKSTRING-58,500,86,10,sample_map,6,MAOB
DOCKSTRING-58,500,86,10,sample_map,7,CASP3
DOCKSTRING-58,500,86,10,sample_map,11,FGFR1
DOCKSTRING-58,500,86,10,sample_map,13,HSP90AA1
DOCKSTRING-58,500,86,10,sample_map,20,PGR
DOCKSTRING-58,500,86,10,sample_map,21,PTPN1
DOCKSTRING-58,500,86,10,sample_map,23,AKT1
DOCKSTRING-58,500,86,10,sample_map,27,ESR1
DOCKSTRING-58,500,86,10,sample_map,52,MAPK14
DOCKSTRING-58,500,86,10,sample_map,57,KDR
DOCKSTRING-58,500,87,6,full_map,6,MAOB
DOCKSTRING-58,500,87,6,full_map,7,CASP3
DOCKSTRING-58,500,87,6,full_map,20,PGR
DOCKSTRING-58,500,87,6,full_map,21,PTPN1
DOCKSTRING-58,500,87,6,full_map,31,LCK
DOCKSTRING-58,500,87,6,full_map,57,KDR
DOCKSTRING-58,500,87,6,sample_map,6,MAOB
DOCKSTRING-58,500,87,6,sample_map,9,ESR2
DOCKSTRING-58,500,87,6,sample_map,20,PGR
DOCKSTRING-58,500,87,6,sample_map,52,MAPK14
DOCKSTRING-58,500,87,6,sample_map,55,THRB
DOCKSTRING-58,500,87,6,sample_map,57,KDR
DOCKSTRING-58,500,87,8,full_map,6,MAOB
DOCKSTRING-58,500,87,8,full_map,7,CASP3
DOCKSTRING-58,500,87,8,full_map,9,ESR2
DOCKSTRING-58,500,87,8,full_map,13,HSP90AA1
DOCKSTRING-58,500,87,8,full_map,20,PGR
DOCKSTRING-58,500,87,8,full_map,21,PTPN1
DOCKSTRING-58,500,87,8,full_map,31,LCK
DOCKSTRING-58,500,87,8,full_map,57,KDR
DOCKSTRING-58,500,87,8,sample_map,6,MAOB
DOCKSTRING-58,500,87,8,sample_map,9,ESR2
DOCKSTRING-58,500,87,8,sample_map,13,HSP90AA1
DOCKSTRING-58,500,87,8,sample_map,20,PGR
DOCKSTRING-58,500,87,8,sample_map,21,PTPN1
DOCKSTRING-58,500,87,8,sample_map,52,MAPK14
DOCKSTRING-58,500,87,8,sample_map,55,THRB
DOCKSTRING-58,500,87,8,sample_map,57,KDR
DOCKSTRING-58,500,87,10,full_map,6,MAOB
DOCKSTRING-58,500,87,10,full_map,7,CASP3
DOCKSTRING-58,500,87,10,full_map,9,ESR2
DOCKSTRING-58,500,87,10,full_map,13,HSP90AA1
DOCKSTRING-58,500,87,10,full_map,17,NOS1
DOCKSTRING-58,500,87,10,full_map,20,PGR
DOCKSTRING-58,500,87,10,full_map,21,PTPN1
DOCKSTRING-58,500,87,10,full_map,31,LCK
DOCKSTRING-58,500,87,10,full_map,33,MMP13
DOCKSTRING-58,500,87,10,full_map,57,KDR
DOCKSTRING-58,500,87,10,sample_map,6,MAOB
DOCKSTRING-58,500,87,10,sample_map,9,ESR2
DOCKSTRING-58,500,87,10,sample_map,13,HSP90AA1
DOCKSTRING-58,500,87,10,sample_map,17,NOS1
DOCKSTRING-58,500,87,10,sample_map,20,PGR
DOCKSTRING-58,500,87,10,sample_map,21,PTPN1
DOCKSTRING-58,500,87,10,sample_map,41,CA2
DOCKSTRING-58,500,87,10,sample_map,52,MAPK14
DOCKSTRING-58,500,87,10,sample_map,55,THRB
DOCKSTRING-58,500,87,10,sample_map,57,KDR
DOCKSTRING-58,500,88,6,full_map,6,MAOB
DOCKSTRING-58,500,88,6,full_map,7,CASP3
DOCKSTRING-58,500,88,6,full_map,20,PGR
DOCKSTRING-58,500,88,6,full_map,21,PTPN1
DOCKSTRING-58,500,88,6,full_map,31,LCK
DOCKSTRING-58,500,88,6,full_map,57,KDR
DOCKSTRING-58,500,88,6,sample_map,6,MAOB
DOCKSTRING-58,500,88,6,sample_map,7,CASP3
DOCKSTRING-58,500,88,6,sample_map,9,ESR2
DOCKSTRING-58,500,88,6,sample_map,14,KIT
DOCKSTRING-58,500,88,6,sample_map,20,PGR
DOCKSTRING-58,500,88,6,sample_map,57,KDR
DOCKSTRING-58,500,88,8,full_map,6,MAOB
DOCKSTRING-58,500,88,8,full_map,7,CASP3
DOCKSTRING-58,500,88,8,full_map,9,ESR2
DOCKSTRING-58,500,88,8,full_map,13,HSP90AA1
DOCKSTRING-58,500,88,8,full_map,20,PGR
DOCKSTRING-58,500,88,8,full_map,21,PTPN1
DOCKSTRING-58,500,88,8,full_map,31,LCK
DOCKSTRING-58,500,88,8,full_map,57,KDR
DOCKSTRING-58,500,88,8,sample_map,6,MAOB
DOCKSTRING-58,500,88,8,sample_map,7,CASP3
DOCKSTRING-58,500,88,8,sample_map,9,ESR2
DOCKSTRING-58,500,88,8,sample_map,14,KIT
DOCKSTRING-58,500,88,8,sample_map,20,PGR
DOCKSTRING-58,500,88,8,sample_map,29,IGF1R
DOCKSTRING-58,500,88,8,sample_map,55,THRB
DOCKSTRING-58,500,88,8,sample_map,57,KDR
DOCKSTRING-58,500,88,10,full_map,6,MAOB
DOCKSTRING-58,500,88,10,full_map,7,CASP3
DOCKSTRING-58,500,88,10,full_map,9,ESR2
DOCKSTRING-58,500,88,10,full_map,13,HSP90AA1
DOCKSTRING-58,500,88,10,full_map,17,NOS1
DOCKSTRING-58,500,88,10,full_map,20,PGR
DOCKSTRING-58,500,88,10,full_map,21,PTPN1
DOCKSTRING-58,500,88,10,full_map,31,LCK
DOCKSTRING-58,500,88,10,full_map,33,MMP13
DOCKSTRING-58,500,88,10,full_map,57,KDR
DOCKSTRING-58,500,88,10,sample_map,6,MAOB
DOCKSTRING-58,500,88,10,sample_map,7,CASP3
DOCKSTRING-58,500,88,10,sample_map,9,ESR2
DOCKSTRING-58,500,88,10,sample_map,13,HSP90AA1
DOCKSTRING-58,500,88,10,sample_map,14,KIT
DOCKSTRING-58,500,88,10,sample_map,20,PGR
DOCKSTRING-58,500,88,10,sample_map,29,IGF1R
DOCKSTRING-58,500,88,10,sample_map,39,ACHE
DOCKSTRING-58,500,88,10,sample_map,55,THRB
DOCKSTRING-58,500,88,10,sample_map,57,KDR
DOCKSTRING-58,500,89,6,full_map,6,MAOB
DOCKSTRING-58,500,89,6,full_map,7,CASP3
DOCKSTRING-58,500,89,6,full_map,20,PGR
DOCKSTRING-58,500,89,6,full_map,21,PTPN1
DOCKSTRING-58,500,89,6,full_map,31,LCK
DOCKSTRING-58,500,89,6,full_map,57,KDR
DOCKSTRING-58,500,89,6,sample_map,20,PGR
DOCKSTRING-58,500,89,6,sample_map,33,MMP13
DOCKSTRING-58,500,89,6,sample_map,39,ACHE
DOCKSTRING-58,500,89,6,sample_map,43,CYP3A4
DOCKSTRING-58,500,89,6,sample_map,55,THRB
DOCKSTRING-58,500,89,6,sample_map,57,KDR
DOCKSTRING-58,500,89,8,full_map,6,MAOB
DOCKSTRING-58,500,89,8,full_map,7,CASP3
DOCKSTRING-58,500,89,8,full_map,9,ESR2
DOCKSTRING-58,500,89,8,full_map,13,HSP90AA1
DOCKSTRING-58,500,89,8,full_map,20,PGR
DOCKSTRING-58,500,89,8,full_map,21,PTPN1
DOCKSTRING-58,500,89,8,full_map,31,LCK
DOCKSTRING-58,500,89,8,full_map,57,KDR
DOCKSTRING-58,500,89,8,sample_map,7,CASP3
DOCKSTRING-58,500,89,8,sample_map,20,PGR
DOCKSTRING-58,500,89,8,sample_map,25,CDK2
DOCKSTRING-58,500,89,8,sample_map,26,CSF1R
DOCKSTRING-58,500,89,8,sample_map,33,MMP13
DOCKSTRING-58,500,89,8,sample_map,39,ACHE
DOCKSTRING-58,500,89,8,sample_map,43,CYP3A4
DOCKSTRING-58,500,89,8,sample_map,55,THRB
DOCKSTRING-58,500,89,10,full_map,6,MAOB
DOCKSTRING-58,500,89,10,full_map,7,CASP3
DOCKSTRING-58,500,89,10,full_map,9,ESR2
DOCKSTRING-58,500,89,10,full_map,13,HSP90AA1
DOCKSTRING-58,500,89,10,full_map,17,NOS1
DOCKSTRING-58,500,89,10,full_map,20,PGR
DOCKSTRING-58,500,89,10,full_map,21,PTPN1
DOCKSTRING-58,500,89,10,full_map,31,LCK
DOCKSTRING-58,500,89,10,full_map,33,MMP13
DOCKSTRING-58,500,89,10,full_map,57,KDR
DOCKSTRING-58,500,89,10,sample_map,7,CASP3
DOCKSTRING-58,500,89,10,sample_map,9,ESR2
DOCKSTRING-58,500,89,10,sample_map,13,HSP90AA1
DOCKSTRING-58,500,89,10,sample_map,20,PGR
DOCKSTRING-58,500,89,10,sample_map,25,CDK2
DOCKSTRING-58,500,89,10,sample_map,26,CSF1R
DOCKSTRING-58,500,89,10,sample_map,33,MMP13
DOCKSTRING-58,500,89,10,sample_map,43,CYP3A4
DOCKSTRING-58,500,89,10,sample_map,55,THRB
DOCKSTRING-58,500,89,10,sample_map,57,KDR
DOCKSTRING-58,500,90,6,full_map,6,MAOB
DOCKSTRING-58,500,90,6,full_map,7,CASP3
DOCKSTRING-58,500,90,6,full_map,20,PGR
DOCKSTRING-58,500,90,6,full_map,21,PTPN1
DOCKSTRING-58,500,90,6,full_map,31,LCK
DOCKSTRING-58,500,90,6,full_map,57,KDR
DOCKSTRING-58,500,90,6,sample_map,6,MAOB
DOCKSTRING-58,500,90,6,sample_map,7,CASP3
DOCKSTRING-58,500,90,6,sample_map,11,FGFR1
DOCKSTRING-58,500,90,6,sample_map,20,PGR
DOCKSTRING-58,500,90,6,sample_map,52,MAPK14
DOCKSTRING-58,500,90,6,sample_map,57,KDR
DOCKSTRING-58,500,90,8,full_map,6,MAOB
DOCKSTRING-58,500,90,8,full_map,7,CASP3
DOCKSTRING-58,500,90,8,full_map,9,ESR2
DOCKSTRING-58,500,90,8,full_map,13,HSP90AA1
DOCKSTRING-58,500,90,8,full_map,20,PGR
DOCKSTRING-58,500,90,8,full_map,21,PTPN1
DOCKSTRING-58,500,90,8,full_map,31,LCK
DOCKSTRING-58,500,90,8,full_map,57,KDR
DOCKSTRING-58,500,90,8,sample_map,6,MAOB
DOCKSTRING-58,500,90,8,sample_map,7,CASP3
DOCKSTRING-58,500,90,8,sample_map,10,PTK2
DOCKSTRING-58,500,90,8,sample_map,13,HSP90AA1
DOCKSTRING-58,500,90,8,sample_map,20,PGR
DOCKSTRING-58,500,90,8,sample_map,21,PTPN1
DOCKSTRING-58,500,90,8,sample_map,52,MAPK14
DOCKSTRING-58,500,90,8,sample_map,57,KDR
DOCKSTRING-58,500,90,10,full_map,6,MAOB
DOCKSTRING-58,500,90,10,full_map,7,CASP3
DOCKSTRING-58,500,90,10,full_map,9,ESR2
DOCKSTRING-58,500,90,10,full_map,13,HSP90AA1
DOCKSTRING-58,500,90,10,full_map,17,NOS1
DOCKSTRING-58,500,90,10,full_map,20,PGR
DOCKSTRING-58,500,90,10,full_map,21,PTPN1
DOCKSTRING-58,500,90,10,full_map,31,LCK
DOCKSTRING-58,500,90,10,full_map,33,MMP13
DOCKSTRING-58,500,90,10,full_map,57,KDR
DOCKSTRING-58,500,90,10,sample_map,6,MAOB
DOCKSTRING-58,500,90,10,sample_map,7,CASP3
DOCKSTRING-58,500,90,10,sample_map,9,ESR2
DOCKSTRING-58,500,90,10,sample_map,10,PTK2
DOCKSTRING-58,500,90,10,sample_map,11,FGFR1
DOCKSTRING-58,500,90,10,sample_map,13,HSP90AA1
DOCKSTRING-58,500,90,10,sample_map,20,PGR
DOCKSTRING-58,500,90,10,sample_map,21,PTPN1
DOCKSTRING-58,500,90,10,sample_map,52,MAPK14
DOCKSTRING-58,500,90,10,sample_map,57,KDR
DOCKSTRING-58,500,91,6,full_map,6,MAOB
DOCKSTRING-58,500,91,6,full_map,7,CASP3
DOCKSTRING-58,500,91,6,full_map,20,PGR
DOCKSTRING-58,500,91,6,full_map,21,PTPN1
DOCKSTRING-58,500,91,6,full_map,31,LCK
DOCKSTRING-58,500,91,6,full_map,57,KDR
DOCKSTRING-58,500,91,6,sample_map,6,MAOB
DOCKSTRING-58,500,91,6,sample_map,11,FGFR1
DOCKSTRING-58,500,91,6,sample_map,20,PGR
DOCKSTRING-58,500,91,6,sample_map,31,LCK
DOCKSTRING-58,500,91,6,sample_map,39,ACHE
DOCKSTRING-58,500,91,6,sample_map,57,KDR
DOCKSTRING-58,500,91,8,full_map,6,MAOB
DOCKSTRING-58,500,91,8,full_map,7,CASP3
DOCKSTRING-58,500,91,8,full_map,9,ESR2
DOCKSTRING-58,500,91,8,full_map,13,HSP90AA1
DOCKSTRING-58,500,91,8,full_map,20,PGR
DOCKSTRING-58,500,91,8,full_map,21,PTPN1
DOCKSTRING-58,500,91,8,full_map,31,LCK
DOCKSTRING-58,500,91,8,full_map,57,KDR
DOCKSTRING-58,500,91,8,sample_map,6,MAOB
DOCKSTRING-58,500,91,8,sample_map,11,FGFR1
DOCKSTRING-58,500,91,8,sample_map,20,PGR
DOCKSTRING-58,500,91,8,sample_map,21,PTPN1
DOCKSTRING-58,500,91,8,sample_map,27,ESR1
DOCKSTRING-58,500,91,8,sample_map,31,LCK
DOCKSTRING-58,500,91,8,sample_map,39,ACHE
DOCKSTRING-58,500,91,8,sample_map,57,KDR
DOCKSTRING-58,500,91,10,full_map,6,MAOB
DOCKSTRING-58,500,91,10,full_map,7,CASP3
DOCKSTRING-58,500,91,10,full_map,9,ESR2
DOCKSTRING-58,500,91,10,full_map,13,HSP90AA1
DOCKSTRING-58,500,91,10,full_map,17,NOS1
DOCKSTRING-58,500,91,10,full_map,20,PGR
DOCKSTRING-58,500,91,10,full_map,21,PTPN1
DOCKSTRING-58,500,91,10,full_map,31,LCK
DOCKSTRING-58,500,91,10,full_map,33,MMP13
DOCKSTRING-58,500,91,10,full_map,57,KDR
DOCKSTRING-58,500,91,10,sample_map,6,MAOB
DOCKSTRING-58,500,91,10,sample_map,11,FGFR1
DOCKSTRING-58,500,91,10,sample_map,17,NOS1
DOCKSTRING-58,500,91,10,sample_map,20,PGR
DOCKSTRING-58,500,91,10,sample_map,21,PTPN1
DOCKSTRING-58,500,91,10,sample_map,27,ESR1
DOCKSTRING-58,500,91,10,sample_map,31,LCK
DOCKSTRING-58,500,91,10,sample_map,36,PPARG
DOCKSTRING-58,500,91,10,sample_map,39,ACHE
DOCKSTRING-58,500,91,10,sample_map,57,KDR
DOCKSTRING-58,500,92,6,full_map,6,MAOB
DOCKSTRING-58,500,92,6,full_map,7,CASP3
DOCKSTRING-58,500,92,6,full_map,20,PGR
DOCKSTRING-58,500,92,6,full_map,21,PTPN1
DOCKSTRING-58,500,92,6,full_map,31,LCK
DOCKSTRING-58,500,92,6,full_map,57,KDR
DOCKSTRING-58,500,92,6,sample_map,1,ABL1
DOCKSTRING-58,500,92,6,sample_map,20,PGR
DOCKSTRING-58,500,92,6,sample_map,25,CDK2
DOCKSTRING-58,500,92,6,sample_map,31,LCK
DOCKSTRING-58,500,92,6,sample_map,55,THRB
DOCKSTRING-58,500,92,6,sample_map,57,KDR
DOCKSTRING-58,500,92,8,full_map,6,MAOB
DOCKSTRING-58,500,92,8,full_map,7,CASP3
DOCKSTRING-58,500,92,8,full_map,9,ESR2
DOCKSTRING-58,500,92,8,full_map,13,HSP90AA1
DOCKSTRING-58,500,92,8,full_map,20,PGR
DOCKSTRING-58,500,92,8,full_map,21,PTPN1
DOCKSTRING-58,500,92,8,full_map,31,LCK
DOCKSTRING-58,500,92,8,full_map,57,KDR
DOCKSTRING-58,500,92,8,sample_map,9,ESR2
DOCKSTRING-58,500,92,8,sample_map,20,PGR
DOCKSTRING-58,500,92,8,sample_map,21,PTPN1
DOCKSTRING-58,500,92,8,sample_map,25,CDK2
DOCKSTRING-58,500,92,8,sample_map,31,LCK
DOCKSTRING-58,500,92,8,sample_map,55,THRB
DOCKSTRING-58,500,92,8,sample_map,56,F2
DOCKSTRING-58,500,92,8,sample_map,57,KDR
DOCKSTRING-58,500,92,10,full_map,6,MAOB
DOCKSTRING-58,500,92,10,full_map,7,CASP3
DOCKSTRING-58,500,92,10,full_map,9,ESR2
DOCKSTRING-58,500,92,10,full_map,13,HSP90AA1
DOCKSTRING-58,500,92,10,full_map,17,NOS1
DOCKSTRING-58,500,92,10,full_map,20,PGR
DOCKSTRING-58,500,92,10,full_map,21,PTPN1
DOCKSTRING-58,500,92,10,full_map,31,LCK
DOCKSTRING-58,500,92,10,full_map,33,MMP13
DOCKSTRING-58,500,92,10,full_map,57,KDR
DOCKSTRING-58,500,92,10,sample_map,13,HSP90AA1
DOCKSTRING-58,500,92,10,sample_map,14,KIT
DOCKSTRING-58,500,92,10,sample_map,20,PGR
DOCKSTRING-58,500,92,10,sample_map,21,PTPN1
DOCKSTRING-58,500,92,10,sample_map,25,CDK2
DOCKSTRING-58,500,92,10,sample_map,31,LCK
DOCKSTRING-58,500,92,10,sample_map,36,PPARG
DOCKSTRING-58,500,92,10,sample_map,55,THRB
DOCKSTRING-58,500,92,10,sample_map,56,F2
DOCKSTRING-58,500,92,10,sample_map,57,KDR
DOCKSTRING-58,500,93,6,full_map,6,MAOB
DOCKSTRING-58,500,93,6,full_map,7,CASP3
DOCKSTRING-58,500,93,6,full_map,20,PGR
DOCKSTRING-58,500,93,6,full_map,21,PTPN1
DOCKSTRING-58,500,93,6,full_map,31,LCK
DOCKSTRING-58,500,93,6,full_map,57,KDR
DOCKSTRING-58,500,93,6,sample_map,7,CASP3
DOCKSTRING-58,500,93,6,sample_map,9,ESR2
DOCKSTRING-58,500,93,6,sample_map,20,PGR
DOCKSTRING-58,500,93,6,sample_map,43,CYP3A4
DOCKSTRING-58,500,93,6,sample_map,55,THRB
DOCKSTRING-58,500,93,6,sample_map,57,KDR
DOCKSTRING-58,500,93,8,full_map,6,MAOB
DOCKSTRING-58,500,93,8,full_map,7,CASP3
DOCKSTRING-58,500,93,8,full_map,9,ESR2
DOCKSTRING-58,500,93,8,full_map,13,HSP90AA1
DOCKSTRING-58,500,93,8,full_map,20,PGR
DOCKSTRING-58,500,93,8,full_map,21,PTPN1
DOCKSTRING-58,500,93,8,full_map,31,LCK
DOCKSTRING-58,500,93,8,full_map,57,KDR
DOCKSTRING-58,500,93,8,sample_map,7,CASP3
DOCKSTRING-58,500,93,8,sample_map,9,ESR2
DOCKSTRING-58,500,93,8,sample_map,11,FGFR1
DOCKSTRING-58,500,93,8,sample_map,13,HSP90AA1
DOCKSTRING-58,500,93,8,sample_map,20,PGR
DOCKSTRING-58,500,93,8,sample_map,43,CYP3A4
DOCKSTRING-58,500,93,8,sample_map,55,THRB
DOCKSTRING-58,500,93,8,sample_map,57,KDR
DOCKSTRING-58,500,93,10,full_map,6,MAOB
DOCKSTRING-58,500,93,10,full_map,7,CASP3
DOCKSTRING-58,500,93,10,full_map,9,ESR2
DOCKSTRING-58,500,93,10,full_map,13,HSP90AA1
DOCKSTRING-58,500,93,10,full_map,17,NOS1
DOCKSTRING-58,500,93,10,full_map,20,PGR
DOCKSTRING-58,500,93,10,full_map,21,PTPN1
DOCKSTRING-58,500,93,10,full_map,31,LCK
DOCKSTRING-58,500,93,10,full_map,33,MMP13
DOCKSTRING-58,500,93,10,full_map,57,KDR
DOCKSTRING-58,500,93,10,sample_map,7,CASP3
DOCKSTRING-58,500,93,10,sample_map,9,ESR2
DOCKSTRING-58,500,93,10,sample_map,11,FGFR1
DOCKSTRING-58,500,93,10,sample_map,13,HSP90AA1
DOCKSTRING-58,500,93,10,sample_map,20,PGR
DOCKSTRING-58,500,93,10,sample_map,36,PPARG
DOCKSTRING-58,500,93,10,sample_map,43,CYP3A4
DOCKSTRING-58,500,93,10,sample_map,52,MAPK14
DOCKSTRING-58,500,93,10,sample_map,55,THRB
DOCKSTRING-58,500,93,10,sample_map,57,KDR
DOCKSTRING-58,500,94,6,full_map,6,MAOB
DOCKSTRING-58,500,94,6,full_map,7,CASP3
DOCKSTRING-58,500,94,6,full_map,20,PGR
DOCKSTRING-58,500,94,6,full_map,21,PTPN1
DOCKSTRING-58,500,94,6,full_map,31,LCK
DOCKSTRING-58,500,94,6,full_map,57,KDR
DOCKSTRING-58,500,94,6,sample_map,6,MAOB
DOCKSTRING-58,500,94,6,sample_map,20,PGR
DOCKSTRING-58,500,94,6,sample_map,25,CDK2
DOCKSTRING-58,500,94,6,sample_map,27,ESR1
DOCKSTRING-58,500,94,6,sample_map,40,BACE1
DOCKSTRING-58,500,94,6,sample_map,57,KDR
DOCKSTRING-58,500,94,8,full_map,6,MAOB
DOCKSTRING-58,500,94,8,full_map,7,CASP3
DOCKSTRING-58,500,94,8,full_map,9,ESR2
DOCKSTRING-58,500,94,8,full_map,13,HSP90AA1
DOCKSTRING-58,500,94,8,full_map,20,PGR
DOCKSTRING-58,500,94,8,full_map,21,PTPN1
DOCKSTRING-58,500,94,8,full_map,31,LCK
DOCKSTRING-58,500,94,8,full_map,57,KDR
DOCKSTRING-58,500,94,8,sample_map,6,MAOB
DOCKSTRING-58,500,94,8,sample_map,13,HSP90AA1
DOCKSTRING-58,500,94,8,sample_map,20,PGR
DOCKSTRING-58,500,94,8,sample_map,21,PTPN1
DOCKSTRING-58,500,94,8,sample_map,25,CDK2
DOCKSTRING-58,500,94,8,sample_map,27,ESR1
DOCKSTRING-58,500,94,8,sample_map,40,BACE1
DOCKSTRING-58,500,94,8,sample_map,57,KDR
DOCKSTRING-58,500,94,10,full_map,6,MAOB
DOCKSTRING-58,500,94,10,full_map,7,CASP3
DOCKSTRING-58,500,94,10,full_map,9,ESR2
DOCKSTRING-58,500,94,10,full_map,13,HSP90AA1
DOCKSTRING-58,500,94,10,full_map,17,NOS1
DOCKSTRING-58,500,94,10,full_map,20,PGR
DOCKSTRING-58,500,94,10,full_map,21,PTPN1
DOCKSTRING-58,500,94,10,full_map,31,LCK
DOCKSTRING-58,500,94,10,full_map,33,MMP13
DOCKSTRING-58,500,94,10,full_map,57,KDR
DOCKSTRING-58,500,94,10,sample_map,6,MAOB
DOCKSTRING-58,500,94,10,sample_map,13,HSP90AA1
DOCKSTRING-58,500,94,10,sample_map,17,NOS1
DOCKSTRING-58,500,94,10,sample_map,20,PGR
DOCKSTRING-58,500,94,10,sample_map,21,PTPN1
DOCKSTRING-58,500,94,10,sample_map,25,CDK2
DOCKSTRING-58,500,94,10,sample_map,27,ESR1
DOCKSTRING-58,500,94,10,sample_map,31,LCK
DOCKSTRING-58,500,94,10,sample_map,40,BACE1
DOCKSTRING-58,500,94,10,sample_map,57,KDR
DOCKSTRING-58,500,95,6,full_map,6,MAOB
DOCKSTRING-58,500,95,6,full_map,7,CASP3
DOCKSTRING-58,500,95,6,full_map,20,PGR
DOCKSTRING-58,500,95,6,full_map,21,PTPN1
DOCKSTRING-58,500,95,6,full_map,31,LCK
DOCKSTRING-58,500,95,6,full_map,57,KDR
DOCKSTRING-58,500,95,6,sample_map,7,CASP3
DOCKSTRING-58,500,95,6,sample_map,14,KIT
DOCKSTRING-58,500,95,6,sample_map,20,PGR
DOCKSTRING-58,500,95,6,sample_map,43,CYP3A4
DOCKSTRING-58,500,95,6,sample_map,52,MAPK14
DOCKSTRING-58,500,95,6,sample_map,57,KDR
DOCKSTRING-58,500,95,8,full_map,6,MAOB
DOCKSTRING-58,500,95,8,full_map,7,CASP3
DOCKSTRING-58,500,95,8,full_map,9,ESR2
DOCKSTRING-58,500,95,8,full_map,13,HSP90AA1
DOCKSTRING-58,500,95,8,full_map,20,PGR
DOCKSTRING-58,500,95,8,full_map,21,PTPN1
DOCKSTRING-58,500,95,8,full_map,31,LCK
DOCKSTRING-58,500,95,8,full_map,57,KDR
DOCKSTRING-58,500,95,8,sample_map,7,CASP3
DOCKSTRING-58,500,95,8,sample_map,13,HSP90AA1
DOCKSTRING-58,500,95,8,sample_map,14,KIT
DOCKSTRING-58,500,95,8,sample_map,20,PGR
DOCKSTRING-58,500,95,8,sample_map,43,CYP3A4
DOCKSTRING-58,500,95,8,sample_map,51,MAPK1
DOCKSTRING-58,500,95,8,sample_map,52,MAPK14
DOCKSTRING-58,500,95,8,sample_map,57,KDR
DOCKSTRING-58,500,95,10,full_map,6,MAOB
DOCKSTRING-58,500,95,10,full_map,7,CASP3
DOCKSTRING-58,500,95,10,full_map,9,ESR2
DOCKSTRING-58,500,95,10,full_map,13,HSP90AA1
DOCKSTRING-58,500,95,10,full_map,17,NOS1
DOCKSTRING-58,500,95,10,full_map,20,PGR
DOCKSTRING-58,500,95,10,full_map,21,PTPN1
DOCKSTRING-58,500,95,10,full_map,31,LCK
DOCKSTRING-58,500,95,10,full_map,33,MMP13
DOCKSTRING-58,500,95,10,full_map,57,KDR
DOCKSTRING-58,500,95,10,sample_map,7,CASP3
DOCKSTRING-58,500,95,10,sample_map,13,HSP90AA1
DOCKSTRING-58,500,95,10,sample_map,14,KIT
DOCKSTRING-58,500,95,10,sample_map,19,PDE5A
DOCKSTRING-58,500,95,10,sample_map,20,PGR
DOCKSTRING-58,500,95,10,sample_map,31,LCK
DOCKSTRING-58,500,95,10,sample_map,43,CYP3A4
DOCKSTRING-58,500,95,10,sample_map,51,MAPK1
DOCKSTRING-58,500,95,10,sample_map,52,MAPK14
DOCKSTRING-58,500,95,10,sample_map,57,KDR
DOCKSTRING-58,500,96,6,full_map,6,MAOB
DOCKSTRING-58,500,96,6,full_map,7,CASP3
DOCKSTRING-58,500,96,6,full_map,20,PGR
DOCKSTRING-58,500,96,6,full_map,21,PTPN1
DOCKSTRING-58,500,96,6,full_map,31,LCK
DOCKSTRING-58,500,96,6,full_map,57,KDR
DOCKSTRING-58,500,96,6,sample_map,6,MAOB
DOCKSTRING-58,500,96,6,sample_map,20,PGR
DOCKSTRING-58,500,96,6,sample_map,27,ESR1
DOCKSTRING-58,500,96,6,sample_map,33,MMP13
DOCKSTRING-58,500,96,6,sample_map,38,ADORA2A
DOCKSTRING-58,500,96,6,sample_map,40,BACE1
DOCKSTRING-58,500,96,8,full_map,6,MAOB
DOCKSTRING-58,500,96,8,full_map,7,CASP3
DOCKSTRING-58,500,96,8,full_map,9,ESR2
DOCKSTRING-58,500,96,8,full_map,13,HSP90AA1
DOCKSTRING-58,500,96,8,full_map,20,PGR
DOCKSTRING-58,500,96,8,full_map,21,PTPN1
DOCKSTRING-58,500,96,8,full_map,31,LCK
DOCKSTRING-58,500,96,8,full_map,57,KDR
DOCKSTRING-58,500,96,8,sample_map,1,ABL1
DOCKSTRING-58,500,96,8,sample_map,6,MAOB
DOCKSTRING-58,500,96,8,sample_map,7,CASP3
DOCKSTRING-58,500,96,8,sample_map,20,PGR
DOCKSTRING-58,500,96,8,sample_map,27,ESR1
DOCKSTRING-58,500,96,8,sample_map,33,MMP13
DOCKSTRING-58,500,96,8,sample_map,35,PPARA
DOCKSTRING-58,500,96,8,sample_map,38,ADORA2A
DOCKSTRING-58,500,96,10,full_map,6,MAOB
DOCKSTRING-58,500,96,10,full_map,7,CASP3
DOCKSTRING-58,500,96,10,full_map,9,ESR2
DOCKSTRING-58,500,96,10,full_map,13,HSP90AA1
DOCKSTRING-58,500,96,10,full_map,17,NOS1
DOCKSTRING-58,500,96,10,full_map,20,PGR
DOCKSTRING-58,500,96,10,full_map,21,PTPN1
DOCKSTRING-58,500,96,10,full_map,31,LCK
DOCKSTRING-58,500,96,10,full_map,33,MMP13
DOCKSTRING-58,500,96,10,full_map,57,KDR
DOCKSTRING-58,500,96,10,sample_map,1,ABL1
DOCKSTRING-58,500,96,10,sample_map,6,MAOB
DOCKSTRING-58,500,96,10,sample_map,7,CASP3
DOCKSTRING-58,500,96,10,sample_map,20,PGR
DOCKSTRING-58,500,96,10,sample_map,21,PTPN1
DOCKSTRING-58,500,96,10,sample_map,27,ESR1
DOCKSTRING-58,500,96,10,sample_map,31,LCK
DOCKSTRING-58,500,96,10,sample_map,33,MMP13
DOCKSTRING-58,500,96,10,sample_map,35,PPARA
DOCKSTRING-58,500,96,10,sample_map,38,ADORA2A
DOCKSTRING-58,500,97,6,full_map,6,MAOB
DOCKSTRING-58,500,97,6,full_map,7,CASP3
DOCKSTRING-58,500,97,6,full_map,20,PGR
DOCKSTRING-58,500,97,6,full_map,21,PTPN1
DOCKSTRING-58,500,97,6,full_map,31,LCK
DOCKSTRING-58,500,97,6,full_map,57,KDR
DOCKSTRING-58,500,97,6,sample_map,6,MAOB
DOCKSTRING-58,500,97,6,sample_map,7,CASP3
DOCKSTRING-58,500,97,6,sample_map,17,NOS1
DOCKSTRING-58,500,97,6,sample_map,20,PGR
DOCKSTRING-58,500,97,6,sample_map,31,LCK
DOCKSTRING-58,500,97,6,sample_map,57,KDR
DOCKSTRING-58,500,97,8,full_map,6,MAOB
DOCKSTRING-58,500,97,8,full_map,7,CASP3
DOCKSTRING-58,500,97,8,full_map,9,ESR2
DOCKSTRING-58,500,97,8,full_map,13,HSP90AA1
DOCKSTRING-58,500,97,8,full_map,20,PGR
DOCKSTRING-58,500,97,8,full_map,21,PTPN1
DOCKSTRING-58,500,97,8,full_map,31,LCK
DOCKSTRING-58,500,97,8,full_map,57,KDR
DOCKSTRING-58,500,97,8,sample_map,6,MAOB
DOCKSTRING-58,500,97,8,sample_map,7,CASP3
DOCKSTRING-58,500,97,8,sample_map,9,ESR2
DOCKSTRING-58,500,97,8,sample_map,17,NOS1
DOCKSTRING-58,500,97,8,sample_map,20,PGR
DOCKSTRING-58,500,97,8,sample_map,31,LCK
DOCKSTRING-58,500,97,8,sample_map,51,MAPK1
DOCKSTRING-58,500,97,8,sample_map,57,KDR
DOCKSTRING-58,500,97,10,full_map,6,MAOB
DOCKSTRING-58,500,97,10,full_map,7,CASP3
DOCKSTRING-58,500,97,10,full_map,9,ESR2
DOCKSTRING-58,500,97,10,full_map,13,HSP90AA1
DOCKSTRING-58,500,97,10,full_map,17,NOS1
DOCKSTRING-58,500,97,10,full_map,20,PGR
DOCKSTRING-58,500,97,10,full_map,21,PTPN1
DOCKSTRING-58,500,97,10,full_map,31,LCK
DOCKSTRING-58,500,97,10,full_map,33,MMP13
DOCKSTRING-58,500,97,10,full_map,57,KDR
DOCKSTRING-58,500,97,10,sample_map,6,MAOB
DOCKSTRING-58,500,97,10,sample_map,7,CASP3
DOCKSTRING-58,500,97,10,sample_map,9,ESR2
DOCKSTRING-58,500,97,10,sample_map,13,HSP90AA1
DOCKSTRING-58,500,97,10,sample_map,17,NOS1
DOCKSTRING-58,500,97,10,sample_map,20,PGR
DOCKSTRING-58,500,97,10,sample_map,21,PTPN1
DOCKSTRING-58,500,97,10,sample_map,31,LCK
DOCKSTRING-58,500,97,10,sample_map,51,MAPK1
DOCKSTRING-58,500,97,10,sample_map,57,KDR
DOCKSTRING-58,500,98,6,full_map,6,MAOB
DOCKSTRING-58,500,98,6,full_map,7,CASP3
DOCKSTRING-58,500,98,6,full_map,20,PGR
DOCKSTRING-58,500,98,6,full_map,21,PTPN1
DOCKSTRING-58,500,98,6,full_map,31,LCK
DOCKSTRING-58,500,98,6,full_map,57,KDR
DOCKSTRING-58,500,98,6,sample_map,6,MAOB
DOCKSTRING-58,500,98,6,sample_map,7,CASP3
DOCKSTRING-58,500,98,6,sample_map,20,PGR
DOCKSTRING-58,500,98,6,sample_map,33,MMP13
DOCKSTRING-58,500,98,6,sample_map,52,MAPK14
DOCKSTRING-58,500,98,6,sample_map,57,KDR
DOCKSTRING-58,500,98,8,full_map,6,MAOB
DOCKSTRING-58,500,98,8,full_map,7,CASP3
DOCKSTRING-58,500,98,8,full_map,9,ESR2
DOCKSTRING-58,500,98,8,full_map,13,HSP90AA1
DOCKSTRING-58,500,98,8,full_map,20,PGR
DOCKSTRING-58,500,98,8,full_map,21,PTPN1
DOCKSTRING-58,500,98,8,full_map,31,LCK
DOCKSTRING-58,500,98,8,full_map,57,KDR
DOCKSTRING-58,500,98,8,sample_map,6,MAOB
DOCKSTRING-58,500,98,8,sample_map,7,CASP3
DOCKSTRING-58,500,98,8,sample_map,13,HSP90AA1
DOCKSTRING-58,500,98,8,sample_map,20,PGR
DOCKSTRING-58,500,98,8,sample_map,21,PTPN1
DOCKSTRING-58,500,98,8,sample_map,33,MMP13
DOCKSTRING-58,500,98,8,sample_map,52,MAPK14
DOCKSTRING-58,500,98,8,sample_map,57,KDR
DOCKSTRING-58,500,98,10,full_map,6,MAOB
DOCKSTRING-58,500,98,10,full_map,7,CASP3
DOCKSTRING-58,500,98,10,full_map,9,ESR2
DOCKSTRING-58,500,98,10,full_map,13,HSP90AA1
DOCKSTRING-58,500,98,10,full_map,17,NOS1
DOCKSTRING-58,500,98,10,full_map,20,PGR
DOCKSTRING-58,500,98,10,full_map,21,PTPN1
DOCKSTRING-58,500,98,10,full_map,31,LCK
DOCKSTRING-58,500,98,10,full_map,33,MMP13
DOCKSTRING-58,500,98,10,full_map,57,KDR
DOCKSTRING-58,500,98,10,sample_map,6,MAOB
DOCKSTRING-58,500,98,10,sample_map,7,CASP3
DOCKSTRING-58,500,98,10,sample_map,13,HSP90AA1
DOCKSTRING-58,500,98,10,sample_map,17,NOS1
DOCKSTRING-58,500,98,10,sample_map,20,PGR
DOCKSTRING-58,500,98,10,sample_map,21,PTPN1
DOCKSTRING-58,500,98,10,sample_map,27,ESR1
DOCKSTRING-58,500,98,10,sample_map,33,MMP13
DOCKSTRING-58,500,98,10,sample_map,52,MAPK14
DOCKSTRING-58,500,98,10,sample_map,57,KDR
DOCKSTRING-58,500,99,6,full_map,6,MAOB
DOCKSTRING-58,500,99,6,full_map,7,CASP3
DOCKSTRING-58,500,99,6,full_map,20,PGR
DOCKSTRING-58,500,99,6,full_map,21,PTPN1
DOCKSTRING-58,500,99,6,full_map,31,LCK
DOCKSTRING-58,500,99,6,full_map,57,KDR
DOCKSTRING-58,500,99,6,sample_map,6,MAOB
DOCKSTRING-58,500,99,6,sample_map,13,HSP90AA1
DOCKSTRING-58,500,99,6,sample_map,20,PGR
DOCKSTRING-58,500,99,6,sample_map,21,PTPN1
DOCKSTRING-58,500,99,6,sample_map,40,BACE1
DOCKSTRING-58,500,99,6,sample_map,57,KDR
DOCKSTRING-58,500,99,8,full_map,6,MAOB
DOCKSTRING-58,500,99,8,full_map,7,CASP3
DOCKSTRING-58,500,99,8,full_map,9,ESR2
DOCKSTRING-58,500,99,8,full_map,13,HSP90AA1
DOCKSTRING-58,500,99,8,full_map,20,PGR
DOCKSTRING-58,500,99,8,full_map,21,PTPN1
DOCKSTRING-58,500,99,8,full_map,31,LCK
DOCKSTRING-58,500,99,8,full_map,57,KDR
DOCKSTRING-58,500,99,8,sample_map,6,MAOB
DOCKSTRING-58,500,99,8,sample_map,13,HSP90AA1
DOCKSTRING-58,500,99,8,sample_map,17,NOS1
DOCKSTRING-58,500,99,8,sample_map,20,PGR
DOCKSTRING-58,500,99,8,sample_map,21,PTPN1
DOCKSTRING-58,500,99,8,sample_map,27,ESR1
DOCKSTRING-58,500,99,8,sample_map,40,BACE1
DOCKSTRING-58,500,99,8,sample_map,57,KDR
DOCKSTRING-58,500,99,10,full_map,6,MAOB
DOCKSTRING-58,500,99,10,full_map,7,CASP3
DOCKSTRING-58,500,99,10,full_map,9,ESR2
DOCKSTRING-58,500,99,10,full_map,13,HSP90AA1
DOCKSTRING-58,500,99,10,full_map,17,NOS1
DOCKSTRING-58,500,99,10,full_map,20,PGR
DOCKSTRING-58,500,99,10,full_map,21,PTPN1
DOCKSTRING-58,500,99,10,full_map,31,LCK
DOCKSTRING-58,500,99,10,full_map,33,MMP13
DOCKSTRING-58,500,99,10,full_map,57,KDR
DOCKSTRING-58,500,99,10,sample_map,6,MAOB
DOCKSTRING-58,500,99,10,sample_map,13,HSP90AA1
DOCKSTRING-58,500,99,10,sample_map,17,NOS1
DOCKSTRING-58,500,99,10,sample_map,20,PGR
DOCKSTRING-58,500,99,10,sample_map,21,PTPN1
DOCKSTRING-58,500,99,10,sample_map,26,CSF1R
DOCKSTRING-58,500,99,10,sample_map,27,ESR1
DOCKSTRING-58,500,99,10,sample_map,36,PPARG
DOCKSTRING-58,500,99,10,sample_map,40,BACE1
DOCKSTRING-58,500,99,10,sample_map,57,KDR
