dataset,repetition,first_ligands,second_ligands,first_chemical_groups,second_chemical_groups,chemical_group_overlap,first_median_molecular_weight,second_median_molecular_weight,absolute_median_mw_difference,mw_ks_statistic,transformation,geometry_spearman,geometry_dissimilarity,sign_flip_fraction,top_positive_10pct_pair_jaccard,first_pr,second_pr,first_mean_signed_correlation,second_mean_signed_correlation,first_mean_absolute_correlation,second_mean_absolute_correlation
DOCKSTRING-58,0,7499,7501,6102,5803,0,384.4570000000002,385.5330000000001,1.0759999999998513,0.014773653595976063,raw,0.9980645991007998,0.0019354008992001903,0.007864488808227465,0.8863636363636364,2.3060875360131754,2.1956292790912824,0.6080718213698252,0.6267880662954539,0.6148647275747567,0.633402672840296
DOCKSTRING-58,0,7499,7501,6102,5803,0,384.4570000000002,385.5330000000001,1.0759999999998513,0.014773653595976063,row_centered_residual,0.9951135208177412,0.004886479182258818,0.02601330913490623,0.8971428571428571,17.895824769200942,17.903190697673036,-0.0025131595463325556,-0.0020468763251171814,0.15671881085457484,0.15667609936194452
DOCKSTRING-58,0,7499,7501,6102,5803,0,384.4570000000002,385.5330000000001,1.0759999999998513,0.014773653595976063,group_heldout_descriptor_adjusted_residual,0.9886692950346646,0.011330704965335392,0.04900181488203267,0.8444444444444444,28.68997770754228,28.11216528200592,-0.012328956262289605,-0.012081234487008697,0.10659109018571371,0.10873948632996557
DOCKSTRING-58,1,7497,7503,6054,5851,0,384.45700000000016,385.9140000000001,1.4569999999999368,0.020780109991484264,raw,0.9977969665559109,0.0022030334440891197,0.006049606775559589,0.8757062146892656,2.277830428679763,2.2191264289064776,0.6121363182098051,0.6232981204029451,0.6192584184203759,0.629495328755367
DOCKSTRING-58,1,7497,7503,6054,5851,0,384.45700000000016,385.9140000000001,1.4569999999999368,0.020780109991484264,row_centered_residual,0.9948737928990853,0.005126207100914715,0.029643073200241985,0.9080459770114943,18.049661766703874,17.74987734033752,-0.002490953063726239,-0.0020683228108839195,0.15574944024955575,0.1577243817084519
DOCKSTRING-58,1,7497,7503,6054,5851,0,384.45700000000016,385.9140000000001,1.4569999999999368,0.020780109991484264,group_heldout_descriptor_adjusted_residual,0.9862547597739002,0.013745240226099797,0.05202661826981246,0.8651685393258427,28.337236927748773,28.431567550609202,-0.012365264349967153,-0.012042465085997933,0.10800808436967323,0.10747000235748924
DOCKSTRING-58,2,7501,7499,5892,6013,0,385.4200000000002,385.05500000000006,0.3650000000001228,0.014349778032884944,raw,0.9978984864714583,0.0021015135285417097,0.004234724742891712,0.8547486033519553,2.2046376454128254,2.2947956591202594,0.624958903609144,0.6102243672404227,0.6314318028027477,0.6169820919396194
DOCKSTRING-58,2,7501,7499,5892,6013,0,385.4200000000002,385.05500000000006,0.3650000000001228,0.014349778032884944,row_centered_residual,0.9946773313651011,0.005322668634898942,0.030248033877797943,0.8971428571428571,18.135251953447337,17.667045025150745,-0.0022645900091781586,-0.002288123870051684,0.15538931029821434,0.15802103865059838
DOCKSTRING-58,2,7501,7499,5892,6013,0,385.4200000000002,385.05500000000006,0.3650000000001228,0.014349778032884944,group_heldout_descriptor_adjusted_residual,0.9901551639092983,0.009844836090701747,0.04900181488203267,0.8547486033519553,28.606892981081657,28.20644558426846,-0.012148270243945738,-0.012260114628031537,0.10691784097875284,0.10822430749096941
DOCKSTRING-58,3,7494,7506,5823,6082,0,385.5295000000001,384.4905000000001,1.0389999999999873,0.015085769654892578,raw,0.9979878567292161,0.002012143270783917,0.003629764065335753,0.8651685393258427,2.202857029433911,2.2969297752588114,0.6257600286757646,0.6093637713717367,0.6319575656771006,0.6164034252010122
DOCKSTRING-58,3,7494,7506,5823,6082,0,385.5295000000001,384.4905000000001,1.0389999999999873,0.015085769654892578,row_centered_residual,0.9954494071803898,0.004550592819610233,0.02601330913490623,0.8971428571428571,17.87097885690643,17.930865754056644,-0.0023007188116639403,-0.002254219203926573,0.15667286531704233,0.15672540027059426
DOCKSTRING-58,3,7494,7506,5823,6082,0,385.5295000000001,384.4905000000001,1.0389999999999873,0.015085769654892578,group_heldout_descriptor_adjusted_residual,0.988875863128507,0.011124136871493051,0.05263157894736842,0.8971428571428571,28.38276527548162,28.414140648886008,-0.012150903876547988,-0.012258441754183438,0.10749826321540423,0.10784419977601331
DOCKSTRING-58,4,7501,7499,5871,6034,0,385.5480000000002,384.48400000000026,1.0639999999999077,0.01776716476030515,raw,0.9975787562577313,0.0024212437422687083,0.0054446460980036296,0.8547486033519553,2.226822913727465,2.2701180019263005,0.6222229427710964,0.6131921859698268,0.6281644825904936,0.6204887527012091
DOCKSTRING-58,4,7501,7499,5871,6034,0,385.5480000000002,384.48400000000026,1.0639999999999077,0.01776716476030515,row_centered_residual,0.9942159658448436,0.005784034155156381,0.027828191167574106,0.9190751445086706,18.01385038257539,17.780820753993325,-0.002612560275277247,-0.0019368763738934118,0.15556801985807864,0.15787242842540453
DOCKSTRING-58,4,7501,7499,5871,6034,0,385.5480000000002,384.48400000000026,1.0639999999999077,0.01776716476030515,group_heldout_descriptor_adjusted_residual,0.9874035998514112,0.01259640014858876,0.049606775559588624,0.8547486033519553,28.59598225040457,28.1923270373529,-0.012263108892303426,-0.012143913870673727,0.10679112296191663,0.10862490819835414
DOCKSTRING-58,5,7508,7492,5897,6008,0,386.0665,384.46850000000006,1.5979999999999563,0.010949772458407775,raw,0.9978880318676091,0.0021119681323908956,0.004234724742891712,0.8444444444444444,2.227202587346888,2.2691225182393637,0.6200601137415485,0.6155024237499471,0.6271840181199538,0.6215535525276852
DOCKSTRING-58,5,7508,7492,5897,6008,0,386.0665,384.46850000000006,1.5979999999999563,0.010949772458407775,row_centered_residual,0.9944235329046448,0.005576467095355198,0.025408348457350273,0.8971428571428571,17.84104843065556,17.951702855334354,-0.002106767500531194,-0.002450799840622983,0.1572943695096586,0.15610385564997514
DOCKSTRING-58,5,7508,7492,5897,6008,0,386.0665,384.46850000000006,1.5979999999999563,0.010949772458407775,group_heldout_descriptor_adjusted_residual,0.9868140213012806,0.013185978698719403,0.049606775559588624,0.8651685393258427,28.287209303306426,28.473157688751062,-0.012055029627212365,-0.012358228433699854,0.1079405820804728,0.10741769168056467
DOCKSTRING-58,6,7443,7557,6020,5885,0,385.4240000000003,384.56700000000006,0.8570000000002551,0.007186121737058199,raw,0.9981315245063804,0.0018684754936195702,0.004234724742891712,0.8547486033519553,2.2751842361474006,2.222400584570602,0.6131853158281533,0.6221683414576885,0.6197181009361085,0.6288460146541063
DOCKSTRING-58,6,7443,7557,6020,5885,0,385.4240000000003,384.56700000000006,0.8570000000002551,0.007186121737058199,row_centered_residual,0.9951818596538802,0.004818140346119826,0.030852994555353903,0.8757062146892656,17.77427451682411,18.023971231463918,-0.002195546072414922,-0.002362653899028474,0.15769780713612688,0.15572823863909535
DOCKSTRING-58,6,7443,7557,6020,5885,0,385.4240000000003,384.56700000000006,0.8570000000002551,0.007186121737058199,group_heldout_descriptor_adjusted_residual,0.9881981152052284,0.011801884794771622,0.050816696914700546,0.8651685393258427,28.43477659060155,28.349536598745598,-0.012270258450163989,-0.012142149111750072,0.10787121577672783,0.1073983931244276
DOCKSTRING-58,7,7501,7499,6101,5804,0,384.4390000000001,385.826,1.3869999999999436,0.012103591326286068,raw,0.9974347882594145,0.002565211740585549,0.009679370840895343,0.8342541436464088,2.30977061231018,2.1911333687342505,0.605254881533184,0.6295671849492092,0.6135923347047155,0.6346933472911788
DOCKSTRING-58,7,7501,7499,6101,5804,0,384.4390000000001,385.826,1.3869999999999436,0.012103591326286068,row_centered_residual,0.9943288224299272,0.0056711775700728495,0.025408348457350273,0.9080459770114943,17.915990427386628,17.874318002990773,-0.001881887739763193,-0.00267107375464369,0.15684447629518566,0.15658656890862907
DOCKSTRING-58,7,7501,7499,6101,5804,0,384.4390000000001,385.826,1.3869999999999436,0.012103591326286068,group_heldout_descriptor_adjusted_residual,0.9877045436601021,0.012295456339897926,0.056866303690260134,0.8651685393258427,28.69805047172234,28.094684275514265,-0.012392519605916063,-0.012015706014178375,0.10657945696740903,0.1087998414878811
DOCKSTRING-58,8,7507,7493,6034,5871,0,384.4580000000001,385.8950000000002,1.4370000000001255,0.018169295827475476,raw,0.9979602974901495,0.0020397025098505273,0.0018148820326678765,0.9080459770114943,2.284519329174947,2.2125386339763384,0.6118995435939603,0.6236269844159251,0.6186653483138059,0.6300128306456855
DOCKSTRING-58,8,7507,7493,6034,5871,0,384.4580000000001,385.8950000000002,1.4370000000001255,0.018169295827475476,row_centered_residual,0.9949495708434271,0.005050429156572944,0.025408348457350273,0.9302325581395349,17.78209430515466,18.02345882343069,-0.002370541533920323,-0.0021883833959465337,0.1575917502654581,0.1557396906532054
DOCKSTRING-58,8,7507,7493,6034,5871,0,384.4580000000001,385.8950000000002,1.4370000000001255,0.018169295827475476,group_heldout_descriptor_adjusted_residual,0.9891915177736686,0.01080848222633135,0.050816696914700546,0.8757062146892656,28.34177773282454,28.463161395529255,-0.012214381658681703,-0.012197848957691814,0.10811403132602977,0.10712898599864105
DOCKSTRING-58,9,7500,7500,5891,6014,0,385.84000000000003,384.4665000000001,1.3734999999999218,0.019733333333333332,raw,0.9976298363628401,0.0023701636371599166,0.003629764065335753,0.8444444444444444,2.237929537485155,2.2582283580036058,0.619944295236958,0.6155635187823494,0.6262062473119051,0.6225015805174383
DOCKSTRING-58,9,7500,7500,5891,6014,0,385.84000000000003,384.4665000000001,1.3734999999999218,0.019733333333333332,row_centered_residual,0.9942976100573682,0.005702389942631836,0.02722323049001815,0.9080459770114943,17.88772643297802,17.90366669518969,-0.0024144711466256414,-0.002135962594641658,0.15660650873793286,0.1567985874914335
DOCKSTRING-58,9,7500,7500,5891,6014,0,385.84000000000003,384.4665000000001,1.3734999999999218,0.019733333333333332,group_heldout_descriptor_adjusted_residual,0.9884968272814584,0.011503172718541621,0.04658197217180883,0.8547486033519553,28.247618392741497,28.540632819215187,-0.01223636547069843,-0.012168406976095888,0.10797036507278295,0.10724588742924274
DOCKSTRING-58,10,7501,7499,6080,5825,0,384.85200000000003,385.4240000000001,0.5720000000000596,0.012563858001135254,raw,0.997491875444397,0.0025081245556030085,0.0054446460980036296,0.8547486033519553,2.2976674426708317,2.2020021687470033,0.6091910502469019,0.6259293196553085,0.6166272445369079,0.63184256346196
DOCKSTRING-58,10,7501,7499,6080,5825,0,384.85200000000003,385.4240000000001,0.5720000000000596,0.012563858001135254,row_centered_residual,0.9941970386281166,0.005802961371883408,0.030852994555353903,0.8757062146892656,17.698312394177563,18.102450405127538,-0.0023496390772671546,-0.0022131476266175226,0.1580980858628241,0.15537271452706353
DOCKSTRING-58,10,7501,7499,6080,5825,0,384.85200000000003,385.4240000000001,0.5720000000000596,0.012563858001135254,group_heldout_descriptor_adjusted_residual,0.987938477044833,0.012061522955167048,0.05263157894736842,0.8342541436464088,28.026213212617133,28.786361154625272,-0.01224530064172377,-0.012170951843348064,0.10887777629210478,0.10636655772157637
DOCKSTRING-58,11,7499,7501,5840,6065,0,385.4280000000001,384.51600000000013,0.9119999999999777,0.014495840257703826,raw,0.9976918971230211,0.0023081028769789125,0.0030248033877797943,0.8651685393258427,2.2322179889449787,2.2635697167951827,0.6196501263605182,0.615956563273777,0.6266926330781147,0.6220745852464783
DOCKSTRING-58,11,7499,7501,5840,6065,0,385.4280000000001,384.51600000000013,0.9119999999999777,0.014495840257703826,row_centered_residual,0.9934034664469465,0.006596533553053452,0.030852994555353903,0.9302325581395349,17.92956394667861,17.86266927566999,-0.0021621865606619075,-0.0023955045634539264,0.1566086642444075,0.1568539883125204
DOCKSTRING-58,11,7499,7501,5840,6065,0,385.4280000000001,384.51600000000013,0.9119999999999777,0.014495840257703826,group_heldout_descriptor_adjusted_residual,0.9868520510851424,0.013147948914857599,0.04900181488203267,0.8241758241758241,28.745059718189435,28.051695050974498,-0.012232190684652061,-0.012185149327090711,0.10635123416895605,0.10888754271674515
DOCKSTRING-58,12,7499,7501,5871,6034,0,385.5480000000002,384.46500000000015,1.0830000000000268,0.015556426943225368,raw,0.997123913241273,0.00287608675872697,0.004839685420447671,0.8547486033519553,2.2028130341421632,2.29763179589344,0.6250354169295329,0.6100188096406245,0.6315740698097589,0.6167347646879915
DOCKSTRING-58,12,7499,7501,5871,6034,0,385.5480000000002,384.46500000000015,1.0830000000000268,0.015556426943225368,row_centered_residual,0.9937802572774125,0.006219742722587518,0.029038112522686024,0.9190751445086706,17.805995936047996,17.99270509619239,-0.002507583961668546,-0.0020468584028300076,0.15720771738758835,0.1562849049612599
DOCKSTRING-58,12,7499,7501,5871,6034,0,385.5480000000002,384.46500000000015,1.0830000000000268,0.015556426943225368,group_heldout_descriptor_adjusted_residual,0.9876434818658798,0.012356518134120198,0.055051421657592255,0.8342541436464088,28.317460749989802,28.48380271590882,-0.012342996588197258,-0.012068874812387663,0.1077984297942737,0.10752804735173116
DOCKSTRING-58,13,7541,7459,5899,6006,0,384.54500000000013,385.4230000000002,0.8780000000000427,0.011692687207239028,raw,0.9979778033058451,0.002022196694154932,0.004839685420447671,0.8863636363636364,2.2198735722175966,2.2784214509194958,0.62307270580056,0.6121098334055387,0.6292721231069945,0.6192228995825413
DOCKSTRING-58,13,7541,7459,5899,6006,0,384.54500000000013,385.4230000000002,0.8780000000000427,0.011692687207239028,row_centered_residual,0.9953189996135967,0.004681000386403289,0.02722323049001815,0.9080459770114943,17.941910413012565,17.85973898694293,-0.002301834332029493,-0.0022504231816936468,0.15610720770765332,0.15737141695881454
DOCKSTRING-58,13,7541,7459,5899,6006,0,384.54500000000013,385.4230000000002,0.8780000000000427,0.011692687207239028,group_heldout_descriptor_adjusted_residual,0.9887528388766051,0.011247161123394855,0.047186932849364795,0.8651685393258427,28.404793409145785,28.39038555382975,-0.012058435789621645,-0.012349787617939182,0.10766270693598709,0.10753208103881069
DOCKSTRING-58,14,7511,7489,5861,6044,0,385.41600000000017,384.56700000000006,0.8490000000001032,0.01996397183361052,raw,0.9975524457261129,0.002447554273887098,0.006654567453115548,0.8547486033519553,2.222354944188877,2.2750476142951688,0.6226879918147182,0.6126711792975846,0.6288089797286244,0.6198694005365234
DOCKSTRING-58,14,7511,7489,5861,6044,0,385.41600000000017,384.56700000000006,0.8490000000001032,0.01996397183361052,row_centered_residual,0.9933972733893678,0.006602726610632215,0.030852994555353903,0.8863636363636364,18.00737277395536,17.77482076336589,-0.002575731270439257,-0.0019754834899993507,0.15631305391514216,0.15723295090566614
DOCKSTRING-58,14,7511,7489,5861,6044,0,385.41600000000017,384.56700000000006,0.8490000000001032,0.01996397183361052,group_heldout_descriptor_adjusted_residual,0.9868169198966552,0.01318308010334479,0.05021173623714459,0.8757062146892656,28.329973835059782,28.439056758890967,-0.012225477147625573,-0.012188995167346115,0.10805124792216718,0.1073030981629554
DOCKSTRING-58,15,7499,7501,5881,6024,0,385.4200000000002,384.567,0.8530000000001792,0.018589831441597003,raw,0.9976944529880535,0.0023055470119465182,0.004839685420447671,0.8444444444444444,2.215655574173756,2.282173424522977,0.6229438758493745,0.6124386222301734,0.6296240357674627,0.6189808474020768
DOCKSTRING-58,15,7499,7501,5881,6024,0,385.4200000000002,384.567,0.8530000000001792,0.018589831441597003,row_centered_residual,0.9940471379410081,0.005952862058991926,0.03206291591046582,0.8863636363636364,17.803692717158388,17.988690542873446,-0.0023469188508266907,-0.00220745904665078,0.15701229297140143,0.15648039324849555
DOCKSTRING-58,15,7499,7501,5881,6024,0,385.4200000000002,384.567,0.8530000000001792,0.018589831441597003,group_heldout_descriptor_adjusted_residual,0.9859083444163204,0.014091655583679641,0.05323653962492438,0.8342541436464088,28.540001063937165,28.219064205535474,-0.012141892209514503,-0.01226671660362311,0.10705351986417157,0.10837090783589935
DOCKSTRING-58,16,7496,7504,6043,5862,0,384.3195000000001,386.34050000000013,2.021000000000015,0.016503329138724734,raw,0.9976545262315999,0.002345473768400108,0.006654567453115548,0.8863636363636364,2.324630285230334,2.178313714237504,0.6052124747642977,0.6297535484500469,0.6121589004706476,0.6361416919110295
DOCKSTRING-58,16,7496,7504,6043,5862,0,384.3195000000001,386.34050000000013,2.021000000000015,0.016503329138724734,row_centered_residual,0.9937671564765027,0.006232843523497289,0.027828191167574106,0.9190751445086706,17.856954854253946,17.926280857147457,-0.00232331158562445,-0.0022265721492204524,0.15719914712405,0.15632334892309163
DOCKSTRING-58,16,7496,7504,6043,5862,0,384.3195000000001,386.34050000000013,2.021000000000015,0.016503329138724734,group_heldout_descriptor_adjusted_residual,0.9841015205319306,0.015898479468069437,0.05807622504537205,0.8444444444444444,28.260810226394756,28.48360593214221,-0.012280560307532475,-0.012132646603907648,0.10850293004935402,0.10699203329623759
DOCKSTRING-58,17,7498,7502,6016,5889,0,384.83850000000007,385.4275000000001,0.5890000000000555,0.016144214481366364,raw,0.9975895987579367,0.0024104012420632648,0.007259528130671506,0.8863636363636364,2.2869117479904872,2.212109429074579,0.6103873800365764,0.6246846956459268,0.6174803150455784,0.6309986337146061
DOCKSTRING-58,17,7498,7502,6016,5889,0,384.83850000000007,385.4275000000001,0.5890000000000555,0.016144214481366364,row_centered_residual,0.9944909391954342,0.005509060804565813,0.02661826981246219,0.8757062146892656,17.96234782923967,17.83895202589644,-0.002144089881775504,-0.0024105986604927242,0.1567000422350263,0.1567207653255005
DOCKSTRING-58,17,7498,7502,6016,5889,0,384.83850000000007,385.4275000000001,0.5890000000000555,0.016144214481366364,group_heldout_descriptor_adjusted_residual,0.9886311616346528,0.01136883836534719,0.0544464609800363,0.8651685393258427,28.665392188055826,28.143598628918944,-0.012283832264553964,-0.012125328897336201,0.1069204372488388,0.10828413653212937
DOCKSTRING-58,18,7501,7499,5826,6079,0,386.35100000000017,383.8790000000002,2.47199999999998,0.013772071355947935,raw,0.9972618661892431,0.0027381338107569375,0.0030248033877797943,0.8342541436464088,2.2121901065848997,2.2853229201456413,0.6236623500232346,0.6117760491429303,0.6299843049727561,0.6186310707278049
DOCKSTRING-58,18,7501,7499,5826,6079,0,386.35100000000017,383.8790000000002,2.47199999999998,0.013772071355947935,row_centered_residual,0.9936742181036319,0.006325781896368121,0.029038112522686024,0.9080459770114943,17.947314842688275,17.83605894753947,-0.002165945398291542,-0.0023835247159653466,0.15646665919125274,0.15706353046602506
DOCKSTRING-58,18,7501,7499,5826,6079,0,386.35100000000017,383.8790000000002,2.47199999999998,0.013772071355947935,group_heldout_descriptor_adjusted_residual,0.9856056975832159,0.014394302416784077,0.055051421657592255,0.8757062146892656,28.498039406682633,28.265305489053073,-0.012204501596950431,-0.012217977118956759,0.10746798599364941,0.10789891233234457
DOCKSTRING-58,19,7500,7500,6044,5861,0,383.44600000000014,386.4680000000001,3.0219999999999345,0.018533333333333332,raw,0.9978161913369661,0.002183808663033915,0.003629764065335753,0.8444444444444444,2.292238789185254,2.207025671808398,0.6109611907832618,0.6242730689700905,0.6178475726985179,0.6305972516466501
DOCKSTRING-58,19,7500,7500,6044,5861,0,383.44600000000014,386.4680000000001,3.0219999999999345,0.018533333333333332,row_centered_residual,0.9950970671044914,0.004902932895508583,0.02661826981246219,0.8863636363636364,17.901445777492654,17.899937643530485,-0.0023406207759386613,-0.0022194467042243133,0.15670808001837266,0.15673313223447205
DOCKSTRING-58,19,7500,7500,6044,5861,0,383.44600000000014,386.4680000000001,3.0219999999999345,0.018533333333333332,group_heldout_descriptor_adjusted_residual,0.9874809984586115,0.01251900154138852,0.047186932849364795,0.8547486033519553,28.398834806122032,28.381084039383424,-0.012097662997107746,-0.0123216027179312,0.1076113423135023,0.10770286763464901
DOCKSTRING-58,20,7505,7495,6031,5874,0,384.43500000000006,386.3300000000001,1.8950000000000387,0.015389695728753656,raw,0.9979722717975315,0.0020277282024685483,0.003629764065335753,0.8651685393258427,2.2644740202527682,2.231864846849083,0.6146679097299977,0.6208123461618829,0.6214621611514073,0.6272499308231883
DOCKSTRING-58,20,7505,7495,6031,5874,0,384.43500000000006,386.3300000000001,1.8950000000000387,0.015389695728753656,row_centered_residual,0.9947785377753744,0.005221462224625606,0.029643073200241985,0.9080459770114943,17.841008772596943,17.956192383317532,-0.002290793273854649,-0.0022666776913767245,0.15709878894249785,0.15637747409918357
DOCKSTRING-58,20,7505,7495,6031,5874,0,384.43500000000006,386.3300000000001,1.8950000000000387,0.015389695728753656,group_heldout_descriptor_adjusted_residual,0.9885463929966832,0.011453607003316768,0.045372050816696916,0.8342541436464088,28.462848513025122,28.330840806294688,-0.01220043995138615,-0.012208946268492787,0.10756398701399146,0.10773263634513063
DOCKSTRING-58,21,7503,7497,5833,6072,0,385.82600000000014,384.46100000000007,1.365000000000066,0.013055682088909134,raw,0.9977345604085635,0.0022654395914365466,0.004234724742891712,0.8547486033519553,2.218515105428054,2.280397847565112,0.6230984592256943,0.6119851576282638,0.6295470244380306,0.6188043538493426
DOCKSTRING-58,21,7503,7497,5833,6072,0,385.82600000000014,384.46100000000007,1.365000000000066,0.013055682088909134,row_centered_residual,0.9949430111440869,0.005056988855913103,0.029038112522686024,0.9415204678362573,17.943205907263536,17.856680459043336,-0.0023780708869156155,-0.0021711854474596396,0.15647605613323584,0.15697694996100606
DOCKSTRING-58,21,7503,7497,5833,6072,0,385.82600000000014,384.46100000000007,1.365000000000066,0.013055682088909134,group_heldout_descriptor_adjusted_residual,0.9882848631773448,0.011715136822655237,0.044162129461584994,0.8342541436464088,28.348650494002534,28.454281459448513,-0.012169906664558021,-0.012245227958843292,0.10786461385311251,0.10735971655998826
DOCKSTRING-58,22,7500,7500,5857,6048,0,385.4275000000001,384.6890000000002,0.7384999999999309,0.018,raw,0.997300889625415,0.0026991103745850342,0.003629764065335753,0.8444444444444444,2.223267229015642,2.2735035451875554,0.6210787646715037,0.6144191261491014,0.6277539109761124,0.6209072784887724
DOCKSTRING-58,22,7500,7500,5857,6048,0,385.4275000000001,384.6890000000002,0.7384999999999309,0.018,row_centered_residual,0.9931252198887469,0.006874780111253087,0.032667876588021776,0.8757062146892656,17.92951567665784,17.8488262662408,-0.00243996343606706,-0.0021166982813247965,0.15644116330165267,0.15710130827710223
DOCKSTRING-58,22,7500,7500,5857,6048,0,385.4275000000001,384.6890000000002,0.7384999999999309,0.018,group_heldout_descriptor_adjusted_residual,0.9849583091918773,0.015041690808122676,0.05263157894736842,0.8342541436464088,28.6586423573124,28.092258312315174,-0.012261981278366722,-0.012155822844924164,0.10666772522858266,0.10874344592590095
DOCKSTRING-58,23,7493,7507,5843,6062,0,386.2600000000001,384.411,1.8490000000001032,0.014081381155336473,raw,0.998167697170016,0.0018323028299840338,0.004234724742891712,0.8651685393258427,2.241401256352481,2.2557429459246308,0.6194569012116266,0.615857411965516,0.6255897716380631,0.6229750957826662
DOCKSTRING-58,23,7493,7507,5843,6062,0,386.2600000000001,384.411,1.8490000000001032,0.014081381155336473,row_centered_residual,0.9950604746626073,0.004939525337392725,0.024198427102238355,0.9190751445086706,17.958416229712746,17.84299346486386,-0.002269354867594048,-0.0022902755049211076,0.1563036075937736,0.15708774882139412
DOCKSTRING-58,23,7493,7507,5843,6062,0,386.2600000000001,384.411,1.8490000000001032,0.014081381155336473,group_heldout_descriptor_adjusted_residual,0.9887961769955343,0.011203823004465652,0.044162129461584994,0.8444444444444444,28.316982647504037,28.47430932912305,-0.012185787843608183,-0.012225277242694984,0.107805652712327,0.10735026371727567
DOCKSTRING-58,24,7499,7501,5990,5915,0,384.4800000000002,385.50800000000004,1.0279999999998495,0.011938506878906789,raw,0.997838070285555,0.0021619297144449545,0.004839685420447671,0.8651685393258427,2.2680524448298143,2.228562679887526,0.6138211761902772,0.6216450398024913,0.6208990900349863,0.6278065025400863
DOCKSTRING-58,24,7499,7501,5990,5915,0,384.4800000000002,385.50800000000004,1.0279999999998495,0.011938506878906789,row_centered_residual,0.9947634045038305,0.005236595496169505,0.029643073200241985,0.8863636363636364,17.864240847444908,17.935830235867495,-0.0023058214302249295,-0.0022534197942867063,0.15681109056888506,0.1566245127677617
DOCKSTRING-58,24,7499,7501,5990,5915,0,384.4800000000002,385.50800000000004,1.0279999999998495,0.011938506878906789,group_heldout_descriptor_adjusted_residual,0.9879316463494082,0.012068353650591779,0.04658197217180883,0.8547486033519553,28.514181251356423,28.27131840200072,-0.012255430418462589,-0.012156100330434676,0.10705567679406179,0.10824198227906305
DOCKSTRING-58,25,7501,7499,5898,6007,0,385.5110000000001,384.50100000000003,1.0100000000000477,0.012885226895737368,raw,0.997797620134703,0.0022023798652970328,0.008469449485783424,0.8547486033519553,2.186641190763162,2.3154985822171943,0.6294998843511639,0.6053490847915661,0.6353018760890243,0.61303664006798
DOCKSTRING-58,25,7501,7499,5898,6007,0,385.5110000000001,384.50100000000003,1.0100000000000477,0.012885226895737368,row_centered_residual,0.9948030948029162,0.005196905197083823,0.02661826981246219,0.8971428571428571,17.861495375462138,17.93516919641004,-0.002592665980261855,-0.001960515121208613,0.15695282095560795,0.1564767233662668
DOCKSTRING-58,25,7501,7499,5898,6007,0,385.5110000000001,384.50100000000003,1.0100000000000477,0.012885226895737368,group_heldout_descriptor_adjusted_residual,0.9869145263099232,0.013085473690076843,0.045372050816696916,0.8342541436464088,28.157374006934372,28.615658204121118,-0.01213128390053207,-0.012285608671575616,0.10827141776002364,0.10702592639340203
DOCKSTRING-58,26,7498,7502,5774,6131,0,385.90600000000006,384.4590000000002,1.446999999999889,0.01937927248919271,raw,0.9976389731818076,0.002361026818192391,0.0024198427102238356,0.8547486033519553,2.2575065224108894,2.238574023891633,0.6169414870754246,0.6185758515969122,0.6233296326281687,0.6253651504054508
DOCKSTRING-58,26,7498,7502,5774,6131,0,385.90600000000006,384.4590000000002,1.446999999999889,0.01937927248919271,row_centered_residual,0.9953125196189873,0.004687480381012743,0.029643073200241985,0.9190751445086706,17.8675966518916,17.93789522665108,-0.00237967236320751,-0.002177268445000384,0.15680675304952363,0.1565948737909384
DOCKSTRING-58,26,7498,7502,5774,6131,0,385.90600000000006,384.4590000000002,1.446999999999889,0.01937927248919271,group_heldout_descriptor_adjusted_residual,0.9887421876677536,0.01125781233224643,0.0514216575922565,0.8444444444444444,28.196445225113774,28.60710703194323,-0.012156900085653273,-0.012253692770856799,0.10843803901798331,0.10695490751198475
DOCKSTRING-58,27,7502,7498,5837,6068,0,385.6920000000001,384.4760000000001,1.2160000000000082,0.01767637459031997,raw,0.9977693568371815,0.002230643162818513,0.007864488808227465,0.8547486033519553,2.212357364075349,2.2857719749682466,0.6241467173434477,0.6111250365648156,0.6308470899092943,0.6177654414804842
DOCKSTRING-58,27,7502,7498,5837,6068,0,385.6920000000001,384.4760000000001,1.2160000000000082,0.01767637459031997,row_centered_residual,0.9938444860062696,0.006155513993730377,0.02661826981246219,0.8971428571428571,17.986831829673545,17.80198863001245,-0.0021815531549637013,-0.0023766612715783344,0.1565693976247258,0.15696695022754145
DOCKSTRING-58,27,7502,7498,5837,6068,0,385.6920000000001,384.4760000000001,1.2160000000000082,0.01767637459031997,group_heldout_descriptor_adjusted_residual,0.9856074085781025,0.014392591421897527,0.0544464609800363,0.8863636363636364,28.185003864831668,28.586502708635912,-0.012088943363373551,-0.012324817670717506,0.10843255565219509,0.1070352174627722
DOCKSTRING-58,28,7498,7502,5875,6030,0,386.4425000000001,383.5390000000002,2.9034999999998945,0.020200676992048142,raw,0.9975231781489841,0.0024768218510159423,0.0054446460980036296,0.8651685393258427,2.2304247805236237,2.2658288827181337,0.6217998408202199,0.6136720585379027,0.6277874550101582,0.6209507580449632
DOCKSTRING-58,28,7498,7502,5875,6030,0,386.4425000000001,383.5390000000002,2.9034999999998945,0.020200676992048142,row_centered_residual,0.9942684168713214,0.005731583128678608,0.029038112522686024,0.8971428571428571,17.908362344017384,17.884150060049734,-0.002155021940113955,-0.0024025566614819514,0.15652054872800036,0.15696207179680857
DOCKSTRING-58,28,7498,7502,5875,6030,0,386.4425000000001,383.5390000000002,2.9034999999998945,0.020200676992048142,group_heldout_descriptor_adjusted_residual,0.9873516987875757,0.012648301212424329,0.05565638233514821,0.8651685393258427,28.237878673107115,28.54355083437497,-0.012028927130568846,-0.012377079003438226,0.10826521975874237,0.10706839788573705
DOCKSTRING-58,29,7526,7474,5854,6051,0,384.87,385.41750000000013,0.5475000000001273,0.010270807876731106,raw,0.9975521083094195,0.0024478916905804615,0.0054446460980036296,0.8444444444444444,2.2139111906887274,2.2845600882002035,0.6230805500617947,0.6122098057975879,0.6297640381164427,0.6187525581754703
DOCKSTRING-58,29,7526,7474,5854,6051,0,384.87,385.41750000000013,0.5475000000001273,0.010270807876731106,row_centered_residual,0.9935608088990819,0.0064391911009180625,0.032667876588021776,0.8971428571428571,17.782352192316754,18.002319141800292,-0.0022338101193287202,-0.0023248592504370746,0.15740021371359939,0.1561919329575378
DOCKSTRING-58,29,7526,7474,5854,6051,0,384.87,385.41750000000013,0.5475000000001273,0.010270807876731106,group_heldout_descriptor_adjusted_residual,0.9873817607551876,0.012618239244812424,0.0544464609800363,0.8547486033519553,28.61739918781878,28.15539816527189,-0.012106020450720258,-0.01230827203902052,0.10671664684711522,0.10865088882807994
DOCKSTRING-58,30,7500,7500,6025,5880,0,383.89200000000005,386.4060000000002,2.5140000000001237,0.016133333333333333,raw,0.9977330964983421,0.002266903501657924,0.006654567453115548,0.8651685393258427,2.289454865224537,2.2079183776844498,0.6097719527728344,0.6256762630379479,0.6171940696939833,0.631544216853447
DOCKSTRING-58,30,7500,7500,6025,5880,0,383.89200000000005,386.4060000000002,2.5140000000001237,0.016133333333333333,row_centered_residual,0.9940969002612353,0.005903099738764683,0.03145795523290986,0.8547486033519553,17.746924804976437,18.04365199405,-0.0017997098496052406,-0.002763809580711049,0.15800706765383857,0.15546143629820594
DOCKSTRING-58,30,7500,7500,6025,5880,0,383.89200000000005,386.4060000000002,2.5140000000001237,0.016133333333333333,group_heldout_descriptor_adjusted_residual,0.986569747556148,0.013430252443851987,0.04658197217180883,0.8547486033519553,28.318105601619074,28.453302332007894,-0.01222127957081292,-0.012189551508025994,0.10781675175761642,0.10751519324179556
DOCKSTRING-58,31,7501,7499,6094,5811,0,384.48000000000025,385.46400000000017,0.9839999999999236,0.018486169217531895,raw,0.9975374532662602,0.002462546733739801,0.004234724742891712,0.8757062146892656,2.255829104086648,2.2399749540018528,0.6165962603307202,0.6189996022253382,0.6228154457272639,0.6259626268499049
DOCKSTRING-58,31,7501,7499,6094,5811,0,384.48000000000025,385.46400000000017,0.9839999999999236,0.018486169217531895,row_centered_residual,0.994617316359676,0.005382683640324015,0.030248033877797943,0.8971428571428571,17.87133969237524,17.93015259550313,-0.0022493965977704593,-0.0023028333758171263,0.1570762684660779,0.15644582230662044
DOCKSTRING-58,31,7501,7499,6094,5811,0,384.48000000000025,385.46400000000017,0.9839999999999236,0.018486169217531895,group_heldout_descriptor_adjusted_residual,0.9890168395425966,0.01098316045740344,0.047186932849364795,0.8651685393258427,28.371847943127662,28.44148931472923,-0.012270801694977835,-0.012138653839099458,0.10803998772718162,0.10721232088773747
DOCKSTRING-58,32,7502,7498,5909,5996,0,386.4390000000002,383.5060000000002,2.9329999999999927,0.021014437049915523,raw,0.9981547823468113,0.00184521765318868,0.004839685420447671,0.8547486033519553,2.2364651474288992,2.260186787231428,0.6194359877003727,0.615987743000643,0.6261211642153647,0.6225222962014235
DOCKSTRING-58,32,7502,7498,5909,5996,0,386.4390000000002,383.5060000000002,2.9329999999999927,0.021014437049915523,row_centered_residual,0.9944643310994876,0.0055356689005123805,0.029643073200241985,0.8863636363636364,17.8429979995996,17.95266301795403,-0.0020728922033719246,-0.0024838516456476777,0.15694267320366534,0.15655499218492847
DOCKSTRING-58,32,7502,7498,5909,5996,0,386.4390000000002,383.5060000000002,2.9329999999999927,0.021014437049915523,group_heldout_descriptor_adjusted_residual,0.9867327649851124,0.01326723501488758,0.047186932849364795,0.8342541436464088,28.44231604739974,28.330807208233654,-0.012063692802568495,-0.012343739910479053,0.10742770596514405,0.10792499821135626
DOCKSTRING-58,33,7504,7496,6058,5847,0,384.48000000000025,385.4755000000002,0.9954999999999359,0.01786894730494501,raw,0.9978406420915338,0.0021593579084662196,0.006049606775559589,0.8444444444444444,2.2729445823245475,2.2233148139747336,0.61299488168495,0.6225581415146365,0.6201340195422899,0.6286859335290519
DOCKSTRING-58,33,7504,7496,6058,5847,0,384.48000000000025,385.4755000000002,0.9954999999999359,0.01786894730494501,row_centered_residual,0.9939661207390321,0.006033879260967878,0.030248033877797943,0.8971428571428571,17.9659343261377,17.82448624292155,-0.0023826941857706106,-0.0021698870872729147,0.15617819393688004,0.15732910773747935
DOCKSTRING-58,33,7504,7496,6058,5847,0,384.48000000000025,385.4755000000002,0.9954999999999359,0.01786894730494501,group_heldout_descriptor_adjusted_residual,0.9869654602896922,0.013034539710307769,0.047186932849364795,0.8342541436464088,28.45347914487404,28.315319745551797,-0.012377769897505466,-0.012025544207590637,0.10740452419525318,0.10793751603787523
DOCKSTRING-58,34,7501,7499,5838,6067,0,385.5110000000001,384.4760000000001,1.0349999999999682,0.0184426669945363,raw,0.9973067984027874,0.0026932015972126466,0.006654567453115548,0.8547486033519553,2.1872201445770334,2.315031205748307,0.6276726349442978,0.6073237130053954,0.6345179604776269,0.6137717988245384
DOCKSTRING-58,34,7501,7499,5838,6067,0,385.5110000000001,384.4760000000001,1.0349999999999682,0.0184426669945363,row_centered_residual,0.9937205610909102,0.006279438909089774,0.028433151845130067,0.8971428571428571,17.929107463315958,17.85929069590637,-0.002420693255533519,-0.00213270153667277,0.15644780336065423,0.15707060248525986
DOCKSTRING-58,34,7501,7499,5838,6067,0,385.5110000000001,384.4760000000001,1.0349999999999682,0.0184426669945363,group_heldout_descriptor_adjusted_residual,0.9867364606277944,0.01326353937220559,0.0514216575922565,0.8342541436464088,28.36608879889612,28.40721660946964,-0.012097348063548886,-0.012312042972247845,0.108029542738746,0.10741797826504915
DOCKSTRING-58,35,7498,7502,5886,6019,0,385.43650000000014,384.5010000000002,0.9354999999999336,0.018587876877360132,raw,0.9969257300851048,0.0030742699148952335,0.004839685420447671,0.8757062146892656,2.23018127465453,2.266163808573621,0.6212704976171031,0.6142576972119912,0.6277250049460351,0.6210365620518743
DOCKSTRING-58,35,7498,7502,5886,6019,0,385.43650000000014,384.5010000000002,0.9354999999999336,0.018587876877360132,row_centered_residual,0.9934633087587884,0.00653669124121159,0.02661826981246219,0.9080459770114943,17.893273008008062,17.890898706268796,-0.002374927336134186,-0.0021735743611271596,0.15630700159953553,0.15720996508839433
DOCKSTRING-58,35,7498,7502,5886,6019,0,385.43650000000014,384.5010000000002,0.9354999999999336,0.018587876877360132,group_heldout_descriptor_adjusted_residual,0.9855445906229797,0.014455409377020279,0.0514216575922565,0.8142076502732241,28.404784304094235,28.34418852011262,-0.012236322751922676,-0.012172349802504154,0.10725364028873426,0.10810394418988252
DOCKSTRING-58,36,7497,7503,6074,5831,0,385.40500000000014,385.37900000000013,0.02600000000001046,0.01759365614831832,raw,0.9977888605847943,0.0022111394152056763,0.0030248033877797943,0.8757062146892656,2.2671459841492645,2.229316757700435,0.6137047857748111,0.6217502665287077,0.6209258108010023,0.6277126082758832
DOCKSTRING-58,36,7497,7503,6074,5831,0,385.40500000000014,385.37900000000013,0.02600000000001046,0.01759365614831832,row_centered_residual,0.9947771987358978,0.005222801264102239,0.02117362371445856,0.8757062146892656,17.880472159230457,17.918835116975377,-0.001950373406517179,-0.0026039202444996714,0.15675815843502322,0.15660293278342444
DOCKSTRING-58,36,7497,7503,6074,5831,0,385.40500000000014,385.37900000000013,0.02600000000001046,0.01759365614831832,group_heldout_descriptor_adjusted_residual,0.9880032291680885,0.01199677083191153,0.044162129461584994,0.8651685393258427,28.50371583415211,28.2815153721407,-0.012250310735047657,-0.01216087980260071,0.10728013991945269,0.10805316199293566
DOCKSTRING-58,37,7499,7501,6020,5885,0,384.39200000000017,386.36300000000006,1.97099999999989,0.019047751449737804,raw,0.9979501856166426,0.0020498143833573845,0.0030248033877797943,0.8547486033519553,2.2788265523602966,2.2184683200322133,0.6124709638087276,0.6229531365808474,0.6197025319444418,0.6289270024302892
DOCKSTRING-58,37,7499,7501,6020,5885,0,384.39200000000017,386.36300000000006,1.97099999999989,0.019047751449737804,row_centered_residual,0.994341397179614,0.005658602820385994,0.024803387779794312,0.9190751445086706,17.954867455222473,17.8414346023065,-0.002366878850810352,-0.002195776059171643,0.1562129301297311,0.15723779686530448
DOCKSTRING-58,37,7499,7501,6020,5885,0,384.39200000000017,386.36300000000006,1.97099999999989,0.019047751449737804,group_heldout_descriptor_adjusted_residual,0.9880786564116151,0.011921343588384925,0.0514216575922565,0.8651685393258427,28.449649546667594,28.344090064990496,-0.012293326477368001,-0.012117657246962447,0.10747743886947253,0.10778917136332448
DOCKSTRING-58,38,7500,7500,6004,5901,0,384.46500000000015,385.5025000000001,1.037499999999966,0.012933333333333333,raw,0.9981553854459405,0.0018446145540594872,0.0054446460980036296,0.8547486033519553,2.2954120972164946,2.203858752635077,0.6096953526070328,0.6255158179099578,0.6164420103003914,0.6320032977716574
DOCKSTRING-58,38,7500,7500,6004,5901,0,384.46500000000015,385.5025000000001,1.037499999999966,0.012933333333333333,row_centered_residual,0.9946885723889602,0.005311427611039754,0.024198427102238355,0.9080459770114943,17.8922811554284,17.908294531405552,-0.002296644663622241,-0.0022656720917972537,0.15677981823551954,0.1566063091617626
DOCKSTRING-58,38,7500,7500,6004,5901,0,384.46500000000015,385.5025000000001,1.037499999999966,0.012933333333333333,group_heldout_descriptor_adjusted_residual,0.9883253983465763,0.01167460165342371,0.05021173623714459,0.8444444444444444,28.487602552192524,28.306104977563407,-0.012349512684641064,-0.012059838991294963,0.10719644406083911,0.10823360913540063
DOCKSTRING-58,39,7499,7501,5876,6029,0,385.82600000000014,384.46500000000015,1.36099999999999,0.016833191410367848,raw,0.9975830975087324,0.0024169024912675807,0.006654567453115548,0.8651685393258427,2.2263565738006514,2.270931685752495,0.6227527451104657,0.6125337087514672,0.6287667474566909,0.6198385375511979
DOCKSTRING-58,39,7499,7501,5876,6029,0,385.82600000000014,384.46500000000015,1.36099999999999,0.016833191410367848,row_centered_residual,0.9945059741644766,0.005494025835523386,0.02661826981246219,0.8863636363636364,18.1933507461116,17.605186837095534,-0.002876032327636932,-0.0016591580958365093,0.15522189848483342,0.15824710322869964
DOCKSTRING-58,39,7499,7501,5876,6029,0,385.82600000000014,384.46500000000015,1.36099999999999,0.016833191410367848,group_heldout_descriptor_adjusted_residual,0.9863098968498039,0.013690103150196142,0.04839685420447671,0.8444444444444444,28.260560142022797,28.511388591172878,-0.012232358985028481,-0.01218575246618401,0.10821803811899584,0.10710982428742523
DOCKSTRING-58,40,7562,7438,5870,6035,0,385.42550000000017,384.51250000000016,0.9130000000000109,0.007605497520577228,raw,0.9972017183426001,0.002798281657399926,0.004839685420447671,0.8444444444444444,2.2111775964398377,2.2883823073440985,0.6241519098336522,0.6109589606565557,0.6306930330322997,0.6176733160193257
DOCKSTRING-58,40,7562,7438,5870,6035,0,385.42550000000017,384.51250000000016,0.9130000000000109,0.007605497520577228,row_centered_residual,0.9938522492470441,0.006147750752955927,0.030852994555353903,0.8757062146892656,17.68352109133047,18.108703931216038,-0.0026078626482606087,-0.0019327111623383107,0.1582988146092022,0.15522282957542946
DOCKSTRING-58,40,7562,7438,5870,6035,0,385.42550000000017,384.51250000000016,0.9130000000000109,0.007605497520577228,group_heldout_descriptor_adjusted_residual,0.9866783186835417,0.013321681316458278,0.049606775559588624,0.8547486033519553,28.100918981600515,28.66906155439644,-0.012172716114118617,-0.012235277985978744,0.10865798392029023,0.10672713323168936
DOCKSTRING-58,41,7495,7505,5953,5952,0,383.85700000000014,386.4770000000001,2.6199999999999477,0.018296719242986332,raw,0.9973758492678544,0.0026241507321456137,0.0030248033877797943,0.8547486033519553,2.2753695491522166,2.22234963822299,0.6135719490735121,0.6218292899057982,0.6201353487674347,0.6284458923517325
DOCKSTRING-58,41,7495,7505,5953,5952,0,383.85700000000014,386.4770000000001,2.6199999999999477,0.018296719242986332,row_centered_residual,0.9944306585075733,0.005569341492426716,0.027828191167574106,0.9190751445086706,17.938782989556348,17.865775840192335,-0.00235188812233323,-0.0022144164207738392,0.15612327793887393,0.1573156430957719
DOCKSTRING-58,41,7495,7505,5953,5952,0,383.85700000000014,386.4770000000001,2.6199999999999477,0.018296719242986332,group_heldout_descriptor_adjusted_residual,0.9880083940346408,0.011991605965359198,0.045372050816696916,0.8444444444444444,28.311838470606652,28.478561428490593,-0.012272937530349623,-0.012131241832408598,0.10779980994189453,0.10744550520684992
DOCKSTRING-58,42,7500,7500,5886,6019,0,386.029,384.46850000000006,1.5604999999999336,0.014133333333333333,raw,0.9975731928675254,0.002426807132474562,0.004234724742891712,0.8863636363636364,2.2122240210565747,2.287506872271403,0.6236591699829979,0.6113552072906234,0.6301777247396231,0.6181028508568066
DOCKSTRING-58,42,7500,7500,5886,6019,0,386.029,384.46850000000006,1.5604999999999336,0.014133333333333333,row_centered_residual,0.9951429796862238,0.004857020313776217,0.02601330913490623,0.8971428571428571,17.900765176933394,17.908450016834475,-0.002317606628989837,-0.002240705601953132,0.1567188903828775,0.15670509861065945
DOCKSTRING-58,42,7500,7500,5886,6019,0,386.029,384.46850000000006,1.5604999999999336,0.014133333333333333,group_heldout_descriptor_adjusted_residual,0.9881375528939854,0.011862447106014584,0.0544464609800363,0.8757062146892656,28.678965499689195,28.137643443269077,-0.012236370877479145,-0.012181184854338774,0.10671396776273961,0.10859223942416175
DOCKSTRING-58,43,7506,7494,5849,6056,0,386.44950000000006,383.88250000000005,2.5670000000000073,0.020623693199163646,raw,0.9981163566961201,0.0018836433038799116,0.004839685420447671,0.8547486033519553,2.2405570728248683,2.2553329759143206,0.6200343009341682,0.6155063048640819,0.6261719761291192,0.6226258150067473
DOCKSTRING-58,43,7506,7494,5849,6056,0,386.44950000000006,383.88250000000005,2.5670000000000073,0.020623693199163646,row_centered_residual,0.9950025930871417,0.0049974069128583265,0.024803387779794312,0.8863636363636364,18.0912358170711,17.710155184900415,-0.002259486349813725,-0.002294273884565361,0.1557404016746143,0.15766072588437563
DOCKSTRING-58,43,7506,7494,5849,6056,0,386.44950000000006,383.88250000000005,2.5670000000000073,0.020623693199163646,group_heldout_descriptor_adjusted_residual,0.988861380778931,0.011138619221068957,0.04295220810647308,0.8757062146892656,28.40035011996153,28.39258038466974,-0.012203369715610042,-0.012202096373529394,0.10760315122057783,0.1076244197540174
DOCKSTRING-58,44,7493,7507,6081,5824,0,384.4570000000002,385.4630000000001,1.0059999999998581,0.014988439723263048,raw,0.9973602749634671,0.0026397250365328695,0.0018148820326678765,0.8547486033519553,2.246830325841801,2.2488309502958557,0.6175665664285886,0.6180376957475828,0.6241632482919764,0.624611610689504
DOCKSTRING-58,44,7493,7507,6081,5824,0,384.4570000000002,385.4630000000001,1.0059999999998581,0.014988439723263048,row_centered_residual,0.9938958689893552,0.0061041310106447755,0.027828191167574106,0.8971428571428571,17.76266080857872,18.019505785596444,-0.0021503298329390726,-0.002401762461576358,0.1576881673872332,0.1557928708488369
DOCKSTRING-58,44,7493,7507,6081,5824,0,384.4570000000002,385.4630000000001,1.0059999999998581,0.014988439723263048,group_heldout_descriptor_adjusted_residual,0.9884484597940192,0.011551540205980815,0.04839685420447671,0.8651685393258427,28.54468133466539,28.246102847461177,-0.01210320736364029,-0.01229928601759325,0.10710404166772758,0.10814475808184727
DOCKSTRING-58,45,7500,7500,6022,5883,0,385.4615000000001,384.48150000000015,0.9799999999999613,0.022533333333333332,raw,0.9976102874492132,0.0023897125507867933,0.003629764065335753,0.8444444444444444,2.273770641526831,2.2232615207846194,0.6135662022081456,0.6218945185854301,0.6203264368499015,0.6283525862027883
DOCKSTRING-58,45,7500,7500,6022,5883,0,385.4615000000001,384.48150000000015,0.9799999999999613,0.022533333333333332,row_centered_residual,0.9951312126111418,0.004868787388858209,0.028433151845130067,0.8971428571428571,17.889057885061767,17.912151467697107,-0.001936434608617311,-0.0026037522073627177,0.15710198039762896,0.1563541436217531
DOCKSTRING-58,45,7500,7500,6022,5883,0,385.4615000000001,384.48150000000015,0.9799999999999613,0.022533333333333332,group_heldout_descriptor_adjusted_residual,0.9887619278727341,0.011238072127265908,0.05021173623714459,0.8547486033519553,28.453836730049073,28.352587257457397,-0.012108729699531365,-0.01229335743834222,0.10742215784670038,0.10785695729327889
DOCKSTRING-58,46,7499,7501,6012,5893,0,384.41700000000014,385.826,1.4089999999998781,0.016432764736582485,raw,0.9978482910888608,0.0021517089111392496,0.004234724742891712,0.8547486033519553,2.2782723765948627,2.218690941269398,0.6123875804890321,0.623056036777086,0.6189742147802657,0.6296941667151983
DOCKSTRING-58,46,7499,7501,6012,5893,0,384.41700000000014,385.826,1.4089999999998781,0.016432764736582485,row_centered_residual,0.9941493034648746,0.005850696535125377,0.029643073200241985,0.8863636363636364,17.794384206514103,17.99590221046798,-0.0020175205691907606,-0.0025382031670134805,0.15727208339533733,0.1562383821176141
DOCKSTRING-58,46,7499,7501,6012,5893,0,384.41700000000014,385.826,1.4089999999998781,0.016432764736582485,group_heldout_descriptor_adjusted_residual,0.9876525788324819,0.01234742116751808,0.050816696914700546,0.8444444444444444,28.578878641807865,28.20309821097021,-0.012216750042907811,-0.012195424274333306,0.10697111114303039,0.1083570117397161
DOCKSTRING-58,47,7424,7576,5995,5910,0,385.4430000000001,384.66999999999996,0.7730000000001382,0.013700962431271165,raw,0.9976932441329706,0.002306755867029442,0.0030248033877797943,0.8651685393258427,2.2872462773820974,2.212831795788115,0.6114862490386469,0.6235404885351963,0.6181771189629126,0.6300243692277665
DOCKSTRING-58,47,7424,7576,5995,5910,0,385.4430000000001,384.66999999999996,0.7730000000001382,0.013700962431271165,row_centered_residual,0.9942882792902225,0.005711720709777546,0.029643073200241985,0.8863636363636364,18.075679439303734,17.718157147844313,-0.002288397959116519,-0.0022644637786274854,0.15610614805588977,0.15742702579859622
DOCKSTRING-58,47,7424,7576,5995,5910,0,385.4430000000001,384.66999999999996,0.7730000000001382,0.013700962431271165,group_heldout_descriptor_adjusted_residual,0.9858355500857328,0.014164449914267241,0.04658197217180883,0.8651685393258427,28.189245391121958,28.568230981966956,-0.01232402627023492,-0.012091866187966106,0.10862183714672537,0.10675844631235144
DOCKSTRING-58,48,7499,7501,5849,6056,0,385.3950000000001,385.39500000000015,5.684341886080802e-14,0.02046901369722691,raw,0.9976438325135586,0.0023561674864414073,0.004839685420447671,0.8651685393258427,2.2233886078896212,2.2740644700976307,0.6222580510685493,0.6131047581727556,0.6282148945096129,0.6203825912063965
DOCKSTRING-58,48,7499,7501,5849,6056,0,385.3950000000001,385.39500000000015,5.684341886080802e-14,0.02046901369722691,row_centered_residual,0.9940219671870395,0.005978032812960499,0.028433151845130067,0.8757062146892656,17.890179711057502,17.900463759040445,-0.0024472040480070637,-0.0021054843696814247,0.15693377193132194,0.15648316149462538
DOCKSTRING-58,48,7499,7501,5849,6056,0,385.3950000000001,385.39500000000015,5.684341886080802e-14,0.02046901369722691,group_heldout_descriptor_adjusted_residual,0.9884556305629617,0.011544369437038293,0.05263157894736842,0.8547486033519553,28.162853505626682,28.635516888868274,-0.012248553898246252,-0.01216148736989837,0.10875777521623864,0.10645657434478564
DOCKSTRING-58,49,7497,7503,6108,5797,0,384.39200000000017,386.40200000000004,2.009999999999877,0.014149068930517695,raw,0.9980096294048306,0.0019903705951693773,0.0006049606775559589,0.8547486033519553,2.2574462555127526,2.2400788336187962,0.6163265313491243,0.6188915474554605,0.6231072913846571,0.6253062867662709
DOCKSTRING-58,49,7497,7503,6108,5797,0,384.39200000000017,386.40200000000004,2.009999999999877,0.014149068930517695,row_centered_residual,0.9942671947321167,0.005732805267883334,0.03145795523290986,0.8863636363636364,18.069346595667014,17.735706699834267,-0.002387264751764334,-0.0021676071703759623,0.15577108971354986,0.15768774933291282
DOCKSTRING-58,49,7497,7503,6108,5797,0,384.39200000000017,386.40200000000004,2.009999999999877,0.014149068930517695,group_heldout_descriptor_adjusted_residual,0.9856496520853965,0.014350347914603545,0.05263157894736842,0.8547486033519553,28.202196028453482,28.593976798915254,-0.012256256017681495,-0.012160328600924291,0.1085871968899463,0.10673351299982618
DOCKSTRING-58,50,7501,7499,6010,5895,0,384.4760000000002,385.826,1.3499999999997954,0.018632818109027876,raw,0.99772232307557,0.0022776769244300388,0.007864488808227465,0.8651685393258427,2.302986042919452,2.1963331580032945,0.6076012028609493,0.6276082748251203,0.6151267039955443,0.6334137794129224
DOCKSTRING-58,50,7501,7499,6010,5895,0,384.4760000000002,385.826,1.3499999999997954,0.018632818109027876,row_centered_residual,0.9940070969411072,0.005992903058892773,0.029038112522686024,0.8971428571428571,17.838747696372987,17.951170293600125,-0.0024405049563835874,-0.002114122743897708,0.1572548791862117,0.15617495561201122
DOCKSTRING-58,50,7501,7499,6010,5895,0,384.4760000000002,385.826,1.3499999999997954,0.018632818109027876,group_heldout_descriptor_adjusted_residual,0.9856713477131046,0.014328652286895394,0.05868118572292801,0.8241758241758241,28.454412525976768,28.303876907041964,-0.012213851695416365,-0.012204453100227513,0.10758512680446275,0.10780263280221054
DOCKSTRING-58,51,7498,7502,6060,5845,0,384.45750000000015,385.4615000000001,1.0039999999999623,0.016865921199354397,raw,0.9973777914064602,0.0026222085935397876,0.004839685420447671,0.8651685393258427,2.290769116371458,2.2086578092250932,0.6106478152172816,0.6244742689492466,0.6176270913723619,0.6307272723522198
DOCKSTRING-58,51,7498,7502,6060,5845,0,384.45750000000015,385.4615000000001,1.0039999999999623,0.016865921199354397,row_centered_residual,0.9941848809998539,0.005815119000146085,0.03206291591046582,0.8863636363636364,17.728831066717493,18.06400730490705,-0.001955038889133229,-0.0026034925523766225,0.1577575127485282,0.15574361144399038
DOCKSTRING-58,51,7498,7502,6060,5845,0,384.45750000000015,385.4615000000001,1.0039999999999623,0.016865921199354397,group_heldout_descriptor_adjusted_residual,0.9876711314369746,0.012328868563025397,0.0514216575922565,0.8547486033519553,28.37653176971182,28.401696364769315,-0.012248524269332792,-0.012164096204417893,0.10777500922627681,0.10757832002009558
DOCKSTRING-58,52,7497,7503,5890,6015,0,385.85100000000006,384.47700000000003,1.3740000000000236,0.012164695279684577,raw,0.9977840915850714,0.00221590841492858,0.0024198427102238356,0.8757062146892656,2.2268465186861186,2.2698505673472336,0.6215911324521692,0.613875982768811,0.6278347079139468,0.6208243225670779
DOCKSTRING-58,52,7497,7503,5890,6015,0,385.85100000000006,384.47700000000003,1.3740000000000236,0.012164695279684577,row_centered_residual,0.9948253403932666,0.005174659606733356,0.027828191167574106,0.9190751445086706,17.682991129503506,18.12513616446636,-0.0019859584698822537,-0.00257729484554245,0.15775302089927914,0.15569899453237654
DOCKSTRING-58,52,7497,7503,5890,6015,0,385.85100000000006,384.47700000000003,1.3740000000000236,0.012164695279684577,group_heldout_descriptor_adjusted_residual,0.9878008083770692,0.012199191622930816,0.04839685420447671,0.8444444444444444,28.07493261211644,28.71584290389543,-0.012094042489055618,-0.012316479290613897,0.10857751585545768,0.10665555921888298
DOCKSTRING-58,53,7502,7498,6050,5855,0,384.50300000000016,385.52250000000015,1.0194999999999936,0.013129778711450931,raw,0.9977112175497532,0.0022887824502467735,0.006654567453115548,0.8863636363636364,2.3255674701493634,2.178991554130003,0.6047619015454893,0.6299111866258456,0.6123019848316033,0.6357951859059129
DOCKSTRING-58,53,7502,7498,6050,5855,0,384.50300000000016,385.52250000000015,1.0194999999999936,0.013129778711450931,row_centered_residual,0.9940519202248528,0.005948079775147219,0.025408348457350273,0.9080459770114943,17.791135825172898,18.00036898598328,-0.0025337642096694285,-0.0020228885978265743,0.1577486957307985,0.1556678016239323
DOCKSTRING-58,53,7502,7498,6050,5855,0,384.50300000000016,385.52250000000015,1.0194999999999936,0.013129778711450931,group_heldout_descriptor_adjusted_residual,0.987113493229277,0.012886506770723005,0.047186932849364795,0.8342541436464088,28.304512883620138,28.46767694584718,-0.012416824884720002,-0.011990835877467269,0.1080287034532549,0.1072680214769331
DOCKSTRING-58,54,7503,7497,6107,5798,0,384.4760000000001,385.4600000000001,0.9839999999999804,0.021352376749713613,raw,0.9978511498318701,0.0021488501681299343,0.004839685420447671,0.8651685393258427,2.3016664080039266,2.1987369336956943,0.6086571448430093,0.6264370698819863,0.6157889530287491,0.632552048178835
DOCKSTRING-58,54,7503,7497,6107,5798,0,384.4760000000001,385.4600000000001,0.9839999999999804,0.021352376749713613,row_centered_residual,0.9944923419986952,0.005507658001304816,0.027828191167574106,0.8863636363636364,17.784350463964227,18.012575172656604,-0.002041768927022648,-0.0025132304528662215,0.15728900531066134,0.15614233671724853
DOCKSTRING-58,54,7503,7497,6107,5798,0,384.4760000000001,385.4600000000001,0.9839999999999804,0.021352376749713613,group_heldout_descriptor_adjusted_residual,0.9862994209913598,0.01370057900864019,0.05263157894736842,0.8241758241758241,28.475161820122153,28.291090540583923,-0.012216417941530725,-0.012191511307146812,0.10765019220983998,0.1077153579539403
DOCKSTRING-58,55,7491,7509,6052,5853,0,385.39500000000015,385.3950000000001,5.684341886080802e-14,0.013127645570476288,raw,0.9976397356903984,0.0023602643096015674,0.0054446460980036296,0.8651685393258427,2.283285707459319,2.213679929773133,0.6106238272660156,0.6247989327707434,0.6178008202477694,0.6309395986765204
DOCKSTRING-58,55,7491,7509,6052,5853,0,385.39500000000015,385.3950000000001,5.684341886080802e-14,0.013127645570476288,row_centered_residual,0.9941473267875522,0.0058526732124477565,0.02601330913490623,0.8757062146892656,17.795145529225152,18.00029374217299,-0.0019960998819322125,-0.002568341213491848,0.15741051670641126,0.15604585231602536
DOCKSTRING-58,55,7491,7509,6052,5853,0,385.39500000000015,385.3950000000001,5.684341886080802e-14,0.013127645570476288,group_heldout_descriptor_adjusted_residual,0.9889778665860877,0.011022133413912338,0.04779189352692075,0.8241758241758241,28.602172620188806,28.19615474657587,-0.012227049979470418,-0.01219220100002125,0.1069632246124764,0.10835842035820345
DOCKSTRING-58,56,7535,7465,5825,6080,0,385.42300000000006,384.863,0.5600000000000591,0.009601720215240243,raw,0.9973113973657513,0.002688602634248749,0.003629764065335753,0.8547486033519553,2.199040749657318,2.3018442637921472,0.6254431244633673,0.6095917547421762,0.6320414958566398,0.6161863612242037
DOCKSTRING-58,56,7535,7465,5825,6080,0,385.42300000000006,384.863,0.5600000000000591,0.009601720215240243,row_centered_residual,0.99409046543264,0.005909534567359986,0.03206291591046582,0.9302325581395349,17.84998417372013,17.946057449577005,-0.0024150306412115555,-0.0021500169374025274,0.15657438276127805,0.15688193418743596
DOCKSTRING-58,56,7535,7465,5825,6080,0,385.42300000000006,384.863,0.5600000000000591,0.009601720215240243,group_heldout_descriptor_adjusted_residual,0.987418252237746,0.012581747762253959,0.050816696914700546,0.8547486033519553,28.487985902003274,28.29689794753786,-0.012129822832915317,-0.012282563820088806,0.10722789444260988,0.1080666641254988
DOCKSTRING-58,57,7502,7498,6024,5881,0,384.79350000000005,385.4235000000002,0.630000000000166,0.01880554800395008,raw,0.9974688593749826,0.0025311406250173585,0.0024198427102238356,0.8651685393258427,2.2491257490767618,2.246364100369933,0.6186192641526114,0.616992437743333,0.6245163246659731,0.6242723565790004
DOCKSTRING-58,57,7502,7498,6024,5881,0,384.79350000000005,385.4235000000002,0.630000000000166,0.01880554800395008,row_centered_residual,0.9943604811489783,0.005639518851021652,0.025408348457350273,0.8971428571428571,17.885979525304407,17.908914603903895,-0.0025570999476232557,-0.00199541289143313,0.15723412411686172,0.1561920396420036
DOCKSTRING-58,57,7502,7498,6024,5881,0,384.79350000000005,385.4235000000002,0.630000000000166,0.01880554800395008,group_heldout_descriptor_adjusted_residual,0.9883187987948708,0.011681201205129166,0.045372050816696916,0.8651685393258427,28.041484067244635,28.75677506311629,-0.012301932839806325,-0.012102356883475666,0.10893841490739248,0.1062873129797635
DOCKSTRING-58,58,7486,7514,6064,5841,0,384.51800000000014,385.4585000000002,0.9405000000000427,0.014400654622725441,raw,0.997377137827668,0.0026228621723319856,0.006654567453115548,0.8757062146892656,2.286275793700319,2.2118040679655246,0.611308173714087,0.6240238481654683,0.6181517635673598,0.630455711978975
DOCKSTRING-58,58,7486,7514,6064,5841,0,384.51800000000014,385.4585000000002,0.9405000000000427,0.014400654622725441,row_centered_residual,0.9946361824694429,0.005363817530557147,0.029038112522686024,0.9415204678362573,17.824274412154132,17.972113432348397,-0.0020770606855191366,-0.00247279205030625,0.15751843677117666,0.1559507830231039
DOCKSTRING-58,58,7486,7514,6064,5841,0,384.51800000000014,385.4585000000002,0.9405000000000427,0.014400654622725441,group_heldout_descriptor_adjusted_residual,0.9885243227567405,0.011475677243259486,0.04900181488203267,0.8241758241758241,28.42757766646676,28.361487671801285,-0.012188893374262195,-0.012216971853727691,0.10765853921902985,0.10772069041968008
DOCKSTRING-58,59,7500,7500,6085,5820,0,384.87750000000017,385.4230000000001,0.5454999999999472,0.0176,raw,0.9980910504441092,0.0019089495558908265,0.006049606775559589,0.8342541436464088,2.282434924443847,2.2158430552471007,0.6119540581113838,0.6232867620925228,0.6188521769932482,0.6296974555239246
DOCKSTRING-58,59,7500,7500,6085,5820,0,384.87750000000017,385.4230000000001,0.5454999999999472,0.0176,row_centered_residual,0.9944324837459072,0.005567516254092797,0.025408348457350273,0.9190751445086706,17.641088810627902,18.161178203939382,-0.002084402528623281,-0.0024787693993526525,0.1579085230499096,0.15541732668900846
DOCKSTRING-58,59,7500,7500,6085,5820,0,384.87750000000017,385.4230000000001,0.5454999999999472,0.0176,group_heldout_descriptor_adjusted_residual,0.9877005398257944,0.012299460174205579,0.04900181488203267,0.8863636363636364,28.356267347012906,28.444141944434012,-0.012215526016735223,-0.012195051371430267,0.10758807045107349,0.10762025814865904
DOCKSTRING-58,60,7499,7501,5832,6073,0,385.44900000000024,384.50100000000003,0.9480000000002065,0.022032533725022823,raw,0.9970986893508171,0.0029013106491828644,0.004839685420447671,0.8547486033519553,2.236913516399767,2.2587970306445015,0.6191260254091124,0.6164801155798946,0.6260354341195177,0.6227911909541157
DOCKSTRING-58,60,7499,7501,5832,6073,0,385.44900000000024,384.50100000000003,0.9480000000002065,0.022032533725022823,row_centered_residual,0.9938945857431903,0.00610541425680966,0.030248033877797943,0.8757062146892656,17.99894941939865,17.786794652892354,-0.002247790161714415,-0.002302128737963851,0.1559352497652131,0.1575173530337719
DOCKSTRING-58,60,7499,7501,5832,6073,0,385.44900000000024,384.50100000000003,0.9480000000002065,0.022032533725022823,group_heldout_descriptor_adjusted_residual,0.9847529552667666,0.01524704473323335,0.05928614640048397,0.8043478260869565,28.778892664872025,27.96236575133666,-0.012155986192427843,-0.01225670675796278,0.1061711330020046,0.10936502490944758
DOCKSTRING-58,61,7500,7500,6074,5831,0,384.4560000000001,386.35100000000017,1.8950000000000955,0.013333333333333334,raw,0.9974384892157452,0.002561510784254817,0.004839685420447671,0.8651685393258427,2.314953254318949,2.187963563167147,0.6068239616821772,0.6279825692001321,0.6137567295848442,0.6343531912081936
DOCKSTRING-58,61,7500,7500,6074,5831,0,384.4560000000001,386.35100000000017,1.8950000000000955,0.013333333333333334,row_centered_residual,0.993284956139629,0.006715043860371028,0.03750756200846945,0.8971428571428571,17.865156089339834,17.916753819805326,-0.0024174857409684676,-0.0021380204917413642,0.15693271254361632,0.1567021482801598
DOCKSTRING-58,61,7500,7500,6074,5831,0,384.4560000000001,386.35100000000017,1.8950000000000955,0.013333333333333334,group_heldout_descriptor_adjusted_residual,0.9874394722938944,0.012560527706105606,0.04900181488203267,0.8444444444444444,28.175908067938774,28.610914570981752,-0.01229166954749673,-0.012118703767005055,0.10838973303398206,0.10713433768664107
DOCKSTRING-58,62,7500,7500,6051,5854,0,384.4630000000001,385.52250000000015,1.059500000000071,0.012533333333333334,raw,0.9981814860884345,0.0018185139115655113,0.003629764065335753,0.8757062146892656,2.2620812963192214,2.234825384403142,0.6168596452268308,0.6185039910986855,0.6226560725220074,0.6259131290416399
DOCKSTRING-58,62,7500,7500,6051,5854,0,384.4630000000001,385.52250000000015,1.059500000000071,0.012533333333333334,row_centered_residual,0.994677849445851,0.005322150554148974,0.032667876588021776,0.8971428571428571,18.05812464836657,17.747442156419872,-0.0028086262477096313,-0.0017444753561506809,0.15571412204072227,0.15773486178362073
DOCKSTRING-58,62,7500,7500,6051,5854,0,384.4630000000001,385.52250000000015,1.059500000000071,0.012533333333333334,group_heldout_descriptor_adjusted_residual,0.9889041051714337,0.011095894828566322,0.043557168784029036,0.8444444444444444,28.31892919830494,28.49678295638977,-0.012328232119365911,-0.01208786408545371,0.10810583381212273,0.10708779692946112
DOCKSTRING-58,63,7566,7434,5896,6009,0,384.52200000000016,385.43450000000007,0.912499999999909,0.012123712193605606,raw,0.9971637044996843,0.002836295500315722,0.006654567453115548,0.8547486033519553,2.1972877334150076,2.30446221015912,0.6268939646332524,0.6079106285021094,0.6330874252657708,0.6150453941579428
DOCKSTRING-58,63,7566,7434,5896,6009,0,384.52200000000016,385.43450000000007,0.912499999999909,0.012123712193605606,row_centered_residual,0.9942341650916967,0.005765834908303291,0.029643073200241985,0.8971428571428571,17.896296223662084,17.895763471259457,-0.0023149356742130445,-0.0022403918952270175,0.15662182827109267,0.15691068986074105
DOCKSTRING-58,63,7566,7434,5896,6009,0,384.52200000000016,385.43450000000007,0.912499999999909,0.012123712193605606,group_heldout_descriptor_adjusted_residual,0.9861391214937137,0.013860878506286256,0.05021173623714459,0.8547486033519553,28.319479837515367,28.441077808432148,-0.012137950340593406,-0.012276638446339397,0.10776192431383717,0.10759585498136136
DOCKSTRING-58,64,7491,7509,6020,5885,0,385.34200000000004,385.41600000000017,0.07400000000012597,0.016922531035111356,raw,0.998068576366864,0.0019314236331360313,0.004839685420447671,0.8651685393258427,2.2717258460276724,2.2258321975891344,0.6143957797147924,0.6209445222103959,0.6202682870103727,0.6282636912948931
DOCKSTRING-58,64,7491,7509,6020,5885,0,385.34200000000004,385.41600000000017,0.07400000000012597,0.016922531035111356,row_centered_residual,0.9948577084844213,0.005142291515578656,0.03145795523290986,0.8971428571428571,18.06527135522941,17.734666083289667,-0.0026634081600497976,-0.0018981504273077785,0.1558734151808111,0.15758669666229919
DOCKSTRING-58,64,7491,7509,6020,5885,0,385.34200000000004,385.41600000000017,0.07400000000012597,0.016922531035111356,group_heldout_descriptor_adjusted_residual,0.9881720491014511,0.011827950898548933,0.045372050816696916,0.8444444444444444,28.628537227669344,28.162337121702745,-0.012344810321199414,-0.012067199822474558,0.10714968558945079,0.10813746083767165
DOCKSTRING-58,65,7497,7503,6069,5836,0,384.4680000000001,385.4890000000003,1.0210000000002424,0.016367202618752418,raw,0.9976759163245071,0.0023240836754928607,0.0054446460980036296,0.8757062146892656,2.2644941181149796,2.2313581717433952,0.6137504630934063,0.6218164660909583,0.6213982457609531,0.6273832924315781
DOCKSTRING-58,65,7497,7503,6069,5836,0,384.4680000000001,385.4890000000003,1.0210000000002424,0.016367202618752418,row_centered_residual,0.9943721950875732,0.005627804912426759,0.03145795523290986,0.8863636363636364,17.808837235434428,17.986292240122452,-0.002056618007503469,-0.002496752320667879,0.15728531102461019,0.15633120556740107
DOCKSTRING-58,65,7497,7503,6069,5836,0,384.4680000000001,385.4890000000003,1.0210000000002424,0.016367202618752418,group_heldout_descriptor_adjusted_residual,0.9863460509156688,0.013653949084331152,0.056261343012704176,0.8651685393258427,28.284835041895313,28.487832106271764,-0.012294098228277697,-0.012113702757432414,0.10816831253370342,0.10723884264696426
DOCKSTRING-58,66,7501,7499,5831,6074,0,386.25500000000005,384.25500000000005,2.0,0.01723511141751309,raw,0.9976302720820348,0.002369727917965192,0.006654567453115548,0.8757062146892656,2.2178916075870614,2.279108561220801,0.6233890237265772,0.6120767670686293,0.6292051740774418,0.6195034710301514
DOCKSTRING-58,66,7501,7499,5831,6074,0,386.25500000000005,384.25500000000005,2.0,0.01723511141751309,row_centered_residual,0.993031226756606,0.006968773243393955,0.03508771929824561,0.9080459770114943,18.018250580830795,17.76298735282589,-0.0025062628464291585,-0.0020506556379906735,0.15651225459588214,0.15707381312226584
DOCKSTRING-58,66,7501,7499,5831,6074,0,386.25500000000005,384.25500000000005,2.0,0.01723511141751309,group_heldout_descriptor_adjusted_residual,0.984039350841951,0.015960649158048956,0.056261343012704176,0.7945945945945946,28.513110479804737,28.228020703376075,-0.012293677810101985,-0.01213233475177981,0.10697261696402952,0.10843536730973073
DOCKSTRING-58,67,7503,7497,6027,5878,0,384.4800000000003,385.4890000000003,1.0090000000000146,0.012644002023040325,raw,0.9976543004015296,0.0023456995984704188,0.004839685420447671,0.8863636363636364,2.2845664065973663,2.2136961322528808,0.6111572040075164,0.624095683760095,0.6182481181853238,0.6302686539764895
DOCKSTRING-58,67,7503,7497,6027,5878,0,384.4800000000003,385.4890000000003,1.0090000000000146,0.012644002023040325,row_centered_residual,0.9949378223661156,0.0050621776338843905,0.029038112522686024,0.9080459770114943,17.90538931985216,17.89348449110072,-0.002409517627326419,-0.0021401058563716366,0.15685497759116548,0.15657389209175068
DOCKSTRING-58,67,7503,7497,6027,5878,0,384.4800000000003,385.4890000000003,1.0090000000000146,0.012644002023040325,group_heldout_descriptor_adjusted_residual,0.98676948761139,0.01323051238860995,0.05021173623714459,0.8241758241758241,28.34436145048602,28.424621852154374,-0.012240087304514268,-0.012173730373407894,0.1078660769408319,0.10744388503237604
DOCKSTRING-58,68,7495,7505,5869,6036,0,385.44900000000024,384.5050000000001,0.9440000000001305,0.022772099009821783,raw,0.9971413818614275,0.0028586181385724663,0.003629764065335753,0.8342541436464088,2.250847169918278,2.244616699638636,0.61712526686158,0.61850037679435,0.6241577588780912,0.6246524494703517
DOCKSTRING-58,68,7495,7505,5869,6036,0,385.44900000000024,384.5050000000001,0.9440000000001305,0.022772099009821783,row_centered_residual,0.993965770038217,0.006034229961783044,0.029038112522686024,0.8757062146892656,18.041470184842552,17.747872996107574,-0.0021693383482520247,-0.0023807684099811004,0.15575822613222814,0.15768373815748782
DOCKSTRING-58,68,7495,7505,5869,6036,0,385.44900000000024,384.5050000000001,0.9440000000001305,0.022772099009821783,group_heldout_descriptor_adjusted_residual,0.9848613351028066,0.015138664897193399,0.055051421657592255,0.8142076502732241,28.403481939864253,28.343158921660958,-0.012070712858332229,-0.012338887471822888,0.10763873216391723,0.10776171606071042
DOCKSTRING-58,69,7517,7483,5876,6029,0,385.44900000000007,384.56700000000006,0.882000000000005,0.012155582452681401,raw,0.9973448308434735,0.0026551691565265267,0.004839685420447671,0.8342541436464088,2.200032265721731,2.299219789830522,0.6263292094564282,0.6088779452676389,0.6326160645500889,0.615830064513192
DOCKSTRING-58,69,7517,7483,5876,6029,0,385.44900000000007,384.56700000000006,0.882000000000005,0.012155582452681401,row_centered_residual,0.9948091629897501,0.005190837010249916,0.028433151845130067,0.8863636363636364,18.00363185406606,17.795673514943402,-0.0023415549247287532,-0.002206647660044153,0.155850032109028,0.15762627513250532
DOCKSTRING-58,69,7517,7483,5876,6029,0,385.44900000000007,384.56700000000006,0.882000000000005,0.012155582452681401,group_heldout_descriptor_adjusted_residual,0.9870804476479109,0.012919552352089081,0.049606775559588624,0.8342541436464088,28.25461309953781,28.515955983692482,-0.012211053755030003,-0.012196954136353591,0.1080030582034833,0.10737759206114979
DOCKSTRING-58,70,7501,7499,5866,6039,0,385.4110000000002,385.3720000000001,0.03900000000004411,0.016838613632686465,raw,0.997870031882583,0.002129968117416947,0.004234724742891712,0.8757062146892656,2.2417723703127987,2.2540386122057807,0.620075242401154,0.6154616506797786,0.6259450431991009,0.6227920592183809
DOCKSTRING-58,70,7501,7499,5866,6039,0,385.4110000000002,385.3720000000001,0.03900000000004411,0.016838613632686465,row_centered_residual,0.9947095984969303,0.005290401503069697,0.027828191167574106,0.8651685393258427,17.828393667931532,17.967639358884636,-0.002508936431918571,-0.0020526482114738083,0.15728711624365863,0.156091666819496
DOCKSTRING-58,70,7501,7499,5866,6039,0,385.4110000000002,385.3720000000001,0.03900000000004411,0.016838613632686465,group_heldout_descriptor_adjusted_residual,0.9876607565378561,0.012339243462143878,0.04900181488203267,0.8757062146892656,27.991897893088534,28.793051967409355,-0.012214274606356856,-0.012198464830981973,0.10918874285613293,0.10615605358169539
DOCKSTRING-58,71,7491,7509,5810,6095,0,386.35100000000017,384.4570000000002,1.8939999999999486,0.013331539197416444,raw,0.9975536864630883,0.002446313536911715,0.003629764065335753,0.8547486033519553,2.2169416254735643,2.28041626944794,0.6225928721265275,0.6128474297159434,0.6291264723571245,0.6195042705792632
DOCKSTRING-58,71,7491,7509,5810,6095,0,386.35100000000017,384.4570000000002,1.8939999999999486,0.013331539197416444,row_centered_residual,0.9949631605000189,0.005036839499981127,0.03145795523290986,0.9190751445086706,17.852837698694266,17.947147350834175,-0.002147456490439542,-0.0024076189822705932,0.15674104709697811,0.15675004119757835
DOCKSTRING-58,71,7491,7509,5810,6095,0,386.35100000000017,384.4570000000002,1.8939999999999486,0.013331539197416444,group_heldout_descriptor_adjusted_residual,0.9874683280632476,0.01253167193675242,0.055051421657592255,0.8863636363636364,28.577440922912032,28.210258786607724,-0.012142717429586718,-0.012262066941121174,0.1072270850812629,0.10818285703215963
DOCKSTRING-58,72,7501,7499,5883,6022,0,385.51200000000017,384.48400000000026,1.0279999999999063,0.01856570699672368,raw,0.9979483922602009,0.002051607739799066,0.003629764065335753,0.8547486033519553,2.222922322383415,2.273947052120337,0.6219779312203229,0.6134897157369958,0.6286128345539388,0.6200561597727273
DOCKSTRING-58,72,7501,7499,5883,6022,0,385.51200000000017,384.48400000000026,1.0279999999999063,0.01856570699672368,row_centered_residual,0.9944320985063753,0.005567901493624738,0.02661826981246219,0.9190751445086706,18.029597997483652,17.764198876604148,-0.002250410705020293,-0.0023097227678902346,0.15560077529382127,0.15793604615198076
DOCKSTRING-58,72,7501,7499,5883,6022,0,385.51200000000017,384.48400000000026,1.0279999999999063,0.01856570699672368,group_heldout_descriptor_adjusted_residual,0.9868558423735013,0.013144157626498676,0.056261343012704176,0.8342541436464088,28.767764522461828,28.004290819342998,-0.012142287306721225,-0.012266422891036403,0.10616614264496996,0.10923951295633302
DOCKSTRING-58,73,7504,7496,5981,5924,0,384.4800000000002,385.4470000000001,0.9669999999999277,0.016669586963793625,raw,0.9974615876467147,0.0025384123532853353,0.007259528130671506,0.8651685393258427,2.2608458347583347,2.2345957176551714,0.6146386191350075,0.6210148796688224,0.6223608763756441,0.6265526771943661
DOCKSTRING-58,73,7504,7496,5981,5924,0,384.4800000000002,385.4470000000001,0.9669999999999277,0.016669586963793625,row_centered_residual,0.9945272128183953,0.00547278718160471,0.027828191167574106,0.8971428571428571,18.003589002173808,17.786627526872316,-0.0020928653812678404,-0.0024662298058426074,0.15609721623044318,0.1574141170065832
DOCKSTRING-58,73,7504,7496,5981,5924,0,384.4800000000002,385.4470000000001,0.9669999999999277,0.016669586963793625,group_heldout_descriptor_adjusted_residual,0.9857312564455555,0.014268743554444518,0.05202661826981246,0.8651685393258427,28.51351908631904,28.245763812526846,-0.012383028689023556,-0.012015855235462525,0.10724510531849508,0.1082596478981107
DOCKSTRING-58,74,7496,7504,5839,6066,0,385.8745000000001,384.4610000000001,1.413499999999999,0.02088164149522247,raw,0.9976279925267356,0.0023720074732643814,0.0030248033877797943,0.8651685393258427,2.2379475833937765,2.258214337543554,0.619627849607981,0.6158921527900557,0.6258542846709492,0.6228336689325147
DOCKSTRING-58,74,7496,7504,5839,6066,0,385.8745000000001,384.4610000000001,1.413499999999999,0.02088164149522247,row_centered_residual,0.9940765728980716,0.005923427101928391,0.029643073200241985,0.8863636363636364,17.743549656944122,18.055353038381945,-0.002129424922217894,-0.002430802190192538,0.1580010285497707,0.15542795038059262
DOCKSTRING-58,74,7496,7504,5839,6066,0,385.8745000000001,384.4610000000001,1.413499999999999,0.02088164149522247,group_heldout_descriptor_adjusted_residual,0.9863318767577185,0.013668123242281505,0.05323653962492438,0.8241758241758241,28.220327334539373,28.566878515275523,-0.012015075367379205,-0.01240355679464242,0.10875232545859986,0.1066370076862846
DOCKSTRING-58,75,7501,7499,5833,6072,0,384.9000000000002,385.41600000000005,0.515999999999849,0.01282355578352988,raw,0.9974171602297984,0.0025828397702015726,0.004234724742891712,0.8863636363636364,2.2220492786520594,2.274257200506633,0.6223287437415421,0.6132269869546855,0.6285691409858333,0.620174108139744
DOCKSTRING-58,75,7501,7499,5833,6072,0,384.9000000000002,385.41600000000005,0.515999999999849,0.01282355578352988,row_centered_residual,0.9934815372307093,0.006518462769290689,0.03327283726557774,0.9080459770114943,17.780129603002187,18.003024518738656,-0.0019409543540530663,-0.002601319963362093,0.15758838417315205,0.15588602417058137
DOCKSTRING-58,75,7501,7499,5833,6072,0,384.9000000000002,385.41600000000005,0.515999999999849,0.01282355578352988,group_heldout_descriptor_adjusted_residual,0.9851175114210634,0.014882488578936592,0.05807622504537205,0.8342541436464088,28.272693117240564,28.483628956720317,-0.012036584503454644,-0.012371339825331383,0.10803058505690767,0.10747347192293033
DOCKSTRING-58,76,7501,7499,5844,6061,0,386.3860000000001,384.3880000000001,1.9979999999999905,0.013723342466192756,raw,0.9979211066740431,0.0020788933259568987,0.003629764065335753,0.8863636363636364,2.2104486514009194,2.2890546288359155,0.6240651591810941,0.6110080569238218,0.6300360664772879,0.6182718022733444
DOCKSTRING-58,76,7501,7499,5844,6061,0,386.3860000000001,384.3880000000001,1.9979999999999905,0.013723342466192756,row_centered_residual,0.9948564783747436,0.005143521625256442,0.029038112522686024,0.9190751445086706,17.77456537619081,18.025364210149203,-0.0022068978437328464,-0.002357032464086063,0.157887125903883,0.15556672655594
DOCKSTRING-58,76,7501,7499,5844,6061,0,386.3860000000001,384.3880000000001,1.9979999999999905,0.013723342466192756,group_heldout_descriptor_adjusted_residual,0.9877799549626824,0.01222004503731755,0.05021173623714459,0.8757062146892656,28.327807662391933,28.4758524855446,-0.01209846871377175,-0.012321367971534686,0.10800255383988279,0.10723860140617114
DOCKSTRING-58,77,7488,7512,6068,5837,0,384.50100000000015,385.6870000000001,1.1859999999999786,0.013195127112858742,raw,0.9981354406654843,0.0018645593345156808,0.0018148820326678765,0.8651685393258427,2.2570983580230313,2.239668521480055,0.6163408239500782,0.6190772807090958,0.6229231846108813,0.6256714860445327
DOCKSTRING-58,77,7488,7512,6068,5837,0,384.50100000000015,385.6870000000001,1.1859999999999786,0.013195127112858742,row_centered_residual,0.9950795958275125,0.004920404172487514,0.028433151845130067,0.9080459770114943,17.779377444333452,18.024870709844325,-0.002231518333744819,-0.0023221143462801882,0.15764949723248053,0.15582310754862153
DOCKSTRING-58,77,7488,7512,6068,5837,0,384.50100000000015,385.6870000000001,1.1859999999999786,0.013195127112858742,group_heldout_descriptor_adjusted_residual,0.9890363114083172,0.01096368859168284,0.047186932849364795,0.8651685393258427,28.19423278833002,28.606234665859795,-0.012246557819544972,-0.012163987444011728,0.10847777031221635,0.10681222611964104
DOCKSTRING-58,78,7498,7502,5799,6106,0,385.8525000000001,384.3415000000001,1.5109999999999673,0.012838969801882297,raw,0.9973953344176966,0.0026046655823034337,0.004839685420447671,0.8757062146892656,2.207338576779514,2.2928451233661367,0.6237212686086363,0.6112916854091323,0.6306081227067443,0.6176284209104403
DOCKSTRING-58,78,7498,7502,5799,6106,0,385.8525000000001,384.3415000000001,1.5109999999999673,0.012838969801882297,row_centered_residual,0.9944972916624744,0.005502708337525641,0.03145795523290986,0.9190751445086706,17.82446897815187,17.960775710709807,-0.0020005190126636653,-0.002540374046321454,0.1574585589484994,0.15612506698447445
DOCKSTRING-58,78,7498,7502,5799,6106,0,385.8525000000001,384.3415000000001,1.5109999999999673,0.012838969801882297,group_heldout_descriptor_adjusted_residual,0.9853336387689463,0.014666361231053693,0.0514216575922565,0.8241758241758241,28.292605300851974,28.47311051305339,-0.012039053485738012,-0.012372664192986825,0.10807481654908557,0.10729787199195966
DOCKSTRING-58,79,7503,7497,5991,5914,0,384.47600000000006,385.9140000000001,1.438000000000045,0.016701976005649495,raw,0.9977926678140995,0.0022073321859005235,0.003629764065335753,0.8651685393258427,2.249193388695282,2.2467696915205346,0.6166969289529208,0.6188587972979097,0.6241885859208238,0.6245556687667665
DOCKSTRING-58,79,7503,7497,5991,5914,0,384.47600000000006,385.9140000000001,1.438000000000045,0.016701976005649495,row_centered_residual,0.9943362588813054,0.00566374111869461,0.02661826981246219,0.9190751445086706,17.71929742502421,18.07632057887709,-0.0021271347816976655,-0.0024303475005739506,0.15734742663128654,0.15606588017400658
DOCKSTRING-58,79,7503,7497,5991,5914,0,384.47600000000006,385.9140000000001,1.438000000000045,0.016701976005649495,group_heldout_descriptor_adjusted_residual,0.9881143880424071,0.011885611957592856,0.04295220810647308,0.8444444444444444,28.707355047334836,28.085591934666404,-0.012333757572797286,-0.01207266701137296,0.10630559361162537,0.10894216599889289
DOCKSTRING-58,80,7497,7503,5811,6094,0,385.5330000000001,384.47700000000003,1.05600000000004,0.013761708868540086,raw,0.9977850905510302,0.0022149094489698484,0.007259528130671506,0.8651685393258427,2.205311923783299,2.294180261215716,0.6259382731156108,0.6091697171657444,0.6320628483389429,0.6163977731937423
DOCKSTRING-58,80,7497,7503,5811,6094,0,385.5330000000001,384.47700000000003,1.05600000000004,0.013761708868540086,row_centered_residual,0.9944595195905753,0.005540480409424675,0.027828191167574106,0.9190751445086706,17.930282903817005,17.863404560932636,-0.002540238992415908,-0.0020123419995634385,0.15630983030023604,0.15715287803079114
DOCKSTRING-58,80,7497,7503,5811,6094,0,385.5330000000001,384.47700000000003,1.05600000000004,0.013761708868540086,group_heldout_descriptor_adjusted_residual,0.9883980545222973,0.011601945477702658,0.050816696914700546,0.8547486033519553,28.388391722526418,28.408028057055862,-0.01222656670188868,-0.012179160234709054,0.10765343677251536,0.10767014226607709
DOCKSTRING-58,81,7502,7498,5852,6053,0,385.6870000000001,384.45550000000014,1.2314999999999827,0.016583858957074416,raw,0.9979738100988349,0.0020261899011650986,0.004234724742891712,0.8651685393258427,2.2256976299323235,2.271349105876023,0.621673519066812,0.6137355627629824,0.6282906230973414,0.6203436579793642
DOCKSTRING-58,81,7502,7498,5852,6053,0,385.6870000000001,384.45550000000014,1.2314999999999827,0.016583858957074416,row_centered_residual,0.9950532720117725,0.004946727988227484,0.02661826981246219,0.9190751445086706,17.935511586946163,17.85971312728733,-0.002378853025964233,-0.0021770432300771366,0.15641575602921123,0.15700202165906565
DOCKSTRING-58,81,7502,7498,5852,6053,0,385.6870000000001,384.45550000000014,1.2314999999999827,0.016583858957074416,group_heldout_descriptor_adjusted_residual,0.986793377776018,0.013206622223981945,0.0544464609800363,0.8444444444444444,28.384655293004148,28.38081342182203,-0.012212276144100464,-0.01219378777386468,0.10737089711281651,0.10801211656055093
DOCKSTRING-58,82,7501,7499,5834,6071,0,386.35100000000017,384.288,2.0630000000001587,0.013561938018878898,raw,0.9978043897231673,0.0021956102768326824,0.003629764065335753,0.8863636363636364,2.2396811252859097,2.256326241095093,0.6199469833846468,0.6155956061627537,0.6263707151447554,0.6223842418744654
DOCKSTRING-58,82,7501,7499,5834,6071,0,386.35100000000017,384.288,2.0630000000001587,0.013561938018878898,row_centered_residual,0.9944506431403949,0.005549356859605115,0.030248033877797943,0.9190751445086706,17.897491392637395,17.9000700153343,-0.0025947912511138094,-0.001960738097323932,0.15676591665427195,0.15673758969782067
DOCKSTRING-58,82,7501,7499,5834,6071,0,386.35100000000017,384.288,2.0630000000001587,0.013561938018878898,group_heldout_descriptor_adjusted_residual,0.9881648942734548,0.011835105726545225,0.047186932849364795,0.8757062146892656,28.171220615181735,28.615824919564357,-0.012188837176730014,-0.012224715743175522,0.10850589340350207,0.10677523730497128
DOCKSTRING-58,83,7497,7503,5865,6040,0,385.4680000000002,384.48000000000025,0.9879999999999427,0.020662616639351997,raw,0.9974867132346692,0.002513286765330802,0.006049606775559589,0.8651685393258427,2.2259456462649734,2.2714563988260505,0.6216458078965452,0.6136970360845669,0.6278238435110736,0.6208338022972446
DOCKSTRING-58,83,7497,7503,5865,6040,0,385.4680000000002,384.48000000000025,0.9879999999999427,0.020662616639351997,row_centered_residual,0.9946343598879331,0.005365640112066861,0.030248033877797943,0.8971428571428571,17.850340256476187,17.94748652562861,-0.0022299471641262047,-0.0023343601796497948,0.15702110733988717,0.15640705702942165
DOCKSTRING-58,83,7497,7503,5865,6040,0,385.4680000000002,384.48000000000025,0.9879999999999427,0.020662616639351997,group_heldout_descriptor_adjusted_residual,0.9864215977162916,0.013578402283708435,0.049606775559588624,0.8547486033519553,28.34209002658719,28.439565017884537,-0.012075619345229832,-0.012339490208122646,0.1079833747665245,0.10731715947820196
DOCKSTRING-58,84,7498,7502,6000,5905,0,384.53050000000013,385.44500000000016,0.9145000000000323,0.020610134798942917,raw,0.9976175591774813,0.0023824408225187055,0.007259528130671506,0.8651685393258427,2.2977761574638786,2.201163793567421,0.6079811721149437,0.6271749307167565,0.6154361149809028,0.6331627714663542
DOCKSTRING-58,84,7498,7502,6000,5905,0,384.53050000000013,385.44500000000016,0.9145000000000323,0.020610134798942917,row_centered_residual,0.9943525983511078,0.005647401648892214,0.02722323049001815,0.8971428571428571,17.769835768192692,18.025464465578917,-0.001826756066485111,-0.002720850833613242,0.15763805870324163,0.15584175605782857
DOCKSTRING-58,84,7498,7502,6000,5905,0,384.53050000000013,385.44500000000016,0.9145000000000323,0.020610134798942917,group_heldout_descriptor_adjusted_residual,0.9877890280178654,0.01221097198213461,0.05323653962492438,0.8342541436464088,28.551417062694785,28.236216386039267,-0.012168843287577294,-0.012242843164867798,0.10725437823484593,0.10811233607701644
DOCKSTRING-58,85,7498,7502,5885,6020,0,385.3755000000001,385.40100000000007,0.02549999999996544,0.016064961142397235,raw,0.9977850586691379,0.0022149413308620858,0.004839685420447671,0.8757062146892656,2.2174523799739267,2.279798077415907,0.6222132830625889,0.6132132753746098,0.6293567459204058,0.6193029430629703
DOCKSTRING-58,85,7498,7502,5885,6020,0,385.3755000000001,385.40100000000007,0.02549999999996544,0.016064961142397235,row_centered_residual,0.9949210392066453,0.005078960793354681,0.029038112522686024,0.8651685393258427,17.88347054518842,17.920029703999443,-0.0019631252093901554,-0.002597239472077407,0.15678015740411066,0.15661572489381415
DOCKSTRING-58,85,7498,7502,5885,6020,0,385.3755000000001,385.40100000000007,0.02549999999996544,0.016064961142397235,group_heldout_descriptor_adjusted_residual,0.9875961133443992,0.012403886655600771,0.04658197217180883,0.8342541436464088,28.429033089014247,28.35340912867702,-0.012183985107974674,-0.012228237598911213,0.10759223542131549,0.1076870781327932
DOCKSTRING-58,86,7501,7499,5861,6044,0,385.4450000000001,384.48400000000026,0.9609999999998422,0.01631285362333962,raw,0.9979587379342513,0.002041262065748728,0.0030248033877797943,0.8863636363636364,2.2415259636591713,2.2549495351259585,0.6188252073288859,0.616613411004637,0.6253127727828598,0.6233036981485454
DOCKSTRING-58,86,7501,7499,5861,6044,0,385.4450000000001,384.48400000000026,0.9609999999998422,0.01631285362333962,row_centered_residual,0.9948381223752534,0.005161877624746625,0.02661826981246219,0.9080459770114943,17.865797885608497,17.93293134476735,-0.002211301416836463,-0.0023456827932688317,0.15648583451120493,0.1569432651845145
DOCKSTRING-58,86,7501,7499,5861,6044,0,385.4450000000001,384.48400000000026,0.9609999999998422,0.01631285362333962,group_heldout_descriptor_adjusted_residual,0.9887291639147501,0.011270836085249925,0.04658197217180883,0.8547486033519553,28.77704795538765,28.028424935510547,-0.012126923738824343,-0.012282187366618708,0.10610662116417197,0.10908034179106961
DOCKSTRING-58,87,7500,7500,6171,5734,0,383.4385000000002,386.35100000000017,2.912499999999966,0.0168,raw,0.997308724600447,0.0026912753995530503,0.0030248033877797943,0.8651685393258427,2.253416221202861,2.2437614153238346,0.6174440256812523,0.6178596598141135,0.6238732900514673,0.6246124790189607
DOCKSTRING-58,87,7500,7500,6171,5734,0,383.4385000000002,386.35100000000017,2.912499999999966,0.0168,row_centered_residual,0.9942664880168374,0.005733511983162631,0.027828191167574106,0.8757062146892656,17.85326287931375,17.933144675133054,-0.0022309096635107933,-0.0023219180070064445,0.1571230499707538,0.1563513712401701
DOCKSTRING-58,87,7500,7500,6171,5734,0,383.4385000000002,386.35100000000017,2.912499999999966,0.0168,group_heldout_descriptor_adjusted_residual,0.9874119794754366,0.012588020524563426,0.05323653962492438,0.8444444444444444,27.938514521046322,28.851530795923214,-0.012173470851495173,-0.012238496058980692,0.10930163877793986,0.10604800294427821
DOCKSTRING-58,88,7499,7501,6007,5898,0,384.7870000000001,385.44500000000016,0.6580000000000723,0.017129138082295787,raw,0.9979627550526806,0.002037244947319383,0.0024198427102238356,0.8971428571428571,2.2694430985397913,2.2272926995990665,0.6142991512229619,0.6212161192087016,0.6211153213956457,0.6275661071749611
DOCKSTRING-58,88,7499,7501,6007,5898,0,384.7870000000001,385.44500000000016,0.6580000000000723,0.017129138082295787,row_centered_residual,0.9947399048923832,0.0052600951076168245,0.02722323049001815,0.9190751445086706,17.92680683197218,17.873585625094726,-0.0026025460936300116,-0.0019640026978678957,0.1567728735988252,0.15661743190009814
DOCKSTRING-58,88,7499,7501,6007,5898,0,384.7870000000001,385.44500000000016,0.6580000000000723,0.017129138082295787,group_heldout_descriptor_adjusted_residual,0.9882946190363876,0.0117053809636124,0.047186932849364795,0.8547486033519553,28.320435183448037,28.45728426207509,-0.01233468069795253,-0.012075650360516763,0.10802673827324975,0.10715963229405531
DOCKSTRING-58,89,7504,7496,5812,6093,0,385.47350000000006,384.69050000000004,0.7830000000000155,0.015061622061972497,raw,0.997814358128159,0.0021856418718410042,0.004234724742891712,0.8444444444444444,2.202029340521837,2.298120363485054,0.624318221133308,0.6108124768402757,0.6313347312196894,0.6170165290282719
DOCKSTRING-58,89,7504,7496,5812,6093,0,385.47350000000006,384.69050000000004,0.7830000000000155,0.015061622061972497,row_centered_residual,0.9951355538621428,0.004864446137857192,0.024803387779794312,0.8971428571428571,17.918529058386106,17.886069520773475,-0.002166366336850104,-0.0023969382026824172,0.15681343837467382,0.1565582026502785
DOCKSTRING-58,89,7504,7496,5812,6093,0,385.47350000000006,384.69050000000004,0.7830000000000155,0.015061622061972497,group_heldout_descriptor_adjusted_residual,0.9886094500659984,0.01139054993400157,0.043557168784029036,0.8651685393258427,28.295859204332345,28.512014046962374,-0.012067569599385892,-0.01234705898741695,0.10785356247332857,0.107217609015148
DOCKSTRING-58,90,7500,7500,5952,5953,0,385.5405000000001,384.4815000000002,1.0589999999999122,0.012933333333333333,raw,0.9970309297023882,0.002969070297611842,0.0030248033877797943,0.8444444444444444,2.2336036764585323,2.262468149616763,0.619986524077586,0.6155393915467902,0.6263879462907338,0.6223203814750689
DOCKSTRING-58,90,7500,7500,5952,5953,0,385.5405000000001,384.4815000000002,1.0589999999999122,0.012933333333333333,row_centered_residual,0.9940516651697143,0.005948334830285673,0.02661826981246219,0.8863636363636364,17.751397647823776,18.03808730846574,-0.0019339945193075883,-0.0026157998402071407,0.1576964882338724,0.15570816206834273
DOCKSTRING-58,90,7500,7500,5952,5953,0,385.5405000000001,384.4815000000002,1.0589999999999122,0.012933333333333333,group_heldout_descriptor_adjusted_residual,0.986352254600545,0.013647745399455014,0.050816696914700546,0.8241758241758241,28.452988163127877,28.31946157955474,-0.01204403982278747,-0.012365398005308822,0.107668036141023,0.10767900445261902
DOCKSTRING-58,91,7507,7493,5998,5907,0,384.4570000000002,386.35100000000017,1.8939999999999486,0.013306073813290966,raw,0.9981863533906586,0.0018136466093413572,0.004234724742891712,0.8444444444444444,2.265386073644899,2.2318629633547915,0.6143524533112685,0.6209356272890716,0.6211129682003533,0.6274458724899967
DOCKSTRING-58,91,7507,7493,5998,5907,0,384.4570000000002,386.35100000000017,1.8939999999999486,0.013306073813290966,row_centered_residual,0.9939800743805609,0.006019925619439093,0.03206291591046582,0.8971428571428571,17.868272581946357,17.925399006443776,-0.0021171497644287243,-0.0024476232722889265,0.15700337831040703,0.156540844197734
DOCKSTRING-58,91,7507,7493,5998,5907,0,384.4570000000002,386.35100000000017,1.8939999999999486,0.013306073813290966,group_heldout_descriptor_adjusted_residual,0.9875577753689119,0.012442224631088128,0.041742286751361164,0.8342541436464088,28.698748073134965,28.099409350505827,-0.012188673428046434,-0.01222755973598622,0.10662513816420219,0.10859080697093319
DOCKSTRING-58,92,7502,7498,5869,6036,0,385.8745000000001,384.4760000000001,1.3985000000000127,0.012736072016787343,raw,0.997524519845285,0.002475480154714993,0.006654567453115548,0.8757062146892656,2.1913561737249747,2.3103179013833484,0.6284890304995792,0.6063834939779013,0.6341836175454614,0.6140610295325075
DOCKSTRING-58,92,7502,7498,5869,6036,0,385.8745000000001,384.4760000000001,1.3985000000000127,0.012736072016787343,row_centered_residual,0.9945850386005495,0.005414961399450524,0.03145795523290986,0.8971428571428571,17.974504277651576,17.824065675134737,-0.0024071572610398595,-0.0021396099208796492,0.15600474458132788,0.15747753102572526
DOCKSTRING-58,92,7502,7498,5869,6036,0,385.8745000000001,384.4760000000001,1.3985000000000127,0.012736072016787343,group_heldout_descriptor_adjusted_residual,0.9881402601980064,0.011859739801993618,0.047186932849364795,0.8757062146892656,28.645829616494332,28.15559584552791,-0.012110025218323928,-0.012294462093793668,0.10679363133651336,0.10854264198245438
DOCKSTRING-58,93,7497,7503,6057,5848,0,384.411,386.35100000000017,1.9400000000001683,0.01922101640869596,raw,0.9975023619301384,0.002497638069861585,0.0030248033877797943,0.8757062146892656,2.276874931179876,2.2205522298663607,0.6127501803578573,0.6226281807489209,0.6199440867872782,0.6286555353713889
DOCKSTRING-58,93,7497,7503,6057,5848,0,384.411,386.35100000000017,1.9400000000001683,0.01922101640869596,row_centered_residual,0.9936105287101195,0.006389471289880544,0.02661826981246219,0.8971428571428571,17.940905801960728,17.8437166916027,-0.0022345157039972722,-0.002318895871688082,0.15648507408746762,0.15691968747633564
DOCKSTRING-58,93,7497,7503,6057,5848,0,384.411,386.35100000000017,1.9400000000001683,0.01922101640869596,group_heldout_descriptor_adjusted_residual,0.9853669473759238,0.014633052624076215,0.05202661826981246,0.8342541436464088,28.666319904378163,28.096322693600154,-0.012278010117200217,-0.012133996654421804,0.10671230023712884,0.10861161173240232
DOCKSTRING-58,94,7503,7497,5918,5987,0,385.41600000000005,385.3300000000001,0.08599999999995589,0.017515202802432447,raw,0.997787330253964,0.0022126697460359557,0.003629764065335753,0.8757062146892656,2.252337858582489,2.2432745802643934,0.6168914739692335,0.6187321596819878,0.6235869136322316,0.6252212980718576
DOCKSTRING-58,94,7503,7497,5918,5987,0,385.41600000000005,385.3300000000001,0.08599999999995589,0.017515202802432447,row_centered_residual,0.9941055987041838,0.005894401295816198,0.029643073200241985,0.8863636363636364,17.70571059502404,18.095257649117887,-0.0022221040857467312,-0.002339449222395224,0.15766829321480025,0.15576359621250396
DOCKSTRING-58,94,7503,7497,5918,5987,0,385.41600000000005,385.3300000000001,0.08599999999995589,0.017515202802432447,group_heldout_descriptor_adjusted_residual,0.9885240092514662,0.011475990748533782,0.049606775559588624,0.8241758241758241,28.84644171295312,27.960853824611068,-0.012340564288114917,-0.012072601103269718,0.10591316647434322,0.10934284826933595
DOCKSTRING-58,95,7502,7498,6047,5858,0,384.39150000000006,386.28250000000014,1.8910000000000764,0.019267734703483357,raw,0.9976214115728006,0.0023785884271994018,0.0018148820326678765,0.8863636363636364,2.2280035307008212,2.268352131133473,0.6208479664303815,0.6146830808226985,0.6275495574422385,0.6211406180791317
DOCKSTRING-58,95,7502,7498,6047,5858,0,384.39150000000006,386.28250000000014,1.8910000000000764,0.019267734703483357,row_centered_residual,0.9942569314196212,0.005743068580378763,0.029038112522686024,0.8971428571428571,17.885343285757354,17.90543351448218,-0.0021664590513528646,-0.002385059922244341,0.15697386033573096,0.15651111292677333
DOCKSTRING-58,95,7502,7498,6047,5858,0,384.39150000000006,386.28250000000014,1.8910000000000764,0.019267734703483357,group_heldout_descriptor_adjusted_residual,0.9865492395289278,0.013450760471072187,0.05323653962492438,0.8342541436464088,28.489232987499562,28.281232832959393,-0.012252708264240247,-0.012152294651789367,0.10747382168115589,0.10787465802805346
DOCKSTRING-58,96,7497,7503,6023,5882,0,384.457,386.15999999999997,1.7029999999999745,0.015794295860420672,raw,0.9982382305430749,0.0017617694569250775,0.007864488808227465,0.8757062146892656,2.300972346107351,2.1992735356171194,0.6083576683941332,0.6267161691783993,0.6157402000563098,0.6327554161401803
DOCKSTRING-58,96,7497,7503,6023,5882,0,384.457,386.15999999999997,1.7029999999999745,0.015794295860420672,row_centered_residual,0.9950023858548418,0.004997614145158202,0.02722323049001815,0.9080459770114943,17.856576567142007,17.94325821857372,-0.002251879713789679,-0.0023069737649150665,0.1570025119359949,0.1564065243211537
DOCKSTRING-58,96,7497,7503,6023,5882,0,384.457,386.15999999999997,1.7029999999999745,0.015794295860420672,group_heldout_descriptor_adjusted_residual,0.986565459441634,0.013434540558366015,0.050816696914700546,0.8241758241758241,28.49977528041292,28.26671008857447,-0.0122929288867238,-0.01211850330889163,0.10733897062373468,0.10804023745816041
DOCKSTRING-58,97,7501,7499,6006,5899,0,383.8350000000001,386.44800000000004,2.6129999999999427,0.017212871417117713,raw,0.9978661183803035,0.0021338816196965205,0.0054446460980036296,0.8863636363636364,2.2701625371805387,2.2256916651657237,0.6137707105998338,0.6218588051384876,0.6203949946895483,0.628472185762146
DOCKSTRING-58,97,7501,7499,6006,5899,0,383.8350000000001,386.44800000000004,2.6129999999999427,0.017212871417117713,row_centered_residual,0.9941478873774916,0.005852112622508399,0.027828191167574106,0.8863636363636364,17.785658295026185,18.014157859243472,-0.0020159158996632598,-0.002548398812194665,0.15743179886291303,0.1560281050589271
DOCKSTRING-58,97,7501,7499,6006,5899,0,383.8350000000001,386.44800000000004,2.6129999999999427,0.017212871417117713,group_heldout_descriptor_adjusted_residual,0.9874649299848937,0.012535070015106342,0.05384150030248034,0.8651685393258427,28.46936862465426,28.319007794167437,-0.012139718508285257,-0.012276937524293105,0.10741188464982057,0.1079970483849754
DOCKSTRING-58,98,7498,7502,5871,6034,0,385.42500000000007,384.567,0.8580000000000609,0.020875414817807275,raw,0.9977147139306084,0.002285286069391601,0.0024198427102238356,0.8971428571428571,2.2268538268233877,2.269186019162323,0.6209062294112577,0.6146906231848771,0.6276955505055292,0.6210505868265529
DOCKSTRING-58,98,7498,7502,5871,6034,0,385.42500000000007,384.567,0.8580000000000609,0.020875414817807275,row_centered_residual,0.9945414560537791,0.005458543946220917,0.030852994555353903,0.9080459770114943,18.108998659959635,17.694768369481714,-0.0021816486293609666,-0.002376986740302353,0.1552400787570624,0.15817156529930193
DOCKSTRING-58,98,7498,7502,5871,6034,0,385.42500000000007,384.567,0.8580000000000609,0.020875414817807275,group_heldout_descriptor_adjusted_residual,0.9875390739822552,0.012460926017744844,0.049606775559588624,0.8651685393258427,28.863835937166396,27.92867305328973,-0.012193553163810125,-0.012218158237101588,0.10600316762772663,0.10936384973781356
DOCKSTRING-58,99,7504,7496,5827,6078,0,385.6870000000001,384.45700000000016,1.2299999999999613,0.01412523068451006,raw,0.9979230514694732,0.0020769485305267565,0.0030248033877797943,0.8757062146892656,2.2301709676042156,2.266392668089391,0.6198668190295518,0.6156314333339847,0.6271183922430028,0.6215568009735106
DOCKSTRING-58,99,7504,7496,5827,6078,0,385.6870000000001,384.45700000000016,1.2299999999999613,0.01412523068451006,row_centered_residual,0.9950044262959488,0.004995573704051237,0.024803387779794312,0.9080459770114943,17.758242609698687,18.041652400541164,-0.0017930410692245512,-0.002753976191079617,0.15757081607386889,0.15582422921722738
DOCKSTRING-58,99,7504,7496,5827,6078,0,385.6870000000001,384.45700000000016,1.2299999999999613,0.01412523068451006,group_heldout_descriptor_adjusted_residual,0.9868860053004389,0.013113994699561093,0.0514216575922565,0.8547486033519553,28.66797985639689,28.11906604992291,-0.012032932554534555,-0.012374989821676015,0.10667240445652905,0.10869673176749663
DOCKSTRING-58,100,7501,7499,6132,5773,0,384.56699999999995,385.48299999999995,0.9159999999999968,0.017534506978391234,raw,0.9976317838150947,0.0023682161849053474,0.006654567453115548,0.8971428571428571,2.294015596142398,2.2052651487639334,0.6098359115611552,0.6253085434195292,0.6166470166688721,0.6318304606450487
DOCKSTRING-58,100,7501,7499,6132,5773,0,384.56699999999995,385.48299999999995,0.9159999999999968,0.017534506978391234,row_centered_residual,0.9937171789535024,0.0062828210464975776,0.024803387779794312,0.8863636363636364,18.0465779210472,17.744593910600027,-0.0023322408560917125,-0.0022246798677198897,0.15563050466174103,0.15778473542281726
DOCKSTRING-58,100,7501,7499,6132,5773,0,384.56699999999995,385.48299999999995,0.9159999999999968,0.017534506978391234,group_heldout_descriptor_adjusted_residual,0.9874802545477911,0.012519745452208908,0.05021173623714459,0.8342541436464088,28.28384559605167,28.500942477534473,-0.01221841939161187,-0.012193388620164091,0.108169032476033,0.10707163556485369
DOCKSTRING-58,101,7504,7496,6070,5835,0,384.8650000000001,385.42300000000006,0.5579999999999359,0.013286403779243741,raw,0.9979978729570462,0.002002127042953772,0.004839685420447671,0.8651685393258427,2.290409326461706,2.2086780511942496,0.6110467427033283,0.6241439423771964,0.6179238497541818,0.6305355064967069
DOCKSTRING-58,101,7504,7496,6070,5835,0,384.8650000000001,385.42300000000006,0.5579999999999359,0.013286403779243741,row_centered_residual,0.993545510904428,0.0064544890955720025,0.028433151845130067,0.8863636363636364,18.14937675313829,17.63568543423256,-0.00292163563438251,-0.0016171855671914819,0.15485989240573445,0.1586670712362494
DOCKSTRING-58,101,7504,7496,6070,5835,0,384.8650000000001,385.42300000000006,0.5579999999999359,0.013286403779243741,group_heldout_descriptor_adjusted_residual,0.9856524842601622,0.014347515739837835,0.056261343012704176,0.8342541436464088,28.44282631911509,28.32710308938876,-0.012399133961729232,-0.012002708680847214,0.10780397175313708,0.10765431574513078
DOCKSTRING-58,102,7541,7459,5893,6012,0,385.50800000000015,384.5050000000001,1.0030000000000427,0.007531407294145092,raw,0.9971898210831244,0.0028101789168756275,0.006654567453115548,0.8547486033519553,2.186828613712706,2.316111108608983,0.6280671060966351,0.6067870140217201,0.6348616968082634,0.613251300960051
DOCKSTRING-58,102,7541,7459,5893,6012,0,385.50800000000015,384.5050000000001,1.0030000000000427,0.007531407294145092,row_centered_residual,0.9925903426953252,0.007409657304674799,0.034482758620689655,0.9080459770114943,17.830590077932747,17.954881601969937,-0.0021186805831357523,-0.0024443741381774626,0.1564136075438793,0.1570644402296495
DOCKSTRING-58,102,7541,7459,5893,6012,0,385.50800000000015,384.5050000000001,1.0030000000000427,0.007531407294145092,group_heldout_descriptor_adjusted_residual,0.9838575310670045,0.016142468932995535,0.05565638233514821,0.8043478260869565,28.62244198295274,28.1239933101144,-0.012133283150753935,-0.012273918953758576,0.10639402363726513,0.10889723231010354
DOCKSTRING-58,103,7501,7499,5811,6094,0,385.48299999999995,384.505,0.9779999999999518,0.016181600287672893,raw,0.9970185276462846,0.0029814723537153753,0.004234724742891712,0.8651685393258427,2.198958301781235,2.3007126739187793,0.62502871127857,0.6102439880035604,0.6320421135600784,0.616405054108851
DOCKSTRING-58,103,7501,7499,5811,6094,0,385.48299999999995,384.505,0.9779999999999518,0.016181600287672893,row_centered_residual,0.9930581085054613,0.006941891494538721,0.034482758620689655,0.8651685393258427,17.867756341642114,17.91046225373114,-0.0019420441924440704,-0.002607467531247233,0.1564329665568104,0.15715417278408647
DOCKSTRING-58,103,7501,7499,5811,6094,0,385.48299999999995,384.505,0.9779999999999518,0.016181600287672893,group_heldout_descriptor_adjusted_residual,0.9863033637187073,0.013696636281292696,0.05565638233514821,0.8241758241758241,28.660523172781204,28.100181100552426,-0.012158469571102878,-0.01225598935583682,0.10653178253866344,0.108986183403727
DOCKSTRING-58,104,7469,7531,6003,5902,0,384.88800000000003,385.4240000000001,0.5360000000000582,0.012520071676246771,raw,0.9980106549390328,0.0019893450609671515,0.0012099213551119178,0.8757062146892656,2.2427158852824443,2.2533176815601426,0.6179869550479925,0.6175584760576215,0.6248452065690091,0.623870123616579
DOCKSTRING-58,104,7469,7531,6003,5902,0,384.88800000000003,385.4240000000001,0.5360000000000582,0.012520071676246771,row_centered_residual,0.994748406730329,0.005251593269670951,0.028433151845130067,0.9190751445086706,17.70681838140488,18.09091672036435,-0.0018029926819308339,-0.002746587891047647,0.15775091538726013,0.1557363315489093
DOCKSTRING-58,104,7469,7531,6003,5902,0,384.88800000000003,385.4240000000001,0.5360000000000582,0.012520071676246771,group_heldout_descriptor_adjusted_residual,0.9882277042581046,0.011772295741895422,0.04900181488203267,0.8757062146892656,28.333495827298794,28.458169646928962,-0.012077195441527881,-0.012334941285014724,0.10784855852371643,0.10743723040342497
DOCKSTRING-58,105,7510,7490,5884,6021,0,385.5480000000002,384.4720000000001,1.0760000000000787,0.013517357364190869,raw,0.9976923328422157,0.002307667157784299,0.0054446460980036296,0.8757062146892656,2.1973369228699684,2.3033457962481423,0.6266134711395226,0.6084036759773684,0.6328791224569258,0.6154041084573034
DOCKSTRING-58,105,7510,7490,5884,6021,0,385.5480000000002,384.4720000000001,1.0760000000000787,0.013517357364190869,row_centered_residual,0.9943367052277977,0.0056632947722022875,0.028433151845130067,0.9080459770114943,17.686354877303497,18.11179345820381,-0.002019988527060422,-0.0025329115728530385,0.1582331570071319,0.1552370102356609
DOCKSTRING-58,105,7510,7490,5884,6021,0,385.5480000000002,384.4720000000001,1.0760000000000787,0.013517357364190869,group_heldout_descriptor_adjusted_residual,0.9872355397698152,0.012764460230184849,0.05747126436781609,0.8342541436464088,28.304991252759425,28.475471805596225,-0.012097161056253884,-0.012311381170253377,0.10807386888503168,0.10734171779237561
DOCKSTRING-58,106,7498,7502,5806,6099,0,385.4195000000002,385.33600000000007,0.0835000000001287,0.016529814508786808,raw,0.9975419565835472,0.0024580434164528375,0.004234724742891712,0.8757062146892656,2.2106271754116693,2.2879878794882673,0.6242846968242398,0.6109576144004475,0.630482058562987,0.6180150463180534
DOCKSTRING-58,106,7498,7502,5806,6099,0,385.4195000000002,385.33600000000007,0.0835000000001287,0.016529814508786808,row_centered_residual,0.9945492989992841,0.005450701000715874,0.030248033877797943,0.9190751445086706,17.872424454384802,17.921841636307253,-0.002268941004991338,-0.0022817143971664805,0.15717884596603168,0.15635830315257215
DOCKSTRING-58,106,7498,7502,5806,6099,0,385.4195000000002,385.33600000000007,0.0835000000001287,0.016529814508786808,group_heldout_descriptor_adjusted_residual,0.9889939297461566,0.01100607025384337,0.04658197217180883,0.8342541436464088,28.411943704780327,28.393967853586464,-0.01205284136314102,-0.012354911261244727,0.10769473536209766,0.10743894615103632
DOCKSTRING-58,107,7600,7400,5876,6029,0,385.1150000000001,385.41750000000013,0.3025000000000091,0.018399715504978664,raw,0.9979263406180287,0.002073659381971349,0.006654567453115548,0.8757062146892656,2.2149010337469206,2.288454761243942,0.6242207713006961,0.6100653480362586,0.6303692539806668,0.6173120905893805
DOCKSTRING-58,107,7600,7400,5876,6029,0,385.1150000000001,385.41750000000013,0.3025000000000091,0.018399715504978664,row_centered_residual,0.9944611907330965,0.005538809266903533,0.030852994555353903,0.9302325581395349,17.912755791951174,17.88391803558776,-0.002308034568594867,-0.002244965444742484,0.15656079801580047,0.1569884435583477
DOCKSTRING-58,107,7600,7400,5876,6029,0,385.1150000000001,385.41750000000013,0.3025000000000091,0.018399715504978664,group_heldout_descriptor_adjusted_residual,0.989540518221349,0.01045948177865097,0.0411373260738052,0.8342541436464088,28.34736737879907,28.468330199993435,-0.012202944718174392,-0.012212916703898322,0.10765724819509745,0.10751422423411228
DOCKSTRING-58,108,7501,7499,6095,5810,0,384.48000000000025,385.44900000000024,0.9689999999999941,0.015291822494076844,raw,0.9981683321510376,0.0018316678489623817,0.0024198427102238356,0.8863636363636364,2.2967520608368828,2.2038511889958774,0.6100259708420027,0.6249703563677221,0.6168229210684347,0.6313973669921438
DOCKSTRING-58,108,7501,7499,6095,5810,0,384.48000000000025,385.44900000000024,0.9689999999999941,0.015291822494076844,row_centered_residual,0.9953074716527069,0.004692528347293057,0.02117362371445856,0.9190751445086706,17.90539742856808,17.89646310988519,-0.0024208010422689286,-0.002137656914475918,0.15647574925397212,0.15689834753950554
DOCKSTRING-58,108,7501,7499,6095,5810,0,384.48000000000025,385.44900000000024,0.9689999999999941,0.015291822494076844,group_heldout_descriptor_adjusted_residual,0.988687252510501,0.011312747489498953,0.047186932849364795,0.8342541436464088,28.62147183322726,28.185630731323933,-0.012324420724620847,-0.012088458871489367,0.10684308405369956,0.10846643756131323
DOCKSTRING-58,109,7449,7551,6065,5840,0,385.3720000000001,385.39500000000015,0.023000000000024556,0.008684508238327606,raw,0.9976443665352546,0.0023556334647454324,0.004234724742891712,0.8863636363636364,2.2744777049802503,2.223639148443085,0.6128720928411718,0.6223255398294313,0.6197261418032546,0.62871391482621
DOCKSTRING-58,109,7449,7551,6065,5840,0,385.3720000000001,385.39500000000015,0.023000000000024556,0.008684508238327606,row_centered_residual,0.9944036226629052,0.005596377337094838,0.03145795523290986,0.9302325581395349,18.0198886312843,17.779362828573646,-0.002009182276988547,-0.0025391637709826814,0.15599691816429326,0.1574816570980275
DOCKSTRING-58,109,7449,7551,6065,5840,0,385.3720000000001,385.39500000000015,0.023000000000024556,0.008684508238327606,group_heldout_descriptor_adjusted_residual,0.9872296309924427,0.012770369007557347,0.0514216575922565,0.8444444444444444,28.498049525577247,28.279973160962022,-0.012242668687885252,-0.01216836235662911,0.10711625435305497,0.10804954771769258
DOCKSTRING-58,110,7498,7502,6096,5809,0,385.3755000000001,385.4180000000001,0.04250000000001819,0.019470472495678043,raw,0.9979562883421932,0.0020437116578068126,0.0054446460980036296,0.8547486033519553,2.284991465813532,2.2131015836729793,0.6109221877069588,0.6243561142312968,0.6178230559582099,0.6307355781367859
DOCKSTRING-58,110,7498,7502,6096,5809,0,385.3755000000001,385.4180000000001,0.04250000000001819,0.019470472495678043,row_centered_residual,0.9941593356336508,0.005840664366349224,0.03327283726557774,0.9080459770114943,17.979158693971186,17.812077320197883,-0.0020864281687293694,-0.002473738582663521,0.15615539768762424,0.1573014636730246
DOCKSTRING-58,110,7498,7502,6096,5809,0,385.3755000000001,385.4180000000001,0.04250000000001819,0.019470472495678043,group_heldout_descriptor_adjusted_residual,0.9874638805392721,0.012536119460727857,0.05565638233514821,0.8757062146892656,28.67972294626203,28.10380887130222,-0.01234620172581134,-0.012073285363906386,0.10675422748664815,0.1086107162843167
DOCKSTRING-58,111,7498,7502,6060,5845,0,384.4335000000001,385.89700000000016,1.4635000000000673,0.017524872357324257,raw,0.9976166027207123,0.0023833972792877134,0.007259528130671506,0.8651685393258427,2.2821060995595013,2.215127150979376,0.6109886409130634,0.6243971325583256,0.618408426141428,0.6302617871171866
DOCKSTRING-58,111,7498,7502,6060,5845,0,384.4335000000001,385.89700000000016,1.4635000000000673,0.017524872357324257,row_centered_residual,0.993942140242376,0.006057859757623962,0.030852994555353903,0.9080459770114943,17.883751208506045,17.908858468641828,-0.0019349439385968634,-0.002623844591541744,0.1567058471062644,0.15682862108438497
DOCKSTRING-58,111,7498,7502,6060,5845,0,384.4335000000001,385.89700000000016,1.4635000000000673,0.017524872357324257,group_heldout_descriptor_adjusted_residual,0.9866570322067847,0.01334296779321531,0.047186932849364795,0.8444444444444444,28.41948828093345,28.35324633632908,-0.012216686170202553,-0.012199455243102307,0.10765161104426396,0.10758128458770624
DOCKSTRING-58,112,7490,7510,6049,5856,0,384.567,385.44500000000005,0.8780000000000427,0.015122337995267547,raw,0.9977285825537577,0.002271417446242263,0.003629764065335753,0.8241758241758241,2.2799557602604716,2.2186733308017748,0.6120498142632061,0.6230546151002572,0.6187667662829867,0.6296113628346496
DOCKSTRING-58,112,7490,7510,6049,5856,0,384.567,385.44500000000005,0.8780000000000427,0.015122337995267547,row_centered_residual,0.9938234970938405,0.006176502906159453,0.029038112522686024,0.8971428571428571,17.663858651430274,18.1236633009075,-0.0019090425833633033,-0.002640562333060373,0.1583661850939705,0.15517841264324508
DOCKSTRING-58,112,7490,7510,6049,5856,0,384.567,385.44500000000005,0.8780000000000427,0.015122337995267547,group_heldout_descriptor_adjusted_residual,0.9869269815025139,0.0130730184974861,0.05323653962492438,0.8757062146892656,28.226170903553157,28.542629655461646,-0.01207920485318107,-0.012328998731279373,0.10842362823328237,0.1070154241854522
DOCKSTRING-58,113,7503,7497,5855,6050,0,386.40200000000004,383.473,2.9290000000000305,0.017445122791219646,raw,0.997770865913417,0.0022291340865829845,0.004839685420447671,0.8757062146892656,2.211170533315302,2.287858515864748,0.6243538198762595,0.6108047307735243,0.6305742629009364,0.6179010016815544
DOCKSTRING-58,113,7503,7497,5855,6050,0,386.40200000000004,383.473,2.9290000000000305,0.017445122791219646,row_centered_residual,0.9942109497604557,0.005789050239544347,0.030852994555353903,0.8971428571428571,18.04589012310163,17.74211198515369,-0.00260389889783521,-0.001938471574321378,0.1558106251945356,0.15773282347874476
DOCKSTRING-58,113,7503,7497,5855,6050,0,386.40200000000004,383.473,2.9290000000000305,0.017445122791219646,group_heldout_descriptor_adjusted_residual,0.9878123257106616,0.012187674289338424,0.04839685420447671,0.8547486033519553,28.277699709462475,28.504632144684084,-0.012209094194318844,-0.012196122852113564,0.10797394103987548,0.10737600130368964
DOCKSTRING-58,114,7498,7502,5775,6130,0,386.4680000000001,383.4955000000001,2.972499999999968,0.019761423627479013,raw,0.9979236917641436,0.002076308235856361,0.0030248033877797943,0.8971428571428571,2.2376820101930295,2.2584139373125964,0.620361447081347,0.6151544968213426,0.6265855021108973,0.6221335391055758
DOCKSTRING-58,114,7498,7502,5775,6130,0,386.4680000000001,383.4955000000001,2.972499999999968,0.019761423627479013,row_centered_residual,0.995612238631649,0.004387761368350951,0.024803387779794312,0.8971428571428571,17.94058599340711,17.867044721527837,-0.0022364520819452014,-0.0023156945114918117,0.15653429487660422,0.1568864105187818
DOCKSTRING-58,114,7498,7502,5775,6130,0,386.4680000000001,383.4955000000001,2.972499999999968,0.019761423627479013,group_heldout_descriptor_adjusted_residual,0.989501122829767,0.010498877170233012,0.044162129461584994,0.8547486033519553,28.38800103527381,28.41396906510895,-0.01222528053435761,-0.012184130699001932,0.10751710669317208,0.1076929744536646
DOCKSTRING-58,115,7500,7500,5836,6069,0,385.4615000000001,384.46850000000006,0.9930000000000518,0.0176,raw,0.997060085692894,0.0029399143071060507,0.006049606775559589,0.8651685393258427,2.1946630648523873,2.307659337464542,0.6270313429250787,0.6077483525295104,0.6334064393760062,0.6147269504601424
DOCKSTRING-58,115,7500,7500,5836,6069,0,385.4615000000001,384.46850000000006,0.9930000000000518,0.0176,row_centered_residual,0.9942190211928555,0.0057809788071444546,0.030248033877797943,0.9080459770114943,18.093748573095155,17.699064101125096,-0.0024283954071853218,-0.002122706280593963,0.1554121050722471,0.15809787067314704
DOCKSTRING-58,115,7500,7500,5836,6069,0,385.4615000000001,384.46850000000006,0.9930000000000518,0.0176,group_heldout_descriptor_adjusted_residual,0.9884584919627954,0.011541508037204551,0.04476709013914096,0.8757062146892656,28.514888712684435,28.276925269701497,-0.012152611585383272,-0.01225344865758627,0.10704617153577603,0.10824394743533138
DOCKSTRING-58,116,7563,7437,5928,5977,0,384.4650000000001,386.25500000000005,1.7899999999999636,0.011894065911957415,raw,0.9978749230962263,0.002125076903773726,0.004839685420447671,0.8651685393258427,2.1794989197594825,2.327356511925286,0.6289099026794049,0.6054889791345428,0.6355578724412547,0.6121309446375801
DOCKSTRING-58,116,7563,7437,5928,5977,0,384.4650000000001,386.25500000000005,1.7899999999999636,0.011894065911957415,row_centered_residual,0.9940109041704123,0.005989095829587732,0.029038112522686024,0.8971428571428571,17.896110769031537,17.89930268236943,-0.002101262719544289,-0.0024637631021725112,0.1564815529346235,0.15693257559190008
DOCKSTRING-58,116,7563,7437,5928,5977,0,384.4650000000001,386.25500000000005,1.7899999999999636,0.011894065911957415,group_heldout_descriptor_adjusted_residual,0.9877460113746833,0.01225398862531668,0.04658197217180883,0.8547486033519553,28.649029817494917,28.135957562486798,-0.012197617470797943,-0.012215512222243836,0.10652310544408125,0.10870577990335105
DOCKSTRING-58,117,7498,7502,6041,5864,0,384.6770000000001,385.42750000000007,0.7504999999999882,0.013161743158168402,raw,0.9978650131413705,0.0021349868586294507,0.003629764065335753,0.8547486033519553,2.278082710356286,2.2188097183656,0.6125730480685897,0.6228944468557585,0.6195205737614303,0.629158394483635
DOCKSTRING-58,117,7498,7502,6041,5864,0,384.6770000000001,385.42750000000007,0.7504999999999882,0.013161743158168402,row_centered_residual,0.9939901437448782,0.006009856255121848,0.03206291591046582,0.8757062146892656,17.80814466683674,17.979066005223974,-0.0023778962814659057,-0.002174586999278036,0.15736282750130481,0.15619578334563547
DOCKSTRING-58,117,7498,7502,6041,5864,0,384.6770000000001,385.42750000000007,0.7504999999999882,0.013161743158168402,group_heldout_descriptor_adjusted_residual,0.9845983679414905,0.015401632058509529,0.050816696914700546,0.8342541436464088,28.211832739086585,28.54005697809262,-0.012321373819801302,-0.012093772714727566,0.10842798456220057,0.10699491174364517
DOCKSTRING-58,118,7502,7498,6103,5802,0,384.48000000000025,385.4955,1.0154999999997472,0.01842442797684821,raw,0.997815545728647,0.0021844542713530535,0.003629764065335753,0.8342541436464088,2.280289040252507,2.217668312782029,0.6133863169657735,0.6219549477493503,0.6199042689307424,0.6286337598003108
DOCKSTRING-58,118,7502,7498,6103,5802,0,384.48000000000025,385.4955,1.0154999999997472,0.01842442797684821,row_centered_residual,0.9945362460212129,0.005463753978787067,0.027828191167574106,0.8863636363636364,17.91472488477358,17.877985150122306,-0.0023980915049317845,-0.0021568794063642105,0.15639555725873305,0.15707346800627955
DOCKSTRING-58,118,7502,7498,6103,5802,0,384.48000000000025,385.4955,1.0154999999997472,0.01842442797684821,group_heldout_descriptor_adjusted_residual,0.9861580912196306,0.013841908780369394,0.0514216575922565,0.8547486033519553,28.173233993145892,28.595832510156526,-0.012157645684478118,-0.0122596494136339,0.10843094332228609,0.10683741434981003
DOCKSTRING-58,119,7504,7496,6004,5901,0,385.3870000000001,385.40900000000005,0.021999999999934516,0.019885090100647852,raw,0.9978734405882345,0.0021265594117655384,0.004839685420447671,0.8547486033519553,2.2813161110655567,2.2160913438309056,0.6114699486702494,0.6239284490012955,0.6189458004665509,0.6297196910315895
DOCKSTRING-58,119,7504,7496,6004,5901,0,385.3870000000001,385.40900000000005,0.021999999999934516,0.019885090100647852,row_centered_residual,0.9942450315033213,0.00575496849667867,0.030852994555353903,0.9080459770114943,17.93029015025632,17.863646778984126,-0.0022263733773949393,-0.0023296149824548924,0.15637354037450388,0.15716810416263483
DOCKSTRING-58,119,7504,7496,6004,5901,0,385.3870000000001,385.40900000000005,0.021999999999934516,0.019885090100647852,group_heldout_descriptor_adjusted_residual,0.9881754179547372,0.011824582045262821,0.05021173623714459,0.8342541436464088,28.449848214579188,28.332647215429073,-0.012250662395275867,-0.012158685446774375,0.10743717020107621,0.10785411128103116
DOCKSTRING-58,120,7492,7508,6057,5848,0,384.51250000000016,385.4275000000001,0.9149999999999636,0.013971215896138976,raw,0.9977275623332043,0.0022724376667957458,0.007259528130671506,0.8444444444444444,2.307044440585675,2.194705581191173,0.6075117296743371,0.6273529433144011,0.6147874073435207,0.6333965542990583
DOCKSTRING-58,120,7492,7508,6057,5848,0,384.51250000000016,385.4275000000001,0.9149999999999636,0.013971215896138976,row_centered_residual,0.9942922857813544,0.0057077142186455765,0.025408348457350273,0.8971428571428571,17.75528738310966,18.035828600184594,-0.002286063496432334,-0.002262009515215061,0.1576456626465932,0.15577870367511765
DOCKSTRING-58,120,7492,7508,6057,5848,0,384.51250000000016,385.4275000000001,0.9149999999999636,0.013971215896138976,group_heldout_descriptor_adjusted_residual,0.9887340551283933,0.011265944871606703,0.044162129461584994,0.8444444444444444,28.53452541976336,28.25457286855119,-0.012254572778575041,-0.012152693322408746,0.10717476893624661,0.10796160312427087
DOCKSTRING-58,121,7502,7498,5844,6061,0,385.4230000000001,384.97750000000013,0.44549999999998136,0.02463907730766772,raw,0.9975241691444697,0.00247583085553027,0.006049606775559589,0.8342541436464088,2.2299887355577335,2.2662903149402553,0.6208815934895042,0.6146569798695006,0.6273186832905042,0.6214671971500109
DOCKSTRING-58,121,7502,7498,5844,6061,0,385.4230000000001,384.97750000000013,0.44549999999998136,0.02463907730766772,row_centered_residual,0.9941399912954995,0.005860008704500541,0.02722323049001815,0.8863636363636364,17.891595873907715,17.899623477163424,-0.002095586985573447,-0.002464695886673161,0.15656401337468248,0.15680945739211263
DOCKSTRING-58,121,7502,7498,5844,6061,0,385.4230000000001,384.97750000000013,0.44549999999998136,0.02463907730766772,group_heldout_descriptor_adjusted_residual,0.9872558485352085,0.012744151464791464,0.05384150030248034,0.8241758241758241,28.396532574098316,28.374999317912387,-0.012069053049438956,-0.012339560051192588,0.10761445723319334,0.10774339895552079
DOCKSTRING-58,122,7498,7502,5886,6019,0,385.49850000000026,384.4765000000001,1.022000000000162,0.015667343336344414,raw,0.997638189418622,0.0023618105813779655,0.0018148820326678765,0.8863636363636364,2.2278221461964827,2.268305224187905,0.6216093690719571,0.6139456679806332,0.6278111739000991,0.6209111410396785
DOCKSTRING-58,122,7498,7502,5886,6019,0,385.49850000000026,384.4765000000001,1.022000000000162,0.015667343336344414,row_centered_residual,0.9942438890688474,0.0057561109311525804,0.03327283726557774,0.9080459770114943,18.10239328666227,17.69374429237108,-0.002386716422511151,-0.0021726063450715313,0.1552289289419298,0.15825989667016124
DOCKSTRING-58,122,7498,7502,5886,6019,0,385.49850000000026,384.4765000000001,1.022000000000162,0.015667343336344414,group_heldout_descriptor_adjusted_residual,0.9865793200943103,0.013420679905689736,0.047186932849364795,0.8757062146892656,28.369720910118026,28.40067500124766,-0.012247343159072,-0.012162310091495557,0.10756839356988789,0.10774787560981278
DOCKSTRING-58,123,7503,7497,5812,6093,0,385.9140000000001,384.3209999999999,1.5930000000001883,0.012493175332241386,raw,0.9975866390556017,0.0024133609443982573,0.007864488808227465,0.8757062146892656,2.1819528988661205,2.3213459952408666,0.6294538830617971,0.6053165862746571,0.6359407038500181,0.6122105919134995
DOCKSTRING-58,123,7503,7497,5812,6093,0,385.9140000000001,384.3209999999999,1.5930000000001883,0.012493175332241386,row_centered_residual,0.9941727871353758,0.005827212864624176,0.025408348457350273,0.9080459770114943,18.013586471316675,17.785321861496538,-0.0022771063633304934,-0.002281276976435609,0.15579398542063788,0.15761181460206003
DOCKSTRING-58,123,7503,7497,5812,6093,0,385.9140000000001,384.3209999999999,1.5930000000001883,0.012493175332241386,group_heldout_descriptor_adjusted_residual,0.9870708060323153,0.01292919396768466,0.056866303690260134,0.8444444444444444,28.379415503582422,28.414001635235444,-0.012257428559342452,-0.012154931273481266,0.10749639083948563,0.10779448684805305
DOCKSTRING-58,124,7476,7524,6020,5885,0,384.5015000000001,385.44500000000016,0.9435000000000855,0.009888101254156843,raw,0.9978710680440827,0.002128931955917346,0.003629764065335753,0.8342541436464088,2.282216004357282,2.2150572919831313,0.6112673939136478,0.6241407172675317,0.6187555480091417,0.6298532037941295
DOCKSTRING-58,124,7476,7524,6020,5885,0,384.5015000000001,385.44500000000016,0.9435000000000855,0.009888101254156843,row_centered_residual,0.994758630190459,0.005241369809541041,0.02661826981246219,0.8971428571428571,17.935820973910513,17.861998770550947,-0.0021507694483113827,-0.0024067512287207177,0.15686562770159101,0.1565405925308626
DOCKSTRING-58,124,7476,7524,6020,5885,0,384.5015000000001,385.44500000000016,0.9435000000000855,0.009888101254156843,group_heldout_descriptor_adjusted_residual,0.9883002488472025,0.011699751152797533,0.04295220810647308,0.8444444444444444,28.241281192114272,28.54654632491313,-0.012221624254232904,-0.012186196252802876,0.10819078791827651,0.10696878105447384
DOCKSTRING-58,125,7504,7496,5907,5998,0,386.37800000000004,384.31650000000013,2.06149999999991,0.017631862793063193,raw,0.9975921811912127,0.0024078188087872654,0.0012099213551119178,0.8651685393258427,2.257730813861968,2.238351947964317,0.6159563284995255,0.619559823882389,0.6225907392540004,0.6261034033848429
DOCKSTRING-58,125,7504,7496,5907,5998,0,386.37800000000004,384.31650000000013,2.06149999999991,0.017631862793063193,row_centered_residual,0.9943321275194287,0.005667872480571323,0.030248033877797943,0.9190751445086706,17.959551319090128,17.83118184684783,-0.0020703222666559637,-0.002482755968485205,0.1560880629475411,0.15747622195953132
DOCKSTRING-58,125,7504,7496,5907,5998,0,386.37800000000004,384.31650000000013,2.06149999999991,0.017631862793063193,group_heldout_descriptor_adjusted_residual,0.9873198806590631,0.012680119340936935,0.05263157894736842,0.8651685393258427,28.484243569447386,28.292620008723052,-0.01208508147825923,-0.012322470179181734,0.10729334650733748,0.10817820556409491
DOCKSTRING-58,126,7503,7497,6047,5858,0,384.457,385.83600000000007,1.379000000000076,0.02415104386416702,raw,0.9976185926821566,0.0023814073178434203,0.0012099213551119178,0.8444444444444444,2.25097867131942,2.244521661808121,0.6176660043845189,0.6179619414567807,0.6243937688578747,0.6243853139453878
DOCKSTRING-58,126,7503,7497,6047,5858,0,384.457,385.83600000000007,1.379000000000076,0.02415104386416702,row_centered_residual,0.9936102444299132,0.006389755570086808,0.028433151845130067,0.9302325581395349,18.107576708390177,17.680161795793754,-0.0028291275308817755,-0.001708903411544819,0.15518650526880673,0.15827105000954464
DOCKSTRING-58,126,7503,7497,6047,5858,0,384.457,385.83600000000007,1.379000000000076,0.02415104386416702,group_heldout_descriptor_adjusted_residual,0.9855586000578199,0.014441399942180078,0.05021173623714459,0.8547486033519553,28.467210882932367,28.295822138324333,-0.01245482051715308,-0.011955360464888019,0.10767543932912065,0.10776840732489801
DOCKSTRING-58,127,7501,7499,5891,6014,0,385.4490000000001,384.5200000000002,0.9289999999999168,0.019531555902783215,raw,0.997280198277314,0.002719801722686044,0.006049606775559589,0.8547486033519553,2.209115595249046,2.2899799775187475,0.6252266347870817,0.6098814591542371,0.6311819940515548,0.6172647461435541
DOCKSTRING-58,127,7501,7499,5891,6014,0,385.4490000000001,384.5200000000002,0.9289999999999168,0.019531555902783215,row_centered_residual,0.9948372748482831,0.005162725151716896,0.02238354506957048,0.8863636363636364,17.877684922276202,17.919228124642295,-0.0021911458681953683,-0.0023611099217504513,0.15583811781018048,0.15746033369455362
DOCKSTRING-58,127,7501,7499,5891,6014,0,385.4490000000001,384.5200000000002,0.9289999999999168,0.019531555902783215,group_heldout_descriptor_adjusted_residual,0.9879005668180671,0.01209943318193285,0.04597701149425287,0.8547486033519553,28.242079288627107,28.539695201612403,-0.012096194324956873,-0.01231367506622653,0.10796133268277838,0.10733996822172127
DOCKSTRING-58,128,7496,7504,5869,6036,0,386.39200000000005,384.308,2.08400000000006,0.014875310897866211,raw,0.9981316706317201,0.001868329368279853,0.004234724742891712,0.8757062146892656,2.219969176492736,2.276866169859613,0.6230824988059833,0.6123806270989722,0.6293249013743754,0.6193811288330308
DOCKSTRING-58,128,7496,7504,5869,6036,0,386.39200000000005,384.308,2.08400000000006,0.014875310897866211,row_centered_residual,0.9951166718114298,0.00488332818857018,0.027828191167574106,0.9080459770114943,17.945934915704772,17.856419076609328,-0.0021803049112727774,-0.002377427751388842,0.1564843431007551,0.156953135508134
DOCKSTRING-58,128,7496,7504,5869,6036,0,386.39200000000005,384.308,2.08400000000006,0.014875310897866211,group_heldout_descriptor_adjusted_residual,0.9876718700341461,0.012328129965853862,0.04779189352692075,0.8444444444444444,28.47454576490151,28.31323624211372,-0.011991892558161342,-0.012415055883933762,0.10752578644019131,0.1078186368170376
DOCKSTRING-58,129,7501,7499,6033,5872,0,384.4580000000001,385.82600000000014,1.3680000000000518,0.010080995734773257,raw,0.9981687147337452,0.0018312852662547563,0.006049606775559589,0.8547486033519553,2.309137745327961,2.1918758911659153,0.6066066390159143,0.6283293752761813,0.6141788526351897,0.6341249229443772
DOCKSTRING-58,129,7501,7499,6033,5872,0,384.4580000000001,385.82600000000014,1.3680000000000518,0.010080995734773257,row_centered_residual,0.9952298604995581,0.004770139500441917,0.02661826981246219,0.9415204678362573,17.7216875554673,18.082435869732087,-0.0022449029388736884,-0.0023119910429841226,0.15783664144713874,0.15555985293494426
DOCKSTRING-58,129,7501,7499,6033,5872,0,384.4580000000001,385.82600000000014,1.3680000000000518,0.010080995734773257,group_heldout_descriptor_adjusted_residual,0.9864553606402343,0.013544639359765687,0.05928614640048397,0.8444444444444444,28.327405537041194,28.446798299913972,-0.012323253306634621,-0.01208618281998819,0.10782211012326258,0.10769142020024662
DOCKSTRING-58,130,7500,7500,5922,5983,0,385.50250000000005,384.4815000000002,1.0209999999998445,0.0168,raw,0.9975600761256694,0.002439923874330563,0.0024198427102238356,0.8651685393258427,2.246541468476594,2.248972087835849,0.6179973831824694,0.6176393431755813,0.624608409544885,0.6241946804139112
DOCKSTRING-58,130,7500,7500,5922,5983,0,385.50250000000005,384.4815000000002,1.0209999999998445,0.0168,row_centered_residual,0.9944592007716522,0.005540799228347826,0.029643073200241985,0.8971428571428571,17.921296265906065,17.869787923773647,-0.0024379623462608795,-0.0021112381203314693,0.15650559076905457,0.15700047371160633
DOCKSTRING-58,130,7500,7500,5922,5983,0,385.50250000000005,384.4815000000002,1.0209999999998445,0.0168,group_heldout_descriptor_adjusted_residual,0.986984310458513,0.013015689541487019,0.0514216575922565,0.8241758241758241,28.39247774914413,28.37651453429361,-0.01234856290373971,-0.01206261958612786,0.10754096947081793,0.10776781520233632
DOCKSTRING-58,131,7500,7500,5898,6007,0,385.4470000000001,384.55250000000024,0.89449999999988,0.014,raw,0.9982996005289227,0.0017003994710772519,0.0024198427102238356,0.8547486033519553,2.2224842952880737,2.2738998108496893,0.6223024292980657,0.6132583336722293,0.6284565787390298,0.6202588018560102
DOCKSTRING-58,131,7500,7500,5898,6007,0,385.4470000000001,384.55250000000024,0.89449999999988,0.014,row_centered_residual,0.9948923561308755,0.005107643869124545,0.022988505747126436,0.8971428571428571,17.944592142586888,17.854176111768492,-0.002228406830219412,-0.0023304567808916906,0.156593468959097,0.15685436924421653
DOCKSTRING-58,131,7500,7500,5898,6007,0,385.4470000000001,384.55250000000024,0.89449999999988,0.014,group_heldout_descriptor_adjusted_residual,0.987654797280821,0.01234520271917905,0.0514216575922565,0.8342541436464088,28.371884549371334,28.414347683006074,-0.012087222143679313,-0.012319308206182985,0.10784072099725775,0.10757190496356361
DOCKSTRING-58,132,7500,7500,5926,5979,0,386.37300000000016,384.45700000000016,1.9159999999999968,0.020266666666666665,raw,0.9975771541926433,0.002422845807356744,0.006049606775559589,0.8241758241758241,2.204768696579036,2.2935393297204842,0.6253868431227025,0.60993343818454,0.6317895298031235,0.6168015340174626
DOCKSTRING-58,132,7500,7500,5926,5979,0,386.37300000000016,384.45700000000016,1.9159999999999968,0.020266666666666665,row_centered_residual,0.9942872510991959,0.005712748900804088,0.030248033877797943,0.9190751445086706,18.101991181807314,17.69500884395667,-0.0026208775818320337,-0.00192701991306577,0.1553322584743364,0.15812889532082117
DOCKSTRING-58,132,7500,7500,5926,5979,0,386.37300000000016,384.45700000000016,1.9159999999999968,0.020266666666666665,group_heldout_descriptor_adjusted_residual,0.9860620921850994,0.013937907814900563,0.0544464609800363,0.8757062146892656,28.35482718442764,28.41406156111536,-0.012310919220290163,-0.012095484731179227,0.10797601068949629,0.1074463131484063
DOCKSTRING-58,133,7410,7590,6027,5878,0,386.38050000000015,384.403,1.9775000000001342,0.011417644140756269,raw,0.9978891557043126,0.0021108442956874196,0.0054446460980036296,0.8863636363636364,2.30259803117672,2.2007765465380977,0.6091036972181351,0.625478509731814,0.6158183030313302,0.6320602641710397
DOCKSTRING-58,133,7410,7590,6027,5878,0,386.38050000000015,384.403,1.9775000000001342,0.011417644140756269,row_centered_residual,0.9946685266491784,0.005331473350821625,0.029038112522686024,0.9190751445086706,18.09128019988952,17.71251519277368,-0.002604878128749535,-0.0019504686011715812,0.15517386144621342,0.15821870115338899
DOCKSTRING-58,133,7410,7590,6027,5878,0,386.38050000000015,384.403,1.9775000000001342,0.011417644140756269,group_heldout_descriptor_adjusted_residual,0.9882826048766402,0.011717395123359786,0.047186932849364795,0.8342541436464088,28.505551999549613,28.286418214417807,-0.012322937207158354,-0.012088456253467593,0.10709264727454303,0.10820116482868215
DOCKSTRING-58,134,7501,7499,5839,6066,0,385.44500000000016,384.5050000000001,0.9400000000000546,0.013504444684523461,raw,0.9982468413108194,0.0017531586891805784,0.004234724742891712,0.8547486033519553,2.22283450207874,2.2743976614894095,0.6222525758898904,0.6131772255132723,0.6284721130380811,0.6201656369026993
DOCKSTRING-58,134,7501,7499,5839,6066,0,385.44500000000016,384.5050000000001,0.9400000000000546,0.013504444684523461,row_centered_residual,0.9943869218649901,0.005613078135009886,0.02601330913490623,0.9080459770114943,17.958513949572822,17.838082833027084,-0.0023757263748028137,-0.002189806033908611,0.15618269738971666,0.1572216962764989
DOCKSTRING-58,134,7501,7499,5839,6066,0,385.44500000000016,384.5050000000001,0.9400000000000546,0.013504444684523461,group_heldout_descriptor_adjusted_residual,0.9883262325894246,0.011673767410575353,0.04779189352692075,0.8757062146892656,28.337764344163666,28.447673490108574,-0.012207959264517917,-0.012201126250782924,0.10783985848163137,0.10742804791249444
DOCKSTRING-58,135,7606,7394,5928,5977,0,384.4355000000001,386.41650000000016,1.9810000000000514,0.017010260040565613,raw,0.9980279880611453,0.0019720119388546564,0.006049606775559589,0.8651685393258427,2.1873158546914695,2.3198465352656297,0.6285478781307904,0.6055513226490532,0.6346390783892977,0.6127885918454749
DOCKSTRING-58,135,7606,7394,5928,5977,0,384.4355000000001,386.41650000000016,1.9810000000000514,0.017010260040565613,row_centered_residual,0.9951223228768395,0.004877677123160451,0.02722323049001815,0.9415204678362573,17.917262347253764,17.889221480098993,-0.0024259683937814937,-0.0021292335379083835,0.15662141003737934,0.15674513216322739
DOCKSTRING-58,135,7606,7394,5928,5977,0,384.4355000000001,386.41650000000016,1.9810000000000514,0.017010260040565613,group_heldout_descriptor_adjusted_residual,0.9887974443007533,0.011202555699246664,0.03932244404113733,0.8547486033519553,28.25662517500771,28.546415058724598,-0.012144003025748642,-0.012274453676212913,0.10819789443659254,0.10696846136631674
DOCKSTRING-58,136,7494,7506,6055,5850,0,384.4445000000002,386.03700000000003,1.592499999999859,0.01575446341618992,raw,0.9972868137699655,0.00271318623003447,0.0024198427102238356,0.8863636363636364,2.2685262815885245,2.228338931763606,0.6142791512075754,0.621152723777526,0.6210271810787352,0.6276180461800146
DOCKSTRING-58,136,7494,7506,6055,5850,0,384.4445000000002,386.03700000000003,1.592499999999859,0.01575446341618992,row_centered_residual,0.9941533843470887,0.0058466156529113356,0.02601330913490623,0.9190751445086706,17.830382670642805,17.954338022762215,-0.0022242925921082484,-0.0023242343490360545,0.15705406875326472,0.15634975547682645
DOCKSTRING-58,136,7494,7506,6055,5850,0,384.4445000000002,386.03700000000003,1.592499999999859,0.01575446341618992,group_heldout_descriptor_adjusted_residual,0.9858797171338619,0.01412028286613809,0.04779189352692075,0.8342541436464088,28.409474011942596,28.338726354792474,-0.012318611321624802,-0.012097864975440367,0.10774235066433994,0.10759801856100434
DOCKSTRING-58,137,7620,7380,5935,5970,0,384.4760000000001,385.5115000000001,1.0355000000000132,0.01839297526833536,raw,0.9964665219062262,0.003533478093773801,0.004839685420447671,0.8444444444444444,2.1887481118097862,2.3166700809040592,0.6283188769859294,0.6060188440190344,0.6342972055676956,0.6133646555883867
DOCKSTRING-58,137,7620,7380,5935,5970,0,384.4760000000001,385.5115000000001,1.0355000000000132,0.01839297526833536,row_centered_residual,0.9933921005523426,0.006607899447657384,0.029038112522686024,0.8971428571428571,17.793389807151772,17.99885751146656,-0.0023987138317536315,-0.00215046950671776,0.15732703279465793,0.15616457065338352
DOCKSTRING-58,137,7620,7380,5935,5970,0,384.4760000000001,385.5115000000001,1.0355000000000132,0.01839297526833536,group_heldout_descriptor_adjusted_residual,0.9880066485010374,0.011993351498962634,0.044162129461584994,0.8444444444444444,28.44229508002006,28.355940819854073,-0.012149009773844609,-0.012262805490682465,0.1075291265988231,0.10767946479687462
DOCKSTRING-58,138,7497,7503,5870,6035,0,386.399,384.22900000000004,2.169999999999959,0.01603248256519721,raw,0.998032156618563,0.0019678433814369622,0.0024198427102238356,0.8547486033519553,2.22693510309829,2.2692309265164274,0.6217042941504201,0.6138630099179856,0.628101784511841,0.6206370491369028
DOCKSTRING-58,138,7497,7503,5870,6035,0,386.399,384.22900000000004,2.169999999999959,0.01603248256519721,row_centered_residual,0.994094145134376,0.005905854865624005,0.03206291591046582,0.8547486033519553,17.730671292657657,18.055538386015606,-0.0022224313451683756,-0.002332294306108067,0.1573854970183134,0.1561094476806602
DOCKSTRING-58,138,7497,7503,5870,6035,0,386.399,384.22900000000004,2.169999999999959,0.01603248256519721,group_heldout_descriptor_adjusted_residual,0.9863402856068118,0.01365971439318825,0.0514216575922565,0.8142076502732241,28.396689969167987,28.362149634189006,-0.01208085329821519,-0.012325814310945125,0.10734556485673762,0.10799307073308889
DOCKSTRING-58,139,7499,7501,5906,5999,0,385.4230000000001,384.7870000000001,0.6360000000000241,0.01714963586043797,raw,0.9981224966172115,0.0018775033827884702,0.0030248033877797943,0.8651685393258427,2.2296434892106136,2.266504678945312,0.6207983311385373,0.61477635594681,0.6273516714162753,0.6214072264299618
DOCKSTRING-58,139,7499,7501,5906,5999,0,385.4230000000001,384.7870000000001,0.6360000000000241,0.01714963586043797,row_centered_residual,0.9943082586093954,0.005691741390604577,0.030248033877797943,0.9080459770114943,18.04096159047223,17.757964983199606,-0.0022988200987522737,-0.0022608831336057853,0.15640714239206666,0.15716411981472067
DOCKSTRING-58,139,7499,7501,5906,5999,0,385.4230000000001,384.7870000000001,0.6360000000000241,0.01714963586043797,group_heldout_descriptor_adjusted_residual,0.9883975576961422,0.011602442303857763,0.04295220810647308,0.8651685393258427,28.46366911322939,28.32788695646151,-0.01220199940288529,-0.01220685447369394,0.10773278843273061,0.10748475195694243
DOCKSTRING-58,140,7499,7501,6135,5770,0,384.45400000000006,385.50800000000015,1.0540000000000873,0.013638613575797575,raw,0.997934058692789,0.00206594130721105,0.006049606775559589,0.8757062146892656,2.2997553372972543,2.2010713614927093,0.6091752991713199,0.6257924461791872,0.6160307958014946,0.6322307274125113
DOCKSTRING-58,140,7499,7501,6135,5770,0,384.45400000000006,385.50800000000015,1.0540000000000873,0.013638613575797575,row_centered_residual,0.9953950990336858,0.004604900966314163,0.02601330913490623,0.9529411764705882,17.76375238011288,18.043370330874705,-0.001963049335619701,-0.0025877986084722397,0.15754534846649584,0.15583827320640542
DOCKSTRING-58,140,7499,7501,6135,5770,0,384.45400000000006,385.50800000000015,1.0540000000000873,0.013638613575797575,group_heldout_descriptor_adjusted_residual,0.988305519986729,0.011694480013271003,0.049606775559588624,0.8757062146892656,28.441517631003727,28.363455534994426,-0.01226736793115742,-0.012144748492794327,0.1074709804787206,0.10782980749333165
DOCKSTRING-58,141,7503,7497,5906,5999,0,385.5480000000002,384.4390000000001,1.1090000000000941,0.01716458941300097,raw,0.9981066486599155,0.0018933513400845037,0.004234724742891712,0.8971428571428571,2.200163615918734,2.298729377324537,0.6260964400450254,0.6092033499357369,0.6325382542904607,0.615965260767864
DOCKSTRING-58,141,7503,7497,5906,5999,0,385.5480000000002,384.4390000000001,1.1090000000000941,0.01716458941300097,row_centered_residual,0.9947211716238341,0.005278828376165889,0.024803387779794312,0.8863636363636364,17.978490882534167,17.820176300704198,-0.00234344635896352,-0.0022150610167759152,0.1559855293141801,0.15742346501241375
DOCKSTRING-58,141,7503,7497,5906,5999,0,385.5480000000002,384.4390000000001,1.1090000000000941,0.01716458941300097,group_heldout_descriptor_adjusted_residual,0.9880061649590043,0.011993835040995715,0.0514216575922565,0.8651685393258427,28.113425899436738,28.674030385252774,-0.012149188488730363,-0.01225854957407326,0.10854110528794297,0.10676780518642916
DOCKSTRING-58,142,7498,7502,6042,5863,0,384.48000000000025,385.5110000000001,1.0309999999998354,0.023150757201831622,raw,0.997271800055518,0.002728199944482035,0.007259528130671506,0.8342541436464088,2.2799675376480697,2.2172092898215325,0.6110424824062979,0.6243202925063566,0.618726673240767,0.6299744747150898
DOCKSTRING-58,142,7498,7502,6042,5863,0,384.48000000000025,385.5110000000001,1.0309999999998354,0.023150757201831622,row_centered_residual,0.9937314381298324,0.006268561870167555,0.029038112522686024,0.8971428571428571,18.00581135712307,17.782365687440297,-0.0021707497076495696,-0.002379925802117583,0.15580520355811087,0.15775763411519508
DOCKSTRING-58,142,7498,7502,6042,5863,0,384.48000000000025,385.5110000000001,1.0309999999998354,0.023150757201831622,group_heldout_descriptor_adjusted_residual,0.9877098440246965,0.012290155975303474,0.05202661826981246,0.8757062146892656,28.71126751493862,28.076646015133907,-0.01232204793064733,-0.01208471663467841,0.10639578868640609,0.10888247517753666
DOCKSTRING-58,143,7495,7505,6032,5873,0,385.4110000000002,385.3720000000001,0.03900000000004411,0.01619334053037357,raw,0.9977329238047589,0.0022670761952411356,0.0030248033877797943,0.8757062146892656,2.2532385235242103,2.2423777137495082,0.6163472512875914,0.6192688583099932,0.6231985237054531,0.6256102607347667
DOCKSTRING-58,143,7495,7505,6032,5873,0,385.4110000000002,385.3720000000001,0.03900000000004411,0.01619334053037357,row_centered_residual,0.9943295583702744,0.005670441629725631,0.028433151845130067,0.9190751445086706,17.75977678433111,18.036786191463275,-0.0023220023341029338,-0.002238597012256015,0.157727796907935,0.15565197130900782
DOCKSTRING-58,143,7495,7505,6032,5873,0,385.4110000000002,385.3720000000001,0.03900000000004411,0.01619334053037357,group_heldout_descriptor_adjusted_residual,0.9885390415636843,0.011460958436315671,0.05021173623714459,0.8651685393258427,28.29204503963957,28.503940306485617,-0.012202850916792289,-0.012207057296385883,0.10817049875392308,0.1070893368369569
DOCKSTRING-58,144,7499,7501,6061,5844,0,384.4760000000001,385.9140000000001,1.4379999999999882,0.01631573362339082,raw,0.9980843685308485,0.0019156314691515242,0.006049606775559589,0.8757062146892656,2.2837954809023326,2.2139255607867656,0.6110742296364668,0.6242710763731955,0.6182112470325034,0.6303929714685638
DOCKSTRING-58,144,7499,7501,6061,5844,0,384.4760000000001,385.9140000000001,1.4379999999999882,0.01631573362339082,row_centered_residual,0.9952812434826438,0.004718756517356204,0.029038112522686024,0.9080459770114943,17.79147367903534,18.0090849878815,-0.0018994394164446697,-0.0026522402527748815,0.15752263132255687,0.1559132565026214
DOCKSTRING-58,144,7499,7501,6061,5844,0,384.4760000000001,385.9140000000001,1.4379999999999882,0.01631573362339082,group_heldout_descriptor_adjusted_residual,0.9884882723070253,0.011511727692974705,0.05202661826981246,0.8547486033519553,28.563453525253003,28.229376447391367,-0.012201472366269908,-0.01220988152142856,0.1070812621072937,0.10831086341501518
DOCKSTRING-58,145,7502,7498,6069,5836,0,384.4630000000001,385.86250000000007,1.399499999999989,0.016469121171137507,raw,0.9975983822192644,0.0024016177807355543,0.0024198427102238356,0.8651685393258427,2.280790105252781,2.2170614015054415,0.6125810687071466,0.622740168585566,0.6190644864288085,0.6294660962176774
DOCKSTRING-58,145,7502,7498,6069,5836,0,384.4630000000001,385.86250000000007,1.399499999999989,0.016469121171137507,row_centered_residual,0.9950486996170522,0.004951300382947776,0.029038112522686024,0.8863636363636364,17.96653965103915,17.83236248912231,-0.0019338803231599218,-0.00262106827058518,0.15660719870654452,0.15682975759777382
DOCKSTRING-58,145,7502,7498,6069,5836,0,384.4630000000001,385.86250000000007,1.399499999999989,0.016469121171137507,group_heldout_descriptor_adjusted_residual,0.987199518545168,0.012800481454832036,0.045372050816696916,0.8547486033519553,28.3243989989213,28.459183823583718,-0.01208258203493603,-0.012335254296320368,0.1079812183312004,0.10726617005378858
DOCKSTRING-58,146,7502,7498,5845,6060,0,386.3895000000001,384.3480000000002,2.041499999999928,0.018368570195098324,raw,0.9981189736681128,0.0018810263318872478,0.0054446460980036296,0.8547486033519553,2.1864668882233644,2.3161561777190145,0.6289635017355052,0.605808489237072,0.6351404392423525,0.6129462541711546
DOCKSTRING-58,146,7502,7498,5845,6060,0,386.3895000000001,384.3480000000002,2.041499999999928,0.018368570195098324,row_centered_residual,0.9955656485597054,0.004434351440294582,0.027828191167574106,0.8971428571428571,17.842528784873025,17.961201372800545,-0.002328604687383162,-0.002234331633744982,0.15719228164415425,0.1562456475290943
DOCKSTRING-58,146,7502,7498,5845,6060,0,386.3895000000001,384.3480000000002,2.041499999999928,0.018368570195098324,group_heldout_descriptor_adjusted_residual,0.988290333578698,0.011709666421302,0.04839685420447671,0.8547486033519553,28.04194757223225,28.75237898004924,-0.012016207396008137,-0.012392312036915057,0.10889688831963443,0.10639624519520872
DOCKSTRING-58,147,7500,7500,5889,6016,0,386.45000000000016,383.41950000000014,3.0305000000000177,0.018,raw,0.9973395464198253,0.0026604535801747486,0.0030248033877797943,0.8863636363636364,2.223538387538128,2.2735455247837937,0.6213013040869125,0.6141483148747817,0.6283072899513116,0.6203299357644437
DOCKSTRING-58,147,7500,7500,5889,6016,0,386.45000000000016,383.41950000000014,3.0305000000000177,0.018,row_centered_residual,0.9936957888605955,0.006304211139404492,0.02661826981246219,0.8863636363636364,17.93855953161065,17.85477308251601,-0.0020893444629615106,-0.0024702602115503946,0.1560883811783714,0.15733857086209768
DOCKSTRING-58,147,7500,7500,5889,6016,0,386.45000000000016,383.41950000000014,3.0305000000000177,0.018,group_heldout_descriptor_adjusted_residual,0.9862130795133702,0.013786920486629772,0.0514216575922565,0.8342541436464088,28.443036597682923,28.330114391773986,-0.01215389777375059,-0.01225592820595974,0.10712619252649866,0.1082138591900889
DOCKSTRING-58,148,7493,7507,5791,6114,0,385.3800000000001,385.39500000000015,0.015000000000043201,0.017128174920543485,raw,0.998085959968639,0.0019140400313609751,0.007259528130671506,0.8651685393258427,2.2034229901924722,2.2962702068776704,0.6264840513087292,0.6086060174330106,0.6320804526754064,0.6163415604765272
DOCKSTRING-58,148,7493,7507,5791,6114,0,385.3800000000001,385.39500000000015,0.015000000000043201,0.017128174920543485,row_centered_residual,0.9945780298978927,0.005421970102107321,0.028433151845130067,0.9302325581395349,18.009691957205895,17.790519159469053,-0.0024885416651970966,-0.002076730402975133,0.15637897499807218,0.15707449786810201
DOCKSTRING-58,148,7493,7507,5791,6114,0,385.3800000000001,385.39500000000015,0.015000000000043201,0.017128174920543485,group_heldout_descriptor_adjusted_residual,0.9884140167230407,0.011585983276959255,0.049606775559588624,0.8547486033519553,28.242017218577978,28.544937339883745,-0.012133395438246571,-0.012275528348371022,0.10843354740778961,0.10685865383039309
DOCKSTRING-58,149,7502,7498,5901,6004,0,385.8985,384.4570000000002,1.4414999999997917,0.01742969012833352,raw,0.9980952880789603,0.0019047119210396923,0.007259528130671506,0.9080459770114943,2.179781982595525,2.323930015093795,0.6300877896845968,0.604656339389688,0.6360562786020508,0.6120372894156604
DOCKSTRING-58,149,7502,7498,5901,6004,0,385.8985,384.4570000000002,1.4414999999997917,0.01742969012833352,row_centered_residual,0.9944172973378762,0.005582702662123795,0.030248033877797943,0.8971428571428571,18.069198236949898,17.72893506073242,-0.00240916752394236,-0.002146181309569611,0.15548929229143849,0.15798923685633498
DOCKSTRING-58,149,7502,7498,5901,6004,0,385.8985,384.4570000000002,1.4414999999997917,0.01742969012833352,group_heldout_descriptor_adjusted_residual,0.9863453574845114,0.013654642515488646,0.05323653962492438,0.8342541436464088,28.391408679827748,28.38095738726138,-0.012103870046217479,-0.012305753149890469,0.10757518441879362,0.10783327698130785
DOCKSTRING-58,150,7501,7499,6095,5810,0,384.35800000000035,386.3860000000001,2.027999999999736,0.013318098014543965,raw,0.9968850115949925,0.0031149884050074572,0.006049606775559589,0.8444444444444444,2.3209884042088103,2.182356137175474,0.6059194765940459,0.6288906223425105,0.6128752084672613,0.6352719615108536
DOCKSTRING-58,150,7501,7499,6095,5810,0,384.35800000000035,386.3860000000001,2.027999999999736,0.013318098014543965,row_centered_residual,0.9940324775842001,0.005967522415799897,0.02722323049001815,0.8651685393258427,17.953054762173362,17.829014198425032,-0.0024370424985714007,-0.002113185899253334,0.1563127507280119,0.1571577324609598
DOCKSTRING-58,150,7501,7499,6095,5810,0,384.35800000000035,386.3860000000001,2.027999999999736,0.013318098014543965,group_heldout_descriptor_adjusted_residual,0.9865438568027782,0.01345614319722177,0.050816696914700546,0.8651685393258427,28.360446085526263,28.414566392835425,-0.012370770660407506,-0.01204222197102521,0.1076784927727915,0.107621174411744
DOCKSTRING-58,151,7500,7500,5844,6061,0,385.48250000000013,384.4815000000002,1.0009999999999195,0.014133333333333333,raw,0.997949943845626,0.002050056154374036,0.0030248033877797943,0.8651685393258427,2.224632379535452,2.2719851221971514,0.6209476434699286,0.6145644276115273,0.6280589737296615,0.6206255753660623
DOCKSTRING-58,151,7500,7500,5844,6061,0,385.48250000000013,384.4815000000002,1.0009999999999195,0.014133333333333333,row_centered_residual,0.9947502585369067,0.005249741463093316,0.025408348457350273,0.9190751445086706,17.891112421444294,17.904516520299172,-0.002024655702421044,-0.0025272935065819777,0.15645191379233503,0.15703864894392128
DOCKSTRING-58,151,7500,7500,5844,6061,0,385.48250000000013,384.4815000000002,1.0009999999999195,0.014133333333333333,group_heldout_descriptor_adjusted_residual,0.9881870946977911,0.01181290530220891,0.050816696914700546,0.8444444444444444,28.628703283375994,28.161804182781815,-0.012163606864834139,-0.01224348324756642,0.1069075508881496,0.10839407916859285
DOCKSTRING-58,152,7500,7500,5883,6022,0,385.4545000000001,384.5635000000001,0.8910000000000196,0.017733333333333334,raw,0.9976675924937931,0.0023324075062068905,0.006049606775559589,0.8863636363636364,2.2108462753831106,2.287293807183247,0.6242673492071498,0.6110541986424177,0.6306650812535775,0.6179055314866102
DOCKSTRING-58,152,7500,7500,5883,6022,0,385.4545000000001,384.5635000000001,0.8910000000000196,0.017733333333333334,row_centered_residual,0.994272019525151,0.005727980474849015,0.025408348457350273,0.9190751445086706,17.835765359108063,17.958491780350812,-0.002044924592271974,-0.0025089788965594866,0.15705171059596712,0.15636853172021242
DOCKSTRING-58,152,7500,7500,5883,6022,0,385.4545000000001,384.5635000000001,0.8910000000000196,0.017733333333333334,group_heldout_descriptor_adjusted_residual,0.9887180796435281,0.011281920356471908,0.05263157894736842,0.8651685393258427,28.298534661294386,28.49595879527661,-0.012118205404122978,-0.012290442750360933,0.10813451213593817,0.10723089595076091
DOCKSTRING-58,153,7502,7498,6059,5846,0,384.43700000000007,386.40300000000013,1.966000000000065,0.01706826788041016,raw,0.9977145970303366,0.002285402969663397,0.0030248033877797943,0.8547486033519553,2.261738917817566,2.2343012388743664,0.6153669949235192,0.6201884117449193,0.6218737868527092,0.6268735212115388
DOCKSTRING-58,153,7502,7498,6059,5846,0,384.43700000000007,386.40300000000013,1.966000000000065,0.01706826788041016,row_centered_residual,0.99519369846322,0.004806301536779967,0.028433151845130067,0.9190751445086706,17.88546459652008,17.916157939821282,-0.002244468057947941,-0.002303820873851068,0.15700333578746037,0.15644374438491282
DOCKSTRING-58,153,7502,7498,6059,5846,0,384.43700000000007,386.40300000000013,1.966000000000065,0.01706826788041016,group_heldout_descriptor_adjusted_residual,0.9893503533610936,0.01064964663890644,0.047186932849364795,0.8547486033519553,28.389510309923224,28.409435885741125,-0.012157751004900073,-0.012244250291593638,0.10796285226447618,0.1072987336538663
DOCKSTRING-58,154,7504,7496,6061,5844,0,384.45700000000016,385.5080000000001,1.0509999999999309,0.020249036870837154,raw,0.9980456400021803,0.001954359997819677,0.003629764065335753,0.8863636363636364,2.26827884995535,2.2281430713625037,0.6141028462343457,0.6213964801366061,0.6210926302505544,0.6276248604388883
DOCKSTRING-58,154,7504,7496,6061,5844,0,384.45700000000016,385.5080000000001,1.0509999999999309,0.020249036870837154,row_centered_residual,0.9947307016528066,0.005269298347193363,0.027828191167574106,0.9080459770114943,18.00244615005849,17.802454262690993,-0.002459693490071348,-0.002109307259999814,0.1565585135124266,0.1567976787517027
DOCKSTRING-58,154,7504,7496,6061,5844,0,384.45700000000016,385.5080000000001,1.0509999999999309,0.020249036870837154,group_heldout_descriptor_adjusted_residual,0.9875500121281374,0.012449987871862578,0.04839685420447671,0.8342541436464088,28.50996174690535,28.27847623442213,-0.012426920706319778,-0.011985061106129647,0.10764745181462779,0.10767624612625554
DOCKSTRING-58,155,7500,7500,5875,6030,0,386.21950000000004,384.45750000000015,1.7619999999998868,0.012666666666666666,raw,0.9979790759247126,0.0020209240752874225,0.0054446460980036296,0.8757062146892656,2.2111203654342577,2.287247655562499,0.6252819840869792,0.6099429599501576,0.6311526130253996,0.6173166437888976
DOCKSTRING-58,155,7500,7500,5875,6030,0,386.21950000000004,384.45750000000015,1.7619999999998868,0.012666666666666666,row_centered_residual,0.9946398249756379,0.005360175024362146,0.02601330913490623,0.9190751445086706,18.093161940092465,17.70568029746352,-0.0027983595819229034,-0.001747228968509802,0.15520254282827126,0.15823347624080855
DOCKSTRING-58,155,7500,7500,5875,6030,0,386.21950000000004,384.45750000000015,1.7619999999998868,0.012666666666666666,group_heldout_descriptor_adjusted_residual,0.9889303227141993,0.011069677285800661,0.04476709013914096,0.8651685393258427,28.54788415331307,28.25156108415039,-0.012247053010152957,-0.012160799772797928,0.10741114888112256,0.1078405698776495
DOCKSTRING-58,156,7498,7502,5999,5906,0,385.0845000000001,385.4195000000002,0.3350000000000932,0.016465245615306354,raw,0.9979001496435064,0.0020998503564936266,0.0054446460980036296,0.8757062146892656,2.2629056183612706,2.2332507041144543,0.6153024718331506,0.6202457591110488,0.621923833905613,0.6268552967479996
DOCKSTRING-58,156,7498,7502,5999,5906,0,385.0845000000001,385.4195000000002,0.3350000000000932,0.016465245615306354,row_centered_residual,0.9941727844785514,0.005827215521448603,0.030248033877797943,0.9080459770114943,17.836482143549087,17.958732892580006,-0.0023664800410502064,-0.0021953459771498107,0.15674040373054035,0.15671147220760484
DOCKSTRING-58,156,7498,7502,5999,5906,0,385.0845000000001,385.4195000000002,0.3350000000000932,0.016465245615306354,group_heldout_descriptor_adjusted_residual,0.9861863306057328,0.013813669394267203,0.0544464609800363,0.8241758241758241,28.532420418966925,28.245660736759884,-0.012252413406534402,-0.012159404892787608,0.10698745835430938,0.10835379282060668
DOCKSTRING-58,157,7498,7502,6059,5846,0,384.53050000000013,385.4860000000001,0.9554999999999723,0.017327894565539168,raw,0.9975585856472047,0.0024414143527953236,0.004234724742891712,0.8757062146892656,2.2528297301938816,2.242855243527516,0.6166033250278319,0.619013231878741,0.6230751457526957,0.6257516114293633
DOCKSTRING-58,157,7498,7502,6059,5846,0,384.53050000000013,385.4860000000001,0.9554999999999723,0.017327894565539168,row_centered_residual,0.9946522509431607,0.005347749056839324,0.02601330913490623,0.9190751445086706,17.78303245848423,18.013831929529385,-0.0019355453242154974,-0.0026243232696452224,0.15761099347840235,0.1558681264112889
DOCKSTRING-58,157,7498,7502,6059,5846,0,384.53050000000013,385.4860000000001,0.9554999999999723,0.017327894565539168,group_heldout_descriptor_adjusted_residual,0.9880011276200212,0.011998872379978764,0.0514216575922565,0.8043478260869565,28.459684991482597,28.32423382156521,-0.012221250196267847,-0.01219127211857765,0.10715483285096214,0.10822659597566202
DOCKSTRING-58,158,7503,7497,6044,5861,0,384.86700000000025,385.44100000000003,0.5739999999997849,0.016673282667725227,raw,0.9978139569476808,0.0021860430523191754,0.004839685420447671,0.8547486033519553,2.285659903357757,2.21178523488443,0.6109271495019696,0.6244820642538333,0.6178332860437539,0.6308337216757347
DOCKSTRING-58,158,7503,7497,6044,5861,0,384.86700000000025,385.44100000000003,0.5739999999997849,0.016673282667725227,row_centered_residual,0.9947830809450267,0.005216919054973346,0.025408348457350273,0.8757062146892656,17.831394790231688,17.967912558846386,-0.00222827193410004,-0.002331792312576877,0.15733195706984565,0.1560132192622061
DOCKSTRING-58,158,7503,7497,6044,5861,0,384.86700000000025,385.44100000000003,0.5739999999997849,0.016673282667725227,group_heldout_descriptor_adjusted_residual,0.988518910805523,0.01148108919447699,0.049606775559588624,0.8547486033519553,28.560526969847004,28.227658738767342,-0.012324084065550547,-0.012090085651513947,0.10723924881481635,0.10800560896291156
DOCKSTRING-58,159,7500,7500,5882,6023,0,386.03700000000003,384.4575000000001,1.579499999999939,0.02266666666666667,raw,0.9979498561704222,0.0020501438295777996,0.003629764065335753,0.8757062146892656,2.2324770429617384,2.263392391883279,0.6203679233109184,0.6152139562867563,0.6271758258474849,0.6215855892160181
DOCKSTRING-58,159,7500,7500,5882,6023,0,386.03700000000003,384.4575000000001,1.579499999999939,0.02266666666666667,row_centered_residual,0.994473473232104,0.005526526767896001,0.022988505747126436,0.9080459770114943,18.01165849191262,17.787035111762187,-0.0022113866118796464,-0.002340305310396649,0.15566890098311975,0.15768594941953967
DOCKSTRING-58,159,7500,7500,5882,6023,0,386.03700000000003,384.4575000000001,1.579499999999939,0.02266666666666667,group_heldout_descriptor_adjusted_residual,0.9856370002878031,0.0143629997121969,0.05202661826981246,0.8142076502732241,28.570141851445182,28.198575881628518,-0.012099427640631983,-0.012307924803922083,0.10724855179684999,0.10817971661077835
DOCKSTRING-58,160,7500,7500,6062,5843,0,384.4760000000001,385.5405000000001,1.0645000000000095,0.0144,raw,0.997638582628627,0.0023614173713729647,0.006654567453115548,0.8757062146892656,2.292614714849,2.2060361731742617,0.6099519655063103,0.6253335091335002,0.6168340498569636,0.63176414540715
DOCKSTRING-58,160,7500,7500,6062,5843,0,384.4760000000001,385.5405000000001,1.0645000000000095,0.0144,row_centered_residual,0.9939848114983915,0.006015188501608537,0.027828191167574106,0.9190751445086706,17.942677509256953,17.851506584010504,-0.0024227500921675765,-0.002134612616549895,0.1564462013075463,0.1570072425868607
DOCKSTRING-58,160,7500,7500,6062,5843,0,384.4760000000001,385.5405000000001,1.0645000000000095,0.0144,group_heldout_descriptor_adjusted_residual,0.9871086126429311,0.01289138735706885,0.05021173623714459,0.8043478260869565,28.341708438264472,28.44189685075371,-0.01236818369954531,-0.012041335576048287,0.10753426002300212,0.10765885103908057
DOCKSTRING-58,161,7491,7509,5844,6061,0,386.43100000000004,383.49200000000013,2.9389999999999077,0.022179605271964924,raw,0.9976507322864167,0.0023492677135833473,0.003629764065335753,0.8757062146892656,2.2193345042996944,2.2779140425507873,0.6231103272305323,0.6123093155663247,0.6293045281855928,0.6193440782767878
DOCKSTRING-58,161,7491,7509,5844,6061,0,386.43100000000004,383.49200000000013,2.9389999999999077,0.022179605271964924,row_centered_residual,0.993968464058116,0.006031535941883992,0.030248033877797943,0.8863636363636364,17.9172642518408,17.877773871468076,-0.002624946050284689,-0.0019198290178929188,0.1564257178706266,0.15707665778149454
DOCKSTRING-58,161,7491,7509,5844,6061,0,386.43100000000004,383.49200000000013,2.9389999999999077,0.022179605271964924,group_heldout_descriptor_adjusted_residual,0.9863315419978493,0.013668458002150663,0.055051421657592255,0.8547486033519553,28.199319555822292,28.57181950711298,-0.012196689727104037,-0.012208280886378198,0.10814910951040017,0.10727911872657876
DOCKSTRING-58,162,7502,7498,6000,5905,0,384.45750000000015,385.5095000000001,1.051999999999964,0.021134045947309932,raw,0.9976805737376068,0.0023194262623932316,0.004234724742891712,0.8651685393258427,2.290195243034516,2.2080804028459475,0.6110617864129517,0.6242274950938442,0.6174075662664666,0.6311079047013471
DOCKSTRING-58,162,7502,7498,6000,5905,0,384.45750000000015,385.5095000000001,1.051999999999964,0.021134045947309932,row_centered_residual,0.9943031149974382,0.0056968850025618245,0.025408348457350273,0.9302325581395349,17.8528225445183,17.93847395014622,-0.002690698887832521,-0.0018419729749274362,0.15689803535141716,0.15659170964481092
DOCKSTRING-58,162,7502,7498,6000,5905,0,384.45750000000015,385.5095000000001,1.051999999999964,0.021134045947309932,group_heldout_descriptor_adjusted_residual,0.9870899537654644,0.012910046234535622,0.04839685420447671,0.8651685393258427,28.266174774769038,28.51022907813873,-0.012336843698669293,-0.012076157253814343,0.10795962618095477,0.1073886758217736
DOCKSTRING-58,163,7420,7580,6086,5819,0,385.5095000000001,384.49050000000017,1.0189999999999486,0.01400372664623175,raw,0.9975914532213387,0.0024085467786613135,0.003629764065335753,0.8757062146892656,2.3058027979916216,2.1978472362705967,0.6085421114430113,0.6260641159661058,0.6155196900088211,0.6322911741306806
DOCKSTRING-58,163,7420,7580,6086,5819,0,385.5095000000001,384.49050000000017,1.0189999999999486,0.01400372664623175,row_centered_residual,0.9946362967128901,0.005363703287109889,0.029643073200241985,0.9190751445086706,18.16573154783866,17.64463577325615,-0.002522648848889888,-0.0020337695235886624,0.15503375303116856,0.15840643519384293
DOCKSTRING-58,163,7420,7580,6086,5819,0,385.5095000000001,384.49050000000017,1.0189999999999486,0.01400372664623175,group_heldout_descriptor_adjusted_residual,0.9893093771590186,0.010690622840981434,0.04839685420447671,0.8863636363636364,28.61429469548681,28.190472887822686,-0.012288493025755153,-0.012119501117653824,0.1067955887278617,0.10846438196550945
DOCKSTRING-58,164,7500,7500,6006,5899,0,384.3730000000002,386.3225000000002,1.9495000000000005,0.02,raw,0.9979833082459151,0.0020166917540849205,0.006654567453115548,0.8444444444444444,2.27692940387049,2.2202846211105625,0.6118678298504913,0.6234828487587183,0.6191546775875015,0.6295693455815735
DOCKSTRING-58,164,7500,7500,6006,5899,0,384.3730000000002,386.3225000000002,1.9495000000000005,0.02,row_centered_residual,0.9943447793170218,0.00565522068297819,0.030248033877797943,0.8971428571428571,17.674514592509517,18.1183505500264,-0.0022094168565141973,-0.002355369613662414,0.15814245044830905,0.15533526840009249
DOCKSTRING-58,164,7500,7500,6006,5899,0,384.3730000000002,386.3225000000002,1.9495000000000005,0.02,group_heldout_descriptor_adjusted_residual,0.9879960052626588,0.01200399473734115,0.05263157894736842,0.8547486033519553,28.474419326082433,28.31866381615145,-0.012342576624940808,-0.01207379147593749,0.10732034085356555,0.10804419068725986
DOCKSTRING-58,165,7499,7501,5954,5951,0,384.4800000000002,385.826,1.345999999999833,0.013704533576969486,raw,0.9982007879173961,0.0017992120826039182,0.003629764065335753,0.8757062146892656,2.2639175152830395,2.2325072050364283,0.6147082096041768,0.6208042285255176,0.621874234258456,0.6268035152179476
DOCKSTRING-58,165,7499,7501,5954,5951,0,384.4800000000002,385.826,1.345999999999833,0.013704533576969486,row_centered_residual,0.9959313684030713,0.004068631596928718,0.02117362371445856,0.9080459770114943,17.855669723853104,17.954527187063356,-0.0020604042079462918,-0.0025019002899549004,0.15696168409562353,0.15634273739900534
DOCKSTRING-58,165,7499,7501,5954,5951,0,384.4800000000002,385.826,1.345999999999833,0.013704533576969486,group_heldout_descriptor_adjusted_residual,0.9896169125489418,0.010383087451058204,0.047186932849364795,0.8547486033519553,28.620730645647633,28.19014587963892,-0.012311432244505139,-0.012094004139277203,0.10671595405075864,0.10854314353888822
DOCKSTRING-58,166,7501,7499,6051,5854,0,385.4190000000001,385.3300000000001,0.08899999999999864,0.015014382489144577,raw,0.998007078853447,0.0019929211465530283,0.0054446460980036296,0.8444444444444444,2.2806684806766278,2.2172899534408543,0.612184749621988,0.6231294657955289,0.6189015065776654,0.6296757513501108
DOCKSTRING-58,166,7501,7499,6051,5854,0,385.4190000000001,385.3300000000001,0.08899999999999864,0.015014382489144577,row_centered_residual,0.9954274777521379,0.0045725222478620875,0.02722323049001815,0.9080459770114943,17.91496357709067,17.886291198788523,-0.0022913945598555833,-0.0022604819135363615,0.1567977888418365,0.15657874722365403
DOCKSTRING-58,166,7501,7499,6051,5854,0,385.4190000000001,385.3300000000001,0.08899999999999864,0.015014382489144577,group_heldout_descriptor_adjusted_residual,0.9894747671321347,0.01052523286786533,0.047186932849364795,0.8757062146892656,28.383810179534596,28.41679115915574,-0.012229566173872053,-0.012178446056468372,0.107646863420376,0.10766668615413469
DOCKSTRING-58,167,7573,7427,5868,6037,0,384.8480000000001,385.41600000000017,0.5680000000000405,0.00951843064385602,raw,0.9979365268826176,0.0020634731173824195,0.004234724742891712,0.8342541436464088,2.1998757655762375,2.3028617577020167,0.6257097756373117,0.6090073146899951,0.6322440697179952,0.6157380753765612
DOCKSTRING-58,167,7573,7427,5868,6037,0,384.8480000000001,385.41600000000017,0.5680000000000405,0.00951843064385602,row_centered_residual,0.9940969719954931,0.005903028004506927,0.02601330913490623,0.8757062146892656,18.009190709917434,17.77920250019875,-0.002651231358267922,-0.0018971043016519497,0.1564608949952207,0.15695604105902392
DOCKSTRING-58,167,7573,7427,5868,6037,0,384.8480000000001,385.41600000000017,0.5680000000000405,0.00951843064385602,group_heldout_descriptor_adjusted_residual,0.988807718240546,0.01119228175945397,0.047186932849364795,0.8444444444444444,28.475087313701593,28.31828223393223,-0.012167659323085474,-0.01224375663669474,0.10732777071217779,0.10802218296051111
DOCKSTRING-58,168,7504,7496,5898,6007,0,385.6870000000001,384.4760000000001,1.2110000000000127,0.017334476041806518,raw,0.9973772573847642,0.0026227426152357625,0.003629764065335753,0.8547486033519553,2.2576814813042523,2.2382700724324236,0.6160811079837967,0.6194581896314385,0.6229424130806533,0.6257825192691974
DOCKSTRING-58,168,7504,7496,5898,6007,0,385.6870000000001,384.4760000000001,1.2110000000000127,0.017334476041806518,row_centered_residual,0.9946756363111607,0.005324363688839262,0.02601330913490623,0.8971428571428571,18.074095545160144,17.718126155090886,-0.0022698559598221353,-0.0022819302684172838,0.15534642343348742,0.1581258504639557
DOCKSTRING-58,168,7504,7496,5898,6007,0,385.6870000000001,384.4760000000001,1.2110000000000127,0.017334476041806518,group_heldout_descriptor_adjusted_residual,0.9869721634575479,0.013027836542452098,0.04839685420447671,0.8863636363636364,28.73417062716435,28.045597924916287,-0.012182922901820823,-0.012224073754425491,0.10678652718737594,0.1086071206722287
DOCKSTRING-58,169,7502,7498,6071,5834,0,384.403,385.8745000000001,1.4715000000001055,0.018982365794301567,raw,0.9969384934693211,0.003061506530678937,0.007259528130671506,0.8444444444444444,2.3149493117307967,2.1875143945249813,0.6068396688432371,0.6280251768502436,0.6135692376701615,0.6346301766321681
DOCKSTRING-58,169,7502,7498,6071,5834,0,384.403,385.8745000000001,1.4715000000001055,0.018982365794301567,row_centered_residual,0.9933608217591747,0.006639178240825272,0.027828191167574106,0.9080459770114943,17.790289453146798,17.997482528322276,-0.0024150492445253915,-0.0021325840885394517,0.15762561914213935,0.15589011272894526
DOCKSTRING-58,169,7502,7498,6071,5834,0,384.403,385.8745000000001,1.4715000000001055,0.018982365794301567,group_heldout_descriptor_adjusted_residual,0.9884321867448258,0.011567813255174197,0.04839685420447671,0.8444444444444444,28.268102139313388,28.52970905692393,-0.012325582911882009,-0.01208223842938151,0.10828246096032977,0.10700234850940503
DOCKSTRING-58,170,7502,7498,6020,5885,0,384.47050000000013,385.52250000000015,1.052000000000021,0.016595378957893616,raw,0.9978163082372379,0.002183691762762119,0.0030248033877797943,0.8863636363636364,2.288830240522825,2.208601299844148,0.6111310160766618,0.6243380090039455,0.6175518611729347,0.6311009481550213
DOCKSTRING-58,170,7502,7498,6020,5885,0,384.47050000000013,385.52250000000015,1.052000000000021,0.016595378957893616,row_centered_residual,0.994914580466631,0.005085419533369051,0.02661826981246219,0.8971428571428571,17.707912746395845,18.09408913821651,-0.002328237738815818,-0.0022237261824545698,0.15789196107660564,0.15549950725963596
DOCKSTRING-58,170,7502,7498,6020,5885,0,384.47050000000013,385.52250000000015,1.052000000000021,0.016595378957893616,group_heldout_descriptor_adjusted_residual,0.9870909500745986,0.012909049925401428,0.050816696914700546,0.8547486033519553,28.279878741419385,28.49174165193973,-0.012181967569746554,-0.012233907744614766,0.10807622612179801,0.10719230960532652
DOCKSTRING-58,171,7496,7504,6073,5832,0,384.48000000000025,385.5405000000001,1.0604999999998768,0.017898387313319056,raw,0.9971992926619612,0.0028007073380388325,0.008469449485783424,0.8444444444444444,2.2786219267849805,2.217909556615788,0.6107028622692652,0.6247234717847567,0.6186838791638071,0.6301401887861657
DOCKSTRING-58,171,7496,7504,6073,5832,0,384.48000000000025,385.5405000000001,1.0604999999998768,0.017898387313319056,row_centered_residual,0.9940151710303315,0.005984828969668454,0.027828191167574106,0.8757062146892656,17.67159181682417,18.127143166088256,-0.001957123046708742,-0.0025932298802576323,0.1583310941075992,0.15508237627908986
DOCKSTRING-58,171,7496,7504,6073,5832,0,384.48000000000025,385.5405000000001,1.0604999999998768,0.017898387313319056,group_heldout_descriptor_adjusted_residual,0.9874853583073832,0.012514641692616846,0.05021173623714459,0.8444444444444444,28.322561281434794,28.460546122804736,-0.012368726214270716,-0.01204345223820841,0.1077912586898777,0.10753967153278841
DOCKSTRING-58,172,7504,7496,5876,6029,0,386.34050000000013,384.4785000000001,1.8620000000000232,0.015731204474653718,raw,0.9978166243993365,0.0021833756006635063,0.006654567453115548,0.8863636363636364,2.214615395820076,2.282692503523054,0.6239955031716347,0.6114108215610392,0.6304920084852453,0.6182030584421274
DOCKSTRING-58,172,7504,7496,5876,6029,0,386.34050000000013,384.4785000000001,1.8620000000000232,0.015731204474653718,row_centered_residual,0.994633371549272,0.005366628450727995,0.027828191167574106,0.9080459770114943,17.938281825495885,17.86251421162941,-0.002261603685118732,-0.0022988278420236264,0.1561597947188196,0.15727418491399234
DOCKSTRING-58,172,7504,7496,5876,6029,0,386.34050000000013,384.4785000000001,1.8620000000000232,0.015731204474653718,group_heldout_descriptor_adjusted_residual,0.9883596687239714,0.011640331276028593,0.055051421657592255,0.8863636363636364,28.311558538257188,28.484258706086116,-0.012085704089701256,-0.01232268696796178,0.10797707517721275,0.10737380476006432
DOCKSTRING-58,173,7500,7500,5815,6090,0,385.8605000000002,384.4630000000001,1.3975000000000932,0.0144,raw,0.9975666251977122,0.00243337480228778,0.0018148820326678765,0.8757062146892656,2.2219674109525362,2.275039582864131,0.621459655040639,0.6140041651620939,0.6283244832651649,0.6202989357757959
DOCKSTRING-58,173,7500,7500,5815,6090,0,385.8605000000002,384.4630000000001,1.3975000000000932,0.0144,row_centered_residual,0.9944068799295682,0.0055931200704317785,0.027828191167574106,0.8863636363636364,17.891143785297622,17.897832805154735,-0.0019636696204611537,-0.0025870168701284915,0.15679554584576885,0.15666087348904945
DOCKSTRING-58,173,7500,7500,5815,6090,0,385.8605000000002,384.4630000000001,1.3975000000000932,0.0144,group_heldout_descriptor_adjusted_residual,0.9874029383021461,0.012597061697853906,0.0514216575922565,0.8444444444444444,28.509897722624128,28.257917468051204,-0.01212889468132041,-0.012281973491169546,0.10736585004940301,0.10801622202681979
DOCKSTRING-58,174,7499,7501,6116,5789,0,383.47300000000007,386.45500000000004,2.981999999999971,0.016552800294272006,raw,0.9971295882181019,0.0028704117818980635,0.004839685420447671,0.8547486033519553,2.2914021318855293,2.207259842619278,0.6104670414547563,0.6248183825705578,0.6176116220996708,0.6308980694261191
DOCKSTRING-58,174,7499,7501,6116,5789,0,383.47300000000007,386.45500000000004,2.981999999999971,0.016552800294272006,row_centered_residual,0.9943360011693426,0.00566399883065738,0.029643073200241985,0.9190751445086706,17.905690976575265,17.886780955486447,-0.002321132134234535,-0.002233942700528798,0.15682817839247948,0.15660640506057275
DOCKSTRING-58,174,7499,7501,6116,5789,0,383.47300000000007,386.45500000000004,2.981999999999971,0.016552800294272006,group_heldout_descriptor_adjusted_residual,0.987767680434148,0.012232319565852023,0.04658197217180883,0.8547486033519553,28.133872919432914,28.656359247978205,-0.012297582022806692,-0.012109791566832976,0.1088642189468681,0.10631692251709418
DOCKSTRING-58,175,7608,7392,6014,5891,0,384.4815000000002,385.5025000000001,1.0209999999999013,0.014634714654430742,raw,0.9974177101924406,0.002582289807559368,0.003629764065335753,0.8757062146892656,2.2196952431967896,2.278424244251531,0.6227313061675858,0.6125383926081255,0.6292408480472694,0.6192135699184844
DOCKSTRING-58,175,7608,7392,6014,5891,0,384.4815000000002,385.5025000000001,1.0209999999999013,0.014634714654430742,row_centered_residual,0.9939427619392758,0.006057238060724224,0.028433151845130067,0.9415204678362573,17.81923552092923,17.973578428813852,-0.002531822098563178,-0.0020096065103971665,0.15719185697462534,0.15627500008104217
DOCKSTRING-58,175,7608,7392,6014,5891,0,384.4815000000002,385.5025000000001,1.0209999999999013,0.014634714654430742,group_heldout_descriptor_adjusted_residual,0.9882970633147972,0.011702936685202836,0.04295220810647308,0.8342541436464088,28.379974206020925,28.402713509027183,-0.012273446380076996,-0.012130907083435952,0.10748107933608728,0.10774042855065605
DOCKSTRING-58,176,7505,7495,6080,5825,0,384.45400000000006,386.235,1.780999999999949,0.01990623106943603,raw,0.9979423453279619,0.0020576546720381117,0.007259528130671506,0.8863636363636364,2.293418592566734,2.205222569704212,0.6089112486773698,0.6263147159435525,0.61667482360128,0.632001234307889
DOCKSTRING-58,176,7505,7495,6080,5825,0,384.45400000000006,386.235,1.780999999999949,0.01990623106943603,row_centered_residual,0.994834647248993,0.005165352751007046,0.029038112522686024,0.9190751445086706,17.740159074709194,18.057680494883783,-0.002118633623249427,-0.002442483762068764,0.15729370385899336,0.15612396918796473
DOCKSTRING-58,176,7505,7495,6080,5825,0,384.45400000000006,386.235,1.780999999999949,0.01990623106943603,group_heldout_descriptor_adjusted_residual,0.9864171475354918,0.013582852464508188,0.0514216575922565,0.8547486033519553,28.584722110583776,28.185709217587295,-0.012476496675772948,-0.011934986332232028,0.10701705331959957,0.1083990015699166
DOCKSTRING-58,177,7499,7501,5823,6082,0,385.5480000000002,384.47700000000003,1.07100000000014,0.02155996482773271,raw,0.9979510172026665,0.002048982797333454,0.003629764065335753,0.8547486033519553,2.221088599723325,2.27560253359897,0.6221050621796396,0.6134106261723258,0.6287920351666172,0.6199187912077395
DOCKSTRING-58,177,7499,7501,5823,6082,0,385.5480000000002,384.47700000000003,1.07100000000014,0.02155996482773271,row_centered_residual,0.994285686229649,0.005714313770351032,0.03327283726557774,0.8863636363636364,17.94071847303751,17.8541648096405,-0.002009776460844939,-0.0025449581010453222,0.15659541351927675,0.15686851827121137
DOCKSTRING-58,177,7499,7501,5823,6082,0,385.5480000000002,384.47700000000003,1.07100000000014,0.02155996482773271,group_heldout_descriptor_adjusted_residual,0.986853703629893,0.013146296370107002,0.05021173623714459,0.8444444444444444,28.35304069694925,28.41427767844065,-0.012049699904067271,-0.0123580521234701,0.10758171343639057,0.10771375791853605
DOCKSTRING-58,178,7501,7499,6057,5848,0,384.4800000000002,385.4680000000002,0.9879999999999995,0.014901511376026869,raw,0.9966474755564321,0.003352524443567928,0.004839685420447671,0.8444444444444444,2.299662811308274,2.199858100189426,0.609406012434797,0.6257810683839317,0.6162112205876518,0.6322609373600636
DOCKSTRING-58,178,7501,7499,6057,5848,0,384.4800000000002,385.4680000000002,0.9879999999999995,0.014901511376026869,row_centered_residual,0.9939350518349885,0.006064948165011463,0.03206291591046582,0.8971428571428571,17.862082640084566,17.922499911501497,-0.002594058519998504,-0.0019477871748778469,0.15669993196643375,0.15686709793768358
DOCKSTRING-58,178,7501,7499,6057,5848,0,384.4800000000002,385.4680000000002,0.9879999999999995,0.014901511376026869,group_heldout_descriptor_adjusted_residual,0.9882287669878478,0.011771233012152216,0.0514216575922565,0.8547486033519553,28.188613907833272,28.60336027120856,-0.012383899169675609,-0.012022024140660007,0.10832902554017822,0.1069787054682156
DOCKSTRING-58,179,7370,7630,5949,5956,0,385.49300000000017,384.48000000000025,1.01299999999992,0.018322482665903177,raw,0.9973582424928332,0.0026417575071667754,0.0030248033877797943,0.8547486033519553,2.307764380458854,2.197152326014323,0.6082752177035713,0.6261580184775741,0.6152201185793094,0.6324440274659826
DOCKSTRING-58,179,7370,7630,5949,5956,0,385.49300000000017,384.48000000000025,1.01299999999992,0.018322482665903177,row_centered_residual,0.993639963667183,0.0063600363328170095,0.03569267997580157,0.8651685393258427,17.955963138019335,17.83293681804214,-0.002052259087618335,-0.0024944823521854203,0.15638076968637032,0.1571644201274687
DOCKSTRING-58,179,7370,7630,5949,5956,0,385.49300000000017,384.48000000000025,1.01299999999992,0.018322482665903177,group_heldout_descriptor_adjusted_residual,0.9871646955483064,0.012835304451693563,0.05021173623714459,0.8547486033519553,28.323735691066346,28.45566253956081,-0.0121126433477513,-0.012290446825866656,0.10768641968636136,0.10761130218978834
DOCKSTRING-58,180,7499,7501,5827,6078,0,385.44900000000024,384.505,0.9440000000002442,0.0174297780876405,raw,0.9980001206304532,0.0019998793695468198,0.0012099213551119178,0.8757062146892656,2.2404321074685996,2.255452804714469,0.6191449948504665,0.6164434556514031,0.625450531210413,0.6232818568155686
DOCKSTRING-58,180,7499,7501,5827,6078,0,385.44900000000024,384.505,0.9440000000002442,0.0174297780876405,row_centered_residual,0.9945961334990687,0.005403866500931276,0.024198427102238355,0.9080459770114943,18.01595898673677,17.783043016210566,-0.0023755654085753247,-0.0021881579356073234,0.15594164499375188,0.15748426828586923
DOCKSTRING-58,180,7499,7501,5827,6078,0,385.44900000000024,384.505,0.9440000000002442,0.0174297780876405,group_heldout_descriptor_adjusted_residual,0.9874855310009664,0.012514468999033634,0.04658197217180883,0.8342541436464088,28.357611002748595,28.41802796101204,-0.01217628313581645,-0.012232230795386483,0.10770824057134672,0.10771306941548311
DOCKSTRING-58,181,7493,7507,6075,5830,0,384.4800000000003,385.48299999999995,1.0029999999996448,0.014159319001006775,raw,0.9975254497338103,0.002474550266189701,0.007259528130671506,0.8444444444444444,2.3212649782417687,2.1831067443539913,0.604857375517181,0.6296767176472116,0.6123604053472208,0.6357045087683557
DOCKSTRING-58,181,7493,7507,6075,5830,0,384.4800000000003,385.48299999999995,1.0029999999996448,0.014159319001006775,row_centered_residual,0.9938317916994865,0.006168208300513456,0.029643073200241985,0.8863636363636364,17.786458305702308,17.999566588533337,-0.0019468698637130572,-0.0026033235142821085,0.1574892466590125,0.156053262474217
DOCKSTRING-58,181,7493,7507,6075,5830,0,384.4800000000003,385.48299999999995,1.0029999999996448,0.014159319001006775,group_heldout_descriptor_adjusted_residual,0.9874732166200666,0.012526783379933404,0.05263157894736842,0.8547486033519553,28.685473465037227,28.10106980518301,-0.012271736046261061,-0.01213628457631198,0.10661303028863825,0.10871002397989382
DOCKSTRING-58,182,7507,7493,5926,5979,0,385.51200000000017,384.4760000000001,1.0360000000000582,0.01851569612922863,raw,0.9981551755568163,0.001844824443183679,0.0054446460980036296,0.8547486033519553,2.2027727173298004,2.29659301168654,0.6257093496922608,0.6094848663518684,0.6317786571183768,0.6167100442434831
DOCKSTRING-58,182,7507,7493,5926,5979,0,385.51200000000017,384.4760000000001,1.0360000000000582,0.01851569612922863,row_centered_residual,0.9948653813931676,0.005134618606832397,0.03206291591046582,0.9080459770114943,17.9736083385631,17.82854860830567,-0.002055416849316019,-0.0024985727010804924,0.15605650038376942,0.15745474421792532
DOCKSTRING-58,182,7507,7493,5926,5979,0,385.51200000000017,384.4760000000001,1.0360000000000582,0.01851569612922863,group_heldout_descriptor_adjusted_residual,0.9870305179477491,0.012969482052250902,0.05323653962492438,0.8863636363636364,28.730818932552747,28.052391322377094,-0.012149865482617215,-0.012258920227742751,0.10627964159664914,0.10900237351794943
DOCKSTRING-58,183,7479,7521,5994,5911,0,385.3950000000001,385.4110000000002,0.016000000000076398,0.014281285298610074,raw,0.9970285518445877,0.002971448155412282,0.0030248033877797943,0.8547486033519553,2.256410970891764,2.2395698447551657,0.6151338094536505,0.6203483946077759,0.6220938466352306,0.6266070128036896
DOCKSTRING-58,183,7479,7521,5994,5911,0,385.3950000000001,385.4110000000002,0.016000000000076398,0.014281285298610074,row_centered_residual,0.9927198469418365,0.007280153058163541,0.0338777979431337,0.8863636363636364,17.855394424647386,17.92239063917809,-0.002166178735522694,-0.002384136089850866,0.1572992759803036,0.15625448656633217
DOCKSTRING-58,183,7479,7521,5994,5911,0,385.3950000000001,385.4110000000002,0.016000000000076398,0.014281285298610074,group_heldout_descriptor_adjusted_residual,0.9860903554826208,0.013909644517379194,0.04779189352692075,0.8142076502732241,28.559927388002073,28.202089794086472,-0.012349572313266192,-0.012067311825845537,0.10690440358728993,0.10840877570090106
DOCKSTRING-58,184,7502,7498,5783,6122,0,385.18600000000015,385.41750000000013,0.23149999999998272,0.013641778747859823,raw,0.9978830582924108,0.0021169417075892483,0.006049606775559589,0.8444444444444444,2.209160108905761,2.2909325520701493,0.6244798463705303,0.6105207774688826,0.6309307605859007,0.6173716162997904
DOCKSTRING-58,184,7502,7498,5783,6122,0,385.18600000000015,385.41750000000013,0.23149999999998272,0.013641778747859823,row_centered_residual,0.9945012742421871,0.00549872575781285,0.023593466424682397,0.9080459770114943,17.924913575218948,17.871294089327144,-0.0025787019866910874,-0.0019668366111139568,0.1562920430556986,0.15717502828998742
DOCKSTRING-58,184,7502,7498,5783,6122,0,385.18600000000015,385.41750000000013,0.23149999999998272,0.013641778747859823,group_heldout_descriptor_adjusted_residual,0.9880276214725202,0.011972378527479788,0.050816696914700546,0.8863636363636364,28.16233047671488,28.631308734676054,-0.01220060379680643,-0.012209127050786243,0.10842643282769718,0.10690370092265747
DOCKSTRING-58,185,7500,7500,5891,6014,0,386.36150000000015,383.5390000000002,2.822499999999934,0.018666666666666668,raw,0.9979241168560409,0.002075883143959123,0.0054446460980036296,0.8651685393258427,2.2132425204666304,2.284471613627724,0.624680467593165,0.6106325114108823,0.6309123861916172,0.6176817784549322
DOCKSTRING-58,185,7500,7500,5891,6014,0,386.36150000000015,383.5390000000002,2.822499999999934,0.018666666666666668,row_centered_residual,0.9940675078133618,0.005932492186638161,0.02722323049001815,0.8863636363636364,17.901872932828788,17.890454091558365,-0.002451927017533313,-0.0021060979862748924,0.15674533209839306,0.15668976054276684
DOCKSTRING-58,185,7500,7500,5891,6014,0,386.36150000000015,383.5390000000002,2.822499999999934,0.018666666666666668,group_heldout_descriptor_adjusted_residual,0.9884963942190881,0.011503605780911919,0.04658197217180883,0.8651685393258427,28.29521218317636,28.499878810031152,-0.012158724920578864,-0.012252907560332166,0.10794171417589682,0.10731873873051732
DOCKSTRING-58,186,7495,7505,5860,6045,0,384.863,385.42300000000006,0.5600000000000591,0.01618640719395875,raw,0.99830648170401,0.0016935182959899597,0.006654567453115548,0.8651685393258427,2.235963041959582,2.260069104165069,0.6208352220507706,0.6146773105967883,0.6268222078609511,0.6219705489293746
DOCKSTRING-58,186,7495,7505,5860,6045,0,384.863,385.42300000000006,0.5600000000000591,0.01618640719395875,row_centered_residual,0.9948558859029117,0.005144114097088259,0.032667876588021776,0.8863636363636364,17.95032933742605,17.848935281399665,-0.0023654184292923926,-0.0021938179460602326,0.15653405865052758,0.1569061251842494
DOCKSTRING-58,186,7495,7505,5860,6045,0,384.863,385.42300000000006,0.5600000000000591,0.01618640719395875,group_heldout_descriptor_adjusted_residual,0.9877581663461217,0.01224183365387832,0.049606775559588624,0.8241758241758241,28.07189048956645,28.712497091510205,-0.01209743692443743,-0.012315901180867101,0.1089258205091422,0.10640626314956082
DOCKSTRING-58,187,7504,7496,6007,5898,0,384.56200000000024,385.45450000000005,0.8924999999998136,0.019336112166716348,raw,0.9980415378653715,0.001958462134628469,0.004234724742891712,0.8971428571428571,2.2948458887618655,2.2049148117903887,0.6100006693876492,0.62511087273405,0.6168885162379945,0.6314882955597262
DOCKSTRING-58,187,7504,7496,6007,5898,0,384.56200000000024,385.45450000000005,0.8924999999998136,0.019336112166716348,row_centered_residual,0.9949765296401887,0.005023470359811322,0.02601330913490623,0.9080459770114943,17.823291415499455,17.978247724941966,-0.002474878844024032,-0.002076996362700593,0.15725808292152824,0.15618218123442099
DOCKSTRING-58,187,7504,7496,6007,5898,0,384.56200000000024,385.45450000000005,0.8924999999998136,0.019336112166716348,group_heldout_descriptor_adjusted_residual,0.9880196483426217,0.011980351657378319,0.04839685420447671,0.8142076502732241,28.254699669761845,28.53302119057233,-0.012313125194313108,-0.012092046685992092,0.10786893590999139,0.10744379707520661
DOCKSTRING-58,188,7500,7500,5995,5910,0,385.4215000000001,384.88350000000025,0.5379999999998404,0.020666666666666667,raw,0.997678171968387,0.0023218280316129603,0.0054446460980036296,0.8651685393258427,2.263891584745821,2.2323345712158704,0.6147161063794232,0.6208081448877343,0.6213074276624808,0.6274600490924053
DOCKSTRING-58,188,7500,7500,5995,5910,0,385.4215000000001,384.88350000000025,0.5379999999998404,0.020666666666666667,row_centered_residual,0.9942115050367465,0.00578849496325351,0.02722323049001815,0.8863636363636364,17.578873694044958,18.2163564930802,-0.0020930932104472133,-0.0024566497278742713,0.15918353571366106,0.15430850331076928
DOCKSTRING-58,188,7500,7500,5995,5910,0,385.4215000000001,384.88350000000025,0.5379999999998404,0.020666666666666667,group_heldout_descriptor_adjusted_residual,0.9869209053452069,0.013079094654793066,0.05021173623714459,0.8342541436464088,28.238531028794732,28.53956608057747,-0.012054805915397787,-0.012348666557211367,0.1082845965341729,0.10709598251522721
DOCKSTRING-58,189,7498,7502,5832,6073,0,385.8985,384.3950000000002,1.5034999999998035,0.017396090125944185,raw,0.9975052631823375,0.002494736817662546,0.003629764065335753,0.8547486033519553,2.2118456678868714,2.285868251690461,0.6240776334346437,0.6113355013434061,0.6303407865094206,0.6183145148078065
DOCKSTRING-58,189,7498,7502,5832,6073,0,385.8985,384.3950000000002,1.5034999999998035,0.017396090125944185,row_centered_residual,0.9943774370020316,0.005622562997968372,0.024198427102238355,0.9190751445086706,17.856540334047526,17.9396891730023,-0.0021977602798077082,-0.002355869588287674,0.1569099750537684,0.1565525088453497
DOCKSTRING-58,189,7498,7502,5832,6073,0,385.8985,384.3950000000002,1.5034999999998035,0.017396090125944185,group_heldout_descriptor_adjusted_residual,0.9884662578603942,0.011533742139605785,0.05021173623714459,0.8342541436464088,28.358796439436073,28.439755276272155,-0.012074999657489517,-0.012330152071561608,0.10776602118792321,0.10746303002305421
DOCKSTRING-58,190,7502,7498,5927,5978,0,385.4195000000001,384.87750000000017,0.5419999999999163,0.011929280848304417,raw,0.9978801092173734,0.0021198907826266433,0.003629764065335753,0.8863636363636364,2.224565952070536,2.2723499314912172,0.6223133505735561,0.6131288810014044,0.6282698905983863,0.6203966376058008
DOCKSTRING-58,190,7502,7498,5927,5978,0,385.4195000000001,384.87750000000017,0.5419999999999163,0.011929280848304417,row_centered_residual,0.9951498635181356,0.004850136481864387,0.02661826981246219,0.9190751445086706,17.926513906147186,17.872363494682606,-0.0023966802221698853,-0.002154882112184766,0.15635326056398954,0.15704381058351663
DOCKSTRING-58,190,7502,7498,5927,5978,0,385.4195000000001,384.87750000000017,0.5419999999999163,0.011929280848304417,group_heldout_descriptor_adjusted_residual,0.9881712281427244,0.0118287718572756,0.05021173623714459,0.8547486033519553,28.22975907381667,28.55475775688037,-0.012072987440176307,-0.012337862613084416,0.10810703809329418,0.10721834912942967
DOCKSTRING-58,191,7500,7500,5799,6106,0,386.3330000000002,384.44650000000007,1.886500000000126,0.015866666666666668,raw,0.9982782635725028,0.001721736427497178,0.003629764065335753,0.8863636363636364,2.2088600672661065,2.2900828035722967,0.6243140472394219,0.6109281698466931,0.6305404190981743,0.6179113447595392
DOCKSTRING-58,191,7500,7500,5799,6106,0,386.3330000000002,384.44650000000007,1.886500000000126,0.015866666666666668,row_centered_residual,0.9947222556081723,0.00527774439182771,0.025408348457350273,0.8971428571428571,18.152129483641154,17.653163756052084,-0.002498047526724341,-0.0020642693718836104,0.15498501699364484,0.15842091412657938
DOCKSTRING-58,191,7500,7500,5799,6106,0,386.3330000000002,384.44650000000007,1.886500000000126,0.015866666666666668,group_heldout_descriptor_adjusted_residual,0.9875779194111949,0.012422080588805118,0.050816696914700546,0.8342541436464088,28.346275241024877,28.438229249065554,-0.012196751844270291,-0.01221162029273705,0.10785273043087704,0.10744189520209417
DOCKSTRING-58,192,7501,7499,6046,5859,0,385.50800000000004,384.5020000000002,1.0059999999998581,0.0182335825463748,raw,0.997693499188109,0.002306500811890988,0.007259528130671506,0.8651685393258427,2.283167407510348,2.2143533018211903,0.6107937680630665,0.6245434213082146,0.6181362698827411,0.6306276175581165
DOCKSTRING-58,192,7501,7499,6046,5859,0,385.50800000000004,384.5020000000002,1.0059999999998581,0.0182335825463748,row_centered_residual,0.9942258917406455,0.005774108259354538,0.030852994555353903,0.9415204678362573,17.66526890777692,18.136274446057087,-0.0021784009512279185,-0.0023806704487843136,0.15823595318656838,0.1553073110201827
DOCKSTRING-58,192,7501,7499,6046,5859,0,385.50800000000004,384.5020000000002,1.0059999999998581,0.0182335825463748,group_heldout_descriptor_adjusted_residual,0.98643648390317,0.013563516096830042,0.05263157894736842,0.8444444444444444,28.52236371109907,28.258138960626464,-0.012388590721271294,-0.012023877772104166,0.10697389432564983,0.10858528371579448
DOCKSTRING-58,193,7500,7500,5901,6004,0,385.5115000000001,384.4760000000001,1.0355000000000132,0.0156,raw,0.9980351056936005,0.001964894306399456,0.0054446460980036296,0.8757062146892656,2.2209464624816735,2.2763946800496293,0.6224902724100807,0.612891332019199,0.6288045216945117,0.6198422070396719
DOCKSTRING-58,193,7500,7500,5901,6004,0,385.5115000000001,384.4760000000001,1.0355000000000132,0.0156,row_centered_residual,0.994785695260195,0.005214304739804998,0.028433151845130067,0.9080459770114943,17.667387339933928,18.133753420700476,-0.0018698769789611503,-0.0026817443428372068,0.1581958057198341,0.1552361964716905
DOCKSTRING-58,193,7500,7500,5901,6004,0,385.5115000000001,384.4760000000001,1.0355000000000132,0.0156,group_heldout_descriptor_adjusted_residual,0.986245290851888,0.013754709148112054,0.056866303690260134,0.8342541436464088,28.191102912314467,28.58147264986167,-0.01195683845992163,-0.012457071745716513,0.10814720253180896,0.10725127347019309
DOCKSTRING-58,194,7440,7560,6036,5869,0,385.8525000000001,384.45700000000016,1.3954999999999131,0.008194657791431985,raw,0.9976689368469183,0.002331063153081736,0.004839685420447671,0.8757062146892656,2.3007563519692655,2.2012325209371153,0.6085107690072755,0.6262062905402886,0.6157604467011014,0.6322936041376055
DOCKSTRING-58,194,7440,7560,6036,5869,0,385.8525000000001,384.45700000000016,1.3954999999999131,0.008194657791431985,row_centered_residual,0.9946087481011211,0.0053912518988789015,0.028433151845130067,0.9190751445086706,17.943799521310623,17.854041978098728,-0.0024544447274869245,-0.0020973118062974426,0.15630802427732887,0.15716731926595676
DOCKSTRING-58,194,7440,7560,6036,5869,0,385.8525000000001,384.45700000000016,1.3954999999999131,0.008194657791431985,group_heldout_descriptor_adjusted_residual,0.9887383299587856,0.011261670041214367,0.044162129461584994,0.8444444444444444,28.664421560239813,28.14283050175115,-0.012372509071348299,-0.012040043717679094,0.10679428576956601,0.10849563325040605
DOCKSTRING-58,195,7500,7500,6067,5838,0,384.47600000000017,385.8965000000001,1.4204999999999472,0.0132,raw,0.997465530374062,0.0025344696259379518,0.004839685420447671,0.8342541436464088,2.3033034339549756,2.198340644973278,0.6086723002927666,0.6261922127678771,0.6157536579404639,0.6323906462183302
DOCKSTRING-58,195,7500,7500,6067,5838,0,384.47600000000017,385.8965000000001,1.4204999999999472,0.0132,row_centered_residual,0.9942882128696137,0.0057117871303863366,0.030248033877797943,0.9190751445086706,18.094646795913274,17.704354746952863,-0.0026382626215489253,-0.001922457460844306,0.15540924472344259,0.1580548387355755
DOCKSTRING-58,195,7500,7500,6067,5838,0,384.47600000000017,385.8965000000001,1.4204999999999472,0.0132,group_heldout_descriptor_adjusted_residual,0.9866041720293559,0.013395827970644092,0.05384150030248034,0.8547486033519553,28.701615507888086,28.08207717547921,-0.012323324515767406,-0.012089540126044114,0.10622183135954212,0.10905046230982679
DOCKSTRING-58,196,7498,7502,5885,6020,0,386.36850000000015,384.39150000000006,1.9770000000000891,0.017906454606681218,raw,0.99761982013501,0.002380179864989951,0.004839685420447671,0.8863636363636364,2.2121129486064595,2.2864374567846593,0.6239725448844708,0.6112793908339845,0.6305126490494258,0.6179923508631562
DOCKSTRING-58,196,7498,7502,5885,6020,0,386.36850000000015,384.39150000000006,1.9770000000000891,0.017906454606681218,row_centered_residual,0.9952382720054758,0.004761727994524234,0.02661826981246219,0.9415204678362573,17.91669460691874,17.887706174773214,-0.002052661487516252,-0.0025013750654111293,0.15618906625624127,0.15719034598582896
DOCKSTRING-58,196,7498,7502,5885,6020,0,386.36850000000015,384.39150000000006,1.9770000000000891,0.017906454606681218,group_heldout_descriptor_adjusted_residual,0.9900978163555285,0.009902183644471485,0.04839685420447671,0.8757062146892656,28.256605196336736,28.553545013574645,-0.012132056881975316,-0.012276341727004448,0.10773915011565775,0.10750971237997523
DOCKSTRING-58,197,7501,7499,6087,5818,0,383.4640000000001,386.40100000000007,2.936999999999955,0.021008533706818378,raw,0.9971593499645612,0.002840650035438763,0.0024198427102238356,0.8547486033519553,2.2608777617365545,2.2351322862982785,0.6163962618596558,0.6191423424533344,0.6226666943162078,0.626049690479422
DOCKSTRING-58,197,7501,7499,6087,5818,0,383.4640000000001,386.40100000000007,2.936999999999955,0.021008533706818378,row_centered_residual,0.9929347866892312,0.007065213310768814,0.028433151845130067,0.8971428571428571,17.784789636281115,17.995572946489904,-0.0023754898680471903,-0.002188007623923311,0.1573811582825167,0.1560551776452288
DOCKSTRING-58,197,7501,7499,6087,5818,0,383.4640000000001,386.40100000000007,2.936999999999955,0.021008533706818378,group_heldout_descriptor_adjusted_residual,0.985732669876114,0.014267330123886035,0.05807622504537205,0.8241758241758241,27.735952117850317,29.061528591798147,-0.012255838062020689,-0.0121539065518084,0.11030091188808559,0.10510349666722595
DOCKSTRING-58,198,7503,7497,5861,6044,0,385.8950000000002,384.41700000000014,1.4780000000000655,0.016549549314594555,raw,0.9977449937578178,0.0022550062421822226,0.004839685420447671,0.8757062146892656,2.206232030577525,2.293497642253145,0.624782229266468,0.6103208490944431,0.6315454490708394,0.6168105121638128
DOCKSTRING-58,198,7503,7497,5861,6044,0,385.8950000000002,384.41700000000014,1.4780000000000655,0.016549549314594555,row_centered_residual,0.9944400769499228,0.005559923050077242,0.032667876588021776,0.8971428571428571,17.965936698494023,17.830425826726746,-0.0024805914082018914,-0.0020689221276044834,0.1562275437498159,0.1573076096565783
DOCKSTRING-58,198,7503,7497,5861,6044,0,385.8950000000002,384.41700000000014,1.4780000000000655,0.016549549314594555,group_heldout_descriptor_adjusted_residual,0.9882477792229545,0.011752220777045519,0.049606775559588624,0.8342541436464088,28.487727224362725,28.30218414604744,-0.012210933946898227,-0.012191782719235739,0.10720490563460935,0.10809908477715105
DOCKSTRING-58,199,7499,7501,6066,5839,0,384.41700000000014,385.5110000000001,1.0939999999999372,0.01792536920756212,raw,0.9983129457576735,0.0016870542423265134,0.003629764065335753,0.8757062146892656,2.2561160723884033,2.240171863099658,0.6160030509235723,0.6194824288546873,0.6226594782873982,0.6260363283507764
DOCKSTRING-58,199,7499,7501,6066,5839,0,384.41700000000014,385.5110000000001,1.0939999999999372,0.01792536920756212,row_centered_residual,0.9950508968107963,0.0049491031892037185,0.02601330913490623,0.9080459770114943,17.78311161877885,18.015558251701037,-0.0018729171135876172,-0.0026759529082450847,0.15741951169327176,0.15605787329215312
DOCKSTRING-58,199,7499,7501,6066,5839,0,384.41700000000014,385.5110000000001,1.0939999999999372,0.01792536920756212,group_heldout_descriptor_adjusted_residual,0.9895633084606927,0.010436691539307263,0.044162129461584994,0.8651685393258427,28.39355756971019,28.40896151356541,-0.01214639656346488,-0.012259736533958185,0.10776760103189219,0.10747311738175316
Docking-44,0,6323,6328,4023,4127,0,282.516,282.3995,0.11650000000003047,0.01058646388188487,raw,0.9946067373684573,0.005393262631542717,0.0010570824524312897,0.7757009345794392,1.8293697375705156,1.8363192776746133,0.6844867979192011,0.6858787977116537,0.6945214305421941,0.69483596264997
Docking-44,0,6323,6328,4023,4127,0,282.516,282.3995,0.11650000000003047,0.01058646388188487,row_centered_residual,0.9891176124667443,0.010882387533255655,0.04334038054968287,0.8627450980392157,9.095776370206208,9.455777589457902,0.004192731964991311,0.0018874833751620405,0.24794721850242601,0.24443473490019277
Docking-44,0,6323,6328,4023,4127,0,282.516,282.3995,0.11650000000003047,0.01058646388188487,group_heldout_descriptor_adjusted_residual,0.984270026282747,0.015729973717253043,0.048625792811839326,0.7117117117117117,14.435483433055825,14.928212354743877,-0.0036948680266506878,-0.0051995368937856265,0.18202233080324354,0.17876822746057439
Docking-44,1,6323,6328,4092,4058,0,281.827,282.7710000000001,0.9440000000000737,0.010762161418600405,raw,0.9934084093805121,0.006591590619487886,0.0010570824524312897,0.7924528301886793,1.79202165648304,1.8756161611567657,0.6948814622571678,0.6752565156111447,0.7037338703731596,0.6854083786004146
Docking-44,1,6323,6328,4092,4058,0,281.827,282.7710000000001,0.9440000000000737,0.010762161418600405,row_centered_residual,0.987486649818125,0.01251335018187505,0.04439746300211417,0.8095238095238095,9.865821656831782,8.742415588254111,0.0029160912327481545,0.0031763012652206166,0.23417039612677495,0.25743836401901626
Docking-44,1,6323,6328,4092,4058,0,281.827,282.7710000000001,0.9440000000000737,0.010762161418600405,group_heldout_descriptor_adjusted_residual,0.9816914970570331,0.01830850294296693,0.05391120507399577,0.6964285714285714,14.743150283982553,14.587818127293176,-0.004437749815723429,-0.004432485985396892,0.1788789402720086,0.18250834649902384
Docking-44,2,6304,6347,4173,3977,0,281.3570000000001,283.456,2.0989999999999327,0.011558555382894032,raw,0.9947333158207152,0.005266684179284775,0.003171247357293869,0.7431192660550459,1.8162560809687949,1.8500702722846403,0.6906406660590624,0.679641896095371,0.700309218464768,0.6890187065503008
Docking-44,2,6304,6347,4173,3977,0,281.3570000000001,283.456,2.0989999999999327,0.011558555382894032,row_centered_residual,0.991437570121787,0.008562429878212985,0.04756871035940803,0.8627450980392157,9.506505763539494,9.042807521292994,0.0013464521379843628,0.004662751146363086,0.242422682375398,0.2501484565861707
Docking-44,2,6304,6347,4173,3977,0,281.3570000000001,283.456,2.0989999999999327,0.011558555382894032,group_heldout_descriptor_adjusted_residual,0.9777494216530586,0.02225057834694144,0.05496828752642706,0.7117117117117117,14.554557697241677,14.72693512213753,-0.005646701845752007,-0.0031585530066795477,0.18115552615696906,0.18049687596716774
Docking-44,3,6322,6329,4065,4085,0,282.77099999999996,282.369,0.40199999999992997,0.012836893829036723,raw,0.9962317325446913,0.0037682674553086715,0.0021141649048625794,0.8095238095238095,1.824322504344389,1.8426834404863017,0.6865435298460582,0.6836067179975065,0.6968803715400279,0.6922627730007832
Docking-44,3,6322,6329,4065,4085,0,282.77099999999996,282.369,0.40199999999992997,0.012836893829036723,row_centered_residual,0.9913163354630902,0.00868366453690983,0.042283298097251586,0.8811881188118812,9.524364607363296,9.028811750324776,0.003133426693970467,0.002763279967647989,0.240204848044614,0.25234659045468366
Docking-44,3,6322,6329,4065,4085,0,282.77099999999996,282.369,0.40199999999992997,0.012836893829036723,group_heldout_descriptor_adjusted_residual,0.9810152307684293,0.018984769231570664,0.06342494714587738,0.7272727272727273,14.715662930051415,14.596202667953149,-0.0037215487106052963,-0.005145960725988896,0.17985066407905076,0.18193685521148223
Docking-44,4,6325,6326,4113,4037,0,282.36500000000007,282.6835,0.31849999999991496,0.010435632354833994,raw,0.9935292613272032,0.006470738672796794,0.0021141649048625794,0.7431192660550459,1.8686453186405445,1.799833722762187,0.6773883490618777,0.692516932410076,0.6878233850388967,0.7010979038051532
Docking-44,4,6325,6326,4113,4037,0,282.36500000000007,282.6835,0.31849999999991496,0.010435632354833994,row_centered_residual,0.9889379646163613,0.011062035383638702,0.039112050739957716,0.8627450980392157,9.533304733419302,8.973724300400704,0.0008060608683500487,0.005465838465770743,0.24314608880577498,0.2500306227290165
Docking-44,4,6325,6326,4113,4037,0,282.36500000000007,282.6835,0.31849999999991496,0.010435632354833994,group_heldout_descriptor_adjusted_residual,0.9821310347083289,0.017868965291671146,0.048625792811839326,0.6964285714285714,14.549697003256496,14.788734002260197,-0.005108550518619674,-0.0036874579578315336,0.18164198992824646,0.17985187038454725
Docking-44,5,6326,6325,4166,3984,0,282.771,282.3430000000001,0.42799999999994043,0.010114953157744124,raw,0.994907931716949,0.005092068283050977,0.0,0.7592592592592593,1.862988056262651,1.8041784433454782,0.6788342064523076,0.6913976163159032,0.6889317313255238,0.7002817200807044
Docking-44,5,6326,6325,4166,3984,0,282.771,282.3430000000001,0.42799999999994043,0.010114953157744124,row_centered_residual,0.989748959705493,0.010251040294506963,0.046511627906976744,0.8446601941747572,9.05064136023935,9.50290074826307,0.0028962928607512155,0.0031215741687556225,0.2508284177879868,0.241660646499229
Docking-44,5,6326,6325,4166,3984,0,282.771,282.3430000000001,0.42799999999994043,0.010114953157744124,group_heldout_descriptor_adjusted_residual,0.9833034091524796,0.0166965908475204,0.052854122621564484,0.7757009345794392,14.327001919700532,15.006175427833398,-0.003455967945839172,-0.005449327535172254,0.18388691869313736,0.17784016367651764
Docking-44,6,6322,6329,4106,4044,0,282.51599999999996,282.36500000000007,0.15099999999989677,0.011644799609556528,raw,0.9924857190837887,0.007514280916211313,0.003171247357293869,0.7592592592592593,1.8298600561264615,1.836228974558946,0.6840461987282549,0.6861938905272489,0.6946690777555549,0.6946028659036726
Docking-44,6,6322,6329,4106,4044,0,282.51599999999996,282.36500000000007,0.15099999999989677,0.011644799609556528,row_centered_residual,0.9883770647357001,0.011622935264299916,0.040169133192389,0.8095238095238095,9.13409966132259,9.386357066196227,0.0042678841813612615,0.001855702282742953,0.24769532115072815,0.24484893116419967
Docking-44,6,6322,6329,4106,4044,0,282.51599999999996,282.36500000000007,0.15099999999989677,0.011644799609556528,group_heldout_descriptor_adjusted_residual,0.9824273955459338,0.017572604454066165,0.0507399577167019,0.6964285714285714,14.877694867493513,14.460615811653376,-0.004464399368762556,-0.004391022244352503,0.1785696441471535,0.18263617803660906
Docking-44,7,6316,6335,4094,4056,0,281.421,283.081,1.660000000000025,0.007490179161878503,raw,0.9951174169292585,0.00488258307074152,0.0021141649048625794,0.7272727272727273,1.813224704980694,1.8548961740732297,0.6904880461506093,0.6794517939844377,0.6992506046463235,0.6897311617417453
Docking-44,7,6316,6335,4094,4056,0,281.421,283.081,1.660000000000025,0.007490179161878503,row_centered_residual,0.9900822309898707,0.009917769010129307,0.03488372093023256,0.8446601941747572,9.342394753065111,9.191514419466047,0.003020797305575681,0.0029670039643519925,0.2442417769968273,0.24804249793220146
Docking-44,7,6316,6335,4094,4056,0,281.421,283.081,1.660000000000025,0.007490179161878503,group_heldout_descriptor_adjusted_residual,0.9824453263121269,0.017554673687873112,0.049682875264270614,0.7272727272727273,15.110803620348996,14.227575051505287,-0.005159282702489312,-0.003655150778582113,0.17585662948916955,0.1855171381154148
Docking-44,8,6307,6344,4065,4085,0,282.411,282.57599999999996,0.16499999999996362,0.007286035592471065,raw,0.996624621854847,0.003375378145152985,0.003171247357293869,0.7592592592592593,1.8761589917285637,1.7937666990839642,0.6759008013779312,0.6938045784904043,0.6845428554368966,0.704188989698696
Docking-44,8,6307,6344,4065,4085,0,282.411,282.57599999999996,0.16499999999996362,0.007286035592471065,row_centered_residual,0.9933757938129145,0.00662420618708548,0.035940803382663845,0.8446601941747572,9.10552161779184,9.466081883703056,0.002287321429893415,0.0037003896401794347,0.24932567831436228,0.24279681893664795
Docking-44,8,6307,6344,4065,4085,0,282.411,282.57599999999996,0.16499999999996362,0.007286035592471065,group_heldout_descriptor_adjusted_residual,0.9857435525518332,0.014256447448166787,0.04756871035940803,0.7117117117117117,14.441528652294245,14.92646594558526,-0.004791833222025522,-0.004069401154481282,0.18189454131358027,0.17913883303365097
Docking-44,9,6333,6318,4144,4006,0,283.415,281.27150000000006,2.1434999999999604,0.013309442437291272,raw,0.9954993493364357,0.0045006506635643095,0.0021141649048625794,0.7592592592592593,1.8641965712202428,1.802513856700567,0.6776908501157138,0.6926558844106168,0.6872678590442974,0.7021069886263733
Docking-44,9,6333,6318,4144,4006,0,283.415,281.27150000000006,2.1434999999999604,0.013309442437291272,row_centered_residual,0.9916804221511866,0.008319577848813431,0.0306553911205074,0.8811881188118812,9.069397644438673,9.504323951988061,0.0028398762045135375,0.003143226943032722,0.2505560908497337,0.2410654529924647
Docking-44,9,6333,6318,4144,4006,0,283.415,281.27150000000006,2.1434999999999604,0.013309442437291272,group_heldout_descriptor_adjusted_residual,0.9767030870294543,0.023296912970545702,0.06025369978858351,0.6964285714285714,14.656241832928137,14.609717418611625,-0.005055910507186708,-0.00389471932820538,0.18033256138280268,0.18165892675392156
Docking-44,10,6321,6330,4114,4036,0,281.44300000000004,283.2215,1.7784999999999513,0.01463975869197012,raw,0.9940303730878616,0.005969626912138426,0.0010570824524312897,0.6379310344827587,1.802210192008713,1.8661077452626713,0.6908601043144591,0.6791810677810105,0.7009123254595814,0.6880944965779867
Docking-44,10,6321,6330,4114,4036,0,281.44300000000004,283.2215,1.7784999999999513,0.01463975869197012,row_centered_residual,0.9881192869380782,0.011880713061921844,0.04439746300211417,0.7272727272727273,8.977170154347068,9.527841476962653,0.005877035877827506,0.00037540471523018316,0.2505726759023329,0.24228419808053794
Docking-44,10,6321,6330,4114,4036,0,281.44300000000004,283.2215,1.7784999999999513,0.01463975869197012,group_heldout_descriptor_adjusted_residual,0.9806557933224763,0.01934420667752368,0.05919661733615222,0.7117117117117117,14.758021764826964,14.556437757974532,-0.0030970703297674798,-0.00561739903077303,0.18072131392886157,0.18100548946183143
Docking-44,11,6322,6329,4162,3988,0,282.3670000000001,282.51599999999996,0.14899999999988722,0.015940842455569135,raw,0.9967515404955544,0.0032484595044456333,0.0010570824524312897,0.8095238095238095,1.8563246364269048,1.8123343073455989,0.6800319526139554,0.689799608938569,0.6900243797906338,0.6988307468524109
Docking-44,11,6322,6329,4162,3988,0,282.3670000000001,282.51599999999996,0.14899999999988722,0.015940842455569135,row_centered_residual,0.9937998954133135,0.006200104586686517,0.03382663847780127,0.9,9.420497581187352,9.138515148181993,0.0022295578973873195,0.003729538934079105,0.24395306412797632,0.24846255504550135
Docking-44,11,6322,6329,4162,3988,0,282.3670000000001,282.51599999999996,0.14899999999988722,0.015940842455569135,group_heldout_descriptor_adjusted_residual,0.9836196710143812,0.01638032898561881,0.05496828752642706,0.6666666666666666,14.953638564167232,14.396866676106546,-0.004633016827714756,-0.004292515159275103,0.17773096765541452,0.18366647812975173
Docking-44,12,6325,6326,4157,3993,0,282.369,282.57599999999996,0.2069999999999368,0.009293373604635615,raw,0.9954680945226364,0.004531905477363596,0.0010570824524312897,0.7924528301886793,1.8390109501110907,1.8277700999931057,0.6848100739970233,0.6853248522352837,0.6944386462984163,0.6946865817571185
Docking-44,12,6325,6326,4157,3993,0,282.369,282.57599999999996,0.2069999999999368,0.009293373604635615,row_centered_residual,0.9893492382773096,0.010650761722690416,0.04756871035940803,0.8269230769230769,9.054710950904578,9.500750247290496,0.0028146107094849013,0.003175136083049831,0.2517534578013943,0.24048933575041856
Docking-44,12,6325,6326,4157,3993,0,282.369,282.57599999999996,0.2069999999999368,0.009293373604635615,group_heldout_descriptor_adjusted_residual,0.9712524742951303,0.028747525704869714,0.06236786469344609,0.6379310344827587,14.448938268447694,14.811600052432945,-0.005330455301039432,-0.003582365836666665,0.18259650256610416,0.178893048571825
Docking-44,13,6326,6325,4070,4080,0,281.879,282.7710000000001,0.8920000000000528,0.009432656993723126,raw,0.9954553658048167,0.00454463419518325,0.0021141649048625794,0.7924528301886793,1.8534089324790355,1.8132241406975194,0.6812755518425957,0.6889786986402803,0.6900544829675,0.699241113731776
Docking-44,13,6326,6325,4070,4080,0,281.879,282.7710000000001,0.8920000000000528,0.009432656993723126,row_centered_residual,0.9915688261652261,0.008431173834773875,0.03805496828752643,0.8811881188118812,9.176003896558178,9.37264794629174,0.0023671040753235825,0.003727490749150868,0.24919869158782482,0.24312003149103562
Docking-44,13,6326,6325,4070,4080,0,281.879,282.7710000000001,0.8920000000000528,0.009432656993723126,group_heldout_descriptor_adjusted_residual,0.9869007886099803,0.013099211390019683,0.048625792811839326,0.7757009345794392,14.588707288952012,14.776021650464099,-0.004035264013567329,-0.00482779218023394,0.1815392462248056,0.17948861434798896
Docking-44,14,6319,6332,4151,3999,0,281.399,283.4175,2.0185000000000173,0.012298388769663271,raw,0.994012725812043,0.00598727418795697,0.0021141649048625794,0.7272727272727273,1.8508817418549828,1.8160984551963313,0.6816063906619992,0.6885735912104098,0.6909157310855545,0.6982966071589849
Docking-44,14,6319,6332,4151,3999,0,281.399,283.4175,2.0185000000000173,0.012298388769663271,row_centered_residual,0.9917448878623703,0.00825511213762975,0.03382663847780127,0.8269230769230769,9.529759482502513,8.985417132748063,0.0011112732220585977,0.005154630023874003,0.24186978169611587,0.25117364944080006
Docking-44,14,6319,6332,4151,3999,0,281.399,283.4175,2.0185000000000173,0.012298388769663271,group_heldout_descriptor_adjusted_residual,0.9849626924895212,0.015037307510478826,0.048625792811839326,0.7117117117117117,14.656579872681748,14.675719133108577,-0.006108279461243083,-0.0024589453219437444,0.18048892108178105,0.18108904334670953
Docking-44,15,6327,6324,4111,4039,0,282.472,282.3995,0.0724999999999909,0.01282814323361612,raw,0.993813559649369,0.006186440350630984,0.0,0.7431192660550459,1.80891025599567,1.8594938039023823,0.6899918361943072,0.6799410755394742,0.6986688132112766,0.690273893050506
Docking-44,15,6327,6324,4111,4039,0,282.472,282.3995,0.0724999999999909,0.01282814323361612,row_centered_residual,0.9907468458240786,0.00925315417592143,0.040169133192389,0.8446601941747572,9.187536647209466,9.353707472145215,0.005127801727853124,0.0009487444321814247,0.246292375923154,0.24570340465873652
Docking-44,15,6327,6324,4111,4039,0,282.472,282.3995,0.0724999999999909,0.01282814323361612,group_heldout_descriptor_adjusted_residual,0.9792833313719341,0.02071666862806587,0.05391120507399577,0.7272727272727273,14.769459533385909,14.542371792317283,-0.0024906015516066612,-0.006264526500750649,0.17980179481424374,0.18164382106476293
Docking-44,16,6325,6326,4009,4141,0,282.7710000000001,282.299,0.4720000000000937,0.008487264429751612,raw,0.992185729569389,0.007814270430611003,0.0010570824524312897,0.7924528301886793,1.864215828694164,1.802360811952131,0.6785384087227684,0.6917362979549457,0.6880914219567502,0.7011970664837244
Docking-44,16,6325,6326,4009,4141,0,282.7710000000001,282.299,0.4720000000000937,0.008487264429751612,row_centered_residual,0.9849413740133516,0.015058625986648422,0.05919661733615222,0.8811881188118812,8.916353604517642,9.631627715624427,0.0024186498564692394,0.003809558074675511,0.25388188167611764,0.2392933660634698
Docking-44,16,6325,6326,4009,4141,0,282.7710000000001,282.299,0.4720000000000937,0.008487264429751612,group_heldout_descriptor_adjusted_residual,0.9788146650846484,0.021185334915351572,0.05708245243128964,0.6379310344827587,14.448051863157074,14.88210179064506,-0.004801718570827337,-0.004008693656829672,0.18343123715922477,0.17749481751744528
Docking-44,17,6332,6319,4030,4120,0,282.275,282.7710000000001,0.4960000000000946,0.011927999034687374,raw,0.9956219730979682,0.0043780269020318174,0.0021141649048625794,0.8269230769230769,1.8405895255180864,1.8265778455383552,0.6822371735586844,0.6878500159538132,0.6923120430345644,0.6967624381656
Docking-44,17,6332,6319,4030,4120,0,282.275,282.7710000000001,0.4960000000000946,0.011927999034687374,row_centered_residual,0.9922024980250465,0.007797501974953547,0.045454545454545456,0.9,9.381807525691203,9.173712418435796,0.003631496860142545,0.002371464267394228,0.24285516841325355,0.24921803803084078
Docking-44,17,6332,6319,4030,4120,0,282.275,282.7710000000001,0.4960000000000946,0.011927999034687374,group_heldout_descriptor_adjusted_residual,0.9801346671413712,0.019865332858628793,0.05708245243128964,0.7272727272727273,14.810023255347554,14.499822408414323,-0.004154436367136133,-0.004769750538488138,0.1789972054432475,0.18251443662958486
Docking-44,18,6326,6325,4019,4131,0,282.38700000000006,282.51599999999996,0.1289999999999054,0.018719782464988583,raw,0.9931495684939854,0.006850431506014609,0.0010570824524312897,0.7757009345794392,1.8145090911200334,1.8518227262378677,0.6883795843903887,0.6818627125786934,0.6980057936322565,0.6912312505688618
Docking-44,18,6326,6325,4019,4131,0,282.38700000000006,282.51599999999996,0.1289999999999054,0.018719782464988583,row_centered_residual,0.9890414811266458,0.010958518873354195,0.040169133192389,0.8446601941747572,9.492799331607817,9.041837990565094,0.002663302215769176,0.0035049263943304006,0.23958418409668733,0.252844924704179
Docking-44,18,6326,6325,4019,4131,0,282.38700000000006,282.51599999999996,0.1289999999999054,0.018719782464988583,group_heldout_descriptor_adjusted_residual,0.9808329889811187,0.019167011018881297,0.056025369978858354,0.6964285714285714,14.778171309622753,14.535667418532258,-0.005156125162915388,-0.003829329295350428,0.1779222283002376,0.1836562985218644
Docking-44,19,6319,6332,4137,4013,0,281.74299999999994,283.33500000000004,1.5920000000000982,0.010572702506463826,raw,0.9962894511849595,0.0037105488150405153,0.003171247357293869,0.8095238095238095,1.8118440668989204,1.856111647445741,0.6902946417951363,0.6796482881450656,0.7007759312807341,0.6882247501803225
Docking-44,19,6319,6332,4137,4013,0,281.74299999999994,283.33500000000004,1.5920000000000982,0.010572702506463826,row_centered_residual,0.9928829599711945,0.0071170400288055324,0.0306553911205074,0.8446601941747572,9.431105143948598,9.121744054723122,0.002434415628394491,0.0034965512261845287,0.243471002203002,0.24886305759911181
Docking-44,19,6319,6332,4137,4013,0,281.74299999999994,283.33500000000004,1.5920000000000982,0.010572702506463826,group_heldout_descriptor_adjusted_residual,0.9845270244818388,0.01547297551816118,0.0507399577167019,0.6814159292035398,14.38560960475239,14.956039799076907,-0.0039395724222534255,-0.004915601814727887,0.18310006134827386,0.17814265065696008
Docking-44,20,6330,6321,4094,4056,0,281.44300000000004,282.7710000000001,1.3280000000000314,0.013273066307973647,raw,0.9941912963990024,0.005808703600997611,0.0021141649048625794,0.7272727272727273,1.8388627769530477,1.8279422133833636,0.6835484664854564,0.68661996810034,0.6937327099026639,0.6954155511254511
Docking-44,20,6330,6321,4094,4056,0,281.44300000000004,282.7710000000001,1.3280000000000314,0.013273066307973647,row_centered_residual,0.990339059094738,0.009660940905262039,0.045454545454545456,0.8095238095238095,9.037921709651254,9.508071081753007,0.003350859465909233,0.0026970997048137075,0.25159221187015224,0.24073083533431017
Docking-44,20,6330,6321,4094,4056,0,281.44300000000004,282.7710000000001,1.3280000000000314,0.013273066307973647,group_heldout_descriptor_adjusted_residual,0.9836049862129771,0.016395013787022905,0.05179704016913319,0.6814159292035398,14.491482572194407,14.843471827410784,-0.003543819085777187,-0.005327048085063924,0.18318874876157898,0.17828390484593426
Docking-44,21,6325,6326,4083,4067,0,282.39000000000004,282.51599999999996,0.1259999999999195,0.007799120012896147,raw,0.9927153037636569,0.007284696236343091,0.0021141649048625794,0.8095238095238095,1.8094529967173245,1.8566509472447865,0.6886817788823153,0.6815708531348836,0.6993067082734651,0.6900280491443539
Docking-44,21,6325,6326,4083,4067,0,282.39000000000004,282.51599999999996,0.1259999999999195,0.007799120012896147,row_centered_residual,0.98700782040091,0.012992179599090048,0.0507399577167019,0.8269230769230769,9.599716180209521,8.94999121185941,0.0037899219292579574,0.0023985665181011293,0.23815906904209544,0.25447237338273476
Docking-44,21,6325,6326,4083,4067,0,282.39000000000004,282.51599999999996,0.1259999999999195,0.007799120012896147,group_heldout_descriptor_adjusted_residual,0.9839004115323458,0.016099588467654247,0.048625792811839326,0.6521739130434783,15.115308914666318,14.251656967588968,-0.004914996359000936,-0.0038541443304019843,0.17561622990915743,0.18533348364128405
Docking-44,22,6322,6329,4031,4119,0,281.7955,283.19899999999996,1.4034999999999513,0.012276661030515442,raw,0.9973643191147671,0.002635680885232916,0.0010570824524312897,0.7757009345794392,1.8122956274021567,1.8560747749699036,0.6898962521587755,0.6800667225642001,0.6990852289670382,0.6898550495946361
Docking-44,22,6322,6329,4031,4119,0,281.7955,283.19899999999996,1.4034999999999513,0.012276661030515442,row_centered_residual,0.9946500546976959,0.005349945302304149,0.02959830866807611,0.8269230769230769,9.160118803051995,9.399341632349255,0.003299194489137513,0.0026124698828249742,0.24676437568237497,0.24543974228700563
Docking-44,22,6322,6329,4031,4119,0,281.7955,283.19899999999996,1.4034999999999513,0.012276661030515442,group_heldout_descriptor_adjusted_residual,0.9841418744589097,0.01585812554109034,0.045454545454545456,0.7272727272727273,15.077188893380228,14.299361314264468,-0.004677014870836549,-0.0042504741243715345,0.17654564641753093,0.18432758590013237
Docking-44,23,6321,6330,4082,4068,0,282.39000000000004,282.49399999999997,0.10399999999992815,0.009353160419904763,raw,0.9959546348780403,0.004045365121959743,0.0010570824524312897,0.7592592592592593,1.8343716843121685,1.832857345908907,0.6855707368720663,0.68453991961382,0.695330519475235,0.6937701353949898
Docking-44,23,6321,6330,4082,4068,0,282.39000000000004,282.49399999999997,0.10399999999992815,0.009353160419904763,row_centered_residual,0.9938611009851892,0.006138899014810795,0.03488372093023256,0.9,9.325637296730378,9.226274164673223,0.0023617870889166403,0.003619365776420526,0.24597165556195458,0.24625508063211196
Docking-44,23,6321,6330,4082,4068,0,282.39000000000004,282.49399999999997,0.10399999999992815,0.009353160419904763,group_heldout_descriptor_adjusted_residual,0.9788521141631329,0.02114788583686711,0.06342494714587738,0.6814159292035398,14.575475306657943,14.718748678182916,-0.005450935775237056,-0.0033729466791380816,0.18175867742424406,0.1800122892092388
Docking-44,24,6324,6327,4046,4104,0,281.35350000000005,283.24399999999997,1.8904999999999177,0.015486699122971969,raw,0.9961520434003919,0.0038479565996081266,0.0010570824524312897,0.7272727272727273,1.8240723456290873,1.8427340973134505,0.68606992216226,0.6841169426884892,0.6965847122916581,0.6926321116716972
Docking-44,24,6324,6327,4046,4104,0,281.35350000000005,283.24399999999997,1.8904999999999177,0.015486699122971969,row_centered_residual,0.9931265349010493,0.006873465098950704,0.03488372093023256,0.8627450980392157,9.414478389562834,9.144281565423531,0.003799113206411891,0.002159231185670274,0.24368175194398303,0.24857005304077925
Docking-44,24,6324,6327,4046,4104,0,281.35350000000005,283.24399999999997,1.8904999999999177,0.015486699122971969,group_heldout_descriptor_adjusted_residual,0.9856687819655328,0.014331218034467241,0.04439746300211417,0.7592592592592593,14.918435365401566,14.450808157504884,-0.003468776269120261,-0.005381979299479854,0.17861348362782173,0.1826866669424411
Docking-44,25,6328,6323,4040,4110,0,282.77250000000004,281.44300000000004,1.329499999999996,0.009764784235427301,raw,0.9966053586838931,0.0033946413161068945,0.0010570824524312897,0.7924528301886793,1.8252848669697679,1.8421686300178652,0.6866987550446175,0.6833669165080067,0.6957531419510802,0.6933290613738579
Docking-44,25,6328,6323,4040,4110,0,282.77250000000004,281.44300000000004,1.329499999999996,0.009764784235427301,row_centered_residual,0.9922261127732507,0.007773887226749321,0.039112050739957716,0.8446601941747572,9.337020421102265,9.2142754854257,0.002856442729728163,0.0030374503064197417,0.24494490432262864,0.24736995443606632
Docking-44,25,6328,6323,4040,4110,0,282.77250000000004,281.44300000000004,1.329499999999996,0.009764784235427301,group_heldout_descriptor_adjusted_residual,0.9859116056458948,0.01408839435410525,0.042283298097251586,0.7117117117117117,14.734933376405058,14.621987984847227,-0.0037666419494835793,-0.005083521165989385,0.18018271415645223,0.18083197516962432
Docking-44,26,6327,6324,4014,4136,0,281.827,282.7710000000001,0.9440000000000737,0.012213926700094682,raw,0.9975283324709908,0.0024716675290091805,0.0010570824524312897,0.8269230769230769,1.823887824409324,1.8432922959081879,0.6877153519069332,0.6824484509223737,0.6972546833216986,0.6919147800763987
Docking-44,26,6327,6324,4014,4136,0,281.827,282.7710000000001,0.9440000000000737,0.012213926700094682,row_centered_residual,0.9953784265171509,0.004621573482849084,0.02854122621564482,0.9,9.383894019430404,9.19325536820352,0.0029864792273021044,0.0029292934214494096,0.24433684455877727,0.2476807297294206
Docking-44,26,6327,6324,4014,4136,0,281.827,282.7710000000001,0.9440000000000737,0.012213926700094682,group_heldout_descriptor_adjusted_residual,0.9894550510596284,0.010544948940371612,0.04439746300211417,0.7592592592592593,14.655308583650628,14.733798384004062,-0.004492769790851256,-0.004389720955442969,0.1809665902564855,0.17996784169380778
Docking-44,27,6335,6316,4113,4037,0,282.3430000000001,282.586,0.24299999999993815,0.00821743852947601,raw,0.9972627161645111,0.0027372838354888795,0.003171247357293869,0.8095238095238095,1.829753407399607,1.8376087925792115,0.6862496735125696,0.6837950534974614,0.696487412452268,0.6925695952653634
Docking-44,27,6335,6316,4113,4037,0,282.3430000000001,282.586,0.24299999999993815,0.00821743852947601,row_centered_residual,0.9946798920596224,0.0053201079403776275,0.042283298097251586,0.9,9.180076637895453,9.38794582425735,0.002977174668234138,0.0029499414389982073,0.24734116581760798,0.24496125728156035
Docking-44,27,6335,6316,4113,4037,0,282.3430000000001,282.586,0.24299999999993815,0.00821743852947601,group_heldout_descriptor_adjusted_residual,0.9867356412922582,0.013264358707741786,0.052854122621564484,0.7431192660550459,14.518497852471551,14.851397462298925,-0.004612209886815442,-0.0042905137685960255,0.18183123247433688,0.17928831118824629
Docking-44,28,6328,6323,4058,4092,0,282.62350000000004,282.38700000000006,0.23649999999997817,0.00943733201266102,raw,0.9958514585562053,0.004148541443794729,0.0021141649048625794,0.7757009345794392,1.826187280000263,1.8408267055947953,0.6854955694682567,0.6846089560223336,0.6963462327036315,0.692803742430201
Docking-44,28,6328,6323,4058,4092,0,282.62350000000004,282.38700000000006,0.23649999999997817,0.00943733201266102,row_centered_residual,0.991753973728876,0.00824602627112403,0.03488372093023256,0.8269230769230769,8.929841388689221,9.612177056847035,0.0043204413003604765,0.0016960950758525698,0.2530566516590153,0.23942432938454816
Docking-44,28,6328,6323,4058,4092,0,282.62350000000004,282.38700000000006,0.23649999999997817,0.00943733201266102,group_heldout_descriptor_adjusted_residual,0.9853818471828835,0.014618152817116536,0.04439746300211417,0.6666666666666666,14.791783943530412,14.565195083704783,-0.004180413969115724,-0.004692654973961301,0.1805652488839544,0.18070112555418688
Docking-44,29,6324,6327,4013,4137,0,283.329,281.37600000000003,1.9529999999999745,0.01830683174935647,raw,0.9944895566221171,0.005510443377882868,0.0021141649048625794,0.7272727272727273,1.7930245021414568,1.8751782670140302,0.6936115361062892,0.6765306651019931,0.704061337016471,0.6850748599252542
Docking-44,29,6324,6327,4013,4137,0,283.329,281.37600000000003,1.9529999999999745,0.01830683174935647,row_centered_residual,0.9882212584258211,0.011778741574178908,0.046511627906976744,0.8269230769230769,9.349557229517902,9.180739950402298,0.004356287147433013,0.0017657288683807946,0.24367367821474653,0.2489520645212197
Docking-44,29,6324,6327,4013,4137,0,283.329,281.37600000000003,1.9529999999999745,0.01830683174935647,group_heldout_descriptor_adjusted_residual,0.9810965074588265,0.018903492541173517,0.06553911205073996,0.6814159292035398,15.232743419819574,14.159606667663757,-0.005050978735871533,-0.0039038495495357256,0.17535739078276336,0.18587093953607337
Docking-44,30,6323,6328,4114,4036,0,283.33500000000004,281.4655,1.8695000000000164,0.010536378837279188,raw,0.9959200490523392,0.004079950947660782,0.0010570824524312897,0.8269230769230769,1.841299488949701,1.8257056769310096,0.6837038469426303,0.686402469880788,0.6937755675889226,0.6953531510877629
Docking-44,30,6323,6328,4114,4036,0,283.33500000000004,281.4655,1.8695000000000164,0.010536378837279188,row_centered_residual,0.991440617643314,0.008559382356685963,0.042283298097251586,0.8811881188118812,9.152707060695517,9.386247916600444,0.0030109543439772414,0.0028943959678851897,0.249745572048752,0.24299367299001365
Docking-44,30,6323,6328,4114,4036,0,283.33500000000004,281.4655,1.8695000000000164,0.010536378837279188,group_heldout_descriptor_adjusted_residual,0.9808678724717133,0.019132127528286746,0.06342494714587738,0.7117117117117117,14.844478400769432,14.466071075810506,-0.0054318230486208145,-0.0035332439929927997,0.17913787600933873,0.18242077441537813
Docking-44,31,6325,6326,4081,4069,0,282.299,282.764,0.46500000000003183,0.012595612060896808,raw,0.9960817661365289,0.003918233863471121,0.0010570824524312897,0.7924528301886793,1.843698077200396,1.82370071097721,0.6825627308698996,0.6875197285006013,0.6921288439707498,0.6969531616418772
Docking-44,31,6325,6326,4081,4069,0,282.299,282.764,0.46500000000003183,0.012595612060896808,row_centered_residual,0.9931546571462093,0.006845342853790681,0.040169133192389,0.9,9.321261655313261,9.235160907575908,0.002485590944180851,0.003486782366123557,0.2459684557420998,0.2463708117389712
Docking-44,31,6325,6326,4081,4069,0,282.299,282.764,0.46500000000003183,0.012595612060896808,group_heldout_descriptor_adjusted_residual,0.9825574184062433,0.017442581593756668,0.05813953488372093,0.6521739130434783,14.803430715496713,14.525773999573673,-0.004945727862805045,-0.003893889318438615,0.179186001660259,0.18272901108836437
Docking-44,32,6308,6343,4061,4089,0,282.6465,282.36500000000007,0.28149999999993724,0.013835497486681628,raw,0.9972291083806024,0.0027708916193975863,0.0021141649048625794,0.7924528301886793,1.8192707483563026,1.8482602611663161,0.6880249996746384,0.6820225965847081,0.6966930941345658,0.6924246299116635
Docking-44,32,6308,6343,4061,4089,0,282.6465,282.36500000000007,0.28149999999993724,0.013835497486681628,row_centered_residual,0.9938788616571578,0.006121138342842225,0.03276955602536998,0.8811881188118812,9.441592638261746,9.131182729841063,0.003499227198166906,0.0024319724014163677,0.24261422686605358,0.24939715831490064
Docking-44,32,6308,6343,4061,4089,0,282.6465,282.36500000000007,0.28149999999993724,0.013835497486681628,group_heldout_descriptor_adjusted_residual,0.9876838173736578,0.012316182626342154,0.046511627906976744,0.6964285714285714,15.005417392126532,14.38723471605546,-0.004263754626168947,-0.0046142164492015535,0.17687675254960908,0.18381762570371923
Docking-44,33,6325,6326,4019,4131,0,282.448,282.4115,0.03649999999998954,0.009680133060248251,raw,0.9905218111647224,0.009478188835277623,0.0021141649048625794,0.7592592592592593,1.8705762003539015,1.7963130023705722,0.678969442254083,0.6912524589312129,0.6878555754314205,0.7013889663647084
Docking-44,33,6325,6326,4019,4131,0,282.448,282.4115,0.03649999999998954,0.009680133060248251,row_centered_residual,0.9832622463500879,0.016737753649912146,0.05496828752642706,0.7924528301886793,9.025690711710945,9.504358475400188,0.0012558456510137275,0.005039003741708463,0.25210351289894833,0.24080849450432737
Docking-44,33,6325,6326,4019,4131,0,282.448,282.4115,0.03649999999998954,0.009680133060248251,group_heldout_descriptor_adjusted_residual,0.9763281851835669,0.0236718148164331,0.06236786469344609,0.6379310344827587,14.455327973649629,14.826745038475659,-0.005737931605734662,-0.0029649234884701874,0.18280195421456238,0.17888717920322522
Docking-44,34,6325,6326,4119,4031,0,282.387,282.751,0.3639999999999759,0.008121498702262699,raw,0.9956996919841642,0.004300308015835808,0.003171247357293869,0.7757009345794392,1.8063710934093467,1.8606671169342148,0.6927367605799731,0.6774361204775403,0.7017060476400967,0.6874847160827042
Docking-44,34,6325,6326,4119,4031,0,282.387,282.751,0.3639999999999759,0.008121498702262699,row_centered_residual,0.9901998369717726,0.009800163028227393,0.042283298097251586,0.8446601941747572,9.728567902385267,8.865756665776285,0.002244454129393491,0.0036191187709540182,0.2383744055248596,0.2539057766898084
Docking-44,34,6325,6326,4119,4031,0,282.387,282.751,0.3639999999999759,0.008121498702262699,group_heldout_descriptor_adjusted_residual,0.9810541398223429,0.018945860177657092,0.052854122621564484,0.6964285714285714,14.468147100156502,14.852205951347974,-0.0038357897454817783,-0.005082041153308702,0.18229605391520423,0.17916145439956346
Docking-44,35,6326,6325,3962,4188,0,283.355,281.39900000000006,1.9559999999999604,0.011000738529364352,raw,0.9955899103366012,0.004410089663398842,0.0,0.7592592592592593,1.855286084098085,1.812921755278149,0.6799039959311421,0.6900412948469496,0.6896197399790496,0.699308406147604
Docking-44,35,6326,6325,3962,4188,0,283.355,281.39900000000006,1.9559999999999604,0.011000738529364352,row_centered_residual,0.9921563457920618,0.0078436542079382,0.03382663847780127,0.8269230769230769,8.925583904316822,9.645819517588555,0.0033560286851134114,0.002633130473738804,0.25301939792206124,0.23931043026208584
Docking-44,35,6326,6325,3962,4188,0,283.355,281.39900000000006,1.9559999999999604,0.011000738529364352,group_heldout_descriptor_adjusted_residual,0.9862823968813507,0.013717603118649335,0.04439746300211417,0.6814159292035398,14.497663711663662,14.869370049036315,-0.0037855897971653452,-0.005023974905542588,0.18340690815018348,0.17765654364796257
Docking-44,36,6325,6326,4080,4070,0,282.51599999999996,282.3885,0.12749999999994088,0.009795398624660882,raw,0.9864121079022481,0.013587892097751908,0.0010570824524312897,0.5573770491803278,1.7942212176792762,1.8709718418854764,0.6919470120105756,0.6786171012407309,0.7020469171564698,0.6875487252035268
Docking-44,36,6325,6326,4080,4070,0,282.51599999999996,282.3885,0.12749999999994088,0.009795398624660882,row_centered_residual,0.9770055712591502,0.02299442874084978,0.05919661733615222,0.6521739130434783,9.036049501494393,9.370453205421283,0.007428462117844917,-0.0005810722123242903,0.24724958536241098,0.2466085317430703
Docking-44,36,6325,6326,4080,4070,0,282.51599999999996,282.3885,0.12749999999994088,0.009795398624660882,group_heldout_descriptor_adjusted_residual,0.9657732999055657,0.03422670009443429,0.0708245243128964,0.6101694915254238,14.906552067296495,14.31820481410758,-0.0012505394841427005,-0.006964765771261218,0.17805694278841414,0.1841441018469777
Docking-44,37,6327,6324,4090,4060,0,282.774,282.22249999999997,0.5515000000000327,0.007531800251264947,raw,0.9949006460143217,0.00509935398567829,0.0021141649048625794,0.7592592592592593,1.8382960756252287,1.828362041639703,0.6830197066015213,0.6871676050894526,0.6937985346639931,0.6953784068855382
Docking-44,37,6327,6324,4090,4060,0,282.774,282.22249999999997,0.5515000000000327,0.007531800251264947,row_centered_residual,0.9896338626134061,0.010366137386593866,0.048625792811839326,0.8627450980392157,8.85813679413569,9.733022299024398,0.0029544333941980655,0.0030234717592334853,0.25482884376216136,0.2372549063830206
Docking-44,37,6327,6324,4090,4060,0,282.774,282.22249999999997,0.5515000000000327,0.007531800251264947,group_heldout_descriptor_adjusted_residual,0.9793370102743642,0.02066298972563585,0.05708245243128964,0.6964285714285714,14.74126689321404,14.59410137093882,-0.005411886114888252,-0.003480471258989453,0.18032699880482936,0.18085289452666517
Docking-44,38,6329,6322,4063,4087,0,281.44300000000004,282.771,1.3279999999999745,0.01120308144034413,raw,0.9926267555451515,0.007373244454848549,0.0021141649048625794,0.6964285714285714,1.8156051920880705,1.851215458510442,0.6900217405651631,0.6801272288002373,0.6989156368480335,0.690250216244835
Docking-44,38,6329,6322,4063,4087,0,281.44300000000004,282.771,1.3279999999999745,0.01120308144034413,row_centered_residual,0.9887299960775563,0.011270003922443705,0.040169133192389,0.8269230769230769,9.011134922658204,9.49750300233168,0.004138811610678706,0.00195362639126661,0.2519601169294747,0.2411408480326642
Docking-44,38,6329,6322,4063,4087,0,281.44300000000004,282.771,1.3279999999999745,0.01120308144034413,group_heldout_descriptor_adjusted_residual,0.9775565631512192,0.022443436848780807,0.05179704016913319,0.6666666666666666,14.408589285719847,14.879027244243558,-0.0032026259040287314,-0.0056173294363472265,0.18384013795075557,0.17795397945434466
Docking-44,39,6324,6327,4011,4139,0,282.45799999999997,282.411,0.04699999999996862,0.01258596557208362,raw,0.9958734999328304,0.004126500067169636,0.003171247357293869,0.8095238095238095,1.8443545379197213,1.823485933456513,0.6836587567443473,0.6863310295535796,0.6931264808794827,0.695971295753913
Docking-44,39,6324,6327,4011,4139,0,282.45799999999997,282.411,0.04699999999996862,0.01258596557208362,row_centered_residual,0.9915599103929448,0.008440089607055223,0.04334038054968287,0.7924528301886793,9.286138489307824,9.263565073613195,0.0030605529639714255,0.002832148220174021,0.24734537333188814,0.244939103862665
Docking-44,39,6324,6327,4011,4139,0,282.45799999999997,282.411,0.04699999999996862,0.01258596557208362,group_heldout_descriptor_adjusted_residual,0.9794816754125217,0.020518324587478265,0.05708245243128964,0.7272727272727273,14.617380571982709,14.683772878225465,-0.004268126718594117,-0.004669436989470631,0.18185486241205115,0.17985030507417532
Docking-44,40,6322,6329,4127,4023,0,282.32150000000007,282.77099999999996,0.44949999999988677,0.015570552968466562,raw,0.9917606215781604,0.008239378421839638,0.003171247357293869,0.7924528301886793,1.8165597071876836,1.8491105983714187,0.6874673137314992,0.682871040838861,0.6981242632726724,0.691269928668477
Docking-44,40,6322,6329,4127,4023,0,282.32150000000007,282.77099999999996,0.44949999999988677,0.015570552968466562,row_centered_residual,0.984875065614733,0.015124934385266964,0.04756871035940803,0.8269230769230769,9.743088164378964,8.811731216863958,0.0026744089507994354,0.003503972294782517,0.23614988348236368,0.2564150913591831
Docking-44,40,6322,6329,4127,4023,0,282.32150000000007,282.77099999999996,0.44949999999988677,0.015570552968466562,group_heldout_descriptor_adjusted_residual,0.9826507859611171,0.0173492140388829,0.04756871035940803,0.6814159292035398,15.216531800527154,14.168598622684383,-0.005826635043950775,-0.0030182556451007407,0.17462346626362948,0.18609064118351343
Docking-44,41,6327,6324,4081,4069,0,282.77099999999996,281.7955,0.9754999999999541,0.007771353696650811,raw,0.9974100461121899,0.002589953887810137,0.0021141649048625794,0.8095238095238095,1.8145233167760464,1.8531522712586574,0.6896799870164133,0.6803767654609882,0.6989959635585792,0.6900753627581871
Docking-44,41,6327,6324,4081,4069,0,282.77099999999996,281.7955,0.9754999999999541,0.007771353696650811,row_centered_residual,0.9952212878025112,0.004778712197488821,0.03171247357293869,0.9191919191919192,9.346850021957207,9.222336878083683,0.003302330098777103,0.0026354823317728763,0.24447408052725217,0.24769435780310756
Docking-44,41,6327,6324,4081,4069,0,282.77099999999996,281.7955,0.9754999999999541,0.007771353696650811,group_heldout_descriptor_adjusted_residual,0.9867059881990753,0.01329401180092471,0.040169133192389,0.6814159292035398,14.811585967172503,14.556733833910663,-0.004169169519032902,-0.00471000949700631,0.17892488192060274,0.18199403485036972
Docking-44,42,6345,6306,4029,4121,0,282.63599999999997,282.33950000000004,0.2964999999999236,0.006968934235772303,raw,0.9959346771556687,0.004065322844331254,0.004228329809725159,0.7592592592592593,1.8519574961669707,1.815552591135321,0.6803411698813461,0.6897200687928822,0.6912194404492233,0.697899072012221
Docking-44,42,6345,6306,4029,4121,0,282.63599999999997,282.33950000000004,0.2964999999999236,0.006968934235772303,row_centered_residual,0.9928244900814335,0.007175509918566525,0.039112050739957716,0.8811881188118812,9.400137979696956,9.135091819805183,0.0010338401194069735,0.005129255662245613,0.24312187897530815,0.24941997493716925
Docking-44,42,6345,6306,4029,4121,0,282.63599999999997,282.33950000000004,0.2964999999999236,0.006968934235772303,group_heldout_descriptor_adjusted_residual,0.9827199292634816,0.017280070736518383,0.05391120507399577,0.6964285714285714,14.774330050182627,14.545567227549668,-0.005776284136700531,-0.0030057714077937015,0.1791313165887231,0.18224146905805086
Docking-44,43,6328,6323,3971,4179,0,282.44999999999993,282.412,0.03799999999995407,0.00834648274025376,raw,0.9962115905535761,0.0037884094464238904,0.0,0.8446601941747572,1.8213540642248207,1.8463223528123236,0.68800488232871,0.6819676275029342,0.6973593604173791,0.6916056834057467
Docking-44,43,6328,6323,3971,4179,0,282.44999999999993,282.412,0.03799999999995407,0.00834648274025376,row_centered_residual,0.9923549307994679,0.007645069200532095,0.02748414376321353,0.8269230769230769,9.44511649336464,9.116536082309874,0.0025779158105078918,0.0033228699512917828,0.24364721072616563,0.24827407727125564
Docking-44,43,6328,6323,3971,4179,0,282.44999999999993,282.412,0.03799999999995407,0.00834648274025376,group_heldout_descriptor_adjusted_residual,0.9848424642216541,0.015157535778345888,0.046511627906976744,0.7272727272727273,14.682924220772094,14.672134957075594,-0.0041694154865264624,-0.004748219452722371,0.18041152510544553,0.18053780886101273
Docking-44,44,6324,6327,4104,4046,0,282.77099999999996,282.3430000000001,0.4279999999998836,0.014672067453451653,raw,0.996539603091505,0.003460396908494978,0.003171247357293869,0.7924528301886793,1.8342704028595547,1.8327336763503503,0.6829148945176737,0.687212775854994,0.6940287016932385,0.6951361711282269
Docking-44,44,6324,6327,4104,4046,0,282.77099999999996,282.3430000000001,0.4279999999998836,0.014672067453451653,row_centered_residual,0.9926554164220233,0.007344583577976738,0.03805496828752643,0.8811881188118812,9.096634026047756,9.46245162457026,0.003388158232965606,0.0025107339034839654,0.24853753181781196,0.2438499823447378
Docking-44,44,6324,6327,4104,4046,0,282.77099999999996,282.3430000000001,0.4279999999998836,0.014672067453451653,group_heldout_descriptor_adjusted_residual,0.9811198812402122,0.01888011875978779,0.05813953488372093,0.6964285714285714,14.72587853579859,14.573690218729128,-0.0051094544004913365,-0.0038209471036830343,0.1801699182871555,0.18152980795053406
Docking-44,45,6325,6326,4130,4020,0,282.38700000000006,282.51599999999996,0.1289999999999054,0.01094408045596378,raw,0.994589898040206,0.005410101959793967,0.0010570824524312897,0.7431192660550459,1.8439125702980976,1.8230653307914189,0.682323562360867,0.6877727448809058,0.6917469542004664,0.6973343638767943
Docking-44,45,6325,6326,4130,4020,0,282.38700000000006,282.51599999999996,0.1289999999999054,0.01094408045596378,row_centered_residual,0.9919443516899376,0.008055648310062447,0.03276955602536998,0.8095238095238095,9.412955218071822,9.134759393393677,0.0025205270497201844,0.003489221559286185,0.24215464938013004,0.24969997378338663
Docking-44,45,6325,6326,4130,4020,0,282.38700000000006,282.51599999999996,0.1289999999999054,0.01094408045596378,group_heldout_descriptor_adjusted_residual,0.9854454482484245,0.014554551751575495,0.046511627906976744,0.6814159292035398,14.763136424816453,14.589418340783137,-0.005279681433811754,-0.0036425226723186045,0.17941446041406908,0.18168794010978698
Docking-44,46,6312,6339,3994,4156,0,281.399,283.331,1.9320000000000164,0.009271622288722657,raw,0.9958101823576637,0.00418981764233628,0.003171247357293869,0.7431192660550459,1.8310014064094824,1.8360826120247427,0.6844226662488849,0.6856443120223906,0.6953596725850834,0.6938049123213561
Docking-44,46,6312,6339,3994,4156,0,281.399,283.331,1.9320000000000164,0.009271622288722657,row_centered_residual,0.9927521575123549,0.007247842487645095,0.03805496828752643,0.8095238095238095,9.221285015636866,9.325326529347175,0.003908326988160284,0.002105371985834336,0.24576558619377192,0.2464600425221207
Docking-44,46,6312,6339,3994,4156,0,281.399,283.331,1.9320000000000164,0.009271622288722657,group_heldout_descriptor_adjusted_residual,0.9853520381699944,0.014647961830005607,0.05708245243128964,0.7117117117117117,14.796543906312797,14.563955712306376,-0.00405113578935476,-0.0047788238429867826,0.17917161864990627,0.18191439509097493
Docking-44,47,6322,6329,4072,4078,0,282.51599999999996,282.38700000000006,0.1289999999999054,0.012645226032290662,raw,0.9942839127043837,0.0057160872956163455,0.0,0.8095238095238095,1.8788075547125835,1.7914768404634351,0.6755857933002479,0.6940939664404452,0.6847906811407097,0.7038646612422175
Docking-44,47,6322,6329,4072,4078,0,282.51599999999996,282.38700000000006,0.1289999999999054,0.012645226032290662,row_centered_residual,0.9917960862240227,0.00820391377597729,0.03805496828752643,0.8446601941747572,9.090842845896546,9.464398573760594,0.0021216705283133505,0.003952945086976062,0.2501746583541677,0.2420602423004368
Docking-44,47,6322,6329,4072,4078,0,282.51599999999996,282.38700000000006,0.1289999999999054,0.012645226032290662,group_heldout_descriptor_adjusted_residual,0.9851318937196003,0.014868106280399696,0.048625792811839326,0.5966386554621849,14.172671154012752,15.203336223902495,-0.004040224013973611,-0.0048371822395142225,0.18664100044358922,0.17429871204423358
Docking-44,48,6345,6306,4056,4094,0,283.375,281.399,1.975999999999999,0.01888418774869369,raw,0.9965311692528607,0.0034688307471393287,0.0021141649048625794,0.7757009345794392,1.8241613296096273,1.8432613023811235,0.6870963893666889,0.6829966326064484,0.6973652141482287,0.6916649911686029
Docking-44,48,6345,6306,4056,4094,0,283.375,281.399,1.975999999999999,0.01888418774869369,row_centered_residual,0.9932550977859295,0.006744902214070536,0.0412262156448203,0.8095238095238095,9.486357804561113,9.07189855650385,0.002987092034153682,0.0029578065234913977,0.24288061336848873,0.24964205910615428
Docking-44,48,6345,6306,4056,4094,0,283.375,281.399,1.975999999999999,0.01888418774869369,group_heldout_descriptor_adjusted_residual,0.9859009322332912,0.014099067766708773,0.046511627906976744,0.7272727272727273,14.800515943486662,14.551559123018018,-0.004431412644056601,-0.00441288097121112,0.17992783862447978,0.18127921934060928
Docking-44,49,6320,6331,4180,3970,0,282.40999999999997,282.4679999999999,0.05799999999993588,0.010135004768578964,raw,0.9961971750680277,0.0038028249319722596,0.0021141649048625794,0.8269230769230769,1.8423195978475873,1.826087663980293,0.6841198975971097,0.6856830410047116,0.6933308794401047,0.6955055358016884
Docking-44,49,6320,6331,4180,3970,0,282.40999999999997,282.4679999999999,0.05799999999993588,0.010135004768578964,row_centered_residual,0.9938695631728709,0.006130436827129104,0.0306553911205074,0.9191919191919192,9.593019782010987,8.96547507675785,0.0015113508142735137,0.0045355981411590645,0.23986608454627004,0.25247492257271814
Docking-44,49,6320,6331,4180,3970,0,282.40999999999997,282.4679999999999,0.05799999999993588,0.010135004768578964,group_heldout_descriptor_adjusted_residual,0.9848656253852588,0.015134374614741208,0.04756871035940803,0.6814159292035398,14.945467579081775,14.399112704393245,-0.005770482328123815,-0.003044132696333195,0.17710202895940938,0.1840821542942535
Docking-44,50,6322,6329,4051,4099,0,281.879,282.77099999999996,0.8919999999999391,0.008820317576219377,raw,0.9947908076686837,0.005209192331316337,0.0021141649048625794,0.7272727272727273,1.8259610644287445,1.8409863423574102,0.6866198336523122,0.6835085819498478,0.696413799570811,0.6927007598325091
Docking-44,50,6322,6329,4051,4099,0,281.879,282.77099999999996,0.8919999999999391,0.008820317576219377,row_centered_residual,0.9899682962083196,0.01003170379168039,0.04334038054968287,0.8095238095238095,9.794346836223827,8.772079864557469,0.0015364513809604577,0.004518392177991528,0.23629685271204537,0.25678460010623594
Docking-44,50,6322,6329,4051,4099,0,281.879,282.77099999999996,0.8919999999999391,0.008820317576219377,group_heldout_descriptor_adjusted_residual,0.984854384991906,0.015145615008093971,0.046511627906976744,0.6964285714285714,15.417257671874596,13.961858742821807,-0.006067798496033917,-0.0026377010938613953,0.17263644842750342,0.18838870732448018
Docking-44,51,6329,6322,4114,4036,0,281.35900000000004,282.82499999999993,1.4659999999998945,0.010000290413326143,raw,0.9951938317597312,0.004806168240268804,0.0021141649048625794,0.7431192660550459,1.8047313025367482,1.864186050387654,0.6908333086043059,0.6790460431636458,0.7010546996497425,0.687834562563721
Docking-44,51,6329,6322,4114,4036,0,281.35900000000004,282.82499999999993,1.4659999999998945,0.010000290413326143,row_centered_residual,0.991840098104679,0.008159901895321009,0.040169133192389,0.7924528301886793,8.922950487769974,9.620055043261823,0.005051373246321682,0.000989588283124028,0.2524971872880984,0.24027026430988396
Docking-44,51,6329,6322,4114,4036,0,281.35900000000004,282.82499999999993,1.4659999999998945,0.010000290413326143,group_heldout_descriptor_adjusted_residual,0.984803385073516,0.015196614926484053,0.046511627906976744,0.7117117117117117,14.985195420445246,14.38635585436084,-0.00331857953622051,-0.005504244719613341,0.1778599401831629,0.18300399716337246
Docking-44,52,6320,6331,4044,4106,0,282.77250000000004,281.76300000000003,1.0095000000000027,0.00929865400110767,raw,0.9944436737049883,0.005556326295011682,0.0021141649048625794,0.7924528301886793,1.817278288103126,1.8494636531426096,0.6889281883842053,0.6812527950762267,0.6978729571373097,0.6913240797858847
Docking-44,52,6320,6331,4044,4106,0,282.77250000000004,281.76300000000003,1.0095000000000027,0.00929865400110767,row_centered_residual,0.9908870743378735,0.009112925662126514,0.03699788583509514,0.8627450980392157,9.4563657092878,9.094992810779429,0.003502357535952103,0.0025927698708322626,0.24085100319051864,0.2511306229301591
Docking-44,52,6320,6331,4044,4106,0,282.77250000000004,281.76300000000003,1.0095000000000027,0.00929865400110767,group_heldout_descriptor_adjusted_residual,0.9840181309103976,0.01598186908960242,0.04439746300211417,0.7272727272727273,14.80447878077903,14.54785894777746,-0.0046573794215922695,-0.004248464587766515,0.17813686788309124,0.18262407952781826
Docking-44,53,6328,6323,4131,4019,0,282.37800000000004,282.771,0.39299999999997226,0.01244853286808559,raw,0.9927309382578161,0.007269061742183891,0.0010570824524312897,0.8269230769230769,1.8772686565554142,1.7899766598944837,0.6763095361970279,0.6939529871676519,0.6861743198239717,0.7030866946970201
Docking-44,53,6328,6323,4131,4019,0,282.37800000000004,282.771,0.39299999999997226,0.01244853286808559,row_centered_residual,0.9806296980334944,0.019370301966505576,0.06025369978858351,0.7924528301886793,8.827053643421175,9.725955556093146,0.002604150293231657,0.0035357198390315973,0.2564961875503292,0.23608205621678152
Docking-44,53,6328,6323,4131,4019,0,282.37800000000004,282.771,0.39299999999997226,0.01244853286808559,group_heldout_descriptor_adjusted_residual,0.9795710032295577,0.020428996770442298,0.05919661733615222,0.6666666666666666,14.55152470327203,14.757495745985741,-0.004787482184222924,-0.004141790847894044,0.18242257171279297,0.17890069889443602
Docking-44,54,6323,6328,4113,4037,0,281.39899999999994,283.373,1.9740000000000464,0.014035883885071918,raw,0.9955127300821167,0.004487269917883285,0.0021141649048625794,0.7757009345794392,1.7981624287820286,1.870333662034015,0.692932504317482,0.6770799815591654,0.7015998475373049,0.6874255257651002
Docking-44,54,6323,6328,4113,4037,0,281.39899999999994,283.373,1.9740000000000464,0.014035883885071918,row_centered_residual,0.9918696378017121,0.008130362198287888,0.03699788583509514,0.8627450980392157,9.285232308290697,9.26147631003859,0.004552931199663002,0.0015442812764350899,0.24445931567428397,0.24770275904604502
Docking-44,54,6323,6328,4113,4037,0,281.39899999999994,283.373,1.9740000000000464,0.014035883885071918,group_heldout_descriptor_adjusted_residual,0.9872115224095773,0.012788477590422676,0.04756871035940803,0.7272727272727273,15.150056944008266,14.265841442324417,-0.004270813845891747,-0.004587959046134153,0.17577405097866272,0.18502967703008416
Docking-44,55,6324,6327,4060,4090,0,282.40999999999997,282.4679999999999,0.05799999999993588,0.012618655807510296,raw,0.996337559501529,0.0036624404984709757,0.0021141649048625794,0.7757009345794392,1.8357180899795014,1.8318756901708553,0.6830605698070081,0.6869899526855168,0.6930423575087291,0.6959987186013455
Docking-44,55,6324,6327,4060,4090,0,282.40999999999997,282.4679999999999,0.05799999999993588,0.012618655807510296,row_centered_residual,0.9925366197805479,0.007463380219452143,0.03382663847780127,0.8269230769230769,8.999143326924132,9.570543173585166,0.004408612870987586,0.0015259415780560488,0.2511327805613865,0.24122881583977693
Docking-44,55,6324,6327,4060,4090,0,282.40999999999997,282.4679999999999,0.05799999999993588,0.012618655807510296,group_heldout_descriptor_adjusted_residual,0.9836302593798725,0.016369740620127526,0.0507399577167019,0.7431192660550459,14.6574633030214,14.685698443840732,-0.004371010460429173,-0.004567888821113084,0.180514589724268,0.18066114345333456
Docking-44,56,6328,6323,4061,4089,0,282.0325,282.771,0.7384999999999877,0.018598421511336716,raw,0.9924365335037958,0.0075634664962042075,0.0010570824524312897,0.6239316239316239,1.8630490575414098,1.8041467107899516,0.6797901932345484,0.6903520867280819,0.6890988686983721,0.7000993177563137
Docking-44,56,6328,6323,4061,4089,0,282.0325,282.771,0.7384999999999877,0.018598421511336716,row_centered_residual,0.9874629783718459,0.012537021628154066,0.046511627906976744,0.7272727272727273,9.340823039194913,9.146577096257229,0.0005345602774368752,0.005810527612584805,0.2456001945061957,0.2472953721613157
Docking-44,56,6328,6323,4061,4089,0,282.0325,282.771,0.7384999999999877,0.018598421511336716,group_heldout_descriptor_adjusted_residual,0.9811082297858164,0.018891770214183645,0.056025369978858354,0.6521739130434783,14.156213938175288,15.21405123545718,-0.00530823905183003,-0.0034194252147737685,0.18541821571228553,0.1758748454401702
Docking-44,57,6335,6316,4044,4106,0,282.39000000000004,282.49399999999997,0.10399999999992815,0.009796845235387708,raw,0.9965076395517689,0.003492360448231091,0.0010570824524312897,0.8269230769230769,1.8605364799637474,1.8081802180466802,0.6798055042664003,0.6900848679446032,0.6898329246397862,0.6990652423126978
Docking-44,57,6335,6316,4044,4106,0,282.39000000000004,282.49399999999997,0.10399999999992815,0.009796845235387708,row_centered_residual,0.9929722594391928,0.0070277405608072385,0.02748414376321353,0.8446601941747572,9.428340880052664,9.132647170227438,0.0010839189529804082,0.0049255975252022206,0.24409186931872437,0.24809723503621078
Docking-44,57,6335,6316,4044,4106,0,282.39000000000004,282.49399999999997,0.10399999999992815,0.009796845235387708,group_heldout_descriptor_adjusted_residual,0.9810194972985669,0.018980502701433144,0.05179704016913319,0.7117117117117117,15.103207527597235,14.242586122133643,-0.006039530701091922,-0.002772099990292937,0.17644001591080186,0.18480086526487852
Docking-44,58,6329,6322,4019,4131,0,282.38700000000006,282.526,0.13899999999995316,0.007916362361653165,raw,0.9953281778482532,0.004671822151746774,0.0010570824524312897,0.8269230769230769,1.8144242304167566,1.852170728276643,0.6887783902487311,0.6814701177140299,0.6984986810648407,0.6907629435238755
Docking-44,58,6329,6322,4019,4131,0,282.38700000000006,282.526,0.13899999999995316,0.007916362361653165,row_centered_residual,0.989874602639515,0.010125397360485011,0.045454545454545456,0.8811881188118812,9.466830471336946,9.083684731901759,0.0028978967285845326,0.003167384420592729,0.24111072395734096,0.25100522226229804
Docking-44,58,6329,6322,4019,4131,0,282.38700000000006,282.526,0.13899999999995316,0.007916362361653165,group_heldout_descriptor_adjusted_residual,0.9816989670284038,0.018301032971596243,0.05179704016913319,0.6666666666666666,14.763557871200716,14.568439424518928,-0.004947838160400144,-0.003985882822192278,0.1784882159392433,0.18253195565768546
Docking-44,59,6332,6319,4129,4021,0,283.333,281.39899999999994,1.9340000000000828,0.011570480467964687,raw,0.9948302270052716,0.005169772994728428,0.0010570824524312897,0.7272727272727273,1.8527402584073123,1.8146768685126535,0.6813891665375934,0.6887120996513303,0.690916580734214,0.6982153950153331
Docking-44,59,6332,6319,4129,4021,0,283.333,281.39899999999994,1.9340000000000828,0.011570480467964687,row_centered_residual,0.9894109116083034,0.010589088391696588,0.04439746300211417,0.8446601941747572,9.244881117807001,9.27928383796048,0.0023455938196643095,0.0036516590843840282,0.2479302882149519,0.24489980288634008
Docking-44,59,6332,6319,4129,4021,0,283.333,281.39899999999994,1.9340000000000828,0.011570480467964687,group_heldout_descriptor_adjusted_residual,0.9753692931660073,0.02463070683399271,0.06659619450317125,0.6666666666666666,14.809502219926555,14.45497470644849,-0.006010105851772092,-0.0027680838482767377,0.17890810196332887,0.18310811204981098
Docking-44,60,6320,6331,4101,4049,0,282.77099999999996,281.827,0.94399999999996,0.011828600077177,raw,0.994606907462682,0.005393092537318012,0.0021141649048625794,0.7431192660550459,1.7882578951274115,1.878407942848475,0.6957346958138614,0.6747900998263577,0.7038156011647125,0.6856774799388102
Docking-44,60,6320,6331,4101,4049,0,282.77099999999996,281.827,0.94399999999996,0.011828600077177,row_centered_residual,0.9886502785842193,0.011349721415780722,0.04756871035940803,0.7431192660550459,9.158009020562028,9.357288231078462,0.005365394078893249,0.0009308969858717333,0.24660228979157178,0.24592992774922
Docking-44,60,6320,6331,4101,4049,0,282.77099999999996,281.827,0.94399999999996,0.011828600077177,group_heldout_descriptor_adjusted_residual,0.9801783388335779,0.019821661166422144,0.05708245243128964,0.6666666666666666,14.88232299406283,14.451437861300224,-0.0033826632517912647,-0.0053933114595429285,0.17955625571054576,0.18200857440855664
Docking-44,61,6325,6326,4094,4056,0,283.24300000000005,282.22249999999997,1.0205000000000837,0.014853637475804104,raw,0.9964578302929521,0.003542169707047904,0.0021141649048625794,0.7757009345794392,1.8383630272632714,1.8286293781348437,0.6843579836846881,0.6857708871694111,0.6932077086704789,0.6959360248570198
Docking-44,61,6325,6326,4094,4056,0,283.24300000000005,282.22249999999997,1.0205000000000837,0.014853637475804104,row_centered_residual,0.9901780790855225,0.009821920914477533,0.048625792811839326,0.8446601941747572,8.992747764926811,9.557203635759446,0.003656558946681916,0.00228080511905051,0.25187056387811463,0.24070710316875904
Docking-44,61,6325,6326,4094,4056,0,283.24300000000005,282.22249999999997,1.0205000000000837,0.014853637475804104,group_heldout_descriptor_adjusted_residual,0.9797837627556936,0.020216237244306434,0.05391120507399577,0.6666666666666666,14.75177953585662,14.555835976639816,-0.005338345613311383,-0.0035959802160666016,0.18049397388021943,0.18115223654194165
Docking-44,62,6319,6332,3956,4194,0,281.42099999999994,283.35499999999996,1.934000000000026,0.015294121939898491,raw,0.9954046777258386,0.004595322274161373,0.0021141649048625794,0.7431192660550459,1.843571176071119,1.8232762443322896,0.6852047369616013,0.6849803268218624,0.694179956569409,0.6950700548895785
Docking-44,62,6319,6332,3956,4194,0,281.42099999999994,283.35499999999996,1.934000000000026,0.015294121939898491,row_centered_residual,0.990525099653068,0.009474900346931991,0.052854122621564484,0.9,9.458284762332891,9.079598543482911,0.0008011561026761076,0.005236873029627586,0.2433372740258981,0.2496211754434792
Docking-44,62,6319,6332,3956,4194,0,281.42099999999994,283.35499999999996,1.934000000000026,0.015294121939898491,group_heldout_descriptor_adjusted_residual,0.9838646350470714,0.016135364952928555,0.048625792811839326,0.7592592592592593,14.523710665492466,14.815727317785925,-0.005382259749897599,-0.003422715508102495,0.18184171301753219,0.17942112776674193
Docking-44,63,6325,6326,4131,4019,0,282.412,282.44,0.02800000000002001,0.009144218164823258,raw,0.9973886000653513,0.0026113999346486505,0.0021141649048625794,0.8446601941747572,1.8532572112917554,1.815015518343063,0.6799920988970858,0.6899121381490682,0.6904122842286351,0.6985247315680013
Docking-44,63,6325,6326,4131,4019,0,282.412,282.44,0.02800000000002001,0.009144218164823258,row_centered_residual,0.9955178045598219,0.004482195440178138,0.03171247357293869,0.8811881188118812,9.367328896755657,9.204832534427714,0.0029470304398977,0.0029839527397691593,0.24547121908846595,0.24649141198380356
Docking-44,63,6325,6326,4131,4019,0,282.412,282.44,0.02800000000002001,0.009144218164823258,group_heldout_descriptor_adjusted_residual,0.9890781789556378,0.010921821044362234,0.04439746300211417,0.7592592592592593,14.710443243425388,14.682657950921879,-0.004569626307740954,-0.0043145159244291215,0.18071711898896314,0.1800572070145155
Docking-44,64,6332,6319,4097,4053,0,281.46349999999995,283.3429999999999,1.8794999999999504,0.010443915846252571,raw,0.9960565354931897,0.003943464506810268,0.0021141649048625794,0.7431192660550459,1.8103985634189803,1.8577299236600384,0.6902305608249233,0.6797722312517168,0.6988500721493667,0.690203907218141
Docking-44,64,6332,6319,4097,4053,0,281.46349999999995,283.3429999999999,1.8794999999999504,0.010443915846252571,row_centered_residual,0.992398588317156,0.007601411682844006,0.03699788583509514,0.8446601941747572,9.396219202223813,9.157934002032494,0.0038815516007482324,0.0021012296223528407,0.24320918682556344,0.24891897632255372
Docking-44,64,6332,6319,4097,4053,0,281.46349999999995,283.3429999999999,1.8794999999999504,0.010443915846252571,group_heldout_descriptor_adjusted_residual,0.9826547831753989,0.017345216824601106,0.05496828752642706,0.7117117117117117,14.877577537391295,14.44799931558914,-0.00378959042932876,-0.005059769705849668,0.17925564382526993,0.18241333894466347
Docking-44,65,6325,6326,4044,4106,0,282.77099999999996,282.36850000000004,0.40249999999991815,0.008476817550756712,raw,0.9976790076050899,0.0023209923949101263,0.0021141649048625794,0.8269230769230769,1.8169914115429455,1.8511869988837206,0.6900060646475573,0.679907488950246,0.6982200118986717,0.6907480285347878
Docking-44,65,6325,6326,4044,4106,0,282.77099999999996,282.36850000000004,0.40249999999991815,0.008476817550756712,row_centered_residual,0.9939600816494801,0.006039918350519868,0.0412262156448203,0.8811881188118812,9.392716456162798,9.171663321556176,0.0027227670005868874,0.0031534061435500777,0.24427251273210654,0.2481734103050829
Docking-44,65,6325,6326,4044,4106,0,282.77099999999996,282.36850000000004,0.40249999999991815,0.008476817550756712,group_heldout_descriptor_adjusted_residual,0.9850340470168076,0.014965952983192365,0.048625792811839326,0.7592592592592593,14.775069646044727,14.572632478811466,-0.0045205997487804085,-0.004388706787582854,0.1788432372138283,0.18241353418303882
Docking-44,66,6329,6322,4033,4117,0,282.774,281.795,0.978999999999985,0.0107917791934997,raw,0.9944762183999925,0.005523781600007549,0.0,0.7592592592592593,1.7987549825761249,1.8697537552843624,0.6924580305205985,0.6775437781304973,0.7014528705420978,0.6875620573634597
Docking-44,66,6329,6322,4033,4117,0,282.774,281.795,0.978999999999985,0.0107917791934997,row_centered_residual,0.990835252297397,0.009164747702603004,0.03805496828752643,0.8269230769230769,9.162497439303738,9.372421627786544,0.004655690246564002,0.0014863277633957762,0.24601312850033513,0.2462649627132773
Docking-44,66,6329,6322,4033,4117,0,282.774,281.795,0.978999999999985,0.0107917791934997,group_heldout_descriptor_adjusted_residual,0.9844938419334921,0.015506158066507902,0.052854122621564484,0.7272727272727273,14.851703296300716,14.496070939232768,-0.0034440645334416495,-0.005290234486639469,0.1786018293653119,0.18251769939343057
Docking-44,67,6330,6321,4068,4082,0,282.299,282.731,0.43200000000001637,0.0062398639605737586,raw,0.995137119510293,0.0048628804897069555,0.0021141649048625794,0.7431192660550459,1.8418105326417888,1.8254021011928616,0.6834764635707112,0.6865375061615601,0.6933549095853574,0.6956941071892251
Docking-44,67,6330,6321,4068,4082,0,282.299,282.731,0.43200000000001637,0.0062398639605737586,row_centered_residual,0.990760722677915,0.00923927732208496,0.040169133192389,0.8627450980392157,8.879775316018586,9.67915680314297,0.0037164680296880755,0.0023307048643249136,0.254596121486597,0.23783232734575846
Docking-44,67,6330,6321,4068,4082,0,282.299,282.731,0.43200000000001637,0.0062398639605737586,group_heldout_descriptor_adjusted_residual,0.9819580063581927,0.018041993641807252,0.048625792811839326,0.6521739130434783,14.49187994669161,14.868273758796576,-0.003991545281008288,-0.004917747609850266,0.18384583974946084,0.17688737476458077
Docking-44,68,6320,6331,4057,4093,0,282.586,282.369,0.21699999999998454,0.011986902902934925,raw,0.995115956953829,0.0048840430461709605,0.0021141649048625794,0.7592592592592593,1.8154572115781007,1.8524205338996278,0.6886714358432224,0.6812177921049073,0.6975565726573857,0.6914232919798506
Docking-44,68,6320,6331,4057,4093,0,282.586,282.369,0.21699999999998454,0.011986902902934925,row_centered_residual,0.9895722601550061,0.0104277398449939,0.0412262156448203,0.8811881188118812,9.533620252450135,9.015675534125974,0.0029118054562749683,0.0030253866209923007,0.241234644261276,0.2511506710252302
Docking-44,68,6320,6331,4057,4093,0,282.586,282.369,0.21699999999998454,0.011986902902934925,group_heldout_descriptor_adjusted_residual,0.9833354435648092,0.016664556435190825,0.05496828752642706,0.7431192660550459,14.620626980708344,14.72164884942355,-0.004241659512965494,-0.004701655524376496,0.18140195798762226,0.1799736133642479
Docking-44,69,6325,6326,4042,4108,0,282.835,281.432,1.4029999999999632,0.006844305263802439,raw,0.9952771495808255,0.004722850419174529,0.0021141649048625794,0.7757009345794392,1.819425324227255,1.8478049120166562,0.6876306211689807,0.682447684825533,0.6977834209510096,0.6913057339098699
Docking-44,69,6325,6326,4042,4108,0,282.835,281.432,1.4029999999999632,0.006844305263802439,row_centered_residual,0.989596867119521,0.010403132880479005,0.035940803382663845,0.8269230769230769,9.778158839727956,8.798913525458682,0.002709365064826141,0.003296140060353173,0.2356276668127334,0.2565454770732112
Docking-44,69,6325,6326,4042,4108,0,282.835,281.432,1.4029999999999632,0.006844305263802439,group_heldout_descriptor_adjusted_residual,0.9795491319471574,0.020450868052842575,0.05708245243128964,0.6379310344827587,14.69337495925359,14.630245366125365,-0.004341648863505926,-0.004625098198834006,0.1798996106088523,0.18138371066142472
Docking-44,70,6327,6324,4048,4102,0,281.35499999999996,283.371,2.0160000000000196,0.011060321282033056,raw,0.995865533853304,0.004134466146695992,0.0021141649048625794,0.8095238095238095,1.8180374499659044,1.8495944136997524,0.6898437387584769,0.6800781410145049,0.698173218260905,0.6908767539222734
Docking-44,70,6327,6324,4048,4102,0,281.35499999999996,283.371,2.0160000000000196,0.011060321282033056,row_centered_residual,0.9928032850014136,0.007196714998586429,0.035940803382663845,0.9,9.467377956299678,9.086330024155691,0.0028210492821158003,0.003163634304055355,0.24213382161249683,0.24999590837920027
Docking-44,70,6327,6324,4048,4102,0,281.35499999999996,283.371,2.0160000000000196,0.011060321282033056,group_heldout_descriptor_adjusted_residual,0.9851729006022858,0.014827099397714205,0.052854122621564484,0.7272727272727273,14.750795564032407,14.594224556735053,-0.00479928974616184,-0.004116157203199848,0.17926785535359258,0.18202314652402093
Docking-44,71,6328,6323,4165,3985,0,282.51599999999996,282.36500000000007,0.15099999999989677,0.00794880148787572,raw,0.9947616790326939,0.005238320967306143,0.0010570824524312897,0.7431192660550459,1.8755307187599022,1.7933514753392474,0.6764571801997653,0.6935054102724065,0.6860890932615367,0.7028828830713396
Docking-44,71,6328,6323,4165,3985,0,282.51599999999996,282.36500000000007,0.15099999999989677,0.00794880148787572,row_centered_residual,0.9896685901842944,0.010331409815705572,0.04334038054968287,0.8446601941747572,9.226442331715042,9.311604394676413,0.001117531231273524,0.005072110217544202,0.2479405181805885,0.24459216062252218
Docking-44,71,6328,6323,4165,3985,0,282.51599999999996,282.36500000000007,0.15099999999989677,0.00794880148787572,group_heldout_descriptor_adjusted_residual,0.98337014278666,0.016629857213339982,0.052854122621564484,0.6814159292035398,14.399516581057101,14.966121361113501,-0.0051340921291355215,-0.003712795878457471,0.18380439402839008,0.1770272392499332
Docking-44,72,6321,6330,4102,4048,0,282.387,282.51599999999996,0.12899999999996226,0.008733770153051853,raw,0.9943864795219132,0.005613520478086831,0.0010570824524312897,0.7272727272727273,1.8318590542426354,1.8353051867012897,0.6841819330069644,0.6859122949065124,0.6936062298368261,0.6954645604744276
Docking-44,72,6321,6330,4102,4048,0,282.387,282.51599999999996,0.12899999999996226,0.008733770153051853,row_centered_residual,0.9898791101364709,0.010120889863529103,0.040169133192389,0.8627450980392157,9.271934688840249,9.254780053935448,0.0038721413447434993,0.002157153678751997,0.24554911223793058,0.24676087109399944
Docking-44,72,6321,6330,4102,4048,0,282.387,282.51599999999996,0.12899999999996226,0.008733770153051853,group_heldout_descriptor_adjusted_residual,0.9792724169925121,0.020727583007487893,0.05919661733615222,0.6964285714285714,15.336451650073663,14.007698337208991,-0.005646916073981528,-0.0031890141892393187,0.1738899424529902,0.18757303865942396
Docking-44,73,6328,6323,4059,4091,0,281.44300000000004,283.19899999999996,1.755999999999915,0.00934113573686897,raw,0.9936734020081678,0.006326597991832217,0.0,0.7592592592592593,1.8175229446921666,1.848370876530289,0.6885331174485468,0.681827344269054,0.6973062632081973,0.6920298515686062
Docking-44,73,6328,6323,4059,4091,0,281.44300000000004,283.19899999999996,1.755999999999915,0.00934113573686897,row_centered_residual,0.9895381704374606,0.010461829562539382,0.0412262156448203,0.8627450980392157,9.054737163760617,9.464299623609696,0.005208468817328551,0.000994344656182876,0.2500240617041116,0.24317675388696097
Docking-44,73,6328,6323,4059,4091,0,281.44300000000004,283.19899999999996,1.755999999999915,0.00934113573686897,group_heldout_descriptor_adjusted_residual,0.9848615572983835,0.015138442701616461,0.0412262156448203,0.7272727272727273,14.981247049859443,14.385422710511325,-0.0034276390156480034,-0.0052953689345604385,0.17792362461777297,0.1830219036122722
Docking-44,74,6324,6327,4076,4074,0,282.70349999999996,282.336,0.36749999999995,0.009981918400973629,raw,0.9954465917777229,0.004553408222277122,0.003171247357293869,0.7924528301886793,1.800902650372645,1.8674277177120728,0.6914893583217011,0.6785185848796654,0.7011151423920391,0.6879054529403815
Docking-44,74,6324,6327,4076,4074,0,282.70349999999996,282.336,0.36749999999995,0.009981918400973629,row_centered_residual,0.9910039857683578,0.008996014231642202,0.03699788583509514,0.8446601941747572,9.351411242204028,9.201607544541757,0.004095780639188172,0.0019222540284473738,0.24428996247803292,0.24794339718751485
Docking-44,74,6324,6327,4076,4074,0,282.70349999999996,282.336,0.36749999999995,0.009981918400973629,group_heldout_descriptor_adjusted_residual,0.9812801666980099,0.01871983330199012,0.056025369978858354,0.7272727272727273,14.866008687937516,14.479734717518273,-0.0037895534758524154,-0.005040712334379742,0.1784012728255273,0.18286628932805568
Docking-44,75,6325,6326,4077,4073,0,282.835,281.61349999999993,1.2215000000000487,0.010215748045271476,raw,0.9949755016477344,0.005024498352265594,0.0021141649048625794,0.7592592592592593,1.833724134939457,1.8330245379805057,0.6838969844312341,0.6862085731826897,0.692469896008003,0.6966431331211507
Docking-44,75,6325,6326,4077,4073,0,282.835,281.61349999999993,1.2215000000000487,0.010215748045271476,row_centered_residual,0.991742534892261,0.008257465107738948,0.039112050739957716,0.8627450980392157,8.944248843865983,9.610483288796344,0.004710306844555487,0.0013474545972211927,0.2525034037103304,0.24009415031551176
Docking-44,75,6325,6326,4077,4073,0,282.835,281.61349999999993,1.2215000000000487,0.010215748045271476,group_heldout_descriptor_adjusted_residual,0.9812729235189389,0.01872707648106109,0.05919661733615222,0.6814159292035398,14.841925784171064,14.495052100155817,-0.00381839875624721,-0.005066553992662883,0.17974605935668392,0.1816731836752839
Docking-44,76,6325,6326,4011,4139,0,282.7710000000001,281.949,0.8220000000000596,0.010347758607116123,raw,0.9970035067404972,0.002996493259502797,0.0021141649048625794,0.7592592592592593,1.812456686940778,1.855587194270573,0.6903289906063936,0.6796247834759834,0.6991336052685734,0.6898569481909129
Docking-44,76,6325,6326,4011,4139,0,282.7710000000001,281.949,0.8220000000000596,0.010347758607116123,row_centered_residual,0.9920863945421298,0.007913605457870232,0.03805496828752643,0.8446601941747572,9.519945314669773,9.045498633453132,0.003292238802926573,0.0026394455237704127,0.24019533802629442,0.25185039834480055
Docking-44,76,6325,6326,4011,4139,0,282.7710000000001,281.949,0.8220000000000596,0.010347758607116123,group_heldout_descriptor_adjusted_residual,0.9850963440266255,0.014903655973374508,0.04439746300211417,0.6814159292035398,14.92475537256914,14.436111394809975,-0.003994832831119415,-0.004872782596166591,0.1774151710265517,0.1835669965439193
Docking-44,77,6321,6330,4133,4017,0,282.63599999999997,282.352,0.2839999999999918,0.008636749089584032,raw,0.9966442535632877,0.0033557464367123258,0.0021141649048625794,0.7757009345794392,1.785755203512315,1.8848964701501325,0.6955538399417243,0.67414867232636,0.7058056810798229,0.6829138369546872
Docking-44,77,6321,6330,4133,4017,0,282.63599999999997,282.352,0.2839999999999918,0.008636749089584032,row_centered_residual,0.9932156501003042,0.006784349899695785,0.03171247357293869,0.9,9.350949034804795,9.207445239072921,0.003535420250515273,0.0024907728212134918,0.24424406128544313,0.2478788756949058
Docking-44,77,6321,6330,4133,4017,0,282.63599999999997,282.352,0.2839999999999918,0.008636749089584032,group_heldout_descriptor_adjusted_residual,0.9849684331696068,0.015031566830393195,0.049682875264270614,0.7117117117117117,14.953953728881464,14.404940494460364,-0.005353401452431396,-0.0035559823262701126,0.17790755745530196,0.1831418414171207
Docking-44,78,6324,6327,4050,4100,0,283.406,281.399,2.007000000000005,0.013579343849992008,raw,0.9965042801908299,0.0034957198091700725,0.0021141649048625794,0.7924528301886793,1.8046864909768001,1.8636733476310305,0.6906709549173051,0.6793085694735475,0.7006526711740655,0.6883305847500071
Docking-44,78,6324,6327,4050,4100,0,283.406,281.399,2.007000000000005,0.013579343849992008,row_centered_residual,0.9928199967589961,0.007180003241003874,0.035940803382663845,0.8811881188118812,9.386109767539836,9.168937166050377,0.003823210466500732,0.0021899076941632105,0.24432157582594585,0.24781367143400182
Docking-44,78,6324,6327,4050,4100,0,283.406,281.399,2.007000000000005,0.013579343849992008,group_heldout_descriptor_adjusted_residual,0.9852273024051712,0.014772697594828799,0.04439746300211417,0.7272727272727273,15.101460952875208,14.272281524758375,-0.005057422093116372,-0.003795013986437297,0.17666236250212958,0.18415578878640185
Docking-44,79,6325,6326,4092,4058,0,282.731,282.38700000000006,0.34399999999993724,0.009708799496150526,raw,0.9963385091942838,0.0036614908057162054,0.0010570824524312897,0.8446601941747572,1.8393300316310113,1.8277301436592521,0.6850101204958862,0.6850762816893499,0.6948278427593582,0.6942532856000615
Docking-44,79,6325,6326,4092,4058,0,282.731,282.38700000000006,0.34399999999993724,0.009708799496150526,row_centered_residual,0.9938731635006284,0.006126836499371624,0.035940803382663845,0.9191919191919192,9.353049218660363,9.209471763658495,0.001770429380364744,0.00419273053503379,0.24620867116248962,0.24608461060348163
Docking-44,79,6325,6326,4092,4058,0,282.731,282.38700000000006,0.34399999999993724,0.009708799496150526,group_heldout_descriptor_adjusted_residual,0.9859417548472332,0.014058245152766768,0.06025369978858351,0.7272727272727273,14.641393837831764,14.71351501887447,-0.005271911523301779,-0.0035673602644638544,0.1815540822463084,0.17976036829914716
Docking-44,80,6326,6325,4197,3953,0,281.4100000000001,282.7710000000001,1.36099999999999,0.012096586144889215,raw,0.9962444754370297,0.003755524562970347,0.0010570824524312897,0.8095238095238095,1.8340034278507005,1.8330827467949238,0.684745075418162,0.685345981269465,0.6936639548301735,0.6954104954888028
Docking-44,80,6326,6325,4197,3953,0,281.4100000000001,282.7710000000001,1.36099999999999,0.012096586144889215,row_centered_residual,0.9941478514990951,0.005852148500904875,0.03171247357293869,0.9,9.115108944664277,9.439154219705655,0.004978148633053208,0.001094450379326262,0.25007855417318675,0.24242667239774798
Docking-44,80,6326,6325,4197,3953,0,281.4100000000001,282.7710000000001,1.36099999999999,0.012096586144889215,group_heldout_descriptor_adjusted_residual,0.9880278896413075,0.0119721103586925,0.03805496828752643,0.7117117117117117,14.531049047372736,14.845068884781753,-0.0035910033988197135,-0.0052613653438972835,0.18210153756212083,0.17880107874006332
Docking-44,81,6330,6321,4102,4048,0,282.2995,282.77099999999996,0.47149999999993497,0.02159723362507132,raw,0.9935936561657934,0.006406343834206574,0.0021141649048625794,0.7117117117117117,1.7736800357460298,1.8945584910368127,0.6964028771700204,0.6739887011491282,0.7073961650011854,0.6820635726769348
Docking-44,81,6330,6321,4102,4048,0,282.2995,282.77099999999996,0.47149999999993497,0.02159723362507132,row_centered_residual,0.9895909846942482,0.010409015305751779,0.03805496828752643,0.7757009345794392,9.214182497856694,9.30551421651996,0.005695176789896547,0.000773299445153646,0.24588367033956257,0.24650829429774515
Docking-44,81,6330,6321,4102,4048,0,282.2995,282.77099999999996,0.47149999999993497,0.02159723362507132,group_heldout_descriptor_adjusted_residual,0.9874741337180862,0.012525866281913767,0.046511627906976744,0.7431192660550459,15.138634653232973,14.31209451400612,-0.003634467427717786,-0.005053500481350097,0.1770244044390719,0.18340951926119572
Docking-44,82,6326,6325,4119,4031,0,282.4005,282.472,0.07149999999995771,0.011861006524300865,raw,0.9949207029583247,0.0050792970416753125,0.0010570824524312897,0.8446601941747572,1.8290235811870859,1.837630118331507,0.6849683913104393,0.6852074949618734,0.6948856365812771,0.6942861611331564
Docking-44,82,6326,6325,4119,4031,0,282.4005,282.472,0.07149999999995771,0.011861006524300865,row_centered_residual,0.9919210062575892,0.008078993742410834,0.03805496828752643,0.8446601941747572,9.425420777818204,9.133657183136544,0.0036578224994424898,0.002429119233060665,0.24176175138876901,0.2503867363848777
Docking-44,82,6326,6325,4119,4031,0,282.4005,282.472,0.07149999999995771,0.011861006524300865,group_heldout_descriptor_adjusted_residual,0.986178880371066,0.013821119628933953,0.04439746300211417,0.6964285714285714,14.945551863091824,14.418183864099362,-0.004802963701341331,-0.004108492314421887,0.1775625939420707,0.18361393928420452
Docking-44,83,6318,6333,4089,4061,0,283.3905,281.399,1.9914999999999736,0.015385875010065758,raw,0.9969245830202091,0.003075416979790857,0.0021141649048625794,0.7924528301886793,1.8343419930089933,1.8333166290465321,0.6848311472559704,0.685165952162992,0.6937947245436352,0.6953053740563626
Docking-44,83,6318,6333,4089,4061,0,283.3905,281.399,1.9914999999999736,0.015385875010065758,row_centered_residual,0.9934054610806163,0.006594538919383663,0.03382663847780127,0.8627450980392157,9.019619514416378,9.54602727899089,0.00304704781943447,0.0028459020894135998,0.2507116760117556,0.24162769536659687
Docking-44,83,6318,6333,4089,4061,0,283.3905,281.399,1.9914999999999736,0.015385875010065758,group_heldout_descriptor_adjusted_residual,0.983852643404226,0.016147356595774043,0.05391120507399577,0.6666666666666666,14.872460304336016,14.474150155427587,-0.005575292660116189,-0.003256854994515281,0.1789889375283011,0.18242170046637898
Docking-44,84,6327,6324,4046,4104,0,281.42099999999994,283.35699999999997,1.9360000000000355,0.00908128741944781,raw,0.9957567160730145,0.004243283926985475,0.003171247357293869,0.7757009345794392,1.8098879610773193,1.8578977035203055,0.6894410217584088,0.6806211972632118,0.6987275980658513,0.6903937142006897
Docking-44,84,6327,6324,4046,4104,0,281.42099999999994,283.35699999999997,1.9360000000000355,0.00908128741944781,row_centered_residual,0.9918975616036099,0.008102438396390133,0.04334038054968287,0.8446601941747572,9.18276925812164,9.358699357286378,0.0042303815081418845,0.0017771862535271164,0.24634865616158774,0.24587205076292457
Docking-44,84,6327,6324,4046,4104,0,281.42099999999994,283.35699999999997,1.9360000000000355,0.00908128741944781,group_heldout_descriptor_adjusted_residual,0.9844340538134893,0.015565946186510748,0.05708245243128964,0.7117117117117117,14.837521636860142,14.517464271921735,-0.003832610133809777,-0.005043570690320788,0.1789577797019078,0.18265559342935775
Docking-44,85,6330,6321,4054,4096,0,282.472,282.38700000000006,0.08499999999992269,0.01252358983933042,raw,0.9934257022933626,0.006574297706637422,0.0,0.7592592592592593,1.8785623637396243,1.790506375882733,0.6754574141645665,0.6944590390780336,0.6852667375566188,0.7036595044262665
Docking-44,85,6330,6321,4054,4096,0,282.472,282.38700000000006,0.08499999999992269,0.01252358983933042,row_centered_residual,0.9879648413819971,0.012035158618002861,0.049682875264270614,0.8095238095238095,8.99233616778829,9.566684018067706,0.0019262752128627952,0.0041368629466445525,0.2527855752356325,0.23934698636624602
Docking-44,85,6330,6321,4054,4096,0,282.472,282.38700000000006,0.08499999999992269,0.01252358983933042,group_heldout_descriptor_adjusted_residual,0.9785287650418663,0.021471234958133745,0.05813953488372093,0.6814159292035398,14.301735772229867,15.047979693134,-0.005290019630921413,-0.003474921789180285,0.18511441013780777,0.17627057009542982
Docking-44,86,6324,6327,4098,4052,0,282.52599999999995,282.411,0.11499999999995225,0.010152642405713414,raw,0.9971535014976974,0.0028464985023025635,0.0021141649048625794,0.8627450980392157,1.8377471983436586,1.8307697217068686,0.684120470873643,0.6856219191332927,0.6938727744932868,0.6949401392801637
Docking-44,86,6324,6327,4098,4052,0,282.52599999999995,282.411,0.11499999999995225,0.010152642405713414,row_centered_residual,0.9937911355607382,0.00620886443926183,0.039112050739957716,0.8811881188118812,9.284752873037295,9.274535974640518,0.0021170382158086283,0.003836753353600732,0.24635458124792034,0.24593578964523477
Docking-44,86,6324,6327,4098,4052,0,282.52599999999995,282.411,0.11499999999995225,0.010152642405713414,group_heldout_descriptor_adjusted_residual,0.9839216874849596,0.016078312515040438,0.049682875264270614,0.7117117117117117,14.496583285208764,14.861561599068159,-0.005138592755881045,-0.0037338500407172377,0.18235875884714972,0.17879572093219123
Docking-44,87,6325,6326,4019,4131,0,282.3430000000001,282.576,0.23299999999994725,0.012618655176765942,raw,0.9961737162395298,0.0038262837604702282,0.0010570824524312897,0.7924528301886793,1.8274816790763835,1.840611199342411,0.6857305339866088,0.6841633377858602,0.6956226359740957,0.6932529066088661
Docking-44,87,6325,6326,4019,4131,0,282.3430000000001,282.576,0.23299999999994725,0.012618655176765942,row_centered_residual,0.9932633898793863,0.006736610120613662,0.03276955602536998,0.8811881188118812,9.031720141654807,9.534338011621687,0.003518562970268113,0.002442858626793211,0.250192070287692,0.24196879638294225
Docking-44,87,6325,6326,4019,4131,0,282.3430000000001,282.576,0.23299999999994725,0.012618655176765942,group_heldout_descriptor_adjusted_residual,0.9844426860953959,0.015557313904604131,0.04756871035940803,0.6814159292035398,14.723029973015457,14.631401771515515,-0.004554816510753365,-0.004310675799603736,0.18021814023940308,0.18097802988624023
Docking-44,88,6331,6320,4070,4080,0,282.516,282.3885,0.12749999999999773,0.010716606451277519,raw,0.9942310134004835,0.0057689865995165235,0.0021141649048625794,0.7592592592592593,1.8354540788982938,1.8308352168343822,0.6856250112667646,0.6846016564523552,0.6939924105815839,0.6952671551046601
Docking-44,88,6331,6320,4070,4080,0,282.516,282.3885,0.12749999999999773,0.010716606451277519,row_centered_residual,0.9881826045132446,0.011817395486755422,0.0507399577167019,0.8446601941747572,9.731002010982237,8.810810228375688,0.0013308588987187091,0.004727544382836435,0.23783968787584114,0.2552827743917023
Docking-44,88,6331,6320,4070,4080,0,282.516,282.3885,0.12749999999999773,0.010716606451277519,group_heldout_descriptor_adjusted_residual,0.9749992673545632,0.025000732645436785,0.0613107822410148,0.6666666666666666,14.491967080814574,14.802702669865697,-0.005076718489955242,-0.0038877656890521843,0.18131332780748907,0.1804126673970058
Docking-44,89,6332,6319,4090,4060,0,283.263,281.74299999999994,1.5200000000000387,0.011743279025834009,raw,0.997130737220617,0.0028692627793830416,0.0010570824524312897,0.8811881188118812,1.8345738817142643,1.8328517476696942,0.684173518968823,0.6858681383608262,0.6943373795875459,0.6946843972146157
Docking-44,89,6332,6319,4090,4060,0,283.263,281.74299999999994,1.5200000000000387,0.011743279025834009,row_centered_residual,0.9933194501009631,0.006680549899036881,0.02748414376321353,0.9,8.847678264126387,9.750920092853747,0.004383077434788277,0.0015790453824160013,0.2539305772538943,0.2378310385436222
Docking-44,89,6332,6319,4090,4060,0,283.263,281.74299999999994,1.5200000000000387,0.011743279025834009,group_heldout_descriptor_adjusted_residual,0.984194348527248,0.015805651472752036,0.04439746300211417,0.6814159292035398,14.643310695394346,14.72033717709241,-0.0036079779100539706,-0.005324818590629112,0.18106459226448318,0.17976402628412322
Docking-44,90,6314,6337,4104,4046,0,282.36850000000004,282.63599999999997,0.26749999999992724,0.009225874215463042,raw,0.996039724513976,0.003960275486023956,0.0010570824524312897,0.7757009345794392,1.8464578686652418,1.8215351375825297,0.6825285659183471,0.687407724662654,0.6914117164135389,0.6975136368268053
Docking-44,90,6314,6337,4104,4046,0,282.36850000000004,282.63599999999997,0.26749999999992724,0.009225874215463042,row_centered_residual,0.9938165929963773,0.006183407003622743,0.04439746300211417,0.8811881188118812,9.333032099418366,9.22527460690261,0.0029240327865419817,0.0030224296555111997,0.24564282687147324,0.24672961696729703
Docking-44,90,6314,6337,4104,4046,0,282.36850000000004,282.63599999999997,0.26749999999992724,0.009225874215463042,group_heldout_descriptor_adjusted_residual,0.9828903495021714,0.017109650497828643,0.05813953488372093,0.7117117117117117,14.518183480775026,14.817134892735298,-0.0037281222281124048,-0.0051431375031754,0.1823035267784606,0.1790536775138557
Docking-44,91,6307,6344,3973,4177,0,281.42099999999994,283.371,1.9500000000000455,0.015271493212669683,raw,0.9963044620002943,0.003695537999705678,0.0021141649048625794,0.8095238095238095,1.862355682632646,1.806865267886378,0.6790723806523935,0.6907379179000224,0.6885344787911063,0.7002968899208779
Docking-44,91,6307,6344,3973,4177,0,281.42099999999994,283.371,1.9500000000000455,0.015271493212669683,row_centered_residual,0.9943452600214466,0.005654739978553369,0.03171247357293869,0.8811881188118812,9.46625149413125,9.094561117680637,0.0025447229537315925,0.003385010393686037,0.24304393901439264,0.24927274789747564
Docking-44,91,6307,6344,3973,4177,0,281.42099999999994,283.371,1.9500000000000455,0.015271493212669683,group_heldout_descriptor_adjusted_residual,0.9878949468301398,0.012105053169860214,0.0412262156448203,0.6814159292035398,14.408789649934153,14.976971542507421,-0.004165317287462925,-0.004698684764037699,0.18278484432505213,0.178003401880894
Docking-44,92,6328,6323,4018,4132,0,282.7710000000001,282.22399999999993,0.5470000000001392,0.017490227418092957,raw,0.9947302257756322,0.005269774224367807,0.0010570824524312897,0.7592592592592593,1.8536684721485754,1.8133108942517677,0.6798619103064354,0.6903095348513144,0.6897902935665157,0.6993996516926837
Docking-44,92,6328,6323,4018,4132,0,282.7710000000001,282.22399999999993,0.5470000000001392,0.017490227418092957,row_centered_residual,0.9881500739927594,0.011849926007240552,0.052854122621564484,0.8446601941747572,9.454514352141167,9.058075177810771,0.0024811632301449745,0.0035374249770404632,0.242045610480381,0.2514395631634224
Docking-44,92,6328,6323,4018,4132,0,282.7710000000001,282.22399999999993,0.5470000000001392,0.017490227418092957,group_heldout_descriptor_adjusted_residual,0.9776768481171613,0.022323151882838732,0.06236786469344609,0.7117117117117117,14.537983827969702,14.791199234578524,-0.003822775729375623,-0.005104094185268323,0.18059451016843175,0.18063139954145752
Docking-44,93,6327,6324,4071,4079,0,283.331,282.3315,0.9995000000000118,0.015473428087030405,raw,0.9950083581821504,0.0049916418178496125,0.0021141649048625794,0.7431192660550459,1.8450740089409041,1.8217682209591923,0.6832300237924508,0.686948878255512,0.6931449931324603,0.6960293592571871
Docking-44,93,6327,6324,4071,4079,0,283.331,282.3315,0.9995000000000118,0.015473428087030405,row_centered_residual,0.9899415772405137,0.010058422759486318,0.04439746300211417,0.8269230769230769,9.449723534751705,9.079381190625297,0.0011733634284943361,0.004882802675647956,0.2438492641551303,0.24882199575978517
Docking-44,93,6327,6324,4071,4079,0,283.331,282.3315,0.9995000000000118,0.015473428087030405,group_heldout_descriptor_adjusted_residual,0.9820415084480306,0.01795849155196938,0.048625792811839326,0.6814159292035398,14.949110541580527,14.383885628383531,-0.006003936612342686,-0.002786765731680962,0.17806282892559594,0.1833810847160523
Docking-44,94,6326,6325,4067,4083,0,282.51599999999996,282.368,0.1479999999999677,0.014870782353771811,raw,0.9953289432722647,0.004671056727735268,0.003171247357293869,0.7757009345794392,1.8517912063518887,1.8153462407020586,0.6797771718362172,0.6903148982349828,0.69001368895387,0.6991308515903035
Docking-44,94,6326,6325,4067,4083,0,282.51599999999996,282.368,0.1479999999999677,0.014870782353771811,row_centered_residual,0.9924580362487091,0.007541963751290903,0.035940803382663845,0.8269230769230769,9.275297077610128,9.269300383746643,0.0023875723937707436,0.00359676519785376,0.2468275598104829,0.2453209745082515
Docking-44,94,6326,6325,4067,4083,0,282.51599999999996,282.368,0.1479999999999677,0.014870782353771811,group_heldout_descriptor_adjusted_residual,0.9832643158298224,0.016735684170177567,0.056025369978858354,0.6814159292035398,14.419654998084976,14.944387417148235,-0.005162828508337606,-0.0036690761317020536,0.1827337877953506,0.17836346380750986
Docking-44,95,6332,6319,4105,4045,0,281.39900000000006,283.371,1.9719999999999231,0.009603865929112903,raw,0.9953951099256959,0.004604890074304091,0.0010570824524312897,0.7431192660550459,1.7967036244544319,1.8732312200738548,0.6935203880763016,0.6761781822454506,0.7033521734082631,0.6853631276354948
Docking-44,95,6332,6319,4105,4045,0,281.39900000000006,283.371,1.9719999999999231,0.009603865929112903,row_centered_residual,0.9916828176448518,0.008317182355148223,0.03382663847780127,0.8811881188118812,9.087014280365718,9.450651163673538,0.003564468109380493,0.002433834342664188,0.2504314884991866,0.24212010998385095
Docking-44,95,6332,6319,4105,4045,0,281.39900000000006,283.371,1.9719999999999231,0.009603865929112903,group_heldout_descriptor_adjusted_residual,0.9821600357736503,0.017839964226349703,0.046511627906976744,0.6521739130434783,14.855338787034997,14.51082004268294,-0.004507449296623552,-0.004406987007121392,0.17986902783644237,0.18102733667390067
Docking-44,96,6329,6322,4087,4063,0,282.3430000000001,282.7710000000001,0.42799999999999727,0.009611931319097815,raw,0.9943782299520123,0.005621770047987695,0.0021141649048625794,0.8095238095238095,1.8254581702394859,1.841271143985233,0.6866065814671292,0.683571670775085,0.6963476013113205,0.6928314073166174
Docking-44,96,6329,6322,4087,4063,0,282.3430000000001,282.7710000000001,0.42799999999999727,0.009611931319097815,row_centered_residual,0.9922092025724057,0.007790797427594254,0.035940803382663845,0.8811881188118812,9.477964560481917,9.074989184423137,0.0031299428142632433,0.0028551462947057926,0.2410035655182759,0.25118546476315384
Docking-44,96,6329,6322,4087,4063,0,282.3430000000001,282.7710000000001,0.42799999999999727,0.009611931319097815,group_heldout_descriptor_adjusted_residual,0.9755623359365899,0.02443766406341008,0.06659619450317125,0.6814159292035398,14.631612546503321,14.665258366795243,-0.003681100468906164,-0.005330854172689067,0.1800121038580021,0.18174842337310843
Docking-44,97,6330,6321,4035,4115,0,283.221,281.76300000000003,1.45799999999997,0.013086297011916196,raw,0.9961180954280338,0.0038819045719662437,0.0010570824524312897,0.7431192660550459,1.8242354946441937,1.8433864799851436,0.6867744699133416,0.6832823133145458,0.6972247758075155,0.6918132890692789
Docking-44,97,6330,6321,4035,4115,0,283.221,281.76300000000003,1.45799999999997,0.013086297011916196,row_centered_residual,0.9911003724957214,0.00889962750427864,0.03805496828752643,0.9191919191919192,9.50722726910631,9.034774967749922,0.002380789902032404,0.0035801141945023957,0.24104960881892062,0.25165287187425267
Docking-44,97,6330,6321,4035,4115,0,283.221,281.76300000000003,1.45799999999997,0.013086297011916196,group_heldout_descriptor_adjusted_residual,0.9875421147099149,0.012457885290085069,0.04439746300211417,0.7117117117117117,14.498513216891936,14.881608323069772,-0.004554755475290021,-0.004340360153033892,0.1819543196526781,0.17886831301274794
Docking-44,98,6318,6333,4117,4033,0,282.299,282.7710000000001,0.4720000000000937,0.016972628189007997,raw,0.9962036953466437,0.0037963046533563416,0.0021141649048625794,0.7431192660550459,1.8581509915499859,1.8096954499653788,0.6795854885890416,0.69047238769083,0.6886615439900392,0.7004021614617746
Docking-44,98,6318,6333,4117,4033,0,282.299,282.7710000000001,0.4720000000000937,0.016972628189007997,row_centered_residual,0.9911142776985954,0.008885722301404608,0.03488372093023256,0.8446601941747572,9.125000800563509,9.418715867322883,0.0034784745988825578,0.002443239827537054,0.24891201185447076,0.24353302262319776
Docking-44,98,6318,6333,4117,4033,0,282.299,282.7710000000001,0.4720000000000937,0.016972628189007997,group_heldout_descriptor_adjusted_residual,0.9778551777373022,0.02214482226269776,0.05708245243128964,0.6814159292035398,14.308155635435993,14.982993896492202,-0.0025802126336681355,-0.0062122735450039265,0.1844482062085255,0.17735710240524077
Docking-44,99,6327,6324,4048,4102,0,282.4679999999999,282.399,0.06899999999990314,0.008344332547867952,raw,0.9947776395407837,0.005222360459216313,0.0010570824524312897,0.7592592592592593,1.7890665057641597,1.8783838915506246,0.6954866829566049,0.6747581799530729,0.7049026629723727,0.6843751959182066
Docking-44,99,6327,6324,4048,4102,0,282.4679999999999,282.399,0.06899999999990314,0.008344332547867952,row_centered_residual,0.9886727735454435,0.011327226454556527,0.035940803382663845,0.8446601941747572,9.488196023725239,9.070268485653227,0.004130755848792938,0.002026129619657831,0.23974242424127537,0.25217890140386967
Docking-44,99,6327,6324,4048,4102,0,282.4679999999999,282.399,0.06899999999990314,0.008344332547867952,group_heldout_descriptor_adjusted_residual,0.9811005755457021,0.01889942445429793,0.056025369978858354,0.6666666666666666,15.179600130561939,14.220349014677597,-0.0041573338241726486,-0.004715999247518319,0.1757380918344367,0.18501342549757127
Docking-44,100,6320,6331,4083,4067,0,282.236,282.771,0.535000000000025,0.010658723700337299,raw,0.9926848001993502,0.007315199800649763,0.0,0.6666666666666666,1.8025170574132598,1.8670429518215321,0.692281522018966,0.6773983513569537,0.7015178658930524,0.6871389804182397
Docking-44,100,6320,6331,4083,4067,0,282.236,282.771,0.535000000000025,0.010658723700337299,row_centered_residual,0.9903489954323677,0.009651004567632349,0.04439746300211417,0.8095238095238095,9.099471863710528,9.41534195786323,0.004183767859399079,0.001944337362877187,0.247909725901811,0.24490351417230422
Docking-44,100,6320,6331,4083,4067,0,282.236,282.771,0.535000000000025,0.010658723700337299,group_heldout_descriptor_adjusted_residual,0.9798281148247995,0.02017188517520052,0.05813953488372093,0.6964285714285714,14.430406797673696,14.885140338719468,-0.0027658376936836935,-0.005951439009764095,0.1830266428575022,0.1786698384233724
Docking-44,101,6320,6331,4093,4057,0,282.36500000000007,282.51599999999996,0.15099999999989677,0.007032229395640099,raw,0.994568494516924,0.005431505483076027,0.0,0.8269230769230769,1.804557353263215,1.8638784482119317,0.6926748114377568,0.6771287826461055,0.7019119567068276,0.686917504592581
Docking-44,101,6320,6331,4093,4057,0,282.36500000000007,282.51599999999996,0.15099999999989677,0.007032229395640099,row_centered_residual,0.9882527116828826,0.011747288317117355,0.048625792811839326,0.8269230769230769,9.600390445983077,8.939968797585134,0.0013672149295909629,0.0046669631234284355,0.24007116364850828,0.25299590308200576
Docking-44,101,6320,6331,4093,4057,0,282.36500000000007,282.51599999999996,0.15099999999989677,0.007032229395640099,group_heldout_descriptor_adjusted_residual,0.9844870806880579,0.015512919311942097,0.0507399577167019,0.6814159292035398,14.218405163749273,15.18423560874485,-0.00493467640569889,-0.004008297533737629,0.18503937087486633,0.17588233335460893
Docking-44,102,6330,6321,4027,4123,0,283.3515,281.39900000000006,1.9524999999999295,0.008933510580469374,raw,0.9960247703967159,0.003975229603284114,0.0021141649048625794,0.8269230769230769,1.846167694801975,1.8209540597843707,0.6813713121355237,0.6887032895408228,0.690921306437621,0.6982104747231123
Docking-44,102,6330,6321,4027,4123,0,283.3515,281.39900000000006,1.9524999999999295,0.008933510580469374,row_centered_residual,0.9941116781272963,0.005888321872703717,0.03276955602536998,0.8446601941747572,9.157929218045703,9.409177616145746,0.0029036066718089557,0.0030457820344581736,0.24874071018658497,0.24324340758178478
Docking-44,102,6330,6321,4027,4123,0,283.3515,281.39900000000006,1.9524999999999295,0.008933510580469374,group_heldout_descriptor_adjusted_residual,0.9858397550104531,0.014160244989546933,0.048625792811839326,0.7757009345794392,14.362328042622853,15.022688752787268,-0.004486111856760353,-0.004369005075326484,0.18359713007317902,0.17739712574543978
Docking-44,103,6330,6321,4062,4088,0,282.365,282.472,0.1069999999999709,0.009404370146603775,raw,0.9967873169808287,0.003212683019171325,0.0021141649048625794,0.7757009345794392,1.8190001791812394,1.8475110069308764,0.6896036199031151,0.6806750194980602,0.6988037228303158,0.6904973663006067
Docking-44,103,6330,6321,4062,4088,0,282.365,282.472,0.1069999999999709,0.009404370146603775,row_centered_residual,0.9933256727146855,0.006674327285314474,0.03488372093023256,0.8627450980392157,9.570653614181271,9.009079787963895,0.0019616513255645935,0.003918912332883923,0.2408507694600978,0.25108514002164173
Docking-44,103,6330,6321,4062,4088,0,282.365,282.472,0.1069999999999709,0.009404370146603775,group_heldout_descriptor_adjusted_residual,0.9853812802021342,0.014618719797865776,0.049682875264270614,0.7117117117117117,15.02170970143248,14.369639689075596,-0.005046379455170718,-0.0038751493600927365,0.17687844426349045,0.18416188151473442
Docking-44,104,6321,6330,4076,4074,0,282.536,282.37600000000003,0.15999999999996817,0.006626223728772893,raw,0.9961027727732866,0.0038972272267133734,0.0010570824524312897,0.8095238095238095,1.833621817414644,1.833603385963048,0.6851330574168718,0.6849686101893976,0.6941657696751429,0.6949378148809674
Docking-44,104,6321,6330,4076,4074,0,282.536,282.37600000000003,0.15999999999996817,0.006626223728772893,row_centered_residual,0.994029508442219,0.005970491557780955,0.02959830866807611,0.9,9.065482430077457,9.516796048464617,0.0026907317448041147,0.0032727560343652575,0.2504080546303936,0.24138452857808065
Docking-44,104,6321,6330,4076,4074,0,282.536,282.37600000000003,0.15999999999996817,0.006626223728772893,group_heldout_descriptor_adjusted_residual,0.9884619842774112,0.011538015722588835,0.03699788583509514,0.7592592592592593,14.54296136384038,14.849475786971615,-0.004532816773740807,-0.004323480466136143,0.18166961406644086,0.17926501733492262
Docking-44,105,6324,6327,4084,4066,0,282.352,282.536,0.18400000000002592,0.011216799541976812,raw,0.9954871734248466,0.004512826575153395,0.0010570824524312897,0.7924528301886793,1.806844359687453,1.8600496982576327,0.6895107145577033,0.6807139694681011,0.6999636162522579,0.6893272532149817
Docking-44,105,6324,6327,4084,4066,0,282.352,282.536,0.18400000000002592,0.011216799541976812,row_centered_residual,0.9928955044202704,0.007104495579729586,0.03488372093023256,0.8627450980392157,9.009255169923204,9.520538342791205,0.005884915637872917,0.00041160188791982175,0.2512610611745511,0.24191849013224062
Docking-44,105,6324,6327,4084,4066,0,282.352,282.536,0.18400000000002592,0.011216799541976812,group_heldout_descriptor_adjusted_residual,0.9846984369368396,0.01530156306316044,0.04756871035940803,0.7431192660550459,14.782377589303458,14.576106458824013,-0.003500992461402941,-0.005351099799212746,0.1798636438088717,0.18121303341365036
Docking-44,106,6322,6329,4081,4069,0,282.7710000000001,282.303,0.4680000000000746,0.012428515709486504,raw,0.9955689603979183,0.004431039602081688,0.0,0.7272727272727273,1.8160464284564217,1.851333083426998,0.6885307058435809,0.6816054869444562,0.6976465691638674,0.6914638670900304
Docking-44,106,6322,6329,4081,4069,0,282.7710000000001,282.303,0.4680000000000746,0.012428515709486504,row_centered_residual,0.9922266372304435,0.0077733627695565355,0.039112050739957716,0.8095238095238095,9.05945545258796,9.477048254297625,0.004650224081172884,0.001412033293259858,0.249526264123604,0.2431107552866576
Docking-44,106,6322,6329,4081,4069,0,282.7710000000001,282.303,0.4680000000000746,0.012428515709486504,group_heldout_descriptor_adjusted_residual,0.985093537471917,0.014906462528083031,0.0412262156448203,0.6964285714285714,14.910463482253975,14.46713381771257,-0.0042330008371961984,-0.004595594149242842,0.17882433919386787,0.1822495431612976
Docking-44,107,6330,6321,4080,4070,0,281.61349999999993,283.081,1.4675000000000864,0.013388981736197179,raw,0.9945635334353683,0.005436466564631703,0.0021141649048625794,0.7431192660550459,1.8678797669192542,1.7988538376638594,0.6771426243378244,0.6931397121166473,0.6859078121087815,0.703417287022871
Docking-44,107,6330,6321,4080,4070,0,281.61349999999993,283.081,1.4675000000000864,0.013388981736197179,row_centered_residual,0.9912151435738773,0.0087848564261227,0.040169133192389,0.7924528301886793,8.979539937801212,9.590959162537985,0.0033600057821581483,0.0026315612142031354,0.25197094233134215,0.24043338692785504
Docking-44,107,6330,6321,4080,4070,0,281.61349999999993,283.081,1.4675000000000864,0.013388981736197179,group_heldout_descriptor_adjusted_residual,0.9786050097781146,0.0213949902218854,0.056025369978858354,0.6814159292035398,14.162357953061253,15.191271031414448,-0.0026272862512788323,-0.006251900944296895,0.18610220578729048,0.17518338023699573
Docking-44,108,6328,6323,4036,4114,0,282.805,281.76300000000003,1.0419999999999732,0.010649445075700396,raw,0.992934257554478,0.00706574244552205,0.0021141649048625794,0.7592592592592593,1.8330392908437225,1.8334876239754934,0.6845438703639469,0.6856532736880161,0.6935841634651855,0.6956254137982927
Docking-44,108,6328,6323,4036,4114,0,282.805,281.76300000000003,1.0419999999999732,0.010649445075700396,row_centered_residual,0.9882144404823119,0.011785559517688116,0.046511627906976744,0.8446601941747572,9.051550376269113,9.470261095751393,0.0036504006278059655,0.0023774483534690256,0.25039571155254037,0.24240359090448665
Docking-44,108,6328,6323,4036,4114,0,282.805,281.76300000000003,1.0419999999999732,0.010649445075700396,group_heldout_descriptor_adjusted_residual,0.9736460118769,0.02635398812309997,0.06448202959830866,0.6101694915254238,15.060210410494255,14.224461340262351,-0.004850434313296574,-0.004134342729154194,0.17792961320225376,0.18383389190733446
Docking-44,109,6333,6318,4119,4031,0,282.7710000000001,281.7445,1.0265000000000555,0.010763649428842333,raw,0.9958889643327647,0.004111035667235252,0.0021141649048625794,0.6964285714285714,1.8098119738408354,1.8582886546116855,0.6900192480027589,0.6799666036069523,0.7003346044021397,0.6886853781028651
Docking-44,109,6333,6318,4119,4031,0,282.7710000000001,281.7445,1.0265000000000555,0.010763649428842333,row_centered_residual,0.9930628204393581,0.006937179560641882,0.035940803382663845,0.8095238095238095,9.486609652094396,9.072341530366566,0.0029676919822651253,0.0029914190544672262,0.2425433720154894,0.2496167704222185
Docking-44,109,6333,6318,4119,4031,0,282.7710000000001,281.7445,1.0265000000000555,0.010763649428842333,group_heldout_descriptor_adjusted_residual,0.984224837917036,0.015775162082964034,0.0507399577167019,0.7757009345794392,14.766831163767504,14.575659989146562,-0.004298883553655217,-0.004504416593781862,0.17999070767286374,0.18136841204853368
Docking-44,110,6324,6327,4093,4057,0,282.6535,282.368,0.2855000000000132,0.007059741255287045,raw,0.9958022162781376,0.004197783721862414,0.0021141649048625794,0.7924528301886793,1.8192031795084571,1.848190100433853,0.6872595366540672,0.6828371553692298,0.6974747019581441,0.6916231692388979
Docking-44,110,6324,6327,4093,4057,0,282.6535,282.368,0.2855000000000132,0.007059741255287045,row_centered_residual,0.9924097153143588,0.007590284685641158,0.03805496828752643,0.8627450980392157,9.066246964052864,9.475514543556823,0.0050052817911022274,0.001113020089151066,0.25022616792038077,0.24239032193552146
Docking-44,110,6324,6327,4093,4057,0,282.6535,282.368,0.2855000000000132,0.007059741255287045,group_heldout_descriptor_adjusted_residual,0.9832634937077361,0.016736506292263864,0.042283298097251586,0.7272727272727273,14.609610097781678,14.725265771771708,-0.003585154767839395,-0.0053018041425002315,0.18169260226207912,0.17936565766707968
Docking-44,111,6329,6322,4114,4036,0,282.4679999999999,282.3885,0.07949999999988222,0.00914826969890836,raw,0.9964265896536713,0.0035734103463287425,0.0021141649048625794,0.7592592592592593,1.8242872381511182,1.8439931488253656,0.6873135049587571,0.6825295427836825,0.6974429439334632,0.6913968858696268
Docking-44,111,6329,6322,4114,4036,0,282.4679999999999,282.3885,0.07949999999988222,0.00914826969890836,row_centered_residual,0.9930242515738941,0.006975748426105932,0.03382663847780127,0.8811881188118812,9.130566874814042,9.425376889537104,0.0033779493960569944,0.002561679057588945,0.24864397730398144,0.24360230109184913
Docking-44,111,6329,6322,4114,4036,0,282.4679999999999,282.3885,0.07949999999988222,0.00914826969890836,group_heldout_descriptor_adjusted_residual,0.9833280869895882,0.01667191301041182,0.05496828752642706,0.7272727272727273,14.37194756374473,14.967765467537195,-0.004058717376008438,-0.004825817020276392,0.1838947647551531,0.17769896452179243
Docking-44,112,6323,6328,4024,4126,0,282.81499999999994,282.076,0.738999999999919,0.011880177578974919,raw,0.9957322508536868,0.004267749146313227,0.0010570824524312897,0.8095238095238095,1.7975878783247528,1.8719077107171815,0.6933516504680197,0.6764467894090265,0.7029923242112763,0.6858034007171895
Docking-44,112,6323,6328,4024,4126,0,282.81499999999994,282.076,0.738999999999919,0.011880177578974919,row_centered_residual,0.9918961016281808,0.00810389837181924,0.042283298097251586,0.8627450980392157,9.443510025735812,9.107339225206887,0.002817961463042871,0.00314239170629779,0.24326200027698663,0.24931038114191176
Docking-44,112,6323,6328,4024,4126,0,282.81499999999994,282.076,0.738999999999919,0.011880177578974919,group_heldout_descriptor_adjusted_residual,0.9806270332239734,0.019372966776026623,0.05179704016913319,0.6666666666666666,15.006732729696086,14.338060220007653,-0.0059763873502714044,-0.002925230947876601,0.17757854655783478,0.18369930165423135
Docking-44,113,6330,6321,4196,3954,0,282.51599999999996,282.38700000000006,0.1289999999999054,0.008081314747876446,raw,0.9952585526122522,0.004741447387747844,0.003171247357293869,0.7757009345794392,1.8348573812200988,1.832149697104541,0.6843454883535888,0.6857737485015235,0.6928799219984058,0.6963516345931221
Docking-44,113,6330,6321,4196,3954,0,282.51599999999996,282.38700000000006,0.1289999999999054,0.008081314747876446,row_centered_residual,0.991981205438635,0.008018794561365006,0.045454545454545456,0.9191919191919192,9.062981481109661,9.483498351079827,0.003380920533013566,0.002541929432214811,0.24982533814621358,0.24291658174403755
Docking-44,113,6330,6321,4196,3954,0,282.51599999999996,282.38700000000006,0.1289999999999054,0.008081314747876446,group_heldout_descriptor_adjusted_residual,0.9817142329850759,0.018285767014924126,0.048625792811839326,0.7431192660550459,14.801102577446073,14.50522087165224,-0.00484180248832369,-0.0040232245405746655,0.17907409542379357,0.18235516857441686
Docking-44,114,6327,6324,4115,4035,0,282.77099999999996,282.3175,0.4534999999999627,0.012935586140419857,raw,0.997153841686147,0.002846158313853042,0.0010570824524312897,0.7924528301886793,1.8386721227848037,1.8289583107276546,0.6836937798059158,0.686344678958656,0.6936134480183742,0.6954363092212272
Docking-44,114,6327,6324,4115,4035,0,282.77099999999996,282.3175,0.4534999999999627,0.012935586140419857,row_centered_residual,0.9941673839859051,0.005832616014094905,0.03805496828752643,0.8446601941747572,9.237477281697563,9.323658408256913,0.002726985343950629,0.0031826694536735345,0.2465802640886377,0.24562445886454104
Docking-44,114,6327,6324,4115,4035,0,282.77099999999996,282.3175,0.4534999999999627,0.012935586140419857,group_heldout_descriptor_adjusted_residual,0.9860265184692384,0.013973481530761611,0.04756871035940803,0.6666666666666666,14.714241290984644,14.644830318157195,-0.004730890396618908,-0.00417480347072776,0.18043522467984643,0.18078867452184152
Docking-44,115,6327,6324,4028,4122,0,282.221,282.77099999999996,0.5499999999999545,0.009813518701963724,raw,0.9965204391421821,0.003479560857817865,0.0010570824524312897,0.8095238095238095,1.8208248383890646,1.847074190517288,0.688097388461026,0.6818819463328792,0.6973853124611417,0.691598096136364
Docking-44,115,6327,6324,4028,4122,0,282.221,282.77099999999996,0.5499999999999545,0.009813518701963724,row_centered_residual,0.9915451121953909,0.008454887804609124,0.02959830866807611,0.9,8.92824895866529,9.629729491614473,0.0036294617951828623,0.002299821359834558,0.25418259469020166,0.2381730273607779
Docking-44,115,6327,6324,4028,4122,0,282.221,282.77099999999996,0.5499999999999545,0.009813518701963724,group_heldout_descriptor_adjusted_residual,0.9837471141122818,0.016252885887718227,0.049682875264270614,0.7592592592592593,14.916325943019732,14.453542521530501,-0.004928019583333366,-0.00404215955396758,0.17918545894780724,0.18151243665532577
Docking-44,116,6328,6323,4084,4066,0,282.774,282.327,0.44700000000000273,0.013151048097038225,raw,0.9938596410097601,0.0061403589902399025,0.0021141649048625794,0.7757009345794392,1.8578508642678708,1.810497127755804,0.6797156140798842,0.6901641675230079,0.6900484492928585,0.6988620198924831
Docking-44,116,6328,6323,4084,4066,0,282.774,282.327,0.44700000000000273,0.013151048097038225,row_centered_residual,0.9872998438357835,0.012700156164216492,0.045454545454545456,0.8446601941747572,8.91933022945279,9.623373292654575,0.003145953769589163,0.0028504678755032794,0.25278503770237987,0.23992772607277127
Docking-44,116,6328,6323,4084,4066,0,282.774,282.327,0.44700000000000273,0.013151048097038225,group_heldout_descriptor_adjusted_residual,0.9829071888304224,0.017092811169577615,0.052854122621564484,0.6964285714285714,14.403762860523301,14.93725686891491,-0.004611799655547833,-0.0042159118124696785,0.1836739754757039,0.17744855258009704
Docking-44,117,6315,6336,4118,4032,0,282.731,282.35400000000004,0.3769999999999527,0.009259759111303055,raw,0.9941053421174243,0.0058946578825757046,0.0021141649048625794,0.7272727272727273,1.850172012848494,1.8166535865489148,0.6811295126349544,0.6890713494073218,0.6917489595177897,0.697458010537428
Docking-44,117,6315,6336,4118,4032,0,282.731,282.35400000000004,0.3769999999999527,0.009259759111303055,row_centered_residual,0.9884246485950765,0.011575351404923495,0.045454545454545456,0.7924528301886793,9.037116388517525,9.506993864459885,0.0020732518236109463,0.0039305151511359595,0.25197496983043627,0.24039113559662256
Docking-44,117,6315,6336,4118,4032,0,282.731,282.35400000000004,0.3769999999999527,0.009259759111303055,group_heldout_descriptor_adjusted_residual,0.9814294102057173,0.01857058979428272,0.052854122621564484,0.6814159292035398,14.348718811827654,14.993583837723342,-0.005650240599591352,-0.0030539520971654332,0.18387607364056113,0.17753532924858362
Docking-44,118,6324,6327,3988,4162,0,282.422,282.448,0.025999999999953616,0.012950131795632645,raw,0.9968547309919081,0.0031452690080918666,0.0021141649048625794,0.8095238095238095,1.8369560499072406,1.8313903562127325,0.683341668052787,0.6865050729824047,0.6936274263074687,0.6952407719243043
Docking-44,118,6324,6327,3988,4162,0,282.422,282.448,0.025999999999953616,0.012950131795632645,row_centered_residual,0.9925952455900147,0.007404754409985337,0.03699788583509514,0.8627450980392157,9.423401136617008,9.134551467328118,0.003541089679726672,0.002409385742806265,0.2420890257027541,0.2500566450015194
Docking-44,118,6324,6327,3988,4162,0,282.422,282.448,0.025999999999953616,0.012950131795632645,group_heldout_descriptor_adjusted_residual,0.9799915186767177,0.020008481323282257,0.04756871035940803,0.7117117117117117,14.13513902514404,15.213972705042156,-0.0030968737543606876,-0.005782009756547216,0.18564903830124982,0.17564660765546472
Docking-44,119,6325,6326,4058,4092,0,282.29900000000004,282.764,0.464999999999975,0.015814925291069294,raw,0.9937716597720034,0.006228340227996565,0.0021141649048625794,0.7592592592592593,1.8206197645586129,1.8462898839152937,0.6897297081188989,0.6802798601339831,0.6988394091386921,0.6902290192017354
Docking-44,119,6325,6326,4058,4092,0,282.29900000000004,282.764,0.464999999999975,0.015814925291069294,row_centered_residual,0.987283387219538,0.012716612780461989,0.048625792811839326,0.8627450980392157,9.63694902783827,8.891661582356948,0.0011199584290884042,0.0049928497065060366,0.24058308459760475,0.25235437612149414
Docking-44,119,6325,6326,4058,4092,0,282.29900000000004,282.764,0.464999999999975,0.015814925291069294,group_heldout_descriptor_adjusted_residual,0.9821346633851237,0.017865336614876326,0.049682875264270614,0.6666666666666666,14.730371176998501,14.599449347984956,-0.004826495416321987,-0.00405748187470801,0.17993060392649055,0.18152757223652846
Docking-44,120,6327,6324,4013,4137,0,281.74299999999994,282.771,1.0280000000000769,0.00991113954261862,raw,0.9937790730452992,0.006220926954700778,0.0021141649048625794,0.7272727272727273,1.8376515765404504,1.8292580057811434,0.6841686139782874,0.6859826198199165,0.694000185071814,0.6951968777322803
Docking-44,120,6327,6324,4013,4137,0,281.74299999999994,282.771,1.0280000000000769,0.00991113954261862,row_centered_residual,0.9909287048993833,0.009071295100616661,0.03699788583509514,0.8269230769230769,9.48694988642294,9.042087148649832,0.0020680854021359932,0.004019488100222124,0.2422746876595287,0.2504935968655474
Docking-44,120,6327,6324,4013,4137,0,281.74299999999994,282.771,1.0280000000000769,0.00991113954261862,group_heldout_descriptor_adjusted_residual,0.9847152479160532,0.015284752083946751,0.045454545454545456,0.7272727272727273,14.951465150042836,14.381474426432167,-0.00582672991486184,-0.002859585339635432,0.1765032253629346,0.18461814737743754
Docking-44,121,6324,6327,3986,4164,0,281.74600000000004,282.536,0.7899999999999636,0.011273032745119033,raw,0.9920135658648956,0.007986434135104359,0.0010570824524312897,0.6814159292035398,1.831017452511681,1.8349674212993505,0.6849674474641317,0.685322558857056,0.6945435583824554,0.6947436559851999
Docking-44,121,6324,6327,3986,4164,0,281.74600000000004,282.536,0.7899999999999636,0.011273032745119033,row_centered_residual,0.9879900578508175,0.012009942149182495,0.03276955602536998,0.7431192660550459,8.729535812624292,9.805156646351692,0.005039363512800048,0.0011572138247405292,0.25603682820093204,0.23680243398923365
Docking-44,121,6324,6327,3986,4164,0,281.74600000000004,282.536,0.7899999999999636,0.011273032745119033,group_heldout_descriptor_adjusted_residual,0.9734462078608832,0.026553792139116794,0.06236786469344609,0.6239316239316239,14.321959658029332,14.917206724133402,-0.0022304555663961853,-0.00633672035246121,0.18496717811303673,0.17698160036058436
Docking-44,122,6325,6326,4122,4028,0,283.375,281.42099999999994,1.9540000000000646,0.015210105980838225,raw,0.9962477355763374,0.00375226442366261,0.0010570824524312897,0.7757009345794392,1.8260079919819014,1.8412938306705382,0.687288258869005,0.6828055142711595,0.6964991983666492,0.6925981325015995
Docking-44,122,6325,6326,4122,4028,0,283.375,281.42099999999994,1.9540000000000646,0.015210105980838225,row_centered_residual,0.9933497835710453,0.006650216428954692,0.03699788583509514,0.9,9.277497336710516,9.274582658534735,0.0028046634256698394,0.0031597750113863485,0.24668842739611485,0.24579478776724598
Docking-44,122,6325,6326,4122,4028,0,283.375,281.42099999999994,1.9540000000000646,0.015210105980838225,group_heldout_descriptor_adjusted_residual,0.9846152892099698,0.015384710790030232,0.052854122621564484,0.6964285714285714,14.842049024817896,14.514671539305755,-0.00485550951632232,-0.004024088055178523,0.17876650735980185,0.18253475760042662
Docking-44,123,6325,6326,4134,4016,0,281.74299999999994,282.751,1.0080000000000382,0.01216139178420447,raw,0.9958189847337952,0.004181015266204846,0.0010570824524312897,0.7924528301886793,1.8365191991515304,1.8311285857539688,0.6847416312279241,0.6852392822053337,0.6939871168881102,0.6950403940311204
Docking-44,123,6325,6326,4134,4016,0,281.74299999999994,282.751,1.0080000000000382,0.01216139178420447,row_centered_residual,0.9926874791833902,0.007312520816609824,0.04439746300211417,0.8095238095238095,9.516836787981354,9.037615287178182,0.002155001174528091,0.0038099961843184637,0.2410976615943014,0.25131782101665695
Docking-44,123,6325,6326,4134,4016,0,281.74299999999994,282.751,1.0080000000000382,0.01216139178420447,group_heldout_descriptor_adjusted_residual,0.9846640212053633,0.015335978794636662,0.048625792811839326,0.7117117117117117,14.964349504059033,14.383833589316147,-0.00580330092220774,-0.0029972357398619647,0.17665839911933284,0.1846356949012769
Docking-44,124,6345,6306,4024,4126,0,282.134,282.77099999999996,0.6369999999999436,0.010984622697884637,raw,0.9969614084198694,0.003038591580130645,0.004228329809725159,0.7757009345794392,1.8543466236584412,1.8121495049757776,0.6783570408105257,0.6920552788485435,0.6898600724879337,0.6995445400610947
Docking-44,124,6345,6306,4024,4126,0,282.134,282.77099999999996,0.6369999999999436,0.010984622697884637,row_centered_residual,0.9942584694432632,0.0057415305567367625,0.040169133192389,0.8811881188118812,9.115769959454317,9.46713718317376,0.0033362731549944507,0.0025696172760660105,0.24958429104301863,0.24243528080368082
Docking-44,124,6345,6306,4024,4126,0,282.134,282.77099999999996,0.6369999999999436,0.010984622697884637,group_heldout_descriptor_adjusted_residual,0.9853885375557238,0.014611462444276246,0.0507399577167019,0.7117117117117117,14.44246032947593,14.928630808030928,-0.0041616744761668635,-0.0046982437136799775,0.18337551487626091,0.17796893981091705
Docking-44,125,6327,6324,4040,4110,0,282.472,282.3995,0.0724999999999909,0.012600286294483837,raw,0.9952930108672846,0.004706989132715389,0.0010570824524312897,0.7757009345794392,1.8339946283087785,1.8328788054620804,0.6854943796140488,0.6846740745952262,0.6946009831538733,0.6945640721541542
Docking-44,125,6327,6324,4040,4110,0,282.472,282.3995,0.0724999999999909,0.012600286294483837,row_centered_residual,0.9922704081442815,0.007729591855718532,0.03276955602536998,0.8811881188118812,9.314025162956314,9.233129791754862,0.0029905446303797366,0.002971169553139084,0.24576103513535894,0.24649964560215648
Docking-44,125,6327,6324,4040,4110,0,282.472,282.3995,0.0724999999999909,0.012600286294483837,group_heldout_descriptor_adjusted_residual,0.9847699473838321,0.015230052616167944,0.05496828752642706,0.6964285714285714,14.495789146726558,14.843355450896576,-0.0036707723694128407,-0.005198445257414489,0.18334678764655693,0.17804892445162568
Docking-44,126,6325,6326,3998,4152,0,283.11,281.3990000000001,1.710999999999899,0.00864699171122627,raw,0.9973901025643367,0.002609897435663311,0.0010570824524312897,0.8095238095238095,1.8222160616752932,1.8450826054764935,0.6867445821932728,0.6833429613631566,0.6966898073052943,0.6924015578560796
Docking-44,126,6325,6326,3998,4152,0,283.11,281.3990000000001,1.710999999999899,0.00864699171122627,row_centered_residual,0.9945504928781369,0.005449507121863095,0.03382663847780127,0.9,9.376384976726024,9.194502948113218,0.003705053243104446,0.0022700000520997662,0.24332686935462042,0.24864262762041708
Docking-44,126,6325,6326,3998,4152,0,283.11,281.3990000000001,1.710999999999899,0.00864699171122627,group_heldout_descriptor_adjusted_residual,0.9853789272320249,0.014621072767975085,0.04439746300211417,0.6814159292035398,14.58848318065384,14.767444426565344,-0.0033879872525076093,-0.0054228229158442285,0.18097137934802027,0.18008115649041395
Docking-44,127,6322,6329,4086,4064,0,282.586,282.387,0.19900000000001228,0.010295002456516853,raw,0.9962224057113671,0.0037775942886328906,0.0010570824524312897,0.7757009345794392,1.822678949314322,1.8445490184226057,0.6868503789190701,0.6832461590296426,0.6964053372942692,0.6926941632385548
Docking-44,127,6322,6329,4086,4064,0,282.586,282.387,0.19900000000001228,0.010295002456516853,row_centered_residual,0.9922274451780111,0.0077725548219889085,0.040169133192389,0.8269230769230769,9.150520383660421,9.391488422385356,0.004038303143605335,0.001936322192793644,0.24774982565118192,0.24459632442686186
Docking-44,127,6322,6329,4086,4064,0,282.586,282.387,0.19900000000001228,0.010295002456516853,group_heldout_descriptor_adjusted_residual,0.9824447451568591,0.01755525484314091,0.046511627906976744,0.7272727272727273,14.687798593759634,14.63194657905124,-0.0036050729949604994,-0.005206219677364672,0.18068101181971238,0.18068186969725866
Docking-44,128,6321,6330,4210,3940,0,282.299,282.77099999999996,0.47199999999998,0.011391277551470274,raw,0.995867319842664,0.004132680157336033,0.0021141649048625794,0.8095238095238095,1.8067825064559515,1.8611631325419271,0.6916201360217324,0.6784242926905211,0.7012022819563579,0.6878427815258814
Docking-44,128,6321,6330,4210,3940,0,282.299,282.77099999999996,0.47199999999998,0.011391277551470274,row_centered_residual,0.9915964097786744,0.00840359022132564,0.039112050739957716,0.8627450980392157,9.113630362661594,9.423986879611038,0.003918969331885887,0.00208484659308902,0.24911128129772603,0.2434145743182827
Docking-44,128,6321,6330,4210,3940,0,282.299,282.77099999999996,0.47199999999998,0.011391277551470274,group_heldout_descriptor_adjusted_residual,0.976832557083533,0.023167442916466996,0.05708245243128964,0.6814159292035398,14.402063724929064,14.871546107571604,-0.0037354396698579505,-0.005113710902524135,0.18371140398351612,0.17832232145715896
Docking-44,129,6329,6322,4078,4072,0,282.36500000000007,282.51599999999996,0.15099999999989677,0.011409569813889044,raw,0.9951789201660274,0.004821079833972619,0.0,0.7272727272727273,1.8331824130960286,1.8346841613375255,0.6845701192962415,0.6853152906835754,0.6949623416238802,0.6938907435328392
Docking-44,129,6329,6322,4078,4072,0,282.36500000000007,282.51599999999996,0.15099999999989677,0.011409569813889044,row_centered_residual,0.9931673008169165,0.0068326991830834904,0.03382663847780127,0.7592592592592593,9.438182269005448,9.09680479296182,0.0014895248561165263,0.00462646013831246,0.24335782994614816,0.24895614148416234
Docking-44,129,6329,6322,4078,4072,0,282.36500000000007,282.51599999999996,0.15099999999989677,0.011409569813889044,group_heldout_descriptor_adjusted_residual,0.9845889671286884,0.015411032871311625,0.04439746300211417,0.6666666666666666,14.576167523031486,14.781338216336941,-0.005432564178147759,-0.003356278282818675,0.18083801708146074,0.18022514860615754
Docking-44,130,6328,6323,4090,4060,0,283.4135,281.39899999999994,2.014500000000055,0.011109507701000481,raw,0.9967454879760569,0.0032545120239431125,0.0010570824524312897,0.7757009345794392,1.8528856800947122,1.8145480212346394,0.6796868290824003,0.6903958660476801,0.6892763992302662,0.6998217708379352
Docking-44,130,6328,6323,4090,4060,0,283.4135,281.39899999999994,2.014500000000055,0.011109507701000481,row_centered_residual,0.9925695897111135,0.007430410288886469,0.03699788583509514,0.9,9.274309341068905,9.276681063351052,0.00362334563527087,0.002316679863233372,0.24550417849281891,0.24680413883383878
Docking-44,130,6328,6323,4090,4060,0,283.4135,281.39899999999994,2.014500000000055,0.011109507701000481,group_heldout_descriptor_adjusted_residual,0.9785042856480197,0.021495714351980277,0.06448202959830866,0.7117117117117117,14.392877409354197,14.91843846395451,-0.0030769086631102665,-0.005833680575516135,0.18307654152642444,0.17835193763493334
Docking-44,131,6324,6327,4070,4080,0,281.355,283.46000000000004,2.105000000000018,0.012094862264641551,raw,0.9933928599334655,0.0066071400665345115,0.0,0.7117117117117117,1.873258316377771,1.7955445130670626,0.677250865489518,0.692702091228227,0.6873199581241387,0.7016202554514938
Docking-44,131,6324,6327,4070,4080,0,281.355,283.46000000000004,2.105000000000018,0.012094862264641551,row_centered_residual,0.9852799465677341,0.0147200534322659,0.048625792811839326,0.7924528301886793,9.241414325341534,9.263981401404028,0.0004019353066762175,0.005944590204317024,0.24798765127019345,0.24502067040167408
Docking-44,131,6324,6327,4070,4080,0,281.355,283.46000000000004,2.105000000000018,0.012094862264641551,group_heldout_descriptor_adjusted_residual,0.9776391155483024,0.022360884451697594,0.0613107822410148,0.7272727272727273,14.684150399436502,14.60732892396539,-0.006249456854764129,-0.0022956296809870827,0.18020443372142256,0.18136787278066385
Docking-44,132,6322,6329,4134,4016,0,282.35400000000004,282.536,0.18199999999995953,0.008390770774462361,raw,0.9948344084882969,0.005165591511703149,0.0010570824524312897,0.7592592592592593,1.8505453040716096,1.8164697653633586,0.6805703286458462,0.6895764911879451,0.6905155177271696,0.698628668435452
Docking-44,132,6322,6329,4134,4016,0,282.35400000000004,282.536,0.18199999999995953,0.008390770774462361,row_centered_residual,0.9896940759689709,0.010305924031029146,0.04439746300211417,0.8095238095238095,9.587504843767748,8.929655673700061,0.002106375943840087,0.003973291093377994,0.24014138942633884,0.2529531762408356
Docking-44,132,6322,6329,4134,4016,0,282.35400000000004,282.536,0.18199999999995953,0.008390770774462361,group_heldout_descriptor_adjusted_residual,0.9734741033137437,0.026525896686256267,0.06976744186046512,0.6666666666666666,14.580701550042836,14.703514611671627,-0.004706393667814933,-0.004287715057529964,0.18073810239854873,0.18132998202359785
Docking-44,133,6327,6324,4123,4027,0,281.3990000000001,283.337,1.9379999999998745,0.009353156212239404,raw,0.9954508016097857,0.004549198390214282,0.0010570824524312897,0.8269230769230769,1.8265111341952973,1.8407736515940751,0.687588752307073,0.6824392344116462,0.6962451901067646,0.6928082631985539
Docking-44,133,6327,6324,4123,4027,0,281.3990000000001,283.337,1.9379999999998745,0.009353156212239404,row_centered_residual,0.9898893157899565,0.010110684210043464,0.045454545454545456,0.8811881188118812,8.983806504832206,9.572557556916623,0.002749078406117237,0.003254884599887474,0.2528456742591996,0.23976762695574574
Docking-44,133,6327,6324,4123,4027,0,281.3990000000001,283.337,1.9379999999998745,0.009353156212239404,group_heldout_descriptor_adjusted_residual,0.9803369375236469,0.019663062476353077,0.05708245243128964,0.6666666666666666,14.606859102465476,14.729805897879285,-0.005267416294910374,-0.0035530855731764803,0.1818693556595806,0.1790851217001118
Docking-44,134,6325,6326,3944,4206,0,282.7950000000001,282.0325,0.7625000000000455,0.00846192200080226,raw,0.9937226017626791,0.006277398237320875,0.0021141649048625794,0.7117117117117117,1.8433901463806042,1.8226818569953052,0.6834704491088016,0.686847212660332,0.6936777497185977,0.6956399021449149
Docking-44,134,6325,6326,3944,4206,0,282.7950000000001,282.0325,0.7625000000000455,0.00846192200080226,row_centered_residual,0.9911983467691823,0.008801653230817719,0.03171247357293869,0.8269230769230769,9.223091684216127,9.313628805799006,0.0012974663133611777,0.004882285617946165,0.24833913515251071,0.24370290733258412
Docking-44,134,6325,6326,3944,4206,0,282.7950000000001,282.0325,0.7625000000000455,0.00846192200080226,group_heldout_descriptor_adjusted_residual,0.9811796977092523,0.018820302290747715,0.05179704016913319,0.6666666666666666,14.692280457140662,14.62216035080191,-0.005730774722066217,-0.0031346912718067457,0.18016834449921243,0.18139173405701978
Docking-44,135,6338,6313,4071,4079,0,282.7710000000001,282.221,0.5500000000000682,0.00814039980311805,raw,0.9926097886462315,0.007390211353768494,0.003171247357293869,0.6666666666666666,1.8148855452847072,1.8523157159900205,0.6876287701718844,0.6825180666916257,0.698196502368854,0.6909461577082601
Docking-44,135,6338,6313,4071,4079,0,282.7710000000001,282.221,0.5500000000000682,0.00814039980311805,row_centered_residual,0.9886860692440121,0.011313930755987855,0.03488372093023256,0.7592592592592593,9.27430333708389,9.229221755389986,0.004825575205892396,0.0013418801858501642,0.24404384940323634,0.24855575783281178
Docking-44,135,6338,6313,4071,4079,0,282.7710000000001,282.221,0.5500000000000682,0.00814039980311805,group_heldout_descriptor_adjusted_residual,0.9793337643095751,0.020666235690424917,0.052854122621564484,0.6964285714285714,15.186800474488834,14.156259662903759,-0.003184018631048346,-0.005497836100968591,0.1760348614680083,0.1854746225526293
Docking-44,136,6317,6334,4106,4044,0,281.42099999999994,283.428,2.007000000000062,0.010212242474597169,raw,0.9962849578625221,0.003715042137477864,0.0021141649048625794,0.7117117117117117,1.8653050072602926,1.8047910388905173,0.6784915547993147,0.6911648292203336,0.6871849539848897,0.701483663304658
Docking-44,136,6317,6334,4106,4044,0,281.42099999999994,283.428,2.007000000000062,0.010212242474597169,row_centered_residual,0.9924225999518843,0.00757740004811569,0.035940803382663845,0.8269230769230769,9.112206162648961,9.436528731827545,0.003446800105650533,0.0024704802679278576,0.24901999164019117,0.24328863914133755
Docking-44,136,6317,6334,4106,4044,0,281.42099999999994,283.428,2.007000000000062,0.010212242474597169,group_heldout_descriptor_adjusted_residual,0.985305715842785,0.014694284157214965,0.048625792811839326,0.6964285714285714,14.80575496762832,14.543480486970436,-0.004266940014978072,-0.004577041670113972,0.18011510107463272,0.18107426235760443
Docking-44,137,6326,6325,4008,4142,0,281.7535,282.771,1.017500000000041,0.016749046222441045,raw,0.9944200164332281,0.005579983566771918,0.0021141649048625794,0.7431192660550459,1.8352311678951376,1.830547180822283,0.6858340653297361,0.6844467177265754,0.6955936468762369,0.693691757443958
Docking-44,137,6326,6325,4008,4142,0,281.7535,282.771,1.017500000000041,0.016749046222441045,row_centered_residual,0.9900782762991449,0.00992172370085509,0.045454545454545456,0.8269230769230769,9.24018178093886,9.302596665688649,0.0020108791098470123,0.004139990042834312,0.24870248937762138,0.24338439791729222
Docking-44,137,6326,6325,4008,4142,0,281.7535,282.771,1.017500000000041,0.016749046222441045,group_heldout_descriptor_adjusted_residual,0.9816259966059823,0.018374003394017735,0.05391120507399577,0.6964285714285714,14.500865629525519,14.830510982519703,-0.0043889077602378875,-0.004548959147091323,0.1830362490733257,0.17836119829208655
Docking-44,138,6331,6320,4035,4115,0,282.63599999999997,282.301,0.33499999999997954,0.011698488850322604,raw,0.9965258821573745,0.0034741178426255237,0.003171247357293869,0.7431192660550459,1.8681024152929564,1.8014729717511395,0.6790153279872326,0.6908208035274614,0.6868530560540775,0.7019527043437491
Docking-44,138,6331,6320,4035,4115,0,282.63599999999997,282.301,0.33499999999997954,0.011698488850322604,row_centered_residual,0.9926653527596528,0.0073346472403471585,0.03805496828752643,0.8446601941747572,9.254738778102686,9.291807711472735,0.0016311806842124034,0.0043851836729354565,0.24715039969857225,0.24544903268035342
Docking-44,138,6331,6320,4035,4115,0,282.63599999999997,282.301,0.33499999999997954,0.011698488850322604,group_heldout_descriptor_adjusted_residual,0.9851493567266754,0.014850643273324637,0.0507399577167019,0.7117117117117117,14.192392435890932,15.198721171568769,-0.004509164407984909,-0.004315943473953872,0.18578637416393587,0.17526459297618185
Docking-44,139,6330,6321,4068,4082,0,283.3475000000001,281.3589999999999,1.9885000000001583,0.012450861530548514,raw,0.995803619555492,0.0041963804445079855,0.0010570824524312897,0.8095238095238095,1.8290752324614845,1.8389895972986083,0.6872533144676838,0.6826441436075368,0.696026639762788,0.692877447892102
Docking-44,139,6330,6321,4068,4082,0,283.3475000000001,281.3589999999999,1.9885000000001583,0.012450861530548514,row_centered_residual,0.9913860457462038,0.008613954253796186,0.04439746300211417,0.8627450980392157,9.265821240474423,9.282865645410247,0.002504784711305642,0.0034689601269945365,0.2475849110403988,0.24519232221479192
Docking-44,139,6330,6321,4068,4082,0,283.3475000000001,281.3589999999999,1.9885000000001583,0.012450861530548514,group_heldout_descriptor_adjusted_residual,0.9829918532307961,0.017008146769203925,0.05496828752642706,0.7272727272727273,14.78587613386032,14.55858002674599,-0.004785499923146634,-0.0040753081093253376,0.1794603826863815,0.18178069886677628
Docking-44,140,6335,6316,4089,4061,0,282.38700000000006,282.46,0.07299999999992224,0.008893188169707682,raw,0.9933845820145272,0.006615417985472827,0.0021141649048625794,0.7272727272727273,1.7880537767788542,1.881109174849872,0.6943931544121024,0.675596169306345,0.704624010057642,0.6843515453788145
Docking-44,140,6335,6316,4089,4061,0,282.38700000000006,282.46,0.07299999999992224,0.008893188169707682,row_centered_residual,0.9876428246654909,0.012357175334509085,0.04334038054968287,0.8095238095238095,9.351615578514869,9.17572974787956,0.005405078400426746,0.0008919433262635276,0.24336067235328326,0.24926326410454427
Docking-44,140,6335,6316,4089,4061,0,282.38700000000006,282.46,0.07299999999992224,0.008893188169707682,group_heldout_descriptor_adjusted_residual,0.9843027835955317,0.015697216404468306,0.048625792811839326,0.6964285714285714,14.85782471859794,14.501599982435492,-0.0029698899291991754,-0.005732978007900008,0.17926449692386265,0.1819984166315138
Docking-44,141,6343,6308,4117,4033,0,282.77099999999996,281.879,0.8919999999999391,0.011337449668401528,raw,0.9951724140619306,0.004827585938069423,0.0010570824524312897,0.8095238095238095,1.7986023618562539,1.8693848832748061,0.6941360233377635,0.6758662969340243,0.7035173789801932,0.6854974092880914
Docking-44,141,6343,6308,4117,4033,0,282.77099999999996,281.879,0.8919999999999391,0.011337449668401528,row_centered_residual,0.989498212469161,0.010501787530838969,0.040169133192389,0.8269230769230769,9.851851332228145,8.754732922092984,0.0018817400229035562,0.004093416516313165,0.23582291982703318,0.2563043719888413
Docking-44,141,6343,6308,4117,4033,0,282.77099999999996,281.879,0.8919999999999391,0.011337449668401528,group_heldout_descriptor_adjusted_residual,0.9853587568918724,0.014641243108127644,0.0507399577167019,0.6964285714285714,14.8713419656216,14.48842522063256,-0.0052248789949634585,-0.003645073001526855,0.17782403633273433,0.18327862270860942
Docking-44,142,6328,6323,4111,4039,0,282.4415,282.432,0.009500000000002728,0.008633746963156802,raw,0.9958609413092356,0.004139058690764363,0.0,0.7592592592592593,1.8546746306285764,1.8125100873688682,0.6812495334210206,0.6888945272719572,0.6909757461026117,0.6981166676708396
Docking-44,142,6328,6323,4111,4039,0,282.4415,282.432,0.009500000000002728,0.008633746963156802,row_centered_residual,0.9917631162934568,0.008236883706543185,0.03488372093023256,0.9191919191919192,9.398087318604404,9.147109652364938,0.0011665363734433174,0.005071563438401047,0.24470765796323313,0.24724619035223028
Docking-44,142,6328,6323,4111,4039,0,282.4415,282.432,0.009500000000002728,0.008633746963156802,group_heldout_descriptor_adjusted_residual,0.9843888229242223,0.015611177075777749,0.046511627906976744,0.7272727272727273,15.006699599614361,14.316180810655478,-0.005286250552653308,-0.0035092283691013355,0.1765980229864391,0.18471367123984903
Docking-44,143,6334,6317,4028,4122,0,281.6155,283.339,1.7235000000000014,0.016407327843996726,raw,0.9965710138250103,0.0034289861749896566,0.0010570824524312897,0.8095238095238095,1.8311728279529398,1.8362207426620767,0.6851855931555912,0.6848725692544061,0.6952018720249507,0.6938597164002576
Docking-44,143,6334,6317,4028,4122,0,281.6155,283.339,1.7235000000000014,0.016407327843996726,row_centered_residual,0.9939590185605753,0.006040981439424664,0.039112050739957716,0.8627450980392157,9.32969904616046,9.229171721497165,0.0031430011456414614,0.002790675939670044,0.24468514628133156,0.2480391301057835
Docking-44,143,6334,6317,4028,4122,0,281.6155,283.339,1.7235000000000014,0.016407327843996726,group_heldout_descriptor_adjusted_residual,0.9871410041788959,0.012858995821104058,0.04334038054968287,0.7117117117117117,14.806734019162283,14.560976820576132,-0.004365254720414151,-0.004491622608519105,0.17935902992107852,0.18176465989725119
Docking-44,144,6327,6324,4041,4109,0,282.369,282.751,0.38199999999994816,0.010895370552815874,raw,0.9971094754425222,0.002890524557477847,0.0010570824524312897,0.8446601941747572,1.822657983655929,1.8449259928764192,0.6887550330765312,0.681302559199608,0.6971865787806407,0.6918634336246681
Docking-44,144,6327,6324,4041,4109,0,282.369,282.751,0.38199999999994816,0.010895370552815874,row_centered_residual,0.9931664219967552,0.0068335780032448,0.046511627906976744,0.8811881188118812,9.249887190655443,9.307077765622163,0.0030014346509654034,0.0029321705203811136,0.24844312875895347,0.24413789319448123
Docking-44,144,6327,6324,4041,4109,0,282.369,282.751,0.38199999999994816,0.010895370552815874,group_heldout_descriptor_adjusted_residual,0.9841091454951625,0.015890854504837515,0.06448202959830866,0.6666666666666666,14.545952071631099,14.788072781378409,-0.004407013465733988,-0.004486721672046412,0.18254301728137437,0.1788904876439717
Docking-44,145,6328,6323,4048,4102,0,281.74600000000004,282.771,1.0249999999999773,0.01238837583097687,raw,0.9957613227916019,0.004238677208398101,0.0021141649048625794,0.7592592592592593,1.8341598357764102,1.832757891559658,0.684237296873435,0.6858962040407598,0.694962932452344,0.6942170144768838
Docking-44,145,6328,6323,4048,4102,0,281.74600000000004,282.771,1.0249999999999773,0.01238837583097687,row_centered_residual,0.9909462387790521,0.00905376122094792,0.039112050739957716,0.8269230769230769,8.956716731932408,9.580992894274344,0.004002537107954195,0.0020195746811036215,0.2526703393470838,0.23991904364868272
Docking-44,145,6328,6323,4048,4102,0,281.74600000000004,282.771,1.0249999999999773,0.01238837583097687,group_heldout_descriptor_adjusted_residual,0.9844804470132922,0.015519552986707819,0.04439746300211417,0.6814159292035398,14.869104835512452,14.51682462853811,-0.004393044831753134,-0.004545075605056884,0.1795746845236315,0.18117861765122142
Docking-44,146,6338,6313,4137,4013,0,283.4155,281.421,1.9945000000000164,0.014716610807303467,raw,0.9910160057602407,0.008983994239759263,0.0021141649048625794,0.6521739130434783,1.8808261195607996,1.7879832218287954,0.6759591880699777,0.6940492149342373,0.6867701037413366,0.7022657347475286
Docking-44,146,6338,6313,4137,4013,0,283.4155,281.421,1.9945000000000164,0.014716610807303467,row_centered_residual,0.9851024532441981,0.014897546755801905,0.05179704016913319,0.7924528301886793,9.380638555702333,9.120357966751692,0.00034077933431769287,0.006040913642773159,0.24591069358368137,0.24695185866677802
Docking-44,146,6338,6313,4137,4013,0,283.4155,281.421,1.9945000000000164,0.014716610807303467,group_heldout_descriptor_adjusted_residual,0.9809575404771984,0.01904245952280159,0.049682875264270614,0.6666666666666666,14.40049197337161,14.949578134816718,-0.005505668134530047,-0.003333932468992091,0.18293195696586445,0.17826873449223465
Docking-44,147,6325,6326,4083,4067,0,282.536,282.37600000000003,0.15999999999996817,0.01154697534111684,raw,0.9970634224311689,0.0029365775688311446,0.0021141649048625794,0.7757009345794392,1.8261495226887667,1.8413456053295898,0.6862259453756779,0.6838563434980006,0.6967848100659442,0.6922841714069878
Docking-44,147,6325,6326,4083,4067,0,282.536,282.37600000000003,0.15999999999996817,0.01154697534111684,row_centered_residual,0.9941061642395106,0.005893835760489408,0.02854122621564482,0.8627450980392157,9.304045458050105,9.24837674488849,0.003522978090462312,0.002408586010878043,0.24483437606248137,0.24755901671993308
Docking-44,147,6325,6326,4083,4067,0,282.536,282.37600000000003,0.15999999999996817,0.01154697534111684,group_heldout_descriptor_adjusted_residual,0.9787240473864083,0.02127595261359172,0.06659619450317125,0.6964285714285714,14.707028416016628,14.565651346372473,-0.0026462146899109674,-0.006163095135623266,0.18049196126226963,0.18164119043211682
Docking-44,148,6323,6328,4106,4044,0,282.336,282.6335,0.29750000000001364,0.012449332629276898,raw,0.9953882494586308,0.004611750541369197,0.003171247357293869,0.8095238095238095,1.833225545213597,1.833790254070847,0.6859560086556347,0.6841144680772322,0.6933316799047112,0.6957801471649983
Docking-44,148,6323,6328,4106,4044,0,282.336,282.6335,0.29750000000001364,0.012449332629276898,row_centered_residual,0.9912750734390674,0.0087249265609326,0.0306553911205074,0.8446601941747572,9.061523894550778,9.478009204907714,0.004372660558267409,0.0016743897982683497,0.2501682527177312,0.24240966552801074
Docking-44,148,6323,6328,4106,4044,0,282.336,282.6335,0.29750000000001364,0.012449332629276898,group_heldout_descriptor_adjusted_residual,0.9828285060769526,0.0171714939230474,0.05496828752642706,0.7431192660550459,14.807051771562849,14.551676660112618,-0.004486848374814021,-0.004441157364516529,0.17958130179894036,0.18140016157004968
Docking-44,149,6322,6329,4067,4083,0,282.26,282.771,0.5110000000000241,0.011481848242392059,raw,0.9966061241079044,0.0033938758920956102,0.0010570824524312897,0.7431192660550459,1.8637371131607061,1.8057483386246291,0.6788760126556467,0.6909256291498238,0.6882849471724128,0.7005029274637474
Docking-44,149,6322,6329,4067,4083,0,282.26,282.771,0.5110000000000241,0.011481848242392059,row_centered_residual,0.9937035228604687,0.006296477139531298,0.03699788583509514,0.8446601941747572,9.198137989035398,9.358674008824066,0.002720634772702981,0.0032041374098752424,0.24799423489899397,0.24417430851449393
Docking-44,149,6322,6329,4067,4083,0,282.26,282.771,0.5110000000000241,0.011481848242392059,group_heldout_descriptor_adjusted_residual,0.9836958590525545,0.016304140947445478,0.05708245243128964,0.7117117117117117,14.633608449902564,14.70213032028366,-0.00495934835664876,-0.003944742431241585,0.18131080351160364,0.18010912796725428
Docking-44,150,6329,6322,4023,4127,0,282.30000000000007,282.7710000000001,0.47100000000000364,0.012310350975751286,raw,0.9966855014127919,0.0033144985872081145,0.0021141649048625794,0.8095238095238095,1.8362835922355627,1.8311686422427642,0.6849820105427126,0.6850423536311713,0.6940509483413733,0.6950322907774122
Docking-44,150,6329,6322,4023,4127,0,282.30000000000007,282.7710000000001,0.47100000000000364,0.012310350975751286,row_centered_residual,0.9914906962179867,0.008509303782013311,0.040169133192389,0.8627450980392157,9.552839522452752,9.0043387777865,0.0024629893541598083,0.0034467989054617837,0.24064035816238505,0.2517384301418211
Docking-44,150,6329,6322,4023,4127,0,282.30000000000007,282.7710000000001,0.47100000000000364,0.012310350975751286,group_heldout_descriptor_adjusted_residual,0.9777687982201622,0.02223120177983784,0.06448202959830866,0.6964285714285714,14.959183894773265,14.331071115041214,-0.004505433191632128,-0.00441568596544205,0.17689490997400362,0.18500741987063984
Docking-44,151,6324,6327,4066,4084,0,282.49399999999997,282.38700000000006,0.10699999999991405,0.007495885978858115,raw,0.9955455440929764,0.004454455907023647,0.0021141649048625794,0.7757009345794392,1.8306885772240131,1.8367333727953172,0.6855759604917031,0.6844907952738138,0.6957633932913658,0.6932768163050519
Docking-44,151,6324,6327,4066,4084,0,282.49399999999997,282.38700000000006,0.10699999999991405,0.007495885978858115,row_centered_residual,0.9926868413300474,0.007313158669952635,0.039112050739957716,0.8627450980392157,9.050521793508667,9.49770577162117,0.0029698670778194654,0.0029882460118628253,0.2513530377375507,0.24120689075612245
Docking-44,151,6324,6327,4066,4084,0,282.49399999999997,282.38700000000006,0.10699999999991405,0.007495885978858115,group_heldout_descriptor_adjusted_residual,0.9838076393072585,0.016192360692741548,0.05179704016913319,0.7272727272727273,14.327112662635013,15.008156383303287,-0.004045578401077872,-0.004812248402223612,0.18440636297313173,0.17703585959909957
Docking-44,152,6332,6319,4099,4051,0,281.7635,282.7710000000001,1.00750000000005,0.00840072410443411,raw,0.9953436847717438,0.004656315228256158,0.0021141649048625794,0.7592592592592593,1.8026236024898745,1.865684209574199,0.6903998716619208,0.6796357333577759,0.7010999124184584,0.6879103574762776
Docking-44,152,6332,6319,4099,4051,0,281.7635,282.7710000000001,1.00750000000005,0.00840072410443411,row_centered_residual,0.9917787649621345,0.008221235037865537,0.03699788583509514,0.8811881188118812,9.04912944725607,9.487556747725709,0.005802535473690057,0.00035762838652647914,0.2498881011195482,0.24269536151837776
Docking-44,152,6332,6319,4099,4051,0,281.7635,282.7710000000001,1.00750000000005,0.00840072410443411,group_heldout_descriptor_adjusted_residual,0.9885809368385926,0.011419063161407395,0.04334038054968287,0.7592592592592593,14.741119686837598,14.637032885239655,-0.003108979279232358,-0.0057204856418245605,0.18086758646121742,0.18013165222507738
Docking-44,153,6329,6322,4023,4127,0,282.771,282.1775,0.5935000000000059,0.009008036551491207,raw,0.9960648984592403,0.003935101540759711,0.0,0.7592592592592593,1.7899237980486773,1.8779537258675343,0.6949770886958169,0.6752731986594159,0.7044593772978358,0.6847837156666559
Docking-44,153,6329,6322,4023,4127,0,282.771,282.1775,0.5935000000000059,0.009008036551491207,row_centered_residual,0.9914783643866918,0.00852163561330821,0.03382663847780127,0.8627450980392157,9.541278777241496,9.042862657808074,0.0037329566380967004,0.00228723252668912,0.24014882630789294,0.25146918401294843
Docking-44,153,6329,6322,4023,4127,0,282.771,282.1775,0.5935000000000059,0.009008036551491207,group_heldout_descriptor_adjusted_residual,0.984984748040665,0.015015251959334952,0.05391120507399577,0.7117117117117117,15.244748020980087,14.187159210217951,-0.00427850834872703,-0.004563475944299625,0.17452232257387837,0.1859599541652813
Docking-44,154,6330,6321,4111,4039,0,282.452,282.411,0.04099999999999682,0.010306426108413166,raw,0.9948739553955533,0.005126044604446656,0.0021141649048625794,0.7757009345794392,1.8874837128293527,1.7820451588530877,0.6729000101105264,0.6970764030238682,0.6836510148808275,0.7053754428059679
Docking-44,154,6330,6321,4111,4039,0,282.452,282.411,0.04099999999999682,0.010306426108413166,row_centered_residual,0.9905916206694674,0.009408379330532624,0.045454545454545456,0.8627450980392157,9.337126128680607,9.182977679276707,0.0008114227686023857,0.00546808678142848,0.2461109905699752,0.2468132614825011
Docking-44,154,6330,6321,4111,4039,0,282.452,282.411,0.04099999999999682,0.010306426108413166,group_heldout_descriptor_adjusted_residual,0.9758029767410678,0.02419702325893225,0.0613107822410148,0.6964285714285714,13.963312930190629,15.445808905154765,-0.004657819316848662,-0.004330391948134203,0.18779610951393355,0.17310797080015583
Docking-44,155,6336,6315,4111,4039,0,282.771,281.827,0.9440000000000168,0.012562081623839344,raw,0.9962235821964217,0.0037764178035782914,0.0,0.7924528301886793,1.8327081664033564,1.8345452233455213,0.6861066258253301,0.6839803887703333,0.6952074838362031,0.6938718404557439
Docking-44,155,6336,6315,4111,4039,0,282.771,281.827,0.9440000000000168,0.012562081623839344,row_centered_residual,0.9917305290748967,0.008269470925103328,0.03488372093023256,0.8627450980392157,9.151512565182044,9.393889091938743,0.0023358542881111695,0.0036224964185207578,0.24947678690564587,0.2430219202159373
Docking-44,155,6336,6315,4111,4039,0,282.771,281.827,0.9440000000000168,0.012562081623839344,group_heldout_descriptor_adjusted_residual,0.9816504759998288,0.018349524000171202,0.05179704016913319,0.6666666666666666,14.72408131985648,14.606758349245158,-0.005166984895807163,-0.003697913760266181,0.18062676209324424,0.18064255277084193
Docking-44,156,6333,6318,4070,4080,0,282.411,282.51599999999996,0.10499999999996135,0.012178403751644449,raw,0.9957056878055869,0.004294312194413119,0.0021141649048625794,0.7924528301886793,1.8255729369611093,1.8419071227843302,0.6875632877448913,0.6823894163778592,0.6978056395439707,0.6911141448953134
Docking-44,156,6333,6318,4070,4080,0,282.411,282.51599999999996,0.10499999999996135,0.012178403751644449,row_centered_residual,0.9929328826261611,0.007067117373838916,0.03699788583509514,0.9,9.389171195257722,9.159129214627246,0.002395535559524544,0.003584049916405493,0.24393720388556997,0.24882106551657399
Docking-44,156,6333,6318,4070,4080,0,282.411,282.51599999999996,0.10499999999996135,0.012178403751644449,group_heldout_descriptor_adjusted_residual,0.9813595440028973,0.018640455997102734,0.056025369978858354,0.6666666666666666,15.024179944256215,14.287164394525355,-0.005623148002935896,-0.0032360800728694337,0.17691822086689477,0.18485729148561397
Docking-44,157,6326,6325,4053,4097,0,282.6235,282.368,0.25549999999998363,0.012615930990616553,raw,0.9939114205266801,0.006088579473319866,0.0021141649048625794,0.7757009345794392,1.87817399374309,1.792601226215195,0.6766560031163231,0.6929933814833454,0.6862829315557029,0.7024181047306493
Docking-44,157,6326,6325,4053,4097,0,282.6235,282.368,0.25549999999998363,0.012615930990616553,row_centered_residual,0.9899913864993308,0.010008613500669172,0.04334038054968287,0.8446601941747572,9.367950698754935,9.154444773045812,0.0006302567396839303,0.005580043811892463,0.2457699566021262,0.24700586178950992
Docking-44,157,6326,6325,4053,4097,0,282.6235,282.368,0.25549999999998363,0.012615930990616553,group_heldout_descriptor_adjusted_residual,0.9830005138617401,0.016999486138259856,0.05179704016913319,0.6666666666666666,14.16962517024849,15.225284819439024,-0.004847378859532638,-0.004127215013893819,0.18629852639045139,0.17431066255727487
Docking-44,158,6328,6323,4000,4150,0,282.275,282.771,0.49600000000003774,0.013733149281624507,raw,0.9949220637121228,0.005077936287877227,0.0010570824524312897,0.7431192660550459,1.841115290904983,1.8251923897968585,0.6826540427428861,0.6876253380169625,0.6921269284853573,0.6971368884637419
Docking-44,158,6328,6323,4000,4150,0,282.275,282.771,0.49600000000003774,0.013733149281624507,row_centered_residual,0.9914939280082571,0.008506071991742914,0.0412262156448203,0.8446601941747572,8.896085650590779,9.682084854181419,0.00410576666172275,0.001823943751416819,0.25371939887820677,0.23849409586607218
Docking-44,158,6328,6323,4000,4150,0,282.275,282.771,0.49600000000003774,0.013733149281624507,group_heldout_descriptor_adjusted_residual,0.9839231899839449,0.0160768100160551,0.05391120507399577,0.7117117117117117,14.693333561228298,14.642175651617285,-0.00376523580273509,-0.005111165159701017,0.18089756093718212,0.1805565642476229
Docking-44,159,6324,6327,4080,4070,0,282.764,282.36500000000007,0.39899999999994407,0.00981434345560981,raw,0.9966109576187913,0.00338904238120874,0.0010570824524312897,0.8269230769230769,1.8450564512701015,1.8212074796458513,0.6830226339643045,0.6873135163844927,0.6932150320292633,0.6960872314869093
Docking-44,159,6324,6327,4080,4070,0,282.764,282.36500000000007,0.39899999999994407,0.00981434345560981,row_centered_residual,0.9913926227228943,0.008607377277105699,0.03805496828752643,0.8627450980392157,9.442940830048332,9.099876530533653,0.000889735599102528,0.005223810504248193,0.2436063258404065,0.24874351741176717
Docking-44,159,6324,6327,4080,4070,0,282.764,282.36500000000007,0.39899999999994407,0.00981434345560981,group_heldout_descriptor_adjusted_residual,0.98478894123893,0.015211058761069984,0.052854122621564484,0.6521739130434783,14.64597253030835,14.70472590874376,-0.004999356027847291,-0.003835353050384862,0.18075710456204697,0.18015376539982517
Docking-44,160,6311,6340,4035,4115,0,281.931,282.7710000000001,0.8400000000000887,0.011073674876423769,raw,0.9961610583943039,0.003838941605696089,0.0,0.8627450980392157,1.806540374522838,1.8618698763682362,0.691253527081573,0.6786709504780575,0.7011851864576109,0.6877232714689155
Docking-44,160,6311,6340,4035,4115,0,281.931,282.7710000000001,0.8400000000000887,0.011073674876423769,row_centered_residual,0.9930252154411676,0.006974784558832381,0.03488372093023256,0.8627450980392157,9.34877755328919,9.208884900632796,0.0029719383007236074,0.0029657269049835466,0.24525423827418638,0.24705085369150054
Docking-44,160,6311,6340,4035,4115,0,281.931,282.7710000000001,0.8400000000000887,0.011073674876423769,group_heldout_descriptor_adjusted_residual,0.9821432389689553,0.01785676103104472,0.05919661733615222,0.6964285714285714,14.895384918334123,14.451049975138858,-0.004922615728513322,-0.004006269701001549,0.1786089879647279,0.18294704460977257
Docking-44,161,6331,6320,4080,4070,0,283.081,281.46349999999995,1.6175000000000637,0.009613635136729255,raw,0.9935713029497563,0.006428697050243737,0.003171247357293869,0.6521739130434783,1.8139544573552235,1.852764014486988,0.6902764298884838,0.6798728898345063,0.698668548224247,0.6905451197040914
Docking-44,161,6331,6320,4080,4070,0,283.081,281.46349999999995,1.6175000000000637,0.009613635136729255,row_centered_residual,0.9905121441429489,0.009487855857051142,0.035940803382663845,0.7431192660550459,9.12429699650718,9.381569731025554,0.00500420966176003,0.0011765284292809108,0.24734049904212302,0.24534459653283916
Docking-44,161,6331,6320,4080,4070,0,283.081,281.46349999999995,1.6175000000000637,0.009613635136729255,group_heldout_descriptor_adjusted_residual,0.9799307241658852,0.020069275834114775,0.049682875264270614,0.6101694915254238,14.709728590898463,14.612677501311538,-0.003368036372903937,-0.005489742061365174,0.18129035750613184,0.18003914778836272
Docking-44,162,6327,6324,4125,4025,0,282.3430000000001,282.70349999999996,0.36049999999988813,0.008907414355332063,raw,0.9944322348683733,0.005567765131626712,0.0021141649048625794,0.6521739130434783,1.8520351398820423,1.8149278442649546,0.6816383024118857,0.6885574538199359,0.6910850727039919,0.698119622361242
Docking-44,162,6327,6324,4125,4025,0,282.3430000000001,282.70349999999996,0.36049999999988813,0.008907414355332063,row_centered_residual,0.9893540292646402,0.010645970735359778,0.03276955602536998,0.8446601941747572,9.21017369228369,9.3119987322988,0.0017582481250796897,0.00437166170592946,0.2489551802690247,0.243297858207067
Docking-44,162,6327,6324,4125,4025,0,282.3430000000001,282.70349999999996,0.36049999999988813,0.008907414355332063,group_heldout_descriptor_adjusted_residual,0.9784561064588567,0.021543893541143277,0.05179704016913319,0.7272727272727273,14.278767722981037,15.023434362820502,-0.005179811557342148,-0.003555905741237229,0.1847131906318295,0.17676746856622724
Docking-44,163,6329,6322,4024,4126,0,282.81499999999994,282.179,0.6359999999999673,0.010232171208502823,raw,0.9943391082803177,0.005660891719682315,0.0,0.7757009345794392,1.8142180853581136,1.8511954957517984,0.6883639550689309,0.6820661353325669,0.6972110056273343,0.6921868727036307
Docking-44,163,6329,6322,4024,4126,0,282.81499999999994,282.179,0.6359999999999673,0.010232171208502823,row_centered_residual,0.9888282254923545,0.011171774507645504,0.042283298097251586,0.8627450980392157,9.197367891891263,9.3260573475155,0.005361252117781721,0.0010115489575787462,0.2450120053957268,0.24720465225237
Docking-44,163,6329,6322,4024,4126,0,282.81499999999994,282.179,0.6359999999999673,0.010232171208502823,group_heldout_descriptor_adjusted_residual,0.9821858759212949,0.017814124078705085,0.045454545454545456,0.6964285714285714,15.17759821633692,14.21733166742372,-0.004480375120222403,-0.004379236031473268,0.17481762032399945,0.18552551977390175
Docking-44,164,6322,6329,4074,4076,0,281.44300000000004,283.36000000000007,1.91700000000003,0.008876600778497657,raw,0.9972489810558619,0.002751018944138095,0.0021141649048625794,0.7924528301886793,1.828486950974784,1.838775365805147,0.6868594104085433,0.6832479989865353,0.6957305931523665,0.6933804360903403
Docking-44,164,6322,6329,4074,4076,0,281.44300000000004,283.36000000000007,1.91700000000003,0.008876600778497657,row_centered_residual,0.9948284126668742,0.005171587333125838,0.03382663847780127,0.9,9.272837677982501,9.29234610184277,0.0029682405160928087,0.002971233694223692,0.2463363171790426,0.24591386386439618
Docking-44,164,6322,6329,4074,4076,0,281.44300000000004,283.36000000000007,1.91700000000003,0.008876600778497657,group_heldout_descriptor_adjusted_residual,0.9855849255127269,0.014415074487273083,0.046511627906976744,0.7117117117117117,14.752560730197173,14.607872708826964,-0.003938931021276324,-0.004936938131546794,0.18008247396437552,0.18077509961443564
Docking-44,165,6327,6324,4046,4104,0,282.51599999999996,282.37800000000004,0.13799999999991996,0.012269260171986627,raw,0.9958774829725934,0.004122517027406625,0.0,0.7757009345794392,1.8453914820453792,1.8217433557404155,0.683434785379898,0.6867025289887422,0.6932379190669046,0.6958864596718984
Docking-44,165,6327,6324,4046,4104,0,282.51599999999996,282.37800000000004,0.13799999999991996,0.012269260171986627,row_centered_residual,0.9932479113049334,0.006752088695066605,0.0306553911205074,0.8627450980392157,9.540699526308284,9.017321668605438,0.0013720797813927866,0.004697579579593747,0.24156777164961618,0.2507395675707842
Docking-44,165,6327,6324,4046,4104,0,282.51599999999996,282.37800000000004,0.13799999999991996,0.012269260171986627,group_heldout_descriptor_adjusted_residual,0.9842871632758913,0.015712836724108725,0.049682875264270614,0.6964285714285714,14.686012282134705,14.662062727301283,-0.004835558027040204,-0.004003175477915686,0.18012696489115285,0.18108153692559856
Docking-44,166,6327,6324,4064,4086,0,281.3990000000001,283.4065,2.0074999999998795,0.011712026617649309,raw,0.995690832909958,0.004309167090042032,0.003171247357293869,0.8269230769230769,1.8747352949995346,1.7935385432371995,0.6750440553251195,0.6949462451335899,0.6859958340555661,0.703074024044274
Docking-44,166,6327,6324,4064,4086,0,281.3990000000001,283.4065,2.0074999999998795,0.011712026617649309,row_centered_residual,0.991730316457116,0.008269683542884043,0.03699788583509514,0.8627450980392157,9.02947751017017,9.556665017615474,0.0024522386125476786,0.0035503283123536154,0.2513703634746085,0.2401856213387981
Docking-44,166,6327,6324,4064,4086,0,281.3990000000001,283.4065,2.0074999999998795,0.011712026617649309,group_heldout_descriptor_adjusted_residual,0.985487985979133,0.014512014020866992,0.04439746300211417,0.7272727272727273,14.439912956704083,14.934217712477993,-0.004718942990890764,-0.0041191946186767145,0.18353790661432678,0.17758796548920214
Docking-44,167,6331,6320,4077,4073,0,283.371,281.7545,1.6164999999999736,0.012155127771923967,raw,0.9936755707095334,0.0063244292904666155,0.0010570824524312897,0.6814159292035398,1.8259632779974133,1.8409247556744486,0.6876472890656747,0.6823800861100591,0.6975820284939473,0.6914323440873393
Docking-44,167,6331,6320,4077,4073,0,283.371,281.7545,1.6164999999999736,0.012155127771923967,row_centered_residual,0.9897263938716749,0.010273606128325063,0.04439746300211417,0.8095238095238095,9.5062612648828,9.009816116030423,0.0010903577776452886,0.0051206397456309855,0.2425749447027463,0.2506535292423919
Docking-44,167,6331,6320,4077,4073,0,283.371,281.7545,1.6164999999999736,0.012155127771923967,group_heldout_descriptor_adjusted_residual,0.9837402394706978,0.016259760529302225,0.04756871035940803,0.7117117117117117,14.307241293508921,15.084832000498189,-0.005056648099165894,-0.003733857873046782,0.1835743126464284,0.17724943557170955
Docking-44,168,6322,6329,4078,4072,0,282.7710000000001,281.44300000000004,1.3280000000000314,0.00946237595389656,raw,0.9924131313733728,0.0075868686266271634,0.0010570824524312897,0.6814159292035398,1.8274247731927757,1.8397685585510328,0.6853124777022351,0.6848093978765598,0.695215480880715,0.6939029474239378
Docking-44,168,6322,6329,4078,4072,0,282.7710000000001,281.44300000000004,1.3280000000000314,0.00946237595389656,row_centered_residual,0.9886548711282876,0.011345128871712351,0.04334038054968287,0.7924528301886793,8.959061082097339,9.57619311996591,0.004720259426997815,0.0013409449580105033,0.2513498371345677,0.2413151310507719
Docking-44,168,6322,6329,4078,4072,0,282.7710000000001,281.44300000000004,1.3280000000000314,0.00946237595389656,group_heldout_descriptor_adjusted_residual,0.9755215983697602,0.024478401630239843,0.06553911205073996,0.7117117117117117,14.150510359302892,15.143523916865865,-0.0022355868707201864,-0.006476913929773145,0.18603947846206204,0.17581129417518543
Docking-44,169,6317,6334,4052,4098,0,280.36699999999996,284.31500000000005,3.9480000000000928,0.019187927145034284,raw,0.9957968157865015,0.004203184213498523,0.0010570824524312897,0.7272727272727273,1.8179953580661619,1.8499786171482098,0.6879035968330154,0.6820414943682371,0.6979884084944241,0.6909912274910913
Docking-44,169,6317,6334,4052,4098,0,280.36699999999996,284.31500000000005,3.9480000000000928,0.019187927145034284,row_centered_residual,0.9928710108519051,0.0071289891480949,0.03805496828752643,0.7924528301886793,9.111396087559351,9.426478272311728,0.0043054667287868095,0.001701328358281614,0.24902669945695874,0.2435762108560142
Docking-44,169,6317,6334,4052,4098,0,280.36699999999996,284.31500000000005,3.9480000000000928,0.019187927145034284,group_heldout_descriptor_adjusted_residual,0.9798172429689335,0.020182757031066534,0.0613107822410148,0.6666666666666666,14.938287383271634,14.384971820130694,-0.004541150339479288,-0.0043262989056778245,0.17887721515818886,0.1824838157647953
Docking-44,170,6324,6327,4173,3977,0,281.399,283.371,1.97199999999998,0.016788985130141626,raw,0.9953720905072787,0.004627909492721294,0.0021141649048625794,0.7924528301886793,1.8316336469522683,1.8354312095861043,0.6870479095756205,0.6830523112200074,0.6969617135030309,0.6922133215101757
Docking-44,170,6324,6327,4173,3977,0,281.399,283.371,1.97199999999998,0.016788985130141626,row_centered_residual,0.9915256647556933,0.008474335244306741,0.040169133192389,0.8627450980392157,9.593407581522749,8.967753577198076,0.0012849426403115881,0.004668896087276345,0.24079611838896975,0.2515463608615024
Docking-44,170,6324,6327,4173,3977,0,281.399,283.371,1.97199999999998,0.016788985130141626,group_heldout_descriptor_adjusted_residual,0.9752545646114074,0.02474543538859264,0.06659619450317125,0.6964285714285714,14.460643266441915,14.82624610477759,-0.004238127814912904,-0.0047625324589297335,0.18190970856560995,0.18003035446466548
Docking-44,171,6321,6330,4079,4071,0,281.42099999999994,283.3694999999999,1.9484999999999673,0.012077847781899048,raw,0.9960004185735379,0.003999581426462062,0.0021141649048625794,0.7924528301886793,1.8243206619312708,1.8429920057343905,0.6877628793912727,0.6822855173638408,0.6975185260415405,0.6915315561928507
Docking-44,171,6321,6330,4079,4071,0,281.42099999999994,283.3694999999999,1.9484999999999673,0.012077847781899048,row_centered_residual,0.9928777012247456,0.007122298775254388,0.035940803382663845,0.8627450980392157,9.589383384688878,8.96978023207212,0.0019874980064241957,0.004000125257664596,0.2414409381602774,0.2509873903141419
Docking-44,171,6321,6330,4079,4071,0,281.42099999999994,283.3694999999999,1.9484999999999673,0.012077847781899048,group_heldout_descriptor_adjusted_residual,0.987580839495085,0.012419160504914983,0.045454545454545456,0.7431192660550459,14.531267306668086,14.856313192009875,-0.004430641449996019,-0.00445283175431935,0.18231185217064844,0.17879705920992925
Docking-44,172,6325,6326,4077,4073,0,281.42400000000004,282.78450000000004,1.3605000000000018,0.011193580917700837,raw,0.995208700829879,0.0047912991701209995,0.0010570824524312897,0.8095238095238095,1.818505824089434,1.8482391918564676,0.6889870415206024,0.6811942697377288,0.6977879224088199,0.691408876317921
Docking-44,172,6325,6326,4077,4073,0,281.42400000000004,282.78450000000004,1.3605000000000018,0.011193580917700837,row_centered_residual,0.9908510001877059,0.009148999812294112,0.046511627906976744,0.8811881188118812,9.670610500835146,8.911030560260453,0.0021580469477449514,0.0038396581189911612,0.23855731946740164,0.25390831333216574
Docking-44,172,6325,6326,4077,4073,0,281.42400000000004,282.78450000000004,1.3605000000000018,0.011193580917700837,group_heldout_descriptor_adjusted_residual,0.9849793050254728,0.015020694974527182,0.05708245243128964,0.6814159292035398,15.062857027186839,14.306589774211595,-0.005207988627356112,-0.003614073467813784,0.1761552315185775,0.18503976761418514
Docking-44,173,6326,6325,3996,4154,0,282.77099999999996,282.336,0.43499999999994543,0.010389271205227438,raw,0.9960417939937106,0.003958206006289378,0.003171247357293869,0.8095238095238095,1.8377413448107305,1.8293133248385245,0.6829131226975903,0.6872512282913665,0.6946265075020023,0.694544494262127
Docking-44,173,6326,6325,3996,4154,0,282.77099999999996,282.336,0.43499999999994543,0.010389271205227438,row_centered_residual,0.9932558915589784,0.006744108441021579,0.03805496828752643,0.9,9.248315477682741,9.30830290799831,0.0027641806622611897,0.0032211475894882513,0.24647519618737876,0.24588356903921108
Docking-44,173,6326,6325,3996,4154,0,282.77099999999996,282.336,0.43499999999994543,0.010389271205227438,group_heldout_descriptor_adjusted_residual,0.9869143252753674,0.013085674724632623,0.05919661733615222,0.7431192660550459,14.534622242718319,14.840129743632838,-0.004335530961794533,-0.004540147711010101,0.18184535847587152,0.17927875884237685
Docking-44,174,6336,6315,4022,4128,0,282.38700000000006,282.472,0.08499999999992269,0.010984773507041915,raw,0.9967928450431336,0.0032071549568664093,0.0010570824524312897,0.7757009345794392,1.8335142747233015,1.8340021326853924,0.6846290643010341,0.6854271001342743,0.6945219607142241,0.6945493140398051
Docking-44,174,6336,6315,4022,4128,0,282.38700000000006,282.472,0.08499999999992269,0.010984773507041915,row_centered_residual,0.9934859581724835,0.00651404182751647,0.0412262156448203,0.8627450980392157,9.29864997298642,9.254318643411134,0.003092324987781987,0.002856021190697273,0.24561634683612388,0.24693282682891382
Docking-44,174,6336,6315,4022,4128,0,282.38700000000006,282.472,0.08499999999992269,0.010984773507041915,group_heldout_descriptor_adjusted_residual,0.9866687233893343,0.013331276610665688,0.0507399577167019,0.7272727272727273,14.687466511002578,14.676867951374556,-0.004399694362663767,-0.004452405337115537,0.18032582016893978,0.18073445148020892
Docking-44,175,6318,6333,4124,4026,0,282.37800000000004,282.516,0.1379999999999768,0.010800463482183572,raw,0.9934169707898249,0.006583029210175062,0.0010570824524312897,0.7592592592592593,1.803751628816191,1.8624539453035107,0.6916410166693596,0.6786943268405411,0.700535751054523,0.688822357867949
Docking-44,175,6318,6333,4124,4026,0,282.37800000000004,282.516,0.1379999999999768,0.010800463482183572,row_centered_residual,0.9879683283136046,0.012031671686395407,0.04439746300211417,0.8095238095238095,9.260781449869224,9.271518741131631,0.005159112792066537,0.0011753410555848255,0.24425400052348276,0.24779992758303854
Docking-44,175,6318,6333,4124,4026,0,282.37800000000004,282.516,0.1379999999999768,0.010800463482183572,group_heldout_descriptor_adjusted_residual,0.9794033470220203,0.020596652977979746,0.05496828752642706,0.6666666666666666,14.792594823334953,14.541291507300462,-0.0034412352783949524,-0.005299409105327053,0.17925881792839768,0.18194008318670946
Docking-44,176,6327,6324,4111,4039,0,282.771,282.1925,0.5785000000000196,0.010917938811676952,raw,0.9920018293633872,0.00799817063661279,0.0021141649048625794,0.6379310344827587,1.8089193972255024,1.8583915574826728,0.6883120799421207,0.681830897511049,0.6988490725733173,0.6903329900504931
Docking-44,176,6327,6324,4111,4039,0,282.771,282.1925,0.5785000000000196,0.010917938811676952,row_centered_residual,0.9865865537042571,0.013413446295742926,0.04334038054968287,0.7117117117117117,8.781775950571882,9.716271099616332,0.00623722790198203,0.00011830987744065973,0.2543439834335338,0.23933164639665397
Docking-44,176,6327,6324,4111,4039,0,282.771,282.1925,0.5785000000000196,0.010917938811676952,group_heldout_descriptor_adjusted_residual,0.9746388235177803,0.025361176482219694,0.05813953488372093,0.6814159292035398,14.37308892357668,14.864796757228582,-0.0023232613916459497,-0.006270514493865131,0.18513807101142032,0.1771195989244268
Docking-44,177,6327,6324,4008,4142,0,283.33500000000004,281.74600000000004,1.5889999999999986,0.011721398818173011,raw,0.9946852783767395,0.005314721623260521,0.0021141649048625794,0.7924528301886793,1.8261223763150725,1.8399767763269177,0.6885926603927318,0.6817093045921966,0.6969849118202076,0.6922990484218127
Docking-44,177,6327,6324,4008,4142,0,283.33500000000004,281.74600000000004,1.5889999999999986,0.011721398818173011,row_centered_residual,0.9913761802811678,0.008623819718832193,0.045454545454545456,0.8446601941747572,9.570837743973117,8.9858647281002,0.0009152443124900677,0.005098913754013915,0.24163939672214194,0.2510938582037383
Docking-44,177,6327,6324,4008,4142,0,283.33500000000004,281.74600000000004,1.5889999999999986,0.011721398818173011,group_heldout_descriptor_adjusted_residual,0.9815522465850306,0.018447753414969403,0.05813953488372093,0.7272727272727273,14.846420666969864,14.47285626197974,-0.0061658256300351115,-0.00255856899723946,0.1790831045569,0.18234503773703495
Docking-44,178,6325,6326,3982,4168,0,283.38100000000003,281.4225,1.958500000000015,0.01074176589743814,raw,0.9968220870752732,0.0031779129247268,0.0,0.7592592592592593,1.8049794728340056,1.8633910963504872,0.6916776335125947,0.6783390787736634,0.7006494821659871,0.6883577315732399
Docking-44,178,6325,6326,3982,4168,0,283.38100000000003,281.4225,1.958500000000015,0.01074176589743814,row_centered_residual,0.9931101066338412,0.00688989336615875,0.0306553911205074,0.8446601941747572,9.196427030688682,9.348354814653135,0.0031606744485528143,0.002756615909482842,0.2476276757890794,0.244754466282024
Docking-44,178,6325,6326,3982,4168,0,283.38100000000003,281.4225,1.958500000000015,0.01074176589743814,group_heldout_descriptor_adjusted_residual,0.9756648885796007,0.024335111420399347,0.05919661733615222,0.6666666666666666,15.09628112595553,14.25845812799336,-0.0053491440156188345,-0.003776424920050015,0.17675709724226543,0.18429257970048377
Docking-44,179,6319,6332,4036,4114,0,281.421,283.37100000000004,1.9500000000000455,0.012577880564955813,raw,0.9966453308267115,0.003354669173288527,0.0010570824524312897,0.7757009345794392,1.8429193694674024,1.8247619994252238,0.6831521366670168,0.6868828789879872,0.6937835903836462,0.6952625132686685
Docking-44,179,6319,6332,4036,4114,0,281.421,283.37100000000004,1.9500000000000455,0.012577880564955813,row_centered_residual,0.993147371443582,0.0068526285564179945,0.02959830866807611,0.9191919191919192,9.617998561709653,8.952036415603066,0.002018646098151371,0.00391179641934506,0.23920065329420434,0.2530176722737996
Docking-44,179,6319,6332,4036,4114,0,281.421,283.37100000000004,1.9500000000000455,0.012577880564955813,group_heldout_descriptor_adjusted_residual,0.9854792403010767,0.014520759698923302,0.0412262156448203,0.7592592592592593,15.082365028147004,14.282310221721277,-0.004752518622179971,-0.004132084151335459,0.17656444229249296,0.18431248837621408
Docking-44,180,6327,6324,4158,3992,0,282.7710000000001,281.4225,1.3485000000000582,0.008875248963134711,raw,0.996446561550562,0.0035534384494380067,0.0010570824524312897,0.7757009345794392,1.830644522211197,1.8364669587263487,0.6857188096330724,0.684398260967575,0.6944559325655892,0.6946537883164341
Docking-44,180,6327,6324,4158,3992,0,282.7710000000001,281.4225,1.3485000000000582,0.008875248963134711,row_centered_residual,0.9933629516989453,0.0066370483010547154,0.02959830866807611,0.8627450980392157,9.261111255197337,9.293092211748261,0.004311930789812691,0.0016498856036072328,0.24707628522654043,0.2449255667672259
Docking-44,180,6327,6324,4158,3992,0,282.7710000000001,281.4225,1.3485000000000582,0.008875248963134711,group_heldout_descriptor_adjusted_residual,0.9850536220271736,0.014946377972826386,0.0412262156448203,0.7272727272727273,14.838524315724724,14.516563488833809,-0.004207158548427067,-0.004692854043118361,0.17933622950247347,0.18180915390401914
Docking-44,181,6323,6328,4107,4043,0,283.38100000000003,281.39900000000006,1.981999999999971,0.009556371467479811,raw,0.9942697240111349,0.005730275988865108,0.003171247357293869,0.6964285714285714,1.823008513804792,1.8444240593315888,0.6856651649489055,0.6843587326879194,0.6957147185201822,0.6933230746398407
Docking-44,181,6323,6328,4107,4043,0,283.38100000000003,281.39900000000006,1.981999999999971,0.009556371467479811,row_centered_residual,0.9912534289489668,0.008746571051033158,0.03382663847780127,0.7592592592592593,9.256050262838741,9.27211920582614,0.004840205442267287,0.001191669393950198,0.24516840389229133,0.2469770388819545
Docking-44,181,6323,6328,4107,4043,0,283.38100000000003,281.39900000000006,1.981999999999971,0.009556371467479811,group_heldout_descriptor_adjusted_residual,0.9797008276466049,0.020299172353395067,0.0507399577167019,0.6964285714285714,14.92549056422682,14.381304838746964,-0.0032142876219244396,-0.0055839675179132275,0.17793208317126658,0.18388433734387877
Docking-44,182,6315,6336,4018,4132,0,282.251,282.7710000000001,0.5200000000000955,0.012805684517382855,raw,0.9968886789642664,0.0031113210357336385,0.0021141649048625794,0.7757009345794392,1.830542291091913,1.83658695230417,0.6849500499577134,0.6851363113623047,0.6951615235711666,0.6939692467276248
Docking-44,182,6315,6336,4018,4132,0,282.251,282.7710000000001,0.5200000000000955,0.012805684517382855,row_centered_residual,0.9947720122568481,0.005227987743151918,0.035940803382663845,0.9191919191919192,9.13528128888584,9.4282597233619,0.0036059449144997652,0.002349518860092551,0.2479936324154941,0.24437693365061883
Docking-44,182,6315,6336,4018,4132,0,282.251,282.7710000000001,0.5200000000000955,0.012805684517382855,group_heldout_descriptor_adjusted_residual,0.9855530186710656,0.014446981328934405,0.0507399577167019,0.7431192660550459,14.654900529962298,14.703342254196702,-0.0044866289764737,-0.004423263930850779,0.1810194451865194,0.18019711464909546
Docking-44,183,6327,6324,4125,4025,0,283.339,281.399,1.9399999999999977,0.011394496463906232,raw,0.9969274887965489,0.0030725112034510893,0.0010570824524312897,0.8095238095238095,1.8070996917836128,1.859820143590924,0.692124965267347,0.678156067762967,0.7009119285080675,0.6883523374075925
Docking-44,183,6327,6324,4125,4025,0,283.339,281.399,1.9399999999999977,0.011394496463906232,row_centered_residual,0.9947665408926182,0.0052334591073818215,0.0306553911205074,0.8811881188118812,9.409751400570778,9.168189317968082,0.002746059576568334,0.0031923303148341567,0.24430154103956309,0.2477499590606564
Docking-44,183,6327,6324,4125,4025,0,283.339,281.399,1.9399999999999977,0.011394496463906232,group_heldout_descriptor_adjusted_residual,0.9877729042238753,0.012227095776124686,0.040169133192389,0.7757009345794392,14.725769879718426,14.650060203275835,-0.004929828444686038,-0.0039657367812551865,0.17991987443996738,0.18085521447816125
Docking-44,184,6324,6327,4068,4082,0,282.38700000000006,282.51599999999996,0.1289999999999054,0.014405672025765903,raw,0.9955972669118219,0.004402733088178068,0.0010570824524312897,0.7924528301886793,1.8584135028649567,1.8095518946091502,0.679091025502563,0.6909169053520287,0.6899538909468484,0.6991231245080666
Docking-44,184,6324,6327,4068,4082,0,282.38700000000006,282.51599999999996,0.1289999999999054,0.014405672025765903,row_centered_residual,0.9926928796750263,0.007307120324973715,0.04334038054968287,0.8811881188118812,9.295141483051793,9.253299103264235,0.0021116366517104426,0.0039028571208285286,0.24585720180831774,0.24684851721296366
Docking-44,184,6324,6327,4068,4082,0,282.38700000000006,282.51599999999996,0.1289999999999054,0.014405672025765903,group_heldout_descriptor_adjusted_residual,0.9849411897446081,0.015058810255391908,0.042283298097251586,0.7592592592592593,14.331013351821507,15.056493781839928,-0.004074302879407701,-0.004868678774893312,0.18409688806435628,0.17675760158714376
Docking-44,185,6328,6323,4120,4030,0,283.2215,282.134,1.0874999999999773,0.01630440650421784,raw,0.9967688617574425,0.0032311382425574964,0.0021141649048625794,0.7431192660550459,1.835278501926285,1.8328625954082707,0.6836576134201031,0.6862406890972392,0.6945375908235198,0.6943401082996542
Docking-44,185,6328,6323,4120,4030,0,283.2215,282.134,1.0874999999999773,0.01630440650421784,row_centered_residual,0.9914847287456012,0.00851527125439877,0.03382663847780127,0.9,9.205968186297554,9.334586261018003,0.00335000564238979,0.0025825200356805965,0.2474227617685605,0.24501257647233135
Docking-44,185,6328,6323,4120,4030,0,283.2215,282.134,1.0874999999999773,0.01630440650421784,group_heldout_descriptor_adjusted_residual,0.9835520585600396,0.016447941439960423,0.04756871035940803,0.6964285714285714,15.234134579132638,14.15156568500272,-0.005067341201683514,-0.003857939305484908,0.17482408067888255,0.18619969741147516
Docking-44,186,6334,6317,4042,4108,0,281.399,283.371,1.97199999999998,0.012369077002584083,raw,0.9924907226889003,0.007509277311099738,0.003171247357293869,0.6521739130434783,1.8449248927568014,1.821884601522778,0.683871509729208,0.686263095484866,0.6942893406461417,0.694896705353378
Docking-44,186,6334,6317,4042,4108,0,281.399,283.371,1.97199999999998,0.012369077002584083,row_centered_residual,0.9894263334846817,0.010573666515318325,0.03805496828752643,0.7924528301886793,9.523703470562943,8.98987881470614,0.00020607525136425085,0.006083370924742258,0.2423784193072482,0.2506394546566909
Docking-44,186,6334,6317,4042,4108,0,281.399,283.371,1.97199999999998,0.012369077002584083,group_heldout_descriptor_adjusted_residual,0.9839982157115822,0.01600178428841781,0.04334038054968287,0.7117117117117117,14.557450706649924,14.770954353037512,-0.006337125252885578,-0.0022640512617015944,0.18109023336176788,0.17998529605020747
Docking-44,187,6316,6335,4003,4147,0,282.3885,282.51599999999996,0.12749999999994088,0.014052933305274986,raw,0.9949594419180136,0.005040558081986446,0.0021141649048625794,0.7272727272727273,1.816119294270713,1.8510657269530826,0.6878640851835884,0.6822718743052706,0.6972454911093999,0.691895665534822
Docking-44,187,6316,6335,4003,4147,0,282.3885,282.51599999999996,0.12749999999994088,0.014052933305274986,row_centered_residual,0.9906925574173431,0.009307442582656922,0.0412262156448203,0.8811881188118812,9.152005498584511,9.368304332375075,0.004654309412672188,0.001464455256445626,0.24831928387822708,0.2448128175501573
Docking-44,187,6316,6335,4003,4147,0,282.3885,282.51599999999996,0.12749999999994088,0.014052933305274986,group_heldout_descriptor_adjusted_residual,0.9797670935216672,0.020232906478332757,0.0613107822410148,0.6814159292035398,15.024652607278448,14.303466869724952,-0.004758204193885597,-0.004188577520436181,0.1780908766914305,0.18336715867130243
Docking-44,188,6327,6324,4166,3984,0,282.36500000000007,282.77099999999996,0.4059999999998922,0.01085570740019956,raw,0.9961484997707092,0.0038515002292908163,0.0010570824524312897,0.8269230769230769,1.8266728535836134,1.8411417255945477,0.6860873077788358,0.6839126766424701,0.6959114796787481,0.6930748776783345
Docking-44,188,6327,6324,4166,3984,0,282.36500000000007,282.77099999999996,0.4059999999998922,0.01085570740019956,row_centered_residual,0.9932953534191223,0.00670464658087766,0.035940803382663845,0.8446601941747572,9.138456125883913,9.420805483443482,0.004110927001329075,0.00187731995401575,0.24870663201876686,0.24343593080306314
Docking-44,188,6327,6324,4166,3984,0,282.36500000000007,282.77099999999996,0.4059999999998922,0.01085570740019956,group_heldout_descriptor_adjusted_residual,0.986120793193311,0.01387920680668897,0.048625792811839326,0.7431192660550459,14.496056134182142,14.86524072011094,-0.0029712284510422654,-0.005856683637551937,0.18243206680189894,0.1787471198342492
Docking-44,189,6324,6327,4125,4025,0,283.37800000000004,281.3589999999999,2.019000000000119,0.012080616519845521,raw,0.9950962968963508,0.004903703103649182,0.0010570824524312897,0.7924528301886793,1.8777303292318668,1.7925722226998493,0.6752634105079707,0.6943514266225341,0.6847184573625698,0.7039558758249895
Docking-44,189,6324,6327,4125,4025,0,283.37800000000004,281.3589999999999,2.019000000000119,0.012080616519845521,row_centered_residual,0.991195313422174,0.00880468657782596,0.035940803382663845,0.8446601941747572,9.073422030684668,9.490565839621855,0.002224005429069372,0.0038444954728108754,0.25091993120533757,0.24122257183722293
Docking-44,189,6324,6327,4125,4025,0,283.37800000000004,281.3589999999999,2.019000000000119,0.012080616519845521,group_heldout_descriptor_adjusted_residual,0.9812255522773434,0.018774447722656573,0.06025369978858351,0.7117117117117117,14.597223542312848,14.739880521418671,-0.0053590549376771645,-0.0034240491657370146,0.18178570180212095,0.17945835920599584
Docking-44,190,6330,6321,4114,4036,0,282.36650000000003,282.51599999999996,0.14949999999993224,0.011268764091109827,raw,0.9943953811196757,0.005604618880324264,0.0021141649048625794,0.6521739130434783,1.8942129254542857,1.7756517557281124,0.670987954079335,0.6989918166743688,0.6815068603606921,0.7075588221322257
Docking-44,190,6330,6321,4114,4036,0,282.36650000000003,282.51599999999996,0.14949999999993224,0.011268764091109827,row_centered_residual,0.9896803125112843,0.0103196874887157,0.042283298097251586,0.7757009345794392,9.222969033981537,9.298845675326364,0.0015764616853277107,0.004587900899517251,0.24777494668712144,0.24493104032624025
Docking-44,190,6330,6321,4114,4036,0,282.36650000000003,282.51599999999996,0.14949999999993224,0.011268764091109827,group_heldout_descriptor_adjusted_residual,0.9838848620852991,0.016115137914700872,0.05391120507399577,0.6964285714285714,14.624250431515096,14.702060523834016,-0.005718428811162399,-0.002901455293637058,0.1806334977385332,0.18074383948258768
Docking-44,191,6327,6324,4074,4076,0,283.24399999999997,281.41,1.8339999999999463,0.014838217824335871,raw,0.9943475137699248,0.005652486230075193,0.0021141649048625794,0.7757009345794392,1.8602553938288213,1.8074160975398206,0.6800043746429835,0.6900656452358119,0.6881609725387373,0.700957126906538
Docking-44,191,6327,6324,4074,4076,0,283.24399999999997,281.41,1.8339999999999463,0.014838217824335871,row_centered_residual,0.9913821194045157,0.008617880595484295,0.03488372093023256,0.8269230769230769,9.229426604563567,9.313641311135598,0.002112499761279913,0.003955421200689342,0.24797488031733655,0.2442756857299445
Docking-44,191,6327,6324,4074,4076,0,283.24399999999997,281.41,1.8339999999999463,0.014838217824335871,group_heldout_descriptor_adjusted_residual,0.9811021347427622,0.0188978652572378,0.05391120507399577,0.7117117117117117,14.648837391289362,14.673580155805391,-0.0051767586710425905,-0.003663505743177853,0.17995020770091294,0.1814677272638623
Docking-44,192,6326,6325,4080,4070,0,281.4225,282.7710000000001,1.3485000000000582,0.007813615682314909,raw,0.9964617141110841,0.0035382858889159152,0.003171247357293869,0.8269230769230769,1.8611528281540735,1.807664857159259,0.6795514330716065,0.690312540969585,0.6882646522667711,0.7006263283504044
Docking-44,192,6326,6325,4080,4070,0,281.4225,282.7710000000001,1.3485000000000582,0.007813615682314909,row_centered_residual,0.9932697967618525,0.006730203238147547,0.03171247357293869,0.8811881188118812,9.366967049556468,9.184917557574641,0.0021894654446046003,0.0037806793067855426,0.24423718516579335,0.24793871507734633
Docking-44,192,6326,6325,4080,4070,0,281.4225,282.7710000000001,1.3485000000000582,0.007813615682314909,group_heldout_descriptor_adjusted_residual,0.9835553186993473,0.016444681300652686,0.0507399577167019,0.7272727272727273,15.075993977526963,14.274033726852105,-0.005428224274530294,-0.003466665310893652,0.17608594431437044,0.1852896073290472
Docking-44,193,6330,6321,4043,4107,0,282.41049999999996,282.472,0.06150000000002365,0.01351381950333313,raw,0.9944718668227421,0.005528133177257866,0.0021141649048625794,0.7272727272727273,1.8288262961000874,1.8378602929321757,0.684108959663272,0.6859921756039458,0.6935963698619165,0.6955391386758066
Docking-44,193,6330,6321,4043,4107,0,282.41049999999996,282.472,0.06150000000002365,0.01351381950333313,row_centered_residual,0.9896793202949732,0.010320679705026814,0.04756871035940803,0.8095238095238095,9.175326273067867,9.347624018634212,0.004815963458208898,0.0012813598820868581,0.2473306326198573,0.24567595542126097
Docking-44,193,6330,6321,4043,4107,0,282.41049999999996,282.472,0.06150000000002365,0.01351381950333313,group_heldout_descriptor_adjusted_residual,0.982508303698844,0.01749169630115599,0.05708245243128964,0.6814159292035398,15.141310023422301,14.209358665637197,-0.00467462774115892,-0.004190130843993923,0.1764149386165554,0.1849401600127593
Docking-44,194,6325,6326,4192,3958,0,282.472,282.3670000000001,0.1049999999999045,0.011854558450662864,raw,0.9959248542141889,0.004075145785811141,0.0021141649048625794,0.8095238095238095,1.826072069333206,1.8409233365064241,0.6865104126197229,0.6836294817918981,0.6964186209262873,0.6927128613948027
Docking-44,194,6325,6326,4192,3958,0,282.472,282.3670000000001,0.1049999999999045,0.011854558450662864,row_centered_residual,0.991861501627961,0.00813849837203895,0.042283298097251586,0.8811881188118812,9.135826627759602,9.424029836079498,0.0035796225661505507,0.0023407845932784687,0.24927466503970896,0.24301389330389822
Docking-44,194,6325,6326,4192,3958,0,282.472,282.3670000000001,0.1049999999999045,0.011854558450662864,group_heldout_descriptor_adjusted_residual,0.9820287513811737,0.017971248618826263,0.05391120507399577,0.6964285714285714,14.343410240566508,15.006294442805878,-0.004468907064692786,-0.0044779251933297175,0.18463725218576393,0.17693994114657965
Docking-44,195,6328,6323,4124,4026,0,281.432,283.36000000000007,1.9280000000000541,0.011569295408391054,raw,0.9925227854502674,0.007477214549732603,0.0,0.7924528301886793,1.8722193131921208,1.7947619885620143,0.676200364193381,0.6940557570503157,0.6861458534391638,0.7031359269398562
Docking-44,195,6328,6323,4124,4026,0,281.432,283.36000000000007,1.9280000000000541,0.011569295408391054,row_centered_residual,0.982567085428017,0.017432914571983038,0.0613107822410148,0.8269230769230769,8.750266753751182,9.840962603726556,0.0031435552282390233,0.0029060596845092105,0.2583625019844938,0.23401097956712988
Docking-44,195,6328,6323,4124,4026,0,281.432,283.36000000000007,1.9280000000000541,0.011569295408391054,group_heldout_descriptor_adjusted_residual,0.9748991669032924,0.02510083309670763,0.0613107822410148,0.6964285714285714,14.593094782311168,14.689262424166508,-0.005094890128216275,-0.003757703726793046,0.18212427547046775,0.17945844389429041
Docking-44,196,6335,6316,4104,4046,0,282.4679999999999,282.42150000000004,0.04649999999986676,0.009303366551817386,raw,0.9966294270166963,0.003370572983303677,0.0010570824524312897,0.8446601941747572,1.834218409482612,1.833135054403751,0.6855220843537018,0.684535018459916,0.6947319065238015,0.6943431680170553
Docking-44,196,6335,6316,4104,4046,0,282.4679999999999,282.42150000000004,0.04649999999986676,0.009303366551817386,row_centered_residual,0.9935933585008999,0.006406641499100085,0.0412262156448203,0.8811881188118812,9.345617900113966,9.208451931161537,0.002050586473232576,0.0039762365488629015,0.24601722738675577,0.24657086440558426
Docking-44,196,6335,6316,4104,4046,0,282.4679999999999,282.42150000000004,0.04649999999986676,0.009303366551817386,group_heldout_descriptor_adjusted_residual,0.9842448523374826,0.0157551476625174,0.056025369978858354,0.7117117117117117,14.375476868908931,14.998602828199155,-0.004029851034047427,-0.004889491839910713,0.18372033061243084,0.1775673191804952
Docking-44,197,6318,6333,4097,4053,0,282.46,282.412,0.04800000000000182,0.011594477382150418,raw,0.9964585390188886,0.0035414609811114106,0.0010570824524312897,0.7431192660550459,1.8226017222126498,1.8442745589809486,0.6884814523216327,0.681717699716528,0.6972751362783507,0.6919112149405628
Docking-44,197,6318,6333,4097,4053,0,282.46,282.412,0.04800000000000182,0.011594477382150418,row_centered_residual,0.9918689432502943,0.008131056749705712,0.03805496828752643,0.8269230769230769,9.709558884678394,8.874115695357908,0.0019556523141087473,0.003996376278196183,0.23737519004737329,0.2546866068500924
Docking-44,197,6318,6333,4097,4053,0,282.46,282.412,0.04800000000000182,0.011594477382150418,group_heldout_descriptor_adjusted_residual,0.983458832750353,0.01654116724964705,0.05496828752642706,0.6964285714285714,14.690506740568763,14.668049999234277,-0.005068699971909032,-0.0038329829398616993,0.17903012005207986,0.18213271870190245
Docking-44,198,6320,6331,4111,4039,0,283.371,281.74299999999994,1.6280000000000427,0.011152376591775651,raw,0.9932418446109169,0.006758155389083087,0.0010570824524312897,0.6964285714285714,1.8522093628170886,1.8148256890006291,0.682360882419869,0.687562884400796,0.6923964947550618,0.696632076252555
Docking-44,198,6320,6331,4111,4039,0,283.371,281.74299999999994,1.6280000000000427,0.011152376591775651,row_centered_residual,0.9869525539523819,0.013047446047618094,0.042283298097251586,0.7757009345794392,9.277925289296475,9.224592704290796,0.001122838786045161,0.005104245126862197,0.24771697632567324,0.24496042477322483
Docking-44,198,6320,6331,4111,4039,0,283.371,281.74299999999994,1.6280000000000427,0.011152376591775651,group_heldout_descriptor_adjusted_residual,0.9802198985224939,0.019780101477506085,0.0613107822410148,0.6814159292035398,14.358397255941721,14.980875142609552,-0.005472090128828337,-0.0032173913286205756,0.1835862613186587,0.1778208875834252
Docking-44,199,6328,6323,4003,4147,0,282.22249999999997,282.81499999999994,0.5924999999999727,0.008753861097076413,raw,0.9970782631522789,0.0029217368477211236,0.0021141649048625794,0.8095238095238095,1.8315858412524375,1.8355295821056328,0.6844305883296261,0.6856980861570412,0.6939206522516939,0.6952046080572615
Docking-44,199,6328,6323,4003,4147,0,282.22249999999997,282.81499999999994,0.5924999999999727,0.008753861097076413,row_centered_residual,0.9915653534081371,0.008434646591862882,0.03805496828752643,0.8627450980392157,8.872958684507559,9.695162932748525,0.0040597577466494825,0.0018410818043672996,0.253958561331647,0.2386831480194259
Docking-44,199,6328,6323,4003,4147,0,282.22249999999997,282.81499999999994,0.5924999999999727,0.008753861097076413,group_heldout_descriptor_adjusted_residual,0.9773265957593451,0.022673404240654893,0.056025369978858354,0.6666666666666666,14.812795723131991,14.49498708707297,-0.0045353810509291695,-0.004419176421433731,0.17982568586453865,0.18169238527716833
