calibration_ligands,repetition,covariance_estimator,selected_k,selected_cumulative_trace_fraction,geometry_spearman_to_full,locked_k,mean_squared_canonical_correlation,minimum_canonical_correlation,maximum_principal_angle_degrees,sample_full_roc_auc,sample_full_average_precision,selected_kernel_roc_auc,selected_kernel_average_precision,selected_unit_diagonal_roc_auc,selected_unit_diagonal_average_precision,locked_kernel_roc_auc,locked_kernel_average_precision,locked_unit_diagonal_roc_auc,locked_unit_diagonal_average_precision
100,0,empirical,5,0.5660877721119,0.882272872407896,5,0.606246418261384,0.219156719602562,77.340492081127,0.670857142857143,0.269699811021135,0.659809523809524,0.291936691682271,0.666285714285714,0.304129288097105,0.659809523809524,0.291936691682271,0.666285714285714,0.304129288097105
100,0,OAS,5,0.519048370893787,0.884414351760728,5,0.608425067794604,0.221898982694982,77.1794060920873,0.67047619047619,0.234928089942152,0.659428571428571,0.260828149567429,0.659809523809524,0.298234196296501,0.659428571428571,0.260828149567429,0.659809523809524,0.298234196296501
100,1,empirical,4,0.516400123402993,0.888249419359918,5,0.698770634329246,0.428135506119282,64.6507072516369,0.601904761904762,0.204212021625956,0.587047619047619,0.195428207669998,0.576380952380952,0.180063560769805,0.581714285714286,0.184126398108945,0.56952380952381,0.210094178263709
100,1,OAS,5,0.527355211942673,0.890313917428825,5,0.699164259569569,0.435620574106252,64.1752114543017,0.603047619047619,0.191271293731964,0.585904761904762,0.179664040288468,0.568761904761905,0.208958750841983,0.585904761904762,0.179664040288468,0.568761904761905,0.208958750841983
100,2,empirical,4,0.504062958484056,0.879116639766957,5,0.656280724768067,0.130419261261747,82.5061795157393,0.715047619047619,0.258326960446879,0.706666666666667,0.286296306240511,0.699047619047619,0.256405676659511,0.704,0.234732692498593,0.692571428571429,0.220497321809539
100,2,OAS,5,0.513595192411797,0.88135609529933,5,0.656594291256998,0.139724443279544,81.9680987132634,0.714285714285714,0.254176228397599,0.706666666666667,0.277937500388391,0.696,0.220175224433789,0.706666666666667,0.277937500388391,0.696,0.220175224433789
100,3,empirical,4,0.525922816960473,0.895622126870405,5,0.687495378750502,0.0824807327892665,85.2688273261115,0.664380952380952,0.263220401953756,0.717714285714286,0.256259737084326,0.717714285714286,0.194813531573142,0.715809523809524,0.2821018815416,0.710095238095238,0.218061134290381
100,3,OAS,5,0.544269183407603,0.896843329965402,5,0.688720563354804,0.0747129722701259,85.7152694435247,0.66247619047619,0.256488621630813,0.717333333333333,0.271487327129144,0.712,0.222802565849049,0.717333333333333,0.271487327129144,0.712,0.222802565849049
100,4,empirical,5,0.564157007958826,0.78914126502994,5,0.660703852189981,0.313542200186012,71.7271698356605,0.683047619047619,0.30844222670755,0.692952380952381,0.289850893987113,0.692571428571429,0.25484204106441,0.692952380952381,0.289850893987113,0.692571428571429,0.25484204106441
100,4,OAS,5,0.508236946751777,0.791919589549791,5,0.658874606149164,0.313023230331815,71.7584808161381,0.682666666666667,0.294338927034086,0.694857142857143,0.290283613108842,0.69447619047619,0.250718263918571,0.694857142857143,0.290283613108842,0.69447619047619,0.250718263918571
100,5,empirical,5,0.557681359105763,0.869597204179734,5,0.824707848394392,0.701478777930925,45.4542327060218,0.718857142857143,0.289965378909615,0.690666666666667,0.282183168473516,0.691809523809524,0.274719804062744,0.690666666666667,0.282183168473516,0.691809523809524,0.274719804062744
100,5,OAS,5,0.505255654721945,0.871182318798742,5,0.825701034061747,0.707170335428815,44.9948500656318,0.723047619047619,0.293694834794416,0.695619047619048,0.300275975486779,0.694095238095238,0.274951364870858,0.695619047619048,0.300275975486779,0.694095238095238,0.274951364870858
100,6,empirical,4,0.527893370536276,0.853091717076286,5,0.755284497916264,0.449196399800546,63.3078625221386,0.680761904761905,0.208942523374238,0.685333333333333,0.233400314659586,0.696380952380952,0.286720160381363,0.690666666666667,0.225078903831031,0.68952380952381,0.227968461685396
100,6,OAS,5,0.536819535385185,0.855756319244884,5,0.756994726478404,0.450782509414616,63.2060999675994,0.68,0.209881035455526,0.688,0.222082290631915,0.689142857142857,0.222961649755882,0.688,0.222082290631915,0.689142857142857,0.222961649755882
100,7,empirical,5,0.551402952429938,0.784956282503816,5,0.675057711924881,0.328410318985036,70.8276833017009,0.711619047619048,0.201999852965187,0.65447619047619,0.207725634408174,0.646095238095238,0.24980936375458,0.65447619047619,0.207725634408174,0.646095238095238,0.24980936375458
100,7,OAS,6,0.549725373583455,0.790448197282036,5,0.670350662020098,0.286742549383749,73.3369626690762,0.711238095238095,0.205717255485689,0.708571428571429,0.19992524112512,0.703619047619048,0.23277232767587,0.657904761904762,0.202818521752366,0.651428571428571,0.232412547389908
100,8,empirical,5,0.557548332123276,0.821828567929422,5,0.71130387695396,0.327116204659708,70.9061659912753,0.758857142857143,0.29647908834438,0.745904761904762,0.266732263478519,0.740571428571429,0.215864320236667,0.745904761904762,0.266732263478519,0.740571428571429,0.215864320236667
100,8,OAS,5,0.507828619662805,0.825859587887695,5,0.711835918621879,0.339928816627408,70.1274627447988,0.760761904761905,0.306925211615346,0.747428571428571,0.269475766776947,0.737142857142857,0.215049128292371,0.747428571428571,0.269475766776947,0.737142857142857,0.215049128292371
100,9,empirical,5,0.541366891724079,0.841838453026108,5,0.829153719351912,0.708066131097256,44.9222125181384,0.768380952380952,0.326792960354957,0.738666666666667,0.312228880514122,0.734857142857143,0.287331238422143,0.738666666666667,0.312228880514122,0.734857142857143,0.287331238422143
100,9,OAS,6,0.544216367170687,0.846040931298578,5,0.832089226359719,0.712624473828437,44.5511470855834,0.771809523809524,0.328721764258194,0.770666666666667,0.339961922439423,0.773333333333333,0.351949624824565,0.743238095238095,0.317196220887311,0.739047619047619,0.279502587878155
100,10,empirical,4,0.520184436770303,0.840055636473383,5,0.739318577999135,0.550366476048541,56.6078416103755,0.704,0.233412281495285,0.68152380952381,0.204485769202004,0.713142857142857,0.253555605645004,0.686095238095238,0.246324903527983,0.708571428571429,0.293925167251154
100,10,OAS,5,0.541722665890079,0.843236363159207,5,0.741801350279493,0.558357942488096,56.0576855761648,0.701714285714286,0.232397461760764,0.688380952380952,0.22344382111429,0.709714285714286,0.275432473439414,0.688380952380952,0.22344382111429,0.709714285714286,0.275432473439414
100,11,empirical,4,0.522377945359776,0.883081175889112,5,0.820207552136481,0.731251482676252,43.0085868878671,0.68647619047619,0.274824115261799,0.703619047619048,0.290679451626738,0.68952380952381,0.232491392463418,0.692190476190476,0.279257560306552,0.675428571428571,0.21591052489237
100,11,OAS,5,0.53645265981041,0.886214664059801,5,0.821854455026135,0.736153545235194,42.5952207514996,0.685333333333333,0.264433288797554,0.69447619047619,0.28218877235223,0.67847619047619,0.217786551814876,0.69447619047619,0.28218877235223,0.67847619047619,0.217786551814876
100,12,empirical,4,0.506504617253865,0.898851841646,5,0.730930766023763,0.546908444599531,56.8448232195641,0.694095238095238,0.245971690547603,0.692571428571429,0.257767102443198,0.687238095238095,0.243806373776787,0.729142857142857,0.264048076154098,0.723809523809524,0.206426327361207
100,12,OAS,5,0.520255693143718,0.900746630975344,5,0.73206022657665,0.547093648625005,56.8321473093788,0.694857142857143,0.247023357706188,0.729904761904762,0.270572394662156,0.726857142857143,0.207893584240498,0.729904761904762,0.270572394662156,0.726857142857143,0.207893584240498
100,13,empirical,4,0.506735989264079,0.884710029873987,5,0.818719431366768,0.778208178347775,38.9031905929222,0.695238095238095,0.2494382869865,0.663619047619048,0.254235497851971,0.660571428571429,0.212356317443231,0.699809523809524,0.267992557463,0.696,0.236478213298346
100,13,OAS,5,0.525266421685475,0.884914730106243,5,0.82107844038941,0.784157999068594,38.3571296013187,0.696761904761905,0.261675181593527,0.704380952380952,0.273960106427932,0.697904761904762,0.237043583928482,0.704380952380952,0.273960106427932,0.697904761904762,0.237043583928482
100,14,empirical,5,0.555404230525168,0.807660512537889,5,0.680072384751511,0.150782334134857,81.3277333233614,0.611809523809524,0.244641882903026,0.577904761904762,0.228371110449804,0.584,0.145576203091045,0.577904761904762,0.228371110449804,0.584,0.145576203091045
100,14,OAS,5,0.501038674442631,0.812359870006605,5,0.681081507477331,0.140326895621047,81.9332372769009,0.612952380952381,0.25225442153184,0.579047619047619,0.173630150602501,0.586285714285714,0.145919370040394,0.579047619047619,0.173630150602501,0.586285714285714,0.145919370040394
100,15,empirical,5,0.560329998953905,0.894301198021231,5,0.653861555001832,0.130125476360865,82.5231568272015,0.602285714285714,0.220472834939163,0.623619047619048,0.206982193589721,0.624,0.172427791830604,0.623619047619048,0.206982193589721,0.624,0.172427791830604
100,15,OAS,5,0.514661935531587,0.897354205758725,5,0.653357902290603,0.127017809520996,82.7027032933869,0.604190476190476,0.230207665057946,0.627047619047619,0.207530990421904,0.628190476190476,0.174755953489341,0.627047619047619,0.207530990421904,0.628190476190476,0.174755953489341
100,16,empirical,5,0.545078550089683,0.821384175972217,5,0.712847976871974,0.175607469727689,79.8859889788961,0.668952380952381,0.217420837124794,0.675809523809524,0.183121103322224,0.67352380952381,0.187641735240356,0.675809523809524,0.183121103322224,0.67352380952381,0.187641735240356
100,16,OAS,6,0.538990662497874,0.823427679145508,5,0.713690304206796,0.153247931217287,81.184803875037,0.669333333333333,0.187527312365085,0.696761904761905,0.189085622998562,0.688761904761905,0.180281489485084,0.686095238095238,0.191381715916853,0.681904761904762,0.191592050238373
100,17,empirical,4,0.509673433823621,0.883212393986712,5,0.792593379642252,0.558061705103257,56.0781425555115,0.710095238095238,0.215042898360201,0.683047619047619,0.163749759991334,0.69447619047619,0.162868813989112,0.702095238095238,0.219332835986279,0.703238095238095,0.18313946699345
100,17,OAS,5,0.525889726843748,0.883138911852056,5,0.794570474902137,0.566169588768103,55.5164508825212,0.705904761904762,0.205512247944145,0.706666666666667,0.204132105665321,0.706666666666667,0.189172668213825,0.706666666666667,0.204132105665321,0.706666666666667,0.189172668213825
100,18,empirical,4,0.52089002016999,0.881959698548291,5,0.782484660408215,0.38984372493211,67.0552241386125,0.732190476190476,0.23141351688898,0.704,0.247516895759653,0.704,0.271075858445701,0.727238095238095,0.250393703793226,0.731047619047619,0.282025290084813
100,18,OAS,5,0.530234569630039,0.886403618120345,5,0.782614383935182,0.390561857788988,67.0105356514475,0.732190476190476,0.220296827524396,0.726095238095238,0.238278005652508,0.728761904761905,0.272822118264997,0.726095238095238,0.238278005652508,0.728761904761905,0.272822118264997
100,19,empirical,4,0.505058655383528,0.850978230917608,5,0.639212326628386,0.039581142654527,87.731575003416,0.732190476190476,0.25929294907245,0.733714285714286,0.246370910456049,0.728,0.204325845066886,0.726857142857143,0.216240237946072,0.717714285714286,0.165818029804267
100,19,OAS,5,0.520575358125206,0.850964234320531,5,0.638076927976172,0.0709599593817727,85.9308740393612,0.728761904761905,0.24494632371874,0.72647619047619,0.209902936541935,0.72152380952381,0.167213842466098,0.72647619047619,0.209902936541935,0.72152380952381,0.167213842466098
100,20,empirical,4,0.512009670808643,0.874551999545111,5,0.731965870761181,0.487942958441988,60.7945323575617,0.627428571428571,0.274988521449632,0.615238095238095,0.172831754365585,0.622857142857143,0.210232612486892,0.635047619047619,0.300162869202808,0.626285714285714,0.198001813700314
100,20,OAS,5,0.524746364490526,0.877547271319661,5,0.730199096599719,0.48375363024462,61.069154115511,0.629333333333333,0.24280914683498,0.634285714285714,0.308302822576917,0.623238095238095,0.196811622908431,0.634285714285714,0.308302822576917,0.623238095238095,0.196811622908431
100,21,empirical,5,0.54663029150985,0.859082260625386,5,0.722692105616337,0.248665602677022,75.6014365252649,0.722666666666667,0.324109766825923,0.712761904761905,0.287081505942425,0.710095238095238,0.261043057880441,0.712761904761905,0.287081505942425,0.710095238095238,0.261043057880441
100,21,OAS,6,0.540383429737178,0.863520931473535,5,0.723248800284046,0.250984151757021,75.464243150557,0.721904761904762,0.325539307775116,0.733714285714286,0.294562181040001,0.729904761904762,0.287841645884241,0.714666666666667,0.263973247136048,0.712761904761905,0.253494244161325
100,22,empirical,4,0.503359641046814,0.870947875797697,5,0.6919410454636,0.346450322916747,69.7296459666125,0.675047619047619,0.246925047213747,0.707047619047619,0.228231336090595,0.711238095238095,0.189055241800068,0.693333333333333,0.265379741238531,0.687619047619048,0.170828070284048
100,22,OAS,5,0.513746300767537,0.872529491267436,5,0.692203805812028,0.344834190039411,69.8283255578607,0.67352380952381,0.213443659552847,0.692952380952381,0.274752472853657,0.684190476190476,0.169075649451203,0.692952380952381,0.274752472853657,0.684190476190476,0.169075649451203
100,23,empirical,5,0.564212172464301,0.885507835907395,5,0.802316188864681,0.547326162017536,56.8162308109358,0.694857142857143,0.231986556943017,0.721142857142857,0.242289398609495,0.717714285714286,0.225652623761529,0.721142857142857,0.242289398609495,0.717714285714286,0.225652623761529
100,23,OAS,5,0.509338105180969,0.88721542075083,5,0.797971821370028,0.526834200752199,58.2081969838914,0.69447619047619,0.235589483699858,0.723428571428571,0.24755154592517,0.721142857142857,0.230476108447706,0.723428571428571,0.24755154592517,0.721142857142857,0.230476108447706
100,24,empirical,4,0.514340864452281,0.855047741517844,5,0.731221014834253,0.518406013967371,58.7746093216853,0.69752380952381,0.359335522296832,0.703238095238095,0.288103347659909,0.698285714285714,0.283241584803535,0.679619047619048,0.291102686397517,0.671238095238095,0.233662054420904
100,24,OAS,5,0.538090930665325,0.857728089858153,5,0.730754444799741,0.514548646476474,59.0327093396929,0.699428571428571,0.361284292879029,0.679238095238095,0.302178127825721,0.670095238095238,0.233309871377111,0.679238095238095,0.302178127825721,0.670095238095238,0.233309871377111
100,25,empirical,5,0.552551272983076,0.879029161035223,5,0.67100216048644,0.441635115614333,63.7917454358922,0.72952380952381,0.270851206960122,0.730285714285714,0.281294311523085,0.727238095238095,0.260257483474191,0.730285714285714,0.281294311523085,0.727238095238095,0.260257483474191
100,25,OAS,6,0.555919882501401,0.881378839769581,5,0.674819502466893,0.474005863214158,61.7053584000632,0.731809523809524,0.283759628731131,0.741333333333333,0.29340449464179,0.742095238095238,0.298600791729767,0.729904761904762,0.287184042875141,0.725714285714286,0.259364984672227
100,26,empirical,4,0.500127337092192,0.826310978143439,5,0.729737813996778,0.519482679013093,58.702442976011,0.688,0.251343115193058,0.664380952380952,0.184762627718078,0.669714285714286,0.170292194184925,0.682666666666667,0.241719921928045,0.686857142857143,0.258332783318944
100,26,OAS,5,0.504689776643853,0.830564194080314,5,0.72760639914802,0.503540378852462,59.7654926898028,0.688761904761905,0.228971798440714,0.685714285714286,0.21840017136101,0.690285714285714,0.248681850949278,0.685714285714286,0.21840017136101,0.690285714285714,0.248681850949278
100,27,empirical,4,0.514008459057571,0.841784216212433,5,0.69952921956416,0.326128214006855,70.9660584950734,0.644571428571429,0.218012451573903,0.635047619047619,0.20279500899714,0.633142857142857,0.148398337221052,0.626666666666667,0.172551257941003,0.628952380952381,0.151256101130298
100,27,OAS,5,0.520725829209494,0.846515066024573,5,0.704251316014246,0.327194572441749,70.9014143689799,0.642666666666667,0.21906927071792,0.632380952380952,0.169879210113432,0.630857142857143,0.14069354618449,0.632380952380952,0.169879210113432,0.630857142857143,0.14069354618449
100,28,empirical,4,0.511373974459962,0.856828808495935,5,0.723136224546412,0.401934657651873,66.3008208932061,0.706285714285714,0.239783166797808,0.724952380952381,0.21929855050699,0.725333333333333,0.173810924478016,0.738285714285714,0.206595163882091,0.750476190476191,0.202388069421406
100,28,OAS,5,0.515180697873449,0.859418178955242,5,0.720497217595009,0.391302839471293,66.9644098047025,0.708190476190476,0.212944676059878,0.739428571428571,0.220221043075462,0.750095238095238,0.19589729686792,0.739428571428571,0.220221043075462,0.750095238095238,0.19589729686792
100,29,empirical,4,0.511015974263954,0.881314105508098,5,0.661717196483858,0.00301751330883048,89.8271089604055,0.702857142857143,0.304195148762482,0.675047619047619,0.274894758211091,0.726857142857143,0.257865622158595,0.685714285714286,0.285763457266974,0.700190476190476,0.344185724382671
100,29,OAS,5,0.530908368098536,0.883765259571267,5,0.692831460302202,0.0806498849536759,85.374077890043,0.701714285714286,0.303729081693308,0.675428571428571,0.284289932214424,0.692571428571429,0.34411350221057,0.675428571428571,0.284289932214424,0.692571428571429,0.34411350221057
100,30,empirical,4,0.523717783979227,0.858781333788223,5,0.827181203679495,0.658936430549096,48.7811907007016,0.611428571428571,0.290156548657839,0.632,0.256146112251894,0.650285714285714,0.270272220709898,0.64,0.258060356291884,0.641142857142857,0.264227759066685
100,30,OAS,5,0.53891876568427,0.862609403088874,5,0.829982204692035,0.663052123487425,48.4669374154134,0.611047619047619,0.268572456708681,0.645333333333333,0.246045063901212,0.646095238095238,0.265390159248185,0.645333333333333,0.246045063901212,0.646095238095238,0.265390159248185
100,31,empirical,4,0.512984352912519,0.835620464774502,5,0.723997823989081,0.593679632457337,53.5814367786848,0.665142857142857,0.23705875210653,0.652190476190476,0.210677634347142,0.656380952380952,0.206946146802433,0.68952380952381,0.243022639268696,0.689904761904762,0.281069628275071
100,31,OAS,5,0.525402808822571,0.83794040074007,5,0.725440717559488,0.595260499043341,53.4687952869368,0.663619047619048,0.23045777975425,0.695238095238095,0.246414140659859,0.689904761904762,0.278587098229042,0.695238095238095,0.246414140659859,0.689904761904762,0.278587098229042
100,32,empirical,4,0.52063967931207,0.843937942587708,5,0.692957616102118,0.335737405819199,70.3826145577499,0.602666666666667,0.137106262006426,0.611809523809524,0.172527527720229,0.622476190476191,0.150442390280104,0.625523809523809,0.132823979392635,0.627809523809524,0.124688877847607
100,32,OAS,5,0.534891721062671,0.845573794871122,5,0.69174918103362,0.33809667104765,70.2390446592678,0.603047619047619,0.138111404525681,0.625523809523809,0.14358414021381,0.628952380952381,0.125010070852336,0.625523809523809,0.14358414021381,0.628952380952381,0.125010070852336
100,33,empirical,4,0.534406268310926,0.889103211781636,5,0.727892020143799,0.513361556802234,59.1119980838761,0.671619047619048,0.271840093052014,0.658285714285714,0.272393620973687,0.655619047619048,0.237970572585243,0.666666666666667,0.290175464783545,0.669333333333333,0.290554542895033
100,33,OAS,5,0.548478117883587,0.891304176672047,5,0.726202413421557,0.507994858438732,59.4696396672581,0.67352380952381,0.269206887282299,0.669714285714286,0.30511181018614,0.670095238095238,0.289778102741257,0.669714285714286,0.30511181018614,0.670095238095238,0.289778102741257
100,34,empirical,4,0.519168645609577,0.785941293023134,5,0.636403016061111,0.388204530142422,67.1571739344531,0.620952380952381,0.296264888767774,0.609904761904762,0.298124179065438,0.610285714285714,0.274673799255267,0.616761904761905,0.312115221697408,0.612571428571429,0.249970244279935
100,34,OAS,5,0.533740907201861,0.793397980116084,5,0.64041769549745,0.388056173454617,67.1663972099579,0.625904761904762,0.306321088399041,0.619047619047619,0.311550633379598,0.611428571428571,0.249785157993398,0.619047619047619,0.311550633379598,0.611428571428571,0.249785157993398
100,35,empirical,5,0.552231436573148,0.844263363469757,5,0.684257643634193,0.0174464137543775,89.0003434077232,0.77447619047619,0.298710802847006,0.739428571428571,0.307600986919669,0.722666666666667,0.280915027972385,0.739428571428571,0.307600986919669,0.722666666666667,0.280915027972385
100,35,OAS,5,0.505738878122563,0.846691773062674,5,0.685287693536686,0.0171486390249834,89.0174071959976,0.775619047619048,0.310170512802161,0.741333333333333,0.300284550827243,0.722666666666667,0.282060271451698,0.741333333333333,0.300284550827243,0.722666666666667,0.282060271451698
100,36,empirical,5,0.563190118870346,0.806934439064502,5,0.681847489442053,0.386581101648269,67.2580678831011,0.712380952380952,0.287660916819004,0.731809523809524,0.27000422108286,0.732190476190476,0.23088463037857,0.731809523809524,0.27000422108286,0.732190476190476,0.23088463037857
100,36,OAS,5,0.503088729141564,0.811971464437709,5,0.684662718960456,0.397611765252092,66.5710369575147,0.71047619047619,0.29324216600804,0.734095238095238,0.273837233101633,0.734095238095238,0.231112566784837,0.734095238095238,0.273837233101633,0.734095238095238,0.231112566784837
100,37,empirical,5,0.56500978234414,0.83610334737367,5,0.738394906385543,0.596796456444451,53.3591963641747,0.677714285714286,0.183666520956211,0.696,0.179736906177402,0.691047619047619,0.159667752017706,0.696,0.179736906177402,0.691047619047619,0.159667752017706
100,37,OAS,5,0.513265504876754,0.83886242657254,5,0.739827599219022,0.597021502600566,53.343125005549,0.67847619047619,0.190008976159854,0.70247619047619,0.176550846031258,0.692190476190476,0.15838085788331,0.70247619047619,0.176550846031258,0.692190476190476,0.15838085788331
100,38,empirical,4,0.518779529592064,0.891612101807748,5,0.684314207566953,0.442894424720459,63.7112968339358,0.630476190476191,0.16073734424221,0.626285714285714,0.14753472095299,0.622476190476191,0.131093098205899,0.626666666666667,0.14773835866792,0.616761904761905,0.13716942783541
100,38,OAS,5,0.525688131083102,0.893380921763396,5,0.687410625922717,0.447369980955728,63.4249305470646,0.632761904761905,0.150241849400896,0.630857142857143,0.146404450168163,0.619047619047619,0.130353390240308,0.630857142857143,0.146404450168163,0.619047619047619,0.130353390240308
100,39,empirical,4,0.511981587711557,0.872634465745516,5,0.773695539319564,0.444279899463145,63.6227238565153,0.734095238095238,0.294003341029209,0.723809523809524,0.30172161719291,0.728761904761905,0.197605744919056,0.768380952380952,0.364183990120222,0.760380952380952,0.236269653753457
100,39,OAS,5,0.515405675699208,0.876327817799298,5,0.782120547519888,0.470751420057162,61.9169161034756,0.736761904761905,0.262254585486116,0.771047619047619,0.362085851239194,0.76647619047619,0.251593653984209,0.771047619047619,0.362085851239194,0.76647619047619,0.251593653984209
100,40,empirical,4,0.523599299999234,0.852789040664489,5,0.786455867972266,0.580250223712925,54.5318560337739,0.714666666666667,0.275049192532062,0.708952380952381,0.200027648045277,0.701714285714286,0.260106348708153,0.718857142857143,0.233379050618107,0.708571428571429,0.267817584717814
100,40,OAS,5,0.532256328759138,0.856188464179646,5,0.788901749036432,0.589765016437915,53.8596651716742,0.715047619047619,0.244641986146671,0.726095238095238,0.24850185812122,0.714285714285714,0.269644637371667,0.726095238095238,0.24850185812122,0.714285714285714,0.269644637371667
100,41,empirical,4,0.506586350311235,0.886097442559278,5,0.773616342798697,0.600129466209193,53.120829457114,0.693714285714286,0.305306376308357,0.702095238095238,0.319607872140641,0.730666666666667,0.258673875352229,0.703238095238095,0.309844425818991,0.716571428571429,0.228122962338155
100,41,OAS,5,0.521729471190133,0.888067463597913,5,0.794762544086045,0.674464313352862,47.5874351342128,0.696,0.310240510007627,0.715047619047619,0.309050814593404,0.724571428571429,0.231618276439191,0.715047619047619,0.309050814593404,0.724571428571429,0.231618276439191
100,42,empirical,4,0.522647936653607,0.874788192120791,5,0.834514252946895,0.837686959145657,33.1033317736474,0.665142857142857,0.275250603093896,0.654857142857143,0.254430185375596,0.657904761904762,0.163882485708015,0.691809523809524,0.301900814639102,0.696,0.229576257911742
100,42,OAS,5,0.536699406345711,0.877769467298263,5,0.835654716386626,0.836594516714119,33.2177629406156,0.66552380952381,0.249423241283957,0.694857142857143,0.285264354164324,0.699047619047619,0.23205224060738,0.694857142857143,0.285264354164324,0.699047619047619,0.23205224060738
100,43,empirical,4,0.528086321750901,0.82753742996234,5,0.747552862332025,0.500131605641735,59.9912926588007,0.726857142857143,0.223266004559263,0.736761904761905,0.288020585193382,0.727619047619048,0.208382102357368,0.741714285714286,0.253855685135323,0.736380952380952,0.259534600122194
100,43,OAS,5,0.547342223824048,0.829372733754106,5,0.749594737277626,0.507668950870571,59.4913159042456,0.724190476190476,0.218275496545568,0.744,0.243516148192592,0.739047619047619,0.260469192124018,0.744,0.243516148192592,0.739047619047619,0.260469192124018
100,44,empirical,4,0.515906022505109,0.843680755116412,5,0.75141573328906,0.224468090968992,77.0283980204862,0.721904761904762,0.287885510077103,0.710857142857143,0.299196016355427,0.717333333333333,0.230580788189664,0.714666666666667,0.302297504172366,0.72152380952381,0.270289573978197
100,44,OAS,5,0.531591137117279,0.84708017863157,5,0.749742241058476,0.204995812515682,78.1707460824937,0.723428571428571,0.291852009882714,0.717714285714286,0.267949666256783,0.727238095238095,0.273635142704674,0.717714285714286,0.267949666256783,0.727238095238095,0.273635142704674
100,45,empirical,4,0.503739912630642,0.897359454482629,5,0.756566170827455,0.570046529418512,55.246529544928,0.68952380952381,0.336573092503449,0.694095238095238,0.322521604915964,0.683428571428571,0.275823904464592,0.698285714285714,0.295795366237128,0.700190476190476,0.29722178944061
100,45,OAS,5,0.519537822599506,0.89772336600664,5,0.761097192919878,0.577135904937838,54.7506514423213,0.687619047619048,0.323375969589628,0.704,0.304474118206269,0.702857142857143,0.29591028820205,0.704,0.304474118206269,0.702857142857143,0.29591028820205
100,46,empirical,4,0.51706737632776,0.854809799367529,5,0.644829147772127,0.469663010901362,61.9875759313735,0.609904761904762,0.195947263559138,0.592761904761905,0.117446466340201,0.583238095238095,0.102564561601803,0.576,0.11843851241535,0.562666666666667,0.102613663990233
100,46,OAS,5,0.533560937377061,0.857708844537172,5,0.645092714123021,0.468789862949326,62.044227442139,0.610666666666667,0.196567741290673,0.576,0.119336301640622,0.560761904761905,0.101700097127548,0.576,0.119336301640622,0.560761904761905,0.101700097127548
100,47,empirical,4,0.530237830130247,0.911602741583453,5,0.768870435401504,0.716691776013447,44.2179815462903,0.742476190476191,0.207988189190622,0.745904761904762,0.220779314168742,0.752761904761905,0.199281249489989,0.756571428571429,0.198367344423524,0.761142857142857,0.196018722202494
100,47,OAS,5,0.551825988079186,0.911550254344413,5,0.767527180112346,0.713691428496597,44.4639406247973,0.745904761904762,0.217147055750069,0.76,0.197739572658494,0.764571428571429,0.194629160872187,0.76,0.197739572658494,0.764571428571429,0.194629160872187
100,48,empirical,4,0.536366261856804,0.862095028146282,5,0.743855921656355,0.465463588578632,62.2597711694509,0.67847619047619,0.277677069193687,0.675047619047619,0.292579252760289,0.675047619047619,0.221582882970118,0.682666666666667,0.278976438898986,0.680761904761905,0.269465506761928
100,48,OAS,5,0.548893053266423,0.865426218250688,5,0.744459669301395,0.465032980443528,62.2876434924715,0.678857142857143,0.277839465441444,0.685333333333333,0.277622986282081,0.686095238095238,0.269056655159348,0.685333333333333,0.277622986282081,0.686095238095238,0.269056655159348
100,49,empirical,5,0.541312089991714,0.869896381442262,5,0.645708950055057,0.402573620986981,66.260833146678,0.682666666666667,0.229914571506755,0.672380952380952,0.2557770708815,0.675047619047619,0.189535512257463,0.672380952380952,0.2557770708815,0.675047619047619,0.189535512257463
100,49,OAS,6,0.554206601317203,0.872447261259606,5,0.647886404678886,0.420311786718311,65.1457265496385,0.682666666666667,0.230643778869843,0.67047619047619,0.215579500994735,0.670857142857143,0.198356560382367,0.675809523809524,0.256840833999493,0.67352380952381,0.186804159502675
100,50,empirical,5,0.570805064122323,0.86615054214944,5,0.730825704876671,0.496053668646072,60.2607455341105,0.70247619047619,0.21012597942628,0.706666666666667,0.197996228013341,0.696,0.182648760823171,0.706666666666667,0.197996228013341,0.696,0.182648760823171
100,50,OAS,5,0.51865655917928,0.870416005108758,5,0.73295478147301,0.497704594394838,60.1517469715092,0.702857142857143,0.207694480487911,0.708952380952381,0.195792248453766,0.697142857142857,0.181040743281701,0.708952380952381,0.195792248453766,0.697142857142857,0.181040743281701
100,51,empirical,4,0.525924244879028,0.822640370559908,5,0.667905740564645,0.472426637179013,61.8080695522475,0.686095238095238,0.223300389680091,0.680380952380952,0.203176279722778,0.671238095238095,0.158233723265757,0.685714285714286,0.202511885143254,0.673142857142857,0.183889541407907
100,51,OAS,5,0.533866696926258,0.828608169638757,5,0.673755797912158,0.451216394950183,63.1782465943398,0.687238095238095,0.214493061338883,0.684952380952381,0.206434791908921,0.671619047619048,0.187119476952008,0.684952380952381,0.206434791908921,0.671619047619048,0.187119476952008
100,52,empirical,5,0.559935529113743,0.826755370100644,5,0.643482541051378,0.466578974601013,62.1875414760925,0.630095238095238,0.33103691372241,0.633904761904762,0.343992146824507,0.637714285714286,0.260384802323523,0.633904761904762,0.343992146824507,0.637714285714286,0.260384802323523
100,52,OAS,5,0.506737106317684,0.829122544581349,5,0.645744930661849,0.464509478349673,62.3215190491946,0.627047619047619,0.274731521668601,0.638095238095238,0.343184879740896,0.64,0.26122700248078,0.638095238095238,0.343184879740896,0.64,0.26122700248078
100,53,empirical,5,0.538122893578116,0.820206712243086,5,0.639676254747627,0.301519231523525,72.4511254407153,0.621714285714286,0.238602001742448,0.574095238095238,0.221326898855021,0.581333333333333,0.180977248083375,0.574095238095238,0.221326898855021,0.581333333333333,0.180977248083375
100,53,OAS,6,0.536378454320447,0.828298494928421,5,0.62790685081072,0.296201885723082,72.770378303492,0.625523809523809,0.245656543663884,0.588190476190476,0.274238314819547,0.583238095238095,0.255961778624089,0.576,0.20992084569193,0.578666666666667,0.167839539773216
100,54,empirical,4,0.514204482460972,0.87873173334733,5,0.735842220245551,0.480938142833894,61.2533084596429,0.679619047619048,0.239664608185283,0.669714285714286,0.258758852310224,0.684571428571429,0.228181185908934,0.661714285714286,0.24591734605567,0.668571428571429,0.239867609778604
100,54,OAS,5,0.532049205330944,0.879809471322285,5,0.73474823430777,0.472407029974827,61.8093441626306,0.681904761904762,0.246218788313914,0.660952380952381,0.282558198588569,0.668190476190476,0.2424312144451,0.660952380952381,0.282558198588569,0.668190476190476,0.2424312144451
100,55,empirical,4,0.543197283829044,0.902837372663771,5,0.738881392555875,0.131375614962836,82.4509089299026,0.696761904761905,0.244870382265751,0.663619047619048,0.229968079216495,0.664761904761905,0.178503010473844,0.676571428571429,0.219845958954775,0.678095238095238,0.225082546759009
100,55,OAS,5,0.55470476735162,0.904266775140294,5,0.743760294169348,0.185690333288991,79.298617014893,0.698285714285714,0.235251421148722,0.675428571428571,0.210310169183664,0.681142857142857,0.225694579527179,0.675428571428571,0.210310169183664,0.681142857142857,0.225694579527179
100,56,empirical,5,0.550095788657602,0.855504380497492,5,0.672904880599327,0.181522813348796,79.5415280498236,0.763047619047619,0.302720457337946,0.764571428571429,0.275117220426755,0.758857142857143,0.230683047307253,0.764571428571429,0.275117220426755,0.758857142857143,0.230683047307253
100,56,OAS,6,0.560357310351589,0.857670353895209,5,0.67586394350965,0.193656236034587,78.8337646726509,0.762666666666667,0.291674157943185,0.775619047619048,0.277378453305978,0.771428571428571,0.213524668649509,0.765714285714286,0.279776011415686,0.757714285714286,0.22991542708048
100,57,empirical,5,0.555369764944987,0.869371509051862,5,0.660177426872943,0.214802934176562,77.5960338530373,0.734857142857143,0.202385757507645,0.755809523809524,0.207064264075763,0.750476190476191,0.22319943716474,0.755809523809524,0.207064264075763,0.750476190476191,0.22319943716474
100,57,OAS,5,0.505133588345771,0.871205063268993,5,0.657966627707662,0.288086279381081,73.2565810055417,0.736761904761905,0.203828585660102,0.760761904761905,0.203784971355858,0.746666666666667,0.187571817567102,0.760761904761905,0.203784971355858,0.746666666666667,0.187571817567102
100,58,empirical,4,0.537359543059495,0.912643738491079,5,0.831653211847006,0.771457589239023,39.5150398749421,0.696,0.236725838894554,0.695619047619048,0.184872690159029,0.704380952380952,0.219439902562316,0.706666666666667,0.260576526210766,0.718095238095238,0.230222628485216
100,58,OAS,5,0.555406572715373,0.91313886811269,5,0.831403407343893,0.769972897087602,39.6485449022805,0.693714285714286,0.188225360538062,0.707809523809524,0.228858588590356,0.72,0.232242274770948,0.707809523809524,0.228858588590356,0.72,0.232242274770948
100,59,empirical,4,0.518703482713406,0.838484518451452,5,0.681218204054322,0.198627229493755,78.5433053754533,0.649904761904762,0.216567959351588,0.650666666666667,0.215969422122189,0.649904761904762,0.163658462727737,0.680761904761905,0.226163554472613,0.681142857142857,0.180827393653511
100,59,OAS,5,0.543834918457741,0.841324078083516,5,0.680622547452192,0.198779379605252,78.5344104486071,0.650666666666667,0.222523407976848,0.684571428571429,0.233273758436292,0.681142857142857,0.179509287077503,0.684571428571429,0.233273758436292,0.681142857142857,0.179509287077503
100,60,empirical,5,0.557286276005283,0.836540741032337,5,0.763847212135676,0.557866939522245,56.0915896182059,0.668952380952381,0.24166679978087,0.692952380952381,0.213471761956175,0.703619047619048,0.221879841339748,0.692952380952381,0.213471761956175,0.703619047619048,0.221879841339748
100,60,OAS,6,0.56087220481724,0.841621505771409,5,0.760638544789564,0.545657490258762,56.9303943275192,0.671619047619048,0.1950471571154,0.705142857142857,0.246399989161782,0.70247619047619,0.23989352786162,0.696380952380952,0.201665931366771,0.70247619047619,0.228182318367972
100,61,empirical,5,0.53823836439854,0.871332782217323,5,0.796686731052635,0.587519691613956,54.0188051580309,0.748190476190476,0.313414835678225,0.772571428571429,0.299114269937573,0.776,0.263461754055037,0.772571428571429,0.299114269937573,0.776,0.263461754055037
100,61,OAS,6,0.542559519359214,0.873645719884353,5,0.792518385125673,0.572342330382443,55.0862743786738,0.745904761904762,0.257897057067908,0.760761904761905,0.247601305168942,0.769523809523809,0.21350418849374,0.777904761904762,0.255065038625038,0.780571428571429,0.264328142905539
100,62,empirical,4,0.515631203988253,0.870172814234539,5,0.730082547821076,0.183237654415961,79.4415988759345,0.64952380952381,0.227784308616659,0.634666666666667,0.226700815892942,0.643428571428571,0.250655247045847,0.648761904761905,0.256178725420302,0.66247619047619,0.23984484248616
100,62,OAS,5,0.523877181119328,0.872340537206892,5,0.729768863439536,0.197042111256857,78.6359571975863,0.649142857142857,0.204397810831346,0.648761904761905,0.219716357204062,0.658285714285714,0.233464248002155,0.648761904761905,0.219716357204062,0.658285714285714,0.233464248002155
100,63,empirical,5,0.548557005932327,0.836194325254673,5,0.690896470171066,0.088218921849029,84.9388487700092,0.68952380952381,0.284976764952869,0.704380952380952,0.261743991877194,0.720380952380952,0.242126061327748,0.704380952380952,0.261743991877194,0.720380952380952,0.242126061327748
100,63,OAS,6,0.543265803018979,0.836726195943611,5,0.693565164480849,0.10170399366716,84.1626975331214,0.688380952380952,0.233122190664104,0.730666666666667,0.275846761849162,0.747428571428571,0.3275361775796,0.711619047619048,0.265674086723912,0.72,0.239027617864754
100,64,empirical,4,0.518145032867411,0.845159145682706,5,0.603821226324443,0.215728316881791,77.5417404474035,0.749333333333333,0.249439457897645,0.738285714285714,0.202817178781361,0.732190476190476,0.169659420395494,0.764190476190476,0.219833934175437,0.768380952380952,0.192588804725732
100,64,OAS,5,0.540893034853861,0.847195650557458,5,0.603890087414535,0.21473519679638,77.6000076481026,0.753904761904762,0.253057793187056,0.767238095238095,0.223477242904824,0.769523809523809,0.194992879560792,0.767238095238095,0.223477242904824,0.769523809523809,0.194992879560792
100,65,empirical,5,0.548045867041367,0.825110769944057,5,0.582667618015154,0.137151422219715,82.1169553282085,0.580952380952381,0.161045636294894,0.607238095238095,0.159023449601261,0.602666666666667,0.146278596137205,0.607238095238095,0.159023449601261,0.602666666666667,0.146278596137205
100,65,OAS,6,0.547023502635772,0.82838072493625,5,0.583030627920565,0.161002484553906,80.734911212547,0.581333333333333,0.159454555743557,0.604571428571429,0.143112341855464,0.603047619047619,0.127560357462101,0.605333333333333,0.157750781523566,0.604190476190476,0.144226328533865
100,66,empirical,5,0.531441613091821,0.819879541786403,5,0.822131585658622,0.814164614127504,35.4951556175405,0.68,0.203278952347797,0.729142857142857,0.219813843393431,0.723047619047619,0.19976741774044,0.729142857142857,0.219813843393431,0.723047619047619,0.19976741774044
100,66,OAS,6,0.531739499811182,0.823459171488932,5,0.82117481377913,0.816486707590392,35.2653694930166,0.685333333333333,0.214968581116695,0.722666666666667,0.213386339528542,0.719619047619048,0.195311282689781,0.737904761904762,0.223077110967959,0.726857142857143,0.192767887751235
100,67,empirical,5,0.539805193950096,0.85346437647347,5,0.746779275853572,0.645501444018255,49.7967175638693,0.705904761904762,0.274535679043088,0.722285714285714,0.290260557092113,0.726095238095238,0.219885852404678,0.722285714285714,0.290260557092113,0.726095238095238,0.219885852404678
100,67,OAS,6,0.542678222316632,0.855009250875881,5,0.746995171356524,0.6486066362792,49.5633695845926,0.707047619047619,0.23523649491612,0.735619047619048,0.270530185954869,0.738285714285714,0.232498118744425,0.727619047619048,0.28284681765329,0.729142857142857,0.202267885661636
100,68,empirical,4,0.543930177304531,0.833646944586597,5,0.70721752383095,0.163096157875213,80.6133457714325,0.624,0.205152562048197,0.607619047619048,0.181688103898044,0.617904761904762,0.134217963837062,0.60152380952381,0.165079176947574,0.60952380952381,0.14060347862252
100,68,OAS,5,0.556819735175219,0.83936105534342,5,0.708850291212562,0.16743016125543,80.3615633196224,0.619809523809524,0.201431335419013,0.601142857142857,0.16603838563311,0.610285714285714,0.13863913175892,0.601142857142857,0.16603838563311,0.610285714285714,0.13863913175892
100,69,empirical,4,0.522387909305958,0.806804970541537,5,0.751969971225846,0.523503611893141,58.4324383366557,0.82552380952381,0.344601721207267,0.821333333333333,0.348976381814768,0.808761904761905,0.366468877309974,0.813714285714286,0.335666380065326,0.807238095238095,0.313284180524196
100,69,OAS,5,0.522518921473239,0.811289130330189,5,0.748803481643,0.529598999014424,58.0216351894144,0.824380952380952,0.324151345869612,0.816380952380952,0.337120335707404,0.807619047619048,0.272222829843304,0.816380952380952,0.337120335707404,0.807619047619048,0.272222829843304
100,70,empirical,5,0.551626178801375,0.835069348764582,5,0.660899611642975,0.0419864155107579,87.5936482310484,0.630476190476191,0.237397094059425,0.625523809523809,0.175563403144901,0.630857142857143,0.161975768952089,0.625523809523809,0.175563403144901,0.630857142857143,0.161975768952089
100,70,OAS,6,0.54610027483434,0.840591006311591,5,0.661713640372355,0.0428542767419648,87.5438786437302,0.628190476190476,0.234540532538113,0.626666666666667,0.193126679343816,0.627047619047619,0.202957949814156,0.634285714285714,0.17886555959992,0.635809523809524,0.163351489034355
100,71,empirical,4,0.526725929478434,0.895832075826565,5,0.756932501366757,0.427473119457906,64.6926954840337,0.641904761904762,0.330294004992671,0.587428571428571,0.228716615897887,0.589714285714286,0.173616442434126,0.622857142857143,0.287362719769174,0.622857142857143,0.188488043258764
100,71,OAS,5,0.540797090933845,0.898010296246725,5,0.756365834376458,0.429346648324485,64.573896049612,0.641904761904762,0.330380723806787,0.628571428571429,0.292001859885378,0.625523809523809,0.186585852979165,0.628571428571429,0.292001859885378,0.625523809523809,0.186585852979165
100,72,empirical,5,0.562315867635517,0.865469957616555,5,0.698869724913035,0.30752328465976,72.0899646553316,0.622476190476191,0.259531201096792,0.648,0.19441943440667,0.648761904761905,0.20604552924386,0.648,0.19441943440667,0.648761904761905,0.20604552924386
100,72,OAS,5,0.518717291813635,0.866453218561237,5,0.705710774014506,0.305692501321731,72.2001687131427,0.619809523809524,0.240393598274058,0.648,0.19147950413614,0.650666666666667,0.212581455516431,0.648,0.19147950413614,0.650666666666667,0.212581455516431
100,73,empirical,4,0.519703906378678,0.796928621728842,5,0.619620436387346,0.0781701694226245,85.5166052577879,0.592761904761905,0.194828670545626,0.573333333333333,0.164304312843145,0.579047619047619,0.191497504184837,0.602666666666667,0.171181490751004,0.608,0.211448098862704
100,73,OAS,5,0.524259154076192,0.802229832871883,5,0.620634944637014,0.0753955626001015,85.6760492752869,0.59047619047619,0.150918241914929,0.609142857142857,0.185921785951483,0.614476190476191,0.213969280362226,0.609142857142857,0.185921785951483,0.614476190476191,0.213969280362226
100,74,empirical,4,0.512343077421488,0.902872364156465,5,0.68490018814836,0.217928734421353,77.4125933307304,0.656380952380952,0.280254179431284,0.655619047619048,0.261604336886251,0.662857142857143,0.193021016942493,0.648380952380952,0.254584872302801,0.643809523809524,0.17277862457403
100,74,OAS,5,0.516965699437529,0.905685680169009,5,0.683145112139029,0.215739857366763,77.5410632804972,0.657142857142857,0.284328400950185,0.647619047619048,0.254299966628999,0.640380952380952,0.167941036163731,0.647619047619048,0.254299966628999,0.640380952380952,0.167941036163731
100,75,empirical,4,0.511367324222553,0.892649599566106,5,0.694928624344382,0.190133100619668,79.039448101572,0.692952380952381,0.268673364203827,0.704761904761905,0.254956220055289,0.732571428571429,0.224325028245475,0.712380952380952,0.229806534762672,0.730285714285714,0.375376425308809
100,75,OAS,5,0.522212187295638,0.89380956754889,5,0.690725249685595,0.191610944339147,78.953187986519,0.694095238095238,0.246308773349113,0.712761904761905,0.23199333643018,0.727238095238095,0.377297175946396,0.712761904761905,0.23199333643018,0.727238095238095,0.377297175946396
100,76,empirical,5,0.550347684344828,0.867665673783062,5,0.724683757399837,0.619843858289231,51.6952669246692,0.752,0.289720079002188,0.758476190476191,0.269578382882628,0.758857142857143,0.24263584760534,0.758476190476191,0.269578382882628,0.758857142857143,0.24263584760534
100,76,OAS,6,0.558403944935091,0.871068596447489,5,0.727926936566937,0.624710562118047,51.3390533650826,0.753904761904762,0.259726205654233,0.787809523809524,0.316308755998802,0.785904761904762,0.292648363513728,0.763809523809524,0.26694165225459,0.764571428571429,0.244292383342026
100,77,empirical,5,0.562259812298832,0.848887489229181,5,0.853575841405903,0.777069649860705,39.0069471848529,0.785904761904762,0.252760292882906,0.789714285714286,0.247448541165506,0.794666666666667,0.251228060497294,0.789714285714286,0.247448541165506,0.794666666666667,0.251228060497294
100,77,OAS,5,0.502469969975489,0.850913496656125,5,0.85904731424607,0.786046663162543,38.1824143067216,0.788952380952381,0.263867443730862,0.791619047619048,0.252501840655234,0.795047619047619,0.29033088800176,0.791619047619048,0.252501840655234,0.795047619047619,0.29033088800176
100,78,empirical,5,0.541086587234912,0.86861744238432,5,0.659829810949001,0.381018440770909,67.6032185039466,0.677333333333333,0.278611152186317,0.678857142857143,0.309825417100493,0.683047619047619,0.330932541938967,0.678857142857143,0.309825417100493,0.683047619047619,0.330932541938967
100,78,OAS,6,0.549338125958535,0.868788900698518,5,0.660559585969209,0.384323218463416,67.3982687346441,0.672380952380952,0.268787650618226,0.664,0.285471121641463,0.663238095238095,0.263556386711835,0.68152380952381,0.314738238871447,0.685333333333333,0.339877879306878
100,79,empirical,4,0.506880214548377,0.854220192715646,5,0.701577445008579,0.231848715046452,76.5940622008456,0.774857142857143,0.377934875860029,0.774095238095238,0.327256683081439,0.783619047619048,0.229537489520165,0.769904761904762,0.330099992590954,0.788952380952381,0.288555278151983
100,79,OAS,5,0.515663803697664,0.855845547551252,5,0.701560327789262,0.241855179777399,76.0039395229488,0.770666666666667,0.351633823912358,0.76647619047619,0.270952118180508,0.788571428571429,0.259038664473471,0.76647619047619,0.270952118180508,0.788571428571429,0.259038664473471
100,80,empirical,4,0.522232125033583,0.898909577608944,5,0.834626099540833,0.708776777087521,44.8645224934355,0.69752380952381,0.285578990089099,0.693714285714286,0.265238572264478,0.695619047619048,0.262965047368219,0.699809523809524,0.294729445240869,0.692190476190476,0.220282781019504
100,80,OAS,5,0.545554637615994,0.89848443097272,5,0.834150845452747,0.708683435598662,44.8721032547581,0.695619047619048,0.246111612156584,0.698666666666667,0.27853213474246,0.691809523809524,0.213756579487049,0.698666666666667,0.27853213474246,0.691809523809524,0.213756579487049
100,81,empirical,5,0.528649581312183,0.855726576476094,5,0.738689488163569,0.381837554010475,67.5524484829506,0.601142857142857,0.22083887945084,0.589333333333333,0.145329042846377,0.580571428571429,0.127076953536319,0.589333333333333,0.145329042846377,0.580571428571429,0.127076953536319
100,81,OAS,6,0.529500941305221,0.860933310588863,5,0.743090362187861,0.409744642452891,65.8112053493805,0.602666666666667,0.245249355734522,0.591238095238095,0.180397600060839,0.592761904761905,0.138755263226546,0.590095238095238,0.19455450941154,0.578285714285714,0.125566876217081
100,82,empirical,4,0.524226293816452,0.846695272211944,5,0.727808005365497,0.0589009530713364,86.6232695626793,0.650285714285714,0.300536733459347,0.651809523809524,0.237131407271486,0.649142857142857,0.212270749702247,0.64647619047619,0.238970717359691,0.634666666666667,0.223790355360889
100,82,OAS,5,0.523300173879038,0.850698298976062,5,0.728114407439958,0.0626996925771687,86.4052142753143,0.652571428571429,0.286941422478092,0.645714285714286,0.238779091181001,0.635809523809524,0.220495452391136,0.645714285714286,0.238779091181001,0.635809523809524,0.220495452391136
100,83,empirical,4,0.508409910295735,0.864206764730325,5,0.649732124921861,0.224533740758884,77.0245380341154,0.729904761904762,0.302066256264982,0.693333333333333,0.232555492198741,0.69447619047619,0.231185058172997,0.710857142857143,0.254726276773319,0.711238095238095,0.253115535202216
100,83,OAS,5,0.521643213065389,0.864925839905173,5,0.65240290333962,0.234965793057133,76.4103935989471,0.728380952380952,0.267777010455091,0.712761904761905,0.248270413275043,0.710857142857143,0.250989043572076,0.712761904761905,0.248270413275043,0.710857142857143,0.250989043572076
100,84,empirical,4,0.511797138076809,0.880236367533144,5,0.816726989753577,0.748137252236978,41.5707224532104,0.734857142857143,0.27786963538623,0.67352380952381,0.177499932503648,0.665142857142857,0.259478718932342,0.739047619047619,0.290545332157325,0.729904761904762,0.192751227161948
100,84,OAS,5,0.529680187788019,0.881186386559768,5,0.81743320835851,0.746393460614003,41.7210733404426,0.736761904761905,0.273033081208888,0.744380952380952,0.285366787662269,0.732190476190476,0.193770021810247,0.744380952380952,0.285366787662269,0.732190476190476,0.193770021810247
100,85,empirical,4,0.531905537042742,0.897928066238896,5,0.794722631383186,0.55281251452101,56.4398220007396,0.675047619047619,0.193899664794695,0.696380952380952,0.20172153069344,0.692952380952381,0.214149918147529,0.692571428571429,0.193606284934911,0.686857142857143,0.171241762219085
100,85,OAS,5,0.546069117098598,0.90105630568568,5,0.79651395923118,0.555445370091526,56.2586037539156,0.675047619047619,0.193473983093859,0.695238095238095,0.196555929354489,0.691047619047619,0.174223813154452,0.695238095238095,0.196555929354489,0.691047619047619,0.174223813154452
100,86,empirical,4,0.522536798538073,0.858053510740201,5,0.665984247251004,0.0771023468385791,85.5779722088512,0.639619047619048,0.271958326050142,0.635047619047619,0.158288233331889,0.641142857142857,0.211382187659294,0.66247619047619,0.264005081425184,0.667809523809524,0.238538669302192
100,86,OAS,5,0.538978042433683,0.861216741679679,5,0.66639605772043,0.078890633816617,85.4751978099846,0.641142857142857,0.273377210348614,0.666285714285714,0.271282963528916,0.668571428571429,0.237862694530642,0.666285714285714,0.271282963528916,0.668571428571429,0.237862694530642
100,87,empirical,4,0.505881780915885,0.873670213929239,5,0.662556924517588,0.243932125123713,75.881265566925,0.678857142857143,0.313600610827043,0.639619047619048,0.210197309439709,0.624,0.167721742506136,0.656,0.280798465135485,0.649142857142857,0.209828125302644
100,87,OAS,5,0.522847304694565,0.876224592895852,5,0.66128416720322,0.230288277653852,76.6859555540772,0.674666666666667,0.268953936418228,0.65447619047619,0.27792353120313,0.648380952380952,0.222494084654195,0.65447619047619,0.27792353120313,0.648380952380952,0.222494084654195
100,88,empirical,4,0.523478442899764,0.845752251483858,5,0.698876853560966,0.146425202580593,81.5801817684193,0.636952380952381,0.152936328530619,0.622857142857143,0.146585607238517,0.616380952380952,0.113575370945605,0.664761904761905,0.176511133043518,0.655619047619048,0.129813448606137
100,88,OAS,5,0.532645854142398,0.849982722950483,5,0.700296738486375,0.150038656394566,81.3708332408562,0.640380952380952,0.165268563406755,0.666666666666667,0.190367037732325,0.658666666666667,0.131791442757747,0.666666666666667,0.190367037732325,0.658666666666667,0.131791442757747
100,89,empirical,4,0.518889162769085,0.867249275020011,5,0.811214666921313,0.626536244518743,51.2049672418839,0.658285714285714,0.313508599349237,0.650666666666667,0.276407665504845,0.648,0.259131709132057,0.664761904761905,0.278035015997865,0.66552380952381,0.27725856761211
100,89,OAS,5,0.527336055867889,0.87014307146575,5,0.818101989775488,0.6550160166564,49.0791355663234,0.659809523809524,0.314290933889743,0.669333333333333,0.248283077142368,0.671619047619048,0.279515489577769,0.669333333333333,0.248283077142368,0.671619047619048,0.279515489577769
100,90,empirical,4,0.538575248993018,0.870421253832662,5,0.638883487975411,0.282855158669894,73.5693163359138,0.660190476190476,0.262009081467339,0.66552380952381,0.203961018244537,0.681142857142857,0.17386779240165,0.64952380952381,0.203944338268621,0.646857142857143,0.168221848599459
100,90,OAS,5,0.54860904565708,0.871231306888513,5,0.640284365126517,0.29956607684291,72.5684574347882,0.660190476190476,0.260501144959403,0.650666666666667,0.191470359585892,0.646857142857143,0.167071147013986,0.650666666666667,0.191470359585892,0.646857142857143,0.167071147013986
100,91,empirical,5,0.55991069246792,0.870979368141121,5,0.686557222418176,0.557813230313566,56.0952974520566,0.688,0.247729159284028,0.70552380952381,0.197537672840933,0.71047619047619,0.176529595708174,0.70552380952381,0.197537672840933,0.71047619047619,0.176529595708174
100,91,OAS,5,0.512403948392151,0.875244831100439,5,0.688887984813949,0.556748394607785,56.1687755099733,0.689142857142857,0.236723795393591,0.704761904761905,0.201660260020597,0.707428571428571,0.177256061468121,0.704761904761905,0.201660260020597,0.707428571428571,0.177256061468121
100,92,empirical,4,0.524148876750162,0.887929247201774,5,0.683644312245331,0.572326758617317,55.0873623962547,0.638095238095238,0.255240629467124,0.636571428571429,0.294330626982257,0.657904761904762,0.244191109515342,0.620952380952381,0.262991427852396,0.632761904761905,0.302026329304131
100,92,OAS,5,0.540661404672821,0.889400639469529,5,0.684225900345604,0.580623507565507,54.5055912028543,0.640380952380952,0.240629078394361,0.621714285714286,0.241608695438746,0.625904761904762,0.300104556444765,0.621714285714286,0.241608695438746,0.625904761904762,0.300104556444765
100,93,empirical,4,0.527269726458829,0.87237727827422,5,0.715886073345185,0.081187158694937,85.3431930919315,0.679619047619048,0.29195501869794,0.683047619047619,0.288998847800415,0.68,0.272976019946265,0.699047619047619,0.301383184012292,0.711238095238095,0.287657557620501
100,93,OAS,5,0.53892490200373,0.872811172783617,5,0.716943247498343,0.0743973170871538,85.7334056283218,0.678095238095238,0.292896926983201,0.702095238095238,0.307110215910019,0.713142857142857,0.298029988930818,0.702095238095238,0.307110215910019,0.713142857142857,0.298029988930818
100,94,empirical,5,0.558176167583687,0.828959834140325,5,0.775498046039862,0.716421246860329,44.2402031000274,0.68,0.178028035828083,0.712,0.244854944228713,0.725714285714286,0.195697406232798,0.712,0.244854944228713,0.725714285714286,0.195697406232798
100,94,OAS,5,0.503227359469023,0.831603441413307,5,0.773791215298076,0.715183515366958,44.3417590702006,0.678095238095238,0.186215551654515,0.714285714285714,0.254152334967795,0.728,0.198034231761868,0.714285714285714,0.254152334967795,0.728,0.198034231761868
100,95,empirical,4,0.537422556858194,0.903064817366278,5,0.701091896615011,0.415389142060263,65.4561749994037,0.635047619047619,0.156338703657239,0.616380952380952,0.134780093971154,0.601142857142857,0.118122688765704,0.625523809523809,0.143091077993881,0.608,0.123791767852046
100,95,OAS,5,0.559452469096127,0.904828388598022,5,0.703798888548509,0.428031230924345,64.6573181502917,0.637333333333333,0.163046108442551,0.624380952380952,0.147082041340878,0.608761904761905,0.121929913949546,0.624380952380952,0.147082041340878,0.608761904761905,0.121929913949546
100,96,empirical,4,0.523227575138315,0.86168562768177,5,0.79876261301823,0.75409410779118,41.0537222542137,0.671619047619048,0.321805382574181,0.660952380952381,0.301764102065449,0.676571428571429,0.209677037361159,0.680380952380952,0.328808803738637,0.683047619047619,0.270503680279948
100,96,OAS,5,0.523735389433298,0.864096541528341,5,0.800102295098289,0.758171743121408,40.6967131796092,0.673904761904762,0.324969732903469,0.686095238095238,0.335592949131204,0.686095238095238,0.270195662807726,0.686095238095238,0.335592949131204,0.686095238095238,0.270195662807726
100,97,empirical,4,0.540500333342455,0.85504249279394,5,0.682750294176103,0.451041868102877,63.1894512046421,0.651047619047619,0.185592744829925,0.583619047619048,0.116204715002791,0.571809523809524,0.118000872852423,0.643809523809524,0.185796185731171,0.637333333333333,0.136179150814169
100,97,OAS,5,0.556806180117142,0.857357180035604,5,0.681644639598654,0.456610994641674,62.8313635444927,0.651809523809524,0.192324383776116,0.646857142857143,0.18906684563158,0.641142857142857,0.136921487169376,0.646857142857143,0.18906684563158,0.641142857142857,0.136921487169376
100,98,empirical,4,0.519947439592704,0.87193113674238,5,0.811774635526785,0.537534667467078,57.4840298456514,0.684190476190476,0.228115684361442,0.662095238095238,0.262047390843913,0.660571428571429,0.291823640560005,0.687619047619048,0.271222495588064,0.679619047619048,0.217127487732678
100,98,OAS,5,0.518871049490024,0.876411797381762,5,0.811199865025886,0.539736960348536,57.3342656064346,0.685714285714286,0.24397297818098,0.693714285714286,0.253548006245248,0.68152380952381,0.21804355071002,0.693714285714286,0.253548006245248,0.68152380952381,0.21804355071002
100,99,empirical,4,0.505752317461662,0.859003529766825,5,0.689231349079071,0.304538969701545,72.2695706225851,0.715428571428571,0.271906956811822,0.736761904761905,0.288740606748898,0.764190476190476,0.311702570596188,0.726095238095238,0.257730130718868,0.732952380952381,0.248262967845288
100,99,OAS,5,0.52759003483077,0.86381136086289,5,0.691826466847774,0.325639960292826,70.9956487104206,0.711619047619048,0.234192933478426,0.728380952380952,0.25535423790584,0.731428571428571,0.250208279406812,0.728380952380952,0.25535423790584,0.731428571428571,0.250208279406812
100,100,empirical,4,0.503373758262015,0.862511426909333,5,0.692054246614377,0.0386735537040417,87.7836158728339,0.653333333333333,0.260726357597632,0.643047619047619,0.213321239615937,0.634666666666667,0.200600500830537,0.630857142857143,0.209463436692691,0.632380952380952,0.22536662599824
100,100,OAS,5,0.518229767495475,0.863375716778858,5,0.691338852324971,0.0502922857768993,87.1172481801419,0.653714285714286,0.220054987491692,0.628190476190476,0.208838540765515,0.630095238095238,0.224091707901831,0.628190476190476,0.208838540765515,0.630095238095238,0.224091707901831
100,101,empirical,4,0.508575164337801,0.790070289160948,5,0.880710170593691,0.828246812238624,34.0809378112514,0.759619047619048,0.292156857883506,0.723428571428571,0.274269518005561,0.71047619047619,0.193908887149341,0.755809523809524,0.275758948014523,0.741714285714286,0.254414169503263
100,101,OAS,5,0.508915557011977,0.794801138973087,5,0.877986241675893,0.82321614444674,34.5919497420606,0.760761904761905,0.298806146009453,0.761523809523809,0.284857619467577,0.744761904761905,0.25555756949199,0.761523809523809,0.284857619467577,0.744761904761905,0.25555756949199
100,102,empirical,4,0.507646721174934,0.873706954996566,5,0.712790628217341,0.175059876898814,79.9178574090414,0.755428571428571,0.236990833625522,0.773714285714286,0.255015043810635,0.780952380952381,0.261342417611511,0.747809523809524,0.261732973271123,0.747047619047619,0.236144277089574
100,102,OAS,5,0.522941138293442,0.876889431257026,5,0.716604480014008,0.209357616127436,77.9152904252216,0.756190476190476,0.242717162544625,0.746666666666667,0.262470688531369,0.744,0.235140813010113,0.746666666666667,0.262470688531369,0.744,0.235140813010113
100,103,empirical,4,0.533929989326533,0.895403430041071,5,0.85675791456187,0.83629367490321,33.2492142623223,0.710857142857143,0.287165259604329,0.684190476190476,0.204973273665059,0.677714285714286,0.172912117417667,0.714285714285714,0.270218344777258,0.715428571428571,0.204716894605652
100,103,OAS,5,0.545503355586983,0.898792356108421,5,0.857909109971151,0.83695608172552,33.179928428586,0.708571428571429,0.253081843911798,0.712761904761905,0.269912972752984,0.71352380952381,0.235274491692456,0.712761904761905,0.269912972752984,0.71352380952381,0.235274491692456
100,104,empirical,4,0.504957577179359,0.865447213146304,5,0.672690706624913,0.0292590659211184,88.3233397226679,0.701333333333333,0.212226009149772,0.708952380952381,0.232506166704864,0.72952380952381,0.305911133649237,0.708190476190476,0.207888244455531,0.720380952380952,0.256204082468086
100,104,OAS,5,0.5240820200644,0.867838881671894,5,0.67495893373828,0.0524756534806219,86.9919849241222,0.699047619047619,0.21123269849522,0.711619047619048,0.209463685085875,0.720761904761905,0.264004455892828,0.711619047619048,0.209463685085875,0.720761904761905,0.264004455892828
100,105,empirical,4,0.51517254739678,0.86171187130129,5,0.69859834948138,0.0644351813993317,86.3055765649762,0.742476190476191,0.27718207228524,0.759619047619048,0.215367636498668,0.766857142857143,0.20744205288042,0.740952380952381,0.212733106170534,0.748571428571429,0.212324397231751
100,105,OAS,5,0.531218841375601,0.863099283986581,5,0.699542913917623,0.0662351208835711,86.2022267954361,0.740952380952381,0.24753475233856,0.744,0.211397664177876,0.745142857142857,0.213408481795111,0.744,0.211397664177876,0.745142857142857,0.213408481795111
100,106,empirical,5,0.543955472801089,0.84828738512949,5,0.740386449138503,0.472529605596495,61.8013756092853,0.680380952380952,0.17620106228925,0.675428571428571,0.189545981825958,0.671619047619048,0.21143552563711,0.675428571428571,0.189545981825958,0.671619047619048,0.21143552563711
100,106,OAS,6,0.543452843659229,0.850883753887336,5,0.744153072451625,0.478530514291255,61.4105285038667,0.680380952380952,0.18128128773363,0.678857142857143,0.159993536566097,0.670857142857143,0.1997516141128,0.673904761904762,0.177097160751221,0.668952380952381,0.220571658856543
100,107,empirical,5,0.558179643243302,0.853189693255827,5,0.75055631555107,0.646512220669697,49.720848508478,0.639238095238095,0.252569607243611,0.638857142857143,0.235035968625436,0.64,0.216140189961691,0.638857142857143,0.235035968625436,0.64,0.216140189961691
100,107,OAS,5,0.502943229700831,0.854930520017321,5,0.748173964649112,0.641824405090442,50.0720042951636,0.640380952380952,0.22768638641008,0.641142857142857,0.219322628866849,0.638476190476191,0.215947577248568,0.641142857142857,0.219322628866849,0.638476190476191,0.215947577248568
100,108,empirical,4,0.513722312803184,0.897135508929392,5,0.722819631101189,0.33188232009837,70.616935457725,0.648,0.249311473982555,0.67847619047619,0.246456714789147,0.676571428571429,0.164222234493251,0.672761904761905,0.243216629397281,0.679619047619048,0.175164273129383
100,108,OAS,5,0.534943388609928,0.897709369409562,5,0.721731697491126,0.320309864762808,71.3183347778954,0.646095238095238,0.24118933723082,0.681904761904762,0.250852270041858,0.683428571428571,0.181188221848195,0.681904761904762,0.250852270041858,0.683428571428571,0.181188221848195
100,109,empirical,4,0.523509622694154,0.88259304456604,5,0.640625958293133,0.0993546946544947,84.2979878516562,0.737904761904762,0.312513324558656,0.724190476190476,0.288222790120905,0.728,0.261590146977807,0.72647619047619,0.319059059906357,0.721904761904762,0.225347073550427
100,109,OAS,5,0.530204705271369,0.884598057097368,5,0.641465851497544,0.0931280590926093,84.6564121848493,0.736380952380952,0.306602740225031,0.724571428571429,0.302384951575964,0.722285714285714,0.22500789238944,0.724571428571429,0.302384951575964,0.722285714285714,0.22500789238944
100,110,empirical,4,0.511595208612527,0.872695700857729,5,0.731995151129774,0.432152506658779,64.3957586235064,0.705904761904762,0.215399825123693,0.699047619047619,0.191489448788283,0.683809523809524,0.147582126756565,0.713142857142857,0.191866841580318,0.710857142857143,0.213188336358798
100,110,OAS,5,0.526333529214891,0.875141606196993,5,0.733243848963382,0.435203120997775,64.2017805146241,0.705904761904762,0.207178707358365,0.715428571428571,0.192417820840738,0.712761904761905,0.214591748760263,0.715428571428571,0.192417820840738,0.712761904761905,0.214591748760263
100,111,empirical,4,0.52078103474955,0.903365744203441,5,0.804748844681635,0.651028099166042,49.380838935228,0.754285714285714,0.316983419475129,0.756571428571429,0.334978306269833,0.754666666666667,0.252353372034604,0.769523809523809,0.328232025690268,0.777142857142857,0.305396818828843
100,111,OAS,5,0.529464744677109,0.907104585197724,5,0.807358921974015,0.651054889061308,49.3788167182151,0.750095238095238,0.318128056008319,0.771809523809524,0.329234943114587,0.780952380952381,0.309869396166929,0.771809523809524,0.329234943114587,0.780952380952381,0.309869396166929
100,112,empirical,4,0.523472685798251,0.922831511588745,5,0.733606342329779,0.537207917465714,57.5062288023278,0.69447619047619,0.248165717180558,0.676571428571429,0.239770161981683,0.678095238095238,0.228742033079509,0.683428571428571,0.280160980887216,0.692190476190476,0.230325952050288
100,112,OAS,5,0.53826410571257,0.922332882817865,5,0.740464037208747,0.548081923073451,56.7644758644641,0.698285714285714,0.239475579344233,0.686095238095238,0.246317533006998,0.694857142857143,0.228511053661342,0.686095238095238,0.246317533006998,0.694857142857143,0.228511053661342
100,113,empirical,4,0.532422238813167,0.89919300869976,5,0.801738014928429,0.640681396055639,50.1573517289685,0.643809523809524,0.291501315981034,0.634666666666667,0.184676273229488,0.631238095238095,0.170399314248097,0.676190476190476,0.290015209089808,0.679238095238095,0.206134286509033
100,113,OAS,5,0.549628741859175,0.90239822943047,5,0.802664648525253,0.641677303981738,50.0829941605649,0.644190476190476,0.26725650873386,0.682285714285714,0.266323519210731,0.683047619047619,0.20748106227816,0.682285714285714,0.266323519210731,0.683047619047619,0.20748106227816
100,114,empirical,4,0.506599239929143,0.858205723733417,5,0.672738630171027,0.163302163596689,80.6013821180481,0.694095238095238,0.216999550722398,0.726095238095238,0.212556704481429,0.746666666666667,0.276392956696197,0.704,0.21154514574777,0.69752380952381,0.190563007305431
100,114,OAS,5,0.520385191246327,0.859510906410879,5,0.673498563360573,0.169554811892178,80.2380641036164,0.691047619047619,0.214514041843713,0.704,0.209657922612289,0.696761904761905,0.192013901462721,0.704,0.209657922612289,0.696761904761905,0.192013901462721
100,115,empirical,4,0.502386900828346,0.878854203571757,5,0.801312086579934,0.608888934660062,52.4907910058843,0.748190476190476,0.332233487334645,0.725333333333333,0.291433713949376,0.721904761904762,0.228711588461334,0.772190476190476,0.323882492215233,0.772952380952381,0.278729616403746
100,115,OAS,5,0.517809500112005,0.881172389962691,5,0.801081024705344,0.604217888557011,52.8274172916461,0.748952380952381,0.356925233346315,0.776,0.325640441668536,0.77447619047619,0.278671399170186,0.776,0.325640441668536,0.77447619047619,0.278671399170186
100,116,empirical,5,0.54089272246456,0.841488538099175,5,0.627914934161852,0.0254895447975927,88.5393984693479,0.653714285714286,0.272743265394128,0.666285714285714,0.286865254019228,0.668952380952381,0.231154290709146,0.666285714285714,0.286865254019228,0.668952380952381,0.231154290709146
100,116,OAS,6,0.548535820264438,0.845113656742205,5,0.627289497954682,0.00887186726239315,89.4916727809075,0.655238095238095,0.239522951150841,0.672761904761905,0.275048430860403,0.669714285714286,0.278551094570723,0.673142857142857,0.278250763991043,0.677333333333333,0.23593438083668
100,117,empirical,4,0.504005221908901,0.884402104738286,5,0.843804955277707,0.800310045469923,36.8402802764999,0.709714285714286,0.199577428889759,0.705904761904762,0.25684897234082,0.693714285714286,0.22741603572873,0.704,0.228340979403937,0.695238095238095,0.187808594304732
100,117,OAS,5,0.511840831310557,0.886807769860953,5,0.843841544900239,0.803778646578165,36.5075332289759,0.710857142857143,0.195124239284188,0.705904761904762,0.209568688457718,0.696380952380952,0.188690206235195,0.705904761904762,0.209568688457718,0.696380952380952,0.188690206235195
100,118,empirical,4,0.510174760311963,0.843276603375804,5,0.671287002362217,0.081307404016162,85.3362806899392,0.640380952380952,0.242601212453349,0.657904761904762,0.198535124152022,0.653714285714286,0.169351833064796,0.662095238095238,0.195528318824156,0.666285714285714,0.21061161058283
100,118,OAS,5,0.514589103558756,0.849316135014675,5,0.67059053256037,0.0808704366876551,85.3613997942995,0.640761904761905,0.213602433546215,0.667428571428571,0.198493951148687,0.67047619047619,0.211916645511091,0.667428571428571,0.198493951148687,0.67047619047619,0.211916645511091
100,119,empirical,4,0.504227562028849,0.86363115467552,5,0.775758601506483,0.700559276867586,45.5281078983484,0.793904761904762,0.402489509447647,0.771047619047619,0.352089173912793,0.767238095238095,0.247858779016246,0.768380952380952,0.370389219906067,0.766857142857143,0.276276376902177
100,119,OAS,5,0.521787635338876,0.86446745135089,5,0.779557235235057,0.70097653562507,45.4945958089978,0.795428571428571,0.397479997823599,0.770285714285714,0.350457339345523,0.766857142857143,0.280413623039712,0.770285714285714,0.350457339345523,0.766857142857143,0.280413623039712
100,120,empirical,4,0.518651567521647,0.887106947123481,5,0.732574353391054,0.297737476174719,72.678238738733,0.647238095238095,0.212991006763618,0.633904761904762,0.171050673025692,0.638857142857143,0.171199318945938,0.648,0.169197867086612,0.649904761904762,0.178546550811274
100,120,OAS,5,0.529435414716569,0.889594842253977,5,0.73389140757053,0.30453406432494,72.2698656957413,0.648,0.19280079004106,0.649142857142857,0.167636937771364,0.648,0.177456162018881,0.649142857142857,0.167636937771364,0.648,0.177456162018881
100,121,empirical,4,0.51144362663552,0.843883705774034,5,0.830264009251147,0.702979420542003,45.3334652024112,0.630857142857143,0.260989948477311,0.610285714285714,0.268068195458794,0.60952380952381,0.218075973210596,0.641523809523809,0.294057868948301,0.639238095238095,0.268842319630513
100,121,OAS,5,0.5198777328019,0.847365359297021,5,0.831345997623366,0.70766548698228,44.9547110211893,0.633142857142857,0.270008907152452,0.646857142857143,0.29510181156519,0.642285714285714,0.27022729367582,0.646857142857143,0.29510181156519,0.642285714285714,0.27022729367582
100,122,empirical,5,0.552697165135125,0.832990854098597,5,0.77957124858914,0.6464809370175,49.7231979403415,0.663619047619048,0.277270616470613,0.625904761904762,0.224108574502459,0.623238095238095,0.224191287873043,0.625904761904762,0.224108574502459,0.623238095238095,0.224191287873043
100,122,OAS,6,0.54899908223443,0.837142594706662,5,0.779709784630607,0.648425009808642,49.5770406490168,0.661333333333333,0.237771556999689,0.595428571428571,0.216761789990206,0.596952380952381,0.220772136878768,0.629714285714286,0.1829983782166,0.624761904761905,0.22492973454534
100,123,empirical,4,0.536829815480867,0.868129311061248,5,0.814435044617225,0.70496801590188,45.173039838551,0.730666666666667,0.289650485967183,0.725714285714286,0.292221977301604,0.738285714285714,0.297667411494512,0.737523809523809,0.294634102103841,0.734095238095238,0.274665713885738
100,123,OAS,5,0.553354897976566,0.868839638362923,5,0.814519295821226,0.705191856981707,45.1549540312057,0.731428571428571,0.241305035009535,0.744380952380952,0.278666612750815,0.739809523809524,0.27822319425596,0.744380952380952,0.278666612750815,0.739809523809524,0.27822319425596
100,124,empirical,5,0.540071070229139,0.852013979101331,5,0.587086487440572,0.00929096673034183,89.4676591597744,0.651428571428571,0.214427302705562,0.630095238095238,0.218603531911989,0.628190476190476,0.195606590513174,0.630095238095238,0.218603531911989,0.628190476190476,0.195606590513174
100,124,OAS,6,0.535269989121062,0.855240194727657,5,0.584553137263787,0.000869450848964547,89.9501841295839,0.651047619047619,0.179795362932375,0.634666666666667,0.162693009203864,0.634285714285714,0.188424772306869,0.634285714285714,0.184933278554868,0.628190476190476,0.197770903511576
100,125,empirical,5,0.563875151493556,0.879529539380738,5,0.658296157925148,0.444750538258625,63.5926206178605,0.684571428571429,0.205918309290336,0.658285714285714,0.170419012076472,0.650285714285714,0.152985336938766,0.658285714285714,0.170419012076472,0.650285714285714,0.152985336938766
100,125,OAS,5,0.518323749455977,0.87993893984525,5,0.660719313162045,0.447184909823271,63.436786373307,0.686095238095238,0.244697527954707,0.658666666666667,0.171769627434881,0.64952380952381,0.15445597521054,0.658666666666667,0.171769627434881,0.64952380952381,0.15445597521054
100,126,empirical,5,0.567700800898253,0.842316086901372,5,0.702424468798503,0.21601066592906,77.5251724009189,0.716190476190476,0.256303346593669,0.714285714285714,0.218118161467197,0.723428571428571,0.177741746557536,0.714285714285714,0.218118161467197,0.723428571428571,0.177741746557536
100,126,OAS,5,0.519775148506746,0.843441063391463,5,0.70444266304924,0.210091257413203,77.8722997858591,0.717714285714286,0.22145043740135,0.720380952380952,0.210681854814156,0.725333333333333,0.177113896724451,0.720380952380952,0.210681854814156,0.725333333333333,0.177113896724451
100,127,empirical,4,0.502656824220024,0.822355189894457,5,0.687509672328992,0.409154128057188,65.8482904813448,0.633904761904762,0.286096287171986,0.618285714285714,0.249242334926952,0.630476190476191,0.189692838888974,0.629333333333333,0.2832869899628,0.634285714285714,0.181779948829495
100,127,OAS,5,0.512563030145472,0.828599421765583,5,0.687239842331031,0.395912861578079,66.6770809322268,0.632380952380952,0.262582153621394,0.630095238095238,0.282964353414216,0.632,0.179995135830016,0.630095238095238,0.282964353414216,0.632,0.179995135830016
100,128,empirical,5,0.560412351378048,0.849254899902461,5,0.674730989318879,0.0867698773623557,85.0221925332893,0.671619047619048,0.19122312794084,0.664380952380952,0.181090504802953,0.650666666666667,0.134135714904522,0.664380952380952,0.181090504802953,0.650666666666667,0.134135714904522
100,128,OAS,5,0.515722874086688,0.849688794411859,5,0.675476950064262,0.0468310048861018,87.3157993199806,0.670857142857143,0.179225165096166,0.667428571428571,0.18270690569925,0.65447619047619,0.138236440891583,0.667428571428571,0.18270690569925,0.65447619047619,0.138236440891583
100,129,empirical,4,0.509929595694935,0.819989764988387,5,0.67514651650389,0.171466513047828,80.1269038271275,0.655619047619048,0.228299854045405,0.646095238095238,0.165580832513954,0.634285714285714,0.130060449771004,0.638095238095238,0.165890422075,0.635428571428571,0.13029293633942
100,129,OAS,5,0.525676394800242,0.821161979993614,5,0.67533600304726,0.160180677007033,80.7826164874505,0.656761904761905,0.194219845122203,0.640761904761905,0.163196825794156,0.635809523809524,0.129014033895712,0.640761904761905,0.163196825794156,0.635809523809524,0.129014033895712
100,130,empirical,4,0.503633334114456,0.865083301622293,5,0.626794863840977,0.325371646852655,71.0119073849224,0.70552380952381,0.244966971884782,0.686095238095238,0.214236406766855,0.673142857142857,0.164873295047934,0.689904761904762,0.244592564333529,0.68952380952381,0.214825171805273
100,130,OAS,5,0.516509306097341,0.868638437279936,5,0.626452483278679,0.322415966682442,71.1909046010736,0.708571428571429,0.242305126883927,0.692190476190476,0.242479216698061,0.691047619047619,0.216437832084938,0.692190476190476,0.242479216698061,0.691047619047619,0.216437832084938
100,131,empirical,4,0.504074892753751,0.864530436037738,5,0.693306629075446,0.58676037611643,54.072549893276,0.581333333333333,0.206686013522588,0.615238095238095,0.219047563952807,0.637333333333333,0.184708021301645,0.608380952380952,0.219794120831542,0.616761904761905,0.206872834445114
100,131,OAS,5,0.528009106900547,0.864241756223018,5,0.694034555868088,0.586284393488798,54.1062215625625,0.582857142857143,0.203873920428181,0.613333333333333,0.220601993798576,0.618285714285714,0.20738008518935,0.613333333333333,0.220601993798576,0.618285714285714,0.20738008518935
100,132,empirical,4,0.541993093303643,0.914535028671154,5,0.745470900455707,0.40376999023165,66.1859286602118,0.66552380952381,0.213734989076697,0.653714285714286,0.200128445472538,0.663238095238095,0.192323308385376,0.646095238095238,0.189061974120095,0.642285714285714,0.170979399977716
100,132,OAS,5,0.557197987230035,0.916666010576179,5,0.746953915528952,0.404063257731565,66.1675606374513,0.664380952380952,0.220062775716549,0.645333333333333,0.175459380634355,0.644190476190476,0.172730201655667,0.645333333333333,0.175459380634355,0.644190476190476,0.172730201655667
100,133,empirical,4,0.516989781202146,0.890641087885508,5,0.734610773936123,0.294745918166701,72.8576978571716,0.654095238095238,0.262595414156144,0.640380952380952,0.212914536969579,0.638095238095238,0.183753712404204,0.657904761904762,0.228615422977712,0.652571428571429,0.207103890962819
100,133,OAS,5,0.531432193070102,0.891984761204932,5,0.733529014666887,0.290962561968065,73.0844080123059,0.652571428571429,0.270581483403523,0.658666666666667,0.232490036342081,0.652952380952381,0.207462440417807,0.658666666666667,0.232490036342081,0.652952380952381,0.207462440417807
100,134,empirical,4,0.523578668639773,0.850904748782952,5,0.720152706473587,0.123562993233588,82.9022219754474,0.678095238095238,0.29216335669021,0.67352380952381,0.239257011586046,0.656,0.184967865739074,0.662095238095238,0.244938164230921,0.668952380952381,0.210540110813143
100,134,OAS,5,0.529066801101247,0.852166192094547,5,0.721254592918805,0.131446322206083,82.4468222636173,0.68152380952381,0.320826515701928,0.664,0.235052816742002,0.67047619047619,0.211052816989089,0.664,0.235052816742002,0.67047619047619,0.211052816989089
100,135,empirical,5,0.553519450725061,0.848665293250579,5,0.762724963371647,0.687922432509868,46.5341244300761,0.715809523809524,0.30163365320449,0.745904761904762,0.311617614403918,0.752,0.324006673750901,0.745904761904762,0.311617614403918,0.752,0.324006673750901
100,135,OAS,6,0.552277574021362,0.850008966570003,5,0.764811144635999,0.688327456695168,46.5021420340502,0.713904761904762,0.240982788875643,0.743619047619048,0.244231046788523,0.747047619047619,0.266345894605997,0.754285714285714,0.316878106547637,0.755047619047619,0.322462147912732
100,136,empirical,5,0.558402704199007,0.840729222707729,5,0.731645190442517,0.550571414632785,56.5937767643865,0.656380952380952,0.268794226243266,0.649904761904762,0.263806685957109,0.651047619047619,0.249691454665235,0.649904761904762,0.263806685957109,0.651047619047619,0.249691454665235
100,136,OAS,5,0.502574737801441,0.845673520625298,5,0.731038015177545,0.545402601394062,56.9478197045912,0.65752380952381,0.248513048536436,0.652190476190476,0.258766308663052,0.648380952380952,0.243866093241583,0.652190476190476,0.258766308663052,0.648380952380952,0.243866093241583
100,137,empirical,4,0.50534026713239,0.845286864631037,5,0.824947714849771,0.795512154255289,37.2963433038579,0.727619047619048,0.320328623873673,0.734857142857143,0.30431705056126,0.763809523809524,0.288449113887117,0.742095238095238,0.319971309651089,0.767238095238095,0.290772490620369
100,137,OAS,5,0.527181508923808,0.848341621943165,5,0.824928596929753,0.796181850659021,37.2329726499535,0.724571428571429,0.296070011776041,0.740571428571429,0.321313742725848,0.769904761904762,0.293839683765197,0.740571428571429,0.321313742725848,0.769904761904762,0.293839683765197
100,138,empirical,4,0.510742628791639,0.863358221032512,5,0.674864351158927,0.11067763142438,83.6456204859627,0.675047619047619,0.241274038514944,0.667428571428571,0.215362748664117,0.666285714285714,0.224227393888563,0.667428571428571,0.246515152699251,0.664380952380952,0.205538947292692
100,138,OAS,5,0.528497270906504,0.865041311831061,5,0.672540604742853,0.0907430296895656,84.7936455258389,0.675428571428571,0.233984473680118,0.671238095238095,0.244279679221257,0.666285714285714,0.200326541433419,0.671238095238095,0.244279679221257,0.666285714285714,0.200326541433419
100,139,empirical,4,0.505019389283333,0.824927064607417,5,0.651299352622195,0.256447705833592,75.1406145338333,0.675809523809524,0.240786682349455,0.660190476190476,0.202393245731616,0.663238095238095,0.195461490148212,0.654857142857143,0.244023419227884,0.657904761904762,0.224222243660701
100,139,OAS,5,0.512216812665329,0.831643681629904,5,0.652710562938412,0.263988337304974,74.6931516922932,0.679238095238095,0.240583841901576,0.655619047619048,0.202268835802794,0.660190476190476,0.2243468430995,0.655619047619048,0.202268835802794,0.660190476190476,0.2243468430995
100,140,empirical,4,0.524482054643322,0.86507105459985,5,0.688362454172437,0.124895198827275,82.8252963116128,0.644952380952381,0.196276125347905,0.683428571428571,0.181077186844981,0.694095238095238,0.167390145265072,0.669333333333333,0.152797520312797,0.673142857142857,0.137576644919557
100,140,OAS,5,0.528261937286425,0.870407257235585,5,0.690028946481695,0.127840899406727,82.6551560939143,0.648380952380952,0.211211134957266,0.67047619047619,0.145389476556452,0.677714285714286,0.140557217744126,0.67047619047619,0.145389476556452,0.677714285714286,0.140557217744126
100,141,empirical,4,0.512905244497256,0.852836279179624,5,0.66725207471196,0.10863241039944,83.7635139726791,0.683047619047619,0.316787372343724,0.687619047619048,0.305646440830209,0.686857142857143,0.198011666302839,0.695619047619048,0.333296619707821,0.696380952380952,0.228308853344537
100,141,OAS,5,0.527907325073322,0.85585254584979,5,0.668982387114979,0.10960575835358,83.7074102274318,0.680761904761905,0.317202983361037,0.69752380952381,0.316745848352146,0.697904761904762,0.225860697811398,0.69752380952381,0.316745848352146,0.697904761904762,0.225860697811398
100,142,empirical,4,0.550345833903162,0.887119194145923,5,0.800516240390738,0.750666417580726,41.3518619461068,0.682285714285714,0.222280862599321,0.668952380952381,0.307259578750368,0.66247619047619,0.311295191646644,0.679619047619048,0.289874394910278,0.668952380952381,0.278251350687845
100,142,OAS,4,0.505640817294082,0.888891513250841,5,0.800445632982336,0.74837330593186,41.5503355699573,0.686095238095238,0.234935914045833,0.674666666666667,0.259663679919171,0.661333333333333,0.290962135865636,0.685714285714286,0.239855575053894,0.676571428571429,0.28088420641331
100,143,empirical,5,0.550793662189181,0.826757119675279,5,0.684119703898407,0.227984630919368,76.8215524748341,0.698285714285714,0.290921203967714,0.675047619047619,0.254565026117789,0.665904761904762,0.21573191854512,0.675047619047619,0.254565026117789,0.665904761904762,0.21573191854512
100,143,OAS,6,0.542100663018265,0.835889899268241,5,0.682607029666696,0.23603616333107,76.3472910817475,0.698285714285714,0.299097573160469,0.691047619047619,0.228672359632345,0.685333333333333,0.21341029924212,0.670857142857143,0.226748638579116,0.665142857142857,0.22354361086932
100,144,empirical,4,0.511560531031537,0.885255897160003,5,0.7245032472269,0.166583137322053,80.4107855055045,0.649142857142857,0.215764031287901,0.629333333333333,0.186022385328255,0.630095238095238,0.176197472589571,0.654095238095238,0.216820395877325,0.653333333333333,0.198926294330065
100,144,OAS,5,0.52600627853324,0.888907259422553,5,0.724188962759784,0.164628130791246,80.5243674819508,0.649142857142857,0.225579426282291,0.659047619047619,0.209747537550166,0.658285714285714,0.199686629406497,0.659047619047619,0.209747537550166,0.658285714285714,0.199686629406497
100,145,empirical,5,0.562711226576946,0.849186666491709,5,0.748932736869618,0.652486530113652,49.2706610079231,0.685714285714286,0.284216289725289,0.691047619047619,0.290769685208857,0.699428571428571,0.270263704042845,0.691047619047619,0.290769685208857,0.699428571428571,0.270263704042845
100,145,OAS,5,0.512959571347122,0.85175854120467,5,0.74648287775555,0.649776072213902,49.4752791941873,0.683809523809524,0.253145246022545,0.691047619047619,0.285328465348262,0.699809523809524,0.269453371100421,0.691047619047619,0.285328465348262,0.699809523809524,0.269453371100421
100,146,empirical,4,0.50842644846634,0.787200986760094,5,0.699470480941197,0.316110033891757,71.5721614681478,0.705904761904762,0.253580768955092,0.692952380952381,0.306294916019087,0.68,0.19100444560316,0.695619047619048,0.300748661379866,0.687619047619048,0.241961193192803
100,146,OAS,5,0.50547308154479,0.793380484369738,5,0.699712226570332,0.321325145767257,71.2569169757376,0.712761904761905,0.268457807557493,0.696,0.313712725275541,0.689904761904762,0.243959966027855,0.696,0.313712725275541,0.689904761904762,0.243959966027855
100,147,empirical,4,0.519603919402965,0.863664396593578,5,0.682123116102099,0.379498318262737,67.6973891972418,0.690666666666667,0.183225468826162,0.687238095238095,0.194676923928515,0.680380952380952,0.155884229823809,0.693333333333333,0.20113892430307,0.68647619047619,0.192646629884441
100,147,OAS,5,0.534036692390749,0.866850372003307,5,0.683016381486903,0.385421926630435,67.3300635213848,0.688380952380952,0.176048825834671,0.693333333333333,0.200372886935612,0.685714285714286,0.223633955890059,0.693333333333333,0.200372886935612,0.685714285714286,0.223633955890059
100,148,empirical,4,0.503426536215366,0.847652289537106,5,0.67717443919383,0.0604667447673906,86.5333960828585,0.602666666666667,0.23211592922243,0.599619047619048,0.242114959032077,0.60152380952381,0.206221965981621,0.607619047619048,0.243388473750293,0.608380952380952,0.158726759255159
100,148,OAS,5,0.515195945268669,0.850031711040253,5,0.675876684960803,0.0409475137892143,87.6532241604327,0.604571428571429,0.220301861541577,0.610666666666667,0.245304026979884,0.608,0.158118417071424,0.610666666666667,0.245304026979884,0.608,0.158118417071424
100,149,empirical,4,0.522216920287167,0.84261876331317,5,0.762965595569216,0.705678545471102,45.1156111912094,0.680380952380952,0.296311389778655,0.679238095238095,0.286062831038098,0.659428571428571,0.23359358463025,0.691428571428571,0.311508972395308,0.686095238095238,0.258769550403928
100,149,OAS,5,0.539283858856606,0.845166143981245,5,0.766221559175886,0.718830107013559,44.0420238124194,0.682666666666667,0.305101048277802,0.698285714285714,0.315835078382635,0.692190476190476,0.260003642240038,0.698285714285714,0.315835078382635,0.692190476190476,0.260003642240038
100,150,empirical,5,0.548805350791135,0.847512323566333,5,0.668383734532157,0.200378310587918,78.4409175281288,0.641904761904762,0.296873475868544,0.648,0.280730001277486,0.640761904761905,0.249218068354748,0.648,0.280730001277486,0.640761904761905,0.249218068354748
100,150,OAS,6,0.555151729374051,0.850014215293907,5,0.674017444233133,0.15981457288486,80.8038664636005,0.639238095238095,0.29985410113892,0.654857142857143,0.26019987105017,0.656,0.277007099289348,0.652952380952381,0.267333809950769,0.648,0.255908725097584
100,151,empirical,4,0.512420477609772,0.88022761965997,5,0.795866754423422,0.68401505642282,46.8418039310743,0.735238095238095,0.292997756600996,0.757333333333333,0.23250475625062,0.774095238095238,0.287470266377801,0.739428571428571,0.226664106399675,0.739428571428571,0.252839878201144
100,151,OAS,5,0.529266845603516,0.880502302877613,5,0.807131432854226,0.719198649318464,44.0116409842027,0.736761904761905,0.281228583897471,0.740190476190476,0.214783938123249,0.745904761904762,0.26162103408664,0.740190476190476,0.214783938123249,0.745904761904762,0.26162103408664
100,152,empirical,5,0.552371538151335,0.880582783310808,5,0.732840352866902,0.566638933724515,55.4838206347738,0.744761904761905,0.237877810427854,0.743619047619048,0.234971323141821,0.744380952380952,0.235696986370859,0.743619047619048,0.234971323141821,0.744380952380952,0.235696986370859
100,152,OAS,5,0.50084826381615,0.883509821674606,5,0.734458756263617,0.57657432449395,54.7900421865397,0.744761904761905,0.236738985550222,0.747428571428571,0.23656874287821,0.747047619047619,0.236199022684171,0.747428571428571,0.23656874287821,0.747047619047619,0.236199022684171
100,153,empirical,5,0.566309975714689,0.81858135740748,5,0.771320771334827,0.620973673808233,51.6127277927371,0.655238095238095,0.207072502618252,0.650285714285714,0.211039336307503,0.654857142857143,0.160269317230603,0.650285714285714,0.211039336307503,0.654857142857143,0.160269317230603
100,153,OAS,5,0.509836248169907,0.818142214174179,5,0.774599080112764,0.63136373992786,50.8491913868851,0.656,0.215422596480556,0.649142857142857,0.179458963098264,0.654095238095238,0.159973813185285,0.649142857142857,0.179458963098264,0.654095238095238,0.159973813185285
100,154,empirical,5,0.565209306335204,0.859390185761087,5,0.748689950290085,0.644333196413381,49.8843007788587,0.625523809523809,0.179374680243694,0.651428571428571,0.176819083554753,0.647238095238095,0.168223123479299,0.651428571428571,0.176819083554753,0.647238095238095,0.168223123479299
100,154,OAS,5,0.514773648867877,0.860914065267882,5,0.753225656259479,0.656143138224118,48.9936143151003,0.627809523809524,0.189328481356777,0.651047619047619,0.174304815728347,0.642666666666667,0.161802169001899,0.651047619047619,0.174304815728347,0.642666666666667,0.161802169001899
100,155,empirical,5,0.539133496062449,0.775515577775153,5,0.789271008993526,0.675794927587536,47.4840886427108,0.732571428571429,0.292005752592892,0.735238095238095,0.326783041740999,0.738666666666667,0.354257995285891,0.735238095238095,0.326783041740999,0.738666666666667,0.354257995285891
100,155,OAS,6,0.551590022932489,0.778811776386866,5,0.776245796510281,0.654725336378877,49.1011732145763,0.732190476190476,0.269411059743135,0.739428571428571,0.29730235805431,0.743619047619048,0.276577893509319,0.736,0.313553133557291,0.744,0.349602812487677
100,156,empirical,4,0.551787129426532,0.846025185126866,5,0.753444939858336,0.631143458487579,50.8654646972617,0.663619047619048,0.174037778455178,0.653333333333333,0.194376841218671,0.663619047619048,0.178025351531393,0.668190476190476,0.203836001574357,0.666285714285714,0.205742415606466
100,156,OAS,4,0.508021741711304,0.848220901293373,5,0.755725784659605,0.634930018937149,50.5852057041922,0.662857142857143,0.178172540589116,0.65752380952381,0.202080663132848,0.66552380952381,0.178752740386016,0.671238095238095,0.203144654517805,0.668571428571429,0.206937802403705
100,157,empirical,4,0.507716969215179,0.878726484623426,5,0.693676983231252,0.16168838371745,80.6950903512934,0.725714285714286,0.285589065296421,0.720761904761905,0.253910285174782,0.704,0.171483485535304,0.715428571428571,0.271467903321962,0.703238095238095,0.19278944797014
100,157,OAS,5,0.52254084718121,0.880449815638573,5,0.691850668496545,0.156258896164889,81.0101846033905,0.726095238095238,0.220563311750668,0.715428571428571,0.209263097298668,0.703619047619048,0.193613816814274,0.715428571428571,0.209263097298668,0.703619047619048,0.193613816814274
100,158,empirical,5,0.552599676607586,0.858713100377471,5,0.743517269364222,0.56390951311849,55.6733998245666,0.625142857142857,0.194820500849913,0.605333333333333,0.181798536138584,0.587809523809524,0.160443443381435,0.605333333333333,0.181798536138584,0.587809523809524,0.160443443381435
100,158,OAS,5,0.502396237429682,0.86129197338897,5,0.742127582315619,0.566929436680572,55.4636176073659,0.627047619047619,0.193066517791352,0.608380952380952,0.192587819927445,0.589333333333333,0.162035720261849,0.608380952380952,0.192587819927445,0.589333333333333,0.162035720261849
100,159,empirical,4,0.505083351064798,0.885939980842158,5,0.8033998125276,0.633143625470197,50.7175637757857,0.744,0.260642022313342,0.711238095238095,0.299500791153948,0.710095238095238,0.304860541078839,0.728761904761905,0.248972878600336,0.727238095238095,0.259060461731125
100,159,OAS,5,0.517242731003205,0.88577202167723,5,0.803629730636132,0.631997201802447,50.8023733478904,0.743619047619048,0.258745451656282,0.72952380952381,0.260692551490325,0.726857142857143,0.247854221565384,0.72952380952381,0.260692551490325,0.726857142857143,0.247854221565384
100,160,empirical,5,0.557298200232035,0.859157492334676,5,0.698055128873818,0.0134596098644424,89.2287978743755,0.674666666666667,0.170112815318039,0.666285714285714,0.145614749206225,0.662095238095238,0.157347921425528,0.666285714285714,0.145614749206225,0.662095238095238,0.157347921425528
100,160,OAS,5,0.502264719110749,0.861174751888447,5,0.70614833972287,0.012904702128385,89.2605945088375,0.681904761904762,0.157399779147969,0.673904761904762,0.145622620699801,0.675428571428571,0.167211844424825,0.673904761904762,0.145622620699801,0.675428571428571,0.167211844424825
100,161,empirical,4,0.525013445240516,0.91473972890341,5,0.723873275918796,0.423668066076572,64.9336145784443,0.725714285714286,0.180595383503849,0.722285714285714,0.171789110288459,0.717714285714286,0.172153456841728,0.722666666666667,0.191267374591973,0.714666666666667,0.195483315740847
100,161,OAS,5,0.537210048226757,0.915824465176904,5,0.724348096355266,0.424784615716284,64.8629689471073,0.723047619047619,0.179072998100726,0.724190476190476,0.194220466029847,0.718095238095238,0.198444389404658,0.724190476190476,0.194220466029847,0.718095238095238,0.198444389404658
100,162,empirical,4,0.515694960058368,0.793362988623391,5,0.634085892777912,0.158097630032055,80.9035069195659,0.658666666666667,0.339955709127373,0.625904761904762,0.226197509164475,0.617523809523809,0.19176688073116,0.627809523809524,0.21727697024683,0.616761904761905,0.210717587147415
100,162,OAS,5,0.518565643654114,0.799656208584288,5,0.635134317581577,0.160821648412316,80.7454091616942,0.661714285714286,0.353481626908622,0.633523809523809,0.212881969768959,0.615619047619048,0.208380775754711,0.633523809523809,0.212881969768959,0.615619047619048,0.208380775754711
100,163,empirical,4,0.506539438078158,0.857799822418175,5,0.598054718057738,0.140155545970646,81.9431528809812,0.59847619047619,0.209587737730018,0.548952380952381,0.116935940146157,0.546285714285714,0.108057606832443,0.547428571428571,0.119582037762035,0.544761904761905,0.117317775057237
100,163,OAS,5,0.525124153019205,0.861867583443775,5,0.598712904816326,0.14194453663357,81.8396161396857,0.598095238095238,0.16844344933544,0.546285714285714,0.116074252624023,0.542857142857143,0.115818959418517,0.546285714285714,0.116074252624023,0.542857142857143,0.115818959418517
100,164,empirical,4,0.500554484419674,0.839980404764092,5,0.71842877542275,0.57443165368911,54.9401597335827,0.673142857142857,0.235285846966063,0.64952380952381,0.166013561977557,0.634285714285714,0.177533960223031,0.659809523809524,0.179452159299366,0.659428571428571,0.192572989343967
100,164,OAS,5,0.513608842960303,0.840048638174844,5,0.716802706951695,0.569426633462271,55.2897471662168,0.671238095238095,0.1821511153306,0.659428571428571,0.162142823341427,0.659428571428571,0.189132629798744,0.659428571428571,0.162142823341427,0.659428571428571,0.189132629798744
100,165,empirical,4,0.518792856229617,0.851105949865939,5,0.646279400926019,0.201750406857265,78.3606632452924,0.660190476190476,0.298604839388364,0.665142857142857,0.277652237011536,0.658666666666667,0.235902490467629,0.664380952380952,0.251408264714772,0.659428571428571,0.263914134791261
100,165,OAS,5,0.531498043294059,0.854823795964606,5,0.648299204869153,0.201853506021179,78.3546320138668,0.662095238095238,0.2442107057746,0.667809523809524,0.249202345874004,0.658666666666667,0.263546393106877,0.667809523809524,0.249202345874004,0.658666666666667,0.263546393106877
100,166,empirical,4,0.509058230843724,0.866531949419797,5,0.719669590199392,0.0474455326638695,87.2805502876194,0.683047619047619,0.292102519887194,0.708952380952381,0.276043013415521,0.705904761904762,0.211420637462987,0.719238095238095,0.260148941577823,0.726095238095238,0.222604269588538
100,166,OAS,5,0.516099758048996,0.870354769996545,5,0.718832007111688,0.0699017569305875,85.9916555174251,0.685333333333333,0.314360113230117,0.727619047619048,0.276782563075409,0.730666666666667,0.229698137822596,0.727619047619048,0.276782563075409,0.730666666666667,0.229698137822596
100,167,empirical,4,0.511760423622998,0.853354153271486,5,0.7797291538277,0.546150179774629,56.8967020155645,0.712761904761905,0.23288768148308,0.691047619047619,0.22013074268897,0.693333333333333,0.229540476809355,0.715047619047619,0.2697106046761,0.712380952380952,0.218947736696674
100,167,OAS,5,0.517842522624697,0.857575876864937,5,0.778463419411777,0.536531184484661,57.5521877239791,0.71352380952381,0.23088762535037,0.716571428571429,0.276412982461651,0.71352380952381,0.222796439253794,0.716571428571429,0.276412982461651,0.71352380952381,0.222796439253794
100,168,empirical,4,0.512440631418289,0.830387487042213,5,0.706609894730101,0.438769613845075,63.9745960153317,0.68152380952381,0.28365935721924,0.679238095238095,0.237323227575814,0.677714285714286,0.170871179127546,0.710095238095238,0.272646849528062,0.696,0.222596864493635
100,168,OAS,5,0.527805206951165,0.833130820069371,5,0.707239589980628,0.441690776690824,63.7881908080319,0.684571428571429,0.252624088880976,0.710857142857143,0.230639686495107,0.700571428571429,0.230656168204461,0.710857142857143,0.230639686495107,0.700571428571429,0.230656168204461
100,169,empirical,4,0.538764353771113,0.816075966530637,5,0.714164052717079,0.473211348062092,61.7570451683803,0.670857142857143,0.209974518605712,0.643047619047619,0.199708858858254,0.636952380952381,0.179255288129801,0.664761904761905,0.200153808271311,0.662857142857143,0.201454085940572
100,169,OAS,5,0.547963702359181,0.820059747973774,5,0.716458611291347,0.474357592819845,61.6824687994922,0.667809523809524,0.181207581332078,0.662857142857143,0.201054245913273,0.663238095238095,0.201404389299774,0.662857142857143,0.201054245913273,0.663238095238095,0.201404389299774
100,170,empirical,4,0.535331212228049,0.877779964746071,5,0.763246099284005,0.124067156140463,82.8731115728331,0.772952380952381,0.232038708834574,0.761523809523809,0.228187745443898,0.756190476190476,0.188170099728457,0.753523809523809,0.226658733358765,0.740952380952381,0.199190591192677
100,170,OAS,5,0.545740398708781,0.879142883386477,5,0.764720182399324,0.146959884546206,81.5492117182111,0.775619047619048,0.243480439148685,0.753142857142857,0.228321827842804,0.742476190476191,0.207481950307348,0.753142857142857,0.228321827842804,0.742476190476191,0.207481950307348
100,171,empirical,5,0.554065878912675,0.894542639320815,5,0.722466995845915,0.356705284576032,69.1020064174975,0.613333333333333,0.26363557572075,0.600761904761905,0.242430667549424,0.603809523809524,0.176034385253258,0.600761904761905,0.242430667549424,0.603809523809524,0.176034385253258
100,171,OAS,5,0.510881241875044,0.894703600187205,5,0.72384290209128,0.365307687613042,68.5734804520945,0.614095238095238,0.230663295211553,0.603428571428571,0.199357370311341,0.604571428571429,0.176456159152922,0.603428571428571,0.199357370311341,0.604571428571429,0.176456159152922
100,172,empirical,5,0.55323855649016,0.794594689166196,5,0.646375393764169,0.266975717343204,74.5156166384708,0.756190476190476,0.424970170929761,0.76,0.346577972426869,0.751238095238095,0.204420298833436,0.76,0.346577972426869,0.751238095238095,0.204420298833436
100,172,OAS,6,0.552383368791849,0.800186329698592,5,0.648442631668049,0.266621113655056,74.5366980861327,0.756571428571429,0.427414701139539,0.757333333333333,0.38879257990295,0.753523809523809,0.274465378424239,0.762285714285714,0.367368112549816,0.750476190476191,0.204792295089012
100,173,empirical,5,0.538370986349684,0.880720999706946,5,0.797219245793958,0.583993550929,54.2680792212838,0.667047619047619,0.191850357153679,0.686095238095238,0.235674354419817,0.692190476190476,0.184000926363936,0.686095238095238,0.235674354419817,0.692190476190476,0.184000926363936
100,173,OAS,6,0.543041954046567,0.883100421210093,5,0.793361876939879,0.571167754565529,55.1683029633724,0.665142857142857,0.19058260429231,0.689142857142857,0.19217046354999,0.684571428571429,0.177348217147544,0.689142857142857,0.212323239676148,0.693333333333333,0.184171463232277
100,174,empirical,5,0.556611688403938,0.844063911961405,5,0.634218894717574,0.250840207828736,75.4727630840573,0.726095238095238,0.294379296481821,0.742857142857143,0.289589341753403,0.747809523809524,0.304666194545707,0.742857142857143,0.289589341753403,0.747809523809524,0.304666194545707
100,174,OAS,5,0.504990019972104,0.84663403709973,5,0.633675673294537,0.256899137543189,75.1138528366002,0.72952380952381,0.274497187328189,0.747047619047619,0.273034798338591,0.752,0.303750425312925,0.747047619047619,0.273034798338591,0.752,0.303750425312925
100,175,empirical,4,0.51822402910059,0.875292069615575,5,0.776548344869114,0.562375914805665,55.77973214629,0.70552380952381,0.261732314389018,0.704761904761905,0.244809379613085,0.697142857142857,0.179350497081897,0.723809523809524,0.337815614937,0.727619047619048,0.245098847557508
100,175,OAS,5,0.526804555267774,0.876866686786775,5,0.777956142741916,0.566256407540765,55.5104159475368,0.704380952380952,0.260454170026686,0.730666666666667,0.340175112282793,0.734857142857143,0.250918302059467,0.730666666666667,0.340175112282793,0.734857142857143,0.250918302059467
100,176,empirical,5,0.564992522482938,0.846877227973949,5,0.697569016291442,0.525780749664075,58.2791821800697,0.671238095238095,0.204771952194226,0.66552380952381,0.205542962898497,0.662857142857143,0.211169600918542,0.66552380952381,0.205542962898497,0.662857142857143,0.211169600918542
100,176,OAS,5,0.512236922365539,0.846838737331986,5,0.697964101885865,0.527867594940618,58.1385102879053,0.668571428571429,0.202335790979029,0.657904761904762,0.200317630254415,0.659809523809524,0.211476273550937,0.657904761904762,0.200317630254415,0.659809523809524,0.211476273550937
100,177,empirical,4,0.500865450726551,0.88340659677116,5,0.693981598411303,0.221676730519544,77.1924654477649,0.704380952380952,0.300151728949104,0.734476190476191,0.334213412877897,0.752,0.269099048335589,0.707809523809524,0.311267071470254,0.708952380952381,0.241893383647147
100,177,OAS,5,0.508280568939532,0.887218919900099,5,0.694443993891771,0.225020093238718,76.9959402799844,0.701714285714286,0.266275835440457,0.703238095238095,0.311624189813791,0.704380952380952,0.243173962614613,0.703238095238095,0.311624189813791,0.704380952380952,0.243173962614613
100,178,empirical,4,0.508895859129193,0.88844887086827,5,0.904824626267748,0.885893686964345,27.6382998660313,0.736380952380952,0.269036036305121,0.730285714285714,0.323717389762462,0.744380952380952,0.270960496962538,0.750857142857143,0.325894010192856,0.760761904761905,0.256207427919659
100,178,OAS,5,0.521577052957136,0.890208942950745,5,0.90613090487369,0.887692527437672,27.4152920887007,0.737142857142857,0.243429376572374,0.754666666666667,0.328565127480341,0.765714285714286,0.256758926719555,0.754666666666667,0.328565127480341,0.765714285714286,0.256758926719555
100,179,empirical,5,0.565352330377162,0.90176488341272,5,0.752147492489995,0.52249189083507,58.5004484708864,0.722285714285714,0.232837876427059,0.731047619047619,0.252256841105124,0.738666666666667,0.254977385312806,0.731047619047619,0.252256841105124,0.738666666666667,0.254977385312806
100,179,OAS,5,0.509753197785588,0.905634942504604,5,0.755520207379386,0.530406738114065,57.9670593972909,0.722666666666667,0.238631822706629,0.735238095238095,0.250621477050092,0.741714285714286,0.25217064313955,0.735238095238095,0.250621477050092,0.741714285714286,0.25217064313955
100,180,empirical,4,0.530206803864562,0.871108836664086,5,0.790642666768334,0.74280705181752,42.0289145106594,0.667428571428571,0.228447690132963,0.633142857142857,0.168105831858915,0.630476190476191,0.158211068393822,0.659047619047619,0.187571306490685,0.649904761904762,0.178083403760846
100,180,OAS,5,0.554246258504179,0.872781430014828,5,0.792046454011167,0.744482220443489,41.8853551535769,0.663619047619048,0.214910762929215,0.660571428571429,0.185561536244463,0.650285714285714,0.170834791774151,0.660571428571429,0.185561536244463,0.650285714285714,0.170834791774151
100,181,empirical,4,0.514564098385134,0.88916094774458,5,0.691697297922315,0.097316220106976,84.4153526902645,0.667047619047619,0.259078916415097,0.630857142857143,0.237158983834591,0.639238095238095,0.167167497189066,0.644190476190476,0.245878437105903,0.652190476190476,0.198729906881968
100,181,OAS,5,0.529762259011422,0.890726817042607,5,0.690360380682648,0.0802355085765991,85.3978971002166,0.667428571428571,0.26337125843233,0.644571428571429,0.226124325396431,0.64952380952381,0.195297555886628,0.644571428571429,0.226124325396431,0.64952380952381,0.195297555886628
100,182,empirical,5,0.562636311154311,0.889558101186649,5,0.733293766350626,0.49317056320662,60.4508126077531,0.630476190476191,0.212538577308655,0.595047619047619,0.210044087690479,0.582095238095238,0.178818313493886,0.595047619047619,0.210044087690479,0.582095238095238,0.178818313493886
100,182,OAS,5,0.511523207159882,0.890728566617241,5,0.738565746786906,0.507273749208618,59.5175944374176,0.632380952380952,0.216022504074174,0.602285714285714,0.212426014362544,0.586285714285714,0.18118444103217,0.602285714285714,0.212426014362544,0.586285714285714,0.18118444103217
100,183,empirical,4,0.509897280214285,0.831855380160699,5,0.701121424972182,0.426086399716672,64.7805516351167,0.684190476190476,0.213200878379573,0.711619047619048,0.250483788280415,0.707809523809524,0.170871425525241,0.694095238095238,0.226714344799451,0.686095238095238,0.172186020069071
100,183,OAS,5,0.530599590061828,0.834294287201424,5,0.700746099094733,0.420648802398015,65.1244441284988,0.683047619047619,0.205803047140805,0.695619047619048,0.229307523136208,0.687619047619048,0.174849840866745,0.695619047619048,0.229307523136208,0.687619047619048,0.174849840866745
100,184,empirical,5,0.564615675366,0.823081263367844,5,0.713657986694356,0.644732050468851,49.8544114929771,0.763047619047619,0.227091722394379,0.764571428571429,0.19888583670283,0.751238095238095,0.183641653863049,0.764571428571429,0.19888583670283,0.751238095238095,0.183641653863049
100,184,OAS,5,0.508152873828921,0.827281992065679,5,0.71615827918921,0.64869184792609,49.5569547271251,0.763047619047619,0.233621170321458,0.766857142857143,0.204976145530146,0.752761904761905,0.184516524000558,0.766857142857143,0.204976145530146,0.752761904761905,0.184516524000558
100,185,empirical,5,0.563720642300146,0.866094555761131,5,0.71947818116985,0.414757616919142,65.4959466043742,0.645714285714286,0.195487219716069,0.662095238095238,0.264144190534299,0.659047619047619,0.173138072798907,0.662095238095238,0.264144190534299,0.659047619047619,0.173138072798907
100,185,OAS,5,0.516599792676522,0.868955110288811,5,0.729124613513609,0.451328080058588,63.1710758375549,0.648,0.184198714040198,0.663238095238095,0.238486187863538,0.660571428571429,0.173170587790479,0.663238095238095,0.238486187863538,0.660571428571429,0.173170587790479
100,186,empirical,4,0.527029053507148,0.899406456805189,5,0.823311597846841,0.770788603363513,39.5752423478233,0.70247619047619,0.290145107619454,0.665904761904762,0.285791466770013,0.67047619047619,0.229308626478998,0.723047619047619,0.346552808242017,0.724952380952381,0.281237327110637
100,186,OAS,5,0.544442416506188,0.900930336311984,5,0.824802624002954,0.776522640439755,39.0567149188867,0.702095238095238,0.293060792735421,0.728,0.348483813893171,0.729142857142857,0.285876198708307,0.728,0.348483813893171,0.729142857142857,0.285876198708307
100,187,empirical,4,0.515640272090468,0.811574310995639,5,0.709566727192351,0.198651181225474,78.5419051393669,0.644571428571429,0.222032150424884,0.633523809523809,0.253322452703158,0.623238095238095,0.220241151098887,0.636952380952381,0.248830574450636,0.638857142857143,0.246365418564674
100,187,OAS,5,0.519931482735464,0.817013738534819,5,0.709340304241042,0.190217053761978,79.0345485244996,0.646857142857143,0.223850971803622,0.638476190476191,0.221643437036687,0.641904761904762,0.243083968083844,0.638476190476191,0.221643437036687,0.641904761904762,0.243083968083844
100,188,empirical,4,0.511569744159156,0.891347916037913,5,0.871688293283326,0.855140275837893,31.2247646911287,0.731428571428571,0.190774625169487,0.723047619047619,0.169991145465924,0.716952380952381,0.211335275319008,0.715428571428571,0.171593303446561,0.716571428571429,0.157775176482616
100,188,OAS,5,0.526173103112251,0.893130732590639,5,0.871858800319283,0.85534086049554,31.2025879964285,0.732571428571429,0.17872695826385,0.717333333333333,0.168804119157464,0.716952380952381,0.158575851030139,0.717333333333333,0.168804119157464,0.716952380952381,0.158575851030139
100,189,empirical,4,0.510340655203986,0.885318881846851,5,0.69243713244056,0.0697845637515904,85.9983866294514,0.650285714285714,0.243470394855918,0.659809523809524,0.207020297280215,0.64647619047619,0.140866844030466,0.643047619047619,0.21914616684692,0.633523809523809,0.17167344654148
100,189,OAS,5,0.517755652414676,0.887350137997699,5,0.691249683994828,0.0699469252318734,85.9890612143116,0.652571428571429,0.240323643905525,0.637333333333333,0.202594563107233,0.635428571428571,0.183455270687492,0.637333333333333,0.202594563107233,0.635428571428571,0.183455270687492
100,190,empirical,5,0.556891976579957,0.860093514764223,5,0.669316425256214,0.0991488118784859,84.3098426003635,0.688380952380952,0.218074614952788,0.666666666666667,0.225262246096329,0.670857142857143,0.187045624328133,0.666666666666667,0.225262246096329,0.670857142857143,0.187045624328133
100,190,OAS,5,0.506327283027177,0.862037292183338,5,0.665158378282849,0.0956787500207631,84.5096127161825,0.690285714285714,0.206788337213611,0.671619047619048,0.231405120451402,0.672380952380952,0.183507550291748,0.671619047619048,0.231405120451402,0.672380952380952,0.183507550291748
100,191,empirical,4,0.512044513038225,0.849526083970835,5,0.670754126314339,0.0159861270306647,89.0840233736312,0.684571428571429,0.272009618852165,0.634285714285714,0.212377403131717,0.617904761904762,0.369982886118805,0.643428571428571,0.224398531547304,0.643809523809524,0.345675047544678
100,191,OAS,5,0.524994210774687,0.853376897741737,5,0.671470708054507,0.00949687679983921,89.4558608612257,0.684952380952381,0.266560530945511,0.644952380952381,0.221845988307601,0.644571428571429,0.346740397844838,0.644952380952381,0.221845988307601,0.644571428571429,0.346740397844838
100,192,empirical,4,0.504292442223454,0.870181562107713,5,0.713147003706136,0.584108509978529,54.2599647320714,0.699809523809524,0.261123747515555,0.683809523809524,0.228474616334998,0.676190476190476,0.165236864729055,0.693714285714286,0.239963654497326,0.689904761904762,0.200817187966881
100,192,OAS,5,0.514732205144216,0.872972133650006,5,0.714634973628847,0.585563436132397,54.1571958306142,0.704761904761905,0.254418080770412,0.695238095238095,0.23509227168515,0.688,0.195447003381437,0.695238095238095,0.23509227168515,0.688,0.195447003381437
100,193,empirical,4,0.504408696692814,0.89165409159898,5,0.76510241685075,0.482129880952006,61.175399468978,0.691047619047619,0.220144939102619,0.679238095238095,0.260345916654394,0.70247619047619,0.227853019854944,0.693333333333333,0.253835636993521,0.701714285714286,0.309797639782474
100,193,OAS,5,0.516597673624356,0.893776325630831,5,0.768180342179773,0.491220619348561,60.5791590421576,0.690285714285714,0.230330124598408,0.694857142857143,0.264850864180794,0.701714285714286,0.310879358244668,0.694857142857143,0.264850864180794,0.701714285714286,0.310879358244668
100,194,empirical,4,0.521281271330312,0.864973078420309,5,0.735248665109544,0.483462531422959,61.088209326851,0.72647619047619,0.326940351398163,0.724571428571429,0.309420334231456,0.742857142857143,0.280965957436371,0.714666666666667,0.323917489729891,0.712761904761905,0.263322855681215
100,194,OAS,5,0.531867786374805,0.868582450891627,5,0.736388167956665,0.483488034753031,61.0865400290833,0.723047619047619,0.326421975737393,0.714666666666667,0.310845583430162,0.712380952380952,0.26417168017853,0.714666666666667,0.310845583430162,0.712380952380952,0.26417168017853
100,195,empirical,4,0.503262524900438,0.870157068062827,5,0.811342974532431,0.780344815283553,38.7078427864008,0.673904761904762,0.304909677004703,0.700190476190476,0.254471355066197,0.707809523809524,0.211152686250785,0.720761904761905,0.286278482954768,0.718857142857143,0.252512387063973
100,195,OAS,5,0.526848523843489,0.872165579743425,5,0.814422602654745,0.791951352666144,37.6317558157305,0.670095238095238,0.303867981657631,0.72647619047619,0.278399478466819,0.724952380952381,0.249686900072953,0.72647619047619,0.278399478466819,0.724952380952381,0.249686900072953
100,196,empirical,4,0.52893427714652,0.869653190568043,5,0.80943093402787,0.772478247418623,39.4230421044588,0.744380952380952,0.259356782568031,0.757714285714286,0.236620598093671,0.761904761904762,0.237652248056185,0.762666666666667,0.271882091336838,0.772952380952381,0.27902774018421
100,196,OAS,5,0.5463142363243,0.869982110599361,5,0.807798832102164,0.768023516624735,39.8232673754761,0.744761904761905,0.223859172934489,0.766857142857143,0.260663578098545,0.773333333333333,0.279668806430328,0.766857142857143,0.260663578098545,0.773333333333333,0.279668806430328
100,197,empirical,4,0.521566970224697,0.762950132748975,5,0.716383372463408,0.36167406604572,68.796958203775,0.711238095238095,0.267587173252223,0.706666666666667,0.270795409273988,0.717714285714286,0.226853342354718,0.724571428571429,0.301564630868411,0.732190476190476,0.309010694724
100,197,OAS,5,0.518666876223492,0.772168641499036,5,0.71779284974319,0.365686375774936,68.5501704583783,0.71352380952381,0.27171277463942,0.731809523809524,0.31535979825951,0.737904761904762,0.305953212402923,0.731809523809524,0.31535979825951,0.737904761904762,0.305953212402923
100,198,empirical,5,0.563782889925972,0.893261950688239,5,0.74033554212958,0.325024347955287,71.0329498915849,0.709714285714286,0.328951790533999,0.704,0.264343255133727,0.699047619047619,0.202772192041356,0.704,0.264343255133727,0.699047619047619,0.202772192041356
100,198,OAS,5,0.505897443562939,0.89746092981144,5,0.740541844581113,0.32394792104889,71.0981527097522,0.711238095238095,0.292515080683633,0.709714285714286,0.27215055827474,0.699047619047619,0.192510206569016,0.709714285714286,0.27215055827474,0.699047619047619,0.192510206569016
100,199,empirical,4,0.541548385353646,0.874324554842604,5,0.748086267549295,0.465621572470867,62.2495434297405,0.699428571428571,0.269657781567361,0.700571428571429,0.242700143794154,0.692952380952381,0.181032017502296,0.716190476190476,0.280257732895123,0.713904761904762,0.26713261197703
100,199,OAS,5,0.557936028694566,0.877624252603586,5,0.747210916980989,0.466343676710445,62.2027827900351,0.697904761904762,0.236542316960911,0.716952380952381,0.237750129890632,0.715428571428571,0.234740300859779,0.716952380952381,0.237750129890632,0.715428571428571,0.234740300859779
200,0,empirical,5,0.543420110552465,0.91066846872854,5,0.764912509346534,0.445425493345063,63.5494350809873,0.692571428571429,0.275269290424313,0.712761904761905,0.259225662854239,0.713904761904762,0.237558575876181,0.712761904761905,0.259225662854239,0.713904761904762,0.237558575876181
200,0,OAS,5,0.515293621565329,0.911182843671133,5,0.766566334990376,0.450068345783786,63.2519309709204,0.689904761904762,0.278392480872175,0.71352380952381,0.22460010731915,0.715047619047619,0.237373819196199,0.71352380952381,0.22460010731915,0.715047619047619,0.237373819196199
200,1,empirical,5,0.558100659997082,0.928393409352351,5,0.876302590580538,0.82689505174737,34.2189065864852,0.763047619047619,0.276580113720424,0.754666666666667,0.267133236017212,0.751238095238095,0.25184977711585,0.754666666666667,0.267133236017212,0.751238095238095,0.25184977711585
200,1,OAS,5,0.53174064071337,0.928634850651935,5,0.876550232626374,0.826217635229738,34.2878643016389,0.763809523809524,0.280445267909669,0.754285714285714,0.268939385315765,0.750095238095238,0.251173907538924,0.754285714285714,0.268939385315765,0.750095238095238,0.251173907538924
200,2,empirical,5,0.556072403086015,0.916996680182131,5,0.757773698173597,0.0980932972528543,84.3706154002199,0.710095238095238,0.264191533300903,0.714285714285714,0.203643641061217,0.709333333333333,0.173335419489688,0.714285714285714,0.203643641061217,0.709333333333333,0.173335419489688
200,2,OAS,5,0.528902628199438,0.917376337877853,5,0.757294614340308,0.0952140001686137,84.5363630481716,0.710095238095238,0.264708052774384,0.718095238095238,0.199100302985856,0.711619047619048,0.170115266177862,0.718095238095238,0.199100302985856,0.711619047619048,0.170115266177862
200,3,empirical,5,0.55567686019835,0.954238125855651,5,0.822891523144572,0.707189307379072,44.9933126387346,0.669714285714286,0.295890103392112,0.684190476190476,0.31628340074544,0.695619047619048,0.300863144404428,0.684190476190476,0.31628340074544,0.695619047619048,0.300863144404428
200,3,OAS,5,0.533153191895068,0.954292362669326,5,0.823837040655126,0.707699857787466,44.9519237355764,0.670857142857143,0.274816241309952,0.685714285714286,0.298045728839797,0.698285714285714,0.300386907685218,0.685714285714286,0.298045728839797,0.698285714285714,0.300386907685218
200,4,empirical,5,0.550061263950014,0.92627467446977,5,0.840872574245058,0.721114565348394,43.8534221555995,0.719238095238095,0.247091866011726,0.742095238095238,0.261918401815389,0.738666666666667,0.217382097930472,0.742095238095238,0.261918401815389,0.738666666666667,0.217382097930472
200,4,OAS,5,0.527356205963443,0.926099717006303,5,0.841450895063087,0.720644104308553,43.8923154854244,0.717714285714286,0.246945007217446,0.745523809523809,0.265731919737423,0.740190476190476,0.218895284365609,0.745523809523809,0.265731919737423,0.740190476190476,0.218895284365609
200,5,empirical,5,0.543159617257611,0.924757793261514,5,0.842063712812317,0.672382606947073,47.7487770440615,0.745142857142857,0.221664072562678,0.752380952380952,0.265931838411282,0.750857142857143,0.197778495198316,0.752380952380952,0.265931838411282,0.750857142857143,0.197778495198316
200,5,OAS,5,0.521538020094191,0.925380641831455,5,0.842083469849417,0.672343988891118,47.7517662198315,0.745904761904762,0.219841108982009,0.753904761904762,0.268082272746846,0.751619047619048,0.197548938943794,0.753904761904762,0.268082272746846,0.751619047619048,0.197548938943794
200,6,empirical,5,0.539247381980923,0.911912416293789,5,0.840238165836551,0.762903145266202,40.2791944417384,0.720761904761905,0.263147509459256,0.728,0.240302840045888,0.722666666666667,0.178165272383206,0.728,0.240302840045888,0.722666666666667,0.178165272383206
200,6,OAS,5,0.511712790824006,0.914470294409672,5,0.844591499522674,0.777986946212518,38.9233701684219,0.718857142857143,0.255030874367329,0.731047619047619,0.241389978395632,0.725714285714286,0.178881759197728,0.731047619047619,0.241389978395632,0.725714285714286,0.178881759197728
200,7,empirical,5,0.544015176865417,0.939784889798668,5,0.785547621543698,0.42290885895416,64.9816273904945,0.743619047619048,0.301016865350199,0.723428571428571,0.332399174820807,0.723428571428571,0.260472481726965,0.723428571428571,0.332399174820807,0.723428571428571,0.260472481726965
200,7,OAS,5,0.519385718914911,0.941016590341473,5,0.786262366492904,0.427986463048163,64.6601562589546,0.742095238095238,0.290872892001729,0.722666666666667,0.324273073432217,0.723047619047619,0.255424411665864,0.722666666666667,0.324273073432217,0.723047619047619,0.255424411665864
200,8,empirical,5,0.541383727892021,0.917497058527646,5,0.844798533816701,0.803015617378405,36.5809547488644,0.684571428571429,0.256696431204737,0.659809523809524,0.265932372836178,0.664,0.245674030753835,0.659809523809524,0.265932372836178,0.664,0.245674030753835
200,8,OAS,5,0.515926085266837,0.918504813517214,5,0.84570181063083,0.80242651287525,36.6375539712606,0.684571428571429,0.260358470711391,0.662857142857143,0.272347611551378,0.663238095238095,0.245626051968556,0.662857142857143,0.272347611551378,0.663238095238095,0.245626051968556
200,9,empirical,5,0.536482192731604,0.918088414754163,5,0.743230814193956,0.061144567824562,86.4944876865138,0.753523809523809,0.275787643137588,0.759238095238095,0.290411161090743,0.763428571428571,0.291361750399506,0.759238095238095,0.290411161090743,0.763428571428571,0.291361750399506
200,9,OAS,5,0.5077373752557,0.91928687337891,5,0.743806298491847,0.0555696601419513,86.8144520796757,0.751619047619048,0.279127837654253,0.760761904761905,0.293823383733752,0.765714285714286,0.293420502253335,0.760761904761905,0.293823383733752,0.765714285714286,0.293420502253335
200,10,empirical,5,0.534469044822666,0.915226110651848,5,0.880254305551044,0.827485307419647,34.1587217803668,0.725333333333333,0.360273450380569,0.746285714285714,0.361323594593325,0.766095238095238,0.374020114402794,0.746285714285714,0.361323594593325,0.766095238095238,0.374020114402794
200,10,OAS,5,0.505747330623447,0.915750983042248,5,0.880999237061903,0.82839165888074,34.0661247697424,0.725714285714286,0.364092846351667,0.747428571428571,0.363018996605372,0.768,0.381599647975583,0.747428571428571,0.363018996605372,0.768,0.381599647975583
200,11,empirical,5,0.53987655729532,0.899738875985776,5,0.80235345658998,0.620531273957843,51.6450587002781,0.736380952380952,0.296982461698318,0.735619047619048,0.283431713017137,0.744761904761905,0.283829283864197,0.735619047619048,0.283431713017137,0.744761904761905,0.283829283864197
200,11,OAS,5,0.515997549760237,0.899868344508741,5,0.803066290791403,0.622679124954071,51.4879565856242,0.735619047619048,0.287772292577418,0.734476190476191,0.282616933953568,0.746285714285714,0.285509780127591,0.734476190476191,0.282616933953568,0.746285714285714,0.285509780127591
200,12,empirical,5,0.536336145585478,0.928654095972917,5,0.851503495947086,0.769286555689437,39.7101346631646,0.724571428571429,0.252780451875776,0.707809523809524,0.258003593390427,0.698666666666667,0.209728440185592,0.707809523809524,0.258003593390427,0.698666666666667,0.209728440185592
200,12,OAS,5,0.513722189877106,0.929931285456223,5,0.853174052896585,0.774167971773667,39.2703411897855,0.724190476190476,0.25169112725704,0.71047619047619,0.25972583971405,0.702095238095238,0.211970507046332,0.71047619047619,0.25972583971405,0.702095238095238,0.211970507046332
200,13,empirical,5,0.553720569743744,0.927768811207775,5,0.817256817462834,0.617125664873193,51.8934622265706,0.689142857142857,0.245969168513295,0.679619047619048,0.247100115653472,0.675428571428571,0.177884427169314,0.679619047619048,0.247100115653472,0.675428571428571,0.177884427169314
200,13,OAS,5,0.527694519925064,0.928664593420725,5,0.81991786689386,0.630202550963293,50.9349320399129,0.689904761904762,0.247373396762145,0.683047619047619,0.213835315373429,0.676571428571429,0.177789360435578,0.683047619047619,0.213835315373429,0.676571428571429,0.177789360435578
200,14,empirical,5,0.536194611540812,0.892805311708591,5,0.733887939614794,0.232108506481035,76.5787598124577,0.731047619047619,0.227133354225483,0.716952380952381,0.206435411987734,0.712761904761905,0.240714018434661,0.716952380952381,0.206435411987734,0.712761904761905,0.240714018434661
200,14,OAS,5,0.511686163689329,0.894736842105263,5,0.732806006505725,0.224398653299161,77.0324806562473,0.731809523809524,0.22268527955234,0.716571428571429,0.206497877341077,0.711619047619048,0.234293840688841,0.716571428571429,0.206497877341077,0.711619047619048,0.234293840688841
200,15,empirical,5,0.537447511800102,0.92317092906787,5,0.834034362740844,0.62288851685181,51.4726225305511,0.71047619047619,0.305568320732514,0.724952380952381,0.293339066810185,0.727238095238095,0.187178069902295,0.724952380952381,0.293339066810185,0.727238095238095,0.187178069902295
200,15,OAS,5,0.510603704167203,0.923492850800649,5,0.836158474965276,0.629373536656908,50.9960816841935,0.708952380952381,0.298752458289113,0.729142857142857,0.284024175284863,0.731809523809524,0.193006281040562,0.729142857142857,0.284024175284863,0.731809523809524,0.193006281040562
200,16,empirical,5,0.556230428418755,0.925060469673311,5,0.744070567888806,0.39172569019104,66.9380804218035,0.688761904761905,0.296101390376783,0.688,0.229663660336263,0.68952380952381,0.23637019239814,0.688,0.229663660336263,0.68952380952381,0.23637019239814
200,16,OAS,5,0.528494699702999,0.92632716170881,5,0.745293463766856,0.397005691392994,66.6088772566072,0.687619047619048,0.263344783947493,0.688761904761905,0.225219011496082,0.691809523809524,0.231712862834983,0.688761904761905,0.225219011496082,0.691809523809524,0.231712862834983
200,17,empirical,5,0.549962215411032,0.924965992643039,5,0.75943208615007,0.49586714564363,60.2730528303967,0.739428571428571,0.312694747810997,0.744380952380952,0.278236250448023,0.746666666666667,0.222962044965048,0.744380952380952,0.278236250448023,0.746666666666667,0.222962044965048
200,17,OAS,5,0.523723579011813,0.925599338660788,5,0.756774019765022,0.489304890145865,60.7050957438299,0.737904761904762,0.290083529744788,0.740190476190476,0.241174163743013,0.743238095238095,0.201365568002599,0.740190476190476,0.241174163743013,0.743238095238095,0.201365568002599
200,18,empirical,5,0.528437828521334,0.922420361549598,5,0.786840022576806,0.624906660347314,51.3246631007753,0.685333333333333,0.326920746831028,0.707047619047619,0.320271381830946,0.706285714285714,0.227828698739931,0.707047619047619,0.320271381830946,0.706285714285714,0.227828698739931
200,18,OAS,5,0.501639516267943,0.923288150568393,5,0.788468092851288,0.631990463087959,50.8028715583986,0.686095238095238,0.313027248711954,0.711238095238095,0.322234491515882,0.712,0.229821053766489,0.711238095238095,0.322234491515882,0.712,0.229821053766489
200,19,empirical,5,0.543358921135651,0.919773255127347,5,0.772197663629822,0.402453860008021,66.268328989076,0.675809523809524,0.245288542781231,0.686095238095238,0.275450663795097,0.683809523809524,0.215574126686067,0.686095238095238,0.275450663795097,0.683809523809524,0.215574126686067
200,19,OAS,5,0.516547481785755,0.920250889002611,5,0.771542192837001,0.395218586478133,66.7203925642733,0.673904761904762,0.24584256841423,0.687619047619048,0.265985979863209,0.683809523809524,0.215205183888885,0.687619047619048,0.265985979863209,0.683809523809524,0.215205183888885
200,20,empirical,4,0.504272155107575,0.885506086332761,5,0.792757053187734,0.689772842134265,46.3878699556486,0.675428571428571,0.281566988796437,0.663238095238095,0.276803626500147,0.653714285714286,0.200325211218697,0.681142857142857,0.273344454533082,0.685714285714286,0.243249723045756
200,20,OAS,5,0.529328366219595,0.888100705515972,5,0.797926230201855,0.697236850587816,45.7942656136953,0.674285714285714,0.286209099185636,0.683428571428571,0.275526574111386,0.686857142857143,0.24367088421254,0.683428571428571,0.275526574111386,0.686857142857143,0.24367088421254
200,21,empirical,5,0.555202613936797,0.929957529075744,5,0.746412825740868,0.0189840734071194,88.9122273711552,0.688,0.292000387863197,0.694857142857143,0.318555032296545,0.68952380952381,0.220445235809998,0.694857142857143,0.318555032296545,0.68952380952381,0.220445235809998
200,21,OAS,5,0.532403769832643,0.93084106426625,5,0.746099097830624,0.0184992938275797,88.9400080747537,0.687619047619048,0.276894365536728,0.697904761904762,0.317741477360852,0.691047619047619,0.221020108540425,0.697904761904762,0.317741477360852,0.691047619047619,0.221020108540425
200,22,empirical,4,0.51139348227769,0.895849571572911,5,0.85602409152615,0.785222822662003,38.2587086685737,0.678095238095238,0.298746626534856,0.672761904761905,0.280332100938892,0.675047619047619,0.20641292348464,0.682666666666667,0.273183090140461,0.684190476190476,0.238521345794022
200,22,OAS,5,0.543442903543639,0.897609643655386,5,0.857064224504762,0.785974556146907,38.1890971613994,0.68,0.306163597345883,0.686857142857143,0.250671226775809,0.686095238095238,0.238905213320138,0.686857142857143,0.250671226775809,0.686095238095238,0.238905213320138
200,23,empirical,5,0.536760581586105,0.900076543890267,5,0.89416967338504,0.876828158859015,28.7379184509461,0.68952380952381,0.236420454610573,0.667047619047619,0.216805196382586,0.66247619047619,0.20947974015461,0.667047619047619,0.216805196382586,0.66247619047619,0.20947974015461
200,23,OAS,5,0.508309862738985,0.90137472826919,5,0.895569231094423,0.880193900363686,28.3342376433848,0.690285714285714,0.232050758508965,0.669333333333333,0.216597327157431,0.664380952380952,0.208012327051938,0.669333333333333,0.216597327157431,0.664380952380952,0.208012327051938
200,24,empirical,5,0.530843496723989,0.918427832233288,5,0.768864691884317,0.0235295704882391,88.6517304882708,0.724190476190476,0.250396535333112,0.730666666666667,0.226769059995813,0.733714285714286,0.22018737531061,0.730666666666667,0.226769059995813,0.733714285714286,0.22018737531061
200,24,OAS,5,0.50247367474925,0.919148656982771,5,0.769005551104343,0.0110480022439402,89.3669832214282,0.723809523809524,0.237667135093712,0.729142857142857,0.226879438255818,0.733714285714286,0.210567692497047,0.729142857142857,0.226879438255818,0.733714285714286,0.210567692497047
200,25,empirical,5,0.539020942560266,0.927229942220298,5,0.853643521618799,0.798923714348067,36.9725527936878,0.696380952380952,0.325258399354219,0.728761904761905,0.338049351657079,0.737904761904762,0.309739247423442,0.728761904761905,0.338049351657079,0.737904761904762,0.309739247423442
200,25,OAS,5,0.512313125916768,0.927397901385226,5,0.854241123372104,0.801018206737402,36.7725557660658,0.694857142857143,0.326091582944105,0.729904761904762,0.316216720607884,0.740571428571429,0.31075514991105,0.729904761904762,0.316216720607884,0.740571428571429,0.31075514991105
200,26,empirical,5,0.532248958190507,0.888888014101572,5,0.724783598486878,0.262332095250122,74.7915144628534,0.772571428571429,0.223261113543378,0.762666666666667,0.250882720613489,0.752380952380952,0.24469527582962,0.762666666666667,0.250882720613489,0.752380952380952,0.24469527582962
200,26,OAS,5,0.508114956033938,0.890140709539993,5,0.725786261037996,0.267739033728651,74.4702296264908,0.773714285714286,0.224878788021102,0.766095238095238,0.252648006496046,0.752380952380952,0.244983058717179,0.766095238095238,0.252648006496046,0.752380952380952,0.244983058717179
200,27,empirical,5,0.54951494709372,0.937029309749067,5,0.879877484303724,0.769382580736461,39.701522526272,0.705904761904762,0.255865522243665,0.723809523809524,0.286407734969626,0.728,0.268844196811614,0.723809523809524,0.286407734969626,0.728,0.268844196811614
200,27,OAS,5,0.523458137896441,0.937867355999073,5,0.880198333159076,0.770195995785816,39.6285076340683,0.706666666666667,0.245575277021189,0.723428571428571,0.253675223044633,0.727238095238095,0.268572050989202,0.723428571428571,0.253675223044633,0.727238095238095,0.268572050989202
200,28,empirical,5,0.535249862748322,0.927089976249524,5,0.727015473041982,0.520479518859593,58.6355778278644,0.668190476190476,0.307484384592791,0.634285714285714,0.246071784184425,0.633523809523809,0.205007733954037,0.634285714285714,0.246071784184425,0.633523809523809,0.205007733954037
200,28,OAS,5,0.510337695266818,0.927700577797023,5,0.726899966040106,0.522655980783281,58.489421344459,0.667809523809524,0.325310855233727,0.633142857142857,0.24519652400276,0.633142857142857,0.203363779686834,0.633142857142857,0.24519652400276,0.633142857142857,0.203363779686834
200,29,empirical,5,0.553596703359467,0.924700057298569,5,0.796814025763121,0.635116413810495,50.5713808036021,0.700190476190476,0.28583611118767,0.691428571428571,0.241815823565886,0.693714285714286,0.222574965281513,0.691428571428571,0.241815823565886,0.693714285714286,0.222574965281513
200,29,OAS,5,0.526785675009627,0.92511995521089,5,0.796781309210011,0.634809130275571,50.5941705461082,0.701333333333333,0.297529589467021,0.692952380952381,0.248521101117701,0.694857142857143,0.222391300835708,0.692952380952381,0.248521101117701,0.694857142857143,0.222391300835708
200,30,empirical,5,0.547298039758799,0.933218736194763,5,0.787748232298325,0.650204073546288,49.4430100888295,0.693333333333333,0.166291975991964,0.716190476190476,0.205198943802129,0.712,0.184651123964293,0.716190476190476,0.205198943802129,0.712,0.184651123964293
200,30,OAS,5,0.522996104513238,0.933374448337248,5,0.788036791472501,0.65128513298091,49.3614343876627,0.694857142857143,0.168711827382404,0.72152380952381,0.204411776171254,0.713142857142857,0.183096934457213,0.72152380952381,0.204411776171254,0.713142857142857,0.183096934457213
200,31,empirical,5,0.536531528140992,0.905795903370993,5,0.722524124185608,0.0842352091922524,85.1679521405712,0.723428571428571,0.226964195815266,0.720761904761905,0.223379709021355,0.723047619047619,0.249633713370134,0.720761904761905,0.223379709021355,0.723047619047619,0.249633713370134
200,31,OAS,5,0.507711647784812,0.908205067642929,5,0.722460629514537,0.0736953386970948,85.7737367451022,0.723809523809524,0.228481545833014,0.72,0.22322381669659,0.723047619047619,0.25218810228709,0.72,0.22322381669659,0.723047619047619,0.25218810228709
200,32,empirical,5,0.533758257972117,0.898255236695579,5,0.758958249340985,0.449501573259766,63.2882900947906,0.739047619047619,0.229206138975631,0.776761904761905,0.274522029963046,0.779047619047619,0.215862502441367,0.776761904761905,0.274522029963046,0.779047619047619,0.215862502441367
200,32,OAS,5,0.507787238434611,0.898127517747248,5,0.759116358042486,0.450398360285104,63.2307547957039,0.739428571428571,0.218758450126524,0.77752380952381,0.275584530995639,0.781333333333333,0.217648093713865,0.77752380952381,0.275584530995639,0.781333333333333,0.217648093713865
200,33,empirical,5,0.554677493722701,0.937569928311179,5,0.699247882562121,0.42051710714872,65.1327610730974,0.717333333333333,0.326205026182843,0.704,0.241239351539349,0.698666666666667,0.216180801090954,0.704,0.241239351539349,0.698666666666667,0.216180801090954
200,33,OAS,5,0.529086410923231,0.938609175644172,5,0.700969133125674,0.428877868782383,64.6036320641226,0.716952380952381,0.31958772647349,0.704380952380952,0.245583346206852,0.698666666666667,0.21693262453466,0.704380952380952,0.245583346206852,0.698666666666667,0.21693262453466
200,34,empirical,5,0.531469515856339,0.907706438872049,5,0.744518806413504,0.0389739717258175,87.7663902011414,0.72952380952381,0.295649214655567,0.744,0.252076756047322,0.748190476190476,0.271430728497952,0.744,0.252076756047322,0.748190476190476,0.271430728497952
200,34,OAS,5,0.500860367244503,0.909384280946695,5,0.744264793146036,0.0290933717792453,88.3328373409909,0.731428571428571,0.304964928800497,0.746285714285714,0.253243322472404,0.750095238095238,0.272054752801372,0.746285714285714,0.253243322472404,0.750095238095238,0.272054752801372
200,35,empirical,5,0.540100343656612,0.905299024174748,5,0.813532002208468,0.592080593192639,53.695207167949,0.59847619047619,0.154569119934988,0.637714285714286,0.185425996666528,0.637714285714286,0.211890813564391,0.637714285714286,0.185425996666528,0.637714285714286,0.211890813564391
200,35,OAS,5,0.516087612176171,0.906264789373084,5,0.813536968591646,0.591115876720022,53.7637657559929,0.597714285714286,0.15443318195172,0.640761904761905,0.187607765022779,0.640761904761905,0.213211267419077,0.640761904761905,0.187607765022779,0.640761904761905,0.213211267419077
200,36,empirical,4,0.500832470655275,0.940358750278839,5,0.716017999012413,0.524040154317294,58.3963506352608,0.70247619047619,0.230694606928247,0.688,0.195088982745126,0.708190476190476,0.216415089208276,0.680380952380952,0.186974853966886,0.687619047619048,0.170517905101131
200,36,OAS,5,0.534945161339246,0.940510963272055,5,0.716202062383351,0.523043225672723,58.4633926621044,0.701714285714286,0.223871645859762,0.681904761904762,0.187463052966565,0.685714285714286,0.167000403866533,0.681904761904762,0.187463052966565,0.685714285714286,0.167000403866533
200,37,empirical,5,0.549435374375458,0.912134612272391,5,0.781926388634903,0.535178768702487,57.6439641225367,0.736380952380952,0.253475432585721,0.745523809523809,0.247927913885509,0.735619047619048,0.275458091350343,0.745523809523809,0.247927913885509,0.735619047619048,0.275458091350343
200,37,OAS,5,0.523656276553281,0.913142367261959,5,0.783443604984213,0.54094909126967,57.2517290023204,0.737904761904762,0.256659928841865,0.744380952380952,0.244817521579824,0.735619047619048,0.275610370509051,0.744380952380952,0.244817521579824,0.735619047619048,0.275610370509051
200,38,empirical,4,0.500396584169489,0.920392604548019,5,0.772316448284218,0.502933494907939,59.8057310182354,0.68152380952381,0.270379541708024,0.653333333333333,0.219504277900873,0.646095238095238,0.187726073753481,0.668190476190476,0.238420422468475,0.667809523809524,0.203009733226233
200,38,OAS,5,0.538032990407027,0.92025788730115,5,0.772871520405452,0.50905590209117,59.3990357037382,0.67847619047619,0.263899761907942,0.668571428571429,0.211081845678908,0.665142857142857,0.202122462514965,0.668571428571429,0.211081845678908,0.665142857142857,0.202122462514965
200,39,empirical,5,0.545923742435677,0.924862767739593,5,0.782987063553726,0.507461071895117,59.5051394904785,0.672761904761905,0.210185615306369,0.661714285714286,0.235558145748442,0.661333333333333,0.170701939119001,0.661714285714286,0.235558145748442,0.661333333333333,0.170701939119001
200,39,OAS,5,0.518864772478814,0.925363146085108,5,0.779912205076148,0.497212177751809,60.1842700742312,0.671619047619048,0.210638973412203,0.663238095238095,0.237515957483754,0.66552380952381,0.175896254910576,0.663238095238095,0.237515957483754,0.66552380952381,0.175896254910576
200,40,empirical,5,0.554154048524762,0.905489727809926,5,0.8857237914897,0.82181313848738,34.7332900945587,0.668952380952381,0.279193462533925,0.68647619047619,0.287827363556425,0.697142857142857,0.244515341428615,0.68647619047619,0.287827363556425,0.697142857142857,0.244515341428615
200,40,OAS,5,0.525825901721598,0.906091581484252,5,0.887731650993858,0.82509207842742,34.4021722208024,0.666666666666667,0.261931278535392,0.687619047619048,0.255373544997166,0.701714285714286,0.246093482668524,0.687619047619048,0.255373544997166,0.701714285714286,0.246093482668524
200,41,empirical,4,0.503119524220889,0.927630594811637,5,0.871554074526723,0.757885688590096,40.7218422593659,0.655238095238095,0.282797234978749,0.663238095238095,0.1816278445644,0.673904761904762,0.165226236054835,0.685714285714286,0.258147496134426,0.697904761904762,0.232441812942132
200,41,OAS,5,0.534975252934637,0.928780065346613,5,0.872201419713424,0.757338000292145,40.7699194382862,0.655619047619048,0.284899028275315,0.688380952380952,0.26002565564761,0.700190476190476,0.23359252209419,0.688380952380952,0.26002565564761,0.700190476190476,0.23359252209419
200,42,empirical,5,0.54481670466766,0.912271079093895,5,0.867065811748632,0.844087682517348,32.425680034364,0.772952380952381,0.293748328871011,0.773714285714286,0.281398351242692,0.761142857142857,0.256096912727431,0.773714285714286,0.281398351242692,0.761142857142857,0.256096912727431
200,42,OAS,5,0.520338765257445,0.913626999435762,5,0.86734583444054,0.845169967944196,32.309848889445,0.772571428571429,0.29398073450443,0.77447619047619,0.273433644146315,0.762285714285714,0.257541396814434,0.77447619047619,0.273433644146315,0.762285714285714,0.257541396814434
200,43,empirical,5,0.55933999750443,0.917143644451443,5,0.771485551084091,0.572709740469969,55.0605988165465,0.717333333333333,0.304341240335759,0.716571428571429,0.24006630665296,0.717714285714286,0.254497887432445,0.716571428571429,0.24006630665296,0.717714285714286,0.254497887432445
200,43,OAS,5,0.535247015236709,0.917724503230152,5,0.772946255734336,0.572015236726865,55.1091257693504,0.72,0.322861918181626,0.72,0.241461543842347,0.717714285714286,0.252718065187507,0.72,0.241461543842347,0.717714285714286,0.252718065187507
200,44,empirical,4,0.504329056152098,0.931323946865418,5,0.781225582828088,0.642080209467997,50.0528890486985,0.667428571428571,0.29350011117366,0.660571428571429,0.227208333373999,0.665904761904762,0.165436095589329,0.656380952380952,0.223207023831434,0.666666666666667,0.192330544580813
200,44,OAS,5,0.534232867131657,0.932499661019915,5,0.780799404868577,0.642051477814787,50.0550363173949,0.667047619047619,0.273518160104239,0.659047619047619,0.222968172226269,0.668952380952381,0.193597325804736,0.659047619047619,0.222968172226269,0.668952380952381,0.193597325804736
200,45,empirical,5,0.559770461340479,0.946651970239735,5,0.854766861497512,0.666515286613338,48.2013206859526,0.682285714285714,0.215655059480107,0.696,0.250982533566932,0.705904761904762,0.227055129510067,0.696,0.250982533566932,0.705904761904762,0.227055129510067
200,45,OAS,5,0.536025597166953,0.94772970821469,5,0.855157655799191,0.667502896041969,48.1253715572987,0.681904761904762,0.209712242727106,0.69447619047619,0.248651134518367,0.707047619047619,0.227518915930455,0.69447619047619,0.248651134518367,0.707047619047619,0.227518915930455
200,46,empirical,5,0.551038101840655,0.897083021690352,5,0.752149741100178,0.501592082127091,59.8946126767563,0.663238095238095,0.231080073710779,0.654095238095238,0.230139293110498,0.662857142857143,0.197601150382519,0.654095238095238,0.230139293110498,0.662857142857143,0.197601150382519
200,46,OAS,5,0.521901518485503,0.898855340795269,5,0.752243974305118,0.500644070221655,59.9573795010401,0.663238095238095,0.231042608407232,0.657904761904762,0.233210099378357,0.664,0.190753384569653,0.657904761904762,0.233210099378357,0.664,0.190753384569653
200,47,empirical,5,0.553011713609278,0.892731829573935,5,0.803672194931714,0.652900227353576,49.2393748237083,0.632,0.270294686506409,0.651809523809524,0.256545286850523,0.648761904761905,0.26967588708254,0.651809523809524,0.256545286850523,0.648761904761905,0.26967588708254
200,47,OAS,5,0.526491186415088,0.893699344346906,5,0.803806914825635,0.652693213561826,49.2550322467714,0.631619047619048,0.270442259845174,0.652571428571429,0.251363890451985,0.650285714285714,0.270566649851347,0.652571428571429,0.251363890451985,0.650285714285714,0.270566649851347
200,48,empirical,5,0.554975886130308,0.92963385776833,5,0.771681333921654,0.5875131353416,54.0192693708944,0.68152380952381,0.300577915875122,0.716571428571429,0.31526416309283,0.715428571428571,0.229709943148012,0.716571428571429,0.31526416309283,0.715428571428571,0.229709943148012
200,48,OAS,5,0.532727595954712,0.930191972076789,5,0.772768544395046,0.589155445851728,53.9029010426379,0.680761904761905,0.308941129119884,0.71847619047619,0.3138129775092,0.715809523809524,0.229874836935774,0.71847619047619,0.3138129775092,0.715809523809524,0.229874836935774
200,49,empirical,5,0.556939417426577,0.94368819080861,5,0.865576153876014,0.782859620890289,38.4768495584526,0.710095238095238,0.245881818940508,0.724571428571429,0.245488672461839,0.725333333333333,0.219661060291621,0.724571428571429,0.245488672461839,0.725333333333333,0.219661060291621
200,49,OAS,5,0.532885899840621,0.944391519811746,5,0.865926963678736,0.782423669382322,38.5169769264171,0.710095238095238,0.212981461772266,0.726095238095238,0.245575699570173,0.724952380952381,0.219269488487004,0.726095238095238,0.245575699570173,0.724952380952381,0.219269488487004
200,50,empirical,5,0.536735320276235,0.902993084806257,5,0.696435806147596,0.164352209401646,80.5403949273922,0.668952380952381,0.280194042037796,0.665142857142857,0.246223633250989,0.665904761904762,0.229217601649473,0.665142857142857,0.246223633250989,0.665904761904762,0.229217601649473
200,50,OAS,5,0.511517694814682,0.903985093624113,5,0.695977971702919,0.155483543779557,81.0551587252975,0.670095238095238,0.281957327312903,0.667428571428571,0.248350171011493,0.668952380952381,0.23114101416945,0.667428571428571,0.248350171011493,0.668952380952381,0.23114101416945
200,51,empirical,5,0.552572216459814,0.926890524741172,5,0.824372153263358,0.634575302515464,50.6115074382221,0.693714285714286,0.249723731243758,0.697142857142857,0.238766290297516,0.700952380952381,0.211679332238397,0.697142857142857,0.238766290297516,0.700952380952381,0.211679332238397
200,51,OAS,5,0.525979261940171,0.928213203164981,5,0.823734350518939,0.633893430883942,50.662039460517,0.692571428571429,0.23714860526435,0.701714285714286,0.244510698313377,0.703238095238095,0.212026825366337,0.701714285714286,0.244510698313377,0.703238095238095,0.212026825366337
200,52,empirical,5,0.540272444860699,0.861983055369663,5,0.797271867481052,0.576292038469582,54.8098352613385,0.683428571428571,0.207245846332215,0.70552380952381,0.215576579404669,0.709333333333333,0.233896950830381,0.70552380952381,0.215576579404669,0.709333333333333,0.233896950830381
200,52,OAS,5,0.505491662285588,0.865085051196928,5,0.797414853075574,0.577304274826528,54.7388378021697,0.684190476190476,0.206320061877019,0.71047619047619,0.218110359062586,0.71352380952381,0.236634098718697,0.71047619047619,0.218110359062586,0.71352380952381,0.236634098718697
200,53,empirical,5,0.537155894232843,0.934396199923894,5,0.759250670806086,0.000948706764402211,89.9456430982503,0.68647619047619,0.287327665930393,0.679238095238095,0.254456520901318,0.690666666666667,0.252069751557532,0.679238095238095,0.254456520901318,0.690666666666667,0.252069751557532
200,53,OAS,5,0.508202178856192,0.935215000852918,5,0.759326856035497,0.0165319113016913,89.052748103817,0.68647619047619,0.289717073684302,0.680761904761905,0.254875358301908,0.690666666666667,0.249802910686221,0.680761904761905,0.254875358301908,0.690666666666667,0.249802910686221
200,54,empirical,5,0.518033781097399,0.892658347439279,5,0.734643344368907,0.414596350719387,65.5061006600511,0.700571428571429,0.182592169955989,0.684571428571429,0.176708394452198,0.685333333333333,0.15350943408268,0.684571428571429,0.176708394452198,0.685333333333333,0.15350943408268
200,54,OAS,6,0.544168854663497,0.894610872731567,5,0.736556709258928,0.41551410676069,65.4483035947211,0.699047619047619,0.184907564095337,0.660571428571429,0.176159468342803,0.648761904761905,0.142036529537365,0.68647619047619,0.178038210028722,0.68647619047619,0.154368540038446
200,55,empirical,5,0.560972058421599,0.905430242272348,5,0.86177042528095,0.785336438890406,38.2481945406494,0.733333333333333,0.30857765369236,0.744380952380952,0.286810863499497,0.737142857142857,0.208949537647975,0.744380952380952,0.286810863499497,0.737142857142857,0.208949537647975
200,55,OAS,5,0.53283318752394,0.906814155808369,5,0.862192347308365,0.784990276391819,38.2802210437886,0.733714285714286,0.275789100579241,0.747047619047619,0.278428169085484,0.737523809523809,0.214479921684748,0.747047619047619,0.278428169085484,0.737523809523809,0.214479921684748
200,56,empirical,5,0.547174525113107,0.913950670743176,5,0.72548788116526,0.201294475368616,78.3873333624588,0.761142857142857,0.30855328396391,0.76,0.320331579332907,0.752380952380952,0.279162869154532,0.76,0.320331579332907,0.752380952380952,0.279162869154532
200,56,OAS,5,0.520860343745285,0.915625013668552,5,0.725985383502381,0.209923238642844,77.8821461273922,0.76,0.284718947730604,0.758857142857143,0.319811023336924,0.752761904761905,0.279815246783067,0.758857142857143,0.319811023336924,0.752761904761905,0.279815246783067
200,57,empirical,5,0.540214062704471,0.924707055597108,5,0.824366502448649,0.617153363326862,51.8914453276242,0.744761904761905,0.311874112518044,0.77447619047619,0.338479038013242,0.767238095238095,0.303687644600337,0.77447619047619,0.338479038013242,0.767238095238095,0.303687644600337
200,57,OAS,5,0.515614546067683,0.924451617700447,5,0.828245255442946,0.628885188420834,51.0320784320473,0.744761904761905,0.281918595398348,0.778666666666667,0.319256435702601,0.772571428571429,0.305710278167702,0.778666666666667,0.319256435702601,0.772571428571429,0.305710278167702
200,58,empirical,5,0.555905582206421,0.900272496249349,5,0.746807642495128,0.497789066976505,60.1461666675894,0.669714285714286,0.319921060042904,0.665142857142857,0.264167445948878,0.669333333333333,0.278093501721708,0.665142857142857,0.264167445948878,0.669333333333333,0.278093501721708
200,58,OAS,5,0.528011284532124,0.902286256653851,5,0.748130105168364,0.504986341340191,59.6695543247139,0.672380952380952,0.323731377899751,0.668190476190476,0.276662181941289,0.668190476190476,0.279954463551807,0.668190476190476,0.276662181941289,0.668190476190476,0.279954463551807
200,59,empirical,4,0.506207242539396,0.955300117658894,5,0.729059855136493,0.162455207003374,80.6505659537307,0.696,0.204396917118781,0.703619047619048,0.198435173861721,0.709333333333333,0.233243983629039,0.696380952380952,0.204684815333232,0.697142857142857,0.230491726020226
200,59,OAS,5,0.540356330947657,0.955996448363492,5,0.730187256202844,0.166208912172397,80.432530169542,0.695238095238095,0.198197383125687,0.698285714285714,0.20948881360695,0.699047619047619,0.237538490792939,0.698285714285714,0.20948881360695,0.699047619047619,0.237538490792939
200,60,empirical,5,0.545617412923989,0.886650308143833,5,0.737484586057946,0.39169521073862,66.9399784391227,0.694857142857143,0.234751587846569,0.699809523809524,0.243253355391166,0.708190476190476,0.22620503403797,0.699809523809524,0.243253355391166,0.708190476190476,0.22620503403797
200,60,OAS,5,0.517271986094143,0.886622314949678,5,0.738884484969195,0.398636051766094,66.5070608599634,0.696761904761905,0.200284160074171,0.70247619047619,0.224722217349664,0.71047619047619,0.229840014131521,0.70247619047619,0.224722217349664,0.71047619047619,0.229840014131521
200,61,empirical,4,0.505142535963102,0.942795907744929,5,0.855441013117565,0.761375777547619,40.4143660315777,0.759619047619048,0.207542694802338,0.736380952380952,0.203348537208624,0.737142857142857,0.203554807898815,0.768380952380952,0.21932774570465,0.778285714285714,0.26128311007219
200,61,OAS,5,0.541924700794724,0.944048603183351,5,0.855637112329456,0.761609985728721,40.3936630170464,0.758857142857143,0.210437881829943,0.772190476190476,0.220762383561955,0.778666666666667,0.260996752270289,0.772190476190476,0.220762383561955,0.778666666666667,0.260996752270289
200,62,empirical,5,0.548669786566384,0.902462963691952,5,0.834566036150353,0.682147177227587,46.9883402454486,0.650285714285714,0.300060181112949,0.67847619047619,0.291758497089185,0.683428571428571,0.275884627591741,0.67847619047619,0.291758497089185,0.683428571428571,0.275884627591741
200,62,OAS,5,0.522042107060124,0.904132057893425,5,0.835268436603317,0.682157155084313,46.987558405912,0.651428571428571,0.302377515998338,0.676571428571429,0.288230219327712,0.686095238095238,0.27847266328782,0.676571428571429,0.288230219327712,0.686095238095238,0.27847266328782
200,63,empirical,5,0.551106575040389,0.94416057595997,5,0.822833667597234,0.726903294565418,43.3725893581685,0.688761904761905,0.280719193585358,0.724952380952381,0.311405030219938,0.733714285714286,0.260353128735911,0.724952380952381,0.311405030219938,0.733714285714286,0.260353128735911
200,63,OAS,5,0.526769458965505,0.944610216641079,5,0.823875346809943,0.727766385510344,43.300532349886,0.689142857142857,0.268023946283966,0.726095238095238,0.290656867725612,0.735238095238095,0.259709092134303,0.726095238095238,0.290656867725612,0.735238095238095,0.259709092134303
200,64,empirical,5,0.551626479222689,0.929406413065824,5,0.746419310620957,0.330681914570477,70.6898298536806,0.677333333333333,0.295644667818709,0.67352380952381,0.247518924464887,0.691809523809524,0.239144800905235,0.67352380952381,0.247518924464887,0.691809523809524,0.239144800905235
200,64,OAS,5,0.527839284559859,0.930561132324704,5,0.747115208593758,0.331987248274636,70.6105621652817,0.675428571428571,0.27468023713741,0.674666666666667,0.247351667766103,0.693333333333333,0.238108002247209,0.674666666666667,0.247351667766103,0.693333333333333,0.238108002247209
200,65,empirical,5,0.534875025476094,0.896689367397552,5,0.788874351645849,0.610011425654699,52.4096708813597,0.710857142857143,0.264215607124032,0.711238095238095,0.256423316681481,0.706285714285714,0.198187780702722,0.711238095238095,0.256423316681481,0.706285714285714,0.198187780702722
200,65,OAS,5,0.502908544095869,0.898162509239941,5,0.791650272662811,0.617828245242367,51.8422856970276,0.711619047619048,0.231419810038553,0.712380952380952,0.216433529060116,0.707809523809524,0.195839221423864,0.712380952380952,0.216433529060116,0.707809523809524,0.195839221423864
200,66,empirical,5,0.536560337360575,0.91668525589716,5,0.73361012192991,0.139807164434141,81.9633121582216,0.699047619047619,0.265949375466779,0.702095238095238,0.298664369975601,0.700190476190476,0.213543255441222,0.702095238095238,0.298664369975601,0.700190476190476,0.213543255441222
200,66,OAS,5,0.510801184365996,0.918186390933704,5,0.732992958564874,0.133050389686948,82.3541015544015,0.699809523809524,0.241842108020422,0.70552380952381,0.300544006655235,0.70247619047619,0.214147727086179,0.70552380952381,0.300544006655235,0.70247619047619,0.214147727086179
200,67,empirical,5,0.542764730417631,0.929016257922293,5,0.803302092174386,0.659899910769562,48.7077601345749,0.69752380952381,0.221694047800093,0.723047619047619,0.223276965510598,0.748571428571429,0.252680137945425,0.723047619047619,0.223276965510598,0.748571428571429,0.252680137945425
200,67,OAS,5,0.516527845273758,0.929815813530336,5,0.805928230616831,0.672164931709564,47.7656240362514,0.699047619047619,0.215606854739876,0.734095238095238,0.227560221276645,0.755428571428571,0.256457873762093,0.734095238095238,0.227560221276645,0.755428571428571,0.256457873762093
200,68,empirical,5,0.54892681716851,0.926873028994826,5,0.85793418793637,0.710118604329217,44.7554338783277,0.705904761904762,0.25117000561395,0.707809523809524,0.250444026021608,0.695619047619048,0.190485866953205,0.707809523809524,0.250444026021608,0.695619047619048,0.190485866953205
200,68,OAS,5,0.520612878286051,0.927501126288671,5,0.859558208399686,0.717368395642815,44.1623644626221,0.707809523809524,0.255513278779051,0.707428571428571,0.221270848730238,0.69447619047619,0.189481200286942,0.707428571428571,0.221270848730238,0.69447619047619,0.189481200286942
200,69,empirical,4,0.502058718548297,0.921167666111177,5,0.803609948146604,0.529857861676988,58.0041483823378,0.653333333333333,0.232387313724871,0.67352380952381,0.258797732852625,0.675428571428571,0.177838816768384,0.666285714285714,0.270042639394024,0.66552380952381,0.252775044671466
200,69,OAS,5,0.540552869202556,0.921571817851785,5,0.803677966623857,0.531948361186766,57.8628074950962,0.655238095238095,0.234331949913332,0.667047619047619,0.259772273461005,0.664380952380952,0.251776223129061,0.667047619047619,0.259772273461005,0.664380952380952,0.251776223129061
200,70,empirical,5,0.534505256201674,0.920896482042803,5,0.730390147744338,0.0352776131234707,87.9783221757329,0.71352380952381,0.312640820897125,0.71847619047619,0.262259245987867,0.716190476190476,0.204094237081831,0.71847619047619,0.262259245987867,0.716190476190476,0.204094237081831
200,70,OAS,5,0.507641520951768,0.921515831463475,5,0.731001472040708,0.0505559987833672,87.1021192922724,0.713904761904762,0.281904733109579,0.725333333333333,0.257276743228892,0.723428571428571,0.206572850456913,0.725333333333333,0.257276743228892,0.723428571428571,0.206572850456913
200,71,empirical,5,0.550981945500304,0.926587848329375,5,0.713089265914785,0.188333266660525,79.1444684971116,0.712,0.306717313884543,0.718095238095238,0.285835840473523,0.717333333333333,0.275901135031735,0.718095238095238,0.285835840473523,0.717333333333333,0.275901135031735
200,71,OAS,5,0.526580297192917,0.926944761554847,5,0.713260889978151,0.192288678443033,78.9136209221499,0.712,0.3083854318286,0.719238095238095,0.28619940974637,0.719238095238095,0.276308249800688,0.719238095238095,0.28619940974637,0.719238095238095,0.276308249800688
200,72,empirical,4,0.500022376268814,0.953141142559715,5,0.825628358167672,0.590028522358198,53.8409677399571,0.723428571428571,0.303974439562619,0.740952380952381,0.331493079790827,0.761142857142857,0.256172875744195,0.733333333333333,0.316025000769244,0.731428571428571,0.237447105356825
200,72,OAS,5,0.538681746612264,0.953624025158883,5,0.825242112526076,0.588766103259129,53.9305040459406,0.722666666666667,0.303719590235294,0.734857142857143,0.285264668801382,0.731428571428571,0.237609594051228,0.734857142857143,0.285264668801382,0.731428571428571,0.237609594051228
200,73,empirical,5,0.536045074504602,0.917509305550088,5,0.74252626103312,0.357656238497401,69.0436728076437,0.709333333333333,0.246475861895136,0.72,0.267733644108937,0.699809523809524,0.161048167200798,0.72,0.267733644108937,0.699809523809524,0.161048167200798
200,73,OAS,5,0.5107336091721,0.91868327012995,5,0.745827915337116,0.374770381071973,67.9898783004661,0.710095238095238,0.242812051150252,0.722666666666667,0.268883183854099,0.701714285714286,0.161192423617039,0.722666666666667,0.268883183854099,0.701714285714286,0.161192423617039
200,74,empirical,5,0.538382445295483,0.908847161533852,5,0.732480072025176,0.481780560981829,61.1982420335453,0.70247619047619,0.334349596575334,0.669714285714286,0.28308537182941,0.658666666666667,0.274776587866619,0.669714285714286,0.28308537182941,0.658666666666667,0.274776587866619
200,74,OAS,5,0.513384412415943,0.908929391541682,5,0.731935698020925,0.47673598143656,61.5275600918715,0.702095238095238,0.319450746096773,0.669333333333333,0.282668954264024,0.656,0.274476242132012,0.669333333333333,0.282668954264024,0.656,0.274476242132012
200,75,empirical,5,0.550399842582695,0.933341206419189,5,0.842014264742157,0.705882963843379,45.0990784289555,0.68647619047619,0.255971147619296,0.713142857142857,0.263806247849453,0.704761904761905,0.215163373014517,0.713142857142857,0.263806247849453,0.704761904761905,0.215163373014517
200,75,OAS,5,0.522307686400649,0.934014792653536,5,0.842967174523334,0.708835345593102,44.8597653173997,0.684571428571429,0.259127981589583,0.712,0.262961389783213,0.703619047619048,0.21586822271171,0.712,0.262961389783213,0.703619047619048,0.21586822271171
200,76,empirical,5,0.555366541739568,0.924852270291785,5,0.717254563283201,0.278557306559809,73.8258808838999,0.718095238095238,0.294366221728702,0.712761904761905,0.255056475490838,0.708571428571429,0.237154594209544,0.712761904761905,0.255056475490838,0.708571428571429,0.237154594209544
200,76,OAS,5,0.531314597116691,0.92527391777874,5,0.717470312181889,0.281499169775373,73.6502997639673,0.71847619047619,0.297175773461255,0.714285714285714,0.257222664585376,0.71047619047619,0.237510238406408,0.714285714285714,0.257222664585376,0.71047619047619,0.237510238406408
200,77,empirical,5,0.519705945190596,0.919064677400307,5,0.778562766039771,0.646659897063464,49.7097567690762,0.689904761904762,0.225171841904989,0.701714285714286,0.279572314056041,0.700571428571429,0.245251575040322,0.701714285714286,0.279572314056041,0.700571428571429,0.245251575040322
200,77,OAS,6,0.546512772130245,0.920719775004702,5,0.779505656446936,0.651216518237156,49.3666149506776,0.689904761904762,0.225413610611294,0.717333333333333,0.284621204856914,0.725714285714286,0.252328731655703,0.703238095238095,0.274200956549346,0.702095238095238,0.240958171834758
200,78,empirical,5,0.542251024870033,0.900953080782235,5,0.885598836251538,0.814673365460283,35.444922199498,0.742095238095238,0.321559922510402,0.737142857142857,0.271422267552395,0.747809523809524,0.291626630663338,0.737142857142857,0.271422267552395,0.747809523809524,0.291626630663338
200,78,OAS,5,0.511356952767679,0.903140049075569,5,0.884890168768828,0.813111244490201,35.5989681482534,0.741333333333333,0.304228003557477,0.739809523809524,0.270793695650031,0.750476190476191,0.293088167660465,0.739809523809524,0.270793695650031,0.750476190476191,0.293088167660465
200,79,empirical,5,0.55415024934585,0.940939609057548,5,0.790442980399842,0.486979063955494,60.8577831428466,0.760761904761905,0.313546570880962,0.76647619047619,0.321887528210854,0.759619047619048,0.301457619452647,0.76647619047619,0.321887528210854,0.759619047619048,0.301457619452647
200,79,OAS,5,0.525069376628356,0.941424241231351,5,0.790539440865674,0.487370251407825,60.8321181097876,0.763428571428571,0.325394417130799,0.771428571428571,0.327430990530854,0.763428571428571,0.302598844929578,0.771428571428571,0.327430990530854,0.763428571428571,0.302598844929578
200,80,empirical,5,0.534571082670176,0.920158161546974,5,0.798083782070926,0.63038924718106,50.9211536711734,0.684571428571429,0.291809440380128,0.696380952380952,0.253124877205376,0.686857142857143,0.206942306947206,0.696380952380952,0.253124877205376,0.686857142857143,0.206942306947206
200,80,OAS,5,0.504514101706796,0.920947219707209,5,0.797556337612642,0.630936052658706,50.8807833839512,0.683428571428571,0.289237850279042,0.697904761904762,0.242413052632092,0.68952380952381,0.215746047780167,0.697904761904762,0.242413052632092,0.68952380952381,0.215746047780167
200,81,empirical,5,0.55460942652242,0.912834442126258,5,0.856076956891543,0.732299398990505,42.9204912577083,0.679238095238095,0.232870831609565,0.70552380952381,0.298543466103871,0.705904761904762,0.250933989068058,0.70552380952381,0.298543466103871,0.705904761904762,0.250933989068058
200,81,OAS,5,0.524368224089264,0.915023159994227,5,0.856550664440168,0.733987765026309,42.7782473606711,0.67847619047619,0.240142235697048,0.709333333333333,0.302768656361055,0.709714285714286,0.252625735068243,0.709333333333333,0.302768656361055,0.709714285714286,0.252625735068243
200,82,empirical,5,0.552907252051592,0.946046617416141,5,0.829677788612628,0.75584811111316,40.9004688763119,0.701333333333333,0.255623068091536,0.701333333333333,0.237189438317963,0.700952380952381,0.238147104323956,0.701333333333333,0.237189438317963,0.700952380952381,0.238147104323956
200,82,OAS,5,0.528419752176585,0.946573239381176,5,0.828648022836449,0.7530924200946,41.141032348521,0.703238095238095,0.255931419074206,0.701714285714286,0.237357821940983,0.702857142857143,0.238869675309574,0.701714285714286,0.237357821940983,0.702857142857143,0.238869675309574
200,83,empirical,5,0.540808790026999,0.919621042134131,5,0.787615661960125,0.497076742766839,60.1932134200421,0.748190476190476,0.314007419885661,0.770285714285714,0.318187568538389,0.761904761904762,0.281165297640878,0.770285714285714,0.318187568538389,0.761904761904762,0.281165297640878
200,83,OAS,5,0.51388856844527,0.920326120711902,5,0.78897795273142,0.500737229654403,59.9512132808268,0.748190476190476,0.280088904142466,0.777142857142857,0.319865819945292,0.764571428571429,0.282943153586777,0.777142857142857,0.319865819945292,0.764571428571429,0.282943153586777
200,84,empirical,5,0.525585257441088,0.927292926907146,5,0.746908031561508,0.402584065407709,66.2601794097026,0.755047619047619,0.225413558487125,0.77752380952381,0.254860690411207,0.773333333333333,0.222253802737546,0.77752380952381,0.254860690411207,0.773333333333333,0.222253802737546
200,84,OAS,6,0.555955685118334,0.92863660022657,5,0.747989388515802,0.408942041404908,65.8616071928638,0.752761904761905,0.220752924608104,0.774857142857143,0.268398749155159,0.774857142857143,0.244886334611392,0.776,0.242848524795798,0.777142857142857,0.223927630309835
200,85,empirical,5,0.553736524999277,0.924180433632073,5,0.872958730874011,0.784102484313037,38.3622549319318,0.707047619047619,0.227235728678603,0.697142857142857,0.215822911731398,0.708952380952381,0.259466908039098,0.697142857142857,0.215822911731398,0.708952380952381,0.259466908039098
200,85,OAS,5,0.529433015876576,0.924721052194185,5,0.874488976183875,0.787998518672426,38.0011386146619,0.70552380952381,0.208479885832671,0.700190476190476,0.206135458569094,0.712380952380952,0.262862973500865,0.700190476190476,0.206135458569094,0.712380952380952,0.262862973500865
200,86,empirical,5,0.548692334333754,0.934583404409803,5,0.76126022820551,0.275002489898723,74.0378374554399,0.684571428571429,0.303309367710778,0.715428571428571,0.233707489390537,0.713904761904762,0.202270566291042,0.715428571428571,0.233707489390537,0.713904761904762,0.202270566291042
200,86,OAS,5,0.52284438458929,0.935445944704694,5,0.76159536687761,0.276673469539779,73.9382331241571,0.683428571428571,0.270770764925832,0.716952380952381,0.243346871674199,0.715047619047619,0.20135231060521,0.716952380952381,0.243346871674199,0.715047619047619,0.20135231060521
200,87,empirical,5,0.532916494206169,0.885838505513347,5,0.748126948225149,0.51536590906425,58.9780840068894,0.722666666666667,0.284670954008725,0.710857142857143,0.284430268792308,0.70552380952381,0.223120258382181,0.710857142857143,0.284430268792308,0.70552380952381,0.223120258382181
200,87,OAS,5,0.505608705067881,0.887159434362521,5,0.747244565171566,0.510067563714854,59.3316697681165,0.722285714285714,0.28233337002106,0.711238095238095,0.262459432055573,0.707809523809524,0.225669548982462,0.711238095238095,0.262459432055573,0.707809523809524,0.225669548982462
200,88,empirical,5,0.552629845242293,0.926138207648265,5,0.726006166779011,0.192259501604356,78.9153244169269,0.692190476190476,0.309158796301751,0.712761904761905,0.316984539427298,0.72152380952381,0.280101095248379,0.712761904761905,0.316984539427298,0.72152380952381,0.280101095248379
200,88,OAS,5,0.5302317312239,0.926498620023007,5,0.727865444517491,0.195917805000857,78.7016558127493,0.692190476190476,0.309443181700994,0.715809523809524,0.256448258513151,0.724571428571429,0.283046788087043,0.715809523809524,0.256448258513151,0.724571428571429,0.283046788087043
200,89,empirical,5,0.545693844853097,0.884776513710104,5,0.713491707030309,0.202399895178288,78.3226664313204,0.68,0.2555556057962,0.654095238095238,0.204144794792146,0.651428571428571,0.180589808879416,0.654095238095238,0.204144794792146,0.651428571428571,0.180589808879416
200,89,OAS,5,0.516946275794257,0.887033464988825,5,0.714359643267001,0.201380444649658,78.3823047083962,0.679238095238095,0.223299446243729,0.65447619047619,0.204204353848467,0.648761904761905,0.179014999493494,0.65447619047619,0.204204353848467,0.648761904761905,0.179014999493494
200,90,empirical,4,0.525406619714208,0.907094087749916,5,0.884192575162275,0.852251448689117,31.5425996696118,0.732952380952381,0.251315837818402,0.724952380952381,0.264515200782083,0.736761904761905,0.286381847481174,0.747428571428571,0.271638475600499,0.757714285714286,0.270375549206941
200,90,OAS,5,0.555207673717879,0.908367778083953,5,0.884410316262039,0.852680660301607,31.4955590430578,0.732952380952381,0.250287723892596,0.748190476190476,0.26978924062127,0.758476190476191,0.269947689095172,0.748190476190476,0.26978924062127,0.758476190476191,0.269947689095172
200,91,empirical,5,0.521398758200124,0.888611581309294,5,0.763702175867164,0.38610753473476,67.2874854031792,0.691809523809524,0.296731808558406,0.716571428571429,0.362716378195101,0.714285714285714,0.292534456352389,0.716571428571429,0.362716378195101,0.714285714285714,0.292534456352389
200,91,OAS,6,0.545991259593647,0.889482869477358,5,0.764406309702796,0.39084164979825,66.993120551276,0.692952380952381,0.267501190744862,0.711619047619048,0.352365542710088,0.710095238095238,0.337492553755176,0.715428571428571,0.33818296504648,0.716571428571429,0.292642938510827
200,92,empirical,5,0.547886010446294,0.907704689297415,5,0.86496439161579,0.746389299290504,41.7214316029131,0.788571428571429,0.365276876524651,0.772952380952381,0.328021700080446,0.761904761904762,0.289835778324919,0.772952380952381,0.328021700080446,0.761904761904762,0.289835778324919
200,92,OAS,5,0.521176038412528,0.909118345602226,5,0.866180205125253,0.74950654824372,41.4523483586326,0.787428571428571,0.362554588282755,0.774857142857143,0.332826120692167,0.763047619047619,0.289970702142743,0.774857142857143,0.332826120692167,0.763047619047619,0.289970702142743
200,93,empirical,5,0.533820238863775,0.911496017530738,5,0.733790266368467,0.379189493905307,67.7165129178302,0.676952380952381,0.312368104757159,0.70247619047619,0.340417690705608,0.710857142857143,0.378149532525421,0.70247619047619,0.340417690705608,0.710857142857143,0.378149532525421
200,93,OAS,5,0.508659034639207,0.912524767415922,5,0.734222905540692,0.379163815584242,67.7181029111096,0.677333333333333,0.329723104078172,0.704380952380952,0.332658674590862,0.715047619047619,0.378226888738712,0.704380952380952,0.332658674590862,0.715047619047619,0.378226888738712
200,94,empirical,5,0.546785734106844,0.912997152567282,5,0.758183677740448,0.494630413785802,60.3546176417274,0.692571428571429,0.253954468229447,0.705904761904762,0.246061833880723,0.695238095238095,0.18746838467978,0.705904761904762,0.246061833880723,0.695238095238095,0.18746838467978
200,94,OAS,5,0.517703824948109,0.914914686366877,5,0.758281575043871,0.494400728437018,60.3697585460466,0.692571428571429,0.254539888011983,0.707428571428571,0.247107156395657,0.69752380952381,0.189051686764637,0.707428571428571,0.247107156395657,0.69752380952381,0.189051686764637
200,95,empirical,5,0.535295671194206,0.928076736343477,5,0.779301665026318,0.422923114522666,64.980726031031,0.716571428571429,0.240044643696417,0.717714285714286,0.253250611370483,0.710095238095238,0.269978810922624,0.717714285714286,0.253250611370483,0.710095238095238,0.269978810922624
200,95,OAS,5,0.506951835579831,0.929460649879498,5,0.779944104341701,0.429006006195863,64.5955046729791,0.714666666666667,0.241634848152886,0.719238095238095,0.254559880893174,0.709333333333333,0.236625110519852,0.719238095238095,0.254559880893174,0.709333333333333,0.236625110519852
200,96,empirical,5,0.546426607417599,0.926202941909748,5,0.798303459721603,0.43235920987013,64.3826250404939,0.675047619047619,0.189591434217825,0.683047619047619,0.191105129514137,0.681904761904762,0.232631125272741,0.683047619047619,0.191105129514137,0.681904761904762,0.232631125272741
200,96,OAS,5,0.518246382182121,0.927660337580426,5,0.797209028559587,0.429140750870937,64.5869576113981,0.678095238095238,0.191935235135862,0.683809523809524,0.187664802002715,0.68152380952381,0.233225005996839,0.683809523809524,0.187664802002715,0.68152380952381,0.233225005996839
200,97,empirical,5,0.542300823937969,0.931049263647776,5,0.748292442792384,0.378319606157123,67.7703660268397,0.672380952380952,0.26219462664843,0.653333333333333,0.207543520369651,0.64952380952381,0.215033974860433,0.653333333333333,0.207543520369651,0.64952380952381,0.215033974860433
200,97,OAS,5,0.515066421842111,0.932022027144651,5,0.772088465627376,0.497896739984244,60.139053278861,0.673904761904762,0.268234133118971,0.660190476190476,0.208969083647249,0.654095238095238,0.209771900967783,0.660190476190476,0.208969083647249,0.654095238095238,0.209771900967783
200,98,empirical,5,0.541280300806736,0.936709137590923,5,0.810647767109972,0.560819718901156,55.8874942602343,0.667047619047619,0.257334975906254,0.680380952380952,0.288094178886657,0.688,0.263999691126952,0.680380952380952,0.288094178886657,0.688,0.263999691126952
200,98,OAS,5,0.514495719056152,0.937692398535606,5,0.810242104448529,0.561867789791886,55.8149334812206,0.667428571428571,0.224299211271817,0.681142857142857,0.286948775428002,0.68647619047619,0.263004956712118,0.681142857142857,0.286948775428002,0.68647619047619,0.263004956712118
200,99,empirical,5,0.546620548195782,0.91587170369204,5,0.854804842141576,0.764895344195085,40.1023177296234,0.714666666666667,0.247939024234492,0.72,0.287642549709818,0.716190476190476,0.260683023446233,0.72,0.287642549709818,0.716190476190476,0.260683023446233
200,99,OAS,5,0.519872208834906,0.916050160304776,5,0.855436329077201,0.765939918478449,40.009316048584,0.713904761904762,0.245036525199495,0.720380952380952,0.265914741930734,0.715428571428571,0.264689165569994,0.720380952380952,0.265914741930734,0.715428571428571,0.264689165569994
200,100,empirical,5,0.552844388421416,0.911893170972807,5,0.745403368863182,0.651712285892965,49.3291743620685,0.750857142857143,0.311020285577786,0.734476190476191,0.337015175630244,0.742857142857143,0.304708112724215,0.734476190476191,0.337015175630244,0.742857142857143,0.304708112724215
200,100,OAS,5,0.527539311698199,0.912983155970205,5,0.74684687654698,0.654325757924459,49.1314548972414,0.752380952380952,0.32459491029947,0.735238095238095,0.328877969806114,0.740952380952381,0.303419821304733,0.735238095238095,0.328877969806114,0.740952380952381,0.303419821304733
200,101,empirical,5,0.54519084968615,0.932389437817931,5,0.713719337812378,0.0774768072912854,85.5564528339951,0.751619047619048,0.308146038109036,0.747428571428571,0.235810881841817,0.756190476190476,0.304866764412178,0.747428571428571,0.235810881841817,0.756190476190476,0.304866764412178
200,101,OAS,5,0.520941097642203,0.932396436116469,5,0.714885533992704,0.0827778029895268,85.2517480523009,0.753904761904762,0.30708440901772,0.748952380952381,0.238774516169781,0.759619047619048,0.30855173240516,0.748952380952381,0.238774516169781,0.759619047619048,0.30855173240516
200,102,empirical,4,0.501294162041777,0.924553093029257,5,0.746630278142008,0.457021207028198,62.8049421583182,0.699428571428571,0.314338814410685,0.681904761904762,0.275252714739409,0.699809523809524,0.28430813292082,0.686095238095238,0.281627255959002,0.688,0.297059852953543
200,102,OAS,5,0.536041505224467,0.9249589943445,5,0.747768588919877,0.462435651632729,62.4556123304999,0.699047619047619,0.314885784821688,0.684571428571429,0.281439434188447,0.687238095238095,0.306267858213786,0.684571428571429,0.281439434188447,0.687238095238095,0.306267858213786
200,103,empirical,5,0.527467871922541,0.926864281121652,5,0.754788474267642,0.48767738696243,60.8119630577332,0.724190476190476,0.33775703017591,0.711619047619048,0.306789894032236,0.721142857142857,0.289282457336627,0.711619047619048,0.306789894032236,0.721142857142857,0.289282457336627
200,103,OAS,5,0.502938570272243,0.92779330525266,5,0.756111319521826,0.493808571950207,60.4087831305381,0.723809523809524,0.340594999444737,0.71352380952381,0.307760205900964,0.721142857142857,0.287736955245543,0.71352380952381,0.307760205900964,0.721142857142857,0.287736955245543
200,104,empirical,5,0.549625382511844,0.928309429769887,5,0.75478369613879,0.338362307693113,70.22287162084,0.752380952380952,0.297014418453365,0.752,0.282759765853671,0.745523809523809,0.236132030151949,0.752,0.282759765853671,0.745523809523809,0.236132030151949
200,104,OAS,5,0.523410997393299,0.929184217087221,5,0.755076818199276,0.338663644554173,70.2045230206551,0.753142857142857,0.300140891741168,0.753523809523809,0.283586315466658,0.747047619047619,0.23997101265733,0.753523809523809,0.283586315466658,0.747047619047619,0.23997101265733
200,105,empirical,5,0.550142771898575,0.896010532439301,5,0.73858883843481,0.192566378275349,78.8974068723885,0.640761904761905,0.217067468113859,0.64647619047619,0.271021134198183,0.633523809523809,0.214179672411303,0.64647619047619,0.271021134198183,0.633523809523809,0.214179672411303
200,105,OAS,5,0.519601486561389,0.898351463300485,5,0.737053794933382,0.182933727614392,79.4593120047743,0.642285714285714,0.222476672765272,0.64647619047619,0.275126657449632,0.634285714285714,0.216597889365825,0.64647619047619,0.275126657449632,0.634285714285714,0.216597889365825
200,106,empirical,4,0.52303827204934,0.925242425435316,5,0.820950488088232,0.718433534677719,44.0746988546946,0.705142857142857,0.33290784148033,0.686857142857143,0.213981281464739,0.685714285714286,0.177901304491895,0.692952380952381,0.269455635532472,0.692190476190476,0.18673663167567
200,106,OAS,4,0.500680659529681,0.92564132845202,5,0.821070100809547,0.718942578326043,44.032753383157,0.702857142857143,0.341744369029413,0.687238095238095,0.207935299561609,0.688,0.177575445721458,0.696,0.276637486596176,0.693333333333333,0.190291995835415
200,107,empirical,4,0.515211042670515,0.944363526617591,5,0.838970288202407,0.642281283147386,50.0378598602323,0.688380952380952,0.273422833667827,0.679238095238095,0.229178762475271,0.681904761904762,0.253398517174956,0.694095238095238,0.277359779330264,0.699047619047619,0.226125539095016
200,107,OAS,5,0.548082893030322,0.944902395605069,5,0.839795521527996,0.643489993390528,49.9474454506622,0.690285714285714,0.275138032208241,0.696,0.272122102953645,0.698285714285714,0.225996434639159,0.696,0.272122102953645,0.698285714285714,0.225996434639159
200,108,empirical,5,0.53287309069005,0.929210460706741,5,0.71602623335255,0.22776580496383,76.8344290570191,0.727238095238095,0.219729963734237,0.733714285714286,0.203783415355738,0.741333333333333,0.207162663542694,0.733714285714286,0.203783415355738,0.741333333333333,0.207162663542694
200,108,OAS,5,0.508942442946723,0.929115983676469,5,0.716001649624999,0.228345873997321,76.8002940244853,0.72647619047619,0.223160742103354,0.736,0.20696559772025,0.743238095238095,0.208992256848015,0.736,0.20696559772025,0.743238095238095,0.208992256848015
200,109,empirical,5,0.542224434551216,0.93601805561023,5,0.885596114958804,0.773868822821027,39.2974115814498,0.70552380952381,0.317682831501534,0.719238095238095,0.334012778107681,0.724571428571429,0.259033336759111,0.719238095238095,0.334012778107681,0.724571428571429,0.259033336759111
200,109,OAS,5,0.517153216458133,0.936821110367542,5,0.887071756454124,0.777712583734896,38.9483837827813,0.704761904761905,0.302020897923829,0.72152380952381,0.337445628195109,0.727238095238095,0.255805029022209,0.72152380952381,0.337445628195109,0.727238095238095,0.255805029022209
200,110,empirical,4,0.501034005734389,0.9469983860174,5,0.880803536660293,0.82971421865463,33.9306074657246,0.730285714285714,0.216867863119313,0.734095238095238,0.2277139156752,0.741714285714286,0.261227672711574,0.745904761904762,0.219114430975075,0.754285714285714,0.268397390232404
200,110,OAS,5,0.543494503853491,0.947640479908322,5,0.880559807367306,0.829435583907303,33.9591975915798,0.72952380952381,0.219624643996723,0.748571428571429,0.223148744675597,0.755428571428571,0.268624899031218,0.748571428571429,0.223148744675597,0.755428571428571,0.268624899031218
200,111,empirical,5,0.54931525785581,0.92966010138785,5,0.737801953101452,0.0488587717783437,87.1994836077672,0.684952380952381,0.288140444762449,0.693714285714286,0.297335608535383,0.689142857142857,0.280391219879568,0.693714285714286,0.297335608535383,0.689142857142857,0.280391219879568
200,111,OAS,5,0.524830369684807,0.930281200383157,5,0.738270096371228,0.0508320768330384,87.086280820538,0.683047619047619,0.28294871609048,0.694095238095238,0.294526331332818,0.692952380952381,0.282001652260433,0.694095238095238,0.294526331332818,0.692952380952381,0.282001652260433
200,112,empirical,5,0.551674841866007,0.89593530073001,5,0.873261406023909,0.828591483741026,34.0456799656949,0.736761904761905,0.372021562208524,0.755809523809524,0.33097975691376,0.747809523809524,0.297931124661187,0.755809523809524,0.33097975691376,0.747809523809524,0.297931124661187
200,112,OAS,5,0.523449098989562,0.897894824320837,5,0.873018344842478,0.829089596873228,33.9946691393137,0.737142857142857,0.372866972836544,0.758476190476191,0.331948137642482,0.750095238095238,0.299639203797939,0.758476190476191,0.331948137642482,0.750095238095238,0.299639203797939
200,113,empirical,4,0.509974344545214,0.894567133365701,5,0.774065144826461,0.545263234886815,56.9573459829076,0.660190476190476,0.262529128348078,0.667047619047619,0.271880714288346,0.675047619047619,0.218338616536305,0.668952380952381,0.242777399552223,0.654857142857143,0.229998604171561
200,113,OAS,5,0.540080904646474,0.896675370800474,5,0.774549725632548,0.546363653262398,56.8820997331322,0.659047619047619,0.268479624792922,0.670095238095238,0.24279834432048,0.656,0.230314455891371,0.670095238095238,0.24279834432048,0.656,0.230314455891371
200,114,empirical,5,0.533811642737771,0.898305974359984,5,0.798378886532022,0.57531728532917,54.8781450911474,0.700190476190476,0.205012357325337,0.711619047619048,0.207137563001114,0.704,0.196293804689813,0.711619047619048,0.207137563001114,0.704,0.196293804689813
200,114,OAS,5,0.507503496931565,0.89903554698264,5,0.798183204929075,0.575875459098543,54.8390357907637,0.699047619047619,0.204757770112134,0.713142857142857,0.208750365466877,0.703619047619048,0.196202806975801,0.713142857142857,0.208750365466877,0.703619047619048,0.196202806975801
200,115,empirical,5,0.540560420692665,0.906035595095942,5,0.768858599131524,0.445988535244005,63.5133976749019,0.670095238095238,0.277045609847588,0.69752380952381,0.308453959757241,0.69447619047619,0.256916678849634,0.69752380952381,0.308453959757241,0.69447619047619,0.256916678849634
200,115,OAS,5,0.513166236878157,0.906194806387697,5,0.769431630413067,0.446589664664932,63.4749100122109,0.667809523809524,0.249969412501245,0.697904761904762,0.286850388654542,0.693714285714286,0.25796548271783,0.697904761904762,0.286850388654542,0.693714285714286,0.25796548271783
200,116,empirical,5,0.522222409717255,0.865295000153088,5,0.766533745140749,0.611983027302114,52.2669727216379,0.745523809523809,0.267349474132871,0.773714285714286,0.310083387931276,0.780190476190476,0.299502411987974,0.773714285714286,0.310083387931276,0.780190476190476,0.299502411987974
200,116,OAS,6,0.55084998134535,0.867551951431808,5,0.767518100221597,0.610190025755075,52.3967556676381,0.743619047619048,0.266909507252615,0.769142857142857,0.320462671743398,0.776380952380952,0.297352565069825,0.777142857142857,0.312799762196575,0.782095238095238,0.308056000994407
200,117,empirical,5,0.555309712161457,0.930848062564789,5,0.819550370869777,0.649271979917626,49.5132652559263,0.724571428571429,0.276220753959153,0.726857142857143,0.306415127531056,0.718857142857143,0.272075298246222,0.726857142857143,0.306415127531056,0.718857142857143,0.272075298246222
200,117,OAS,5,0.531028352301921,0.931834822658741,5,0.82035846816901,0.650521323125371,49.4190810575409,0.72647619047619,0.279945528270764,0.732190476190476,0.308916072548066,0.72152380952381,0.271614200060694,0.732190476190476,0.308916072548066,0.72152380952381,0.271614200060694
200,118,empirical,5,0.545155372274211,0.933288719180149,5,0.728305739367866,0.43181907220266,64.4169414621702,0.692952380952381,0.331243745929605,0.681142857142857,0.248589618230339,0.67847619047619,0.206226049753136,0.681142857142857,0.248589618230339,0.67847619047619,0.206226049753136
200,118,OAS,5,0.515095904716401,0.93412851500479,5,0.728346986869137,0.450023998742342,63.2547763049242,0.694095238095238,0.31137941422521,0.684952380952381,0.255750233669212,0.679238095238095,0.231180327605651,0.684952380952381,0.255750233669212,0.679238095238095,0.231180327605651
200,119,empirical,4,0.500265918588595,0.938525196061708,5,0.85734632825311,0.81216009085719,35.6924817775052,0.715428571428571,0.306451596255493,0.732190476190476,0.244491852678906,0.729904761904762,0.273807698180779,0.741333333333333,0.296462909685901,0.739047619047619,0.286280192640264
200,119,OAS,5,0.531407992529294,0.93932825081902,5,0.858339903495505,0.814764296039139,35.4359373195839,0.714285714285714,0.265865774630435,0.744380952380952,0.299192322803231,0.740571428571429,0.287547046520278,0.744380952380952,0.299192322803231,0.740571428571429,0.287547046520278
200,120,empirical,5,0.512058553727318,0.932741102319499,5,0.686246126729564,0.246556656331771,75.7261540446508,0.71847619047619,0.213188421578753,0.714285714285714,0.208551111247153,0.72,0.19285561536852,0.714285714285714,0.208551111247153,0.72,0.19285561536852
200,120,OAS,6,0.541235722040476,0.933162749806453,5,0.687770094312872,0.248256274578108,75.6256485403746,0.72,0.213149463879155,0.718857142857143,0.223321221499153,0.71847619047619,0.194195586875939,0.71847619047619,0.21463554051304,0.722666666666667,0.194807053887361
200,121,empirical,5,0.555862731590018,0.91122308388773,5,0.799915673852602,0.456314648738514,62.8504470095668,0.700952380952381,0.296242449733901,0.710095238095238,0.254415917838746,0.70247619047619,0.173460833705378,0.710095238095238,0.254415917838746,0.70247619047619,0.173460833705378
200,121,OAS,5,0.527165318318068,0.912951663626781,5,0.799758143595187,0.455925897929788,62.875476031825,0.702857142857143,0.298684847177083,0.712761904761905,0.224675126150173,0.704,0.17610080117889,0.712761904761905,0.224675126150173,0.704,0.17610080117889
200,122,empirical,5,0.535425936795272,0.908212065941468,5,0.781174868521545,0.390584539568138,67.0091239526405,0.688,0.290462842370032,0.687238095238095,0.263884710777474,0.68152380952381,0.192496907841822,0.687238095238095,0.263884710777474,0.68152380952381,0.192496907841822
200,122,OAS,5,0.509681218067643,0.908722941734791,5,0.782973526925612,0.398790271935239,66.4974257066655,0.687238095238095,0.278836182786919,0.687619047619048,0.259925896881852,0.682666666666667,0.193131741607091,0.687619047619048,0.259925896881852,0.682666666666667,0.193131741607091
200,123,empirical,5,0.513155427079291,0.919302619550622,5,0.767015158972152,0.32451136631402,71.064026099424,0.686095238095238,0.172777364560681,0.708571428571429,0.255574794316333,0.706285714285714,0.256620443339126,0.708571428571429,0.255574794316333,0.706285714285714,0.256620443339126
200,123,OAS,6,0.544011144232112,0.920485332003657,5,0.768357399825417,0.336931136567817,70.3099877752731,0.68952380952381,0.179987796004174,0.697904761904762,0.251069021869315,0.692571428571429,0.256192427618921,0.714666666666667,0.253003723312961,0.708952380952381,0.253021618541435
200,124,empirical,5,0.54811477975397,0.915983676468659,5,0.814449370492094,0.549818591314684,56.6454315334906,0.726857142857143,0.23688574119663,0.749714285714286,0.291700234476951,0.741714285714286,0.255001050003213,0.749714285714286,0.291700234476951,0.741714285714286,0.255001050003213
200,124,OAS,5,0.520911662987144,0.916431567575133,5,0.81411657108044,0.546271237687899,56.8884215575986,0.727619047619048,0.242250174960864,0.752380952380952,0.294395766392608,0.744380952380952,0.255836749695977,0.752380952380952,0.294395766392608,0.744380952380952,0.255836749695977
200,125,empirical,5,0.553243818909063,0.941884379360268,5,0.847915468461182,0.774871260664263,39.2066379195466,0.671619047619048,0.290126585193576,0.676952380952381,0.269569885994259,0.670095238095238,0.221679018743306,0.676952380952381,0.269569885994259,0.670095238095238,0.221679018743306
200,125,OAS,5,0.529677937153628,0.941614944866529,5,0.849584723377922,0.780764188127449,38.6694029076235,0.671238095238095,0.284383756553172,0.678095238095238,0.270334962045022,0.67047619047619,0.255137882492621,0.678095238095238,0.270334962045022,0.67047619047619,0.255137882492621
200,126,empirical,5,0.555897750874775,0.945854164206327,5,0.815719443536764,0.64909945752669,49.5262608066477,0.687238095238095,0.320009735575056,0.679619047619048,0.304552414387023,0.685714285714286,0.211700361721377,0.679619047619048,0.304552414387023,0.685714285714286,0.211700361721377
200,126,OAS,5,0.529099763344828,0.945868160803405,5,0.816650851152946,0.652680091717257,49.2560245891187,0.68647619047619,0.336974867465241,0.682666666666667,0.305723450036957,0.690285714285714,0.215153417991395,0.682666666666667,0.305723450036957,0.690285714285714,0.215153417991395
200,127,empirical,5,0.553094250253573,0.928076736343477,5,0.753161598334351,0.549148210843956,56.6914037190251,0.745904761904762,0.269595562449011,0.761523809523809,0.274273119409645,0.757333333333333,0.275957196617036,0.761523809523809,0.274273119409645,0.757333333333333,0.275957196617036
200,127,OAS,5,0.526658629194351,0.928274438277194,5,0.75347646989362,0.549226786805485,56.6860165280722,0.744761904761905,0.262183465845064,0.764190476190476,0.278629775518232,0.760380952380952,0.278506468466776,0.764190476190476,0.278629775518232,0.760380952380952,0.278506468466776
200,128,empirical,5,0.542241037127348,0.911389293478023,5,0.799002953739471,0.585222886142987,54.1812625442688,0.70247619047619,0.278476371518896,0.715047619047619,0.263529901900841,0.713142857142857,0.220678099208117,0.715047619047619,0.263529901900841,0.713142857142857,0.220678099208117
200,128,OAS,5,0.514977891934838,0.912330564631474,5,0.800050724489293,0.586903741279739,54.0624052337337,0.701714285714286,0.277379375880013,0.716190476190476,0.266204078984739,0.712380952380952,0.220197540793836,0.716190476190476,0.266204078984739,0.712380952380952,0.220197540793836
200,129,empirical,5,0.556227726605603,0.944949634120205,5,0.830500171708231,0.596613803116918,53.3722378331973,0.644952380952381,0.29111090246476,0.65752380952381,0.277561169636581,0.668952380952381,0.26450372587874,0.65752380952381,0.277561169636581,0.668952380952381,0.26450372587874
200,129,OAS,5,0.532999858529462,0.945418520122295,5,0.830442659947912,0.596635270753425,53.3707051558894,0.646095238095238,0.299030716799303,0.659809523809524,0.27478375058836,0.669714285714286,0.257362456771822,0.659809523809524,0.27478375058836,0.669714285714286,0.257362456771822
200,130,empirical,4,0.526073024499351,0.936212258394678,5,0.751995163055293,0.168192366766906,80.3172639565093,0.692952380952381,0.332215941638625,0.698285714285714,0.330889534059315,0.711238095238095,0.259148565205486,0.696,0.327273225380608,0.700190476190476,0.252659461134026
200,130,OAS,4,0.502341468681747,0.936439703097185,5,0.752170021984887,0.156540465851312,80.9938508429419,0.692952380952381,0.333251127900965,0.698285714285714,0.314640027557001,0.711619047619048,0.259358995066494,0.697142857142857,0.310952067727959,0.701714285714286,0.254447022105517
200,131,empirical,5,0.549893784372214,0.940019332799713,5,0.902881747231491,0.826251188469132,34.2844516108519,0.71847619047619,0.244881616951114,0.737142857142857,0.209533157006735,0.741714285714286,0.249326795168853,0.737142857142857,0.209533157006735,0.741714285714286,0.249326795168853
200,131,OAS,5,0.521647429600439,0.941441736977697,5,0.903864087340759,0.828185464415788,34.0872099670698,0.716571428571429,0.214036474938299,0.740190476190476,0.210100331896167,0.743238095238095,0.248247451215498,0.740190476190476,0.210100331896167,0.743238095238095,0.248247451215498
200,132,empirical,5,0.540203522519718,0.941373503566945,5,0.693940341880446,0.101773088163753,84.158718061286,0.641904761904762,0.264411479896564,0.614857142857143,0.235297465622513,0.60952380952381,0.198837364093196,0.614857142857143,0.235297465622513,0.60952380952381,0.198837364093196
200,132,OAS,5,0.517027808339637,0.941789902329996,5,0.695477645644236,0.130580848572382,82.4968413879582,0.641142857142857,0.253312416890253,0.613714285714286,0.222017792826776,0.609142857142857,0.198828777267505,0.613714285714286,0.222017792826776,0.609142857142857,0.198828777267505
200,133,empirical,5,0.543455853729958,0.929364423274591,5,0.757463156564021,0.244274487932278,75.8610377147772,0.70552380952381,0.356119791696887,0.702857142857143,0.370111816396325,0.702857142857143,0.322940423878008,0.702857142857143,0.370111816396325,0.702857142857143,0.322940423878008
200,133,OAS,5,0.517565462993458,0.929936534180128,5,0.75794104387565,0.246702122186835,75.7175538025038,0.705142857142857,0.30595870267823,0.704761904761905,0.342062836520212,0.702857142857143,0.322983684822683,0.704761904761905,0.342062836520212,0.702857142857143,0.322983684822683
200,134,empirical,5,0.542057996380684,0.941293023133751,5,0.910897043044357,0.863798503146139,30.2542080940655,0.737142857142857,0.339652880255037,0.750095238095238,0.355234470439596,0.749333333333333,0.313923909928941,0.750095238095238,0.355234470439596,0.749333333333333,0.313923909928941
200,134,OAS,5,0.517774983838813,0.942094328316428,5,0.911966763576375,0.865284200204624,30.0848269431641,0.736761904761905,0.344702958853777,0.753142857142857,0.357672063944232,0.748952380952381,0.31389344832081,0.753142857142857,0.357672063944232,0.748952380952381,0.31389344832081
200,135,empirical,5,0.513531702889497,0.916181378402376,5,0.74501930807459,0.512828156084985,59.1476039031854,0.690285714285714,0.258015423509947,0.696380952380952,0.267396514521939,0.699809523809524,0.225990808078071,0.696380952380952,0.267396514521939,0.699809523809524,0.225990808078071
200,135,OAS,6,0.541181237658933,0.918384092867422,5,0.745227713764932,0.513732401701817,59.0872354666432,0.689904761904762,0.254823987584631,0.692571428571429,0.21983743274794,0.692190476190476,0.172248351937074,0.697904761904762,0.267579368151614,0.701714285714286,0.22746578633765
200,136,empirical,5,0.545538356913034,0.883658535518552,5,0.741769670270047,0.343560396172272,69.906058252326,0.571809523809524,0.195446489877061,0.573333333333333,0.142608900200166,0.583238095238095,0.147365111900214,0.573333333333333,0.142608900200166,0.583238095238095,0.147365111900214
200,136,OAS,5,0.516805673031934,0.885392363981507,5,0.737797864169781,0.320505171981056,71.3065217113401,0.572571428571429,0.196524748057143,0.569904761904762,0.142029276774282,0.580571428571429,0.146113522410455,0.569904761904762,0.142029276774282,0.580571428571429,0.146113522410455
200,137,empirical,5,0.55312138431357,0.943030350745975,5,0.848482669702906,0.766812371391309,39.9315008165481,0.685714285714286,0.292509838896371,0.699047619047619,0.24086312435644,0.702095238095238,0.20994352217162,0.699047619047619,0.24086312435644,0.702095238095238,0.20994352217162
200,137,OAS,5,0.525959661734184,0.944825414321143,5,0.856587599905219,0.764660962179072,40.1231608647104,0.687238095238095,0.311619111321687,0.704,0.245378932558817,0.707047619047619,0.209899141117213,0.704,0.245378932558817,0.707047619047619,0.209899141117213
200,138,empirical,5,0.517672716754124,0.927810800999007,5,0.701391217792105,0.135174550309994,82.231286595162,0.69752380952381,0.251299494761879,0.683809523809524,0.24823698385509,0.689142857142857,0.236272160076924,0.683809523809524,0.24823698385509,0.689142857142857,0.236272160076924
200,138,OAS,6,0.54837635796041,0.928550871069471,5,0.701995327451224,0.144773070111714,81.6758615938747,0.696,0.251620243630071,0.741333333333333,0.272849843175977,0.746666666666667,0.25963618374763,0.684190476190476,0.250264374817491,0.689904761904762,0.242696433330556
200,139,empirical,5,0.54545377501343,0.924761292410783,5,0.762438498200691,0.219934364563046,77.2948220599243,0.721904761904762,0.214858434955543,0.72,0.214214042032093,0.719238095238095,0.25425255766223,0.72,0.214214042032093,0.719238095238095,0.25425255766223
200,139,OAS,5,0.521318427827856,0.923636315920692,5,0.76304299479195,0.239940553554317,76.1169681868034,0.722666666666667,0.211438282335614,0.723428571428571,0.206785405873398,0.721904761904762,0.254536836291144,0.723428571428571,0.206785405873398,0.721904761904762,0.254536836291144
200,140,empirical,5,0.543465667752451,0.922997721179038,5,0.860549724706035,0.821228837237491,34.7920050747251,0.727238095238095,0.247743966584337,0.730285714285714,0.261592736249671,0.732190476190476,0.229049957435041,0.730285714285714,0.261592736249671,0.732190476190476,0.229049957435041
200,140,OAS,5,0.517559287305213,0.9237780314661,5,0.860985543678149,0.823392714903608,34.5741260257409,0.728,0.249177071196882,0.735238095238095,0.263902321227533,0.733333333333333,0.229999532883373,0.735238095238095,0.263902321227533,0.733333333333333,0.229999532883373
200,141,empirical,5,0.560988979860319,0.908189321471217,5,0.853469763029973,0.746443168494709,41.7167936259277,0.69752380952381,0.349967126954424,0.701714285714286,0.358161157082313,0.701714285714286,0.318550299917947,0.701714285714286,0.358161157082313,0.701714285714286,0.318550299917947
200,141,OAS,5,0.532883004322324,0.909732446298994,5,0.858599116577173,0.763747998380065,40.204263346429,0.697142857142857,0.354241623647079,0.703238095238095,0.368610865265693,0.704380952380952,0.31899618876601,0.703238095238095,0.368610865265693,0.704380952380952,0.31899618876601
200,142,empirical,5,0.531147678363526,0.916475306941,5,0.758077909234796,0.589471444752079,53.8804907158365,0.741333333333333,0.32095176432664,0.711238095238095,0.29415990498544,0.707047619047619,0.192512455562829,0.711238095238095,0.29415990498544,0.707047619047619,0.192512455562829
200,142,OAS,5,0.50602035077723,0.917215377011464,5,0.760684778516022,0.593146838042974,53.6193631670319,0.741714285714286,0.325626285920404,0.708952380952381,0.297722148598027,0.707809523809524,0.192490295617246,0.708952380952381,0.297722148598027,0.707809523809524,0.192490295617246
200,143,empirical,5,0.542442183404039,0.906759918994695,5,0.749659918195602,0.0326165981518418,88.1308750747955,0.723809523809524,0.365347450701957,0.712,0.243130214009708,0.704,0.216059300920623,0.712,0.243130214009708,0.704,0.216059300920623
200,143,OAS,5,0.514871196941268,0.908715943436252,5,0.750046892951722,0.0306788531805263,88.2419553426065,0.722666666666667,0.365787172847878,0.712380952380952,0.241035972400517,0.706285714285714,0.216883421912154,0.712380952380952,0.241035972400517,0.706285714285714,0.216883421912154
200,144,empirical,5,0.540964700593879,0.898146763068229,5,0.828480323312063,0.63930471804052,50.2600064070518,0.701714285714286,0.292342345614667,0.706666666666667,0.309125066753615,0.71352380952381,0.284996336165229,0.706666666666667,0.309125066753615,0.71352380952381,0.284996336165229
200,144,OAS,5,0.51232724904231,0.899623404059888,5,0.827767642899721,0.63844939892176,50.3237079795648,0.702857142857143,0.316399105396191,0.708571428571429,0.310480343749985,0.713904761904762,0.282613659637035,0.708571428571429,0.310480343749985,0.713904761904762,0.282613659637035
200,145,empirical,5,0.534774479937216,0.910825930445661,5,0.729460715354993,0.0436513666280033,87.4981659763524,0.708190476190476,0.292679681173772,0.694095238095238,0.300742120466176,0.694857142857143,0.237264280277952,0.694095238095238,0.300742120466176,0.694857142857143,0.237264280277952
200,145,OAS,5,0.505954510070681,0.911034129827186,5,0.729478624558998,0.0493213013930021,87.1729506234118,0.710095238095238,0.30185972370903,0.696380952380952,0.255975402098442,0.692190476190476,0.232035344042804,0.696380952380952,0.255975402098442,0.692190476190476,0.232035344042804
200,146,empirical,5,0.5320291904437,0.919587800216073,5,0.805198367965942,0.595146923956728,53.4768933167889,0.671619047619048,0.284209578418063,0.624,0.250423375590957,0.605333333333333,0.207456808154388,0.624,0.250423375590957,0.605333333333333,0.207456808154388
200,146,OAS,5,0.506030003582477,0.920712776706163,5,0.80875334210457,0.612838592021861,52.2049641281283,0.67352380952381,0.27885742663642,0.622857142857143,0.245304350938832,0.604571428571429,0.205393854308116,0.622857142857143,0.245304350938832,0.604571428571429,0.205393854308116
200,147,empirical,5,0.556737350228063,0.946730701098296,5,0.87385133938254,0.788952802358725,37.9122433352423,0.749714285714286,0.269363412406884,0.750857142857143,0.274113175057881,0.744380952380952,0.221594541464646,0.750857142857143,0.274113175057881,0.744380952380952,0.221594541464646
200,147,OAS,5,0.529672015021221,0.947857427163021,5,0.874524613613029,0.789912590477246,37.8226563105337,0.749333333333333,0.265112505157563,0.749714285714286,0.235814956997135,0.743619047619048,0.220606009218613,0.749714285714286,0.235814956997135,0.743619047619048,0.220606009218613
200,148,empirical,5,0.550927794610532,0.891011997708057,5,0.848151849037859,0.827878569925533,34.1185714122456,0.685714285714286,0.303900958106778,0.720380952380952,0.323261991540449,0.716190476190476,0.270762189063111,0.720380952380952,0.323261991540449,0.716190476190476,0.270762189063111
200,148,OAS,5,0.523148246692043,0.892640851692932,5,0.849622061260365,0.8284478135691,34.0603804707183,0.68647619047619,0.304873061072711,0.724571428571429,0.325455117682645,0.717333333333333,0.271110734432653,0.724571428571429,0.325455117682645,0.717333333333333,0.271110734432653
200,149,empirical,5,0.535803992431377,0.93712028763007,5,0.724780243539541,0.191249076810508,78.9743121331227,0.707428571428571,0.244591627297672,0.72152380952381,0.242607942109085,0.707809523809524,0.248370924065264,0.72152380952381,0.242607942109085,0.707809523809524,0.248370924065264
200,149,OAS,5,0.512166913923188,0.938577683300748,5,0.72491486442181,0.192930727754749,78.8761322469193,0.707809523809524,0.24891823667156,0.725714285714286,0.245533915939443,0.707428571428571,0.24783701542168,0.725714285714286,0.245533915939443,0.707428571428571,0.24783701542168
200,150,empirical,5,0.562713464242967,0.947661474803938,5,0.831724164334408,0.684682097607232,46.7893889451203,0.684571428571429,0.282881740392608,0.664,0.276368831431937,0.655619047619048,0.229790158430603,0.664,0.276368831431937,0.655619047619048,0.229790158430603
200,150,OAS,5,0.53754302700615,0.948532762972003,5,0.831712777538497,0.682290898044556,46.9770776858429,0.684952380952381,0.263446995989956,0.665142857142857,0.205776765331906,0.656,0.2297694132346,0.665142857142857,0.205776765331906,0.656,0.2297694132346
200,151,empirical,5,0.536834877181711,0.902457714968049,5,0.859435035593442,0.793827087309493,37.4553889511463,0.745142857142857,0.365020454218233,0.745904761904762,0.350801392932432,0.748190476190476,0.27352017999353,0.745904761904762,0.350801392932432,0.748190476190476,0.27352017999353
200,151,OAS,5,0.511531002103626,0.903523205920561,5,0.858648995877848,0.79378208726076,37.4596283917244,0.744380952380952,0.356182633800566,0.748571428571429,0.35198635139906,0.750476190476191,0.273709453798491,0.748571428571429,0.35198635139906,0.750476190476191,0.273709453798491
200,152,empirical,5,0.538937193548458,0.906149317447196,5,0.714049991877035,0.232845775890318,76.5353274189765,0.753523809523809,0.247047140186853,0.750095238095238,0.23938319115296,0.733714285714286,0.210191375198971,0.750095238095238,0.23938319115296,0.733714285714286,0.210191375198971
200,152,OAS,5,0.510206877892114,0.907192063929457,5,0.71529873025533,0.23782232788953,76.2419520459686,0.753523809523809,0.248533993378245,0.753523809523809,0.242419647351897,0.732571428571429,0.210039188885172,0.753523809523809,0.242419647351897,0.732571428571429,0.210039188885172
200,153,empirical,5,0.556475182916883,0.924946747322057,5,0.821928883499514,0.612590868680217,52.2229236719516,0.714666666666667,0.280121223290596,0.738285714285714,0.242286214600638,0.745142857142857,0.261203504114213,0.738285714285714,0.242286214600638,0.745142857142857,0.261203504114213
200,153,OAS,5,0.535775813973977,0.925602837810057,5,0.822113863444525,0.612720331510237,52.2135383694556,0.713904761904762,0.269993346052744,0.740190476190476,0.242995436788247,0.746666666666667,0.261478445077982,0.740190476190476,0.242995436788247,0.746666666666667,0.261478445077982
200,154,empirical,5,0.536987142960764,0.903400735696134,5,0.694911560204336,0.503811893888367,59.7474850502659,0.720761904761905,0.226356614330179,0.723428571428571,0.19511730313753,0.710857142857143,0.178802354200175,0.723428571428571,0.19511730313753,0.710857142857143,0.178802354200175
200,154,OAS,5,0.510554885366295,0.905045335852721,5,0.695407746402754,0.507087913931096,59.5299489130705,0.722285714285714,0.215495781002647,0.723809523809524,0.198515955127481,0.710095238095238,0.179647079929821,0.723809523809524,0.198515955127481,0.710095238095238,0.179647079929821
200,155,empirical,5,0.553060487501922,0.909447265633543,5,0.738894027658965,0.100886946057817,84.209752949074,0.687619047619048,0.21370645243295,0.694095238095238,0.202485468283668,0.685333333333333,0.186111840108969,0.694095238095238,0.202485468283668,0.685333333333333,0.186111840108969
200,155,OAS,5,0.527149228176051,0.910215328898162,5,0.739090493104362,0.111766380094537,83.5828503268799,0.688,0.208997560725643,0.696761904761905,0.197531721707134,0.684190476190476,0.174316157034555,0.696761904761905,0.197531721707134,0.684190476190476,0.174316157034555
200,156,empirical,5,0.548376440355769,0.926461878955679,5,0.688951859814706,0.114275171701472,83.4381801604327,0.675428571428571,0.204955520396776,0.664761904761905,0.195697052402479,0.66247619047619,0.172816965645241,0.664761904761905,0.195697052402479,0.66247619047619,0.172816965645241
200,156,OAS,5,0.52623917385706,0.926964006875828,5,0.688827890580619,0.110772784405172,83.6401348911566,0.674666666666667,0.200844949054252,0.662857142857143,0.192942850092467,0.663619047619048,0.174279990948525,0.662857142857143,0.192942850092467,0.663619047619048,0.174279990948525
200,157,empirical,5,0.53507782711288,0.922322385370057,5,0.720069635757016,0.202849109148807,78.2963831596569,0.641904761904762,0.196321623868715,0.619809523809524,0.215729623904788,0.622476190476191,0.187534724240624,0.619809523809524,0.215729623904788,0.622476190476191,0.187534724240624
200,157,OAS,5,0.510533658987571,0.923258407799604,5,0.722036326446869,0.213305964811098,77.6838390621652,0.643047619047619,0.201310089749631,0.618285714285714,0.218080068419854,0.620190476190476,0.19268833350438,0.618285714285714,0.218080068419854,0.620190476190476,0.19268833350438
200,158,empirical,5,0.544830058885263,0.932606385072629,5,0.793460002001609,0.686061902398719,46.6808229176871,0.728761904761905,0.232547804035629,0.733714285714286,0.222136369757653,0.728380952380952,0.204322094410195,0.733714285714286,0.222136369757653,0.728380952380952,0.204322094410195
200,158,OAS,5,0.519956891353304,0.933664877726603,5,0.794542228747765,0.690063437572517,46.3648692891162,0.727619047619048,0.229545669724078,0.737142857142857,0.229076484794801,0.730666666666667,0.209017795521799,0.737142857142857,0.229076484794801,0.730666666666667,0.209017795521799
200,159,empirical,5,0.5632254955944,0.914545526118962,5,0.923743506910037,0.876900949152377,28.7292430791424,0.729142857142857,0.289213639156138,0.723428571428571,0.257840460666751,0.723809523809524,0.239178164438636,0.723428571428571,0.257840460666751,0.723809523809524,0.239178164438636
200,159,OAS,5,0.538225788037201,0.914818459761971,5,0.923462722112785,0.876173117379981,28.8158808304241,0.729904761904762,0.285255698410538,0.724952380952381,0.251509907426115,0.72647619047619,0.241478681398174,0.724952380952381,0.251509907426115,0.72647619047619,0.241478681398174
200,160,empirical,4,0.501245484978485,0.945490252682317,5,0.830570378223056,0.695745147376195,45.9133743971462,0.692190476190476,0.296279677382166,0.703619047619048,0.260083092752681,0.711238095238095,0.252839925059055,0.712380952380952,0.261426913649338,0.71847619047619,0.248435248037615
200,160,OAS,5,0.538793570873842,0.946646721515832,5,0.832177140466917,0.700477602674851,45.5346652997265,0.692190476190476,0.259764252902017,0.713142857142857,0.261619165010007,0.719619047619048,0.249387628559262,0.713142857142857,0.261619165010007,0.719619047619048,0.249387628559262
200,161,empirical,5,0.552047828943356,0.91792220516387,5,0.837833109654682,0.71741358739344,44.1586477908689,0.681904761904762,0.230289211646178,0.678857142857143,0.186063309625284,0.668952380952381,0.157262092591829,0.678857142857143,0.186063309625284,0.668952380952381,0.157262092591829
200,161,OAS,5,0.526727663626147,0.918560799905523,5,0.837972251696589,0.718993954826893,44.0285181673576,0.68,0.221035210419793,0.682666666666667,0.191474169737749,0.671619047619048,0.158051446875984,0.682666666666667,0.191474169737749,0.671619047619048,0.158051446875984
200,162,empirical,5,0.537245139828777,0.934809099537675,5,0.808193286072585,0.638718110303418,50.3037015060357,0.71352380952381,0.278302604574078,0.72647619047619,0.258680884934113,0.730666666666667,0.230932071418942,0.72647619047619,0.258680884934113,0.730666666666667,0.230932071418942
200,162,OAS,5,0.51024541129088,0.935655893660854,5,0.809488128527959,0.641689967816126,50.0820481199125,0.71352380952381,0.253151500658876,0.731047619047619,0.22822766938234,0.731809523809524,0.231046355231031,0.731047619047619,0.22822766938234,0.731809523809524,0.231046355231031
200,163,empirical,5,0.556083181493191,0.926960507726559,5,0.79342407569354,0.442965933823496,63.706726936121,0.647238095238095,0.201317837580509,0.652571428571429,0.230560019080973,0.663238095238095,0.214581090121629,0.652571428571429,0.230560019080973,0.663238095238095,0.214581090121629
200,163,OAS,5,0.53277175815444,0.927686581199946,5,0.793599844739881,0.444429894795725,63.6131306305578,0.646857142857143,0.20179510779056,0.65447619047619,0.219951311143015,0.66552380952381,0.214937051887853,0.65447619047619,0.219951311143015,0.66552380952381,0.214937051887853
200,164,empirical,5,0.535800663015973,0.922915491171209,5,0.844579077588653,0.679969265382608,47.1587586210887,0.720761904761905,0.307481892469484,0.732190476190476,0.31413260798215,0.739047619047619,0.195080551510717,0.732190476190476,0.31413260798215,0.739047619047619,0.195080551510717
200,164,OAS,5,0.508433353764093,0.92414544213938,5,0.845833219766481,0.684356201191968,46.8150029655325,0.72152380952381,0.285685598522771,0.737904761904762,0.316434957894064,0.743238095238095,0.197501974585152,0.737904761904762,0.316434957894064,0.743238095238095,0.197501974585152
200,165,empirical,5,0.558952037859852,0.933778600077856,5,0.761404435796371,0.325374303607181,71.0117464044718,0.71352380952381,0.242500673438259,0.739047619047619,0.241304087444523,0.749333333333333,0.215883680337079,0.739047619047619,0.241304087444523,0.749333333333333,0.215883680337079
200,165,OAS,5,0.532105239581259,0.934884331246966,5,0.761854995318404,0.329459415960471,70.7640324656256,0.711238095238095,0.223849017806475,0.743619047619048,0.23746592560693,0.751619047619048,0.219938352249376,0.743619047619048,0.23746592560693,0.751619047619048,0.219938352249376
200,166,empirical,5,0.53817714208295,0.919124162937886,5,0.748498321049619,0.0288203147693588,88.348488918563,0.730666666666667,0.314953882520612,0.765333333333333,0.364576637602249,0.765714285714286,0.350182596790664,0.765333333333333,0.364576637602249,0.765714285714286,0.350182596790664
200,166,OAS,5,0.509078965857493,0.920082929837683,5,0.749606227622086,0.0231262787157401,88.6748436947719,0.729142857142857,0.303635939092521,0.768761904761905,0.368684575241706,0.770285714285714,0.353463927157877,0.768761904761905,0.368684575241706,0.770285714285714,0.353463927157877
200,167,empirical,5,0.534149895490899,0.912572005931058,5,0.751560781494006,0.410255084026504,65.7791402131816,0.652190476190476,0.2340440652201,0.66552380952381,0.210794046559058,0.64647619047619,0.174740546752717,0.66552380952381,0.210794046559058,0.64647619047619,0.174740546752717
200,167,OAS,5,0.509851827063104,0.913292830680541,5,0.750794574030072,0.405369493007092,66.0857164562183,0.652190476190476,0.235271574629507,0.667809523809524,0.200341714122071,0.647619047619048,0.17516403310801,0.667809523809524,0.200341714122071,0.647619047619048,0.17516403310801
200,168,empirical,5,0.538890372511616,0.916408823104883,5,0.745321542722352,0.135639026694792,82.2044266809689,0.685333333333333,0.295503967349098,0.690666666666667,0.292090759702041,0.691809523809524,0.280345747863625,0.690666666666667,0.292090759702041,0.691809523809524,0.280345747863625
200,168,OAS,5,0.510413502767375,0.916741242285469,5,0.745957370066312,0.141785542508547,81.848818908752,0.685333333333333,0.295726303160764,0.691047619047619,0.292128146778071,0.693714285714286,0.281708743139792,0.691047619047619,0.292128146778071,0.693714285714286,0.281708743139792
200,169,empirical,5,0.538399642530934,0.897700621536389,5,0.823562623646369,0.614226073426196,52.1042930912855,0.69752380952381,0.257035157393014,0.700571428571429,0.259493458029703,0.702857142857143,0.265105435649345,0.700571428571429,0.259493458029703,0.702857142857143,0.265105435649345
200,169,OAS,5,0.510011567272661,0.898774860362075,5,0.826374615325853,0.621197107514667,51.5963935988824,0.696380952380952,0.259155123095657,0.698666666666667,0.225758852472785,0.70247619047619,0.264465319225137,0.698666666666667,0.225758852472785,0.70247619047619,0.264465319225137
200,170,empirical,5,0.558388271232497,0.942573711766327,5,0.749658573572352,0.0599351655960388,86.563908667573,0.709333333333333,0.339870272636982,0.72152380952381,0.307220169148284,0.721142857142857,0.243724465997756,0.72152380952381,0.307220169148284,0.721142857142857,0.243724465997756
200,170,OAS,5,0.535009271094609,0.942825650513719,5,0.749490944745322,0.0604684354913158,86.5332990339293,0.707428571428571,0.324610952103636,0.723809523809524,0.313072008043933,0.721904761904762,0.246023003388844,0.723809523809524,0.313072008043933,0.721904761904762,0.246023003388844
200,171,empirical,5,0.553311929447573,0.939599434887393,5,0.817269254189141,0.616168797867314,51.9631036043565,0.693714285714286,0.345935921992088,0.694095238095238,0.288557616261782,0.70247619047619,0.257046851633755,0.694095238095238,0.288557616261782,0.70247619047619,0.257046851633755
200,171,OAS,5,0.528640082617986,0.940119058553889,5,0.817984098600978,0.618716935261713,51.7775012897909,0.691809523809524,0.335490546853131,0.695619047619048,0.290956716320511,0.702095238095238,0.256938755984594,0.695619047619048,0.290956716320511,0.702095238095238,0.256938755984594
200,172,empirical,5,0.550119631911459,0.945171830098807,5,0.804425242426103,0.756658219324826,40.8295269865034,0.696380952380952,0.296111113359672,0.715428571428571,0.271293942518244,0.726095238095238,0.227663903102269,0.715428571428571,0.271293942518244,0.726095238095238,0.227663903102269
200,172,OAS,5,0.527603201964358,0.945329291815927,5,0.805115310393684,0.758519554198785,40.6661416877215,0.696,0.308672364344499,0.718857142857143,0.274207364940105,0.729142857142857,0.241797470802255,0.718857142857143,0.274207364940105,0.729142857142857,0.241797470802255
200,173,empirical,5,0.551087134705693,0.919097919318366,5,0.752581391788919,0.585745198434105,54.1443476751731,0.753142857142857,0.298491669510379,0.739809523809524,0.303599091767447,0.734857142857143,0.257427680574127,0.739809523809524,0.303599091767447,0.734857142857143,0.257427680574127
200,173,OAS,5,0.523611884179771,0.920032192173278,5,0.752802079385664,0.586685447768067,54.0778513788203,0.753142857142857,0.286534497184,0.738285714285714,0.302614721849736,0.734095238095238,0.257245779813828,0.738285714285714,0.302614721849736,0.734095238095238,0.257245779813828
200,174,empirical,4,0.503774865438274,0.935416201935904,5,0.808744734045079,0.553308512185595,56.4057118430561,0.666285714285714,0.286960692426264,0.657904761904762,0.234248694665572,0.668190476190476,0.178378250087554,0.651428571428571,0.238963260628835,0.655619047619048,0.207304995410717
200,174,OAS,5,0.539911732990952,0.936133527536118,5,0.808659112062794,0.554407216099476,56.3301049988416,0.664761904761905,0.2869227750984,0.651428571428571,0.239498160737323,0.657142857142857,0.218861833412976,0.651428571428571,0.239498160737323,0.657142857142857,0.218861833412976
200,175,empirical,5,0.557172371865503,0.91511063872596,5,0.864603921720753,0.796717722523305,37.1821987698106,0.746666666666667,0.295755054413785,0.753904761904762,0.270392960255735,0.754666666666667,0.20863209867697,0.753904761904762,0.270392960255735,0.754666666666667,0.20863209867697
200,175,OAS,5,0.529886890680611,0.915752732616883,5,0.867307880667841,0.804739901056888,36.4148563829491,0.747809523809524,0.299336462190442,0.755809523809524,0.271726437821567,0.759238095238095,0.210255797176022,0.755809523809524,0.271726437821567,0.759238095238095,0.210255797176022
200,176,empirical,5,0.547224136769596,0.939497959558582,5,0.785891859220998,0.533742888883142,57.7413026610572,0.728380952380952,0.335547334806864,0.728380952380952,0.307802763505531,0.728761904761905,0.313324564275483,0.728380952380952,0.307802763505531,0.728761904761905,0.313324564275483
200,176,OAS,5,0.523570355369819,0.940238029629047,5,0.786658082744551,0.536607829638487,57.5469837043672,0.726857142857143,0.333721469534416,0.731428571428571,0.301372007248705,0.731428571428571,0.318576828594964,0.731428571428571,0.301372007248705,0.731428571428571,0.318576828594964
200,177,empirical,5,0.549069557706407,0.942657691348791,5,0.76411301997595,0.233482771984147,76.497795758876,0.716952380952381,0.254451134435773,0.728,0.253695498822385,0.723809523809524,0.201705383477809,0.728,0.253695498822385,0.723809523809524,0.201705383477809
200,177,OAS,5,0.526144218814373,0.943383764822178,5,0.764972765375888,0.228919145321217,76.7665543264936,0.715809523809524,0.248833264015999,0.72952380952381,0.250277217586593,0.726857142857143,0.202952729056036,0.72952380952381,0.250277217586593,0.726857142857143,0.202952729056036
200,178,empirical,5,0.533022488869906,0.905334015667441,5,0.805913978629999,0.596532173398354,53.378065491194,0.638857142857143,0.187573114583558,0.664380952380952,0.219108988352416,0.657142857142857,0.204325586951948,0.664380952380952,0.219108988352416,0.657142857142857,0.204325586951948
200,178,OAS,5,0.508733193421122,0.905064581173702,5,0.805366091641411,0.595076262746879,53.4819311118384,0.637714285714286,0.171521370116481,0.666285714285714,0.218687935562996,0.660190476190476,0.205498875909449,0.666285714285714,0.218687935562996,0.660190476190476,0.205498875909449
200,179,empirical,5,0.54838682407131,0.916013419237448,5,0.652367705562332,0.166048539745225,80.4418483170608,0.731047619047619,0.322312933854713,0.741714285714286,0.249064945681662,0.737142857142857,0.244037883646959,0.741714285714286,0.249064945681662,0.737142857142857,0.244037883646959
200,179,OAS,5,0.521564553528726,0.916233865641416,5,0.652468938033177,0.170292230773141,80.1951895998564,0.730666666666667,0.291185457806295,0.741714285714286,0.25090789143153,0.737904761904762,0.238317849326982,0.741714285714286,0.25090789143153,0.737904761904762,0.238317849326982
200,180,empirical,5,0.526986874021323,0.920422347316809,5,0.833306834207071,0.794705983238149,37.372506159886,0.696,0.245274821724646,0.674285714285714,0.222827894863167,0.67047619047619,0.193754037492047,0.674285714285714,0.222827894863167,0.67047619047619,0.193754037492047
200,180,OAS,5,0.50070068725754,0.920695280959817,5,0.836151916763464,0.806612613610267,36.2337173429383,0.69447619047619,0.243585516711232,0.674666666666667,0.222593622564449,0.67047619047619,0.193611931155864,0.674666666666667,0.222593622564449,0.67047619047619,0.193611931155864
200,181,empirical,5,0.517946955076186,0.91382120222021,5,0.737279966913805,0.416917009366458,65.3599021656886,0.694857142857143,0.192997158809563,0.699809523809524,0.187804879821276,0.694095238095238,0.23800299256589,0.699809523809524,0.187804879821276,0.694095238095238,0.23800299256589
200,181,OAS,6,0.550144080199266,0.915133383196211,5,0.737931809258411,0.422007171025015,65.0386264131303,0.698285714285714,0.190923154525916,0.724190476190476,0.23799833666449,0.703619047619048,0.271104482470317,0.704,0.200237691658846,0.699047619047619,0.249697605277707
200,182,empirical,5,0.544885244942093,0.943420505889506,5,0.859245432034161,0.780188640183379,38.7221496350483,0.727619047619048,0.204120899761714,0.742476190476191,0.201179981738465,0.730285714285714,0.177854114075097,0.742476190476191,0.201179981738465,0.730285714285714,0.177854114075097
200,182,OAS,5,0.520675480648896,0.944323286400994,5,0.859634610920872,0.780816422226075,38.6646128529792,0.72647619047619,0.19514375556422,0.744,0.201651350322728,0.731047619047619,0.17781507496837,0.744,0.201651350322728,0.731047619047619,0.17781507496837
200,183,empirical,5,0.533510694889461,0.925522357376863,5,0.769256392648868,0.569531850221839,55.282413304459,0.681904761904762,0.285585415274025,0.665904761904762,0.285075076343596,0.661333333333333,0.220353339433766,0.665904761904762,0.285075076343596,0.661333333333333,0.220353339433766
200,183,OAS,5,0.507872209100812,0.926733063024052,5,0.773688823770846,0.583424321671134,54.3082466139324,0.681142857142857,0.285723894853049,0.667428571428571,0.284705625723896,0.660952380952381,0.221341306122388,0.667428571428571,0.284705625723896,0.660952380952381,0.221341306122388
200,184,empirical,5,0.528566407302615,0.912076876309447,5,0.840673412054589,0.75427435304872,41.037995322014,0.72952380952381,0.356283156807244,0.712,0.356465905307164,0.713142857142857,0.308095686873392,0.712,0.356465905307164,0.713142857142857,0.308095686873392
200,184,OAS,5,0.500212871935266,0.913289331531272,5,0.840354479501703,0.752889983547123,41.1586588240836,0.729142857142857,0.369175369396044,0.713142857142857,0.35385654136896,0.714666666666667,0.316218610755994,0.713142857142857,0.35385654136896,0.714666666666667,0.316218610755994
200,185,empirical,5,0.555795232796874,0.91240404676613,5,0.750314057859473,0.526639117365656,58.2213464893917,0.748571428571429,0.227270289965273,0.760761904761905,0.229876659171426,0.780952380952381,0.247968296850443,0.760761904761905,0.229876659171426,0.780952380952381,0.247968296850443
200,185,OAS,5,0.529925477994302,0.913294580255176,5,0.749476440707764,0.527083765897696,58.1913724329408,0.748190476190476,0.216587865259785,0.762285714285714,0.234060968808566,0.78247619047619,0.249882328065862,0.762285714285714,0.234060968808566,0.78247619047619,0.249882328065862
200,186,empirical,4,0.505475844683044,0.944522737909346,5,0.855576402428958,0.780866989508241,38.6599751745627,0.689904761904762,0.22633232602586,0.689142857142857,0.19844644290729,0.684571428571429,0.185729634313012,0.700952380952381,0.226960101103115,0.699428571428571,0.198974856836008
200,186,OAS,5,0.538730436149787,0.944720439843063,5,0.858730294890834,0.791547239862113,37.6696605477942,0.690285714285714,0.22889633066953,0.704380952380952,0.217393826875871,0.700190476190476,0.198186521971983,0.704380952380952,0.217393826875871,0.700190476190476,0.198186521971983
200,187,empirical,4,0.500835900589397,0.923345886531337,5,0.781558277091712,0.563008369936547,55.7358970441066,0.738666666666667,0.335083170329391,0.735619047619048,0.290297284951286,0.733714285714286,0.23926492316271,0.738666666666667,0.302157886206382,0.734095238095238,0.251808433158637
200,187,OAS,5,0.535200801937433,0.923645063793865,5,0.7809942481529,0.559501279402094,55.9786850953276,0.736761904761905,0.270220733357648,0.739809523809524,0.293460586082362,0.735619047619048,0.253990210854769,0.739809523809524,0.293460586082362,0.735619047619048,0.253990210854769
200,188,empirical,4,0.509255913472676,0.92472280176882,5,0.853897699092434,0.712155902128212,44.589402728625,0.764952380952381,0.341856525346642,0.746285714285714,0.273755382494244,0.726095238095238,0.196415355494559,0.761523809523809,0.33124561356793,0.746285714285714,0.213084854308933
200,188,OAS,5,0.545085252503192,0.9262711753205,5,0.854296438586884,0.713744651551804,44.459586952276,0.765333333333333,0.323283856268731,0.763047619047619,0.310256927296254,0.745904761904762,0.212866188141923,0.763047619047619,0.310256927296254,0.745904761904762,0.212866188141923
200,189,empirical,5,0.534336502413768,0.924939749023519,5,0.873922213499361,0.818042620292477,35.1106701648969,0.69447619047619,0.325368240963125,0.701333333333333,0.331120722821536,0.706285714285714,0.22288154122281,0.701333333333333,0.331120722821536,0.706285714285714,0.22288154122281
200,189,OAS,5,0.506595106365091,0.92624843085025,5,0.874877746566376,0.819398341419241,34.9753893024049,0.694857142857143,0.315619639508526,0.70247619047619,0.331680737039799,0.70552380952381,0.22224188495724,0.70247619047619,0.331680737039799,0.70552380952381,0.22224188495724
200,190,empirical,5,0.553137609455539,0.934508172700512,5,0.768403828394521,0.492798317961901,60.4753265700027,0.702095238095238,0.226630506094274,0.68952380952381,0.174171955876563,0.68152380952381,0.157425462706555,0.68952380952381,0.174171955876563,0.68152380952381,0.157425462706555
200,190,OAS,5,0.530919376013263,0.93464988824592,5,0.768924858733103,0.481840266854724,61.1943381305033,0.699047619047619,0.213318662492755,0.691809523809524,0.172835756708659,0.683047619047619,0.159145065742767,0.691809523809524,0.172835756708659,0.683047619047619,0.159145065742767
200,191,empirical,5,0.529238035330215,0.939225025915574,5,0.814589858841619,0.544828984183271,56.9870222150819,0.68647619047619,0.189198260391557,0.731047619047619,0.203572860208784,0.746285714285714,0.196316394927551,0.731047619047619,0.203572860208784,0.746285714285714,0.196316394927551
200,191,OAS,5,0.503737626640741,0.940092814934369,5,0.81352177862745,0.539969630527121,57.318428511239,0.684571428571429,0.184099580939471,0.736,0.207392885876964,0.751619047619048,0.203259633297039,0.736,0.207392885876964,0.751619047619048,0.203259633297039
200,192,empirical,5,0.550238158718114,0.945423768846199,5,0.742740185226332,0.253649912573834,75.3063991460443,0.695619047619048,0.249254477669097,0.698285714285714,0.257924465288298,0.696761904761905,0.237255002237565,0.698285714285714,0.257924465288298,0.696761904761905,0.237255002237565
200,192,OAS,5,0.523274063590102,0.946669465986082,5,0.741906700985103,0.246141310487844,75.7507083430285,0.695619047619048,0.251816051518727,0.699047619047619,0.22536419793122,0.695619047619048,0.237163415868893,0.699047619047619,0.22536419793122,0.695619047619048,0.237163415868893
200,193,empirical,5,0.539452345796738,0.925303660547529,5,0.836992122187986,0.697061938736219,45.8082443403924,0.71847619047619,0.234849253437928,0.696380952380952,0.212582996632659,0.696761904761905,0.215947705403006,0.696380952380952,0.212582996632659,0.696761904761905,0.215947705403006
200,193,OAS,5,0.511879977236714,0.926407642142004,5,0.83844036207383,0.710580997824415,44.7177934121318,0.721904761904762,0.239725284095065,0.703238095238095,0.217447482721161,0.700571428571429,0.216055853153841,0.703238095238095,0.217447482721161,0.700571428571429,0.216055853153841
200,194,empirical,5,0.527487134223752,0.933808342846645,5,0.736499888893834,0.303635355632132,72.3239175385553,0.712,0.312688346968237,0.720380952380952,0.321298854210846,0.735238095238095,0.24570270509198,0.720380952380952,0.321298854210846,0.735238095238095,0.24570270509198
200,194,OAS,5,0.500937152906139,0.9348860808216,5,0.739499255291657,0.305409819831647,72.2171786589747,0.711619047619048,0.314560725411196,0.720761904761905,0.329546132039228,0.738285714285714,0.250022361003623,0.720761904761905,0.329546132039228,0.738285714285714,0.250022361003623
200,195,empirical,5,0.540929364870613,0.886935488809283,5,0.828587077410321,0.765424198238732,40.0552546580806,0.78552380952381,0.285095581937771,0.819809523809524,0.306600441562493,0.82247619047619,0.264668943198686,0.819809523809524,0.306600441562493,0.82247619047619,0.264668943198686
200,195,OAS,5,0.511181420977528,0.887124442869828,5,0.830705183039541,0.765236579252939,40.0719562550285,0.786285714285714,0.291835987683045,0.825904761904762,0.312538599746269,0.824380952380952,0.268854262437699,0.825904761904762,0.312538599746269,0.824380952380952,0.268854262437699
200,196,empirical,4,0.514377672149832,0.936721384613366,5,0.761352554188448,0.598383938904257,53.2457567377029,0.661714285714286,0.218405319274886,0.623238095238095,0.161831371310687,0.630476190476191,0.206714389502581,0.66552380952381,0.175673544786845,0.673142857142857,0.167297620234164
200,196,OAS,5,0.544167974710592,0.93793383983519,5,0.763870626474711,0.614393815258176,52.0921129778001,0.662857142857143,0.22253437548199,0.670095238095238,0.178769139826855,0.673904761904762,0.167882468228309,0.670095238095238,0.178769139826855,0.673904761904762,0.167882468228309
200,197,empirical,5,0.551406855794766,0.908142082956081,5,0.746855443587283,0.224632429049755,77.0187353824981,0.72152380952381,0.299930502827741,0.739809523809524,0.266446204301578,0.748190476190476,0.273533183550787,0.739809523809524,0.266446204301578,0.748190476190476,0.273533183550787
200,197,OAS,5,0.522238820360391,0.910133098890332,5,0.748062232309851,0.234276956785902,76.4509943053418,0.722285714285714,0.303980323826563,0.742095238095238,0.266963691509051,0.752380952380952,0.275829982375635,0.742095238095238,0.266963691509051,0.752380952380952,0.275829982375635
200,198,empirical,4,0.50998421498547,0.932343948877429,5,0.794307178844742,0.470556168192865,61.9295953281391,0.69752380952381,0.223252931246564,0.645714285714286,0.154558188613149,0.649904761904762,0.15431143651349,0.661333333333333,0.202863910018507,0.672380952380952,0.194151446449755
200,198,OAS,5,0.545197416930885,0.934326216938507,5,0.795182478907117,0.472013251640959,61.8349393924241,0.697904761904762,0.219432806805479,0.664,0.206679865581589,0.671238095238095,0.193899138616222,0.664,0.206679865581589,0.671238095238095,0.193899138616222
200,199,empirical,5,0.549801155931883,0.923657310816308,5,0.874349349606914,0.810317478551277,35.8730384656367,0.70552380952381,0.29496135968948,0.716190476190476,0.233039501160563,0.708190476190476,0.228362649266881,0.716190476190476,0.233039501160563,0.708190476190476,0.228362649266881
200,199,OAS,5,0.523718333272756,0.923825269981236,5,0.874644278482103,0.811467819284131,35.76040977254,0.70552380952381,0.267565724934345,0.716952380952381,0.229545351075618,0.712761904761905,0.229975893552661,0.716952380952381,0.229545351075618,0.712761904761905,0.229975893552661
500,0,empirical,5,0.524445760607056,0.969763851163686,5,0.824923138539339,0.494740764368103,60.3473424993583,0.709333333333333,0.268717133066785,0.719238095238095,0.275759438957093,0.721142857142857,0.238486150218127,0.719238095238095,0.275759438957093,0.721142857142857,0.238486150218127
500,0,OAS,5,0.513994315469633,0.969828585425169,5,0.824920656280106,0.494289528208435,60.3770880698409,0.707809523809524,0.234581329366553,0.720761904761905,0.277253039968765,0.721142857142857,0.237454206018396,0.720761904761905,0.277253039968765,0.721142857142857,0.237454206018396
500,1,empirical,5,0.522923366798587,0.955699020675598,5,0.9068356689354,0.808217829620423,36.0778277744596,0.685333333333333,0.316078738329918,0.703238095238095,0.302515929539665,0.728,0.277210523302721,0.703238095238095,0.302515929539665,0.728,0.277210523302721
500,1,OAS,5,0.512316948245988,0.956027940706916,5,0.907149052818716,0.809026197504865,35.9991028931358,0.686095238095238,0.317263923515103,0.704,0.327676233760026,0.729904761904762,0.278034493327973,0.704,0.327676233760026,0.729904761904762,0.278034493327973
500,2,empirical,5,0.524816675147726,0.955664029182905,5,0.850491119569334,0.64159569493196,50.089090379694,0.70247619047619,0.248139779332479,0.704,0.239557022006677,0.707428571428571,0.199750473153862,0.704,0.239557022006677,0.707428571428571,0.199750473153862
500,2,OAS,5,0.512906317977616,0.955863480691257,5,0.85156113915536,0.645562067079424,49.7921695823209,0.702857142857143,0.248919506427996,0.702857142857143,0.241951230091719,0.707809523809524,0.199950998313186,0.702857142857143,0.241951230091719,0.707809523809524,0.199950998313186
500,3,empirical,5,0.523077767647611,0.943600712076876,5,0.830967815194988,0.545194686403024,56.9620311778542,0.655238095238095,0.175191638485478,0.653333333333333,0.16830633448729,0.657142857142857,0.141964809632916,0.653333333333333,0.16830633448729,0.657142857142857,0.141964809632916
500,3,OAS,5,0.512138808304575,0.944234058094626,5,0.831216810204842,0.5460341890563,56.9046351414977,0.653714285714286,0.175110108751623,0.653714285714286,0.168825611394905,0.657142857142857,0.143130966513359,0.653714285714286,0.168825611394905,0.657142857142857,0.143130966513359
500,4,empirical,5,0.515185935970417,0.949468785401549,5,0.851537784627131,0.769050201069497,39.7313258122042,0.681904761904762,0.199508333762751,0.706666666666667,0.237348695882213,0.711238095238095,0.179707328074314,0.706666666666667,0.237348695882213,0.711238095238095,0.179707328074314
500,4,OAS,5,0.504728212097575,0.949533519663032,5,0.85150062254394,0.769011675262011,39.7347790760646,0.681142857142857,0.199187201812288,0.710095238095238,0.239648330758234,0.713904761904762,0.180204130963035,0.710095238095238,0.239648330758234,0.713904761904762,0.180204130963035
500,5,empirical,5,0.531496675612871,0.967793830125051,5,0.958419068508199,0.949619769356407,18.2645133842757,0.728761904761905,0.310142522153684,0.746285714285714,0.278117360075937,0.745904761904762,0.24374017337645,0.746285714285714,0.278117360075937,0.745904761904762,0.24374017337645
500,5,OAS,5,0.521208433181141,0.96785331566263,5,0.958483186700307,0.949494292175852,18.2874389031161,0.729142857142857,0.310602292268626,0.745523809523809,0.277500717459294,0.746666666666667,0.243330476089849,0.745523809523809,0.277500717459294,0.746666666666667,0.243330476089849
500,6,empirical,5,0.534890359078752,0.967734344587472,5,0.947914812792275,0.929090323265093,21.7065458318187,0.709714285714286,0.347680063072494,0.72647619047619,0.298342596135128,0.727619047619048,0.288721260224747,0.72647619047619,0.298342596135128,0.727619047619048,0.288721260224747
500,6,OAS,5,0.524828547717997,0.967848066938726,5,0.948052680088369,0.929248065551385,21.6820960729975,0.708952380952381,0.347174632830222,0.726857142857143,0.298640248122877,0.727238095238095,0.288758493995996,0.726857142857143,0.298640248122877,0.727238095238095,0.288758493995996
500,7,empirical,5,0.534123819462082,0.969261723243536,5,0.852570267400729,0.663965252985034,48.3970086870075,0.664761904761905,0.29166629072539,0.683428571428571,0.292869570673937,0.681904761904762,0.230872836208349,0.683428571428571,0.292869570673937,0.681904761904762,0.230872836208349
500,7,OAS,5,0.523927525016934,0.96911300939959,5,0.853292617879974,0.665978172738361,48.2425880392175,0.664380952380952,0.291777833490867,0.685333333333333,0.293198923115123,0.683047619047619,0.231330039251759,0.685333333333333,0.293198923115123,0.683047619047619,0.231330039251759
500,8,empirical,5,0.507986840377931,0.961917008927205,5,0.866231317159519,0.703803316953751,45.2670532533646,0.730285714285714,0.329201001181782,0.746285714285714,0.329855490400508,0.752380952380952,0.280617018991008,0.746285714285714,0.329855490400508,0.752380952380952,0.280617018991008
500,8,OAS,6,0.552038535878267,0.961812034449125,5,0.868722441625796,0.711720971153923,44.624888665068,0.731047619047619,0.33253741538182,0.766857142857143,0.330111243635871,0.766857142857143,0.325604720060005,0.747047619047619,0.308236720778379,0.754666666666667,0.283386564213818
500,9,empirical,5,0.52284437801213,0.966548132985168,5,0.855876011741782,0.653316925480736,49.2078468014971,0.724190476190476,0.320545030118269,0.720380952380952,0.214736440948407,0.724571428571429,0.182574322056015,0.720380952380952,0.214736440948407,0.724571428571429,0.182574322056015
500,9,OAS,5,0.51230862898815,0.96687880259112,5,0.855350021154973,0.650953962892395,49.3864347423302,0.724190476190476,0.327735291547661,0.721142857142857,0.212937548907321,0.726857142857143,0.183344324722569,0.721142857142857,0.212937548907321,0.726857142857143,0.183344324722569
500,10,empirical,5,0.517224998488443,0.965293687972112,5,0.868278956366804,0.788725124800714,37.9334684651215,0.734857142857143,0.315851785026142,0.750095238095238,0.31318630458864,0.749333333333333,0.239219704275479,0.750095238095238,0.31318630458864,0.749333333333333,0.239219704275479
500,10,OAS,5,0.507396395153722,0.965857051004475,5,0.86854123367361,0.788174067043508,37.9847988542719,0.735238095238095,0.31659394540601,0.752,0.315893343783243,0.749333333333333,0.238662499715024,0.752,0.315893343783243,0.749333333333333,0.238662499715024
500,11,empirical,5,0.543868179202674,0.975948597497234,5,0.798565156216537,0.351008474481324,69.4509896764222,0.684571428571429,0.287321344723423,0.705142857142857,0.264345389085853,0.707428571428571,0.213084362059309,0.705142857142857,0.264345389085853,0.707428571428571,0.213084362059309
500,11,OAS,5,0.534453364445726,0.976518958828135,5,0.799114059373704,0.354625311139967,69.2295176809276,0.684952380952381,0.287331496500836,0.705904761904762,0.264752320123258,0.708190476190476,0.213198343306586,0.705904761904762,0.264752320123258,0.708190476190476,0.213198343306586
500,12,empirical,5,0.522647151763945,0.962742808154767,5,0.84602759995956,0.632423621482276,50.7708398533955,0.690666666666667,0.300923338763599,0.696,0.279094408225046,0.699428571428571,0.249088061269017,0.696,0.279094408225046,0.699428571428571,0.249088061269017
500,12,OAS,5,0.512656547253926,0.962639583251322,5,0.846365989543819,0.633578532563614,50.6853635619062,0.690666666666667,0.302623146126269,0.697904761904762,0.279562947907567,0.699809523809524,0.249215409956977,0.697904761904762,0.279562947907567,0.699809523809524,0.249215409956977
500,13,empirical,5,0.530127480758437,0.967862063535803,5,0.882467359487601,0.767979807466784,39.8271776864933,0.728,0.221949037583028,0.755809523809524,0.275403604419391,0.751619047619048,0.202409487683791,0.755809523809524,0.275403604419391,0.751619047619048,0.202409487683791
500,13,OAS,5,0.519619349679086,0.968134997178811,5,0.882483239617787,0.768191965885394,39.8081945642507,0.728380952380952,0.216469692826543,0.757714285714286,0.276403835148433,0.753523809523809,0.203125105843235,0.757714285714286,0.276403835148433,0.753523809523809,0.203125105843235
500,14,empirical,5,0.534864339261099,0.969482169647505,5,0.917795824470274,0.863843305357581,30.249112852568,0.718095238095238,0.27051526212553,0.728,0.283795132834546,0.722285714285714,0.19869527865379,0.728,0.283795132834546,0.722285714285714,0.19869527865379
500,14,OAS,5,0.524537963731096,0.969931810328614,5,0.918175582624729,0.864644797165477,30.1578295476813,0.72,0.272485963967399,0.728380952380952,0.286616883681021,0.722285714285714,0.20277379772954,0.728380952380952,0.286616883681021,0.722285714285714,0.20277379772954
500,15,empirical,5,0.530074884042171,0.966079246983077,5,0.917381076978899,0.882268320157536,28.0827881075114,0.741714285714286,0.294280760164504,0.749333333333333,0.302280857540795,0.751619047619048,0.221085332041155,0.749333333333333,0.302280857540795,0.751619047619048,0.221085332041155
500,15,OAS,5,0.519607480787225,0.966180722311888,5,0.917442057221052,0.881655234821935,28.1573174316974,0.741714285714286,0.293949908220748,0.749714285714286,0.302091623631821,0.753142857142857,0.221936689230305,0.749714285714286,0.302091623631821,0.753142857142857,0.221936689230305
500,16,empirical,5,0.542037675693481,0.965410909472635,5,0.875240553175966,0.746022138907495,41.7530318045713,0.679238095238095,0.258358306110081,0.695619047619048,0.218793471021958,0.700571428571429,0.216702640560823,0.695619047619048,0.218793471021958,0.700571428571429,0.216702640560823
500,16,OAS,5,0.532535885927326,0.965444151390693,5,0.875652596900665,0.747254534083124,41.6468864544803,0.678857142857143,0.258173292234041,0.698285714285714,0.219657634220867,0.700571428571429,0.214468919980328,0.698285714285714,0.219657634220867,0.700571428571429,0.214468919980328
500,17,empirical,5,0.530369021036458,0.964431147677221,5,0.85202984301934,0.686971211218838,46.6091703873954,0.708571428571429,0.27635304153962,0.704761904761905,0.246307419652724,0.694095238095238,0.221660809627531,0.704761904761905,0.246307419652724,0.694095238095238,0.221660809627531
500,17,OAS,5,0.51940561190197,0.964422399804048,5,0.852904063933157,0.690037247024539,46.3669426352749,0.709333333333333,0.278418437188775,0.705904761904762,0.246531096570325,0.694857142857143,0.221592264195302,0.705904761904762,0.246531096570325,0.694857142857143,0.221592264195302
500,18,empirical,5,0.507088707818001,0.952950438924537,5,0.772635081639599,0.346670904201881,69.7161726136043,0.660952380952381,0.286625233938929,0.66247619047619,0.258879764992106,0.66552380952381,0.257848297500853,0.66247619047619,0.258879764992106,0.66552380952381,0.257848297500853
500,18,OAS,6,0.552102031515895,0.95327411023195,5,0.774229853468637,0.35510600766254,69.2000585166668,0.661333333333333,0.287967702847913,0.679619047619048,0.266365853676811,0.683047619047619,0.241641210324621,0.666666666666667,0.260155275742188,0.665142857142857,0.246631887143978
500,19,empirical,5,0.527130871582273,0.973110787439804,5,0.799339109609043,0.358375867342931,68.9995140674409,0.66247619047619,0.248989861533079,0.685333333333333,0.205315513604021,0.692571428571429,0.212441720269502,0.685333333333333,0.205315513604021,0.692571428571429,0.212441720269502
500,19,OAS,5,0.518021167020536,0.973130032760785,5,0.800638507232109,0.367179379220194,68.458232883691,0.662857142857143,0.249314829953977,0.686857142857143,0.205913830350365,0.69447619047619,0.21438160579547,0.686857142857143,0.205913830350365,0.69447619047619,0.21438160579547
500,20,empirical,5,0.539674775667012,0.960317897711119,5,0.884665105403203,0.753243595171658,41.1278652421834,0.71047619047619,0.261405728941346,0.735238095238095,0.306205753356297,0.745142857142857,0.236381887354754,0.735238095238095,0.306205753356297,0.745142857142857,0.236381887354754
500,20,OAS,5,0.52841461778809,0.961082461826469,5,0.884454144467844,0.752291459969799,41.2107369951323,0.711238095238095,0.264858396373478,0.736,0.307878751784079,0.748190476190476,0.23765126564809,0.736,0.307878751784079,0.748190476190476,0.23765126564809
500,21,empirical,5,0.530710120006291,0.965426655644346,5,0.858166126929937,0.640543976695176,50.1676055599211,0.700571428571429,0.306866529385953,0.700571428571429,0.299905730556474,0.702095238095238,0.250959069191274,0.700571428571429,0.299905730556474,0.702095238095238,0.250959069191274
500,21,OAS,5,0.521293185733005,0.965622608003429,5,0.857841931680173,0.639270446731868,50.2625599619533,0.701714285714286,0.31192481277155,0.701333333333333,0.30027702272931,0.702857142857143,0.252326971384279,0.701333333333333,0.30027702272931,0.702857142857143,0.252326971384279
500,22,empirical,5,0.547294591049013,0.969965052246673,5,0.902374911856653,0.859920888895455,30.6922985383928,0.701333333333333,0.32857591889387,0.736380952380952,0.338021413865742,0.739809523809524,0.26220953770026,0.736380952380952,0.338021413865742,0.739809523809524,0.26220953770026
500,22,OAS,5,0.537153637816012,0.969931810328614,5,0.902557306800314,0.860096601793364,30.6725689353162,0.700190476190476,0.306249978569495,0.737904761904762,0.33856985266913,0.739428571428571,0.262138322773611,0.737904761904762,0.33856985266913,0.739428571428571,0.262138322773611
500,23,empirical,5,0.519232094469743,0.964159963608848,5,0.930839771995306,0.893408608207131,26.6952534443195,0.722285714285714,0.27931935548319,0.729904761904762,0.309555773528484,0.732190476190476,0.28320844237815,0.729904761904762,0.309555773528484,0.732190476190476,0.28320844237815
500,23,OAS,5,0.507907243611086,0.96411972339225,5,0.931338473045506,0.894761539166441,26.5221833297456,0.720380952380952,0.271513678250706,0.731047619047619,0.310262059346992,0.731809523809524,0.281019897280669,0.731047619047619,0.310262059346992,0.731809523809524,0.281019897280669
500,24,empirical,5,0.528948472442446,0.973689896643879,5,0.93906385034002,0.893997917129601,26.6199958865069,0.68952380952381,0.257876265467312,0.701714285714286,0.259711954733981,0.701333333333333,0.225175767613489,0.701714285714286,0.259711954733981,0.701333333333333,0.225175767613489
500,24,OAS,5,0.518591644712823,0.973742383882919,5,0.939597766390643,0.895430636955222,26.436202565491,0.688380952380952,0.253021230359321,0.704,0.260684618953892,0.700571428571429,0.224960808116548,0.704,0.260684618953892,0.700571428571429,0.224960808116548
500,25,empirical,5,0.540375862254695,0.975560191928338,5,0.88213209510982,0.779908786481438,38.747775262729,0.724571428571429,0.322494535257769,0.749714285714286,0.320148838855295,0.744,0.274241433861477,0.749714285714286,0.320148838855295,0.744,0.274241433861477
500,25,OAS,5,0.529569750748446,0.975757893862055,5,0.882700392629395,0.780662719906818,38.6787064784073,0.724190476190476,0.322370606469128,0.752,0.321301522150836,0.745523809523809,0.26359735753337,0.752,0.321301522150836,0.745523809523809,0.26359735753337
500,26,empirical,5,0.533115805876248,0.975906607706002,5,0.899551084624091,0.813793281664766,35.5317815282093,0.715428571428571,0.248507252734418,0.751619047619048,0.290306177603037,0.742476190476191,0.205001541310322,0.751619047619048,0.290306177603037,0.742476190476191,0.205001541310322
500,26,OAS,5,0.522720714074345,0.97617604219974,5,0.899870283919853,0.814704259800473,35.4418697417803,0.715428571428571,0.248507252734418,0.752761904761905,0.290408413790094,0.746666666666667,0.206482844678102,0.752761904761905,0.290408413790094,0.746666666666667,0.206482844678102
500,27,empirical,5,0.535530877972365,0.969016782794683,5,0.905935317321012,0.861700297756192,30.4919683845741,0.675809523809524,0.246223977875849,0.68647619047619,0.284931595891782,0.685333333333333,0.235459268188391,0.68647619047619,0.284931595891782,0.685333333333333,0.235459268188391
500,27,OAS,5,0.525943778439972,0.969099012802513,5,0.907259046183913,0.865370691321238,30.0749396581606,0.675047619047619,0.237004290125838,0.688761904761905,0.285364265613747,0.686857142857143,0.235972313427752,0.688761904761905,0.285364265613747,0.686857142857143,0.235972313427752
500,28,empirical,5,0.521594674061882,0.966481649149051,5,0.8545411576169,0.630701226871341,50.8981232488099,0.708952380952381,0.211769770087276,0.708571428571429,0.226738899615867,0.700571428571429,0.169611072181086,0.708571428571429,0.226738899615867,0.700571428571429,0.169611072181086
500,28,OAS,5,0.511385811056148,0.966703845127654,5,0.855560993325669,0.635332665680919,50.5553379727632,0.71047619047619,0.211532511146186,0.707047619047619,0.215505992173115,0.699809523809524,0.170500774517882,0.707047619047619,0.215505992173115,0.699809523809524,0.170500774517882
500,29,empirical,5,0.531934219436962,0.971345466633425,5,0.776885957255299,0.348689065534321,69.5928465440994,0.712761904761905,0.251530633007796,0.70552380952381,0.249900557175909,0.713142857142857,0.250764269505599,0.70552380952381,0.249900557175909,0.713142857142857,0.250764269505599
500,29,OAS,5,0.521778257826839,0.97168488411255,5,0.777363554476908,0.351687620981016,69.4094276572271,0.711619047619048,0.250544438707178,0.70552380952381,0.251581846929479,0.712761904761905,0.250196087687417,0.70552380952381,0.251581846929479,0.712761904761905,0.250196087687417
500,30,empirical,5,0.536249599603735,0.968016026103654,5,0.948035301668217,0.93548515910581,20.693332369772,0.736380952380952,0.33001735112757,0.725714285714286,0.30384621393031,0.718095238095238,0.202668108416253,0.725714285714286,0.30384621393031,0.718095238095238,0.202668108416253
500,30,OAS,5,0.526053020519237,0.96808600908904,5,0.948446520150923,0.936587006684688,20.5139317877531,0.736761904761905,0.33397640310204,0.726857142857143,0.304624439719069,0.717714285714286,0.202622144084575,0.726857142857143,0.304624439719069,0.717714285714286,0.202622144084575
500,31,empirical,5,0.531276525341585,0.966073998259173,5,0.922085716510119,0.861919720109193,30.4671828917676,0.707428571428571,0.311367160619721,0.708571428571429,0.272480462682509,0.706285714285714,0.269354612625362,0.708571428571429,0.272480462682509,0.706285714285714,0.269354612625362
500,31,OAS,5,0.52035774816733,0.966367926797797,5,0.922315984489854,0.862371811509141,30.4160580324852,0.706666666666667,0.31127740817052,0.708571428571429,0.27041342311547,0.708190476190476,0.269853741463581,0.708571428571429,0.27041342311547,0.708190476190476,0.269853741463581
500,32,empirical,5,0.526463127946542,0.966208715506043,5,0.914517070732173,0.868489725400144,29.7163926420856,0.722666666666667,0.302445009765898,0.747428571428571,0.281718115248367,0.753142857142857,0.219585711221785,0.747428571428571,0.281718115248367,0.753142857142857,0.219585711221785
500,32,OAS,5,0.516775253075688,0.966640860440805,5,0.914527441662508,0.867944692511111,29.7793291337367,0.72152380952381,0.284365037812381,0.749333333333333,0.282139157669636,0.755047619047619,0.220673525180451,0.749333333333333,0.282139157669636,0.755047619047619,0.220673525180451
500,33,empirical,5,0.517656156741429,0.966343432752912,5,0.766953274631135,0.195899688844069,78.7027143033673,0.705142857142857,0.280812604571053,0.72647619047619,0.292931005991975,0.722666666666667,0.281063705858699,0.72647619047619,0.292931005991975,0.722666666666667,0.281063705858699
500,33,OAS,5,0.507674199412033,0.966469402126608,5,0.76717841793693,0.199439696663119,78.4958040608273,0.705142857142857,0.281982072358168,0.728380952380952,0.29435496251169,0.723047619047619,0.28099082339445,0.728380952380952,0.29435496251169,0.723047619047619,0.28099082339445
500,34,empirical,5,0.531419717050779,0.964964767940795,5,0.856554036053797,0.644272688417705,49.8888339732909,0.692571428571429,0.271908780819784,0.683047619047619,0.247840913923299,0.683428571428571,0.218754399005541,0.683047619047619,0.247840913923299,0.683428571428571,0.218754399005541
500,34,OAS,5,0.520651461679186,0.964893035380773,5,0.858694728813275,0.65335992901864,49.2045922354629,0.692952380952381,0.27342278425705,0.683047619047619,0.251548667697465,0.684190476190476,0.218625212192063,0.683047619047619,0.251548667697465,0.684190476190476,0.218625212192063
500,35,empirical,5,0.535908338109864,0.973283995328636,5,0.937258643759377,0.919329471726177,23.1717486937595,0.703238095238095,0.315440102892425,0.711619047619048,0.311860735458939,0.721142857142857,0.26787901030656,0.711619047619048,0.311860735458939,0.721142857142857,0.26787901030656
500,35,OAS,5,0.526529113705892,0.973462451941372,5,0.937843221413194,0.921031966733965,22.9225822600052,0.703619047619048,0.315976501359858,0.712761904761905,0.312109040897418,0.722666666666667,0.268209900562401,0.712761904761905,0.312109040897418,0.722666666666667,0.268209900562401
500,36,empirical,5,0.533466690614555,0.972706635699196,5,0.86020653770098,0.681739114090908,47.020306516742,0.710095238095238,0.24397440745519,0.718095238095238,0.311544509760966,0.713904761904762,0.255011265878876,0.718095238095238,0.311544509760966,0.713904761904762,0.255011265878876
500,36,OAS,5,0.52379636950389,0.972645400586982,5,0.86100495500003,0.684966388386166,46.7670361564546,0.710857142857143,0.247802334761378,0.717714285714286,0.28988006809808,0.714285714285714,0.255407836824173,0.717714285714286,0.28988006809808,0.714285714285714,0.255407836824173
500,37,empirical,5,0.537264287627086,0.970666631675174,5,0.948836017110817,0.931589537016776,21.3160339449261,0.69752380952381,0.318894788734498,0.715428571428571,0.294659987091514,0.722666666666667,0.253928198381653,0.715428571428571,0.294659987091514,0.722666666666667,0.253928198381653
500,37,OAS,5,0.52720369032517,0.970883578929873,5,0.948885240553477,0.931620212343513,21.3111984591382,0.696761904761905,0.318534573900599,0.716571428571429,0.297300980357507,0.724571428571429,0.254370610379711,0.716571428571429,0.297300980357507,0.724571428571429,0.254370610379711
500,38,empirical,5,0.539176451844157,0.97016275418039,5,0.891047743991614,0.783222347530905,38.4434352399773,0.723809523809524,0.296810586825257,0.740571428571429,0.301693976273732,0.752,0.297440050562867,0.740571428571429,0.301693976273732,0.752,0.297440050562867
500,38,OAS,5,0.529261538812432,0.970500422084881,5,0.891619509739789,0.784335390504867,38.340748273108,0.723428571428571,0.274588364603035,0.741333333333333,0.301384699207308,0.753142857142857,0.298021461505623,0.741333333333333,0.301384699207308,0.753142857142857,0.298021461505623
500,39,empirical,5,0.5264140241395,0.946232072327416,5,0.84576603630523,0.691238711261355,46.271756244783,0.701333333333333,0.259296982734356,0.733333333333333,0.258373571241231,0.72152380952381,0.222864012725414,0.733333333333333,0.258373571241231,0.72152380952381,0.222864012725414
500,39,OAS,5,0.515682914725749,0.946529500015309,5,0.846362245811098,0.693442172361207,46.0967918887881,0.700571428571429,0.258744741604729,0.734095238095238,0.226232939562347,0.723047619047619,0.226390152953452,0.734095238095238,0.226232939562347,0.723047619047619,0.226390152953452
500,40,empirical,5,0.523870334413347,0.974333740109436,5,0.807472021248333,0.433839817704415,64.2885073700876,0.704380952380952,0.250914608452813,0.715809523809524,0.276975338739965,0.699047619047619,0.240133795256663,0.715809523809524,0.276975338739965,0.699047619047619,0.240133795256663
500,40,OAS,5,0.51367489569203,0.974468457356305,5,0.807808695931251,0.434195324469835,64.2658978264502,0.70552380952381,0.258390369406835,0.716571428571429,0.277654152474334,0.700571428571429,0.241144831783158,0.716571428571429,0.277654152474334,0.700571428571429,0.241144831783158
500,41,empirical,5,0.518760328855282,0.970535413577574,5,0.933011863758259,0.877152622931132,28.6992293361097,0.707428571428571,0.244239006868486,0.740190476190476,0.277053663884661,0.753523809523809,0.282732628414269,0.740190476190476,0.277053663884661,0.753523809523809,0.282732628414269
500,41,OAS,5,0.509303682456019,0.970561657197094,5,0.933559755450713,0.878567630547988,28.5299426484157,0.707428571428571,0.244239006868486,0.740952380952381,0.277224530074711,0.755047619047619,0.28523620412578,0.740952380952381,0.277224530074711,0.755047619047619,0.28523620412578
500,42,empirical,5,0.518863790477626,0.968460418060859,5,0.866168068177532,0.771142161395386,39.5434349771791,0.707809523809524,0.324875432960937,0.725333333333333,0.320952584756857,0.724571428571429,0.288069288134023,0.725333333333333,0.320952584756857,0.724571428571429,0.288069288134023
500,42,OAS,5,0.50779507134147,0.968336198261798,5,0.869181287583966,0.781506945723788,38.6012422461251,0.708190476190476,0.326540978605053,0.728380952380952,0.323546478120413,0.724571428571429,0.287428361788264,0.728380952380952,0.323546478120413,0.724571428571429,0.287428361788264
500,43,empirical,5,0.516394553903338,0.972984818066108,5,0.929006985860486,0.87611308380383,28.8230163198673,0.677333333333333,0.251579207253773,0.707428571428571,0.264429356684844,0.704,0.226867511077472,0.707428571428571,0.264429356684844,0.704,0.226867511077472
500,43,OAS,5,0.505437484146072,0.973219261067153,5,0.929620589373473,0.877497753044277,28.6580235565052,0.676190476190476,0.250791903424598,0.708571428571429,0.229796215233223,0.70552380952381,0.227431128054949,0.708571428571429,0.229796215233223,0.70552380952381,0.227431128054949
500,44,empirical,5,0.538065770633966,0.980717937951336,5,0.938391234749548,0.876734236420993,28.7491088785981,0.702857142857143,0.306720383794925,0.727619047619048,0.310429745652309,0.731428571428571,0.242566524614128,0.727619047619048,0.310429745652309,0.731428571428571,0.242566524614128
500,44,OAS,5,0.528364859031059,0.980714438802066,5,0.938831913227825,0.877383819011318,28.6716323619874,0.703238095238095,0.287432319764903,0.729142857142857,0.31098182807478,0.731428571428571,0.241545670998418,0.729142857142857,0.31098182807478,0.731428571428571,0.241545670998418
500,45,empirical,5,0.52807588056797,0.966394170417317,5,0.87460521238762,0.719623415948466,43.9766022908777,0.725333333333333,0.327901991937723,0.748190476190476,0.316918910766554,0.751619047619048,0.268181080103068,0.748190476190476,0.316918910766554,0.751619047619048,0.268181080103068
500,45,OAS,5,0.5183232199651,0.966238458274832,5,0.876056832459125,0.724281433059168,43.5908956824333,0.725714285714286,0.328148677105777,0.751238095238095,0.318081504194296,0.751619047619048,0.274891431152021,0.751238095238095,0.318081504194296,0.751619047619048,0.274891431152021
500,46,empirical,5,0.536730308231243,0.968999287048336,5,0.8971926857777,0.823119965889154,34.601655002245,0.714666666666667,0.255694788343814,0.746285714285714,0.267198558112315,0.755809523809524,0.202468154580502,0.746285714285714,0.267198558112315,0.755809523809524,0.202468154580502
500,46,OAS,5,0.527084172762057,0.969067520459089,5,0.897065374175338,0.822726578364222,34.64132647655,0.714666666666667,0.258267134005667,0.747428571428571,0.268771003675986,0.757714285714286,0.204359959435667,0.747428571428571,0.268771003675986,0.757714285714286,0.204359959435667
500,47,empirical,5,0.53139556689001,0.980577971980562,5,0.852275459611458,0.625034587118306,51.3152738990283,0.71047619047619,0.220424515469353,0.695619047619048,0.196244366102764,0.695619047619048,0.193354253610449,0.695619047619048,0.196244366102764,0.695619047619048,0.193354253610449
500,47,OAS,5,0.52144888269133,0.980605965174717,5,0.852457983149164,0.625455294179055,51.284387357263,0.711238095238095,0.213604201136724,0.696,0.196864080243605,0.695238095238095,0.176751866098971,0.696,0.196864080243605,0.695238095238095,0.176751866098971
500,48,empirical,5,0.507623721463876,0.962637833676687,5,0.801984363454416,0.401536255105555,66.3257476101115,0.704761904761905,0.225509633563846,0.680761904761905,0.20731980663304,0.679619047619048,0.184111468684334,0.680761904761905,0.20731980663304,0.679619047619048,0.184111468684334
500,48,OAS,6,0.550213376020302,0.962688571341093,5,0.802343609723155,0.404887866346902,66.1158995389885,0.706666666666667,0.233139842370818,0.686095238095238,0.206103227417202,0.684190476190476,0.20196910741149,0.681142857142857,0.207436142490196,0.679238095238095,0.185249382708688
500,49,empirical,5,0.525360905668636,0.962520612176165,5,0.872524488963516,0.743431727073593,41.9754275671817,0.71847619047619,0.300319048289914,0.758857142857143,0.319997175603189,0.757333333333333,0.264676405398153,0.758857142857143,0.319997175603189,0.757333333333333,0.264676405398153
500,49,OAS,5,0.515370497327836,0.962720063684517,5,0.873036855666966,0.745196531181207,41.8240177547498,0.719619047619048,0.30241591438678,0.76,0.324017806041273,0.758476190476191,0.265880031830569,0.76,0.324017806041273,0.758476190476191,0.265880031830569
500,50,empirical,5,0.523468744238985,0.971035791923089,5,0.776391110992187,0.281503095121311,73.6500653799313,0.707428571428571,0.332977460747745,0.728761904761905,0.322353638634545,0.735238095238095,0.274384611614307,0.728761904761905,0.322353638634545,0.735238095238095,0.274384611614307
500,50,OAS,5,0.512865930313978,0.971340217909521,5,0.776976101413501,0.286592608814277,73.3459299882608,0.707809523809524,0.335480875152665,0.72952380952381,0.322041197269202,0.737904761904762,0.275506203666628,0.72952380952381,0.322041197269202,0.737904761904762,0.275506203666628
500,51,empirical,5,0.534781527380056,0.948347308060728,5,0.889340832082797,0.864592108466353,30.1638380382662,0.758476190476191,0.310043286018026,0.775238095238095,0.281149013903434,0.772571428571429,0.249697216535343,0.775238095238095,0.281149013903434,0.772571428571429,0.249697216535343
500,51,OAS,5,0.524694826760098,0.948429538068557,5,0.889262189957481,0.865082653426075,30.1078554673497,0.758476190476191,0.310043286018026,0.77752380952381,0.281609787154202,0.773714285714286,0.251179416248012,0.77752380952381,0.281609787154202,0.773714285714286,0.251179416248012
500,52,empirical,5,0.528901806044705,0.968782339793638,5,0.860732332119733,0.675912296141392,47.4749646326752,0.699047619047619,0.314155798874414,0.712,0.315636548255894,0.718095238095238,0.233935289202143,0.712,0.315636548255894,0.718095238095238,0.233935289202143
500,52,OAS,5,0.518054346256334,0.968827828734139,5,0.861657722216757,0.679288950030314,47.2118959522499,0.699428571428571,0.31711178379772,0.712761904761905,0.315935027223375,0.719238095238095,0.234413337271868,0.712761904761905,0.315935027223375,0.719238095238095,0.234413337271868
500,53,empirical,5,0.542335581315982,0.96677382811304,5,0.770031633829816,0.0294245206820966,88.3138557797167,0.662857142857143,0.241630192339745,0.688,0.275898683007108,0.693714285714286,0.259135846596006,0.688,0.275898683007108,0.693714285714286,0.259135846596006
500,53,OAS,5,0.531817886428262,0.967184978152187,5,0.770287381891103,0.0305112607697243,88.2515621777629,0.66247619047619,0.235687168159459,0.68952380952381,0.275822338404952,0.694857142857143,0.262087353460757,0.68952380952381,0.275822338404952,0.694857142857143,0.262087353460757
500,54,empirical,5,0.529222118955806,0.964821302820752,5,0.932932680932552,0.914301163314294,23.8933228788494,0.68647619047619,0.284958853692753,0.719619047619048,0.281441111921387,0.727238095238095,0.2426994688205,0.719619047619048,0.281441111921387,0.727238095238095,0.2426994688205
500,54,OAS,5,0.519440899096422,0.965307684569189,5,0.933281167950642,0.913773284889693,23.967886439083,0.686095238095238,0.254186457364801,0.719619047619048,0.270428013819275,0.728,0.242885407993349,0.719619047619048,0.270428013819275,0.728,0.242885407993349
500,55,empirical,5,0.549988038473069,0.959341635064975,5,0.811728328561853,0.400199873805312,66.4093258519279,0.70552380952381,0.282962823468671,0.69752380952381,0.275978595077116,0.689904761904762,0.223646119258857,0.69752380952381,0.275978595077116,0.689904761904762,0.223646119258857
500,55,OAS,5,0.539043470117511,0.959513093379172,5,0.812427184415637,0.404211606233264,66.1582682365772,0.706666666666667,0.289544020049867,0.697904761904762,0.276297273125913,0.688761904761905,0.223752970541109,0.697904761904762,0.276297273125913,0.688761904761905,0.223752970541109
500,56,empirical,5,0.520664140079897,0.969172494937169,5,0.800305339583661,0.492242596640312,60.5119121791634,0.698285714285714,0.295716126435877,0.71352380952381,0.295254944036014,0.714666666666667,0.24706130977016,0.71352380952381,0.295254944036014,0.714666666666667,0.24706130977016
500,56,OAS,5,0.509510883707552,0.969167246213265,5,0.801054535722929,0.49786558945947,60.1411112821457,0.699047619047619,0.296526473950292,0.715809523809524,0.296444721043781,0.714666666666667,0.248409162329549,0.715809523809524,0.296444721043781,0.714666666666667,0.248409162329549
500,57,empirical,5,0.519348008338562,0.953072909148963,5,0.911218522668432,0.872152127372184,29.2902980690955,0.68952380952381,0.338572018246843,0.718095238095238,0.334162020145367,0.724571428571429,0.329055424482205,0.718095238095238,0.334162020145367,0.724571428571429,0.329055424482205
500,57,OAS,5,0.509764370519739,0.95319537937339,5,0.911277169761833,0.871971269304379,29.3114719358409,0.68952380952381,0.338572018246843,0.717714285714286,0.311939797923144,0.725333333333333,0.330615670988381,0.717714285714286,0.311939797923144,0.725333333333333,0.330615670988381
500,58,empirical,5,0.525127573679528,0.964179208929829,5,0.776541775412964,0.223544680992485,77.0826850774505,0.724190476190476,0.25554337059622,0.733714285714286,0.226594185379905,0.72647619047619,0.234594006380498,0.733714285714286,0.226594185379905,0.72647619047619,0.234594006380498
500,58,OAS,5,0.514526084639812,0.964371662139642,5,0.776304924056621,0.220822288406826,77.2426654718931,0.723809523809524,0.255455651297974,0.733714285714286,0.229214131435973,0.727238095238095,0.234883662768229,0.733714285714286,0.229214131435973,0.727238095238095,0.234883662768229
500,59,empirical,5,0.528777904033612,0.967870811408976,5,0.88960174291589,0.782093803988055,38.5473160948379,0.72152380952381,0.330538421409673,0.741714285714286,0.340635230601483,0.744380952380952,0.272132740183343,0.741714285714286,0.340635230601483,0.744380952380952,0.272132740183343
500,59,OAS,5,0.518292515753242,0.968189233992486,5,0.890476759813969,0.785098671127809,38.270194944532,0.722285714285714,0.331694074988763,0.744380952380952,0.341366583143789,0.746285714285714,0.272756238888866,0.744380952380952,0.341366583143789,0.746285714285714,0.272756238888866
500,60,empirical,5,0.524420544821017,0.969009784496144,5,0.931897388476928,0.885263632706579,27.7160184961934,0.688,0.314177367270881,0.703619047619048,0.30745737759359,0.705904761904762,0.270685172435549,0.703619047619048,0.30745737759359,0.705904761904762,0.270685172435549
500,60,OAS,5,0.513705149507395,0.969389442191867,5,0.931930740985756,0.886060401945584,27.6177014919927,0.688380952380952,0.314647797378408,0.704761904761905,0.307673049771879,0.707047619047619,0.274664695279094,0.704761904761905,0.307673049771879,0.707047619047619,0.274664695279094
500,61,empirical,5,0.527099917435229,0.963701575054565,5,0.862730706465362,0.691558575467485,46.2463894038799,0.672,0.284321844371388,0.678095238095238,0.251463597214934,0.671619047619048,0.242079684572526,0.678095238095238,0.251463597214934,0.671619047619048,0.242079684572526
500,61,OAS,5,0.517185472844428,0.963929019757072,5,0.862757609832538,0.691022334254869,46.2889099398702,0.671238095238095,0.284206993450881,0.67847619047619,0.251952329344088,0.672,0.242167278138381,0.67847619047619,0.251952329344088,0.672,0.242167278138381
500,62,empirical,5,0.533680372003209,0.97302680785734,5,0.903899467970422,0.86758640910468,29.8206353996709,0.688761904761905,0.243363473619299,0.718095238095238,0.23440823063109,0.723809523809524,0.222517131909527,0.718095238095238,0.23440823063109,0.723809523809524,0.222517131909527
500,62,OAS,5,0.523683887077607,0.973387220232081,5,0.906015788202048,0.870909600331915,29.43548642919,0.689142857142857,0.244414847573899,0.717714285714286,0.233938911888045,0.725333333333333,0.223184182096554,0.717714285714286,0.233938911888045,0.725333333333333,0.223184182096554
500,63,empirical,5,0.538322714258077,0.964270186810832,5,0.862054190489866,0.675330348075791,47.5201911152368,0.695619047619048,0.309217574715772,0.721142857142857,0.262177825038123,0.718095238095238,0.265406292450866,0.721142857142857,0.262177825038123,0.718095238095238,0.265406292450866
500,63,OAS,5,0.528448918968968,0.96472332664121,5,0.862256299233951,0.676623470730997,47.419650727953,0.695238095238095,0.309157886928812,0.72152380952381,0.262353161098906,0.716952380952381,0.263521888417408,0.72152380952381,0.262353161098906,0.716952380952381,0.263521888417408
500,64,empirical,5,0.52800049040987,0.952889203812323,5,0.867221508869323,0.786728304788211,38.1191909305437,0.682666666666667,0.272330187903354,0.68647619047619,0.296258338256897,0.686857142857143,0.22918062115403,0.68647619047619,0.296258338256897,0.686857142857143,0.22918062115403
500,64,OAS,5,0.517608775433905,0.953251365761699,5,0.867399858125054,0.787473579875777,38.0499635369737,0.682285714285714,0.273037450939385,0.68647619047619,0.296222700009008,0.686857142857143,0.229169877008454,0.68647619047619,0.296222700009008,0.686857142857143,0.229169877008454
500,65,empirical,5,0.526097193367603,0.965351423935056,5,0.939127218430896,0.912756414815547,24.110909081664,0.741333333333333,0.323048269634546,0.76,0.316611018240563,0.764952380952381,0.278616521023088,0.76,0.316611018240563,0.764952380952381,0.278616521023088
500,65,OAS,5,0.515328118789043,0.965517633525349,5,0.939599903214457,0.913433318232708,24.0157918568895,0.742095238095238,0.324630761217038,0.76,0.316483666160241,0.764952380952381,0.277814403115707,0.76,0.316483666160241,0.764952380952381,0.277814403115707
500,66,empirical,5,0.519787605851047,0.967874310558246,5,0.869906866375756,0.748998155876828,41.4963305676494,0.732952380952381,0.259416007409349,0.746666666666667,0.27319967932545,0.768,0.23781330433661,0.746666666666667,0.27319967932545,0.768,0.23781330433661
500,66,OAS,5,0.510617888859382,0.967767586505531,5,0.875853737789977,0.774495771303083,39.2406601955599,0.732571428571429,0.259351728254161,0.747047619047619,0.23882739790177,0.77447619047619,0.243773142007337,0.747047619047619,0.23882739790177,0.77447619047619,0.243773142007337
500,67,empirical,5,0.534936485386223,0.966952284725776,5,0.895965529112404,0.77638367024054,39.0693501492817,0.695619047619048,0.271869846490374,0.716952380952381,0.223272377153627,0.715428571428571,0.168407684445475,0.716952380952381,0.223272377153627,0.715428571428571,0.168407684445475
500,67,OAS,5,0.524319425480738,0.967125492614608,5,0.896622889971285,0.778309749743765,38.8939228598446,0.694857142857143,0.253035592759396,0.719238095238095,0.224272443960182,0.716190476190476,0.168748505411728,0.719238095238095,0.224272443960182,0.716190476190476,0.168748505411728
500,68,empirical,5,0.535498869338903,0.97431274521382,5,0.901056844944816,0.796444678313726,37.2080771242761,0.758095238095238,0.296338461079838,0.752380952380952,0.276051353846884,0.754666666666667,0.242913881848886,0.752380952380952,0.276051353846884,0.754666666666667,0.242913881848886
500,68,OAS,5,0.525432409169413,0.974305746915281,5,0.901077742573404,0.796480002266813,37.2047300874937,0.757333333333333,0.285251861577518,0.753904761904762,0.276613421951697,0.755428571428571,0.243390602544211,0.753904761904762,0.276613421951697,0.755428571428571,0.243390602544211
500,69,empirical,5,0.53722211619086,0.946174336364471,5,0.797958011962936,0.661983253328735,48.5486970728551,0.703619047619048,0.290338409718727,0.71352380952381,0.301029965492287,0.729142857142857,0.288113176654264,0.71352380952381,0.301029965492287,0.729142857142857,0.288113176654264
500,69,OAS,5,0.528435077073108,0.946800684083682,5,0.798305025799191,0.662156998368436,48.5354140449432,0.704761904761905,0.296408149436266,0.714285714285714,0.303054402619954,0.729904761904762,0.289736675345916,0.714285714285714,0.303054402619954,0.729904761904762,0.289736675345916
500,70,empirical,5,0.532184984790682,0.967095749845819,5,0.843482303378106,0.59425196769134,53.5406750745802,0.681904761904762,0.236393054121003,0.675809523809524,0.26466834045695,0.674666666666667,0.217232911746883,0.675809523809524,0.26466834045695,0.674666666666667,0.217232911746883
500,70,OAS,5,0.521750759704474,0.967303949227344,5,0.843629851139749,0.595028097106012,53.4853648960193,0.680761904761905,0.2272460797593,0.678857142857143,0.268470333118792,0.673904761904762,0.216750568938958,0.678857142857143,0.268470333118792,0.673904761904762,0.216750568938958
500,71,empirical,5,0.53274377935966,0.973060049775399,5,0.913328448161703,0.832191617638179,33.6754672489037,0.68647619047619,0.243369717450521,0.707809523809524,0.261332348499957,0.710095238095238,0.255724310265151,0.707809523809524,0.261332348499957,0.710095238095238,0.255724310265151
500,71,OAS,5,0.522774101726513,0.973329484269137,5,0.913453306213691,0.833012118840022,33.5905897063538,0.686857142857143,0.243728140389589,0.708571428571429,0.262143337683039,0.710095238095238,0.256881367918918,0.708571428571429,0.262143337683039,0.710095238095238,0.256881367918918
500,72,empirical,5,0.517634707868324,0.966677601508133,5,0.766190361931193,0.139695964768596,81.969746573241,0.717714285714286,0.211351833718443,0.702857142857143,0.201498179073064,0.70247619047619,0.206045050643305,0.702857142857143,0.201498179073064,0.70247619047619,0.206045050643305
500,72,OAS,5,0.507107876009524,0.966744085344251,5,0.765473679126578,0.12917132493619,82.578291009942,0.716571428571429,0.206306330329137,0.703619047619048,0.201981062119368,0.702857142857143,0.20354234461569,0.703619047619048,0.201981062119368,0.702857142857143,0.20354234461569
500,73,empirical,5,0.536136384738459,0.95668927991882,5,0.957558868494799,0.937452261458671,20.3719935057963,0.672,0.311627254516616,0.68952380952381,0.30298893180317,0.688,0.255007469887884,0.68952380952381,0.30298893180317,0.688,0.255007469887884
500,73,OAS,5,0.525094071866128,0.957438097862457,5,0.95760637343574,0.937706643410687,20.3300837045109,0.67352380952381,0.312528720084748,0.690285714285714,0.306534474915713,0.689142857142857,0.255283971713379,0.690285714285714,0.306534474915713,0.689142857142857,0.255283971713379
500,74,empirical,5,0.527620020314226,0.970096270344273,5,0.878586579852308,0.738916514135885,42.3607991886436,0.732190476190476,0.324582884514615,0.736,0.286565840109849,0.747047619047619,0.282930256265728,0.736,0.286565840109849,0.747047619047619,0.282930256265728
500,74,OAS,5,0.516892954973202,0.970258980785297,5,0.878890719507745,0.739738154471778,42.2908848746592,0.731428571428571,0.324298376618305,0.737904761904762,0.287263421739965,0.747047619047619,0.282930256265728,0.737904761904762,0.287263421739965,0.747047619047619,0.282930256265728
500,75,empirical,5,0.538439589219953,0.965930533139131,5,0.939520527249906,0.908351556207606,24.7214663656765,0.707047619047619,0.30734224841174,0.72647619047619,0.300980831401566,0.740190476190476,0.260767890365951,0.72647619047619,0.300980831401566,0.740190476190476,0.260767890365951
500,75,OAS,5,0.528683534657421,0.966110739326501,5,0.939818696025567,0.908819152227197,24.6573261968497,0.706666666666667,0.310342227037917,0.727619047619048,0.304841317450171,0.740952380952381,0.260912958539505,0.727619047619048,0.304841317450171,0.740952380952381,0.260912958539505
500,76,empirical,5,0.534060722283889,0.972447698653265,5,0.942625739176443,0.920045715600881,23.0672338426547,0.741714285714286,0.21580019054195,0.739428571428571,0.212311568794312,0.745523809523809,0.247327741627341,0.739428571428571,0.212311568794312,0.745523809523809,0.247327741627341
500,76,OAS,5,0.524597801342234,0.972949826573414,5,0.942663407184852,0.920098314070414,23.0595409875217,0.742095238095238,0.227214688506127,0.740952380952381,0.213352017834643,0.746285714285714,0.247521205591595,0.740952380952381,0.213352017834643,0.746285714285714,0.247521205591595
500,77,empirical,5,0.528988066136722,0.966992524942374,5,0.772696827263121,0.184815148789177,79.3496446366276,0.674666666666667,0.25446537580142,0.683809523809524,0.211085976641389,0.687238095238095,0.212546627476138,0.683809523809524,0.211085976641389,0.687238095238095,0.212546627476138
500,77,OAS,5,0.518041911699555,0.96717098155511,5,0.77302041212195,0.183930523229077,79.4012140359141,0.675428571428571,0.256909091277416,0.686857142857143,0.216954462655453,0.687238095238095,0.214408183277408,0.686857142857143,0.216954462655453,0.687238095238095,0.214408183277408
500,78,empirical,5,0.530686792306395,0.96477931302952,5,0.807758536777934,0.425348895127874,64.8272506674201,0.684190476190476,0.304056667883603,0.702095238095238,0.250505624912868,0.702095238095238,0.262612385950341,0.702095238095238,0.250505624912868,0.702095238095238,0.262612385950341
500,78,OAS,5,0.521067038106069,0.964945522619813,5,0.807829292869714,0.425701373798817,64.8049338364723,0.683047619047619,0.281070499804121,0.703238095238095,0.247065072434772,0.701714285714286,0.262491661604264,0.703238095238095,0.247065072434772,0.701714285714286,0.262491661604264
500,79,empirical,5,0.526126247714911,0.965031251776912,5,0.947504649195983,0.946385910999626,18.8467649153238,0.707047619047619,0.274527501610653,0.747809523809524,0.288938909145566,0.755047619047619,0.287098013070761,0.747809523809524,0.288938909145566,0.755047619047619,0.287098013070761
500,79,OAS,5,0.515574296470074,0.965111732210106,5,0.947867487729195,0.9471628330397,18.7084768476491,0.705904761904762,0.270377335164769,0.748190476190476,0.28896841568379,0.758095238095238,0.288952360790595,0.748190476190476,0.28896841568379,0.758095238095238,0.288952360790595
500,80,empirical,5,0.545912135366752,0.976812887366759,5,0.91853594555246,0.865757170549236,30.0307229989934,0.733333333333333,0.270183154839424,0.748952380952381,0.273723976482527,0.754666666666667,0.271886888074119,0.748952380952381,0.273723976482527,0.754666666666667,0.271886888074119
500,80,OAS,5,0.535695012832867,0.976951103762898,5,0.918780205453932,0.866544525860738,29.9404593973242,0.732571428571429,0.266698175675457,0.750857142857143,0.274322664519674,0.756952380952381,0.273328444526874,0.750857142857143,0.274322664519674,0.756952380952381,0.273328444526874
500,81,empirical,5,0.524529303254512,0.975206777852135,5,0.909187748341696,0.831715060803781,33.7246786002093,0.703238095238095,0.26133230334444,0.712380952380952,0.284237978682888,0.69752380952381,0.220621944892345,0.712380952380952,0.284237978682888,0.69752380952381,0.220621944892345
500,81,OAS,5,0.514919818429692,0.975147292314556,5,0.909755862708186,0.833498315060513,33.5402052324769,0.702857142857143,0.256887858899996,0.711619047619048,0.250180007668395,0.698666666666667,0.220723568406855,0.711619047619048,0.250180007668395,0.698666666666667,0.220723568406855
500,82,empirical,5,0.520512005278291,0.969884571813478,5,0.872088640567241,0.705221744016517,45.1525388028235,0.709333333333333,0.317898340323653,0.719238095238095,0.26737235160113,0.725714285714286,0.235391086922456,0.719238095238095,0.26737235160113,0.725714285714286,0.235391086922456
500,82,OAS,5,0.510182250077942,0.969924812030075,5,0.872136471617695,0.705108723842348,45.161671646526,0.708952380952381,0.317819284698639,0.719238095238095,0.267656864521662,0.72647619047619,0.23564834753496,0.719238095238095,0.267656864521662,0.72647619047619,0.23564834753496
500,83,empirical,5,0.524234340841523,0.967676608624528,5,0.892767697416571,0.846494994209446,32.1675323124078,0.767619047619048,0.288219388267735,0.781714285714286,0.323717213347869,0.759619047619048,0.222263969277958,0.781714285714286,0.323717213347869,0.759619047619048,0.222263969277958
500,83,OAS,5,0.513969642310936,0.968210228888102,5,0.892788358227815,0.846233101502825,32.1957058237923,0.767238095238095,0.282349753432583,0.784380952380952,0.326249437187339,0.758857142857143,0.221784916149147,0.784380952380952,0.326249437187339,0.758857142857143,0.221784916149147
500,84,empirical,5,0.53000643569173,0.95537359979355,5,0.853224858156227,0.650311708326933,49.43489253098,0.65447619047619,0.214003589536185,0.684190476190476,0.21474501295528,0.695238095238095,0.18694024895962,0.684190476190476,0.21474501295528,0.695238095238095,0.18694024895962
500,84,OAS,5,0.518390992737318,0.95582324047466,5,0.853722717451748,0.649813799430219,49.4724353801036,0.653333333333333,0.213664972927716,0.686095238095238,0.215442265313998,0.696380952380952,0.187656183723503,0.686095238095238,0.215442265313998,0.696380952380952,0.187656183723503
500,85,empirical,5,0.52989107403727,0.966451906380261,5,0.866647031859936,0.765611461436426,40.0385789567088,0.686857142857143,0.245586384663721,0.691428571428571,0.2734308902518,0.683809523809524,0.243685150933028,0.691428571428571,0.2734308902518,0.683809523809524,0.243685150933028
500,85,OAS,5,0.519280751105743,0.966409916589029,5,0.867267719090588,0.767289975639446,39.8888491466228,0.687619047619048,0.213103151522593,0.693714285714286,0.27704375093674,0.684190476190476,0.245404825928715,0.693714285714286,0.27704375093674,0.684190476190476,0.245404825928715
500,86,empirical,5,0.518215352084579,0.962272172578042,5,0.911511357935215,0.858991416744805,30.796472862528,0.726095238095238,0.331057372781154,0.763428571428571,0.343559083174066,0.768,0.289649208245483,0.763428571428571,0.343559083174066,0.768,0.289649208245483
500,86,OAS,5,0.507123686819296,0.962651830273765,5,0.911954210773308,0.860312343815994,30.648329057351,0.726857142857143,0.334097404787814,0.764571428571429,0.343987685501255,0.769904761904762,0.290488202898414,0.764571428571429,0.343987685501255,0.769904761904762,0.290488202898414
500,87,empirical,5,0.541936296552995,0.971849344128209,5,0.766798573374376,0.148799409557925,81.4426429982323,0.68647619047619,0.274740239748132,0.679238095238095,0.206939514425823,0.682285714285714,0.194387583212925,0.679238095238095,0.206939514425823,0.682285714285714,0.194387583212925
500,87,OAS,5,0.53180401857731,0.972027800740945,5,0.766858020662427,0.149147029116862,81.4225011057924,0.684952380952381,0.241059982079281,0.68,0.202670782154018,0.683047619047619,0.191502122748879,0.68,0.202670782154018,0.683047619047619,0.191502122748879
500,88,empirical,5,0.543445060698118,0.965767822698107,5,0.88493762761865,0.78741238266268,38.0556520722406,0.767619047619048,0.305769478811259,0.741714285714286,0.313297339386062,0.739047619047619,0.294087783725213,0.741714285714286,0.313297339386062,0.739047619047619,0.294087783725213
500,88,OAS,5,0.533793928596208,0.966341683178277,5,0.886441426252384,0.792011030574847,37.6261554266065,0.767619047619048,0.274132716450813,0.742857142857143,0.313720218975608,0.739809523809524,0.294366875593046,0.742857142857143,0.313720218975608,0.739809523809524,0.294366875593046
500,89,empirical,5,0.53517331612748,0.973322485970598,5,0.913438253236999,0.835852396803002,33.2952998283702,0.67047619047619,0.249010608181218,0.680380952380952,0.249501635546125,0.683428571428571,0.248300387313052,0.680380952380952,0.249501635546125,0.683428571428571,0.248300387313052
500,89,OAS,5,0.524748175719458,0.973317237246695,5,0.913780206364437,0.836495958146083,33.2280695879845,0.669714285714286,0.231051145347448,0.68,0.249889087284551,0.683428571428571,0.237357615594137,0.68,0.249889087284551,0.683428571428571,0.237357615594137
500,90,empirical,5,0.532230138828293,0.961537351231482,5,0.819889963647849,0.609069477799286,52.4777494777588,0.705142857142857,0.264275545601813,0.687238095238095,0.248924410264649,0.68952380952381,0.253852268176035,0.687238095238095,0.248924410264649,0.68952380952381,0.253852268176035
500,90,OAS,5,0.521595082086915,0.961850525091087,5,0.820552583468161,0.611556709743604,52.297851473061,0.704761904761905,0.268655184730138,0.687619047619048,0.24904877200321,0.690285714285714,0.253985118724064,0.687619047619048,0.24904877200321,0.690285714285714,0.253985118724064
500,91,empirical,5,0.530048634957774,0.977038582494631,5,0.807650024943135,0.368065508492793,68.403638444858,0.680761904761905,0.21101877517575,0.702857142857143,0.261446116772371,0.696380952380952,0.237972650325999,0.702857142857143,0.261446116772371,0.696380952380952,0.237972650325999
500,91,OAS,5,0.520352259863608,0.977010589300476,5,0.807659196828505,0.367605393947445,68.4319886760664,0.681142857142857,0.212288616445591,0.703619047619048,0.26276484336501,0.697142857142857,0.238137180839771,0.703619047619048,0.26276484336501,0.697142857142857,0.238137180839771
500,92,empirical,5,0.524793002907159,0.967967038013883,5,0.905382249762649,0.871539611528438,29.3619518167129,0.732952380952381,0.33180170134971,0.759238095238095,0.31738688020053,0.763047619047619,0.269553547687422,0.759238095238095,0.31738688020053,0.763047619047619,0.269553547687422
500,92,OAS,5,0.514761597028943,0.968175237395408,5,0.90554718677951,0.871647765318133,29.3493112829864,0.733714285714286,0.344764664312673,0.761523809523809,0.318262665532649,0.763809523809524,0.270059768193642,0.761523809523809,0.318262665532649,0.763809523809524,0.270059768193642
500,93,empirical,5,0.534555046975177,0.965076740717413,5,0.897954135545133,0.840988532432649,32.7553461148452,0.670857142857143,0.204471482650031,0.701714285714286,0.21429909655901,0.694095238095238,0.164519309513058,0.701714285714286,0.21429909655901,0.694095238095238,0.164519309513058
500,93,OAS,5,0.523978697012271,0.965150222852069,5,0.898007525136436,0.841503976625966,32.7007217385233,0.669714285714286,0.204110036393836,0.702095238095238,0.215449926577787,0.694857142857143,0.164689141695451,0.702095238095238,0.215449926577787,0.694857142857143,0.164689141695451
500,94,empirical,5,0.516688155430548,0.964891285806138,5,0.774381765956895,0.630857389863975,50.8865924300589,0.701333333333333,0.322869439862814,0.697142857142857,0.302175793835303,0.701333333333333,0.195229827594554,0.697142857142857,0.302175793835303,0.701333333333333,0.195229827594554
500,94,OAS,5,0.506044738732764,0.965132727105723,5,0.774828822412871,0.63085461817665,50.8867971033417,0.701333333333333,0.322421255136515,0.697142857142857,0.302707136452392,0.700952380952381,0.194850500899438,0.697142857142857,0.302707136452392,0.700952380952381,0.194850500899438
500,95,empirical,5,0.541766924514186,0.971250989603153,5,0.901935822801445,0.837778431052634,33.0937343716243,0.723047619047619,0.319538654264423,0.718857142857143,0.286766784481191,0.71352380952381,0.228969797790757,0.718857142857143,0.286766784481191,0.71352380952381,0.228969797790757
500,95,OAS,5,0.531958702874128,0.97129472896902,5,0.90200183197582,0.837875855089143,33.0835097477229,0.722285714285714,0.268465883771362,0.718857142857143,0.253366541039448,0.713142857142857,0.228744233122479,0.718857142857143,0.253366541039448,0.713142857142857,0.228744233122479
500,96,empirical,5,0.52962851965312,0.965542127570235,5,0.914585950166496,0.813358849604825,35.5745896178067,0.680380952380952,0.213121895380743,0.690285714285714,0.250961930280038,0.689904761904762,0.185109225876467,0.690285714285714,0.250961930280038,0.689904761904762,0.185109225876467
500,96,OAS,5,0.519792695512323,0.965606861831717,5,0.914608919099616,0.813153336317072,35.5948249231344,0.681142857142857,0.20425126871805,0.691428571428571,0.25133305093796,0.689904761904762,0.185137198846266,0.691428571428571,0.25133305093796,0.689904761904762,0.185137198846266
500,97,empirical,5,0.52159835040369,0.958137927716324,5,0.840989133493096,0.744790218971141,41.8589165082143,0.704761904761905,0.271702140215423,0.713142857142857,0.272023298366163,0.719619047619048,0.227732179046966,0.713142857142857,0.272023298366163,0.719619047619048,0.227732179046966
500,97,OAS,5,0.511061419019422,0.958346127097849,5,0.842460667458467,0.746964320013683,41.6719022741868,0.705904761904762,0.275916881377515,0.713142857142857,0.272137951010406,0.72,0.226771070831968,0.713142857142857,0.272137951010406,0.72,0.226771070831968
500,98,empirical,5,0.535820214663415,0.970913321698662,5,0.928434130748824,0.886929248720352,27.5101216376002,0.688761904761905,0.296266086978424,0.716190476190476,0.288847791638999,0.729904761904762,0.306281060559572,0.716190476190476,0.288847791638999,0.729904761904762,0.306281060559572
500,98,OAS,5,0.526586525651761,0.971027044049915,5,0.928533275440445,0.887177681364177,27.4792895594316,0.688380952380952,0.296261533021388,0.716571428571429,0.278155096683564,0.730285714285714,0.307153279212433,0.716571428571429,0.278155096683564,0.730285714285714,0.307153279212433
500,99,empirical,5,0.524749900955909,0.969335205378192,5,0.722778746959146,0.247911993008627,75.6460109820628,0.703238095238095,0.279760794161185,0.713904761904762,0.295853794674141,0.708190476190476,0.2820816186491,0.713904761904762,0.295853794674141,0.708190476190476,0.2820816186491
500,99,OAS,5,0.514825957105049,0.969594142424123,5,0.72301299209591,0.24890693314547,75.5871604452525,0.703238095238095,0.28045461060378,0.714666666666667,0.295996746059931,0.708571428571429,0.282043079332961,0.714666666666667,0.295996746059931,0.708571428571429,0.282043079332961
500,100,empirical,5,0.532454431923171,0.96958539455095,5,0.883906477313065,0.783205464491991,38.4449910473409,0.733714285714286,0.296267720959045,0.763809523809524,0.30445195216189,0.761904761904762,0.300298076924713,0.763809523809524,0.30445195216189,0.761904761904762,0.300298076924713
500,100,OAS,5,0.522117429544181,0.969734108394896,5,0.885287988630745,0.786986258315152,38.0952421205786,0.734095238095238,0.30131963753773,0.765714285714286,0.306443252954835,0.762666666666667,0.301116356810954,0.765714285714286,0.306443252954835,0.762666666666667,0.301116356810954
500,101,empirical,5,0.533041627549612,0.963237937776378,5,0.791342210852785,0.345331881199049,69.7979436600703,0.712,0.243326109656354,0.731047619047619,0.240694898568914,0.739428571428571,0.242001198939161,0.731047619047619,0.240694898568914,0.739428571428571,0.242001198939161
500,101,OAS,5,0.522363710337619,0.963477629501328,5,0.791876713607402,0.347937865109869,69.6387625035659,0.712,0.243326109656354,0.731428571428571,0.242516558390574,0.740571428571429,0.243412090397183,0.731428571428571,0.242516558390574,0.740571428571429,0.243412090397183
500,102,empirical,5,0.551715630716109,0.960746543496612,5,0.960620492219957,0.946381516901078,18.847544260462,0.755047619047619,0.301106406799397,0.769523809523809,0.314712381721236,0.773333333333333,0.270073969502619,0.769523809523809,0.314712381721236,0.773333333333333,0.270073969502619
500,102,OAS,5,0.541853177937734,0.96075704094442,5,0.960708780160953,0.946528855598294,18.8213950459329,0.755809523809524,0.302991144569582,0.771047619047619,0.315547998655348,0.775238095238095,0.27051752739333,0.771047619047619,0.315547998655348,0.775238095238095,0.27051752739333
500,103,empirical,5,0.52299292853516,0.971522173671526,5,0.876386824697205,0.738335969700905,42.4101420186279,0.696761904761905,0.279143960201185,0.706285714285714,0.259343485217905,0.703238095238095,0.230369077244621,0.706285714285714,0.259343485217905,0.703238095238095,0.230369077244621
500,103,OAS,5,0.513324092738677,0.972136274368294,5,0.878872462333567,0.74708029389073,41.6619070515545,0.698285714285714,0.280949099209551,0.708952380952381,0.261198840438089,0.705904761904762,0.231726384254178,0.708952380952381,0.261198840438089,0.705904761904762,0.231726384254178
500,104,empirical,5,0.522990434446785,0.958323382627599,5,0.906034359078073,0.865872877432003,30.0174736177683,0.718857142857143,0.347560716693879,0.739428571428571,0.334935160424684,0.730285714285714,0.226221866889964,0.739428571428571,0.334935160424684,0.730285714285714,0.226221866889964
500,104,OAS,5,0.511760939787899,0.959075699720506,5,0.906210223970724,0.866026043192561,29.9999267291453,0.71847619047619,0.344128521648781,0.740190476190476,0.33565473004408,0.730285714285714,0.2250335064381,0.740190476190476,0.33565473004408,0.730285714285714,0.2250335064381
500,105,empirical,5,0.550734857150292,0.968687862763366,5,0.94409565669418,0.932607492117265,21.155006475903,0.711238095238095,0.262170866521912,0.732952380952381,0.307111460693539,0.728761904761905,0.245201748508984,0.732952380952381,0.307111460693539,0.728761904761905,0.245201748508984
500,105,OAS,5,0.540092344271198,0.968990539175163,5,0.944230891302674,0.933073791086647,21.0808521597545,0.711619047619048,0.263398750849565,0.734476190476191,0.286734819206115,0.729904761904762,0.245568946438819,0.734476190476191,0.286734819206115,0.729904761904762,0.245568946438819
500,106,empirical,5,0.533356090377709,0.964378660438181,5,0.776958747227272,0.237965728181032,76.2334929636604,0.684190476190476,0.193435936987021,0.683809523809524,0.219222667335214,0.686857142857143,0.222302569839157,0.683809523809524,0.219222667335214,0.686857142857143,0.222302569839157
500,106,OAS,5,0.523607908684625,0.964121472966885,5,0.778151259103955,0.251014698605978,75.4624350631586,0.684571428571429,0.195450972114564,0.685714285714286,0.220134107426057,0.687238095238095,0.222155343520049,0.685714285714286,0.220134107426057,0.687238095238095,0.222155343520049
500,107,empirical,5,0.528786394726654,0.963689328032122,5,0.81601099016874,0.637062662104321,50.4268633094045,0.722285714285714,0.268107390125854,0.709333333333333,0.25592020566675,0.705142857142857,0.254040580381174,0.709333333333333,0.25592020566675,0.705142857142857,0.254040580381174
500,107,OAS,5,0.518889188786562,0.963932518906341,5,0.816396861937302,0.638171273787725,50.3444092377919,0.722666666666667,0.268263244402106,0.708571428571429,0.25593254871538,0.70552380952381,0.25487092860841,0.708571428571429,0.25593254871538,0.70552380952381,0.25487092860841
500,108,empirical,5,0.538149576985724,0.963013992223141,5,0.783100066444923,0.302467870562834,72.3941103900237,0.691428571428571,0.299507842317792,0.722285714285714,0.306567779662567,0.728380952380952,0.251855135537227,0.722285714285714,0.306567779662567,0.728380952380952,0.251855135537227
500,108,OAS,5,0.527979065060212,0.963241436925648,5,0.783069261577181,0.302212061426115,72.4094867868894,0.690285714285714,0.301829953513182,0.723428571428571,0.310639803346272,0.728761904761905,0.251927013344954,0.723428571428571,0.310639803346272,0.728761904761905,0.251927013344954
500,109,empirical,5,0.529050052966078,0.969534656886545,5,0.927783514939513,0.907501368429714,24.8376889107681,0.708952380952381,0.23968716766995,0.733333333333333,0.304446206697236,0.742857142857143,0.307919279758698,0.733333333333333,0.304446206697236,0.742857142857143,0.307919279758698
500,109,OAS,5,0.519114628731851,0.969867076067131,5,0.928025633906307,0.90769309299604,24.8115242795444,0.708571428571429,0.234466857709584,0.733714285714286,0.298027611392254,0.743238095238095,0.308049691860941,0.733714285714286,0.298027611392254,0.743238095238095,0.308049691860941
500,110,empirical,5,0.537496273973678,0.968985290451259,5,0.809931597879523,0.400583021876274,66.3853689504672,0.754666666666667,0.343487933864039,0.781333333333333,0.360151432390969,0.784,0.366679101133752,0.781333333333333,0.360151432390969,0.784,0.366679101133752
500,110,OAS,5,0.528468414927837,0.969092014503974,5,0.809904503602692,0.40034044804058,66.4005367476564,0.753142857142857,0.342495544016371,0.782095238095238,0.360836502668275,0.786285714285714,0.368276981167536,0.782095238095238,0.360836502668275,0.786285714285714,0.368276981167536
500,111,empirical,5,0.528389421147788,0.960774536690767,5,0.882293309807536,0.733434976002813,42.8248614696469,0.719619047619048,0.262437520751132,0.724571428571429,0.258066469323709,0.729904761904762,0.260094860439688,0.724571428571429,0.258066469323709,0.729904761904762,0.260094860439688
500,111,OAS,5,0.518421964091017,0.961064966080122,5,0.88352142330469,0.738075238385893,42.4322874984311,0.719619047619048,0.262484670435378,0.724571428571429,0.225224897908857,0.730666666666667,0.271227451387569,0.724571428571429,0.225224897908857,0.730666666666667,0.271227451387569
500,112,empirical,5,0.539701528143843,0.969170745362534,5,0.912895887942658,0.898327649169977,26.0608924870749,0.685333333333333,0.302252919864737,0.688,0.289649509853233,0.688380952380952,0.243591327866974,0.688,0.289649509853233,0.688380952380952,0.243591327866974
500,112,OAS,5,0.529375280877265,0.969529408162641,5,0.913253521621695,0.898655556291496,26.0180949977187,0.685333333333333,0.304660327272144,0.68952380952381,0.292446642278106,0.688,0.24396662859855,0.68952380952381,0.292446642278106,0.688,0.24396662859855
500,113,empirical,5,0.519648100535687,0.966103741027963,5,0.946959897730852,0.92358656087062,22.5438235756159,0.736,0.266355837095752,0.750857142857143,0.244345613292718,0.751238095238095,0.244955010503193,0.750857142857143,0.244345613292718,0.751238095238095,0.244955010503193
500,113,OAS,5,0.508924799089657,0.966191219759696,5,0.947020496373019,0.923472538149648,22.5608576212689,0.734857142857143,0.265296836010155,0.750476190476191,0.233781657864996,0.751619047619048,0.244388777165011,0.750476190476191,0.233781657864996,0.751619047619048,0.244388777165011
500,114,empirical,5,0.53091212527479,0.972382964391782,5,0.954176116807903,0.929710521159675,21.6102645847712,0.731428571428571,0.326640601571584,0.744,0.316188354338011,0.747809523809524,0.281911390681088,0.744,0.316188354338011,0.747809523809524,0.281911390681088
500,114,OAS,5,0.520640496974668,0.97247569184742,5,0.9544511757295,0.929810087945654,21.5947694929866,0.730666666666667,0.303970200077653,0.745142857142857,0.317132680409463,0.747809523809524,0.281911390681088,0.745142857142857,0.317132680409463,0.747809523809524,0.281911390681088
500,115,empirical,5,0.522668857606509,0.962287918749754,5,0.928678377338254,0.883931553099527,27.8796767087341,0.724190476190476,0.292513369485994,0.766095238095238,0.335123954078432,0.780952380952381,0.342851461747908,0.766095238095238,0.335123954078432,0.780952380952381,0.342851461747908
500,115,OAS,5,0.512352429867936,0.962660578146938,5,0.928782328637281,0.884232994898719,27.8427193150868,0.723809523809524,0.294037350374965,0.765714285714286,0.333286611360586,0.780952380952381,0.341918108271447,0.765714285714286,0.333286611360586,0.780952380952381,0.341918108271447
500,116,empirical,5,0.524946987977568,0.972829105923623,5,0.894252633333456,0.816900178050232,35.2243172056858,0.716571428571429,0.319683149602553,0.750857142857143,0.326735914930856,0.753142857142857,0.228803367820551,0.750857142857143,0.326735914930856,0.753142857142857,0.228803367820551
500,116,OAS,5,0.51535602288375,0.97291833422999,5,0.894300097811282,0.817371130331921,35.1775069051536,0.715809523809524,0.296438794472461,0.752,0.327210823751567,0.756190476190476,0.219279442898003,0.752,0.327210823751567,0.756190476190476,0.219279442898003
500,117,empirical,5,0.525615251525228,0.958584069248164,5,0.928915320065444,0.875072664692453,28.946423363866,0.730666666666667,0.278100087512644,0.738285714285714,0.287102159262214,0.747428571428571,0.265409180319492,0.738285714285714,0.287102159262214,0.747428571428571,0.265409180319492
500,117,OAS,5,0.514810296590575,0.958806265226767,5,0.929194949905193,0.875185669190031,28.9330428660121,0.731428571428571,0.279034962378749,0.740571428571429,0.288011870330778,0.747428571428571,0.265147250075838,0.740571428571429,0.288011870330778,0.747428571428571,0.265147250075838
500,118,empirical,5,0.531632355663822,0.967809576296763,5,0.887223257869789,0.807599471087372,36.1379480521033,0.699428571428571,0.254606881117701,0.731047619047619,0.295180141947408,0.732571428571429,0.238176137713136,0.731047619047619,0.295180141947408,0.732571428571429,0.238176137713136
500,118,OAS,5,0.521878665737282,0.967834070341648,5,0.887864006882368,0.808472951014979,36.0529982038682,0.699809523809524,0.255696205736438,0.733333333333333,0.297410895930931,0.731428571428571,0.236583906271808,0.733333333333333,0.297410895930931,0.731428571428571,0.236583906271808
500,119,empirical,5,0.529187180415408,0.967087001972646,5,0.93789559746947,0.909635814766374,24.5449277508621,0.700190476190476,0.293027902309635,0.72647619047619,0.267771259344881,0.734476190476191,0.202390972824845,0.72647619047619,0.267771259344881,0.734476190476191,0.202390972824845
500,119,OAS,5,0.518617361917797,0.967604876064507,5,0.938252260938515,0.910042212550239,24.4888143586701,0.700571428571429,0.295440657682916,0.728,0.26889577447427,0.734476190476191,0.191176919639247,0.728,0.26889577447427,0.734476190476191,0.191176919639247
500,120,empirical,5,0.526512917260523,0.966089744430885,5,0.781516644126805,0.109914542195,83.6896106733807,0.738666666666667,0.268211546499758,0.752380952380952,0.296949089539887,0.748571428571429,0.262279707530888,0.752380952380952,0.296949089539887,0.748571428571429,0.262279707530888
500,120,OAS,5,0.515600840299206,0.966462403828069,5,0.78124020834719,0.105712411976111,83.9317867963284,0.739428571428571,0.272559874650419,0.753523809523809,0.27598999988821,0.749333333333333,0.262550020620548,0.753523809523809,0.27598999988821,0.749333333333333,0.262550020620548
500,121,empirical,5,0.520745526419132,0.965242950307706,5,0.933008889829789,0.89176799467396,26.9037400270509,0.710857142857143,0.262765660930752,0.744,0.260176140289528,0.759619047619048,0.229901453006717,0.744,0.260176140289528,0.759619047619048,0.229901453006717
500,121,OAS,5,0.510566340318849,0.965640103749776,5,0.933921852860224,0.894919882199289,26.5018592239725,0.712,0.269015199505872,0.745523809523809,0.265169273352174,0.762285714285714,0.234509922927979,0.745523809523809,0.265169273352174,0.762285714285714,0.234509922927979
500,122,empirical,5,0.522328025619116,0.973989073906407,5,0.943048576449026,0.897395435344167,26.1822068871112,0.706285714285714,0.295601417778178,0.710857142857143,0.309611864317634,0.706666666666667,0.226601660277892,0.710857142857143,0.309611864317634,0.706666666666667,0.226601660277892
500,122,OAS,5,0.51202487744552,0.974461459057767,5,0.943013510027257,0.896604883219226,26.2846781185816,0.707428571428571,0.297736196174351,0.712380952380952,0.310089304164004,0.707428571428571,0.22687096098063,0.712380952380952,0.310089304164004,0.707428571428571,0.22687096098063
500,123,empirical,5,0.528645549943422,0.965363670957499,5,0.816908855082634,0.416342289644679,65.3961246643253,0.679619047619048,0.294496746479727,0.682666666666667,0.262684199036345,0.682666666666667,0.267599777824379,0.682666666666667,0.262684199036345,0.682666666666667,0.267599777824379
500,123,OAS,5,0.517826990048246,0.965615609704891,5,0.816883766811396,0.416094014422348,65.4117693067859,0.68,0.295586071098464,0.684952380952381,0.231285556013246,0.684571428571429,0.269369265236548,0.684952380952381,0.231285556013246,0.684571428571429,0.269369265236548
500,124,empirical,5,0.519043516944617,0.963082225633893,5,0.827444459896577,0.580009244927766,54.5488071192695,0.71047619047619,0.289810849524357,0.699428571428571,0.304760968100245,0.695238095238095,0.203025945820455,0.699428571428571,0.304760968100245,0.695238095238095,0.203025945820455
500,124,OAS,5,0.509169463830441,0.963211694156858,5,0.828565914561184,0.585523367433791,54.1600278698986,0.710095238095238,0.299428024083097,0.699809523809524,0.305802507762558,0.695619047619048,0.20303224977078,0.699809523809524,0.305802507762558,0.695619047619048,0.20303224977078
500,125,empirical,5,0.528565179204269,0.957201905286777,5,0.920081773330255,0.84278384449634,32.5647351215892,0.739047619047619,0.281440480156159,0.756190476190476,0.32593057833234,0.764952380952381,0.237837546175088,0.756190476190476,0.32593057833234,0.764952380952381,0.237837546175088
500,125,OAS,5,0.517480646629473,0.957382111474148,5,0.920895550350131,0.844210351280585,32.412569999449,0.739047619047619,0.284152898456812,0.756571428571429,0.326054035122463,0.765333333333333,0.238006819119312,0.756571428571429,0.326054035122463,0.765333333333333,0.238006819119312
500,126,empirical,5,0.528814073703814,0.963797801659472,5,0.869639382461542,0.779934214847024,38.7454474295891,0.676952380952381,0.302770868052809,0.716952380952381,0.301670449274081,0.723809523809524,0.275201980401893,0.716952380952381,0.301670449274081,0.723809523809524,0.275201980401893
500,126,OAS,5,0.519337312032494,0.963881781241936,5,0.870038123685742,0.780244423836494,38.7170399320325,0.676190476190476,0.280488958043626,0.71847619047619,0.30224783915981,0.724571428571429,0.275665185671106,0.71847619047619,0.30224783915981,0.724571428571429,0.275665185671106
500,127,empirical,5,0.514778409810508,0.973033806155878,5,0.944704609376655,0.936864121189724,20.4685758697062,0.737904761904762,0.314675635887273,0.765333333333333,0.327619875808616,0.769523809523809,0.241780252083517,0.765333333333333,0.327619875808616,0.769523809523809,0.241780252083517
500,127,OAS,5,0.504052780099074,0.973224509791057,5,0.945184489763877,0.93729285945843,20.3982131977455,0.737904761904762,0.315182404149154,0.76647619047619,0.328353250896638,0.769904761904762,0.243239669607451,0.76647619047619,0.328353250896638,0.769904761904762,0.243239669607451
500,128,empirical,5,0.532755047125152,0.978756664785874,5,0.916056849358032,0.859930650038616,30.6912028264728,0.687619047619048,0.299905705860116,0.691047619047619,0.24591909935426,0.684571428571429,0.180436919310194,0.691047619047619,0.24591909935426,0.684571428571429,0.180436919310194
500,128,OAS,5,0.522702504696573,0.978963114592765,5,0.916180066362665,0.859780177255768,30.7080898397809,0.687238095238095,0.297885503839914,0.689142857142857,0.243148008462772,0.685333333333333,0.180690960099047,0.689142857142857,0.243148008462772,0.685333333333333,0.180690960099047
500,129,empirical,5,0.536164493708659,0.96078678371321,5,0.837901249684102,0.735584003319486,42.6434133189018,0.691047619047619,0.331058578024583,0.713904761904762,0.334828890691246,0.715809523809524,0.264918622322042,0.713904761904762,0.334828890691246,0.715809523809524,0.264918622322042
500,129,OAS,5,0.524779882844814,0.961166441408933,5,0.838051851512098,0.735166407754999,42.6787207873582,0.689904761904762,0.330881304935785,0.714666666666667,0.335431990503561,0.715428571428571,0.26456078939842,0.714666666666667,0.335431990503561,0.715428571428571,0.26456078939842
500,130,empirical,5,0.535326477651505,0.970272977382374,5,0.844606110759353,0.568249428035329,55.3717569563431,0.688380952380952,0.264897573731864,0.706666666666667,0.309427653346994,0.703619047619048,0.204442997690234,0.706666666666667,0.309427653346994,0.703619047619048,0.204442997690234
500,130,OAS,5,0.5259782065122,0.970290473128721,5,0.844656195019433,0.567948818359134,55.3926858752495,0.689904761904762,0.2665377657911,0.706666666666667,0.316066302059732,0.704761904761905,0.205359616863156,0.706666666666667,0.316066302059732,0.704761904761905,0.205359616863156
500,131,empirical,5,0.523582399199211,0.943602461651511,5,0.912243237866614,0.815441960372476,35.3689146073855,0.708952380952381,0.303115261871649,0.714666666666667,0.297037196423506,0.70247619047619,0.196434260854799,0.714666666666667,0.297037196423506,0.70247619047619,0.196434260854799
500,131,OAS,5,0.511208655748516,0.943863148272076,5,0.912106133765881,0.815589791490819,35.3542790597287,0.708190476190476,0.302990192989446,0.715047619047619,0.297177683318391,0.703238095238095,0.195873756812226,0.715047619047619,0.297177683318391,0.703238095238095,0.195873756812226
500,132,empirical,5,0.515897892963041,0.959665306372388,5,0.924924358381718,0.887872903569782,27.3928379781851,0.756190476190476,0.317031815138145,0.784,0.316504672660786,0.788571428571429,0.256834901242159,0.784,0.316504672660786,0.788571428571429,0.256834901242159
500,132,OAS,5,0.505681269226102,0.960011722150052,5,0.925331970567089,0.888871886525136,27.2681707987605,0.756571428571429,0.319603904383086,0.784380952380952,0.283399109052306,0.788571428571429,0.255997742460321,0.784380952380952,0.283399109052306,0.788571428571429,0.255997742460321
500,133,empirical,5,0.514492878700858,0.971301727267558,5,0.843796542699925,0.696521036558678,45.8514515747404,0.707428571428571,0.281122399259196,0.742857142857143,0.288729887452843,0.742095238095238,0.264064235934608,0.742857142857143,0.288729887452843,0.742095238095238,0.264064235934608
500,133,OAS,5,0.50415247177726,0.971202001513382,5,0.845089538509314,0.701305942166868,45.4681259465243,0.705904761904762,0.28007034972266,0.744380952380952,0.289086519785954,0.744,0.264521450193614,0.744380952380952,0.289086519785954,0.744,0.264521450193614
500,134,empirical,5,0.546951787906258,0.974816622708604,5,0.894860270449492,0.781922764489507,38.5630394129343,0.710095238095238,0.308494266258613,0.718095238095238,0.309558031098896,0.736,0.309617877305542,0.718095238095238,0.309558031098896,0.736,0.309617877305542
500,134,OAS,5,0.537613226281215,0.974547188214865,5,0.894717446497185,0.781572756153645,38.5951981205683,0.710095238095238,0.310874421137587,0.71847619047619,0.309666932213299,0.736761904761905,0.310037412471728,0.71847619047619,0.309666932213299,0.736761904761905,0.310037412471728
500,135,empirical,5,0.542649289662838,0.96895554768247,5,0.892508953540671,0.829770837502224,33.9247953322661,0.720761904761905,0.313813208968737,0.736761904761905,0.309713591655264,0.755428571428571,0.306650590861641,0.736761904761905,0.309713591655264,0.755428571428571,0.306650590861641
500,135,OAS,5,0.532046016018005,0.969347452400635,5,0.892909257599214,0.830904196372135,33.8082668329702,0.721142857142857,0.316277367617106,0.739047619047619,0.312533310048874,0.756952380952381,0.307719134469033,0.739047619047619,0.312533310048874,0.756952380952381,0.307719134469033
500,136,empirical,5,0.542195462601227,0.974606673752444,5,0.935530458606815,0.902394476985161,25.5253823480191,0.704761904761905,0.274126041021669,0.715809523809524,0.253038453557959,0.705904761904762,0.194730921246718,0.715809523809524,0.253038453557959,0.705904761904762,0.194730921246718
500,136,OAS,5,0.532369730758679,0.974786879939815,5,0.935833422793334,0.902605610313911,25.4972947280381,0.705142857142857,0.275474441400291,0.716571428571429,0.253067030655453,0.708190476190476,0.201914934531864,0.716571428571429,0.253067030655453,0.708190476190476,0.201914934531864
500,137,empirical,5,0.530456257148799,0.967732595012838,5,0.863993957776466,0.684790694280443,46.780851336189,0.761523809523809,0.351433770839161,0.768380952380952,0.297264360109553,0.762285714285714,0.269571728089568,0.768380952380952,0.297264360109553,0.762285714285714,0.269571728089568
500,137,OAS,5,0.520028699234627,0.967767586505531,5,0.864320792350125,0.685008753935791,46.7637043997359,0.760761904761905,0.35114846376901,0.767238095238095,0.290459109914472,0.762285714285714,0.269630363593559,0.767238095238095,0.290459109914472,0.762285714285714,0.269630363593559
500,138,empirical,5,0.521709133312652,0.954131401802937,5,0.912558641862104,0.868252915389269,29.743752628268,0.722666666666667,0.231213845448505,0.749714285714286,0.235408834703029,0.749333333333333,0.181131364166971,0.749714285714286,0.235408834703029,0.749333333333333,0.181131364166971
500,138,OAS,5,0.510137745870494,0.954881969321209,5,0.912766399590061,0.868663936441044,29.6962504430371,0.722285714285714,0.231747265915686,0.750857142857143,0.237279545739849,0.749333333333333,0.176068453806571,0.750857142857143,0.237279545739849,0.749333333333333,0.176068453806571
500,139,empirical,5,0.536717422806055,0.942519474952652,5,0.839059117115044,0.698683430658905,45.6785293336921,0.718095238095238,0.289552476739228,0.710095238095238,0.297379511825902,0.709714285714286,0.244345462316335,0.710095238095238,0.297379511825902,0.709714285714286,0.244345462316335
500,139,OAS,5,0.526183252188652,0.942972614783031,5,0.840967220156013,0.701269751794515,45.4710346559495,0.718095238095238,0.293195960639526,0.711238095238095,0.300027898670622,0.710857142857143,0.244717114912113,0.711238095238095,0.300027898670622,0.710857142857143,0.244717114912113
500,140,empirical,5,0.538173471000221,0.967702852244048,5,0.937544059583694,0.881172995222393,28.2158135462034,0.700571428571429,0.299311135243857,0.704761904761905,0.29036243964534,0.706666666666667,0.193440538472578,0.704761904761905,0.29036243964534,0.706666666666667,0.193440538472578
500,140,OAS,5,0.527701613089198,0.967604876064507,5,0.938146206538246,0.882636844021149,28.0379011874693,0.701714285714286,0.300605911456741,0.706666666666667,0.292294491566325,0.707428571428571,0.193626774402788,0.706666666666667,0.292294491566325,0.707428571428571,0.193626774402788
500,141,empirical,5,0.516956185338733,0.972164267562449,5,0.947539552820296,0.927170377985875,22.0020611405363,0.734095238095238,0.291090688814854,0.770666666666667,0.331772316486949,0.770666666666667,0.256024582171862,0.770666666666667,0.331772316486949,0.770666666666667,0.256024582171862
500,141,OAS,5,0.505894692356004,0.972643651012348,5,0.947843920697092,0.927495800397803,21.9522388580336,0.734857142857143,0.294425578055343,0.771809523809524,0.332366828078465,0.771809523809524,0.25641099388164,0.771809523809524,0.332366828078465,0.771809523809524,0.25641099388164
500,142,empirical,5,0.523741091657373,0.972024301591676,5,0.928829328801267,0.876323731175236,28.7979720148134,0.70247619047619,0.276851393070417,0.746285714285714,0.291561539110149,0.754285714285714,0.239475767984538,0.746285714285714,0.291561539110149,0.754285714285714,0.239475767984538
500,142,OAS,5,0.514635308291658,0.97202605116631,5,0.929464780408443,0.878468961048659,28.5417769440163,0.702857142857143,0.281818503037527,0.747428571428571,0.2918630401863,0.756190476190476,0.241785090370477,0.747428571428571,0.2918630401863,0.756190476190476,0.241785090370477
500,143,empirical,5,0.521745869690609,0.954890717194382,5,0.87154743392513,0.767837308621961,39.8399237042285,0.716952380952381,0.278017426298432,0.745904761904762,0.238082639980539,0.745904761904762,0.214121744304539,0.745904761904762,0.238082639980539,0.745904761904762,0.214121744304539
500,143,OAS,5,0.51098906806364,0.955608042794596,5,0.871282317957955,0.766352727815664,39.9725127503028,0.716952380952381,0.278625383666449,0.746666666666667,0.238314498935932,0.747428571428571,0.215097128857237,0.746666666666667,0.238314498935932,0.747428571428571,0.215097128857237
500,144,empirical,5,0.517480798075723,0.970047282254502,5,0.952531145120512,0.930409578970288,21.5012489016606,0.684190476190476,0.231242599974052,0.716952380952381,0.254297941980849,0.738666666666667,0.266831278052185,0.716952380952381,0.254297941980849,0.738666666666667,0.266831278052185
500,144,OAS,5,0.507575777020177,0.970101519068177,5,0.952358065339475,0.930428084509421,21.4983558729435,0.684190476190476,0.225604979018695,0.717714285714286,0.254845831978044,0.740190476190476,0.26726973668088,0.717714285714286,0.254845831978044,0.740190476190476,0.26726973668088
500,145,empirical,5,0.526522557510991,0.966586623627131,5,0.869181427379417,0.775044680214796,39.1909163883663,0.739809523809524,0.322237557618166,0.740190476190476,0.281209141844863,0.739047619047619,0.231978278185733,0.740190476190476,0.281209141844863,0.739047619047619,0.231978278185733
500,145,OAS,5,0.516815886746373,0.966693347679845,5,0.869507314384338,0.776155817326387,39.0900592105895,0.739047619047619,0.288955005116599,0.740571428571429,0.276890376914478,0.739428571428571,0.232790838285912,0.740571428571429,0.276890376914478,0.739428571428571,0.232790838285912
500,146,empirical,5,0.533618564821867,0.964992761134949,5,0.92463455591175,0.900258220405412,25.8079700588975,0.689142857142857,0.313562756789769,0.723047619047619,0.340240606455013,0.740571428571429,0.316566205243526,0.723047619047619,0.340240606455013,0.740571428571429,0.316566205243526
500,146,OAS,5,0.523211391272914,0.965498388204368,5,0.92484762987388,0.900272782269149,25.8060535548134,0.68952380952381,0.313597563611906,0.724571428571429,0.340895381179319,0.742857142857143,0.316991548182402,0.724571428571429,0.340895381179319,0.742857142857143,0.316991548182402
500,147,empirical,5,0.524168386706145,0.967778083953339,5,0.931117449330221,0.898751021547278,26.0056228352138,0.684571428571429,0.292109203441878,0.696,0.302502603296188,0.698666666666667,0.226743037950023,0.696,0.302502603296188,0.698666666666667,0.226743037950023
500,147,OAS,5,0.513105983561194,0.967942543968998,5,0.931479741684766,0.89928942701183,25.9351777872918,0.684571428571429,0.293231812979521,0.697142857142857,0.302289265153246,0.697904761904762,0.225840169151418,0.697142857142857,0.302289265153246,0.697904761904762,0.225840169151418
500,148,empirical,5,0.532546527501137,0.965617359279525,5,0.879322063142452,0.735978792367857,42.6100123898624,0.675809523809524,0.232406994519232,0.697904761904762,0.26409720281231,0.699047619047619,0.249024705905223,0.697904761904762,0.26409720281231,0.699047619047619,0.249024705905223
500,148,OAS,5,0.522489113691949,0.965636604600507,5,0.879704212587524,0.736874346928759,42.5341658450713,0.676571428571429,0.232864118940169,0.697904761904762,0.253158178824308,0.700571428571429,0.249386276698693,0.697904761904762,0.253158178824308,0.700571428571429,0.249386276698693
500,149,empirical,5,0.527225505531692,0.966791323859387,5,0.834667686379213,0.598927258618773,53.2068932245051,0.715047619047619,0.304441384691999,0.742476190476191,0.306332190958324,0.740190476190476,0.290453934745392,0.742476190476191,0.306332190958324,0.740190476190476,0.290453934745392
500,149,OAS,5,0.517332780034771,0.966901547061371,5,0.835036996896163,0.600129397434301,53.1208343833507,0.714666666666667,0.304255034820114,0.742476190476191,0.306330922324058,0.742476190476191,0.291546344496841,0.742476190476191,0.306330922324058,0.742476190476191,0.291546344496841
500,150,empirical,5,0.542976973963532,0.958535081158393,5,0.948752907110284,0.944330622505944,19.2079686665038,0.718857142857143,0.320582846815237,0.749714285714286,0.303751635464971,0.765333333333333,0.285658862353915,0.749714285714286,0.303751635464971,0.765333333333333,0.285658862353915
500,150,OAS,5,0.53256064048085,0.958829009697018,5,0.948896319912651,0.944416324315329,19.1930379090673,0.71847619047619,0.320419840083309,0.752,0.305610147252665,0.766857142857143,0.286299766185208,0.752,0.305610147252665,0.766857142857143,0.286299766185208
500,151,empirical,5,0.51734024861414,0.971599154955452,5,0.903951848652597,0.8338575514733,33.5029346158841,0.693714285714286,0.303602964489249,0.717714285714286,0.296531295849756,0.72,0.257824587551159,0.717714285714286,0.296531295849756,0.72,0.257824587551159
500,151,OAS,5,0.507440925545322,0.971698880709628,5,0.90458115247721,0.835439830784993,33.3383358085195,0.692571428571429,0.303348868614345,0.717714285714286,0.274438431720684,0.720761904761905,0.257048065830725,0.717714285714286,0.274438431720684,0.720761904761905,0.257048065830725
500,152,empirical,5,0.528734082484227,0.961808535299855,5,0.799119977817479,0.349287130710961,69.5562809498974,0.671238095238095,0.271711751855855,0.691428571428571,0.276310029492756,0.688761904761905,0.209129178380831,0.691428571428571,0.276310029492756,0.688761904761905,0.209129178380831
500,152,OAS,5,0.518430571854839,0.96178404125497,5,0.7995170139394,0.352991079162225,69.3296276030052,0.671238095238095,0.271711751855855,0.693333333333333,0.279955084063787,0.690666666666667,0.209457317277405,0.693333333333333,0.279955084063787,0.690666666666667,0.209457317277405
500,153,empirical,5,0.541893813389092,0.954663272491876,5,0.832770003323225,0.490207132232591,60.6458033164851,0.651047619047619,0.243002091393011,0.670095238095238,0.190373191163482,0.679619047619048,0.219577338865926,0.670095238095238,0.190373191163482,0.679619047619048,0.219577338865926
500,153,OAS,5,0.531139498450083,0.954944954008057,5,0.832963747012534,0.490583302749849,60.6210724164735,0.649904761904762,0.231319155592429,0.67047619047619,0.190089646239267,0.678857142857143,0.218841109835123,0.67047619047619,0.190089646239267,0.678857142857143,0.218841109835123
500,154,empirical,5,0.537018139676623,0.973885849002961,5,0.772653625213319,0.152378197918547,81.2352281515373,0.719619047619048,0.334497927880093,0.712,0.192124956516896,0.707428571428571,0.236459690690987,0.712,0.192124956516896,0.707428571428571,0.236459690690987
500,154,OAS,5,0.527051001126414,0.974445712886055,5,0.77267649236856,0.152354815790958,81.2365836757839,0.719238095238095,0.334778935650409,0.714666666666667,0.193638039215741,0.708190476190476,0.243145621181845,0.714666666666667,0.193638039215741,0.708190476190476,0.243145621181845
500,155,empirical,5,0.528639809563446,0.95978602702218,5,0.931499900604579,0.915636987271713,23.7036497606459,0.702095238095238,0.234379287508972,0.737523809523809,0.247048609462504,0.750095238095238,0.249431018851244,0.737523809523809,0.247048609462504,0.750095238095238,0.249431018851244
500,155,OAS,5,0.517571147824707,0.960169183867172,5,0.931680439375377,0.915407617745037,23.7363193599253,0.702857142857143,0.235096660035009,0.742095238095238,0.251411418288886,0.750857142857143,0.249141304125918,0.742095238095238,0.251411418288886,0.750857142857143,0.249141304125918
500,156,empirical,5,0.522606335693186,0.955774252384889,5,0.92902630728145,0.902182304435952,25.5535792001594,0.717333333333333,0.306314708384529,0.715047619047619,0.290896682344312,0.712761904761905,0.241473833168299,0.715047619047619,0.290896682344312,0.712761904761905,0.241473833168299
500,156,OAS,5,0.511567802649854,0.955894973034681,5,0.92903181317831,0.902055856388897,25.57036982697,0.717714285714286,0.306785138492056,0.715428571428571,0.29073486327052,0.71352380952381,0.241533921459953,0.715428571428571,0.29073486327052,0.71352380952381,0.241533921459953
500,157,empirical,5,0.539667020009503,0.966014512721595,5,0.86472851713694,0.763784243045802,40.2010461680408,0.712761904761905,0.280047257565763,0.707809523809524,0.264879076252596,0.700571428571429,0.273798358042923,0.707809523809524,0.264879076252596,0.700571428571429,0.273798358042923
500,157,OAS,5,0.530338932484974,0.965972522930363,5,0.865968147803678,0.768358641428696,39.793275780571,0.712761904761905,0.236186511265992,0.707428571428571,0.268439907230688,0.700952380952381,0.272307766395699,0.707428571428571,0.268439907230688,0.700952380952381,0.272307766395699
500,158,empirical,5,0.530730761070367,0.974202522011836,5,0.95620401500891,0.936391922489083,20.5458041599802,0.742857142857143,0.256312024733536,0.776380952380952,0.272966021161568,0.778285714285714,0.223147785923241,0.776380952380952,0.272966021161568,0.778285714285714,0.223147785923241
500,158,OAS,5,0.520792508842957,0.974547188214865,5,0.956385034872471,0.936661675244129,20.5017200776412,0.743238095238095,0.247390752768786,0.77752380952381,0.241005828720991,0.779428571428571,0.223598416359889,0.77752380952381,0.241005828720991,0.779428571428571,0.223598416359889
500,159,empirical,5,0.542103612101232,0.971371710252945,5,0.941311214172106,0.922556620352685,22.6972485450134,0.683047619047619,0.293846375184649,0.699428571428571,0.250416244293795,0.703238095238095,0.285032442147698,0.699428571428571,0.250416244293795,0.703238095238095,0.285032442147698
500,159,OAS,5,0.532684302696046,0.971222996408998,5,0.941603300820962,0.922955637344294,22.6379259339857,0.681904761904762,0.271171743009779,0.700952380952381,0.251357787809292,0.704,0.285412309194232,0.700952380952381,0.251357787809292,0.704,0.285412309194232
500,160,empirical,5,0.527627345410887,0.965066243269605,5,0.899112851701041,0.795037660654966,37.3411870661272,0.71047619047619,0.227498736659178,0.745142857142857,0.280547249038118,0.751238095238095,0.272404349031239,0.745142857142857,0.280547249038118,0.751238095238095,0.272404349031239
500,160,OAS,5,0.517410983819867,0.965074991142779,5,0.899985497863575,0.797272096729513,37.1296092924034,0.709333333333333,0.210832069992511,0.748190476190476,0.282327237944885,0.750857142857143,0.271492413063918,0.748190476190476,0.282327237944885,0.750857142857143,0.271492413063918
500,161,empirical,5,0.519688293268548,0.955599294921422,5,0.888259296751599,0.837870231292609,33.0841000396759,0.716190476190476,0.221865365173671,0.725333333333333,0.246928460599551,0.721904761904762,0.238559173999934,0.725333333333333,0.246928460599551,0.721904761904762,0.238559173999934
500,161,OAS,5,0.509403616609391,0.955994698788857,5,0.887886830577662,0.836947504300545,33.1808264209987,0.716952380952381,0.216453169987898,0.72647619047619,0.216488406239964,0.722285714285714,0.238387466135659,0.72647619047619,0.216488406239964,0.722285714285714,0.238387466135659
500,162,empirical,5,0.516992694856393,0.959703797014351,5,0.794356577959801,0.484950738015166,60.9907550514394,0.72647619047619,0.350470952842421,0.710857142857143,0.22412677391648,0.705904761904762,0.259971007307617,0.710857142857143,0.22412677391648,0.705904761904762,0.259971007307617
500,162,OAS,5,0.506710785656525,0.960249664300367,5,0.795469473831562,0.490424674138734,60.6315020053607,0.725714285714286,0.352913250393078,0.711238095238095,0.214061534319031,0.706666666666667,0.257642749399669,0.711238095238095,0.214061534319031,0.706666666666667,0.257642749399669
500,163,empirical,5,0.529216265971902,0.970587900816614,5,0.825453253334268,0.528240803827384,58.1133300879754,0.745904761904762,0.261602288342508,0.765333333333333,0.278908646616494,0.762285714285714,0.211272412418289,0.765333333333333,0.278908646616494,0.762285714285714,0.211272412418289
500,163,OAS,5,0.519016550126889,0.970682377846886,5,0.825801515690116,0.529558621274134,58.024362504254,0.745142857142857,0.258283690957959,0.765333333333333,0.279077040880551,0.763809523809524,0.213085305546972,0.765333333333333,0.279077040880551,0.763809523809524,0.213085305546972
500,164,empirical,5,0.523816074456856,0.964324423624507,5,0.820651962978263,0.523131306065861,58.4574713217563,0.732571428571429,0.306428166502918,0.715428571428571,0.231815427264469,0.692571428571429,0.164037167885036,0.715428571428571,0.231815427264469,0.692571428571429,0.164037167885036
500,164,OAS,5,0.514015765345883,0.964758318133904,5,0.820710070716786,0.5231973469168,58.4530313772306,0.731809523809524,0.30233230593647,0.714666666666667,0.222364018114096,0.692952380952381,0.162331181071434,0.714666666666667,0.222364018114096,0.692952380952381,0.162331181071434
500,165,empirical,5,0.532349613277638,0.969734108394896,5,0.770587686907335,0.209464544105728,77.909024984073,0.702095238095238,0.2945605753773,0.694857142857143,0.240796687607018,0.702095238095238,0.216670406294712,0.694857142857143,0.240796687607018,0.702095238095238,0.216670406294712
500,165,OAS,5,0.521541423858271,0.970045532679867,5,0.77058389255208,0.2089962550445,77.9364632802275,0.703619047619048,0.301944695488459,0.694857142857143,0.241348696803095,0.701714285714286,0.216448459762095,0.694857142857143,0.241348696803095,0.701714285714286,0.216448459762095
500,166,empirical,5,0.531553609963522,0.973728387285841,5,0.907508651934831,0.850314688686024,31.7540868325178,0.733714285714286,0.232119843574143,0.749333333333333,0.269887930351409,0.742857142857143,0.185547599951813,0.749333333333333,0.269887930351409,0.742857142857143,0.185547599951813
500,166,OAS,5,0.521621835758032,0.973770377077073,5,0.907204079305281,0.849770196085609,31.8133165634697,0.733714285714286,0.22846591296369,0.749714285714286,0.270328276355048,0.743619047619048,0.191230827769515,0.749714285714286,0.270328276355048,0.743619047619048,0.191230827769515
500,167,empirical,5,0.531952460663806,0.96845341976232,5,0.942643173382402,0.919971456818988,23.0780905265493,0.715809523809524,0.32755795751401,0.72952380952381,0.333509565471058,0.728,0.299000614405693,0.72952380952381,0.333509565471058,0.728,0.299000614405693
500,167,OAS,5,0.52127917124902,0.969016782794683,5,0.942617920544464,0.920502012714641,23.0004165547122,0.715809523809524,0.326938179931731,0.72952380952381,0.333675851024281,0.728,0.298426439599916,0.72952380952381,0.333675851024281,0.728,0.298426439599916
500,168,empirical,5,0.538011987428991,0.967263709010747,5,0.835471822050262,0.62885890841806,51.0340150445063,0.708571428571429,0.272353708925075,0.709714285714286,0.224921099077419,0.710095238095238,0.230101896804197,0.709714285714286,0.224921099077419,0.710095238095238,0.230101896804197
500,168,OAS,5,0.527542357520288,0.967307448376614,5,0.835204220670236,0.627593905305223,51.127172518004,0.708952380952381,0.272680725834242,0.71047619047619,0.227367971372713,0.709333333333333,0.229463501911356,0.71047619047619,0.227367971372713,0.709333333333333,0.229463501911356
500,169,empirical,5,0.526202690561762,0.959537587424057,5,0.84874767559519,0.713913115006683,44.4458043345181,0.68647619047619,0.284657992294343,0.726857142857143,0.302625316998327,0.727619047619048,0.245890908528011,0.726857142857143,0.302625316998327,0.727619047619048,0.245890908528011
500,169,OAS,5,0.516742239544931,0.959588325088463,5,0.848786833488732,0.716529247588264,44.2313328664897,0.686095238095238,0.277991325627676,0.728380952380952,0.304303496296101,0.727619047619048,0.245769945200151,0.728380952380952,0.304303496296101,0.727619047619048,0.245769945200151
500,170,empirical,5,0.524072774235296,0.962560852392762,5,0.857225979322574,0.722643561033123,43.7268287438742,0.713142857142857,0.287343681302522,0.698285714285714,0.306182527453458,0.704761904761905,0.293998695528778,0.698285714285714,0.306182527453458,0.704761904761905,0.293998695528778
500,170,OAS,5,0.514079344963652,0.962734060281594,5,0.858945912650603,0.728722463090553,43.2205997190474,0.713904761904762,0.287856501815343,0.698666666666667,0.306248883485302,0.704380952380952,0.29219237796512,0.698666666666667,0.306248883485302,0.704380952380952,0.29219237796512
500,171,empirical,5,0.507653761351291,0.96283378603577,5,0.777277226941721,0.392050397030658,66.9178586060417,0.687619047619048,0.25030233345713,0.686857142857143,0.232343309359385,0.675428571428571,0.204140339419148,0.686857142857143,0.232343309359385,0.675428571428571,0.204140339419148
500,171,OAS,6,0.550048197428717,0.962842533908943,5,0.777714875059763,0.393717446604185,66.8139915291962,0.687619047619048,0.247843073761212,0.685333333333333,0.22447603345829,0.675809523809524,0.187643262803344,0.688,0.232905694264204,0.675428571428571,0.204140339419148
500,172,empirical,5,0.517197999775237,0.969368447296251,5,0.894858524186063,0.76923107220139,39.7151100648013,0.692571428571429,0.254833614537166,0.713142857142857,0.27323696415856,0.716952380952381,0.220446934225016,0.713142857142857,0.27323696415856,0.716952380952381,0.220446934225016
500,172,OAS,5,0.507095573480775,0.96966412540951,5,0.895793106021102,0.772363090147945,39.4334308758006,0.692571428571429,0.254696287637374,0.714666666666667,0.277267171398764,0.718857142857143,0.221061425965481,0.714666666666667,0.277267171398764,0.718857142857143,0.221061425965481
500,173,empirical,5,0.523149702028371,0.959871756179279,5,0.891455473187705,0.785787356614063,38.2064421293681,0.673904761904762,0.294224558240425,0.688,0.276250557346983,0.69752380952381,0.22257559377156,0.688,0.276250557346983,0.69752380952381,0.22257559377156
500,173,OAS,5,0.51189405999725,0.960319647285754,5,0.892055419616664,0.787146409593656,38.0803669982037,0.674285714285714,0.296518204174741,0.68952380952381,0.279159181088371,0.699047619047619,0.222828648136427,0.68952380952381,0.279159181088371,0.699047619047619,0.222828648136427
500,174,empirical,5,0.531711427780425,0.965185214344762,5,0.848157622474466,0.697131333884019,45.8026987676839,0.68647619047619,0.23789750810807,0.701714285714286,0.22251752983715,0.698285714285714,0.159727492900381,0.701714285714286,0.22251752983715,0.698285714285714,0.159727492900381
500,174,OAS,5,0.521363590842347,0.96561910885416,5,0.848334862590134,0.697744950462901,45.7536401055052,0.68647619047619,0.238951084161646,0.703238095238095,0.223187517159346,0.698666666666667,0.157981027296181,0.703238095238095,0.223187517159346,0.698666666666667,0.157981027296181
500,175,empirical,5,0.525192555258996,0.959821018514874,5,0.890284740792507,0.78270591007237,38.4910019787801,0.722285714285714,0.297674182307251,0.747047619047619,0.299514353869511,0.752380952380952,0.257962429646394,0.747047619047619,0.299514353869511,0.752380952380952,0.257962429646394
500,175,OAS,5,0.513719111303497,0.960596080078031,5,0.890386991886728,0.782130520199686,38.5439401411093,0.72152380952381,0.297520023140813,0.747809523809524,0.297067032375187,0.753904761904762,0.259380403020751,0.747809523809524,0.297067032375187,0.753904761904762,0.259380403020751
500,176,empirical,5,0.539213283929663,0.96764336670647,5,0.927522453101741,0.883907265428624,27.8826524662386,0.698285714285714,0.298612895128592,0.706285714285714,0.2899110617976,0.708952380952381,0.248229287052816,0.706285714285714,0.2899110617976,0.708952380952381,0.248229287052816
500,176,OAS,5,0.529946474057626,0.967363434764923,5,0.92810675053285,0.885882047962872,27.6397373880701,0.69752380952381,0.298622063938665,0.708571428571429,0.295294509975166,0.709714285714286,0.249264958369436,0.708571428571429,0.295294509975166,0.709714285714286,0.249264958369436
500,177,empirical,5,0.536897985502697,0.966789574284752,5,0.797937407118103,0.343978335459281,69.8805579566152,0.715809523809524,0.236143081013383,0.699809523809524,0.249929113687467,0.700190476190476,0.210133145233676,0.699809523809524,0.249929113687467,0.700190476190476,0.210133145233676
500,177,OAS,5,0.527200667836359,0.9668525589716,5,0.79821063885754,0.346249786105283,69.7418939652159,0.717714285714286,0.238495733572908,0.699809523809524,0.249929113687467,0.700952380952381,0.210628277099804,0.699809523809524,0.249929113687467,0.700952380952381,0.210628277099804
500,178,empirical,5,0.540369333491671,0.970580902518075,5,0.851510583597827,0.576394899584929,54.8026234977166,0.738285714285714,0.276616565182061,0.748190476190476,0.287772031788236,0.735238095238095,0.240505937803528,0.748190476190476,0.287772031788236,0.735238095238095,0.240505937803528
500,178,OAS,5,0.530025816136635,0.970498672510246,5,0.851239506732085,0.575068717903563,54.895555306085,0.739428571428571,0.277810241855159,0.748571428571429,0.290021487125926,0.735619047619048,0.241013171758391,0.748571428571429,0.290021487125926,0.735619047619048,0.241013171758391
500,179,empirical,5,0.538074852582985,0.950880692131726,5,0.897955953796143,0.814304204444547,35.4813788098236,0.697142857142857,0.315810202432026,0.70552380952381,0.304492404972833,0.698666666666667,0.253033649507827,0.70552380952381,0.304492404972833,0.698666666666667,0.253033649507827
500,179,OAS,5,0.526400955222489,0.951496542403128,5,0.898453837530904,0.816045921029392,35.3090881581737,0.696380952380952,0.312058696138419,0.705904761904762,0.304465594122305,0.698285714285714,0.253163076231992,0.705904761904762,0.304465594122305,0.698285714285714,0.253163076231992
500,180,empirical,5,0.536195665533959,0.974150034772796,5,0.773635721892392,0.123189037850792,82.9238129962571,0.69752380952381,0.304282423304416,0.690285714285714,0.275458334436047,0.692571428571429,0.253824209565499,0.690285714285714,0.275458334436047,0.692571428571429,0.253824209565499
500,180,OAS,5,0.526086870997415,0.974321493086993,5,0.773775980096374,0.125817616393593,82.7720254636031,0.697904761904762,0.302100921171489,0.692571428571429,0.276457358075144,0.692571428571429,0.253616205024993,0.692571428571429,0.276457358075144,0.692571428571429,0.253616205024993
500,181,empirical,5,0.53276292764446,0.965395163300923,5,0.915170856581685,0.860324882585213,30.6469197211525,0.720380952380952,0.360271115643207,0.745904761904762,0.317297892206318,0.745523809523809,0.255882620833447,0.745904761904762,0.317297892206318,0.745523809523809,0.255882620833447
500,181,OAS,5,0.522870423872576,0.96551413437608,5,0.915210955863037,0.860460045014406,30.6317239789914,0.718857142857143,0.359619047139936,0.746285714285714,0.317193371046453,0.747047619047619,0.257507721431148,0.746285714285714,0.317193371046453,0.747047619047619,0.257507721431148
500,182,empirical,5,0.531299371454104,0.975518202137106,5,0.928721608154208,0.860443973212879,30.6335312203765,0.734476190476191,0.291817308281856,0.732952380952381,0.287158626959018,0.730666666666667,0.262233737998735,0.732952380952381,0.287158626959018,0.730666666666667,0.262233737998735
500,182,OAS,5,0.520765058803879,0.975560191928338,5,0.929574660388271,0.862289737704439,30.4253451375587,0.732952380952381,0.291556137622768,0.734095238095238,0.287526868657179,0.731809523809524,0.259973106751901,0.734095238095238,0.287526868657179,0.731809523809524,0.259973106751901
500,183,empirical,5,0.514144830477176,0.95608567666986,5,0.860278034887438,0.776460710022234,39.0623460832171,0.68952380952381,0.233525231129872,0.714666666666667,0.239401867813908,0.715047619047619,0.222555221276383,0.714666666666667,0.239401867813908,0.715047619047619,0.222555221276383
500,183,OAS,5,0.504659695551291,0.955959707296164,5,0.860351737972203,0.777329996522753,38.9832417041019,0.690285714285714,0.230291836171708,0.714666666666667,0.239297319440751,0.715809523809524,0.222740483138269,0.714666666666667,0.239297319440751,0.715809523809524,0.222740483138269
500,184,empirical,5,0.524863811781172,0.966262952319717,5,0.822244585374795,0.65973651473581,48.7202189959457,0.716190476190476,0.217386612530683,0.696,0.195453104694157,0.691428571428571,0.212646491938366,0.696,0.195453104694157,0.691428571428571,0.212646491938366
500,184,OAS,5,0.514299290750108,0.966434410633915,5,0.822995513338844,0.662203028156635,48.5318945535217,0.716190476190476,0.218846530467392,0.696,0.193395733881872,0.691428571428571,0.211605759631581,0.696,0.193395733881872,0.691428571428571,0.211605759631581
500,185,empirical,5,0.538182769172762,0.979491486132434,5,0.936361422350062,0.909977098570668,24.4978130869813,0.732571428571429,0.289102979842319,0.756190476190476,0.333439303466879,0.769904761904762,0.302674144052271,0.756190476190476,0.333439303466879,0.769904761904762,0.302674144052271
500,185,OAS,5,0.528998890769869,0.979629702528573,5,0.93631251802443,0.910323763668096,24.4498683254335,0.733333333333333,0.290017437434912,0.756952380952381,0.334145415326433,0.771428571428571,0.301793340973923,0.756952380952381,0.334145415326433,0.771428571428571,0.301793340973923
500,186,empirical,5,0.532768462231773,0.953527798553977,5,0.872788166217873,0.774473424650862,39.2426841972998,0.709714285714286,0.317152327484483,0.718095238095238,0.314143463068306,0.718095238095238,0.203286726304815,0.718095238095238,0.314143463068306,0.718095238095238,0.203286726304815
500,186,OAS,5,0.521990136105465,0.953603030263267,5,0.873417152854964,0.77752294632273,38.9656651232117,0.711238095238095,0.334772699943566,0.718857142857143,0.321287773224668,0.71847619047619,0.203511429961037,0.718857142857143,0.321287773224668,0.71847619047619,0.203511429961037
500,187,empirical,5,0.540996513374055,0.966927790680891,5,0.925483881025334,0.854187513441882,31.3299096435763,0.711238095238095,0.279394133018332,0.728380952380952,0.29203223117096,0.735238095238095,0.265423743911058,0.728380952380952,0.29203223117096,0.735238095238095,0.265423743911058
500,187,OAS,5,0.531159236757755,0.967366933914192,5,0.925212220910827,0.853168748141159,31.4419889980251,0.712761904761905,0.280106866873075,0.72952380952381,0.292888780992619,0.736,0.265938390447639,0.72952380952381,0.292888780992619,0.736,0.265938390447639
500,188,empirical,5,0.525644075856211,0.961927506375013,5,0.900233861496562,0.776965321784329,39.016443225839,0.738285714285714,0.312593581198531,0.741714285714286,0.306546257053243,0.752,0.32030438249229,0.741714285714286,0.306546257053243,0.752,0.32030438249229
500,188,OAS,5,0.514809702426305,0.961948501270629,5,0.900875322728531,0.778564954132398,38.8706289050369,0.738285714285714,0.29195866056361,0.743619047619048,0.308494911934379,0.752,0.320306812941944,0.743619047619048,0.308494911934379,0.752,0.320306812941944
500,189,empirical,5,0.534344467206544,0.955935213251278,5,0.89201606093734,0.787869031437641,38.0131872573914,0.718095238095238,0.286545459728303,0.744761904761905,0.319901436137521,0.746285714285714,0.288688166779299,0.744761904761905,0.319901436137521,0.746285714285714,0.288688166779299
500,189,OAS,5,0.524539506412344,0.956493327559737,5,0.892239345800202,0.788561328602507,37.9487320487736,0.717714285714286,0.286500759856017,0.745523809523809,0.320130856672863,0.747047619047619,0.288962972317514,0.745523809523809,0.320130856672863,0.747047619047619,0.288962972317514
500,190,empirical,5,0.535734331373244,0.967123743039974,5,0.934295295050408,0.895945937583521,26.3698078333837,0.676952380952381,0.204690716130343,0.717714285714286,0.256391983223324,0.729142857142857,0.192870392697127,0.717714285714286,0.256391983223324,0.729142857142857,0.192870392697127
500,190,OAS,5,0.525851269030048,0.967410673280059,5,0.934352158840678,0.896360952248304,26.3162215670685,0.677714285714286,0.212127926277421,0.719238095238095,0.257139057649605,0.729904761904762,0.192615582693427,0.719238095238095,0.257139057649605,0.729904761904762,0.192615582693427
500,191,empirical,5,0.538742009513215,0.97247219269815,5,0.827172029493529,0.535031785783588,57.6539329277654,0.716190476190476,0.353354965818851,0.747428571428571,0.372217166329035,0.751238095238095,0.290085866655292,0.747428571428571,0.372217166329035,0.751238095238095,0.290085866655292
500,191,OAS,5,0.529265956173559,0.972613908243558,5,0.827799223735257,0.538016897036385,57.4512577943663,0.716190476190476,0.353354965818851,0.748190476190476,0.372948248493556,0.751619047619048,0.290132772216805,0.748190476190476,0.372948248493556,0.751619047619048,0.290132772216805
500,192,empirical,5,0.51931995257449,0.966945286427237,5,0.854849127140943,0.640672456338255,50.1580188311081,0.675809523809524,0.220167774017874,0.661333333333333,0.22834013335025,0.656,0.266315884008684,0.661333333333333,0.22834013335025,0.656,0.266315884008684
500,192,OAS,5,0.509731238802111,0.96693128983016,5,0.855693259088842,0.64380236634945,49.9240597063788,0.675809523809524,0.221685363035463,0.663238095238095,0.229011723441095,0.656761904761905,0.266770984164002,0.663238095238095,0.229011723441095,0.656761904761905,0.266770984164002
500,193,empirical,5,0.532504874463157,0.960769287966863,5,0.923943435398347,0.853343210221556,31.4228210428386,0.697904761904762,0.283604022362096,0.710095238095238,0.281344673357322,0.734476190476191,0.26688439107509,0.710095238095238,0.281344673357322,0.734476190476191,0.26688439107509
500,193,OAS,5,0.52211960215875,0.960807778608826,5,0.923995243393301,0.85352063624495,31.4033166715248,0.698666666666667,0.275732481941829,0.710857142857143,0.28149469076801,0.734095238095238,0.265393048871921,0.710857142857143,0.28149469076801,0.734095238095238,0.265393048871921
500,194,empirical,5,0.545915589044209,0.972732879318716,5,0.918682163374688,0.868263945598167,29.742478754255,0.71847619047619,0.254567386367079,0.719238095238095,0.284763397974936,0.719238095238095,0.201094885300052,0.719238095238095,0.284763397974936,0.719238095238095,0.201094885300052
500,194,OAS,5,0.536192771467546,0.97268214165431,5,0.918793785821686,0.868755858250689,29.6856174808957,0.71847619047619,0.244563989920676,0.720761904761905,0.286471999544219,0.720761904761905,0.201379960858303,0.720761904761905,0.286471999544219,0.720761904761905,0.201379960858303
500,195,empirical,5,0.529006102308345,0.965029502202277,5,0.938983671473972,0.909201395330099,24.6047774685075,0.702095238095238,0.261737942919745,0.744,0.290404953794135,0.760380952380952,0.283550758387591,0.744,0.290404953794135,0.760380952380952,0.283550758387591
500,195,OAS,5,0.518512954549875,0.965092486889125,5,0.939164572493845,0.90951764264375,24.5612218002106,0.700952380952381,0.261055962862765,0.745523809523809,0.293039651341344,0.761523809523809,0.284384927693452,0.745523809523809,0.293039651341344,0.761523809523809,0.284384927693452
500,196,empirical,5,0.508327324233955,0.962205688741925,5,0.927500228056507,0.881606092126601,28.1632835905106,0.713904761904762,0.285949713350375,0.754666666666667,0.335350049477703,0.754285714285714,0.271649190167878,0.754666666666667,0.335350049477703,0.754285714285714,0.271649190167878
500,196,OAS,6,0.553095018933115,0.962469874511759,5,0.927407832373073,0.881087046988885,28.2262274627793,0.714666666666667,0.290516508615108,0.750857142857143,0.3003175950434,0.76,0.295186412275939,0.756571428571429,0.337837967441422,0.756190476190476,0.274180935001285
500,197,empirical,5,0.530914742825024,0.963390150769594,5,0.898884737675873,0.807061786352661,36.1901546381297,0.721904761904762,0.316358204711563,0.742857142857143,0.286988539574375,0.753523809523809,0.252573232743201,0.742857142857143,0.286988539574375,0.753523809523809,0.252573232743201
500,197,OAS,5,0.521298528683556,0.963549362061349,5,0.899626892703423,0.808805855987052,36.0205761367537,0.72152380952381,0.316296485108468,0.742857142857143,0.269375104185847,0.753904761904762,0.252083575481098,0.742857142857143,0.269375104185847,0.753904761904762,0.252083575481098
500,198,empirical,5,0.53161400727914,0.963535365464272,5,0.885613057707068,0.757366699658281,40.7674013122155,0.742857142857143,0.250025088100664,0.755428571428571,0.278895734568591,0.758095238095238,0.260113909187686,0.755428571428571,0.278895734568591,0.758095238095238,0.260113909187686
500,198,OAS,5,0.521262910277498,0.963955263376592,5,0.885763501431906,0.757283862698201,40.7746692038087,0.743619047619048,0.253188415362352,0.755428571428571,0.245781830167782,0.759619047619048,0.260858779884991,0.755428571428571,0.245781830167782,0.759619047619048,0.260858779884991
500,199,empirical,5,0.534413735482735,0.961623080388581,5,0.84577561258193,0.632694225110325,50.7508215176462,0.723047619047619,0.320888876032717,0.716952380952381,0.30860220194064,0.715428571428571,0.260146299815146,0.716952380952381,0.30860220194064,0.715428571428571,0.260146299815146
500,199,OAS,5,0.523811096138072,0.961701811247141,5,0.846002681346164,0.633650754057408,50.6800148988867,0.723428571428571,0.321941507611665,0.717333333333333,0.308700154727397,0.716571428571429,0.261159593749444,0.717333333333333,0.308700154727397,0.716571428571429,0.261159593749444
